timestamp_sec,timestamp_nanosec,trust_score,shoulder_pan_pos,shoulder_lift_pos,elbow_pos,wrist_1_pos,wrist_2_pos,wrist_3_pos,shoulder_pan_vel,shoulder_lift_vel,elbow_vel,wrist_1_vel,wrist_2_vel,wrist_3_vel,imu_ax_raw,imu_ay_raw,imu_az_raw,imu_ax_ema,imu_ay_ema,imu_az_ema,attack_active
1786495091,78408479,100.0,-1.7200225035296839,-1.7038410345660608,-1.1326540152179163,-4.617758814488546,-4.890339676533834,0.6930350065231323,0.0,-0.0,0.0,0.0,0.0,0.0,0.0,0.0,0.0,0.0,0.0,0.0,0
1786495091,98457336,100.0,-1.7199505011187952,-1.7038410345660608,-1.1327136198626917,-4.617722932492391,-4.890399638806478,0.693058967590332,0.0,-0.0,0.0,0.0,0.0,0.0,0.0,0.0,0.0,0.0,0.0,0.0,0
1786495091,118574619,100.0,-1.7200105826007288,-1.7037809530841272,-1.1326897780047815,-4.617758814488546,-4.890375677739279,0.693058967590332,0.0,-0.0,0.0,0.0,0.0,0.0,0.0,0.0,0.0,0.0,0.0,0.0,0
1786495091,138521432,100.0,-1.7200105826007288,-1.7038052717791956,-1.1326659361468714,-4.617710892354147,-4.890375677739279,0.6930469870567322,0.0,-0.0,0.0,0.0,0.0,0.0,0.0,0.0,0.0,0.0,0.0,0.0,0
1786495091,158415079,100.0,-1.71991473833193,-1.7038167158709925,-1.1327136198626917,-4.6177828947650355,-4.890375677739279,0.6930110454559326,0.0,-0.0,0.0,0.0,0.0,0.0,0.0,0.0,0.0,0.0,0.0,0.0,0
1786495091,178292512,100.0,-1.7200225035296839,-1.7038410345660608,-1.1327136198626917,-4.617746893559591,-4.890351716672079,0.6929870843887329,0.0,-0.0,0.0,0.0,0.0,0.0,0.0,0.0,0.0,0.0,0.0,0.0,0
1786495091,198777198,100.0,-1.7199862639056605,-1.7038167158709925,-1.1327136198626917,-4.6177948156939905,-4.890315715466635,0.6930469870567322,0.0,-0.0,0.0,0.0,0.0,0.0,0.0,0.0,0.0,0.0,0.0,0.0,0
1786495091,218274116,100.0,-1.7199981848346155,-1.7038291136371058,-1.1327374617206019,-4.6177348534213465,-4.890339676533834,0.6929990649223328,0.0,-0.0,0.0,0.0,0.0,0.0,0.0,0.0,0.0,0.0,0.0,0.0,0
1786495091,238384485,100.0,-1.7199743429767054,-1.7038052717791956,-1.1327374617206019,-4.617746893559591,-4.890327755604879,0.6930350065231323,0.0,-0.0,0.0,0.0,0.0,0.0,0.0,0.0,0.0,0.0,0.0,0.0,0
1786495091,258341312,100.0,-1.7199981848346155,-1.7037928740130823,-1.1327016989337366,-4.617758814488546,-4.890375677739279,0.6930350065231323,0.0,-0.0,0.0,0.0,0.0,0.0,0.0,0.0,0.0,0.0,0.0,0.0,0
1786495091,278427839,100.0,-1.7199505011187952,-1.7038167158709925,-1.1326659361468714,-4.617746893559591,-4.890339676533834,0.6930949091911316,0.0,-0.0,0.0,0.0,0.0,0.0,0.0,0.0,0.0,0.0,0.0,0.0,0
1786495091,298588991,100.0,-1.7199981848346155,-1.7038291136371058,-1.1326540152179163,-4.617758814488546,-4.890375677739279,0.6930949091911316,0.0,-0.0,0.0,0.0,0.0,0.0,0.0,0.0,0.0,0.0,0.0,0.0,0
1786495091,318398714,100.0,-1.7200225035296839,-1.7037928740130823,-1.1327016989337366,-4.617722932492391,-4.890327755604879,0.6930110454559326,0.0,-0.0,0.0,0.0,0.0,0.0,0.0,0.0,0.0,0.0,0.0,0.0,0
1786495091,338360071,100.0,-1.7199624220477503,-1.703852955495016,-1.1327374617206019,-4.617758814488546,-4.890387598668234,0.693058967590332,0.0,-0.0,0.0,0.0,0.0,0.0,0.0,0.0,0.0,0.0,0.0,0.0,0
1786495091,358634233,100.0,-1.7199862639056605,-1.7038167158709925,-1.132749382649557,-4.6177348534213465,-4.890351716672079,0.6930469870567322,0.0,-0.0,0.0,0.0,0.0,0.0,0.0,0.0,0.0,0.0,0.0,0.0,0
1786495091,378361940,100.0,-1.7199505011187952,-1.7038291136371058,-1.1327016989337366,-4.617770854626791,-4.890363637601034,0.6930230259895325,0.0,-0.0,0.0,0.0,0.0,0.0,0.0,0.0,0.0,0.0,0.0,0.0,0
1786495091,398612976,100.0,-1.7199981848346155,-1.7038167158709925,-1.1326897780047815,-4.617770854626791,-4.890363637601034,0.6930469870567322,0.0,-0.0,0.0,0.0,0.0,0.0,0.0,0.0,0.0,0.0,0.0,0.0,0
1786495091,418328523,100.0,-1.7199743429767054,-1.7038052717791956,-1.1327136198626917,-4.6177348534213465,-4.890363637601034,0.6930829286575317,0.0,-0.0,0.0,0.0,0.0,0.0,0.0,0.0,0.0,0.0,0.0,0.0,0
1786495091,438614606,100.0,-1.7199624220477503,-1.7038410345660608,-1.132761303578512,-4.617746893559591,-4.890375677739279,0.6930230259895325,0.0,-0.0,0.0,0.0,0.0,0.0,0.0,0.0,0.0,0.0,0.0,0.0,0
1786495091,458335638,100.0,-1.7199981848346155,-1.703852955495016,-1.1326897780047815,-4.617746893559591,-4.890375677739279,0.6930110454559326,0.0,-0.0,0.0,0.0,0.0,0.0,0.0,0.0,0.0,0.0,0.0,0.0,0
1786495091,478546142,100.0,-1.7199862639056605,-1.703757111226217,-1.1326773802386683,-4.617698971425192,-4.890375677739279,0.6929990649223328,0.0,-0.0,0.0,0.0,0.0,0.0,0.0,0.0,0.0,0.0,0.0,0.0,0
1786495091,498674869,100.0,-1.7200225035296839,-1.7038291136371058,-1.1327136198626917,-4.617722932492391,-4.890351716672079,0.6930230259895325,0.0,-0.0,0.0,0.0,0.0,0.0,0.0,0.0,0.0,0.0,0.0,0.0,0
1786495091,518537521,100.0,-1.7199624220477503,-1.7037809530841272,-1.1327016989337366,-4.617770854626791,-4.890375677739279,0.6930350065231323,0.0,-0.0,0.0,0.0,0.0,0.0,0.0,0.0,0.0,0.0,0.0,0.0,0
1786495091,538404464,100.0,-1.7199624220477503,-1.7037928740130823,-1.1326897780047815,-4.617710892354147,-4.890387598668234,0.6929870843887329,0.0,-0.0,0.0,0.0,0.0,0.0,0.0,0.0,0.0,0.0,0.0,0.0,0
1786495091,558439493,100.0,-1.7200225035296839,-1.7038167158709925,-1.1327136198626917,-4.6177348534213465,-4.890375677739279,0.6930110454559326,0.0,-0.0,0.0,0.0,0.0,0.0,0.0,0.0,0.0,0.0,0.0,0.0,0
1786495091,578436851,100.0,-1.7200225035296839,-1.7038052717791956,-1.1326897780047815,-4.617770854626791,-4.890387598668234,0.693058967590332,0.0,-0.0,0.0,0.0,0.0,0.0,0.0,0.0,0.0,0.0,0.0,0.0,0
1786495091,598615646,100.0,-1.7199981848346155,-1.703852955495016,-1.1327136198626917,-4.617746893559591,-4.890327755604879,0.6929990649223328,0.0,-0.0,0.0,0.0,0.0,0.0,0.0,0.0,0.0,0.0,0.0,0.0,0
1786495091,618376493,100.0,-1.7200105826007288,-1.7038167158709925,-1.1327255407916468,-4.6177348534213465,-4.890339676533834,0.6930350065231323,0.0,-0.0,0.0,0.0,0.0,0.0,0.0,0.0,0.0,0.0,0.0,0.0,0
1786495091,638387918,100.0,-1.7199981848346155,-1.7037928740130823,-1.1327374617206019,-4.6177828947650355,-4.890339676533834,0.6930110454559326,0.0,-0.0,0.0,0.0,0.0,0.0,0.0,0.0,0.0,0.0,0.0,0.0,0
1786495091,658421277,100.0,-1.7199862639056605,-1.703864876423971,-1.1327255407916468,-4.617722932492391,-4.890351716672079,0.6930829286575317,0.0,-0.0,0.0,0.0,0.0,0.0,0.0,0.0,0.0,0.0,0.0,0.0,0
1786495091,678460836,100.0,-1.7199743429767054,-1.7038167158709925,-1.1327016989337366,-4.617722932492391,-4.890387598668234,0.6930350065231323,0.0,-0.0,0.0,0.0,0.0,0.0,0.0,0.0,0.0,0.0,0.0,0.0,0
1786495091,698393583,100.0,-1.7199743429767054,-1.7038410345660608,-1.1327136198626917,-4.617758814488546,-4.890351716672079,0.693058967590332,0.0,-0.0,0.0,0.0,0.0,0.0,0.0,0.0,0.0,0.0,0.0,0.0,0
1786495091,718372344,100.0,-1.7199743429767054,-1.7037809530841272,-1.1326773802386683,-4.617746893559591,-4.890387598668234,0.693058967590332,0.0,-0.0,0.0,0.0,0.0,0.0,0.0,0.0,0.0,0.0,0.0,0.0,0
1786495091,738350391,100.0,-1.7200105826007288,-1.7037809530841272,-1.1326773802386683,-4.617770854626791,-4.890363637601034,0.6929751038551331,0.0,-0.0,0.0,0.0,0.0,0.0,0.0,0.0,0.0,0.0,0.0,0.0,0
1786495091,758440732,100.0,-1.7199981848346155,-1.7038052717791956,-1.1326773802386683,-4.617746893559591,-4.890363637601034,0.693058967590332,0.0,-0.0,0.0,0.0,0.0,0.0,0.0,0.0,0.0,0.0,0.0,0.0,0
1786495091,778309106,100.0,-1.7200105826007288,-1.7038410345660608,-1.1326897780047815,-4.617770854626791,-4.890375677739279,0.693058967590332,0.0,-0.0,0.0,0.0,0.0,0.0,0.0,0.0,0.0,0.0,0.0,0.0,0
1786495091,798724174,100.0,-1.7199862639056605,-1.7038167158709925,-1.1327255407916468,-4.617710892354147,-4.890315715466635,0.6930230259895325,0.0,-0.0,0.0,0.0,0.0,0.0,0.0,0.0,0.0,0.0,0.0,0.0,0
1786495091,818558931,100.0,-1.7199624220477503,-1.703864876423971,-1.132749382649557,-4.617770854626791,-4.890327755604879,0.693058967590332,0.0,-0.0,0.0,0.0,0.0,0.0,0.0,0.0,0.0,0.0,0.0,0.0,0
1786495091,838440895,100.0,-1.7199385801898401,-1.7038167158709925,-1.1326897780047815,-4.6177348534213465,-4.890375677739279,0.6929990649223328,0.0,-0.0,0.0,0.0,0.0,0.0,0.0,0.0,0.0,0.0,0.0,0.0,0
1786495091,858422517,100.0,-1.7199624220477503,-1.7038052717791956,-1.1326897780047815,-4.6177828947650355,-4.890339676533834,0.6930709481239319,0.0,-0.0,0.0,0.0,0.0,0.0,0.0,0.0,0.0,0.0,0.0,0.0,0
1786495091,878458976,100.0,-1.7199981848346155,-1.7037928740130823,-1.1327016989337366,-4.6177348534213465,-4.890327755604879,0.6929990649223328,0.0,-0.0,0.0,0.0,0.0,0.0,0.0,0.0,0.0,0.0,0.0,0.0,0
1786495091,898455858,100.0,-1.7199624220477503,-1.7038410345660608,-1.1327255407916468,-4.617710892354147,-4.890399638806478,0.693058967590332,0.0,-0.0,0.0,0.0,0.0,0.0,0.0,0.0,0.0,0.0,0.0,0.0,0
1786495091,918458223,100.0,-1.7199624220477503,-1.7037809530841272,-1.1327374617206019,-4.617746893559591,-4.890339676533834,0.6930829286575317,0.0,-0.0,0.0,0.0,0.0,0.0,0.0,0.0,0.0,0.0,0.0,0.0,0
1786495091,938326597,100.0,-1.7199505011187952,-1.7037928740130823,-1.1326897780047815,-4.617758814488546,-4.890375677739279,0.6930110454559326,0.0,-0.0,0.0,0.0,0.0,0.0,0.0,0.0,0.0,0.0,0.0,0.0,0
1786495091,958608150,100.0,-1.719926659260885,-1.7038410345660608,-1.132749382649557,-4.6177348534213465,-4.890375677739279,0.6930110454559326,0.0,-0.0,0.0,0.0,0.0,0.0,0.0,0.0,0.0,0.0,0.0,0.0,0
1786495091,978281497,100.0,-1.7199743429767054,-1.7037809530841272,-1.1327374617206019,-4.617722932492391,-4.890363637601034,0.693058967590332,0.0,-0.0,0.0,0.0,0.0,0.0,0.0,0.0,0.0,0.0,0.0,0.0,0
1786495091,998574733,100.0,-1.7199862639056605,-1.7037809530841272,-1.1327016989337366,-4.617746893559591,-4.890363637601034,0.6930469870567322,0.0,-0.0,0.0,0.0,0.0,0.0,0.0,0.0,0.0,0.0,0.0,0.0,0
1786495092,18335342,100.0,-1.7199862639056605,-1.7038167158709925,-1.1326659361468714,-4.617770854626791,-4.890327755604879,0.6930230259895325,0.0,-0.0,0.0,0.0,0.0,0.0,0.0,0.0,0.0,0.0,0.0,0.0,0
1786495092,38525104,100.0,-1.7199862639056605,-1.7038167158709925,-1.1327136198626917,-4.617746893559591,-4.890363637601034,0.6929990649223328,0.0,-0.0,0.0,0.0,0.0,0.0,0.0,0.0,0.0,0.0,0.0,0.0,0
1786495092,58449983,100.0,-1.720046345387594,-1.7038167158709925,-1.132761303578512,-4.6177348534213465,-4.890375677739279,0.6930469870567322,0.0,-0.0,0.0,0.0,0.0,0.0,0.0,0.0,0.0,0.0,0.0,0.0,0
1786495092,78605413,100.0,-1.7199743429767054,-1.7038410345660608,-1.1327374617206019,-4.617746893559591,-4.890375677739279,0.6930350065231323,0.0,-0.0,0.0,0.0,0.0,0.0,0.0,0.0,0.0,0.0,0.0,0.0,0
1786495092,98517417,100.0,-1.720046345387594,-1.703876797352926,-1.1327016989337366,-4.617746893559591,-4.890339676533834,0.6930110454559326,0.0,-0.0,0.0,0.0,0.0,0.0,0.0,0.0,0.0,0.0,0.0,0.0,0
1786495092,118424892,100.0,-1.7199743429767054,-1.7037928740130823,-1.132749382649557,-4.617722932492391,-4.890363637601034,0.6930469870567322,0.0,-0.0,0.0,0.0,0.0,0.0,0.0,0.0,0.0,0.0,0.0,0.0,0
1786495092,138406991,100.0,-1.7199862639056605,-1.7038410345660608,-1.1326659361468714,-4.617746893559591,-4.890363637601034,0.6930350065231323,0.0,-0.0,0.0,0.0,0.0,0.0,0.0,0.0,0.0,0.0,0.0,0.0,0
1786495092,158581972,100.0,-1.7200225035296839,-1.7038167158709925,-1.1327136198626917,-4.617746893559591,-4.890339676533834,0.693058967590332,0.0,-0.0,0.0,0.0,0.0,0.0,0.0,0.0,0.0,0.0,0.0,0.0,0
1786495092,178350448,100.0,-1.7199743429767054,-1.703852955495016,-1.1326540152179163,-4.617722932492391,-4.890387598668234,0.693058967590332,0.0,-0.0,0.0,0.0,0.0,0.0,0.0,0.0,0.0,0.0,0.0,0.0,0
1786495092,198451042,100.0,-1.7199862639056605,-1.7038410345660608,-1.132749382649557,-4.6177948156939905,-4.890363637601034,0.6930469870567322,0.0,-0.0,0.0,0.0,0.0,0.0,0.0,0.0,0.0,0.0,0.0,0.0,0
1786495092,218279600,100.0,-1.7199862639056605,-1.7038410345660608,-1.132761303578512,-4.617758814488546,-4.890327755604879,0.6930110454559326,0.0,-0.0,0.0,0.0,0.0,0.0,0.0,0.0,0.0,0.0,0.0,0.0,0
1786495092,238494634,100.0,-1.7199624220477503,-1.7038291136371058,-1.1327136198626917,-4.617758814488546,-4.890387598668234,0.6930110454559326,0.0,-0.0,0.0,0.0,0.0,0.0,0.0,0.0,0.0,0.0,0.0,0.0,0
1786495092,258324623,100.0,-1.720034424458639,-1.7038887182818812,-1.1327016989337366,-4.6177828947650355,-4.890363637601034,0.693058967590332,0.0,-0.0,0.0,0.0,0.0,0.0,0.0,0.0,0.0,0.0,0.0,0.0,0
1786495092,278512239,100.0,-1.7200105826007288,-1.7037928740130823,-1.1327136198626917,-4.617722932492391,-4.890363637601034,0.693058967590332,0.0,-0.0,0.0,0.0,0.0,0.0,0.0,0.0,0.0,0.0,0.0,0.0,0
1786495092,298625469,100.0,-1.7200225035296839,-1.7037928740130823,-1.1326897780047815,-4.6177348534213465,-4.890363637601034,0.6929870843887329,0.0,-0.0,0.0,0.0,0.0,0.0,0.0,0.0,0.0,0.0,0.0,0.0,0
1786495092,318424224,100.0,-1.7199743429767054,-1.7037690321551722,-1.1327016989337366,-4.617746893559591,-4.890315715466635,0.6930350065231323,0.0,-0.0,0.0,0.0,0.0,0.0,0.0,0.0,0.0,0.0,0.0,0.0,0
1786495092,338386058,100.0,-1.7199862639056605,-1.7038052717791956,-1.1327136198626917,-4.617722932492391,-4.890363637601034,0.6929990649223328,0.0,-0.0,0.0,0.0,0.0,0.0,0.0,0.0,0.0,0.0,0.0,0.0,0
1786495092,358360767,100.0,-1.7200105826007288,-1.7038410345660608,-1.1327016989337366,-4.617698971425192,-4.890375677739279,0.6930350065231323,0.0,-0.0,0.0,0.0,0.0,0.0,0.0,0.0,0.0,0.0,0.0,0.0,0
1786495092,378272533,100.0,-1.7199862639056605,-1.7037928740130823,-1.1326897780047815,-4.6177348534213465,-4.890351716672079,0.6930110454559326,0.0,-0.0,0.0,0.0,0.0,0.0,0.0,0.0,0.0,0.0,0.0,0.0,0
1786495092,398619890,100.0,-1.7199624220477503,-1.7038410345660608,-1.1327136198626917,-4.617746893559591,-4.890363637601034,0.6930350065231323,0.0,-0.0,0.0,0.0,0.0,0.0,0.0,0.0,0.0,0.0,0.0,0.0,0
1786495092,418330907,100.0,-1.7199624220477503,-1.7038167158709925,-1.1326540152179163,-4.617806855832235,-4.890339676533834,0.6929870843887329,0.0,-0.0,0.0,0.0,0.0,0.0,0.0,0.0,0.0,0.0,0.0,0.0,0
1786495092,438436508,100.0,-1.7200105826007288,-1.7038410345660608,-1.1326897780047815,-4.617710892354147,-4.890339676533834,0.6930110454559326,0.0,-0.0,0.0,0.0,0.0,0.0,0.0,0.0,0.0,0.0,0.0,0.0,0
1786495092,458435297,100.0,-1.7199743429767054,-1.7038291136371058,-1.1326897780047815,-4.6177828947650355,-4.890363637601034,0.6930110454559326,0.0,-0.0,0.0,0.0,0.0,0.0,0.0,0.0,0.0,0.0,0.0,0.0,0
1786495092,478578805,100.0,-1.7200582663165491,-1.7037809530841272,-1.1327136198626917,-4.617722932492391,-4.890363637601034,0.6930110454559326,0.0,-0.0,0.0,0.0,0.0,0.0,0.0,0.0,0.0,0.0,0.0,0.0,0
1786495092,498437881,100.0,-1.7199862639056605,-1.703852955495016,-1.1327016989337366,-4.617770854626791,-4.890339676533834,0.6930230259895325,0.0,-0.0,0.0,0.0,0.0,0.0,0.0,0.0,0.0,0.0,0.0,0.0,0
1786495092,518416643,100.0,-1.7199981848346155,-1.7038291136371058,-1.1326773802386683,-4.6177948156939905,-4.890363637601034,0.6930350065231323,0.0,-0.0,0.0,0.0,0.0,0.0,0.0,0.0,0.0,0.0,0.0,0.0,0
1786495092,538431644,100.0,-1.7199385801898401,-1.7037928740130823,-1.132749382649557,-4.617746893559591,-4.890351716672079,0.6929990649223328,0.0,-0.0,0.0,0.0,0.0,0.0,0.0,0.0,0.0,0.0,0.0,0.0,0
1786495092,558391332,100.0,-1.7199981848346155,-1.7038167158709925,-1.1327016989337366,-4.617770854626791,-4.890375677739279,0.6930230259895325,0.0,-0.0,0.0,0.0,0.0,0.0,0.0,0.0,0.0,0.0,0.0,0.0,0
1786495092,578307628,100.0,-1.7200105826007288,-1.7037928740130823,-1.1326773802386683,-4.617722932492391,-4.890375677739279,0.6930230259895325,0.0,-0.0,0.0,0.0,0.0,0.0,0.0,0.0,0.0,0.0,0.0,0.0,0
1786495092,598620653,100.0,-1.7199862639056605,-1.7038052717791956,-1.1326897780047815,-4.617770854626791,-4.890351716672079,0.6929990649223328,0.0,-0.0,0.0,0.0,0.0,0.0,0.0,0.0,0.0,0.0,0.0,0.0,0
1786495092,618279695,100.0,-1.7199743429767054,-1.7038167158709925,-1.1327255407916468,-4.617746893559591,-4.890387598668234,0.6929990649223328,0.0,-0.0,0.0,0.0,0.0,0.0,0.0,0.0,0.0,0.0,0.0,0.0,0
1786495092,638419389,100.0,-1.7200225035296839,-1.7038052717791956,-1.1327255407916468,-4.6177828947650355,-4.890375677739279,0.6930350065231323,0.0,-0.0,0.0,0.0,0.0,0.0,0.0,0.0,0.0,0.0,0.0,0.0,0
1786495092,658347606,100.0,-1.7199981848346155,-1.7037690321551722,-1.1327255407916468,-4.617770854626791,-4.890387598668234,0.6930230259895325,0.0,-0.0,0.0,0.0,0.0,0.0,0.0,0.0,0.0,0.0,0.0,0.0,0
1786495092,678505420,100.0,-1.7200225035296839,-1.7038052717791956,-1.1326897780047815,-4.617770854626791,-4.890387598668234,0.6930469870567322,0.0,-0.0,0.0,0.0,0.0,0.0,0.0,0.0,0.0,0.0,0.0,0.0,0
1786495092,698531866,100.0,-1.7200105826007288,-1.703876797352926,-1.1326897780047815,-4.617746893559591,-4.890351716672079,0.6930469870567322,0.0,-0.0,0.0,0.0,0.0,0.0,0.0,0.0,0.0,0.0,0.0,0.0,0
1786495092,718443870,100.0,-1.7199981848346155,-1.7038052717791956,-1.1327016989337366,-4.617746893559591,-4.890327755604879,0.6930110454559326,0.0,-0.0,0.0,0.0,0.0,0.0,0.0,0.0,0.0,0.0,0.0,0.0,0
1786495092,738596916,100.0,-1.7199981848346155,-1.7038291136371058,-1.1327374617206019,-4.617758814488546,-4.8903037945376795,0.6929631233215332,0.0,-0.0,0.0,0.0,0.0,0.0,0.0,0.0,0.0,0.0,0.0,0.0,0
1786495092,758426904,100.0,-1.7199743429767054,-1.7038052717791956,-1.1327016989337366,-4.617686931286947,-4.890327755604879,0.6930350065231323,0.0,-0.0,0.0,0.0,0.0,0.0,0.0,0.0,0.0,0.0,0.0,0.0,0
1786495092,778312921,100.0,-1.7199862639056605,-1.703852955495016,-1.1327255407916468,-4.617686931286947,-4.890315715466635,0.6930230259895325,0.0,-0.0,0.0,0.0,0.0,0.0,0.0,0.0,0.0,0.0,0.0,0.0,0
1786495092,798509836,100.0,-1.7199862639056605,-1.7037809530841272,-1.132761303578512,-4.617722932492391,-4.890327755604879,0.6930230259895325,0.0,-0.0,0.0,0.0,0.0,0.0,0.0,0.0,0.0,0.0,0.0,0.0,0
1786495092,818321704,100.0,-1.7199743429767054,-1.7038410345660608,-1.1326659361468714,-4.617758814488546,-4.890387598668234,0.6930230259895325,0.0,-0.0,0.0,0.0,0.0,0.0,0.0,0.0,0.0,0.0,0.0,0.0,0
1786495092,839128494,100.0,-1.7199624220477503,-1.7038167158709925,-1.1326659361468714,-4.617770854626791,-4.890315715466635,0.6930110454559326,0.0,-0.0,0.0,0.0,0.0,0.0,0.0,0.0,0.0,0.0,0.0,0.0,0
1786495092,858270406,100.0,-1.7199624220477503,-1.703852955495016,-1.1327136198626917,-4.6177828947650355,-4.890327755604879,0.693058967590332,0.0,-0.0,0.0,0.0,0.0,0.0,0.0,0.0,0.0,0.0,0.0,0.0,0
1786495092,878371953,100.0,-1.7200105826007288,-1.703745190297262,-1.1327136198626917,-4.6177348534213465,-4.890375677739279,0.6930469870567322,0.0,-0.0,0.0,0.0,0.0,0.0,0.0,0.0,0.0,0.0,0.0,0.0,0
1786495092,898571729,100.0,-1.7200225035296839,-1.7038167158709925,-1.1327136198626917,-4.617758814488546,-4.890351716672079,0.6929990649223328,0.0,-0.0,0.0,0.0,0.0,0.0,0.0,0.0,0.0,0.0,0.0,0.0,0
1786495092,918716430,100.0,-1.720046345387594,-1.7038291136371058,-1.1327374617206019,-4.617722932492391,-4.890339676533834,0.6930110454559326,0.0,-0.0,0.0,0.0,0.0,0.0,0.0,0.0,0.0,0.0,0.0,0.0,0
1786495092,938298463,100.0,-1.7199505011187952,-1.7038167158709925,-1.1327136198626917,-4.6177828947650355,-4.890327755604879,0.6930949091911316,0.0,-0.0,0.0,0.0,0.0,0.0,0.0,0.0,0.0,0.0,0.0,0.0,0
1786495092,958423614,100.0,-1.7199862639056605,-1.7038410345660608,-1.132749382649557,-4.617722932492391,-4.890412036572592,0.6930469870567322,0.0,-0.0,0.0,0.0,0.0,0.0,0.0,0.0,0.0,0.0,0.0,0.0,0
1786495092,978378772,100.0,-1.7200225035296839,-1.7038410345660608,-1.1326897780047815,-4.617758814488546,-4.890327755604879,0.6929990649223328,0.0,-0.0,0.0,0.0,0.0,0.0,0.0,0.0,0.0,0.0,0.0,0.0,0
1786495092,998596429,100.0,-1.7200225035296839,-1.7038410345660608,-1.1327016989337366,-4.6177948156939905,-4.890387598668234,0.6929990649223328,0.0,-0.0,0.0,0.0,0.0,0.0,0.0,0.0,0.0,0.0,0.0,0.0,0
1786495093,18348455,100.0,-1.7200105826007288,-1.7038167158709925,-1.1327255407916468,-4.617722932492391,-4.890351716672079,0.6930350065231323,0.0,-0.0,0.0,0.0,0.0,0.0,0.0,0.0,0.0,0.0,0.0,0.0,0
1786495093,38438320,100.0,-1.7199862639056605,-1.7038167158709925,-1.1326773802386683,-4.617770854626791,-4.890339676533834,0.6930350065231323,0.0,-0.0,0.0,0.0,0.0,0.0,0.0,0.0,0.0,0.0,0.0,0.0,0
1786495093,58444976,100.0,-1.7199862639056605,-1.7038291136371058,-1.1326773802386683,-4.617770854626791,-4.890339676533834,0.6930350065231323,0.0,-0.0,0.0,0.0,0.0,0.0,0.0,0.0,0.0,0.0,0.0,0.0,0
1786495093,78579664,100.0,-1.7200105826007288,-1.7037690321551722,-1.1327136198626917,-4.617758814488546,-4.890351716672079,0.6930469870567322,0.0,-0.0,0.0,0.0,0.0,0.0,0.0,0.0,0.0,0.0,0.0,0.0,0
1786495093,98380327,100.0,-1.7200225035296839,-1.7038291136371058,-1.1326897780047815,-4.6177948156939905,-4.890387598668234,0.6930350065231323,0.0,-0.0,0.0,0.0,0.0,0.0,0.0,0.0,0.0,0.0,0.0,0.0,0
1786495093,118633747,100.0,-1.7200105826007288,-1.7038052717791956,-1.132749382649557,-4.617770854626791,-4.890351716672079,0.6929751038551331,0.0,-0.0,0.0,0.0,0.0,0.0,0.0,0.0,0.0,0.0,0.0,0.0,0
1786495093,138362646,100.0,-1.7200105826007288,-1.7038410345660608,-1.1326773802386683,-4.617770854626791,-4.890351716672079,0.6930350065231323,0.0,-0.0,0.0,0.0,0.0,0.0,0.0,0.0,0.0,0.0,0.0,0.0,0
1786495093,158345222,100.0,-1.7199743429767054,-1.7037809530841272,-1.1326773802386683,-4.617770854626791,-4.890339676533834,0.6930230259895325,0.0,-0.0,0.0,0.0,0.0,0.0,0.0,0.0,0.0,0.0,0.0,0.0,0
1786495093,178890228,100.0,-1.7199385801898401,-1.7038052717791956,-1.1327016989337366,-4.6177348534213465,-4.890339676533834,0.6930350065231323,0.0,-0.0,0.0,0.0,0.0,0.0,0.0,0.0,0.0,0.0,0.0,0.0,0
1786495093,198659420,100.0,-1.7199743429767054,-1.7038410345660608,-1.1327374617206019,-4.617758814488546,-4.890387598668234,0.6929990649223328,0.0,-0.0,0.0,0.0,0.0,0.0,0.0,0.0,0.0,0.0,0.0,0.0,0
1786495093,218315362,100.0,-1.7199981848346155,-1.7038052717791956,-1.1327136198626917,-4.6177348534213465,-4.890375677739279,0.6930350065231323,0.0,-0.0,0.0,0.0,0.0,0.0,0.0,0.0,0.0,0.0,0.0,0.0,0
1786495093,238581657,100.0,-1.7200225035296839,-1.7038410345660608,-1.1327136198626917,-4.617770854626791,-4.890327755604879,0.6930350065231323,0.0,-0.0,0.0,0.0,0.0,0.0,0.0,0.0,0.0,0.0,0.0,0.0,0
1786495093,258309841,100.0,-1.7199743429767054,-1.7038052717791956,-1.1327016989337366,-4.617758814488546,-4.890375677739279,0.693058967590332,0.0,-0.0,0.0,0.0,0.0,0.0,0.0,0.0,0.0,0.0,0.0,0.0,0
1786495093,278640985,100.0,-1.7199981848346155,-1.7038052717791956,-1.1327016989337366,-4.6177348534213465,-4.890351716672079,0.6930469870567322,0.0,-0.0,0.0,0.0,0.0,0.0,0.0,0.0,0.0,0.0,0.0,0.0,0
1786495093,298424720,100.0,-1.720034424458639,-1.7038291136371058,-1.1327136198626917,-4.617758814488546,-4.890375677739279,0.6930469870567322,0.0,-0.0,0.0,0.0,0.0,0.0,0.0,0.0,0.0,0.0,0.0,0.0,0
1786495093,318459749,100.0,-1.7199624220477503,-1.7038052717791956,-1.1326897780047815,-4.6177348534213465,-4.890351716672079,0.693058967590332,0.0,-0.0,0.0,0.0,0.0,0.0,0.0,0.0,0.0,0.0,0.0,0.0,0
1786495093,338573217,100.0,-1.7199981848346155,-1.7037809530841272,-1.1326897780047815,-4.617758814488546,-4.890351716672079,0.693058967590332,0.0,-0.0,0.0,0.0,0.0,0.0,0.0,0.0,0.0,0.0,0.0,0.0,0
1786495093,358376741,100.0,-1.7199862639056605,-1.7038167158709925,-1.1327136198626917,-4.617746893559591,-4.890399638806478,0.6930469870567322,0.0,-0.0,0.0,0.0,0.0,0.0,0.0,0.0,0.0,0.0,0.0,0.0,0
1786495093,378366470,100.0,-1.7200105826007288,-1.703864876423971,-1.1326897780047815,-4.6177828947650355,-4.890363637601034,0.6930350065231323,0.0,-0.0,0.0,0.0,0.0,0.0,0.0,0.0,0.0,0.0,0.0,0.0,0
1786495093,398595571,100.0,-1.7199505011187952,-1.703852955495016,-1.1327136198626917,-4.617758814488546,-4.890387598668234,0.6930110454559326,0.0,-0.0,0.0,0.0,0.0,0.0,0.0,0.0,0.0,0.0,0.0,0.0,0
1786495093,418392658,100.0,-1.7199981848346155,-1.7038291136371058,-1.1327136198626917,-4.617758814488546,-4.890399638806478,0.6930709481239319,0.0,-0.0,0.0,0.0,0.0,0.0,0.0,0.0,0.0,0.0,0.0,0.0,0
1786495093,438570976,100.0,-1.7199981848346155,-1.703864876423971,-1.1327016989337366,-4.617806855832235,-4.890339676533834,0.6930469870567322,0.0,-0.0,0.0,0.0,0.0,0.0,0.0,0.0,0.0,0.0,0.0,0.0,0
1786495093,458914995,100.0,-1.7200225035296839,-1.7038410345660608,-1.1326773802386683,-4.617722932492391,-4.890351716672079,0.6930350065231323,0.0,-0.0,0.0,0.0,0.0,0.0,0.0,0.0,0.0,0.0,0.0,0.0,0
1786495093,478345155,100.0,-1.7199981848346155,-1.7037809530841272,-1.1326773802386683,-4.6177828947650355,-4.890387598668234,0.6930469870567322,0.0,-0.0,0.0,0.0,0.0,0.0,0.0,0.0,0.0,0.0,0.0,0.0,0
1786495093,498541831,100.0,-1.7199624220477503,-1.7038167158709925,-1.1327016989337366,-4.6177348534213465,-4.890339676533834,0.6930709481239319,0.0,-0.0,0.0,0.0,0.0,0.0,0.0,0.0,0.0,0.0,0.0,0.0,0
1786495093,518323421,100.0,-1.7200225035296839,-1.7037690321551722,-1.1327016989337366,-4.617770854626791,-4.890351716672079,0.693058967590332,0.0,-0.0,0.0,0.0,0.0,0.0,0.0,0.0,0.0,0.0,0.0,0.0,0
1786495093,538569927,100.0,-1.7199505011187952,-1.7038291136371058,-1.1327255407916468,-4.617770854626791,-4.890351716672079,0.6929870843887329,0.0,-0.0,0.0,0.0,0.0,0.0,0.0,0.0,0.0,0.0,0.0,0.0,0
1786495093,558412313,100.0,-1.720034424458639,-1.7038167158709925,-1.1326773802386683,-4.6177348534213465,-4.890339676533834,0.6929990649223328,0.0,-0.0,0.0,0.0,0.0,0.0,0.0,0.0,0.0,0.0,0.0,0.0,0
1786495093,578635454,100.0,-1.7199743429767054,-1.7037928740130823,-1.1327016989337366,-4.617722932492391,-4.890351716672079,0.6930350065231323,0.0,-0.0,0.0,0.0,0.0,0.0,0.0,0.0,0.0,0.0,0.0,0.0,0
1786495093,598551750,100.0,-1.7199385801898401,-1.7038291136371058,-1.132749382649557,-4.617722932492391,-4.890327755604879,0.6930230259895325,0.0,-0.0,0.0,0.0,0.0,0.0,0.0,0.0,0.0,0.0,0.0,0.0,0
1786495093,618335485,100.0,-1.7200105826007288,-1.7038167158709925,-1.1327374617206019,-4.617758814488546,-4.890387598668234,0.6930469870567322,0.0,-0.0,0.0,0.0,0.0,0.0,0.0,0.0,0.0,0.0,0.0,0.0,0
1786495093,638566255,100.0,-1.7199981848346155,-1.7038410345660608,-1.132749382649557,-4.617806855832235,-4.890375677739279,0.693058967590332,0.0,-0.0,0.0,0.0,0.0,0.0,0.0,0.0,0.0,0.0,0.0,0.0,0
1786495093,658337831,100.0,-1.7199385801898401,-1.7038291136371058,-1.132761303578512,-4.617722932492391,-4.890375677739279,0.6929990649223328,0.0,-0.0,0.0,0.0,0.0,0.0,0.0,0.0,0.0,0.0,0.0,0.0,0
1786495093,678534746,100.0,-1.7199743429767054,-1.7038887182818812,-1.1326773802386683,-4.617770854626791,-4.890375677739279,0.693058967590332,0.0,-0.0,0.0,0.0,0.0,0.0,0.0,0.0,0.0,0.0,0.0,0.0,0
1786495093,698350667,100.0,-1.7200105826007288,-1.703745190297262,-1.1327136198626917,-4.617770854626791,-4.890375677739279,0.6930350065231323,0.0,-0.0,0.0,0.0,0.0,0.0,0.0,0.0,0.0,0.0,0.0,0.0,0
1786495093,718418836,100.0,-1.7199385801898401,-1.7038291136371058,-1.1327136198626917,-4.617770854626791,-4.890375677739279,0.693058967590332,0.0,-0.0,0.0,0.0,0.0,0.0,0.0,0.0,0.0,0.0,0.0,0.0,0
1786495093,738316774,100.0,-1.7200225035296839,-1.7038291136371058,-1.1327136198626917,-4.6177948156939905,-4.890363637601034,0.6930469870567322,0.0,-0.0,0.0,0.0,0.0,0.0,0.0,0.0,0.0,0.0,0.0,0.0,0
1786495093,758392572,100.0,-1.7200105826007288,-1.7038167158709925,-1.1326897780047815,-4.617770854626791,-4.890339676533834,0.6930230259895325,0.0,-0.0,0.0,0.0,0.0,0.0,0.0,0.0,0.0,0.0,0.0,0.0,0
1786495093,778346776,100.0,-1.7200225035296839,-1.7038410345660608,-1.1327374617206019,-4.617758814488546,-4.890387598668234,0.6930350065231323,0.0,-0.0,0.0,0.0,0.0,0.0,0.0,0.0,0.0,0.0,0.0,0.0,0
1786495093,798597335,100.0,-1.7199862639056605,-1.7037928740130823,-1.1327016989337366,-4.6177828947650355,-4.890315715466635,0.6930709481239319,0.0,-0.0,0.0,0.0,0.0,0.0,0.0,0.0,0.0,0.0,0.0,0.0,0
1786495093,818332910,100.0,-1.7199624220477503,-1.7038291136371058,-1.1327255407916468,-4.617758814488546,-4.890375677739279,0.6930469870567322,0.0,-0.0,0.0,0.0,0.0,0.0,0.0,0.0,0.0,0.0,0.0,0.0,0
1786495093,838510036,100.0,-1.7199862639056605,-1.7037928740130823,-1.1327016989337366,-4.617758814488546,-4.890327755604879,0.6929990649223328,0.0,-0.0,0.0,0.0,0.0,0.0,0.0,0.0,0.0,0.0,0.0,0.0,0
1786495093,858310699,100.0,-1.7200105826007288,-1.7037928740130823,-1.1326897780047815,-4.617746893559591,-4.890327755604879,0.6930110454559326,0.0,-0.0,0.0,0.0,0.0,0.0,0.0,0.0,0.0,0.0,0.0,0.0,0
1786495093,878384828,100.0,-1.7199862639056605,-1.7038167158709925,-1.1327136198626917,-4.617710892354147,-4.890363637601034,0.6930230259895325,0.0,-0.0,0.0,0.0,0.0,0.0,0.0,0.0,0.0,0.0,0.0,0.0,0
1786495093,898635625,100.0,-1.720046345387594,-1.703864876423971,-1.1326897780047815,-4.617758814488546,-4.890387598668234,0.6930829286575317,0.0,-0.0,0.0,0.0,0.0,0.0,0.0,0.0,0.0,0.0,0.0,0.0,0
1786495093,918380260,100.0,-1.7200105826007288,-1.7037809530841272,-1.1326659361468714,-4.617758814488546,-4.890339676533834,0.6930469870567322,0.0,-0.0,0.0,0.0,0.0,0.0,0.0,0.0,0.0,0.0,0.0,0.0,0
1786495093,938284873,100.0,-1.7199981848346155,-1.703852955495016,-1.1327136198626917,-4.617770854626791,-4.890399638806478,0.6930469870567322,0.0,-0.0,0.0,0.0,0.0,0.0,0.0,0.0,0.0,0.0,0.0,0.0,0
1786495093,958332777,100.0,-1.7199862639056605,-1.7038410345660608,-1.1327255407916468,-4.6177828947650355,-4.890351716672079,0.6930469870567322,0.0,-0.0,0.0,0.0,0.0,0.0,0.0,0.0,0.0,0.0,0.0,0.0,0
1786495093,978375673,100.0,-1.7199981848346155,-1.7037809530841272,-1.1326897780047815,-4.6177348534213465,-4.890351716672079,0.6930230259895325,0.0,-0.0,0.0,0.0,0.0,0.0,0.0,0.0,0.0,0.0,0.0,0.0,0
1786495093,998631715,100.0,-1.7200105826007288,-1.7038167158709925,-1.1326773802386683,-4.6177348534213465,-4.890351716672079,0.6930469870567322,0.0,-0.0,0.0,0.0,0.0,0.0,0.0,0.0,0.0,0.0,0.0,0.0,0
1786495094,18380641,100.0,-1.719926659260885,-1.7037928740130823,-1.1326659361468714,-4.6177348534213465,-4.890363637601034,0.693058967590332,0.0,-0.0,0.0,0.0,0.0,0.0,0.0,0.0,0.0,0.0,0.0,0.0,0
1786495094,38421869,100.0,-1.7200105826007288,-1.7038167158709925,-1.1327016989337366,-4.6177948156939905,-4.890363637601034,0.6930350065231323,0.0,-0.0,0.0,0.0,0.0,0.0,0.0,0.0,0.0,0.0,0.0,0.0,0
1786495094,58449268,100.0,-1.7199862639056605,-1.7038167158709925,-1.1327255407916468,-4.617770854626791,-4.890339676533834,0.6930469870567322,0.0,-0.0,0.0,0.0,0.0,0.0,0.0,0.0,0.0,0.0,0.0,0.0,0
1786495094,78434467,100.0,-1.7200225035296839,-1.7037809530841272,-1.1327255407916468,-4.617758814488546,-4.890387598668234,0.6930709481239319,0.0,-0.0,0.0,0.0,0.0,0.0,0.0,0.0,0.0,0.0,0.0,0.0,0
1786495094,98555326,100.0,-1.7199624220477503,-1.7038167158709925,-1.1327136198626917,-4.6177828947650355,-4.890339676533834,0.6930469870567322,0.0,-0.0,0.0,0.0,0.0,0.0,0.0,0.0,0.0,0.0,0.0,0.0,0
1786495094,118398427,100.0,-1.7199862639056605,-1.7038410345660608,-1.1327016989337366,-4.6177948156939905,-4.890351716672079,0.6930110454559326,0.0,-0.0,0.0,0.0,0.0,0.0,0.0,0.0,0.0,0.0,0.0,0.0,0
1786495094,138303518,100.0,-1.7200225035296839,-1.7037809530841272,-1.1327136198626917,-4.617746893559591,-4.890363637601034,0.6930350065231323,0.0,-0.0,0.0,0.0,0.0,0.0,0.0,0.0,0.0,0.0,0.0,0.0,0
1786495094,158581495,100.0,-1.7199862639056605,-1.703852955495016,-1.1327136198626917,-4.617758814488546,-4.890375677739279,0.6929990649223328,0.0,-0.0,0.0,0.0,0.0,0.0,0.0,0.0,0.0,0.0,0.0,0.0,0
1786495094,178352117,100.0,-1.7199862639056605,-1.7038167158709925,-1.1326897780047815,-4.617758814488546,-4.890339676533834,0.6930350065231323,0.0,-0.0,0.0,0.0,0.0,0.0,0.0,0.0,0.0,0.0,0.0,0.0,0
1786495094,198555231,100.0,-1.7199505011187952,-1.7038167158709925,-1.1326659361468714,-4.617746893559591,-4.890375677739279,0.6930230259895325,0.0,-0.0,0.0,0.0,0.0,0.0,0.0,0.0,0.0,0.0,0.0,0.0,0
1786495094,218384027,100.0,-1.7199862639056605,-1.7038052717791956,-1.1326773802386683,-4.617722932492391,-4.890412036572592,0.693058967590332,0.0,-0.0,0.0,0.0,0.0,0.0,0.0,0.0,0.0,0.0,0.0,0.0,0
1786495094,238406419,100.0,-1.7199981848346155,-1.7038052717791956,-1.1326897780047815,-4.617758814488546,-4.890327755604879,0.6930350065231323,0.0,-0.0,0.0,0.0,0.0,0.0,0.0,0.0,0.0,0.0,0.0,0.0,0
1786495094,258315086,100.0,-1.7199862639056605,-1.7037928740130823,-1.1327255407916468,-4.617758814488546,-4.890339676533834,0.6930110454559326,0.0,-0.0,0.0,0.0,0.0,0.0,0.0,0.0,0.0,0.0,0.0,0.0,0
1786495094,278416872,100.0,-1.7199505011187952,-1.7038167158709925,-1.1327016989337366,-4.6177348534213465,-4.890399638806478,0.6930230259895325,0.0,-0.0,0.0,0.0,0.0,0.0,0.0,0.0,0.0,0.0,0.0,0.0,0
1786495094,298601388,100.0,-1.7199624220477503,-1.703852955495016,-1.1326897780047815,-4.617770854626791,-4.890363637601034,0.693058967590332,0.0,-0.0,0.0,0.0,0.0,0.0,0.0,0.0,0.0,0.0,0.0,0.0,0
1786495094,318367719,100.0,-1.7199862639056605,-1.7038052717791956,-1.1326773802386683,-4.617698971425192,-4.890351716672079,0.6930469870567322,0.0,-0.0,0.0,0.0,0.0,0.0,0.0,0.0,0.0,0.0,0.0,0.0,0
1786495094,338374376,100.0,-1.7199862639056605,-1.7038052717791956,-1.1327016989337366,-4.6177348534213465,-4.890363637601034,0.6930709481239319,0.0,-0.0,0.0,0.0,0.0,0.0,0.0,0.0,0.0,0.0,0.0,0.0,0
1786495094,358381509,100.0,-1.7200225035296839,-1.7038167158709925,-1.1327016989337366,-4.61781877676119,-4.890351716672079,0.6930230259895325,0.0,-0.0,0.0,0.0,0.0,0.0,0.0,0.0,0.0,0.0,0.0,0.0,0
1786495094,378318786,100.0,-1.7200105826007288,-1.7037928740130823,-1.1326897780047815,-4.617710892354147,-4.890387598668234,0.6930350065231323,0.0,-0.0,0.0,0.0,0.0,0.0,0.0,0.0,0.0,0.0,0.0,0.0,0
1786495094,398640394,100.0,-1.7199743429767054,-1.703852955495016,-1.1327374617206019,-4.617758814488546,-4.890375677739279,0.6930469870567322,0.0,-0.0,0.0,0.0,0.0,0.0,0.0,0.0,0.0,0.0,0.0,0.0,0
1786495094,418392181,100.0,-1.7200225035296839,-1.7037809530841272,-1.1327136198626917,-4.6177348534213465,-4.890327755604879,0.6930350065231323,0.0,-0.0,0.0,0.0,0.0,0.0,0.0,0.0,0.0,0.0,0.0,0.0,0
1786495094,438412904,100.0,-1.720034424458639,-1.7037928740130823,-1.1327374617206019,-4.617746893559591,-4.890363637601034,0.6930469870567322,0.0,-0.0,0.0,0.0,0.0,0.0,0.0,0.0,0.0,0.0,0.0,0.0,0
1786495094,458396434,100.0,-1.7199624220477503,-1.7038410345660608,-1.1326897780047815,-4.617722932492391,-4.890399638806478,0.693058967590332,0.0,-0.0,0.0,0.0,0.0,0.0,0.0,0.0,0.0,0.0,0.0,0.0,0
1786495094,478533029,100.0,-1.7199743429767054,-1.7037928740130823,-1.1327016989337366,-4.617758814488546,-4.890351716672079,0.6930350065231323,0.0,-0.0,0.0,0.0,0.0,0.0,0.0,0.0,0.0,0.0,0.0,0.0,0
1786495094,498417139,100.0,-1.7200105826007288,-1.7037690321551722,-1.1326773802386683,-4.617746893559591,-4.890351716672079,0.6929870843887329,0.0,-0.0,0.0,0.0,0.0,0.0,0.0,0.0,0.0,0.0,0.0,0.0,0
1786495094,518331766,100.0,-1.7199743429767054,-1.7037690321551722,-1.1327016989337366,-4.617758814488546,-4.890399638806478,0.6930350065231323,0.0,-0.0,0.0,0.0,0.0,0.0,0.0,0.0,0.0,0.0,0.0,0.0,0
1786495094,538715839,100.0,-1.7199981848346155,-1.7038410345660608,-1.1327016989337366,-4.6177948156939905,-4.890387598668234,0.6930110454559326,0.0,-0.0,0.0,0.0,0.0,0.0,0.0,0.0,0.0,0.0,0.0,0.0,0
1786495094,558509111,100.0,-1.7199981848346155,-1.7038167158709925,-1.1326659361468714,-4.617710892354147,-4.890327755604879,0.6929990649223328,0.0,-0.0,0.0,0.0,0.0,0.0,0.0,0.0,0.0,0.0,0.0,0.0,0
1786495094,578325748,100.0,-1.7200225035296839,-1.703852955495016,-1.1327016989337366,-4.6177348534213465,-4.890351716672079,0.6930350065231323,0.0,-0.0,0.0,0.0,0.0,0.0,0.0,0.0,0.0,0.0,0.0,0.0,0
1786495094,598607778,100.0,-1.7200105826007288,-1.7038052717791956,-1.1326659361468714,-4.6177348534213465,-4.890351716672079,0.6930469870567322,0.0,-0.0,0.0,0.0,0.0,0.0,0.0,0.0,0.0,0.0,0.0,0.0,0
1786495094,618357419,100.0,-1.7199981848346155,-1.7038410345660608,-1.1327136198626917,-4.617746893559591,-4.890351716672079,0.6930829286575317,0.0,-0.0,0.0,0.0,0.0,0.0,0.0,0.0,0.0,0.0,0.0,0.0,0
1786495094,638424873,100.0,-1.7200105826007288,-1.7038167158709925,-1.1327255407916468,-4.617746893559591,-4.890399638806478,0.6930350065231323,0.0,-0.0,0.0,0.0,0.0,0.0,0.0,0.0,0.0,0.0,0.0,0.0,0
1786495094,658417224,100.0,-1.7199624220477503,-1.7038167158709925,-1.1327374617206019,-4.617746893559591,-4.890363637601034,0.6930469870567322,0.0,-0.0,0.0,0.0,0.0,0.0,0.0,0.0,0.0,0.0,0.0,0.0,0
1786495094,678537845,100.0,-1.7199385801898401,-1.7037809530841272,-1.1327255407916468,-4.617746893559591,-4.890351716672079,0.6930469870567322,0.0,-0.0,0.0,0.0,0.0,0.0,0.0,0.0,0.0,0.0,0.0,0.0,0
1786495094,698545455,100.0,-1.7199743429767054,-1.7037809530841272,-1.1327016989337366,-4.617746893559591,-4.890375677739279,0.6930110454559326,0.0,-0.0,0.0,0.0,0.0,0.0,0.0,0.0,0.0,0.0,0.0,0.0,0
1786495094,718360424,100.0,-1.7199862639056605,-1.7037809530841272,-1.1327255407916468,-4.617722932492391,-4.890387598668234,0.693058967590332,0.0,-0.0,0.0,0.0,0.0,0.0,0.0,0.0,0.0,0.0,0.0,0.0,0
1786495094,738334894,100.0,-1.7200105826007288,-1.7037928740130823,-1.1326773802386683,-4.617710892354147,-4.890387598668234,0.6930230259895325,0.0,-0.0,0.0,0.0,0.0,0.0,0.0,0.0,0.0,0.0,0.0,0.0,0
1786495094,758413314,100.0,-1.7200582663165491,-1.7038291136371058,-1.1327255407916468,-4.617722932492391,-4.890399638806478,0.6930350065231323,0.0,-0.0,0.0,0.0,0.0,0.0,0.0,0.0,0.0,0.0,0.0,0.0,0
1786495094,778306007,100.0,-1.7199743429767054,-1.7037809530841272,-1.1327016989337366,-4.617758814488546,-4.890351716672079,0.6930469870567322,0.0,-0.0,0.0,0.0,0.0,0.0,0.0,0.0,0.0,0.0,0.0,0.0,0
1786495094,798658847,100.0,-1.720046345387594,-1.7038291136371058,-1.1326897780047815,-4.617770854626791,-4.890351716672079,0.6929990649223328,0.0,-0.0,0.0,0.0,0.0,0.0,0.0,0.0,0.0,0.0,0.0,0.0,0
1786495094,818436622,100.0,-1.7200105826007288,-1.7037809530841272,-1.1327255407916468,-4.617698971425192,-4.890363637601034,0.693058967590332,0.0,-0.0,0.0,0.0,0.0,0.0,0.0,0.0,0.0,0.0,0.0,0.0,0
1786495094,838575363,100.0,-1.7200225035296839,-1.703876797352926,-1.1326897780047815,-4.617758814488546,-4.890399638806478,0.6930469870567322,0.0,-0.0,0.0,0.0,0.0,0.0,0.0,0.0,0.0,0.0,0.0,0.0,0
1786495094,858382940,100.0,-1.7199743429767054,-1.7038167158709925,-1.1327016989337366,-4.617758814488546,-4.890351716672079,0.6930350065231323,0.0,-0.0,0.0,0.0,0.0,0.0,0.0,0.0,0.0,0.0,0.0,0.0,0
1786495094,878449440,100.0,-1.7200105826007288,-1.7038291136371058,-1.1326773802386683,-4.6177348534213465,-4.890327755604879,0.6930469870567322,0.0,-0.0,0.0,0.0,0.0,0.0,0.0,0.0,0.0,0.0,0.0,0.0,0
1786495094,898425817,100.0,-1.7200225035296839,-1.7038052717791956,-1.1327255407916468,-4.617710892354147,-4.890351716672079,0.6930110454559326,0.0,-0.0,0.0,0.0,0.0,0.0,0.0,0.0,0.0,0.0,0.0,0.0,0
1786495094,918608665,100.0,-1.7199743429767054,-1.703852955495016,-1.132749382649557,-4.6177348534213465,-4.890327755604879,0.6929990649223328,0.0,-0.0,0.0,0.0,0.0,0.0,0.0,0.0,0.0,0.0,0.0,0.0,0
1786495094,938310384,100.0,-1.7200105826007288,-1.703757111226217,-1.1327255407916468,-4.617722932492391,-4.890327755604879,0.693058967590332,0.0,-0.0,0.0,0.0,0.0,0.0,0.0,0.0,0.0,0.0,0.0,0.0,0
1786495094,958443880,100.0,-1.7199624220477503,-1.7038167158709925,-1.1327374617206019,-4.617770854626791,-4.890387598668234,0.693058967590332,0.0,-0.0,0.0,0.0,0.0,0.0,0.0,0.0,0.0,0.0,0.0,0.0,0
1786495094,978350400,100.0,-1.7200105826007288,-1.7037928740130823,-1.1326897780047815,-4.6177828947650355,-4.890339676533834,0.693058967590332,0.0,-0.0,0.0,0.0,0.0,0.0,0.0,0.0,0.0,0.0,0.0,0.0,0
1786495094,998578786,100.0,-1.7199624220477503,-1.7038052717791956,-1.1326773802386683,-4.617758814488546,-4.890351716672079,0.6929990649223328,0.0,-0.0,0.0,0.0,0.0,0.0,0.0,0.0,0.0,0.0,0.0,0.0,0
1786495095,18449544,100.0,-1.7200225035296839,-1.7038052717791956,-1.1326897780047815,-4.617746893559591,-4.890351716672079,0.6930469870567322,0.0,-0.0,0.0,0.0,0.0,0.0,0.0,0.0,0.0,0.0,0.0,0.0,0
1786495095,38448572,100.0,-1.7200105826007288,-1.7037928740130823,-1.1326897780047815,-4.617746893559591,-4.890351716672079,0.6930469870567322,0.0,-0.0,0.0,0.0,0.0,0.0,0.0,0.0,0.0,0.0,0.0,0.0,0
1786495095,58419704,100.0,-1.7199505011187952,-1.7038052717791956,-1.1327255407916468,-4.617710892354147,-4.890327755604879,0.6930709481239319,0.0,-0.0,0.0,0.0,0.0,0.0,0.0,0.0,0.0,0.0,0.0,0.0,0
1786495095,78398466,100.0,-1.7199981848346155,-1.7038052717791956,-1.1326897780047815,-4.6177948156939905,-4.890387598668234,0.6929990649223328,0.0,-0.0,0.0,0.0,0.0,0.0,0.0,0.0,0.0,0.0,0.0,0.0,0
1786495095,98447084,100.0,-1.720046345387594,-1.7038052717791956,-1.132749382649557,-4.617770854626791,-4.890351716672079,0.6930230259895325,0.0,-0.0,0.0,0.0,0.0,0.0,0.0,0.0,0.0,0.0,0.0,0.0,0
1786495095,118615388,100.0,-1.7199743429767054,-1.7038410345660608,-1.1327255407916468,-4.617710892354147,-4.890363637601034,0.6930110454559326,0.0,-0.0,0.0,0.0,0.0,0.0,0.0,0.0,0.0,0.0,0.0,0.0,0
1786495095,138375997,100.0,-1.7200105826007288,-1.7038291136371058,-1.1326659361468714,-4.617722932492391,-4.890375677739279,0.6929990649223328,0.0,-0.0,0.0,0.0,0.0,0.0,0.0,0.0,0.0,0.0,0.0,0.0,0
1786495095,158429622,100.0,-1.7199743429767054,-1.7038167158709925,-1.1327255407916468,-4.617758814488546,-4.890399638806478,0.6930110454559326,0.0,-0.0,0.0,0.0,0.0,0.0,0.0,0.0,0.0,0.0,0.0,0.0,0
1786495095,178353309,100.0,-1.7199862639056605,-1.7037809530841272,-1.1327136198626917,-4.6177348534213465,-4.890375677739279,0.693058967590332,0.0,-0.0,0.0,0.0,0.0,0.0,0.0,0.0,0.0,0.0,0.0,0.0,0
1786495095,198532581,100.0,-1.7199385801898401,-1.7038052717791956,-1.1327016989337366,-4.617746893559591,-4.890363637601034,0.693058967590332,0.0,-0.0,0.0,0.0,0.0,0.0,0.0,0.0,0.0,0.0,0.0,0.0,0
1786495095,218263626,100.0,-1.7200225035296839,-1.7037690321551722,-1.1327016989337366,-4.617770854626791,-4.890351716672079,0.6930709481239319,0.0,-0.0,0.0,0.0,0.0,0.0,0.0,0.0,0.0,0.0,0.0,0.0,0
1786495095,238433599,100.0,-1.7199624220477503,-1.7037690321551722,-1.1327136198626917,-4.6177348534213465,-4.890375677739279,0.6930469870567322,0.0,-0.0,0.0,0.0,0.0,0.0,0.0,0.0,0.0,0.0,0.0,0.0,0
1786495095,258407831,100.0,-1.7199862639056605,-1.7038410345660608,-1.1327136198626917,-4.617770854626791,-4.890351716672079,0.6930469870567322,0.0,-0.0,0.0,0.0,0.0,0.0,0.0,0.0,0.0,0.0,0.0,0.0,0
1786495095,278825759,100.0,-1.7200105826007288,-1.7038167158709925,-1.1327016989337366,-4.617758814488546,-4.890327755604879,0.6930110454559326,0.0,-0.0,0.0,0.0,0.0,0.0,0.0,0.0,0.0,0.0,0.0,0.0,0
1786495095,298436880,100.0,-1.7200105826007288,-1.7038167158709925,-1.1326773802386683,-4.617770854626791,-4.890375677739279,0.6930230259895325,0.0,-0.0,0.0,0.0,0.0,0.0,0.0,0.0,0.0,0.0,0.0,0.0,0
1786495095,318638324,100.0,-1.7199743429767054,-1.7037809530841272,-1.1327136198626917,-4.617722932492391,-4.8903037945376795,0.6930709481239319,0.0,-0.0,0.0,0.0,0.0,0.0,0.0,0.0,0.0,0.0,0.0,0.0,0
1786495095,338374614,100.0,-1.7199862639056605,-1.7038167158709925,-1.1327016989337366,-4.617722932492391,-4.890351716672079,0.6929870843887329,0.0,-0.0,0.0,0.0,0.0,0.0,0.0,0.0,0.0,0.0,0.0,0.0,0
1786495095,358431339,100.0,-1.7199981848346155,-1.7037690321551722,-1.1327016989337366,-4.617746893559591,-4.890327755604879,0.6930469870567322,0.0,-0.0,0.0,0.0,0.0,0.0,0.0,0.0,0.0,0.0,0.0,0.0,0
1786495095,378356695,100.0,-1.7200105826007288,-1.7038167158709925,-1.132749382649557,-4.617722932492391,-4.890399638806478,0.6930709481239319,0.0,-0.0,0.0,0.0,0.0,0.0,0.0,0.0,0.0,0.0,0.0,0.0,0
1786495095,398606061,100.0,-1.7200105826007288,-1.7038291136371058,-1.1327374617206019,-4.617770854626791,-4.890375677739279,0.693058967590332,0.0,-0.0,0.0,0.0,0.0,0.0,0.0,0.0,0.0,0.0,0.0,0.0,0
1786495095,418364524,100.0,-1.7200105826007288,-1.7038052717791956,-1.1326659361468714,-4.617746893559591,-4.890363637601034,0.6930230259895325,0.0,-0.0,0.0,0.0,0.0,0.0,0.0,0.0,0.0,0.0,0.0,0.0,0
1786495095,438523292,100.0,-1.7200105826007288,-1.703852955495016,-1.1327374617206019,-4.617770854626791,-4.890327755604879,0.6929990649223328,0.0,-0.0,0.0,0.0,0.0,0.0,0.0,0.0,0.0,0.0,0.0,0.0,0
1786495095,458347558,100.0,-1.7199505011187952,-1.7037809530841272,-1.1326540152179163,-4.617722932492391,-4.890387598668234,0.6930709481239319,0.0,-0.0,0.0,0.0,0.0,0.0,0.0,0.0,0.0,0.0,0.0,0.0,0
1786495095,478596687,100.0,-1.7199981848346155,-1.7038291136371058,-1.1326659361468714,-4.617770854626791,-4.890363637601034,0.6930469870567322,0.0,-0.0,0.0,0.0,0.0,0.0,0.0,0.0,0.0,0.0,0.0,0.0,0
1786495095,498450756,100.0,-1.7199981848346155,-1.7038167158709925,-1.1327136198626917,-4.617746893559591,-4.890351716672079,0.6929990649223328,0.0,-0.0,0.0,0.0,0.0,0.0,0.0,0.0,0.0,0.0,0.0,0.0,0
1786495095,518555641,100.0,-1.7199862639056605,-1.7038410345660608,-1.1327374617206019,-4.617746893559591,-4.890387598668234,0.6930230259895325,0.0,-0.0,0.0,0.0,0.0,0.0,0.0,0.0,0.0,0.0,0.0,0.0,0
1786495095,538426637,100.0,-1.7199981848346155,-1.7038291136371058,-1.1327374617206019,-4.6177348534213465,-4.890363637601034,0.6929990649223328,0.0,-0.0,0.0,0.0,0.0,0.0,0.0,0.0,0.0,0.0,0.0,0.0,0
1786495095,558339595,100.0,-1.7199743429767054,-1.7038410345660608,-1.1326897780047815,-4.617722932492391,-4.890375677739279,0.6930469870567322,0.0,-0.0,0.0,0.0,0.0,0.0,0.0,0.0,0.0,0.0,0.0,0.0,0
1786495095,578693151,100.0,-1.7199743429767054,-1.7038052717791956,-1.1327016989337366,-4.6177948156939905,-4.890327755604879,0.6930350065231323,0.0,-0.0,0.0,0.0,0.0,0.0,0.0,0.0,0.0,0.0,0.0,0.0,0
1786495095,598589420,100.0,-1.7199385801898401,-1.703852955495016,-1.1327016989337366,-4.617758814488546,-4.890399638806478,0.6930469870567322,0.0,-0.0,0.0,0.0,0.0,0.0,0.0,0.0,0.0,0.0,0.0,0.0,0
1786495095,618249416,100.0,-1.7200225035296839,-1.7038167158709925,-1.1327374617206019,-4.617746893559591,-4.890375677739279,0.6930709481239319,0.0,-0.0,0.0,0.0,0.0,0.0,0.0,0.0,0.0,0.0,0.0,0.0,0
1786495095,638456344,100.0,-1.720046345387594,-1.7038167158709925,-1.1327255407916468,-4.6177348534213465,-4.890339676533834,0.693058967590332,0.0,-0.0,0.0,0.0,0.0,0.0,0.0,0.0,0.0,0.0,0.0,0.0,0
1786495095,658368587,100.0,-1.7199981848346155,-1.7038167158709925,-1.132761303578512,-4.617746893559591,-4.890363637601034,0.6929990649223328,0.0,-0.0,0.0,0.0,0.0,0.0,0.0,0.0,0.0,0.0,0.0,0.0,0
1786495095,678416013,100.0,-1.7200105826007288,-1.7037928740130823,-1.1327255407916468,-4.617722932492391,-4.890375677739279,0.6930350065231323,0.0,-0.0,0.0,0.0,0.0,0.0,0.0,0.0,0.0,0.0,0.0,0.0,0
1786495095,698696374,100.0,-1.7200105826007288,-1.7038167158709925,-1.1327016989337366,-4.617722932492391,-4.890339676533834,0.6930709481239319,0.0,-0.0,0.0,0.0,0.0,0.0,0.0,0.0,0.0,0.0,0.0,0.0,0
1786495095,718528032,100.0,-1.7199624220477503,-1.7038291136371058,-1.1326659361468714,-4.617758814488546,-4.890375677739279,0.6930469870567322,0.0,-0.0,0.0,0.0,0.0,0.0,0.0,0.0,0.0,0.0,0.0,0.0,0
1786495095,738379955,100.0,-1.7200225035296839,-1.7037809530841272,-1.1327255407916468,-4.617758814488546,-4.890423957501547,0.693058967590332,0.0,-0.0,0.0,0.0,0.0,0.0,0.0,0.0,0.0,0.0,0.0,0.0,0
1786495095,758393764,100.0,-1.7199743429767054,-1.7038167158709925,-1.1327016989337366,-4.6177348534213465,-4.890375677739279,0.6929990649223328,0.0,-0.0,0.0,0.0,0.0,0.0,0.0,0.0,0.0,0.0,0.0,0.0,0
1786495095,778633832,100.0,-1.7200105826007288,-1.703852955495016,-1.1327136198626917,-4.617746893559591,-4.890363637601034,0.6930350065231323,0.0,-0.0,0.0,0.0,0.0,0.0,0.0,0.0,0.0,0.0,0.0,0.0,0
1786495095,798582077,100.0,-1.7200105826007288,-1.7037809530841272,-1.1327136198626917,-4.617758814488546,-4.890375677739279,0.6930469870567322,0.0,-0.0,0.0,0.0,0.0,0.0,0.0,0.0,0.0,0.0,0.0,0.0,0
1786495095,818259239,100.0,-1.7199981848346155,-1.7037809530841272,-1.1326897780047815,-4.6177348534213465,-4.890339676533834,0.6930469870567322,0.0,-0.0,0.0,0.0,0.0,0.0,0.0,0.0,0.0,0.0,0.0,0.0,0
1786495095,838387727,100.0,-1.7200701872455042,-1.7037928740130823,-1.1327016989337366,-4.617722932492391,-4.890327755604879,0.6930469870567322,0.0,-0.0,0.0,0.0,0.0,0.0,0.0,0.0,0.0,0.0,0.0,0.0,0
1786495095,858424901,100.0,-1.7199862639056605,-1.703757111226217,-1.1326659361468714,-4.617758814488546,-4.890327755604879,0.6930709481239319,0.0,-0.0,0.0,0.0,0.0,0.0,0.0,0.0,0.0,0.0,0.0,0.0,0
1786495095,878575801,100.0,-1.7199981848346155,-1.7037928740130823,-1.1327374617206019,-4.617698971425192,-4.890339676533834,0.6930469870567322,0.0,-0.0,0.0,0.0,0.0,0.0,0.0,0.0,0.0,0.0,0.0,0.0,0
1786495095,898398160,100.0,-1.7200225035296839,-1.7038167158709925,-1.1327136198626917,-4.617770854626791,-4.890375677739279,0.6930350065231323,0.0,-0.0,0.0,0.0,0.0,0.0,0.0,0.0,0.0,0.0,0.0,0.0,0
1786495095,918414592,100.0,-1.7199743429767054,-1.7038291136371058,-1.1327016989337366,-4.617758814488546,-4.890327755604879,0.6930350065231323,0.0,-0.0,0.0,0.0,0.0,0.0,0.0,0.0,0.0,0.0,0.0,0.0,0
1786495095,938409566,100.0,-1.7199743429767054,-1.7038052717791956,-1.1326897780047815,-4.6177948156939905,-4.890363637601034,0.6930709481239319,0.0,-0.0,0.0,0.0,0.0,0.0,0.0,0.0,0.0,0.0,0.0,0.0,0
1786495095,958344697,100.0,-1.7199981848346155,-1.703876797352926,-1.1327016989337366,-4.617746893559591,-4.890375677739279,0.6930350065231323,0.0,-0.0,0.0,0.0,0.0,0.0,0.0,0.0,0.0,0.0,0.0,0.0,0
1786495095,978311538,100.0,-1.720034424458639,-1.7037809530841272,-1.1326773802386683,-4.6177828947650355,-4.890399638806478,0.6930350065231323,0.0,-0.0,0.0,0.0,0.0,0.0,0.0,0.0,0.0,0.0,0.0,0.0,0
1786495095,998655557,100.0,-1.720046345387594,-1.7038052717791956,-1.1327016989337366,-4.617722932492391,-4.890399638806478,0.6930469870567322,0.0,-0.0,0.0,0.0,0.0,0.0,0.0,0.0,0.0,0.0,0.0,0.0,0
1786495096,18381834,100.0,-1.7200225035296839,-1.7038291136371058,-1.1326659361468714,-4.617686931286947,-4.890363637601034,0.6930469870567322,0.0,-0.0,0.0,0.0,0.0,0.0,0.0,0.0,0.0,0.0,0.0,0.0,0
1786495096,38385868,100.0,-1.7200105826007288,-1.7038052717791956,-1.1326897780047815,-4.617710892354147,-4.890399638806478,0.6930469870567322,0.0,-0.0,0.0,0.0,0.0,0.0,0.0,0.0,0.0,0.0,0.0,0.0,0
1786495096,58318138,100.0,-1.720034424458639,-1.7038052717791956,-1.1327016989337366,-4.617770854626791,-4.890363637601034,0.6929990649223328,0.0,-0.0,0.0,0.0,0.0,0.0,0.0,0.0,0.0,0.0,0.0,0.0,0
1786495096,78541040,100.0,-1.7199981848346155,-1.7038291136371058,-1.1326659361468714,-4.617770854626791,-4.890363637601034,0.6930469870567322,0.0,-0.0,0.0,0.0,0.0,0.0,0.0,0.0,0.0,0.0,0.0,0.0,0
1786495096,98515987,100.0,-1.7200105826007288,-1.7038052717791956,-1.1326773802386683,-4.617758814488546,-4.890339676533834,0.6930110454559326,0.0,-0.0,0.0,0.0,0.0,0.0,0.0,0.0,0.0,0.0,0.0,0.0,0
1786495096,118360996,100.0,-1.7200105826007288,-1.7038410345660608,-1.1326897780047815,-4.617770854626791,-4.890351716672079,0.6930469870567322,0.0,-0.0,0.0,0.0,0.0,0.0,0.0,0.0,0.0,0.0,0.0,0.0,0
1786495096,138724088,100.0,-1.7200225035296839,-1.7038291136371058,-1.1326897780047815,-4.617746893559591,-4.890315715466635,0.6929990649223328,0.0,-0.0,0.0,0.0,0.0,0.0,0.0,0.0,0.0,0.0,0.0,0.0,0
1786495096,158407211,100.0,-1.7199385801898401,-1.7038052717791956,-1.1326540152179163,-4.6177948156939905,-4.890399638806478,0.6930110454559326,0.0,-0.0,0.0,0.0,0.0,0.0,0.0,0.0,0.0,0.0,0.0,0.0,0
1786495096,178261756,100.0,-1.7199981848346155,-1.703852955495016,-1.1327136198626917,-4.617710892354147,-4.890375677739279,0.6930230259895325,0.0,-0.0,0.0,0.0,0.0,0.0,0.0,0.0,0.0,0.0,0.0,0.0,0
1786495096,198558568,100.0,-1.7200225035296839,-1.7038167158709925,-1.1326897780047815,-4.6177828947650355,-4.890351716672079,0.6930469870567322,0.0,-0.0,0.0,0.0,0.0,0.0,0.0,0.0,0.0,0.0,0.0,0.0,0
1786495096,218316793,100.0,-1.7199862639056605,-1.7038410345660608,-1.1326897780047815,-4.6177348534213465,-4.890339676533834,0.6929870843887329,0.0,-0.0,0.0,0.0,0.0,0.0,0.0,0.0,0.0,0.0,0.0,0.0,0
1786495096,238346815,100.0,-1.7200105826007288,-1.7037928740130823,-1.1327374617206019,-4.617770854626791,-4.890399638806478,0.6929990649223328,0.0,-0.0,0.0,0.0,0.0,0.0,0.0,0.0,0.0,0.0,0.0,0.0,0
1786495096,258300065,100.0,-1.7199743429767054,-1.7037809530841272,-1.1327255407916468,-4.617746893559591,-4.890351716672079,0.6930350065231323,0.0,-0.0,0.0,0.0,0.0,0.0,0.0,0.0,0.0,0.0,0.0,0.0,0
1786495096,278434514,100.0,-1.7200105826007288,-1.7037690321551722,-1.1327374617206019,-4.617770854626791,-4.890339676533834,0.693058967590332,0.0,-0.0,0.0,0.0,0.0,0.0,0.0,0.0,0.0,0.0,0.0,0.0,0
1786495096,298521280,100.0,-1.7199862639056605,-1.7038291136371058,-1.1326773802386683,-4.617722932492391,-4.890375677739279,0.693058967590332,0.0,-0.0,0.0,0.0,0.0,0.0,0.0,0.0,0.0,0.0,0.0,0.0,0
1786495096,318458080,100.0,-1.7199981848346155,-1.7037809530841272,-1.1326773802386683,-4.617710892354147,-4.890339676533834,0.6930709481239319,0.0,-0.0,0.0,0.0,0.0,0.0,0.0,0.0,0.0,0.0,0.0,0.0,0
1786495096,338358879,100.0,-1.7199624220477503,-1.7038291136371058,-1.1326897780047815,-4.617746893559591,-4.890363637601034,0.6930350065231323,0.0,-0.0,0.0,0.0,0.0,0.0,0.0,0.0,0.0,0.0,0.0,0.0,0
1786495096,358373403,100.0,-1.720034424458639,-1.7037928740130823,-1.1327136198626917,-4.617758814488546,-4.890375677739279,0.6929870843887329,0.0,-0.0,0.0,0.0,0.0,0.0,0.0,0.0,0.0,0.0,0.0,0.0,0
1786495096,378344535,100.0,-1.7199981848346155,-1.7038410345660608,-1.132749382649557,-4.617710892354147,-4.890375677739279,0.6929990649223328,0.0,-0.0,0.0,0.0,0.0,0.0,0.0,0.0,0.0,0.0,0.0,0.0,0
1786495096,398619890,100.0,-1.7200105826007288,-1.7038052717791956,-1.132749382649557,-4.617746893559591,-4.890375677739279,0.6929990649223328,0.0,-0.0,0.0,0.0,0.0,0.0,0.0,0.0,0.0,0.0,0.0,0.0,0
1786495096,418285608,100.0,-1.7199385801898401,-1.7038410345660608,-1.1327255407916468,-4.617686931286947,-4.890387598668234,0.693058967590332,0.0,-0.0,0.0,0.0,0.0,0.0,0.0,0.0,0.0,0.0,0.0,0.0,0
1786495096,438441276,100.0,-1.7200105826007288,-1.703864876423971,-1.1327016989337366,-4.6177948156939905,-4.890327755604879,0.6930230259895325,0.0,-0.0,0.0,0.0,0.0,0.0,0.0,0.0,0.0,0.0,0.0,0.0,0
1786495096,458407402,100.0,-1.7199862639056605,-1.703864876423971,-1.1326659361468714,-4.6177348534213465,-4.890327755604879,0.6929990649223328,0.0,-0.0,0.0,0.0,0.0,0.0,0.0,0.0,0.0,0.0,0.0,0.0,0
1786495096,478419780,100.0,-1.7200225035296839,-1.7038410345660608,-1.1327016989337366,-4.617758814488546,-4.890387598668234,0.693058967590332,0.0,-0.0,0.0,0.0,0.0,0.0,0.0,0.0,0.0,0.0,0.0,0.0,0
1786495096,498530626,100.0,-1.7200105826007288,-1.7038291136371058,-1.1327374617206019,-4.617770854626791,-4.890387598668234,0.6930829286575317,0.0,-0.0,0.0,0.0,0.0,0.0,0.0,0.0,0.0,0.0,0.0,0.0,0
1786495096,518356800,100.0,-1.7199981848346155,-1.7038410345660608,-1.1326897780047815,-4.617710892354147,-4.890339676533834,0.6930230259895325,0.0,-0.0,0.0,0.0,0.0,0.0,0.0,0.0,0.0,0.0,0.0,0.0,0
1786495096,538277864,100.0,-1.7199743429767054,-1.7037928740130823,-1.1327016989337366,-4.617758814488546,-4.890375677739279,0.6930949091911316,0.0,-0.0,0.0,0.0,0.0,0.0,0.0,0.0,0.0,0.0,0.0,0.0,0
1786495096,558512449,100.0,-1.7199981848346155,-1.7038052717791956,-1.1327016989337366,-4.617770854626791,-4.890351716672079,0.6930469870567322,0.0,-0.0,0.0,0.0,0.0,0.0,0.0,0.0,0.0,0.0,0.0,0.0,0
1786495096,578349351,100.0,-1.7199743429767054,-1.7038410345660608,-1.1327374617206019,-4.6177948156939905,-4.890351716672079,0.6930230259895325,0.0,-0.0,0.0,0.0,0.0,0.0,0.0,0.0,0.0,0.0,0.0,0.0,0
1786495096,598439693,100.0,-1.7199624220477503,-1.7037928740130823,-1.1327016989337366,-4.617746893559591,-4.890375677739279,0.6930230259895325,0.0,-0.0,0.0,0.0,0.0,0.0,0.0,0.0,0.0,0.0,0.0,0.0,0
1786495096,618422985,100.0,-1.7200225035296839,-1.7037809530841272,-1.1326897780047815,-4.6177348534213465,-4.890375677739279,0.6930949091911316,0.0,-0.0,0.0,0.0,0.0,0.0,0.0,0.0,0.0,0.0,0.0,0.0,0
1786495096,638508796,100.0,-1.7199981848346155,-1.7037809530841272,-1.1327136198626917,-4.6177948156939905,-4.890351716672079,0.6930469870567322,0.0,-0.0,0.0,0.0,0.0,0.0,0.0,0.0,0.0,0.0,0.0,0.0,0
1786495096,658325672,100.0,-1.7200105826007288,-1.7037809530841272,-1.1327016989337366,-4.617746893559591,-4.890339676533834,0.6930110454559326,0.0,-0.0,0.0,0.0,0.0,0.0,0.0,0.0,0.0,0.0,0.0,0.0,0
1786495096,678384780,100.0,-1.7200225035296839,-1.7038291136371058,-1.1327255407916468,-4.6177948156939905,-4.890363637601034,0.6930230259895325,0.0,-0.0,0.0,0.0,0.0,0.0,0.0,0.0,0.0,0.0,0.0,0.0,0
1786495096,698339223,100.0,-1.7199862639056605,-1.7037809530841272,-1.1327016989337366,-4.6177948156939905,-4.890351716672079,0.693058967590332,0.0,-0.0,0.0,0.0,0.0,0.0,0.0,0.0,0.0,0.0,0.0,0.0,0
1786495096,718367815,100.0,-1.720046345387594,-1.7038052717791956,-1.1326540152179163,-4.6177828947650355,-4.890327755604879,0.6930469870567322,0.0,-0.0,0.0,0.0,0.0,0.0,0.0,0.0,0.0,0.0,0.0,0.0,0
1786495096,738333702,100.0,-1.7200225035296839,-1.7037690321551722,-1.1327016989337366,-4.617758814488546,-4.890339676533834,0.6929990649223328,0.0,-0.0,0.0,0.0,0.0,0.0,0.0,0.0,0.0,0.0,0.0,0.0,0
1786495096,758442401,100.0,-1.7200225035296839,-1.7038167158709925,-1.1326897780047815,-4.6177828947650355,-4.890375677739279,0.6930230259895325,0.0,-0.0,0.0,0.0,0.0,0.0,0.0,0.0,0.0,0.0,0.0,0.0,0
1786495096,778372526,100.0,-1.7199862639056605,-1.7037809530841272,-1.1327255407916468,-4.6177348534213465,-4.890351716672079,0.6930230259895325,0.0,-0.0,0.0,0.0,0.0,0.0,0.0,0.0,0.0,0.0,0.0,0.0,0
1786495096,798630237,100.0,-1.720034424458639,-1.7038167158709925,-1.1326773802386683,-4.617746893559591,-4.890363637601034,0.6929870843887329,0.0,-0.0,0.0,0.0,0.0,0.0,0.0,0.0,0.0,0.0,0.0,0.0,0
1786495096,818417072,100.0,-1.7200225035296839,-1.703852955495016,-1.1327255407916468,-4.617770854626791,-4.890327755604879,0.6930469870567322,0.0,-0.0,0.0,0.0,0.0,0.0,0.0,0.0,0.0,0.0,0.0,0.0,0
1786495096,838534593,100.0,-1.720046345387594,-1.7038052717791956,-1.1326773802386683,-4.6177348534213465,-4.890339676533834,0.6930709481239319,0.0,-0.0,0.0,0.0,0.0,0.0,0.0,0.0,0.0,0.0,0.0,0.0,0
1786495096,858550548,100.0,-1.7199624220477503,-1.703757111226217,-1.1326659361468714,-4.617722932492391,-4.890351716672079,0.6930110454559326,0.0,-0.0,0.0,0.0,0.0,0.0,0.0,0.0,0.0,0.0,0.0,0.0,0
1786495096,878520250,100.0,-1.7199981848346155,-1.7038167158709925,-1.1327255407916468,-4.617758814488546,-4.8903037945376795,0.693058967590332,0.0,-0.0,0.0,0.0,0.0,0.0,0.0,0.0,0.0,0.0,0.0,0.0,0
1786495096,898428916,100.0,-1.7200105826007288,-1.7038052717791956,-1.1327255407916468,-4.617758814488546,-4.890339676533834,0.6930230259895325,0.0,-0.0,0.0,0.0,0.0,0.0,0.0,0.0,0.0,0.0,0.0,0.0,0
1786495096,918413639,100.0,-1.7199981848346155,-1.7038167158709925,-1.1327374617206019,-4.6177948156939905,-4.890339676533834,0.6930110454559326,0.0,-0.0,0.0,0.0,0.0,0.0,0.0,0.0,0.0,0.0,0.0,0.0,0
1786495096,938371658,100.0,-1.7199624220477503,-1.7038291136371058,-1.1327136198626917,-4.617746893559591,-4.890351716672079,0.6930110454559326,0.0,-0.0,0.0,0.0,0.0,0.0,0.0,0.0,0.0,0.0,0.0,0.0,0
1786495096,958650827,100.0,-1.7199862639056605,-1.7038167158709925,-1.1326773802386683,-4.617758814488546,-4.890351716672079,0.6930110454559326,0.0,-0.0,0.0,0.0,0.0,0.0,0.0,0.0,0.0,0.0,0.0,0.0,0
1786495096,978296756,100.0,-1.7200105826007288,-1.7037809530841272,-1.1327016989337366,-4.617746893559591,-4.890327755604879,0.6929990649223328,0.0,-0.0,0.0,0.0,0.0,0.0,0.0,0.0,0.0,0.0,0.0,0.0,0
1786495096,998424291,100.0,-1.7199981848346155,-1.7038291136371058,-1.1327255407916468,-4.6177348534213465,-4.890351716672079,0.6929990649223328,0.0,-0.0,0.0,0.0,0.0,0.0,0.0,0.0,0.0,0.0,0.0,0.0,0
1786495097,18356561,100.0,-1.7199862639056605,-1.7038291136371058,-1.1326659361468714,-4.617806855832235,-4.890327755604879,0.6929990649223328,0.0,-0.0,0.0,0.0,0.0,0.0,0.0,0.0,0.0,0.0,0.0,0.0,0
1786495097,38423061,100.0,-1.720046345387594,-1.7038167158709925,-1.1327016989337366,-4.617746893559591,-4.890351716672079,0.6930110454559326,0.0,-0.0,0.0,0.0,0.0,0.0,0.0,0.0,0.0,0.0,0.0,0.0,0
1786495097,58384180,100.0,-1.7199624220477503,-1.7038167158709925,-1.1327016989337366,-4.6177828947650355,-4.890387598668234,0.6930110454559326,0.0,-0.0,0.0,0.0,0.0,0.0,0.0,0.0,0.0,0.0,0.0,0.0,0
1786495097,78543424,100.0,-1.7200105826007288,-1.7038410345660608,-1.1326897780047815,-4.617758814488546,-4.890387598668234,0.6929990649223328,0.0,-0.0,0.0,0.0,0.0,0.0,0.0,0.0,0.0,0.0,0.0,0.0,0
1786495097,98462581,100.0,-1.7200225035296839,-1.7038291136371058,-1.1326897780047815,-4.6177348534213465,-4.890327755604879,0.6930110454559326,0.0,-0.0,0.0,0.0,0.0,0.0,0.0,0.0,0.0,0.0,0.0,0.0,0
1786495097,118415594,100.0,-1.7199862639056605,-1.7038167158709925,-1.1327374617206019,-4.6177348534213465,-4.890351716672079,0.6930469870567322,0.0,-0.0,0.0,0.0,0.0,0.0,0.0,0.0,0.0,0.0,0.0,0.0,0
1786495097,138365745,100.0,-1.7199981848346155,-1.7038167158709925,-1.1327374617206019,-4.617746893559591,-4.890363637601034,0.6930469870567322,0.0,-0.0,0.0,0.0,0.0,0.0,0.0,0.0,0.0,0.0,0.0,0.0,0
1786495097,158460140,100.0,-1.7200105826007288,-1.7037928740130823,-1.1327016989337366,-4.617758814488546,-4.890327755604879,0.6930350065231323,0.0,-0.0,0.0,0.0,0.0,0.0,0.0,0.0,0.0,0.0,0.0,0.0,0
1786495097,178336858,100.0,-1.7199624220477503,-1.7038410345660608,-1.1327374617206019,-4.6177828947650355,-4.890315715466635,0.6930469870567322,0.0,-0.0,0.0,0.0,0.0,0.0,0.0,0.0,0.0,0.0,0.0,0.0,0
1786495097,198462486,100.0,-1.7200225035296839,-1.7037690321551722,-1.1327136198626917,-4.6177348534213465,-4.890399638806478,0.6930350065231323,0.0,-0.0,0.0,0.0,0.0,0.0,0.0,0.0,0.0,0.0,0.0,0.0,0
1786495097,218404054,100.0,-1.7200105826007288,-1.7038167158709925,-1.1327136198626917,-4.617770854626791,-4.890315715466635,0.6930469870567322,0.0,-0.0,0.0,0.0,0.0,0.0,0.0,0.0,0.0,0.0,0.0,0.0,0
1786495097,238575220,100.0,-1.7200105826007288,-1.703852955495016,-1.1327016989337366,-4.617770854626791,-4.890315715466635,0.6930469870567322,0.0,-0.0,0.0,0.0,0.0,0.0,0.0,0.0,0.0,0.0,0.0,0.0,0
1786495097,258385181,100.0,-1.7199862639056605,-1.7037928740130823,-1.1326897780047815,-4.617722932492391,-4.890387598668234,0.6930350065231323,0.0,-0.0,0.0,0.0,0.0,0.0,0.0,0.0,0.0,0.0,0.0,0.0,0
1786495097,278450965,100.0,-1.7200225035296839,-1.703852955495016,-1.1326773802386683,-4.617758814488546,-4.890399638806478,0.6930350065231323,0.0,-0.0,0.0,0.0,0.0,0.0,0.0,0.0,0.0,0.0,0.0,0.0,0
1786495097,298516988,100.0,-1.7200225035296839,-1.7038052717791956,-1.1327016989337366,-4.6177348534213465,-4.890327755604879,0.6930829286575317,0.0,-0.0,0.0,0.0,0.0,0.0,0.0,0.0,0.0,0.0,0.0,0.0,0
1786495097,318432331,100.0,-1.7200105826007288,-1.7038052717791956,-1.1326773802386683,-4.617722932492391,-4.890351716672079,0.6930709481239319,0.0,-0.0,0.0,0.0,0.0,0.0,0.0,0.0,0.0,0.0,0.0,0.0,0
1786495097,338356256,100.0,-1.7199862639056605,-1.7038052717791956,-1.1327136198626917,-4.617698971425192,-4.890351716672079,0.6930230259895325,0.0,-0.0,0.0,0.0,0.0,0.0,0.0,0.0,0.0,0.0,0.0,0.0,0
1786495097,358686208,100.0,-1.720046345387594,-1.7037928740130823,-1.1327016989337366,-4.617770854626791,-4.890399638806478,0.6930110454559326,0.0,-0.0,0.0,0.0,0.0,0.0,0.0,0.0,0.0,0.0,0.0,0.0,0
1786495097,378293991,100.0,-1.7199862639056605,-1.7038291136371058,-1.1326897780047815,-4.617746893559591,-4.890375677739279,0.6929990649223328,0.0,-0.0,0.0,0.0,0.0,0.0,0.0,0.0,0.0,0.0,0.0,0.0,0
1786495097,398709774,100.0,-1.7199981848346155,-1.7038410345660608,-1.1326773802386683,-4.617698971425192,-4.890339676533834,0.693058967590332,0.0,-0.0,0.0,0.0,0.0,0.0,0.0,0.0,0.0,0.0,0.0,0.0,0
1786495097,418351173,100.0,-1.7199862639056605,-1.7038167158709925,-1.1327016989337366,-4.617746893559591,-4.890363637601034,0.6930709481239319,0.0,-0.0,0.0,0.0,0.0,0.0,0.0,0.0,0.0,0.0,0.0,0.0,0
1786495097,438510179,100.0,-1.7199624220477503,-1.7038052717791956,-1.1327016989337366,-4.617758814488546,-4.890387598668234,0.693058967590332,0.0,-0.0,0.0,0.0,0.0,0.0,0.0,0.0,0.0,0.0,0.0,0.0,0
1786495097,458352088,100.0,-1.7199862639056605,-1.7037809530841272,-1.1326897780047815,-4.617758814488546,-4.890363637601034,0.6930230259895325,0.0,-0.0,0.0,0.0,0.0,0.0,0.0,0.0,0.0,0.0,0.0,0.0,0
1786495097,478435993,100.0,-1.7199743429767054,-1.7038167158709925,-1.1326897780047815,-4.617746893559591,-4.890315715466635,0.6930469870567322,0.0,-0.0,0.0,0.0,0.0,0.0,0.0,0.0,0.0,0.0,0.0,0.0,0
1786495097,498458385,100.0,-1.7200225035296839,-1.7038291136371058,-1.1326773802386683,-4.617722932492391,-4.890375677739279,0.6931068897247314,0.0,-0.0,0.0,0.0,0.0,0.0,0.0,0.0,0.0,0.0,0.0,0.0,0
1786495097,518558263,100.0,-1.7199981848346155,-1.7038291136371058,-1.1327136198626917,-4.617746893559591,-4.890351716672079,0.6930110454559326,0.0,-0.0,0.0,0.0,0.0,0.0,0.0,0.0,0.0,0.0,0.0,0.0,0
1786495097,538324832,100.0,-1.7200105826007288,-1.7037690321551722,-1.1327255407916468,-4.6177348534213465,-4.890327755604879,0.6930110454559326,0.0,-0.0,0.0,0.0,0.0,0.0,0.0,0.0,0.0,0.0,0.0,0.0,0
1786495097,558510541,100.0,-1.7199862639056605,-1.7038410345660608,-1.1327255407916468,-4.6177348534213465,-4.890351716672079,0.6930949091911316,0.0,-0.0,0.0,0.0,0.0,0.0,0.0,0.0,0.0,0.0,0.0,0.0,0
1786495097,578280210,100.0,-1.7200105826007288,-1.7037809530841272,-1.1327136198626917,-4.617722932492391,-4.890339676533834,0.6930230259895325,0.0,-0.0,0.0,0.0,0.0,0.0,0.0,0.0,0.0,0.0,0.0,0.0,0
1786495097,598456621,100.0,-1.7200105826007288,-1.7038167158709925,-1.1326773802386683,-4.6177348534213465,-4.890363637601034,0.6930469870567322,0.0,-0.0,0.0,0.0,0.0,0.0,0.0,0.0,0.0,0.0,0.0,0.0,0
1786495097,618328094,100.0,-1.7200225035296839,-1.7038167158709925,-1.1327255407916468,-4.617746893559591,-4.890387598668234,0.6930110454559326,0.0,-0.0,0.0,0.0,0.0,0.0,0.0,0.0,0.0,0.0,0.0,0.0,0
1786495097,638387203,100.0,-1.7199624220477503,-1.7037690321551722,-1.1327016989337366,-4.617758814488546,-4.890351716672079,0.6930230259895325,0.0,-0.0,0.0,0.0,0.0,0.0,0.0,0.0,0.0,0.0,0.0,0.0,0
1786495097,658338546,100.0,-1.7200225035296839,-1.7037809530841272,-1.1326897780047815,-4.617722932492391,-4.890351716672079,0.6930230259895325,0.0,-0.0,0.0,0.0,0.0,0.0,0.0,0.0,0.0,0.0,0.0,0.0,0
1786495097,678364992,100.0,-1.7199981848346155,-1.7038167158709925,-1.1326897780047815,-4.617722932492391,-4.890339676533834,0.6930350065231323,0.0,-0.0,0.0,0.0,0.0,0.0,0.0,0.0,0.0,0.0,0.0,0.0,0
1786495097,698389768,100.0,-1.7199981848346155,-1.7037690321551722,-1.1326897780047815,-4.6177348534213465,-4.890363637601034,0.6929751038551331,0.0,-0.0,0.0,0.0,0.0,0.0,0.0,0.0,0.0,0.0,0.0,0.0,0
1786495097,718776464,100.0,-1.7200105826007288,-1.7038052717791956,-1.1326897780047815,-4.6177948156939905,-4.890399638806478,0.6930469870567322,0.0,-0.0,0.0,0.0,0.0,0.0,0.0,0.0,0.0,0.0,0.0,0.0,0
1786495097,738424062,100.0,-1.7200105826007288,-1.7038167158709925,-1.1326659361468714,-4.617758814488546,-4.890412036572592,0.6930230259895325,0.0,-0.0,0.0,0.0,0.0,0.0,0.0,0.0,0.0,0.0,0.0,0.0,0
1786495097,758387088,100.0,-1.7199981848346155,-1.7038167158709925,-1.1327136198626917,-4.6177828947650355,-4.890363637601034,0.6930110454559326,0.0,-0.0,0.0,0.0,0.0,0.0,0.0,0.0,0.0,0.0,0.0,0.0,0
1786495097,778371334,100.0,-1.7199743429767054,-1.7038410345660608,-1.1327255407916468,-4.617746893559591,-4.890351716672079,0.6929990649223328,0.0,-0.0,0.0,0.0,0.0,0.0,0.0,0.0,0.0,0.0,0.0,0.0,0
1786495097,798461914,100.0,-1.720046345387594,-1.7038167158709925,-1.1326897780047815,-4.617770854626791,-4.890339676533834,0.6930110454559326,0.0,-0.0,0.0,0.0,0.0,0.0,0.0,0.0,0.0,0.0,0.0,0.0,0
1786495097,818276405,100.0,-1.7200105826007288,-1.7037809530841272,-1.1327016989337366,-4.617746893559591,-4.890327755604879,0.693058967590332,0.0,-0.0,0.0,0.0,0.0,0.0,0.0,0.0,0.0,0.0,0.0,0.0,0
1786495097,838349103,100.0,-1.7200105826007288,-1.7038410345660608,-1.1327255407916468,-4.617758814488546,-4.890363637601034,0.6930709481239319,0.0,-0.0,0.0,0.0,0.0,0.0,0.0,0.0,0.0,0.0,0.0,0.0,0
1786495097,858324289,100.0,-1.720034424458639,-1.7038410345660608,-1.1326897780047815,-4.617746893559591,-4.890327755604879,0.6930230259895325,0.0,-0.0,0.0,0.0,0.0,0.0,0.0,0.0,0.0,0.0,0.0,0.0,0
1786495097,878336668,100.0,-1.7200225035296839,-1.7037928740130823,-1.1327016989337366,-4.617806855832235,-4.890351716672079,0.6930469870567322,0.0,-0.0,0.0,0.0,0.0,0.0,0.0,0.0,0.0,0.0,0.0,0.0,0
1786495097,898346662,100.0,-1.7199981848346155,-1.7038291136371058,-1.1327136198626917,-4.617770854626791,-4.890327755604879,0.6930709481239319,0.0,-0.0,0.0,0.0,0.0,0.0,0.0,0.0,0.0,0.0,0.0,0.0,0
1786495097,918381452,100.0,-1.7199624220477503,-1.7038291136371058,-1.1327136198626917,-4.617746893559591,-4.890375677739279,0.6930469870567322,0.0,-0.0,0.0,0.0,0.0,0.0,0.0,0.0,0.0,0.0,0.0,0.0,0
1786495097,938338756,100.0,-1.7200105826007288,-1.7038410345660608,-1.1327255407916468,-4.617758814488546,-4.890375677739279,0.6930110454559326,0.0,-0.0,0.0,0.0,0.0,0.0,0.0,0.0,0.0,0.0,0.0,0.0,0
1786495097,958385467,100.0,-1.7199862639056605,-1.7037809530841272,-1.132749382649557,-4.6177348534213465,-4.890387598668234,0.6930709481239319,0.0,-0.0,0.0,0.0,0.0,0.0,0.0,0.0,0.0,0.0,0.0,0.0,0
1786495097,978295326,100.0,-1.7199981848346155,-1.7038052717791956,-1.1327016989337366,-4.617758814488546,-4.890363637601034,0.6930709481239319,0.0,-0.0,0.0,0.0,0.0,0.0,0.0,0.0,0.0,0.0,0.0,0.0,0
1786495097,998545646,100.0,-1.7199862639056605,-1.7038052717791956,-1.1326659361468714,-4.617770854626791,-4.890375677739279,0.6930110454559326,0.0,-0.0,0.0,0.0,0.0,0.0,0.0,0.0,0.0,0.0,0.0,0.0,0
1786495098,18357992,100.0,-1.7199862639056605,-1.7038052717791956,-1.1327255407916468,-4.6177348534213465,-4.890423957501547,0.6930469870567322,0.0,-0.0,0.0,0.0,0.0,0.0,0.0,0.0,0.0,0.0,0.0,0.0,0
1786495098,38348436,100.0,-1.7200105826007288,-1.7037809530841272,-1.1327016989337366,-4.617746893559591,-4.890387598668234,0.6930709481239319,0.0,-0.0,0.0,0.0,0.0,0.0,0.0,0.0,0.0,0.0,0.0,0.0,0
1786495098,58367252,100.0,-1.7200105826007288,-1.7038291136371058,-1.1327016989337366,-4.6177348534213465,-4.890387598668234,0.6930469870567322,0.0,-0.0,0.0,0.0,0.0,0.0,0.0,0.0,0.0,0.0,0.0,0.0,0
1786495098,78360795,100.0,-1.7200105826007288,-1.7037809530841272,-1.1326897780047815,-4.617746893559591,-4.890327755604879,0.6930110454559326,0.0,-0.0,0.0,0.0,0.0,0.0,0.0,0.0,0.0,0.0,0.0,0.0,0
1786495098,98424673,100.0,-1.7199505011187952,-1.7038052717791956,-1.1327136198626917,-4.617746893559591,-4.890375677739279,0.6929870843887329,0.0,-0.0,0.0,0.0,0.0,0.0,0.0,0.0,0.0,0.0,0.0,0.0,0
1786495098,118365526,100.0,-1.7200225035296839,-1.7037690321551722,-1.1327255407916468,-4.6177828947650355,-4.890339676533834,0.6930350065231323,0.0,-0.0,0.0,0.0,0.0,0.0,0.0,0.0,0.0,0.0,0.0,0.0,0
1786495098,138302803,100.0,-1.7200225035296839,-1.7038410345660608,-1.1327255407916468,-4.617758814488546,-4.890375677739279,0.6930469870567322,0.0,-0.0,0.0,0.0,0.0,0.0,0.0,0.0,0.0,0.0,0.0,0.0,0
1786495098,158383607,100.0,-1.7200225035296839,-1.703852955495016,-1.1327374617206019,-4.617758814488546,-4.890375677739279,0.6930350065231323,0.0,-0.0,0.0,0.0,0.0,0.0,0.0,0.0,0.0,0.0,0.0,0.0,0
1786495098,178353309,100.0,-1.7199743429767054,-1.7038052717791956,-1.1326897780047815,-4.617710892354147,-4.890363637601034,0.6930350065231323,0.0,-0.0,0.0,0.0,0.0,0.0,0.0,0.0,0.0,0.0,0.0,0.0,0
1786495098,198400974,100.0,-1.7200225035296839,-1.7037928740130823,-1.1327374617206019,-4.6177828947650355,-4.890375677739279,0.6930230259895325,0.0,-0.0,0.0,0.0,0.0,0.0,0.0,0.0,0.0,0.0,0.0,0.0,0
1786495098,218378067,100.0,-1.7200105826007288,-1.7038052717791956,-1.1326773802386683,-4.617722932492391,-4.890399638806478,0.6930230259895325,0.0,-0.0,0.0,0.0,0.0,0.0,0.0,0.0,0.0,0.0,0.0,0.0,0
1786495098,238435745,100.0,-1.7200105826007288,-1.703864876423971,-1.1327255407916468,-4.617698971425192,-4.890399638806478,0.6930110454559326,0.0,-0.0,0.0,0.0,0.0,0.0,0.0,0.0,0.0,0.0,0.0,0.0,0
1786495098,258319377,100.0,-1.7200225035296839,-1.7038167158709925,-1.1327255407916468,-4.6177348534213465,-4.890387598668234,0.6930949091911316,0.0,-0.0,0.0,0.0,0.0,0.0,0.0,0.0,0.0,0.0,0.0,0.0,0
1786495098,278413534,100.0,-1.7200105826007288,-1.7038167158709925,-1.1327136198626917,-4.617758814488546,-4.890327755604879,0.6930350065231323,0.0,-0.0,0.0,0.0,0.0,0.0,0.0,0.0,0.0,0.0,0.0,0.0,0
1786495098,298450231,100.0,-1.7199505011187952,-1.7038052717791956,-1.132749382649557,-4.6177348534213465,-4.890315715466635,0.6929990649223328,0.0,-0.0,0.0,0.0,0.0,0.0,0.0,0.0,0.0,0.0,0.0,0.0,0
1786495098,318562984,100.0,-1.720046345387594,-1.7038052717791956,-1.1327255407916468,-4.617722932492391,-4.890399638806478,0.6930110454559326,0.0,-0.0,0.0,0.0,0.0,0.0,0.0,0.0,0.0,0.0,0.0,0.0,0
1786495098,338312149,100.0,-1.7199385801898401,-1.703852955495016,-1.1327374617206019,-4.6177348534213465,-4.890363637601034,0.6930469870567322,0.0,-0.0,0.0,0.0,0.0,0.0,0.0,0.0,0.0,0.0,0.0,0.0,0
1786495098,358409643,100.0,-1.7199981848346155,-1.7038291136371058,-1.1327136198626917,-4.617770854626791,-4.890327755604879,0.6930469870567322,0.0,-0.0,0.0,0.0,0.0,0.0,0.0,0.0,0.0,0.0,0.0,0.0,0
1786495098,378412961,100.0,-1.7199862639056605,-1.7038167158709925,-1.1327016989337366,-4.617758814488546,-4.890399638806478,0.6930110454559326,0.0,-0.0,0.0,0.0,0.0,0.0,0.0,0.0,0.0,0.0,0.0,0.0,0
1786495098,398582696,100.0,-1.720034424458639,-1.7038410345660608,-1.1327255407916468,-4.6177348534213465,-4.890387598668234,0.6929870843887329,0.0,-0.0,0.0,0.0,0.0,0.0,0.0,0.0,0.0,0.0,0.0,0.0,0
1786495098,418349266,100.0,-1.7199862639056605,-1.703864876423971,-1.1327255407916468,-4.617746893559591,-4.890399638806478,0.6930110454559326,0.0,-0.0,0.0,0.0,0.0,0.0,0.0,0.0,0.0,0.0,0.0,0.0,0
1786495098,438603162,100.0,-1.7200105826007288,-1.7038167158709925,-1.1327016989337366,-4.617746893559591,-4.890351716672079,0.6930230259895325,0.0,-0.0,0.0,0.0,0.0,0.0,0.0,0.0,0.0,0.0,0.0,0.0,0
1786495098,458712577,100.0,-1.7199624220477503,-1.7038410345660608,-1.1327136198626917,-4.6177828947650355,-4.890375677739279,0.6930709481239319,0.0,-0.0,0.0,0.0,0.0,0.0,0.0,0.0,0.0,0.0,0.0,0.0,0
1786495098,478701353,100.0,-1.7199862639056605,-1.7038291136371058,-1.1326897780047815,-4.617722932492391,-4.890375677739279,0.6930469870567322,0.0,-0.0,0.0,0.0,0.0,0.0,0.0,0.0,0.0,0.0,0.0,0.0,0
1786495098,498355150,100.0,-1.7199862639056605,-1.7038052717791956,-1.1326773802386683,-4.617770854626791,-4.890387598668234,0.6930230259895325,0.0,-0.0,0.0,0.0,0.0,0.0,0.0,0.0,0.0,0.0,0.0,0.0,0
1786495098,518422842,100.0,-1.7200105826007288,-1.703864876423971,-1.1326897780047815,-4.617770854626791,-4.890399638806478,0.6930469870567322,0.0,-0.0,0.0,0.0,0.0,0.0,0.0,0.0,0.0,0.0,0.0,0.0,0
1786495098,538379192,100.0,-1.7200105826007288,-1.7037809530841272,-1.1327374617206019,-4.6177948156939905,-4.890351716672079,0.6930709481239319,0.0,-0.0,0.0,0.0,0.0,0.0,0.0,0.0,0.0,0.0,0.0,0.0,0
1786495098,558388710,100.0,-1.7199981848346155,-1.7038410345660608,-1.1327136198626917,-4.6177348534213465,-4.890351716672079,0.6930469870567322,0.0,-0.0,0.0,0.0,0.0,0.0,0.0,0.0,0.0,0.0,0.0,0.0,0
1786495098,578347206,100.0,-1.7200225035296839,-1.7038052717791956,-1.1327016989337366,-4.617770854626791,-4.890315715466635,0.6930230259895325,0.0,-0.0,0.0,0.0,0.0,0.0,0.0,0.0,0.0,0.0,0.0,0.0,0
1786495098,598412513,100.0,-1.720034424458639,-1.7038291136371058,-1.132749382649557,-4.617758814488546,-4.890363637601034,0.6930110454559326,0.0,-0.0,0.0,0.0,0.0,0.0,0.0,0.0,0.0,0.0,0.0,0.0,0
1786495098,618383407,100.0,-1.7199981848346155,-1.7037928740130823,-1.1326659361468714,-4.617722932492391,-4.890387598668234,0.6930350065231323,0.0,-0.0,0.0,0.0,0.0,0.0,0.0,0.0,0.0,0.0,0.0,0.0,0
1786495098,638458013,100.0,-1.7199743429767054,-1.7037928740130823,-1.1327016989337366,-4.617746893559591,-4.890315715466635,0.6930709481239319,0.0,-0.0,0.0,0.0,0.0,0.0,0.0,0.0,0.0,0.0,0.0,0.0,0
1786495098,658380746,100.0,-1.7199505011187952,-1.7038167158709925,-1.1327016989337366,-4.617746893559591,-4.890363637601034,0.693058967590332,0.0,-0.0,0.0,0.0,0.0,0.0,0.0,0.0,0.0,0.0,0.0,0.0,0
1786495098,678358793,100.0,-1.7199862639056605,-1.7038052717791956,-1.1327136198626917,-4.6177948156939905,-4.890351716672079,0.6929751038551331,0.0,-0.0,0.0,0.0,0.0,0.0,0.0,0.0,0.0,0.0,0.0,0.0,0
1786495098,698397159,100.0,-1.7200225035296839,-1.7037690321551722,-1.1327016989337366,-4.6177828947650355,-4.890375677739279,0.6930469870567322,0.0,-0.0,0.0,0.0,0.0,0.0,0.0,0.0,0.0,0.0,0.0,0.0,0
1786495098,718410015,100.0,-1.7200105826007288,-1.7038410345660608,-1.1326897780047815,-4.617758814488546,-4.890399638806478,0.6930110454559326,0.0,-0.0,0.0,0.0,0.0,0.0,0.0,0.0,0.0,0.0,0.0,0.0,0
1786495098,738337993,100.0,-1.7199624220477503,-1.7037928740130823,-1.1327016989337366,-4.617758814488546,-4.890363637601034,0.6930709481239319,0.0,-0.0,0.0,0.0,0.0,0.0,0.0,0.0,0.0,0.0,0.0,0.0,0
1786495098,758389949,100.0,-1.7200105826007288,-1.7038167158709925,-1.1327255407916468,-4.6177348534213465,-4.890327755604879,0.6930469870567322,0.0,-0.0,0.0,0.0,0.0,0.0,0.0,0.0,0.0,0.0,0.0,0.0,0
1786495098,778342962,100.0,-1.720034424458639,-1.7037809530841272,-1.1326659361468714,-4.6177348534213465,-4.890399638806478,0.6930469870567322,0.0,-0.0,0.0,0.0,0.0,0.0,0.0,0.0,0.0,0.0,0.0,0.0,0
1786495098,798813343,100.0,-1.720046345387594,-1.7038291136371058,-1.1327136198626917,-4.6177348534213465,-4.890339676533834,0.6929990649223328,0.0,-0.0,0.0,0.0,0.0,0.0,0.0,0.0,0.0,0.0,0.0,0.0,0
1786495098,818335533,100.0,-1.7199624220477503,-1.7038052717791956,-1.1326540152179163,-4.617746893559591,-4.890327755604879,0.6930350065231323,0.0,-0.0,0.0,0.0,0.0,0.0,0.0,0.0,0.0,0.0,0.0,0.0,0
1786495098,838452816,100.0,-1.7200105826007288,-1.7038052717791956,-1.1326659361468714,-4.617710892354147,-4.890339676533834,0.6930469870567322,0.0,-0.0,0.0,0.0,0.0,0.0,0.0,0.0,0.0,0.0,0.0,0.0,0
1786495098,858330249,100.0,-1.7199743429767054,-1.703864876423971,-1.1326659361468714,-4.6177348534213465,-4.890327755604879,0.6930350065231323,0.0,-0.0,0.0,0.0,0.0,0.0,0.0,0.0,0.0,0.0,0.0,0.0,0
1786495098,878430366,100.0,-1.7199981848346155,-1.7038167158709925,-1.1327136198626917,-4.617770854626791,-4.890351716672079,0.693058967590332,0.0,-0.0,0.0,0.0,0.0,0.0,0.0,0.0,0.0,0.0,0.0,0.0,0
1786495098,898419857,100.0,-1.7199743429767054,-1.7038052717791956,-1.1326897780047815,-4.617722932492391,-4.890351716672079,0.6929990649223328,0.0,-0.0,0.0,0.0,0.0,0.0,0.0,0.0,0.0,0.0,0.0,0.0,0
1786495098,918565750,100.0,-1.7199862639056605,-1.7038291136371058,-1.1327255407916468,-4.617746893559591,-4.890387598668234,0.6930469870567322,0.0,-0.0,0.0,0.0,0.0,0.0,0.0,0.0,0.0,0.0,0.0,0.0,0
1786495098,938406467,100.0,-1.7199981848346155,-1.7037809530841272,-1.1327374617206019,-4.617758814488546,-4.890375677739279,0.693058967590332,0.0,-0.0,0.0,0.0,0.0,0.0,0.0,0.0,0.0,0.0,0.0,0.0,0
1786495098,958513975,100.0,-1.7200105826007288,-1.7037928740130823,-1.1326897780047815,-4.6177348534213465,-4.890339676533834,0.6930230259895325,0.0,-0.0,0.0,0.0,0.0,0.0,0.0,0.0,0.0,0.0,0.0,0.0,0
1786495098,978374481,100.0,-1.7199862639056605,-1.7038052717791956,-1.1327136198626917,-4.617722932492391,-4.890363637601034,0.6929990649223328,0.0,-0.0,0.0,0.0,0.0,0.0,0.0,0.0,0.0,0.0,0.0,0.0,0
1786495098,998528242,100.0,-1.7200105826007288,-1.7038167158709925,-1.1326897780047815,-4.6177948156939905,-4.890351716672079,0.6929990649223328,0.0,-0.0,0.0,0.0,0.0,0.0,0.0,0.0,0.0,0.0,0.0,0.0,0
1786495099,18341541,100.0,-1.7199743429767054,-1.7037809530841272,-1.1327255407916468,-4.6177948156939905,-4.890387598668234,0.6930230259895325,0.0,-0.0,0.0,0.0,0.0,0.0,0.0,0.0,0.0,0.0,0.0,0.0,0
1786495099,38576126,100.0,-1.7199624220477503,-1.7038052717791956,-1.1327255407916468,-4.617710892354147,-4.890351716672079,0.6930230259895325,0.0,-0.0,0.0,0.0,0.0,0.0,0.0,0.0,0.0,0.0,0.0,0.0,0
1786495099,58454036,100.0,-1.7200105826007288,-1.7038410345660608,-1.1327136198626917,-4.617758814488546,-4.890315715466635,0.6930230259895325,0.0,-0.0,0.0,0.0,0.0,0.0,0.0,0.0,0.0,0.0,0.0,0.0,0
1786495099,78570604,100.0,-1.7200105826007288,-1.7038410345660608,-1.1327136198626917,-4.617758814488546,-4.890315715466635,0.6930230259895325,0.0,-0.0,0.0,0.0,0.0,0.0,0.0,0.0,0.0,0.0,0.0,0.0,0
1786495099,98567247,100.0,-1.7200105826007288,-1.7038410345660608,-1.1327136198626917,-4.617758814488546,-4.890315715466635,0.6930230259895325,0.0,-0.0,0.0,0.0,0.0,0.0,0.0,0.0,0.0,0.0,0.0,0.0,0
1786495099,118536710,100.0,-1.7200105826007288,-1.7038410345660608,-1.1326659361468714,-4.617770854626791,-4.890339676533834,0.6930350065231323,0.0,-0.0,0.0,0.0,0.0,0.0,0.0,0.0,0.0,0.0,0.0,0.0,0
1786495099,138460397,100.0,-1.7199385801898401,-1.703864876423971,-1.1327374617206019,-4.617758814488546,-4.890363637601034,0.6930469870567322,0.0,-0.0,0.0,0.0,0.0,0.0,0.0,0.0,0.0,0.0,0.0,0.0,0
1786495099,158521413,100.0,-1.7200225035296839,-1.7037690321551722,-1.1327136198626917,-4.617758814488546,-4.890387598668234,0.693058967590332,0.0,-0.0,0.0,0.0,0.0,0.0,0.0,0.0,0.0,0.0,0.0,0.0,0
1786495099,178510427,100.0,-1.720034424458639,-1.7038167158709925,-1.1327136198626917,-4.617746893559591,-4.890339676533834,0.6930469870567322,0.0,-0.0,0.0,0.0,0.0,0.0,0.0,0.0,0.0,0.0,0.0,0.0,0
1786495099,198518991,100.0,-1.720046345387594,-1.7037690321551722,-1.132749382649557,-4.617770854626791,-4.890327755604879,0.6930110454559326,0.0,-0.0,0.0,0.0,0.0,0.0,0.0,0.0,0.0,0.0,0.0,0.0,0
1786495099,218365430,100.0,-1.720034424458639,-1.7037928740130823,-1.1327016989337366,-4.6177348534213465,-4.890375677739279,0.6930709481239319,0.0,-0.0,0.0,0.0,0.0,0.0,0.0,0.0,0.0,0.0,0.0,0.0,0
1786495099,238523721,100.0,-1.7199624220477503,-1.7037809530841272,-1.1327255407916468,-4.617746893559591,-4.890363637601034,0.6930469870567322,0.0,-0.0,0.0,0.0,0.0,0.0,0.0,0.0,0.0,0.0,0.0,0.0,0
1786495099,258388996,100.0,-1.7200582663165491,-1.7038052717791956,-1.1326773802386683,-4.617710892354147,-4.890375677739279,0.6930469870567322,0.0,-0.0,0.0,0.0,0.0,0.0,0.0,0.0,0.0,0.0,0.0,0.0,0
1786495099,278447628,100.0,-1.720046345387594,-1.703757111226217,-1.1327374617206019,-4.617758814488546,-4.890387598668234,0.6930230259895325,0.0,-0.0,0.0,0.0,0.0,0.0,0.0,0.0,0.0,0.0,0.0,0.0,0
1786495099,298426151,100.0,-1.7200225035296839,-1.7038167158709925,-1.132749382649557,-4.617758814488546,-4.890363637601034,0.6930469870567322,0.0,-0.0,0.0,0.0,0.0,0.0,0.0,0.0,0.0,0.0,0.0,0.0,0
1786495099,318539619,100.0,-1.720046345387594,-1.703852955495016,-1.1326540152179163,-4.6177348534213465,-4.890375677739279,0.6930350065231323,0.0,-0.0,0.0,0.0,0.0,0.0,0.0,0.0,0.0,0.0,0.0,0.0,0
1786495099,338322639,100.0,-1.7199981848346155,-1.7038410345660608,-1.1327255407916468,-4.617758814488546,-4.890351716672079,0.6930469870567322,0.0,-0.0,0.0,0.0,0.0,0.0,0.0,0.0,0.0,0.0,0.0,0.0,0
1786495099,358404874,100.0,-1.7200105826007288,-1.7038410345660608,-1.132749382649557,-4.6177828947650355,-4.890339676533834,0.6930230259895325,0.0,-0.0,0.0,0.0,0.0,0.0,0.0,0.0,0.0,0.0,0.0,0.0,0
1786495099,378402709,100.0,-1.7199981848346155,-1.7038410345660608,-1.1327374617206019,-4.617758814488546,-4.890363637601034,0.6930829286575317,0.0,-0.0,0.0,0.0,0.0,0.0,0.0,0.0,0.0,0.0,0.0,0.0,0
1786495099,398642539,100.0,-1.7199624220477503,-1.7038167158709925,-1.1327136198626917,-4.617806855832235,-4.890363637601034,0.6930230259895325,0.0,-0.0,0.0,0.0,0.0,0.0,0.0,0.0,0.0,0.0,0.0,0.0,0
1786495099,418404102,100.0,-1.720034424458639,-1.7038167158709925,-1.1326897780047815,-4.617746893559591,-4.890351716672079,0.6930469870567322,0.0,-0.0,0.0,0.0,0.0,0.0,0.0,0.0,0.0,0.0,0.0,0.0,0
1786495099,438381671,100.0,-1.720034424458639,-1.7037809530841272,-1.1327136198626917,-4.617698971425192,-4.890387598668234,0.6930110454559326,0.0,-0.0,0.0,0.0,0.0,0.0,0.0,0.0,0.0,0.0,0.0,0.0,0
1786495099,458328723,100.0,-1.720034424458639,-1.7037809530841272,-1.1327136198626917,-4.6177828947650355,-4.890363637601034,0.6930829286575317,0.0,-0.0,0.0,0.0,0.0,0.0,0.0,0.0,0.0,0.0,0.0,0.0,0
1786495099,478457689,100.0,-1.7200105826007288,-1.7038167158709925,-1.1327016989337366,-4.617758814488546,-4.890387598668234,0.6930469870567322,0.0,-0.0,0.0,0.0,0.0,0.0,0.0,0.0,0.0,0.0,0.0,0.0,0
1786495099,498556613,100.0,-1.7200225035296839,-1.703757111226217,-1.1327255407916468,-4.6177828947650355,-4.890387598668234,0.6930709481239319,0.0,-0.0,0.0,0.0,0.0,0.0,0.0,0.0,0.0,0.0,0.0,0.0,0
1786495099,518777847,100.0,-1.7200105826007288,-1.7038052717791956,-1.1327016989337366,-4.617758814488546,-4.890327755604879,0.6930230259895325,0.0,-0.0,0.0,0.0,0.0,0.0,0.0,0.0,0.0,0.0,0.0,0.0,0
1786495099,538387775,100.0,-1.7200105826007288,-1.7038052717791956,-1.1326420942889612,-4.617758814488546,-4.890351716672079,0.6930350065231323,0.0,-0.0,0.0,0.0,0.0,0.0,0.0,0.0,0.0,0.0,0.0,0.0,0
1786495099,558510541,100.0,-1.7199862639056605,-1.7038052717791956,-1.1327136198626917,-4.6177348534213465,-4.890363637601034,0.6930350065231323,0.0,-0.0,0.0,0.0,0.0,0.0,0.0,0.0,0.0,0.0,0.0,0.0,0
1786495099,578384876,100.0,-1.7199624220477503,-1.7038410345660608,-1.1326897780047815,-4.617710892354147,-4.890399638806478,0.6930110454559326,0.0,-0.0,0.0,0.0,0.0,0.0,0.0,0.0,0.0,0.0,0.0,0.0,0
1786495099,599020957,100.0,-1.7199862639056605,-1.7038052717791956,-1.1326897780047815,-4.617758814488546,-4.890375677739279,0.693058967590332,0.0,-0.0,0.0,0.0,0.0,0.0,0.0,0.0,0.0,0.0,0.0,0.0,0
1786495099,618412494,100.0,-1.7200105826007288,-1.7038291136371058,-1.1326897780047815,-4.617770854626791,-4.890315715466635,0.6930110454559326,0.0,-0.0,0.0,0.0,0.0,0.0,0.0,0.0,0.0,0.0,0.0,0.0,0
1786495099,638570308,100.0,-1.7200225035296839,-1.7038167158709925,-1.1327136198626917,-4.6177828947650355,-4.890375677739279,0.6930350065231323,0.0,-0.0,0.0,0.0,0.0,0.0,0.0,0.0,0.0,0.0,0.0,0.0,0
1786495099,658259868,100.0,-1.7200105826007288,-1.7037809530841272,-1.1326773802386683,-4.617746893559591,-4.890387598668234,0.693058967590332,0.0,-0.0,0.0,0.0,0.0,0.0,0.0,0.0,0.0,0.0,0.0,0.0,0
1786495099,678527593,100.0,-1.7200225035296839,-1.7038410345660608,-1.1327016989337366,-4.617746893559591,-4.890375677739279,0.6930709481239319,0.0,-0.0,0.0,0.0,0.0,0.0,0.0,0.0,0.0,0.0,0.0,0.0,0
1786495099,698338270,100.0,-1.7199981848346155,-1.7037928740130823,-1.1327255407916468,-4.6177948156939905,-4.890375677739279,0.6930350065231323,0.0,-0.0,0.0,0.0,0.0,0.0,0.0,0.0,0.0,0.0,0.0,0.0,0
1786495099,718615531,100.0,-1.7200582663165491,-1.7038410345660608,-1.1327255407916468,-4.617746893559591,-4.890387598668234,0.6930110454559326,0.0,-0.0,0.0,0.0,0.0,0.0,0.0,0.0,0.0,0.0,0.0,0.0,0
1786495099,738312959,100.0,-1.7199981848346155,-1.7038291136371058,-1.1326773802386683,-4.617746893559591,-4.890351716672079,0.6930350065231323,0.0,-0.0,0.0,0.0,0.0,0.0,0.0,0.0,0.0,0.0,0.0,0.0,0
1786495099,758323192,100.0,-1.7199743429767054,-1.7038167158709925,-1.1326659361468714,-4.6177828947650355,-4.890327755604879,0.6930230259895325,0.0,-0.0,0.0,0.0,0.0,0.0,0.0,0.0,0.0,0.0,0.0,0.0,0
1786495099,778303146,100.0,-1.720034424458639,-1.7038291136371058,-1.1326897780047815,-4.617746893559591,-4.890363637601034,0.6929990649223328,0.0,-0.0,0.0,0.0,0.0,0.0,0.0,0.0,0.0,0.0,0.0,0.0,0
1786495099,798735141,100.0,-1.720046345387594,-1.7038167158709925,-1.1326773802386683,-4.6177828947650355,-4.890375677739279,0.6930709481239319,0.0,-0.0,0.0,0.0,0.0,0.0,0.0,0.0,0.0,0.0,0.0,0.0,0
1786495099,818495988,100.0,-1.7199862639056605,-1.7037690321551722,-1.1327016989337366,-4.6177348534213465,-4.890363637601034,0.6930230259895325,0.0,-0.0,0.0,0.0,0.0,0.0,0.0,0.0,0.0,0.0,0.0,0.0,0
1786495099,838558912,100.0,-1.720046345387594,-1.7037809530841272,-1.1327255407916468,-4.617758814488546,-4.890387598668234,0.6930230259895325,0.0,-0.0,0.0,0.0,0.0,0.0,0.0,0.0,0.0,0.0,0.0,0.0,0
1786495099,858936786,100.0,-1.7199981848346155,-1.7037690321551722,-1.1326773802386683,-4.617722932492391,-4.890339676533834,0.6930469870567322,0.0,-0.0,0.0,0.0,0.0,0.0,0.0,0.0,0.0,0.0,0.0,0.0,0
1786495099,878460884,100.0,-1.720034424458639,-1.7037327925311487,-1.1327136198626917,-4.617770854626791,-4.890399638806478,0.6930230259895325,0.0,-0.0,0.0,0.0,0.0,0.0,0.0,0.0,0.0,0.0,0.0,0.0,0
1786495099,898396730,100.0,-1.7199981848346155,-1.7038052717791956,-1.1326659361468714,-4.6177348534213465,-4.890387598668234,0.6930350065231323,0.0,-0.0,0.0,0.0,0.0,0.0,0.0,0.0,0.0,0.0,0.0,0.0,0
1786495099,918451786,100.0,-1.7200225035296839,-1.7038052717791956,-1.1326897780047815,-4.6177948156939905,-4.890327755604879,0.6930350065231323,0.0,-0.0,0.0,0.0,0.0,0.0,0.0,0.0,0.0,0.0,0.0,0.0,0
1786495099,938866615,100.0,-1.7199862639056605,-1.7038052717791956,-1.1326897780047815,-4.617746893559591,-4.890399638806478,0.6930709481239319,0.0,-0.0,0.0,0.0,0.0,0.0,0.0,0.0,0.0,0.0,0.0,0.0,0
1786495099,958514928,100.0,-1.7199862639056605,-1.7038167158709925,-1.1326773802386683,-4.617758814488546,-4.890339676533834,0.6930230259895325,0.0,-0.0,0.0,0.0,0.0,0.0,0.0,0.0,0.0,0.0,0.0,0.0,0
1786495099,978638410,100.0,-1.7200701872455042,-1.7037928740130823,-1.1327016989337366,-4.6177348534213465,-4.890351716672079,0.6930469870567322,0.0,-0.0,0.0,0.0,0.0,0.0,0.0,0.0,0.0,0.0,0.0,0.0,0
1786495099,998493432,100.0,-1.7199981848346155,-1.7038167158709925,-1.1326659361468714,-4.617770854626791,-4.890363637601034,0.6929990649223328,0.0,-0.0,0.0,0.0,0.0,0.0,0.0,0.0,0.0,0.0,0.0,0.0,0
1786495100,18380880,100.0,-1.7199743429767054,-1.7038167158709925,-1.1326773802386683,-4.6177348534213465,-4.890387598668234,0.6930709481239319,0.0,-0.0,0.0,0.0,0.0,0.0,0.0,0.0,0.0,0.0,0.0,0.0,0
1786495100,38527011,100.0,-1.7199862639056605,-1.7038052717791956,-1.1327255407916468,-4.617758814488546,-4.890351716672079,0.6930469870567322,0.0,-0.0,0.0,0.0,0.0,0.0,0.0,0.0,0.0,0.0,0.0,0.0,0
1786495100,58424472,100.0,-1.7200105826007288,-1.7037809530841272,-1.1327136198626917,-4.617758814488546,-4.890327755604879,0.693058967590332,0.0,-0.0,0.0,0.0,0.0,0.0,0.0,0.0,0.0,0.0,0.0,0.0,0
1786495100,78611373,100.0,-1.7200225035296839,-1.7037928740130823,-1.1326897780047815,-4.617746893559591,-4.890339676533834,0.6930469870567322,0.0,-0.0,0.0,0.0,0.0,0.0,0.0,0.0,0.0,0.0,0.0,0.0,0
1786495100,98377227,100.0,-1.7199981848346155,-1.7038052717791956,-1.1326897780047815,-4.617770854626791,-4.890351716672079,0.6930469870567322,0.0,-0.0,0.0,0.0,0.0,0.0,0.0,0.0,0.0,0.0,0.0,0.0,0
1786495100,118515729,100.0,-1.7199862639056605,-1.7038167158709925,-1.1326540152179163,-4.617722932492391,-4.890399638806478,0.6930110454559326,0.0,-0.0,0.0,0.0,0.0,0.0,0.0,0.0,0.0,0.0,0.0,0.0,0
1786495100,138357400,100.0,-1.7199624220477503,-1.7037809530841272,-1.1327255407916468,-4.617806855832235,-4.890387598668234,0.6930709481239319,0.0,-0.0,0.0,0.0,0.0,0.0,0.0,0.0,0.0,0.0,0.0,0.0,0
1786495100,158539533,100.0,-1.7200225035296839,-1.7037690321551722,-1.1327016989337366,-4.617770854626791,-4.890363637601034,0.693058967590332,0.0,-0.0,0.0,0.0,0.0,0.0,0.0,0.0,0.0,0.0,0.0,0.0,0
1786495100,179209232,100.0,-1.720034424458639,-1.7038410345660608,-1.1326659361468714,-4.6177348534213465,-4.890339676533834,0.6930469870567322,0.0,-0.0,0.0,0.0,0.0,0.0,0.0,0.0,0.0,0.0,0.0,0.0,0
1786495100,198587417,100.0,-1.7200225035296839,-1.7038410345660608,-1.1327016989337366,-4.6177828947650355,-4.890412036572592,0.6930350065231323,0.0,-0.0,0.0,0.0,0.0,0.0,0.0,0.0,0.0,0.0,0.0,0.0,0
1786495100,218430995,100.0,-1.7200105826007288,-1.7038167158709925,-1.1327016989337366,-4.6177948156939905,-4.890412036572592,0.6930829286575317,0.0,-0.0,0.0,0.0,0.0,0.0,0.0,0.0,0.0,0.0,0.0,0.0,0
1786495100,238455295,100.0,-1.7199981848346155,-1.7038410345660608,-1.1326897780047815,-4.6177348534213465,-4.890399638806478,0.6930230259895325,0.0,-0.0,0.0,0.0,0.0,0.0,0.0,0.0,0.0,0.0,0.0,0.0,0
1786495100,258438110,100.0,-1.7200105826007288,-1.7037690321551722,-1.1326659361468714,-4.617710892354147,-4.890339676533834,0.6930230259895325,0.0,-0.0,0.0,0.0,0.0,0.0,0.0,0.0,0.0,0.0,0.0,0.0,0
1786495100,278456687,100.0,-1.7200105826007288,-1.7038167158709925,-1.1326773802386683,-4.6177828947650355,-4.890351716672079,0.6930709481239319,0.0,-0.0,0.0,0.0,0.0,0.0,0.0,0.0,0.0,0.0,0.0,0.0,0
1786495100,298564910,100.0,-1.7199862639056605,-1.7038410345660608,-1.1327136198626917,-4.617746893559591,-4.890339676533834,0.6929870843887329,0.0,-0.0,0.0,0.0,0.0,0.0,0.0,0.0,0.0,0.0,0.0,0.0,0
1786495100,318512916,100.0,-1.7199862639056605,-1.7038410345660608,-1.1327136198626917,-4.617746893559591,-4.890339676533834,0.6929870843887329,0.0,-0.0,0.0,0.0,0.0,0.0,0.0,0.0,0.0,0.0,0.0,0.0,0
1786495100,338452577,100.0,-1.7199862639056605,-1.7038410345660608,-1.1327136198626917,-4.617746893559591,-4.890339676533834,0.6929870843887329,0.0,-0.0,0.0,0.0,0.0,0.0,0.0,0.0,0.0,0.0,0.0,0.0,0
1786495100,358523845,100.0,-1.7199862639056605,-1.7038052717791956,-1.1327136198626917,-4.6177828947650355,-4.890327755604879,0.6930709481239319,0.0,-0.0,0.0,0.0,0.0,0.0,0.0,0.0,0.0,0.0,0.0,0.0,0
1786495100,378302812,100.0,-1.720046345387594,-1.7038167158709925,-1.1327016989337366,-4.6177948156939905,-4.890387598668234,0.6930110454559326,0.0,-0.0,0.0,0.0,0.0,0.0,0.0,0.0,0.0,0.0,0.0,0.0,0
1786495100,398349761,100.0,-1.7199862639056605,-1.7037690321551722,-1.1326773802386683,-4.617758814488546,-4.890351716672079,0.6929990649223328,0.0,-0.0,0.0,0.0,0.0,0.0,0.0,0.0,0.0,0.0,0.0,0.0,0
1786495100,418261766,100.0,-1.7200105826007288,-1.7037928740130823,-1.1326773802386683,-4.617722932492391,-4.890399638806478,0.693058967590332,0.0,-0.0,0.0,0.0,0.0,0.0,0.0,0.0,0.0,0.0,0.0,0.0,0
1786495100,438450574,100.0,-1.7200105826007288,-1.7037809530841272,-1.1326897780047815,-4.617770854626791,-4.890339676533834,0.6930110454559326,0.0,-0.0,0.0,0.0,0.0,0.0,0.0,0.0,0.0,0.0,0.0,0.0,0
1786495100,458282947,100.0,-1.7199862639056605,-1.7038167158709925,-1.1326659361468714,-4.617710892354147,-4.8903037945376795,0.6930230259895325,0.0,-0.0,0.0,0.0,0.0,0.0,0.0,0.0,0.0,0.0,0.0,0.0,0
1786495100,478409767,100.0,-1.720034424458639,-1.703745190297262,-1.1327374617206019,-4.6177348534213465,-4.890351716672079,0.6930110454559326,0.0,-0.0,0.0,0.0,0.0,0.0,0.0,0.0,0.0,0.0,0.0,0.0,0
1786495100,498363971,100.0,-1.7199981848346155,-1.7038052717791956,-1.1326540152179163,-4.6177948156939905,-4.890339676533834,0.6929990649223328,0.0,-0.0,0.0,0.0,0.0,0.0,0.0,0.0,0.0,0.0,0.0,0.0,0
1786495100,518374919,100.0,-1.7199743429767054,-1.7037690321551722,-1.1327016989337366,-4.617806855832235,-4.890339676533834,0.6930469870567322,0.0,-0.0,0.0,0.0,0.0,0.0,0.0,0.0,0.0,0.0,0.0,0.0,0
1786495100,538325548,100.0,-1.7199981848346155,-1.7037809530841272,-1.1327374617206019,-4.6177948156939905,-4.890351716672079,0.6930230259895325,0.0,-0.0,0.0,0.0,0.0,0.0,0.0,0.0,0.0,0.0,0.0,0.0,0
1786495100,558432340,100.0,-1.7199862639056605,-1.7037690321551722,-1.1327136198626917,-4.6177348534213465,-4.890387598668234,0.6930110454559326,0.0,-0.0,0.0,0.0,0.0,0.0,0.0,0.0,0.0,0.0,0.0,0.0,0
1786495100,578395366,100.0,-1.7199505011187952,-1.7037928740130823,-1.1327374617206019,-4.6177348534213465,-4.890387598668234,0.6930469870567322,0.0,-0.0,0.0,0.0,0.0,0.0,0.0,0.0,0.0,0.0,0.0,0.0,0
1786495100,598602294,100.0,-1.7199862639056605,-1.7037809530841272,-1.1326659361468714,-4.6177828947650355,-4.890363637601034,0.693058967590332,0.0,-0.0,0.0,0.0,0.0,0.0,0.0,0.0,0.0,0.0,0.0,0.0,0
1786495100,618413209,100.0,-1.7200105826007288,-1.7038052717791956,-1.1327374617206019,-4.617746893559591,-4.890412036572592,0.6930230259895325,0.0,-0.0,0.0,0.0,0.0,0.0,0.0,0.0,0.0,0.0,0.0,0.0,0
1786495100,638569355,100.0,-1.7199624220477503,-1.7038052717791956,-1.1327255407916468,-4.617758814488546,-4.890327755604879,0.6930949091911316,0.0,-0.0,0.0,0.0,0.0,0.0,0.0,0.0,0.0,0.0,0.0,0.0,0
1786495100,658334970,100.0,-1.7200225035296839,-1.7038167158709925,-1.1326659361468714,-4.6177948156939905,-4.890339676533834,0.6930350065231323,0.0,-0.0,0.0,0.0,0.0,0.0,0.0,0.0,0.0,0.0,0.0,0.0,0
1786495100,678395748,100.0,-1.720046345387594,-1.7038052717791956,-1.1327136198626917,-4.617758814488546,-4.890363637601034,0.693058967590332,0.0,-0.0,0.0,0.0,0.0,0.0,0.0,0.0,0.0,0.0,0.0,0.0,0
1786495100,698406696,100.0,-1.7200225035296839,-1.7037809530841272,-1.1326773802386683,-4.617770854626791,-4.890351716672079,0.6930230259895325,0.0,-0.0,0.0,0.0,0.0,0.0,0.0,0.0,0.0,0.0,0.0,0.0,0
1786495100,718429088,100.0,-1.7199981848346155,-1.7038167158709925,-1.1327016989337366,-4.6177348534213465,-4.890315715466635,0.6930230259895325,0.0,-0.0,0.0,0.0,0.0,0.0,0.0,0.0,0.0,0.0,0.0,0.0,0
1786495100,738264560,100.0,-1.7200105826007288,-1.7038291136371058,-1.132749382649557,-4.617758814488546,-4.890351716672079,0.6930469870567322,0.0,-0.0,0.0,0.0,0.0,0.0,0.0,0.0,0.0,0.0,0.0,0.0,0
1786495100,758579254,100.0,-1.7199981848346155,-1.703852955495016,-1.1327016989337366,-4.6177828947650355,-4.890339676533834,0.6930230259895325,0.0,-0.0,0.0,0.0,0.0,0.0,0.0,0.0,0.0,0.0,0.0,0.0,0
1786495100,778268575,100.0,-1.7200105826007288,-1.7038167158709925,-1.1327016989337366,-4.617722932492391,-4.890375677739279,0.6930110454559326,0.0,-0.0,0.0,0.0,0.0,0.0,0.0,0.0,0.0,0.0,0.0,0.0,0
1786495100,798709869,100.0,-1.7200105826007288,-1.7038291136371058,-1.1327016989337366,-4.6177348534213465,-4.890339676533834,0.6930709481239319,0.0,-0.0,0.0,0.0,0.0,0.0,0.0,0.0,0.0,0.0,0.0,0.0,0
1786495100,818267583,100.0,-1.7199981848346155,-1.703864876423971,-1.1327255407916468,-4.617746893559591,-4.890387598668234,0.6930350065231323,0.0,-0.0,0.0,0.0,0.0,0.0,0.0,0.0,0.0,0.0,0.0,0.0,0
1786495100,838370561,100.0,-1.7200225035296839,-1.7037928740130823,-1.1326897780047815,-4.617770854626791,-4.890339676533834,0.6929990649223328,0.0,-0.0,0.0,0.0,0.0,0.0,0.0,0.0,0.0,0.0,0.0,0.0,0
1786495100,858521938,100.0,-1.7200225035296839,-1.7037928740130823,-1.1326659361468714,-4.617746893559591,-4.890375677739279,0.6930350065231323,0.0,-0.0,0.0,0.0,0.0,0.0,0.0,0.0,0.0,0.0,0.0,0.0,0
1786495100,878424644,100.0,-1.7200105826007288,-1.703757111226217,-1.1326897780047815,-4.617758814488546,-4.890327755604879,0.6930350065231323,0.0,-0.0,0.0,0.0,0.0,0.0,0.0,0.0,0.0,0.0,0.0,0.0,0
1786495100,898220062,100.0,-1.7199981848346155,-1.703745190297262,-1.1327136198626917,-4.617722932492391,-4.890387598668234,0.6930110454559326,0.0,-0.0,0.0,0.0,0.0,0.0,0.0,0.0,0.0,0.0,0.0,0.0,0
1786495100,918522596,100.0,-1.7200105826007288,-1.7037928740130823,-1.1326420942889612,-4.617722932492391,-4.890375677739279,0.6929990649223328,0.0,-0.0,0.0,0.0,0.0,0.0,0.0,0.0,0.0,0.0,0.0,0.0,0
1786495100,938305854,100.0,-1.7200225035296839,-1.7038052717791956,-1.1327374617206019,-4.617746893559591,-4.890339676533834,0.6930469870567322,0.0,-0.0,0.0,0.0,0.0,0.0,0.0,0.0,0.0,0.0,0.0,0.0,0
1786495100,958372831,100.0,-1.7200105826007288,-1.703852955495016,-1.132749382649557,-4.617770854626791,-4.8903037945376795,0.6930709481239319,0.0,-0.0,0.0,0.0,0.0,0.0,0.0,0.0,0.0,0.0,0.0,0.0,0
1786495100,978324413,100.0,-1.7199981848346155,-1.7038410345660608,-1.132749382649557,-4.617722932492391,-4.890339676533834,0.6930110454559326,0.0,-0.0,0.0,0.0,0.0,0.0,0.0,0.0,0.0,0.0,0.0,0.0,0
1786495100,998662233,100.0,-1.7199981848346155,-1.7037690321551722,-1.1327255407916468,-4.617758814488546,-4.890327755604879,0.6929990649223328,0.0,-0.0,0.0,0.0,0.0,0.0,0.0,0.0,0.0,0.0,0.0,0.0,0
1786495101,18266201,100.0,-1.7200225035296839,-1.7038052717791956,-1.1327016989337366,-4.617722932492391,-4.890327755604879,0.6930469870567322,0.0,-0.0,0.0,0.0,0.0,0.0,0.0,0.0,0.0,0.0,0.0,0.0,0
1786495101,38373708,100.0,-1.7199862639056605,-1.7037928740130823,-1.1326420942889612,-4.617746893559591,-4.890399638806478,0.6930469870567322,0.0,-0.0,0.0,0.0,0.0,0.0,0.0,0.0,0.0,0.0,0.0,0.0,0
1786495101,58304548,100.0,-1.7200225035296839,-1.7037809530841272,-1.1326773802386683,-4.617758814488546,-4.890351716672079,0.6930230259895325,0.0,-0.0,0.0,0.0,0.0,0.0,0.0,0.0,0.0,0.0,0.0,0.0,0
1786495101,78559398,100.0,-1.7200225035296839,-1.7037690321551722,-1.1327136198626917,-4.617758814488546,-4.890339676533834,0.6930230259895325,0.0,-0.0,0.0,0.0,0.0,0.0,0.0,0.0,0.0,0.0,0.0,0.0,0
1786495101,98544359,100.0,-1.7199505011187952,-1.7037928740130823,-1.1327016989337366,-4.617758814488546,-4.890375677739279,0.6930469870567322,0.0,-0.0,0.0,0.0,0.0,0.0,0.0,0.0,0.0,0.0,0.0,0.0,0
1786495101,118422985,100.0,-1.720046345387594,-1.7038291136371058,-1.1326773802386683,-4.617746893559591,-4.890351716672079,0.6930469870567322,0.0,-0.0,0.0,0.0,0.0,0.0,0.0,0.0,0.0,0.0,0.0,0.0,0
1786495101,139415264,100.0,-1.7200225035296839,-1.7037809530841272,-1.1327016989337366,-4.617722932492391,-4.890339676533834,0.6930709481239319,0.0,-0.0,0.0,0.0,0.0,0.0,0.0,0.0,0.0,0.0,0.0,0.0,0
1786495101,158601522,100.0,-1.7200225035296839,-1.7038291136371058,-1.1327136198626917,-4.617758814488546,-4.890363637601034,0.6930709481239319,0.0,-0.0,0.0,0.0,0.0,0.0,0.0,0.0,0.0,0.0,0.0,0.0,0
1786495101,178388118,100.0,-1.7200105826007288,-1.7038167158709925,-1.1327136198626917,-4.617722932492391,-4.890363637601034,0.6930230259895325,0.0,-0.0,0.0,0.0,0.0,0.0,0.0,0.0,0.0,0.0,0.0,0.0,0
1786495101,198768615,100.0,-1.7199743429767054,-1.7038291136371058,-1.1327016989337366,-4.617770854626791,-4.890351716672079,0.6930469870567322,0.0,-0.0,0.0,0.0,0.0,0.0,0.0,0.0,0.0,0.0,0.0,0.0,0
1786495101,219302892,100.0,-1.7200225035296839,-1.7038167158709925,-1.1326897780047815,-4.6177948156939905,-4.890375677739279,0.6930350065231323,0.0,-0.0,0.0,0.0,0.0,0.0,0.0,0.0,0.0,0.0,0.0,0.0,0
1786495101,238528728,100.0,-1.7199862639056605,-1.7038167158709925,-1.1326773802386683,-4.617746893559591,-4.890375677739279,0.6930350065231323,0.0,-0.0,0.0,0.0,0.0,0.0,0.0,0.0,0.0,0.0,0.0,0.0,0
1786495101,258421421,100.0,-1.7199505011187952,-1.7038052717791956,-1.1326897780047815,-4.6177948156939905,-4.890351716672079,0.693058967590332,0.0,-0.0,0.0,0.0,0.0,0.0,0.0,0.0,0.0,0.0,0.0,0.0,0
1786495101,278774976,100.0,-1.720034424458639,-1.7037928740130823,-1.1327255407916468,-4.617758814488546,-4.890375677739279,0.693058967590332,0.0,-0.0,0.0,0.0,0.0,0.0,0.0,0.0,0.0,0.0,0.0,0.0,0
1786495101,299835443,100.0,-1.7199981848346155,-1.7037690321551722,-1.1327255407916468,-4.617722932492391,-4.890351716672079,0.6930829286575317,0.0,-0.0,0.0,0.0,0.0,0.0,0.0,0.0,0.0,0.0,0.0,0.0,0
1786495101,318831682,100.0,-1.7199981848346155,-1.703745190297262,-1.1327374617206019,-4.617758814488546,-4.890351716672079,0.6930350065231323,0.0,-0.0,0.0,0.0,0.0,0.0,0.0,0.0,0.0,0.0,0.0,0.0,0
1786495101,338605880,100.0,-1.7200582663165491,-1.7037690321551722,-1.1327016989337366,-4.617758814488546,-4.890327755604879,0.6931189298629761,0.0,-0.0,0.0,0.0,0.0,0.0,0.0,0.0,0.0,0.0,0.0,0.0,0
1786495101,358845710,100.0,-1.720034424458639,-1.7038052717791956,-1.1327255407916468,-4.617770854626791,-4.890327755604879,0.6930469870567322,0.0,-0.0,0.0,0.0,0.0,0.0,0.0,0.0,0.0,0.0,0.0,0.0,0
1786495101,378387451,100.0,-1.720046345387594,-1.7038167158709925,-1.132749382649557,-4.617710892354147,-4.890351716672079,0.6930350065231323,0.0,-0.0,0.0,0.0,0.0,0.0,0.0,0.0,0.0,0.0,0.0,0.0,0
1786495101,398619890,100.0,-1.7199862639056605,-1.703864876423971,-1.1326773802386683,-4.617710892354147,-4.890363637601034,0.6930469870567322,0.0,-0.0,0.0,0.0,0.0,0.0,0.0,0.0,0.0,0.0,0.0,0.0,0
1786495101,418321371,100.0,-1.7200225035296839,-1.7038052717791956,-1.1326897780047815,-4.617770854626791,-4.890351716672079,0.6930709481239319,0.0,-0.0,0.0,0.0,0.0,0.0,0.0,0.0,0.0,0.0,0.0,0.0,0
1786495101,438381195,100.0,-1.7199981848346155,-1.7038167158709925,-1.1327016989337366,-4.617746893559591,-4.890387598668234,0.6930110454559326,0.0,-0.0,0.0,0.0,0.0,0.0,0.0,0.0,0.0,0.0,0.0,0.0,0
1786495101,458347558,100.0,-1.7200225035296839,-1.7038052717791956,-1.1326773802386683,-4.6177348534213465,-4.890387598668234,0.6930829286575317,0.0,-0.0,0.0,0.0,0.0,0.0,0.0,0.0,0.0,0.0,0.0,0.0,0
1786495101,478702068,100.0,-1.720034424458639,-1.7038052717791956,-1.1327374617206019,-4.617710892354147,-4.890399638806478,0.6930110454559326,0.0,-0.0,0.0,0.0,0.0,0.0,0.0,0.0,0.0,0.0,0.0,0.0,0
1786495101,498423576,100.0,-1.7199743429767054,-1.7038052717791956,-1.1326773802386683,-4.617710892354147,-4.890375677739279,0.6930709481239319,0.0,-0.0,0.0,0.0,0.0,0.0,0.0,0.0,0.0,0.0,0.0,0.0,0
1786495101,518604278,100.0,-1.7199505011187952,-1.7038052717791956,-1.1326773802386683,-4.6177348534213465,-4.890399638806478,0.6930350065231323,0.0,-0.0,0.0,0.0,0.0,0.0,0.0,0.0,0.0,0.0,0.0,0.0,0
1786495101,538358688,100.0,-1.7200105826007288,-1.7037690321551722,-1.1327136198626917,-4.6177348534213465,-4.890339676533834,0.6930469870567322,0.0,-0.0,0.0,0.0,0.0,0.0,0.0,0.0,0.0,0.0,0.0,0.0,0
1786495101,558450460,100.0,-1.7199981848346155,-1.7037809530841272,-1.1327255407916468,-4.617722932492391,-4.890363637601034,0.6930350065231323,0.0,-0.0,0.0,0.0,0.0,0.0,0.0,0.0,0.0,0.0,0.0,0.0,0
1786495101,578183174,100.0,-1.7200105826007288,-1.7037809530841272,-1.1327374617206019,-4.617770854626791,-4.890351716672079,0.6930110454559326,0.0,-0.0,0.0,0.0,0.0,0.0,0.0,0.0,0.0,0.0,0.0,0.0,0
1786495101,598428010,100.0,-1.720034424458639,-1.7038291136371058,-1.1326773802386683,-4.6177948156939905,-4.890375677739279,0.6930350065231323,0.0,-0.0,0.0,0.0,0.0,0.0,0.0,0.0,0.0,0.0,0.0,0.0,0
1786495101,618255853,100.0,-1.7199862639056605,-1.7038291136371058,-1.1327374617206019,-4.617746893559591,-4.890327755604879,0.6930230259895325,0.0,-0.0,0.0,0.0,0.0,0.0,0.0,0.0,0.0,0.0,0.0,0.0,0
1786495101,638403177,100.0,-1.7200105826007288,-1.7037690321551722,-1.132749382649557,-4.6177828947650355,-4.890399638806478,0.6930709481239319,0.0,-0.0,0.0,0.0,0.0,0.0,0.0,0.0,0.0,0.0,0.0,0.0,0
1786495101,658334016,100.0,-1.720034424458639,-1.7038052717791956,-1.1327016989337366,-4.617770854626791,-4.890327755604879,0.6930230259895325,0.0,-0.0,0.0,0.0,0.0,0.0,0.0,0.0,0.0,0.0,0.0,0.0,0
1786495101,678525447,100.0,-1.7200105826007288,-1.7038052717791956,-1.1327374617206019,-4.6177828947650355,-4.890351716672079,0.6930469870567322,0.0,-0.0,0.0,0.0,0.0,0.0,0.0,0.0,0.0,0.0,0.0,0.0,0
1786495101,698459148,100.0,-1.720046345387594,-1.703852955495016,-1.1327737013446253,-4.617770854626791,-4.890387598668234,0.6930230259895325,0.0,-0.0,0.0,0.0,0.0,0.0,0.0,0.0,0.0,0.0,0.0,0.0,0
1786495101,718460321,100.0,-1.7199862639056605,-1.7038167158709925,-1.1327016989337366,-4.617770854626791,-4.890327755604879,0.6930949091911316,0.0,-0.0,0.0,0.0,0.0,0.0,0.0,0.0,0.0,0.0,0.0,0.0,0
1786495101,738390445,100.0,-1.7200225035296839,-1.7038410345660608,-1.132749382649557,-4.617722932492391,-4.890363637601034,0.6930350065231323,0.0,-0.0,0.0,0.0,0.0,0.0,0.0,0.0,0.0,0.0,0.0,0.0,0
1786495101,758424282,100.0,-1.7199743429767054,-1.7038410345660608,-1.1327374617206019,-4.6177948156939905,-4.890363637601034,0.6930709481239319,0.0,-0.0,0.0,0.0,0.0,0.0,0.0,0.0,0.0,0.0,0.0,0.0,0
1786495101,778435230,100.0,-1.7199981848346155,-1.703745190297262,-1.1327136198626917,-4.617770854626791,-4.890363637601034,0.6930829286575317,0.0,-0.0,0.0,0.0,0.0,0.0,0.0,0.0,0.0,0.0,0.0,0.0,0
1786495101,798578739,100.0,-1.7200105826007288,-1.7038291136371058,-1.1326659361468714,-4.617686931286947,-4.890375677739279,0.6930469870567322,0.0,-0.0,0.0,0.0,0.0,0.0,0.0,0.0,0.0,0.0,0.0,0.0,0
1786495101,818296909,100.0,-1.7199981848346155,-1.7038410345660608,-1.1327016989337366,-4.617722932492391,-4.890375677739279,0.6930709481239319,0.0,-0.0,0.0,0.0,0.0,0.0,0.0,0.0,0.0,0.0,0.0,0.0,0
1786495101,838436603,100.0,-1.7200582663165491,-1.703757111226217,-1.1326420942889612,-4.6177948156939905,-4.890375677739279,0.6930230259895325,0.0,-0.0,0.0,0.0,0.0,0.0,0.0,0.0,0.0,0.0,0.0,0.0,0
1786495101,858321666,100.0,-1.7199981848346155,-1.7037809530841272,-1.1326773802386683,-4.6177948156939905,-4.890339676533834,0.693058967590332,0.0,-0.0,0.0,0.0,0.0,0.0,0.0,0.0,0.0,0.0,0.0,0.0,0
1786495101,878461599,100.0,-1.7199981848346155,-1.7038052717791956,-1.1327255407916468,-4.617758814488546,-4.890363637601034,0.6930829286575317,0.0,-0.0,0.0,0.0,0.0,0.0,0.0,0.0,0.0,0.0,0.0,0.0,0
1786495101,898452281,100.0,-1.7200225035296839,-1.7038291136371058,-1.1326897780047815,-4.617770854626791,-4.890363637601034,0.693058967590332,0.0,-0.0,0.0,0.0,0.0,0.0,0.0,0.0,0.0,0.0,0.0,0.0,0
1786495101,918547868,100.0,-1.7199981848346155,-1.703852955495016,-1.1327016989337366,-4.6177828947650355,-4.890387598668234,0.6930230259895325,0.0,-0.0,0.0,0.0,0.0,0.0,0.0,0.0,0.0,0.0,0.0,0.0,0
1786495101,938385486,100.0,-1.7199862639056605,-1.7038291136371058,-1.1327016989337366,-4.617770854626791,-4.890327755604879,0.6929870843887329,0.0,-0.0,0.0,0.0,0.0,0.0,0.0,0.0,0.0,0.0,0.0,0.0,0
1786495101,958510637,100.0,-1.7200582663165491,-1.7038410345660608,-1.1327136198626917,-4.6177828947650355,-4.890387598668234,0.6930709481239319,0.0,-0.0,0.0,0.0,0.0,0.0,0.0,0.0,0.0,0.0,0.0,0.0,0
1786495101,978330135,100.0,-1.7200225035296839,-1.7038167158709925,-1.1327136198626917,-4.6177348534213465,-4.890351716672079,0.6930110454559326,0.0,-0.0,0.0,0.0,0.0,0.0,0.0,0.0,0.0,0.0,0.0,0.0,0
1786495101,998445510,100.0,-1.7200105826007288,-1.7037928740130823,-1.1326897780047815,-4.617746893559591,-4.890339676533834,0.6930469870567322,0.0,-0.0,0.0,0.0,0.0,0.0,0.0,0.0,0.0,0.0,0.0,0.0,0
1786495102,18323421,100.0,-1.7199862639056605,-1.7037809530841272,-1.1326773802386683,-4.617770854626791,-4.890375677739279,0.6930230259895325,0.0,-0.0,0.0,0.0,0.0,0.0,0.0,0.0,0.0,0.0,0.0,0.0,0
1786495102,38536787,100.0,-1.7199981848346155,-1.7037213484393519,-1.1327136198626917,-4.617746893559591,-4.890339676533834,0.693058967590332,0.0,-0.0,0.0,0.0,0.0,0.0,0.0,0.0,0.0,0.0,0.0,0.0,0
1786495102,58375358,100.0,-1.7200105826007288,-1.703757111226217,-1.1326897780047815,-4.617722932492391,-4.890351716672079,0.6930829286575317,0.0,-0.0,0.0,0.0,0.0,0.0,0.0,0.0,0.0,0.0,0.0,0.0,0
1786495102,78635692,100.0,-1.720034424458639,-1.7038167158709925,-1.1327136198626917,-4.617746893559591,-4.890399638806478,0.6930350065231323,0.0,-0.0,0.0,0.0,0.0,0.0,0.0,0.0,0.0,0.0,0.0,0.0,0
1786495102,98416566,100.0,-1.720034424458639,-1.7038167158709925,-1.1327374617206019,-4.617758814488546,-4.890399638806478,0.6930230259895325,0.0,-0.0,0.0,0.0,0.0,0.0,0.0,0.0,0.0,0.0,0.0,0.0,0
1786495102,118414402,100.0,-1.7199862639056605,-1.7038052717791956,-1.1327136198626917,-4.617770854626791,-4.890387598668234,0.6930110454559326,0.0,-0.0,0.0,0.0,0.0,0.0,0.0,0.0,0.0,0.0,0.0,0.0,0
1786495102,138545751,100.0,-1.7200225035296839,-1.7038167158709925,-1.1327374617206019,-4.617722932492391,-4.890351716672079,0.6930469870567322,0.0,-0.0,0.0,0.0,0.0,0.0,0.0,0.0,0.0,0.0,0.0,0.0,0
1786495102,158380746,100.0,-1.7200105826007288,-1.7038167158709925,-1.1326773802386683,-4.617770854626791,-4.890327755604879,0.693058967590332,0.0,-0.0,0.0,0.0,0.0,0.0,0.0,0.0,0.0,0.0,0.0,0.0,0
1786495102,178363323,100.0,-1.720034424458639,-1.7038410345660608,-1.1327136198626917,-4.617746893559591,-4.890327755604879,0.6930230259895325,0.0,-0.0,0.0,0.0,0.0,0.0,0.0,0.0,0.0,0.0,0.0,0.0,0
1786495102,198643445,100.0,-1.7200701872455042,-1.703852955495016,-1.1326659361468714,-4.6177348534213465,-4.890387598668234,0.6930469870567322,0.0,-0.0,0.0,0.0,0.0,0.0,0.0,0.0,0.0,0.0,0.0,0.0,0
1786495102,218395948,100.0,-1.7199862639056605,-1.7037809530841272,-1.132749382649557,-4.6177348534213465,-4.890315715466635,0.6929990649223328,0.0,-0.0,0.0,0.0,0.0,0.0,0.0,0.0,0.0,0.0,0.0,0.0,0
1786495102,238440990,100.0,-1.720046345387594,-1.7037809530841272,-1.1327136198626917,-4.617722932492391,-4.890339676533834,0.6930350065231323,0.0,-0.0,0.0,0.0,0.0,0.0,0.0,0.0,0.0,0.0,0.0,0.0,0
1786495102,258280038,100.0,-1.7200105826007288,-1.7038291136371058,-1.1326773802386683,-4.6177828947650355,-4.890375677739279,0.6930469870567322,0.0,-0.0,0.0,0.0,0.0,0.0,0.0,0.0,0.0,0.0,0.0,0.0,0
1786495102,278367996,100.0,-1.7199981848346155,-1.7038291136371058,-1.1327136198626917,-4.617722932492391,-4.890387598668234,0.6930110454559326,0.0,-0.0,0.0,0.0,0.0,0.0,0.0,0.0,0.0,0.0,0.0,0.0,0
1786495102,298346042,100.0,-1.7200225035296839,-1.703852955495016,-1.1327016989337366,-4.617722932492391,-4.890375677739279,0.6930110454559326,0.0,-0.0,0.0,0.0,0.0,0.0,0.0,0.0,0.0,0.0,0.0,0.0,0
1786495102,318347930,100.0,-1.7199624220477503,-1.7037928740130823,-1.1326659361468714,-4.6177948156939905,-4.890387598668234,0.6930949091911316,0.0,-0.0,0.0,0.0,0.0,0.0,0.0,0.0,0.0,0.0,0.0,0.0,0
1786495102,338254690,100.0,-1.7200105826007288,-1.7038052717791956,-1.1326897780047815,-4.617710892354147,-4.890339676533834,0.6930709481239319,0.0,-0.0,0.0,0.0,0.0,0.0,0.0,0.0,0.0,0.0,0.0,0.0,0
1786495102,358377933,100.0,-1.7199743429767054,-1.7037809530841272,-1.1327016989337366,-4.617746893559591,-4.890351716672079,0.6930469870567322,0.0,-0.0,0.0,0.0,0.0,0.0,0.0,0.0,0.0,0.0,0.0,0.0,0
1786495102,378386259,100.0,-1.7200105826007288,-1.7037690321551722,-1.1326897780047815,-4.6177348534213465,-4.890363637601034,0.693058967590332,0.0,-0.0,0.0,0.0,0.0,0.0,0.0,0.0,0.0,0.0,0.0,0.0,0
1786495102,398535490,100.0,-1.7200105826007288,-1.7037928740130823,-1.1327374617206019,-4.617746893559591,-4.890363637601034,0.693058967590332,0.0,-0.0,0.0,0.0,0.0,0.0,0.0,0.0,0.0,0.0,0.0,0.0,0
1786495102,418327331,100.0,-1.7199743429767054,-1.7038052717791956,-1.1326897780047815,-4.617722932492391,-4.890399638806478,0.6930469870567322,0.0,-0.0,0.0,0.0,0.0,0.0,0.0,0.0,0.0,0.0,0.0,0.0,0
1786495102,438369035,100.0,-1.7200105826007288,-1.7038291136371058,-1.1327136198626917,-4.617722932492391,-4.890363637601034,0.6929990649223328,0.0,-0.0,0.0,0.0,0.0,0.0,0.0,0.0,0.0,0.0,0.0,0.0,0
1786495102,458331584,100.0,-1.720046345387594,-1.7037809530841272,-1.1327136198626917,-4.617746893559591,-4.890315715466635,0.6930469870567322,0.0,-0.0,0.0,0.0,0.0,0.0,0.0,0.0,0.0,0.0,0.0,0.0,0
1786495102,478388071,100.0,-1.7200105826007288,-1.7038410345660608,-1.1326773802386683,-4.617770854626791,-4.890315715466635,0.6930709481239319,0.0,-0.0,0.0,0.0,0.0,0.0,0.0,0.0,0.0,0.0,0.0,0.0,0
1786495102,498384952,100.0,-1.7200225035296839,-1.7037928740130823,-1.1327255407916468,-4.617806855832235,-4.890351716672079,0.693058967590332,0.0,-0.0,0.0,0.0,0.0,0.0,0.0,0.0,0.0,0.0,0.0,0.0,0
1786495102,518436193,100.0,-1.7199981848346155,-1.7038291136371058,-1.1327374617206019,-4.6177348534213465,-4.890315715466635,0.6930350065231323,0.0,-0.0,0.0,0.0,0.0,0.0,0.0,0.0,0.0,0.0,0.0,0.0,0
1786495102,538328647,100.0,-1.7200225035296839,-1.7038291136371058,-1.1326659361468714,-4.6177828947650355,-4.890375677739279,0.6930469870567322,0.0,-0.0,0.0,0.0,0.0,0.0,0.0,0.0,0.0,0.0,0.0,0.0,0
1786495102,558420658,100.0,-1.7200821081744593,-1.7038052717791956,-1.1326897780047815,-4.6177828947650355,-4.890351716672079,0.6929990649223328,0.0,-0.0,0.0,0.0,0.0,0.0,0.0,0.0,0.0,0.0,0.0,0.0,0
1786495102,578364849,100.0,-1.7199981848346155,-1.703757111226217,-1.1326773802386683,-4.617746893559591,-4.890363637601034,0.693058967590332,0.0,-0.0,0.0,0.0,0.0,0.0,0.0,0.0,0.0,0.0,0.0,0.0,0
1786495102,598462104,100.0,-1.7200225035296839,-1.7038410345660608,-1.1326773802386683,-4.6177348534213465,-4.890315715466635,0.6929990649223328,0.0,-0.0,0.0,0.0,0.0,0.0,0.0,0.0,0.0,0.0,0.0,0.0,0
1786495102,618323802,100.0,-1.7199862639056605,-1.7038052717791956,-1.1327136198626917,-4.617770854626791,-4.890339676533834,0.6930469870567322,0.0,-0.0,0.0,0.0,0.0,0.0,0.0,0.0,0.0,0.0,0.0,0.0,0
1786495102,638455390,100.0,-1.7200105826007288,-1.7038052717791956,-1.1326897780047815,-4.617710892354147,-4.890375677739279,0.6930469870567322,0.0,-0.0,0.0,0.0,0.0,0.0,0.0,0.0,0.0,0.0,0.0,0.0,0
1786495102,658253908,100.0,-1.7200105826007288,-1.7038167158709925,-1.1327016989337366,-4.617746893559591,-4.890412036572592,0.6930469870567322,0.0,-0.0,0.0,0.0,0.0,0.0,0.0,0.0,0.0,0.0,0.0,0.0,0
1786495102,678426980,100.0,-1.720046345387594,-1.7037928740130823,-1.1327016989337366,-4.617770854626791,-4.890363637601034,0.6930829286575317,0.0,-0.0,0.0,0.0,0.0,0.0,0.0,0.0,0.0,0.0,0.0,0.0,0
1786495102,698414802,100.0,-1.7199862639056605,-1.7037809530841272,-1.1326897780047815,-4.617770854626791,-4.890339676533834,0.6930110454559326,0.0,-0.0,0.0,0.0,0.0,0.0,0.0,0.0,0.0,0.0,0.0,0.0,0
1786495102,718413829,100.0,-1.7200225035296839,-1.7038291136371058,-1.1327255407916468,-4.617746893559591,-4.890339676533834,0.6930230259895325,0.0,-0.0,0.0,0.0,0.0,0.0,0.0,0.0,0.0,0.0,0.0,0.0,0
1786495102,738370656,100.0,-1.7199743429767054,-1.7038052717791956,-1.1327255407916468,-4.6177828947650355,-4.890363637601034,0.6930110454559326,0.0,-0.0,0.0,0.0,0.0,0.0,0.0,0.0,0.0,0.0,0.0,0.0,0
1786495102,758390188,100.0,-1.7200105826007288,-1.7038052717791956,-1.1326659361468714,-4.617770854626791,-4.890327755604879,0.6930230259895325,0.0,-0.0,0.0,0.0,0.0,0.0,0.0,0.0,0.0,0.0,0.0,0.0,0
1786495102,778354883,100.0,-1.720046345387594,-1.7037690321551722,-1.1327016989337366,-4.617746893559591,-4.890351716672079,0.6930230259895325,0.0,-0.0,0.0,0.0,0.0,0.0,0.0,0.0,0.0,0.0,0.0,0.0,0
1786495102,798518180,100.0,-1.720034424458639,-1.703852955495016,-1.1327255407916468,-4.6177348534213465,-4.890399638806478,0.6930350065231323,0.0,-0.0,0.0,0.0,0.0,0.0,0.0,0.0,0.0,0.0,0.0,0.0,0
1786495102,818398475,100.0,-1.7200225035296839,-1.7038052717791956,-1.1327255407916468,-4.617806855832235,-4.890375677739279,0.693058967590332,0.0,-0.0,0.0,0.0,0.0,0.0,0.0,0.0,0.0,0.0,0.0,0.0,0
1786495102,838423490,100.0,-1.7200225035296839,-1.7038052717791956,-1.1327255407916468,-4.617758814488546,-4.890375677739279,0.6930709481239319,0.0,-0.0,0.0,0.0,0.0,0.0,0.0,0.0,0.0,0.0,0.0,0.0,0
1786495102,858324050,100.0,-1.7200105826007288,-1.7037928740130823,-1.1326659361468714,-4.6177828947650355,-4.890375677739279,0.6930110454559326,0.0,-0.0,0.0,0.0,0.0,0.0,0.0,0.0,0.0,0.0,0.0,0.0,0
1786495102,878388881,100.0,-1.7200582663165491,-1.703757111226217,-1.1326897780047815,-4.617746893559591,-4.890363637601034,0.6929870843887329,0.0,-0.0,0.0,0.0,0.0,0.0,0.0,0.0,0.0,0.0,0.0,0.0,0
1786495102,898352384,100.0,-1.720046345387594,-1.7038167158709925,-1.1326773802386683,-4.6177348534213465,-4.890315715466635,0.6930230259895325,0.0,-0.0,0.0,0.0,0.0,0.0,0.0,0.0,0.0,0.0,0.0,0.0,0
1786495102,918416500,100.0,-1.720046345387594,-1.7037809530841272,-1.1326773802386683,-4.6177828947650355,-4.890339676533834,0.6930469870567322,0.0,-0.0,0.0,0.0,0.0,0.0,0.0,0.0,0.0,0.0,0.0,0.0,0
1786495102,938352584,100.0,-1.7200225035296839,-1.7038052717791956,-1.1327136198626917,-4.617770854626791,-4.890375677739279,0.6930110454559326,0.0,-0.0,0.0,0.0,0.0,0.0,0.0,0.0,0.0,0.0,0.0,0.0,0
1786495102,958429336,100.0,-1.7200225035296839,-1.7037928740130823,-1.1327136198626917,-4.617722932492391,-4.890363637601034,0.6930230259895325,0.0,-0.0,0.0,0.0,0.0,0.0,0.0,0.0,0.0,0.0,0.0,0.0,0
1786495102,978411436,100.0,-1.7200582663165491,-1.7038410345660608,-1.1326773802386683,-4.617770854626791,-4.890327755604879,0.6930709481239319,0.0,-0.0,0.0,0.0,0.0,0.0,0.0,0.0,0.0,0.0,0.0,0.0,0
1786495102,998712062,100.0,-1.7200225035296839,-1.7038291136371058,-1.1327255407916468,-4.617710892354147,-4.890327755604879,0.6930709481239319,0.0,-0.0,0.0,0.0,0.0,0.0,0.0,0.0,0.0,0.0,0.0,0.0,0
1786495103,18340110,100.0,-1.7200225035296839,-1.7037809530841272,-1.1327016989337366,-4.617746893559591,-4.890351716672079,0.6930709481239319,0.0,-0.0,0.0,0.0,0.0,0.0,0.0,0.0,0.0,0.0,0.0,0.0,0
1786495103,38610219,100.0,-1.720046345387594,-1.7038167158709925,-1.1327255407916468,-4.617746893559591,-4.890387598668234,0.6929990649223328,0.0,-0.0,0.0,0.0,0.0,0.0,0.0,0.0,0.0,0.0,0.0,0.0,0
1786495103,58422088,100.0,-1.7200105826007288,-1.703852955495016,-1.1327016989337366,-4.617758814488546,-4.890339676533834,0.6930469870567322,0.0,-0.0,0.0,0.0,0.0,0.0,0.0,0.0,0.0,0.0,0.0,0.0,0
1786495103,78675985,100.0,-1.7199743429767054,-1.703852955495016,-1.1326897780047815,-4.617770854626791,-4.890375677739279,0.6930350065231323,0.0,-0.0,0.0,0.0,0.0,0.0,0.0,0.0,0.0,0.0,0.0,0.0,0
1786495103,98437070,100.0,-1.7200105826007288,-1.7038052717791956,-1.1327016989337366,-4.617758814488546,-4.890339676533834,0.6930350065231323,0.0,-0.0,0.0,0.0,0.0,0.0,0.0,0.0,0.0,0.0,0.0,0.0,0
1786495103,118508338,100.0,-1.7199862639056605,-1.7038052717791956,-1.1327255407916468,-4.617758814488546,-4.890375677739279,0.6930469870567322,0.0,-0.0,0.0,0.0,0.0,0.0,0.0,0.0,0.0,0.0,0.0,0.0,0
1786495103,138329267,100.0,-1.7200225035296839,-1.7038291136371058,-1.1327255407916468,-4.6177948156939905,-4.890399638806478,0.6930230259895325,0.0,-0.0,0.0,0.0,0.0,0.0,0.0,0.0,0.0,0.0,0.0,0.0,0
1786495103,158619165,100.0,-1.720046345387594,-1.7038167158709925,-1.1327136198626917,-4.617770854626791,-4.890339676533834,0.6930709481239319,0.0,-0.0,0.0,0.0,0.0,0.0,0.0,0.0,0.0,0.0,0.0,0.0,0
1786495103,178330659,100.0,-1.7200105826007288,-1.7038291136371058,-1.1326773802386683,-4.6177348534213465,-4.890351716672079,0.6930230259895325,0.0,-0.0,0.0,0.0,0.0,0.0,0.0,0.0,0.0,0.0,0.0,0.0,0
1786495103,198557376,100.0,-1.7199981848346155,-1.7038052717791956,-1.1327255407916468,-4.6177348534213465,-4.890375677739279,0.6930469870567322,0.0,-0.0,0.0,0.0,0.0,0.0,0.0,0.0,0.0,0.0,0.0,0.0,0
1786495103,218425273,100.0,-1.7199743429767054,-1.7037928740130823,-1.1326897780047815,-4.617770854626791,-4.890387598668234,0.6930469870567322,0.0,-0.0,0.0,0.0,0.0,0.0,0.0,0.0,0.0,0.0,0.0,0.0,0
1786495103,238431215,100.0,-1.7200225035296839,-1.7038052717791956,-1.1326773802386683,-4.617758814488546,-4.890339676533834,0.6930350065231323,0.0,-0.0,0.0,0.0,0.0,0.0,0.0,0.0,0.0,0.0,0.0,0.0,0
1786495103,258372306,100.0,-1.7199743429767054,-1.7037928740130823,-1.1327255407916468,-4.617710892354147,-4.890375677739279,0.6930230259895325,0.0,-0.0,0.0,0.0,0.0,0.0,0.0,0.0,0.0,0.0,0.0,0.0,0
1786495103,278583049,100.0,-1.7200225035296839,-1.7038167158709925,-1.132749382649557,-4.6177828947650355,-4.890363637601034,0.6930350065231323,0.0,-0.0,0.0,0.0,0.0,0.0,0.0,0.0,0.0,0.0,0.0,0.0,0
1786495103,298406362,100.0,-1.7200701872455042,-1.7038052717791956,-1.1327136198626917,-4.617710892354147,-4.890375677739279,0.693058967590332,0.0,-0.0,0.0,0.0,0.0,0.0,0.0,0.0,0.0,0.0,0.0,0.0,0
1786495103,318559646,100.0,-1.7199743429767054,-1.7038167158709925,-1.1326659361468714,-4.617722932492391,-4.890363637601034,0.6930949091911316,0.0,-0.0,0.0,0.0,0.0,0.0,0.0,0.0,0.0,0.0,0.0,0.0,0
1786495103,338355541,100.0,-1.7199981848346155,-1.703757111226217,-1.1326897780047815,-4.6177828947650355,-4.890327755604879,0.6930709481239319,0.0,-0.0,0.0,0.0,0.0,0.0,0.0,0.0,0.0,0.0,0.0,0.0,0
1786495103,358496427,100.0,-1.720034424458639,-1.7038167158709925,-1.1327016989337366,-4.617758814488546,-4.890363637601034,0.6930469870567322,0.0,-0.0,0.0,0.0,0.0,0.0,0.0,0.0,0.0,0.0,0.0,0.0,0
1786495103,378384828,100.0,-1.720034424458639,-1.7037690321551722,-1.1327016989337366,-4.6177348534213465,-4.890315715466635,0.6930469870567322,0.0,-0.0,0.0,0.0,0.0,0.0,0.0,0.0,0.0,0.0,0.0,0.0,0
1786495103,398516178,100.0,-1.7200225035296839,-1.7038410345660608,-1.1326897780047815,-4.617758814488546,-4.890387598668234,0.6930469870567322,0.0,-0.0,0.0,0.0,0.0,0.0,0.0,0.0,0.0,0.0,0.0,0.0,0
1786495103,418355941,100.0,-1.7200225035296839,-1.7038167158709925,-1.1326897780047815,-4.6177348534213465,-4.890363637601034,0.6930469870567322,0.0,-0.0,0.0,0.0,0.0,0.0,0.0,0.0,0.0,0.0,0.0,0.0,0
1786495103,438399314,100.0,-1.7199862639056605,-1.7037809530841272,-1.1327255407916468,-4.617770854626791,-4.890351716672079,0.6929990649223328,0.0,-0.0,0.0,0.0,0.0,0.0,0.0,0.0,0.0,0.0,0.0,0.0,0
1786495103,458403825,100.0,-1.720046345387594,-1.703852955495016,-1.1326773802386683,-4.617746893559591,-4.890327755604879,0.6930230259895325,0.0,-0.0,0.0,0.0,0.0,0.0,0.0,0.0,0.0,0.0,0.0,0.0,0
1786495103,478394985,100.0,-1.7200105826007288,-1.7038052717791956,-1.1326897780047815,-4.6177828947650355,-4.890327755604879,0.6930350065231323,0.0,-0.0,0.0,0.0,0.0,0.0,0.0,0.0,0.0,0.0,0.0,0.0,0
1786495103,498600959,100.0,-1.720046345387594,-1.7037809530841272,-1.1327136198626917,-4.6177948156939905,-4.890351716672079,0.6930469870567322,0.0,-0.0,0.0,0.0,0.0,0.0,0.0,0.0,0.0,0.0,0.0,0.0,0
1786495103,518686771,100.0,-1.7199862639056605,-1.7038410345660608,-1.1326897780047815,-4.6177948156939905,-4.890363637601034,0.6930829286575317,0.0,-0.0,0.0,0.0,0.0,0.0,0.0,0.0,0.0,0.0,0.0,0.0,0
1786495103,538288354,100.0,-1.7199981848346155,-1.7038291136371058,-1.1326897780047815,-4.617746893559591,-4.890315715466635,0.693058967590332,0.0,-0.0,0.0,0.0,0.0,0.0,0.0,0.0,0.0,0.0,0.0,0.0,0
1786495103,558377027,100.0,-1.7200225035296839,-1.7038291136371058,-1.1326659361468714,-4.617770854626791,-4.890387598668234,0.6930709481239319,0.0,-0.0,0.0,0.0,0.0,0.0,0.0,0.0,0.0,0.0,0.0,0.0,0
1786495103,578331947,100.0,-1.7200225035296839,-1.7038291136371058,-1.1326773802386683,-4.6177348534213465,-4.890375677739279,0.6930230259895325,0.0,-0.0,0.0,0.0,0.0,0.0,0.0,0.0,0.0,0.0,0.0,0.0,0
1786495103,598612070,100.0,-1.7199981848346155,-1.7038167158709925,-1.1327016989337366,-4.6177948156939905,-4.890351716672079,0.6930949091911316,0.0,-0.0,0.0,0.0,0.0,0.0,0.0,0.0,0.0,0.0,0.0,0.0,0
1786495103,618379592,100.0,-1.7200582663165491,-1.7038167158709925,-1.1327255407916468,-4.617770854626791,-4.890375677739279,0.6929990649223328,0.0,-0.0,0.0,0.0,0.0,0.0,0.0,0.0,0.0,0.0,0.0,0.0,0
1786495103,638410329,100.0,-1.7199743429767054,-1.7037928740130823,-1.1327255407916468,-4.6177348534213465,-4.890375677739279,0.6930230259895325,0.0,-0.0,0.0,0.0,0.0,0.0,0.0,0.0,0.0,0.0,0.0,0.0,0
1786495103,658270835,100.0,-1.720046345387594,-1.7038291136371058,-1.1327016989337366,-4.6177828947650355,-4.890363637601034,0.6930829286575317,0.0,-0.0,0.0,0.0,0.0,0.0,0.0,0.0,0.0,0.0,0.0,0.0,0
1786495103,678396463,100.0,-1.7200105826007288,-1.7038410345660608,-1.1327136198626917,-4.617770854626791,-4.890339676533834,0.6930350065231323,0.0,-0.0,0.0,0.0,0.0,0.0,0.0,0.0,0.0,0.0,0.0,0.0,0
1786495103,698419094,100.0,-1.7200105826007288,-1.7037928740130823,-1.1327374617206019,-4.617770854626791,-4.890423957501547,0.6930469870567322,0.0,-0.0,0.0,0.0,0.0,0.0,0.0,0.0,0.0,0.0,0.0,0.0,0
1786495103,718775510,100.0,-1.7200225035296839,-1.703745190297262,-1.1327255407916468,-4.617770854626791,-4.890363637601034,0.6929990649223328,0.0,-0.0,0.0,0.0,0.0,0.0,0.0,0.0,0.0,0.0,0.0,0.0,0
1786495103,738409996,100.0,-1.7199981848346155,-1.7037928740130823,-1.1327136198626917,-4.6177828947650355,-4.890375677739279,0.693058967590332,0.0,-0.0,0.0,0.0,0.0,0.0,0.0,0.0,0.0,0.0,0.0,0.0,0
1786495103,758527994,100.0,-1.7200582663165491,-1.7037928740130823,-1.1327016989337366,-4.617758814488546,-4.890363637601034,0.6930230259895325,0.0,-0.0,0.0,0.0,0.0,0.0,0.0,0.0,0.0,0.0,0.0,0.0,0
1786495103,778308153,100.0,-1.7200105826007288,-1.7037690321551722,-1.1326773802386683,-4.617722932492391,-4.890327755604879,0.6930709481239319,0.0,-0.0,0.0,0.0,0.0,0.0,0.0,0.0,0.0,0.0,0.0,0.0,0
1786495103,798606872,100.0,-1.7199862639056605,-1.7038052717791956,-1.1326897780047815,-4.617770854626791,-4.890351716672079,0.6930469870567322,0.0,-0.0,0.0,0.0,0.0,0.0,0.0,0.0,0.0,0.0,0.0,0.0,0
1786495103,818324565,100.0,-1.7200105826007288,-1.7038052717791956,-1.1327016989337366,-4.617758814488546,-4.890375677739279,0.6930469870567322,0.0,-0.0,0.0,0.0,0.0,0.0,0.0,0.0,0.0,0.0,0.0,0.0,0
1786495103,838430643,100.0,-1.7200105826007288,-1.7038052717791956,-1.1327255407916468,-4.617758814488546,-4.890327755604879,0.6930709481239319,0.0,-0.0,0.0,0.0,0.0,0.0,0.0,0.0,0.0,0.0,0.0,0.0,0
1786495103,858319282,100.0,-1.7200582663165491,-1.7038167158709925,-1.1327255407916468,-4.6177348534213465,-4.890412036572592,0.693058967590332,0.0,-0.0,0.0,0.0,0.0,0.0,0.0,0.0,0.0,0.0,0.0,0.0,0
1786495103,878654003,100.0,-1.7200582663165491,-1.7038167158709925,-1.1326773802386683,-4.617746893559591,-4.890351716672079,0.6930230259895325,0.0,-0.0,0.0,0.0,0.0,0.0,0.0,0.0,0.0,0.0,0.0,0.0,0
1786495103,898714065,100.0,-1.720034424458639,-1.7038291136371058,-1.132749382649557,-4.617746893559591,-4.890387598668234,0.693058967590332,0.0,-0.0,0.0,0.0,0.0,0.0,0.0,0.0,0.0,0.0,0.0,0.0,0
1786495103,918413877,100.0,-1.720034424458639,-1.7038291136371058,-1.1327016989337366,-4.617698971425192,-4.890387598668234,0.6930230259895325,0.0,-0.0,0.0,0.0,0.0,0.0,0.0,0.0,0.0,0.0,0.0,0.0,0
1786495103,938327312,100.0,-1.7200105826007288,-1.7037928740130823,-1.1326659361468714,-4.617746893559591,-4.890387598668234,0.693058967590332,0.0,-0.0,0.0,0.0,0.0,0.0,0.0,0.0,0.0,0.0,0.0,0.0,0
1786495103,958550691,100.0,-1.7200105826007288,-1.7038291136371058,-1.1327136198626917,-4.617746893559591,-4.890375677739279,0.6930110454559326,0.0,-0.0,0.0,0.0,0.0,0.0,0.0,0.0,0.0,0.0,0.0,0.0,0
1786495103,978374481,100.0,-1.720034424458639,-1.7038167158709925,-1.1327255407916468,-4.6177828947650355,-4.890399638806478,0.693058967590332,0.0,-0.0,0.0,0.0,0.0,0.0,0.0,0.0,0.0,0.0,0.0,0.0,0
1786495103,998417854,100.0,-1.7200105826007288,-1.7038052717791956,-1.1327016989337366,-4.6177348534213465,-4.890327755604879,0.6930709481239319,0.0,-0.0,0.0,0.0,0.0,0.0,0.0,0.0,0.0,0.0,0.0,0.0,0
1786495104,18348217,100.0,-1.7199981848346155,-1.7037809530841272,-1.1326897780047815,-4.617758814488546,-4.890351716672079,0.6930110454559326,0.0,-0.0,0.0,0.0,0.0,0.0,0.0,0.0,0.0,0.0,0.0,0.0,0
1786495104,38440227,100.0,-1.7200225035296839,-1.7038167158709925,-1.132749382649557,-4.617746893559591,-4.890375677739279,0.6929990649223328,0.0,-0.0,0.0,0.0,0.0,0.0,0.0,0.0,0.0,0.0,0.0,0.0,0
1786495104,58333158,100.0,-1.7199862639056605,-1.7037809530841272,-1.1327136198626917,-4.617722932492391,-4.890351716672079,0.6930230259895325,0.0,-0.0,0.0,0.0,0.0,0.0,0.0,0.0,0.0,0.0,0.0,0.0,0
1786495104,78493356,100.0,-1.7200582663165491,-1.7038167158709925,-1.1327255407916468,-4.6177348534213465,-4.890351716672079,0.6930230259895325,0.0,-0.0,0.0,0.0,0.0,0.0,0.0,0.0,0.0,0.0,0.0,0.0,0
1786495104,98442554,100.0,-1.7200225035296839,-1.7038167158709925,-1.1327016989337366,-4.617770854626791,-4.890351716672079,0.693058967590332,0.0,-0.0,0.0,0.0,0.0,0.0,0.0,0.0,0.0,0.0,0.0,0.0,0
1786495104,118568420,100.0,-1.7199981848346155,-1.703757111226217,-1.1327136198626917,-4.6177348534213465,-4.890387598668234,0.6930110454559326,0.0,-0.0,0.0,0.0,0.0,0.0,0.0,0.0,0.0,0.0,0.0,0.0,0
1786495104,138361454,100.0,-1.7199862639056605,-1.7038291136371058,-1.1327374617206019,-4.6177828947650355,-4.890327755604879,0.6930469870567322,0.0,-0.0,0.0,0.0,0.0,0.0,0.0,0.0,0.0,0.0,0.0,0.0,0
1786495104,158428192,100.0,-1.7200225035296839,-1.703864876423971,-1.1326659361468714,-4.6177348534213465,-4.890351716672079,0.6930230259895325,0.0,-0.0,0.0,0.0,0.0,0.0,0.0,0.0,0.0,0.0,0.0,0.0,0
1786495104,178387165,100.0,-1.720046345387594,-1.7037690321551722,-1.1326773802386683,-4.617758814488546,-4.890363637601034,0.693058967590332,0.0,-0.0,0.0,0.0,0.0,0.0,0.0,0.0,0.0,0.0,0.0,0.0,0
1786495104,198607206,100.0,-1.7200225035296839,-1.7038052717791956,-1.1327136198626917,-4.617722932492391,-4.890339676533834,0.693058967590332,0.0,-0.0,0.0,0.0,0.0,0.0,0.0,0.0,0.0,0.0,0.0,0.0,0
1786495104,218344211,100.0,-1.7200225035296839,-1.7037809530841272,-1.1326420942889612,-4.617746893559591,-4.890339676533834,0.6929990649223328,0.0,-0.0,0.0,0.0,0.0,0.0,0.0,0.0,0.0,0.0,0.0,0.0,0
1786495104,238660097,100.0,-1.7200225035296839,-1.7038291136371058,-1.1327136198626917,-4.6177348534213465,-4.890423957501547,0.6930949091911316,0.0,-0.0,0.0,0.0,0.0,0.0,0.0,0.0,0.0,0.0,0.0,0.0,0
1786495104,258388996,100.0,-1.7199743429767054,-1.7038052717791956,-1.1327136198626917,-4.617722932492391,-4.890339676533834,0.6930469870567322,0.0,-0.0,0.0,0.0,0.0,0.0,0.0,0.0,0.0,0.0,0.0,0.0,0
1786495104,278666496,100.0,-1.7200225035296839,-1.7037928740130823,-1.1326540152179163,-4.617758814488546,-4.890399638806478,0.6929990649223328,0.0,-0.0,0.0,0.0,0.0,0.0,0.0,0.0,0.0,0.0,0.0,0.0,0
1786495104,298539161,100.0,-1.7200582663165491,-1.7038052717791956,-1.1326773802386683,-4.617746893559591,-4.890375677739279,0.6930350065231323,0.0,-0.0,0.0,0.0,0.0,0.0,0.0,0.0,0.0,0.0,0.0,0.0,0
1786495104,318599462,100.0,-1.7200225035296839,-1.7038167158709925,-1.1326897780047815,-4.6177828947650355,-4.890327755604879,0.6930350065231323,0.0,-0.0,0.0,0.0,0.0,0.0,0.0,0.0,0.0,0.0,0.0,0.0,0
1786495104,338340044,100.0,-1.720034424458639,-1.7038291136371058,-1.1326897780047815,-4.617710892354147,-4.890351716672079,0.6930350065231323,0.0,-0.0,0.0,0.0,0.0,0.0,0.0,0.0,0.0,0.0,0.0,0.0,0
1786495104,358665466,100.0,-1.7200225035296839,-1.7037809530841272,-1.1326897780047815,-4.617722932492391,-4.890375677739279,0.6929990649223328,0.0,-0.0,0.0,0.0,0.0,0.0,0.0,0.0,0.0,0.0,0.0,0.0,0
1786495104,378421783,100.0,-1.7200105826007288,-1.7038052717791956,-1.1326897780047815,-4.6177948156939905,-4.890375677739279,0.693058967590332,0.0,-0.0,0.0,0.0,0.0,0.0,0.0,0.0,0.0,0.0,0.0,0.0,0
1786495104,398645877,100.0,-1.7199981848346155,-1.703852955495016,-1.1326897780047815,-4.617806855832235,-4.890339676533834,0.6930469870567322,0.0,-0.0,0.0,0.0,0.0,0.0,0.0,0.0,0.0,0.0,0.0,0.0,0
1786495104,418384552,100.0,-1.7199862639056605,-1.703852955495016,-1.1326773802386683,-4.617758814488546,-4.890339676533834,0.693058967590332,0.0,-0.0,0.0,0.0,0.0,0.0,0.0,0.0,0.0,0.0,0.0,0.0,0
1786495104,438681125,100.0,-1.7200582663165491,-1.7037928740130823,-1.1326659361468714,-4.617770854626791,-4.890375677739279,0.6929870843887329,0.0,-0.0,0.0,0.0,0.0,0.0,0.0,0.0,0.0,0.0,0.0,0.0,0
1786495104,458317756,100.0,-1.7200701872455042,-1.7038167158709925,-1.1326897780047815,-4.617722932492391,-4.890327755604879,0.693058967590332,0.0,-0.0,0.0,0.0,0.0,0.0,0.0,0.0,0.0,0.0,0.0,0.0,0
1786495104,478454589,100.0,-1.720046345387594,-1.7038167158709925,-1.1327136198626917,-4.617806855832235,-4.890387598668234,0.6930350065231323,0.0,-0.0,0.0,0.0,0.0,0.0,0.0,0.0,0.0,0.0,0.0,0.0,0
1786495104,498445510,100.0,-1.7200105826007288,-1.7038291136371058,-1.1327374617206019,-4.617710892354147,-4.890375677739279,0.6930350065231323,0.0,-0.0,0.0,0.0,0.0,0.0,0.0,0.0,0.0,0.0,0.0,0.0,0
1786495104,518649816,100.0,-1.7200225035296839,-1.7038410345660608,-1.1327255407916468,-4.617770854626791,-4.890327755604879,0.6930110454559326,0.0,-0.0,0.0,0.0,0.0,0.0,0.0,0.0,0.0,0.0,0.0,0.0,0
1786495104,538371324,100.0,-1.720046345387594,-1.7038167158709925,-1.1327136198626917,-4.617746893559591,-4.890351716672079,0.6930469870567322,0.0,-0.0,0.0,0.0,0.0,0.0,0.0,0.0,0.0,0.0,0.0,0.0,0
1786495104,558695793,100.0,-1.7200582663165491,-1.7038052717791956,-1.1326773802386683,-4.617758814488546,-4.890327755604879,0.693058967590332,0.0,-0.0,0.0,0.0,0.0,0.0,0.0,0.0,0.0,0.0,0.0,0.0,0
1786495104,578335523,100.0,-1.7199981848346155,-1.703852955495016,-1.1327016989337366,-4.617770854626791,-4.890351716672079,0.6930350065231323,0.0,-0.0,0.0,0.0,0.0,0.0,0.0,0.0,0.0,0.0,0.0,0.0,0
1786495104,598611116,100.0,-1.7200105826007288,-1.7038167158709925,-1.1327016989337366,-4.617770854626791,-4.890327755604879,0.6930469870567322,0.0,-0.0,0.0,0.0,0.0,0.0,0.0,0.0,0.0,0.0,0.0,0.0,0
1786495104,618333101,100.0,-1.7200225035296839,-1.703852955495016,-1.1327016989337366,-4.617758814488546,-4.890351716672079,0.6930469870567322,0.0,-0.0,0.0,0.0,0.0,0.0,0.0,0.0,0.0,0.0,0.0,0.0,0
1786495104,638760089,100.0,-1.7199981848346155,-1.7038052717791956,-1.1327136198626917,-4.617770854626791,-4.890375677739279,0.6930230259895325,0.0,-0.0,0.0,0.0,0.0,0.0,0.0,0.0,0.0,0.0,0.0,0.0,0
1786495104,658414363,100.0,-1.7200225035296839,-1.703852955495016,-1.1326773802386683,-4.617758814488546,-4.890339676533834,0.6930350065231323,0.0,-0.0,0.0,0.0,0.0,0.0,0.0,0.0,0.0,0.0,0.0,0.0,0
1786495104,678636550,100.0,-1.7199862639056605,-1.7037809530841272,-1.1326897780047815,-4.617758814488546,-4.890399638806478,0.6930350065231323,0.0,-0.0,0.0,0.0,0.0,0.0,0.0,0.0,0.0,0.0,0.0,0.0,0
1786495104,698640108,100.0,-1.7200701872455042,-1.703757111226217,-1.1327374617206019,-4.617746893559591,-4.890399638806478,0.6930230259895325,0.0,-0.0,0.0,0.0,0.0,0.0,0.0,0.0,0.0,0.0,0.0,0.0,0
1786495104,718607187,100.0,-1.7200701872455042,-1.703757111226217,-1.1327374617206019,-4.617746893559591,-4.890399638806478,0.6930230259895325,0.0,-0.0,0.0,0.0,0.0,0.0,0.0,0.0,0.0,0.0,0.0,0.0,0
1786495104,738661289,100.0,-1.7200701872455042,-1.703757111226217,-1.1327374617206019,-4.617746893559591,-4.890399638806478,0.6930230259895325,0.0,-0.0,0.0,0.0,0.0,0.0,0.0,0.0,0.0,0.0,0.0,0.0,0
1786495104,758568048,100.0,-1.7200225035296839,-1.7038167158709925,-1.132749382649557,-4.617758814488546,-4.890399638806478,0.6930469870567322,0.0,-0.0,0.0,0.0,0.0,0.0,0.0,0.0,0.0,0.0,0.0,0.0,0
1786495104,778730392,100.0,-1.7200225035296839,-1.7038167158709925,-1.132749382649557,-4.617758814488546,-4.890399638806478,0.6930469870567322,0.0,-0.0,0.0,0.0,0.0,0.0,0.0,0.0,0.0,0.0,0.0,0.0,0
1786495104,800017595,100.0,-1.7200225035296839,-1.7037928740130823,-1.1327016989337366,-4.617722932492391,-4.890399638806478,0.6930350065231323,0.0,-0.0,0.0,0.0,0.0,0.0,0.0,0.0,0.0,0.0,0.0,0.0,0
1786495104,818501472,100.0,-1.7199862639056605,-1.7038052717791956,-1.1327016989337366,-4.617722932492391,-4.890339676533834,0.693058967590332,0.0,-0.0,0.0,0.0,0.0,0.0,0.0,0.0,0.0,0.0,0.0,0.0,0
1786495104,838882207,100.0,-1.7199981848346155,-1.7038167158709925,-1.1326897780047815,-4.617722932492391,-4.890387598668234,0.6930230259895325,0.0,-0.0,0.0,0.0,0.0,0.0,0.0,0.0,0.0,0.0,0.0,0.0,0
1786495104,858530759,100.0,-1.7199743429767054,-1.7038167158709925,-1.132749382649557,-4.617758814488546,-4.890339676533834,0.6929990649223328,0.0,-0.0,0.0,0.0,0.0,0.0,0.0,0.0,0.0,0.0,0.0,0.0,0
1786495104,878547430,100.0,-1.7199743429767054,-1.7038167158709925,-1.132749382649557,-4.617758814488546,-4.890339676533834,0.6929990649223328,0.0,-0.0,0.0,0.0,0.0,0.0,0.0,0.0,0.0,0.0,0.0,0.0,0
1786495104,898633956,100.0,-1.7199743429767054,-1.7037928740130823,-1.1326897780047815,-4.6177828947650355,-4.890375677739279,0.6929990649223328,0.0,-0.0,0.0,0.0,0.0,0.0,0.0,0.0,0.0,0.0,0.0,0.0,0
1786495104,918816328,100.0,-1.7200225035296839,-1.703757111226217,-1.132761303578512,-4.617722932492391,-4.890363637601034,0.6930350065231323,0.0,-0.0,0.0,0.0,0.0,0.0,0.0,0.0,0.0,0.0,0.0,0.0,0
1786495104,939109563,100.0,-1.7200105826007288,-1.7037690321551722,-1.1327255407916468,-4.6177348534213465,-4.890351716672079,0.6930350065231323,0.0,-0.0,0.0,0.0,0.0,0.0,0.0,0.0,0.0,0.0,0.0,0.0,0
1786495104,958504915,100.0,-1.7200225035296839,-1.7038291136371058,-1.1327016989337366,-4.617710892354147,-4.890351716672079,0.6929990649223328,0.0,-0.0,0.0,0.0,0.0,0.0,0.0,0.0,0.0,0.0,0.0,0.0,0
1786495104,979334354,100.0,-1.7199981848346155,-1.7038410345660608,-1.1326773802386683,-4.6177348534213465,-4.890351716672079,0.6930110454559326,0.0,-0.0,0.0,0.0,0.0,0.0,0.0,0.0,0.0,0.0,0.0,0.0,0
1786495104,998545646,100.0,-1.7200225035296839,-1.7038052717791956,-1.1326897780047815,-4.6177348534213465,-4.890363637601034,0.6930469870567322,0.0,-0.0,0.0,0.0,0.0,0.0,0.0,0.0,0.0,0.0,0.0,0.0,0
1786495105,18863916,100.0,-1.720034424458639,-1.703864876423971,-1.1326659361468714,-4.617770854626791,-4.890327755604879,0.6930469870567322,0.0,-0.0,0.0,0.0,0.0,0.0,0.0,0.0,0.0,0.0,0.0,0.0,0
1786495105,38337469,100.0,-1.7200105826007288,-1.7037809530841272,-1.1326897780047815,-4.617722932492391,-4.890399638806478,0.6930829286575317,0.0,-0.0,0.0,0.0,0.0,0.0,0.0,0.0,0.0,0.0,0.0,0.0,0
1786495105,58461427,100.0,-1.7200105826007288,-1.7037928740130823,-1.1327136198626917,-4.617758814488546,-4.890351716672079,0.6930350065231323,0.0,-0.0,0.0,0.0,0.0,0.0,0.0,0.0,0.0,0.0,0.0,0.0,0
1786495105,78579902,100.0,-1.7200582663165491,-1.7038291136371058,-1.1327136198626917,-4.6177348534213465,-4.890339676533834,0.6930469870567322,0.0,-0.0,0.0,0.0,0.0,0.0,0.0,0.0,0.0,0.0,0.0,0.0,0
1786495105,99885463,100.0,-1.7200582663165491,-1.7038052717791956,-1.1326897780047815,-4.617746893559591,-4.890399638806478,0.6930709481239319,0.0,-0.0,0.0,0.0,0.0,0.0,0.0,0.0,0.0,0.0,0.0,0.0,0
1786495105,118612527,100.0,-1.7200105826007288,-1.703745190297262,-1.1326773802386683,-4.617746893559591,-4.890399638806478,0.6930469870567322,0.0,-0.0,0.0,0.0,0.0,0.0,0.0,0.0,0.0,0.0,0.0,0.0,0
1786495105,138560056,100.0,-1.720034424458639,-1.7037928740130823,-1.1327016989337366,-4.6177828947650355,-4.890387598668234,0.6930230259895325,0.0,-0.0,0.0,0.0,0.0,0.0,0.0,0.0,0.0,0.0,0.0,0.0,0
1786495105,158542633,100.0,-1.7200225035296839,-1.7038167158709925,-1.1326897780047815,-4.617806855832235,-4.890315715466635,0.6929990649223328,0.0,-0.0,0.0,0.0,0.0,0.0,0.0,0.0,0.0,0.0,0.0,0.0,0
1786495105,178310871,100.0,-1.720034424458639,-1.7038291136371058,-1.1326897780047815,-4.617770854626791,-4.890375677739279,0.6930230259895325,0.0,-0.0,0.0,0.0,0.0,0.0,0.0,0.0,0.0,0.0,0.0,0.0,0
1786495105,198567390,100.0,-1.7200105826007288,-1.7038291136371058,-1.1327136198626917,-4.6177828947650355,-4.890327755604879,0.6930469870567322,0.0,-0.0,0.0,0.0,0.0,0.0,0.0,0.0,0.0,0.0,0.0,0.0,0
1786495105,218772888,100.0,-1.720034424458639,-1.703757111226217,-1.1327374617206019,-4.617758814488546,-4.890351716672079,0.6930469870567322,0.0,-0.0,0.0,0.0,0.0,0.0,0.0,0.0,0.0,0.0,0.0,0.0,0
1786495105,238598585,100.0,-1.7200105826007288,-1.7037928740130823,-1.1327136198626917,-4.617770854626791,-4.890375677739279,0.6930829286575317,0.0,-0.0,0.0,0.0,0.0,0.0,0.0,0.0,0.0,0.0,0.0,0.0,0
1786495105,259691953,100.0,-1.7200105826007288,-1.7038052717791956,-1.1326773802386683,-4.617770854626791,-4.890351716672079,0.6930110454559326,0.0,-0.0,0.0,0.0,0.0,0.0,0.0,0.0,0.0,0.0,0.0,0.0,0
1786495105,278845548,100.0,-1.7199624220477503,-1.7038291136371058,-1.1327374617206019,-4.617758814488546,-4.890387598668234,0.6930350065231323,0.0,-0.0,0.0,0.0,0.0,0.0,0.0,0.0,0.0,0.0,0.0,0.0,0
1786495105,299178600,100.0,-1.7200701872455042,-1.7038167158709925,-1.132761303578512,-4.617746893559591,-4.890327755604879,0.6930110454559326,0.0,-0.0,0.0,0.0,0.0,0.0,0.0,0.0,0.0,0.0,0.0,0.0,0
1786495105,318777084,100.0,-1.720046345387594,-1.7037928740130823,-1.1326659361468714,-4.617770854626791,-4.890363637601034,0.6930469870567322,0.0,-0.0,0.0,0.0,0.0,0.0,0.0,0.0,0.0,0.0,0.0,0.0,0
1786495105,338742017,100.0,-1.7199981848346155,-1.7037928740130823,-1.1327136198626917,-4.617710892354147,-4.890327755604879,0.693058967590332,0.0,-0.0,0.0,0.0,0.0,0.0,0.0,0.0,0.0,0.0,0.0,0.0,0
1786495105,358589410,100.0,-1.720034424458639,-1.7038052717791956,-1.1326897780047815,-4.6177348534213465,-4.890363637601034,0.6929870843887329,0.0,-0.0,0.0,0.0,0.0,0.0,0.0,0.0,0.0,0.0,0.0,0.0,0
1786495105,378605604,100.0,-1.7200225035296839,-1.7038052717791956,-1.132749382649557,-4.617722932492391,-4.890375677739279,0.6930350065231323,0.0,-0.0,0.0,0.0,0.0,0.0,0.0,0.0,0.0,0.0,0.0,0.0,0
1786495105,398588418,100.0,-1.720034424458639,-1.7038410345660608,-1.1327016989337366,-4.6177948156939905,-4.890375677739279,0.6930469870567322,0.0,-0.0,0.0,0.0,0.0,0.0,0.0,0.0,0.0,0.0,0.0,0.0,0
1786495105,418310403,100.0,-1.720034424458639,-1.7037928740130823,-1.1327136198626917,-4.617758814488546,-4.890375677739279,0.693058967590332,0.0,-0.0,0.0,0.0,0.0,0.0,0.0,0.0,0.0,0.0,0.0,0.0,0
1786495105,438535451,100.0,-1.7200701872455042,-1.7038410345660608,-1.1326773802386683,-4.617710892354147,-4.890315715466635,0.6930110454559326,0.0,-0.0,0.0,0.0,0.0,0.0,0.0,0.0,0.0,0.0,0.0,0.0,0
1786495105,458343982,100.0,-1.7199981848346155,-1.7038291136371058,-1.1327136198626917,-4.617746893559591,-4.890399638806478,0.693058967590332,0.0,-0.0,0.0,0.0,0.0,0.0,0.0,0.0,0.0,0.0,0.0,0.0,0
1786495105,478692770,100.0,-1.7199743429767054,-1.7037690321551722,-1.1326540152179163,-4.617770854626791,-4.890351716672079,0.6930350065231323,0.0,-0.0,0.0,0.0,0.0,0.0,0.0,0.0,0.0,0.0,0.0,0.0,0
1786495105,498303651,100.0,-1.7199862639056605,-1.7038410345660608,-1.1327136198626917,-4.617746893559591,-4.890339676533834,0.6930469870567322,0.0,-0.0,0.0,0.0,0.0,0.0,0.0,0.0,0.0,0.0,0.0,0.0,0
1786495105,518562316,100.0,-1.7199743429767054,-1.7037928740130823,-1.1327016989337366,-4.6177828947650355,-4.890375677739279,0.6929751038551331,0.0,-0.0,0.0,0.0,0.0,0.0,0.0,0.0,0.0,0.0,0.0,0.0,0
1786495105,539689779,100.0,-1.7200582663165491,-1.7038167158709925,-1.1326897780047815,-4.617758814488546,-4.890412036572592,0.6930110454559326,0.0,-0.0,0.0,0.0,0.0,0.0,0.0,0.0,0.0,0.0,0.0,0.0,0
1786495105,558554410,100.0,-1.7200582663165491,-1.703876797352926,-1.1327374617206019,-4.6177828947650355,-4.890351716672079,0.6930110454559326,0.0,-0.0,0.0,0.0,0.0,0.0,0.0,0.0,0.0,0.0,0.0,0.0,0
1786495105,580324172,100.0,-1.7200105826007288,-1.7038410345660608,-1.1327374617206019,-4.6177348534213465,-4.890375677739279,0.6930469870567322,0.0,-0.0,0.0,0.0,0.0,0.0,0.0,0.0,0.0,0.0,0.0,0.0,0
1786495105,598555088,100.0,-1.7200225035296839,-1.7038291136371058,-1.1326773802386683,-4.617722932492391,-4.890351716672079,0.6929751038551331,0.0,-0.0,0.0,0.0,0.0,0.0,0.0,0.0,0.0,0.0,0.0,0.0,0
1786495105,618525028,100.0,-1.7200225035296839,-1.7038167158709925,-1.1327374617206019,-4.6177828947650355,-4.890363637601034,0.6930709481239319,0.0,-0.0,0.0,0.0,0.0,0.0,0.0,0.0,0.0,0.0,0.0,0.0,0
1786495105,638525009,100.0,-1.7200105826007288,-1.7038291136371058,-1.1327016989337366,-4.617722932492391,-4.890363637601034,0.6930230259895325,0.0,-0.0,0.0,0.0,0.0,0.0,0.0,0.0,0.0,0.0,0.0,0.0,0
1786495105,658436536,100.0,-1.7199624220477503,-1.7037928740130823,-1.1327136198626917,-4.617722932492391,-4.890327755604879,0.6930230259895325,0.0,-0.0,0.0,0.0,0.0,0.0,0.0,0.0,0.0,0.0,0.0,0.0,0
1786495105,678518056,100.0,-1.720046345387594,-1.7037928740130823,-1.1327016989337366,-4.617758814488546,-4.890399638806478,0.6930350065231323,0.0,-0.0,0.0,0.0,0.0,0.0,0.0,0.0,0.0,0.0,0.0,0.0,0
1786495105,698593378,100.0,-1.720046345387594,-1.703852955495016,-1.1327737013446253,-4.617770854626791,-4.890351716672079,0.6930230259895325,0.0,-0.0,0.0,0.0,0.0,0.0,0.0,0.0,0.0,0.0,0.0,0.0,0
1786495105,718511819,100.0,-1.720034424458639,-1.7038291136371058,-1.1326773802386683,-4.6177828947650355,-4.890351716672079,0.6930110454559326,0.0,-0.0,0.0,0.0,0.0,0.0,0.0,0.0,0.0,0.0,0.0,0.0,0
1786495105,738378047,100.0,-1.7200225035296839,-1.7038291136371058,-1.1327136198626917,-4.617770854626791,-4.890327755604879,0.6930469870567322,0.0,-0.0,0.0,0.0,0.0,0.0,0.0,0.0,0.0,0.0,0.0,0.0,0
1786495105,758520841,100.0,-1.7200225035296839,-1.7038167158709925,-1.1327374617206019,-4.617746893559591,-4.890363637601034,0.6930829286575317,0.0,-0.0,0.0,0.0,0.0,0.0,0.0,0.0,0.0,0.0,0.0,0.0,0
1786495105,778447389,100.0,-1.7200225035296839,-1.7038167158709925,-1.1327374617206019,-4.617746893559591,-4.890363637601034,0.6930829286575317,0.0,-0.0,0.0,0.0,0.0,0.0,0.0,0.0,0.0,0.0,0.0,0.0,0
1786495105,798589468,100.0,-1.7199981848346155,-1.7037809530841272,-1.1327136198626917,-4.617770854626791,-4.890351716672079,0.693058967590332,0.0,-0.0,0.0,0.0,0.0,0.0,0.0,0.0,0.0,0.0,0.0,0.0,0
1786495105,818696022,100.0,-1.7200225035296839,-1.7038052717791956,-1.1326897780047815,-4.6177348534213465,-4.890387598668234,0.6929990649223328,0.0,-0.0,0.0,0.0,0.0,0.0,0.0,0.0,0.0,0.0,0.0,0.0,0
1786495105,838550329,100.0,-1.7200105826007288,-1.7038167158709925,-1.1327255407916468,-4.617770854626791,-4.890351716672079,0.6930350065231323,0.0,-0.0,0.0,0.0,0.0,0.0,0.0,0.0,0.0,0.0,0.0,0.0,0
1786495105,858384847,100.0,-1.7199981848346155,-1.7037928740130823,-1.1327136198626917,-4.6177948156939905,-4.890399638806478,0.6930469870567322,0.0,-0.0,0.0,0.0,0.0,0.0,0.0,0.0,0.0,0.0,0.0,0.0,0
1786495105,878497362,100.0,-1.7200105826007288,-1.7038410345660608,-1.1326659361468714,-4.6177828947650355,-4.890339676533834,0.6930829286575317,0.0,-0.0,0.0,0.0,0.0,0.0,0.0,0.0,0.0,0.0,0.0,0.0,0
1786495105,898964405,100.0,-1.7199743429767054,-1.7037928740130823,-1.1327255407916468,-4.617746893559591,-4.890375677739279,0.693058967590332,0.0,-0.0,0.0,0.0,0.0,0.0,0.0,0.0,0.0,0.0,0.0,0.0,0
1786495105,918290615,100.0,-1.7200225035296839,-1.7037809530841272,-1.1326773802386683,-4.617770854626791,-4.890375677739279,0.6930110454559326,0.0,-0.0,0.0,0.0,0.0,0.0,0.0,0.0,0.0,0.0,0.0,0.0,0
1786495105,938414335,100.0,-1.7200105826007288,-1.7037809530841272,-1.1327255407916468,-4.617746893559591,-4.890375677739279,0.693058967590332,0.0,-0.0,0.0,0.0,0.0,0.0,0.0,0.0,0.0,0.0,0.0,0.0,0
1786495105,958432912,100.0,-1.7200225035296839,-1.7038167158709925,-1.1327255407916468,-4.6177348534213465,-4.890363637601034,0.6930469870567322,0.0,-0.0,0.0,0.0,0.0,0.0,0.0,0.0,0.0,0.0,0.0,0.0,0
1786495105,978294610,100.0,-1.720046345387594,-1.7038167158709925,-1.1327255407916468,-4.617722932492391,-4.890375677739279,0.6930230259895325,0.0,-0.0,0.0,0.0,0.0,0.0,0.0,0.0,0.0,0.0,0.0,0.0,0
1786495105,998517751,100.0,-1.7200105826007288,-1.703757111226217,-1.1326897780047815,-4.617770854626791,-4.890363637601034,0.693058967590332,0.0,-0.0,0.0,0.0,0.0,0.0,0.0,0.0,0.0,0.0,0.0,0.0,0
1786495106,18363714,100.0,-1.7199981848346155,-1.7037809530841272,-1.1327136198626917,-4.61781877676119,-4.890363637601034,0.693058967590332,0.0,-0.0,0.0,0.0,0.0,0.0,0.0,0.0,0.0,0.0,0.0,0.0,0
1786495106,38531064,100.0,-1.720046345387594,-1.7038410345660608,-1.1327374617206019,-4.617770854626791,-4.890351716672079,0.6930110454559326,0.0,-0.0,0.0,0.0,0.0,0.0,0.0,0.0,0.0,0.0,0.0,0.0,0
1786495106,58277845,100.0,-1.7200225035296839,-1.7038410345660608,-1.1326773802386683,-4.617770854626791,-4.890363637601034,0.6929990649223328,0.0,-0.0,0.0,0.0,0.0,0.0,0.0,0.0,0.0,0.0,0.0,0.0,0
1786495106,78541517,100.0,-1.7200225035296839,-1.7038410345660608,-1.1327374617206019,-4.6177348534213465,-4.890339676533834,0.693058967590332,0.0,-0.0,0.0,0.0,0.0,0.0,0.0,0.0,0.0,0.0,0.0,0.0,0
1786495106,98421573,100.0,-1.7199981848346155,-1.7037928740130823,-1.1327374617206019,-4.617746893559591,-4.890375677739279,0.6930230259895325,0.0,-0.0,0.0,0.0,0.0,0.0,0.0,0.0,0.0,0.0,0.0,0.0,0
1786495106,118400573,100.0,-1.7199981848346155,-1.7038410345660608,-1.1327136198626917,-4.617722932492391,-4.890375677739279,0.6930469870567322,0.0,-0.0,0.0,0.0,0.0,0.0,0.0,0.0,0.0,0.0,0.0,0.0,0
1786495106,138639450,100.0,-1.720046345387594,-1.7037928740130823,-1.1327136198626917,-4.617758814488546,-4.890351716672079,0.6930469870567322,0.0,-0.0,0.0,0.0,0.0,0.0,0.0,0.0,0.0,0.0,0.0,0.0,0
1786495106,158422946,100.0,-1.7200225035296839,-1.7038410345660608,-1.1327255407916468,-4.617806855832235,-4.890363637601034,0.6930709481239319,0.0,-0.0,0.0,0.0,0.0,0.0,0.0,0.0,0.0,0.0,0.0,0.0,0
1786495106,178401470,100.0,-1.7199862639056605,-1.7037809530841272,-1.1327136198626917,-4.6177348534213465,-4.890351716672079,0.6930110454559326,0.0,-0.0,0.0,0.0,0.0,0.0,0.0,0.0,0.0,0.0,0.0,0.0,0
1786495106,198549747,100.0,-1.7200105826007288,-1.7037928740130823,-1.1326773802386683,-4.617770854626791,-4.890375677739279,0.6930230259895325,0.0,-0.0,0.0,0.0,0.0,0.0,0.0,0.0,0.0,0.0,0.0,0.0,0
1786495106,218386173,100.0,-1.720034424458639,-1.7037928740130823,-1.1327255407916468,-4.6177348534213465,-4.890351716672079,0.693058967590332,0.0,-0.0,0.0,0.0,0.0,0.0,0.0,0.0,0.0,0.0,0.0,0.0,0
1786495106,238544464,100.0,-1.7199981848346155,-1.7038167158709925,-1.1327016989337366,-4.6177348534213465,-4.890387598668234,0.6930469870567322,0.0,-0.0,0.0,0.0,0.0,0.0,0.0,0.0,0.0,0.0,0.0,0.0,0
1786495106,258314609,100.0,-1.720034424458639,-1.703757111226217,-1.1326773802386683,-4.617758814488546,-4.890399638806478,0.6930230259895325,0.0,-0.0,0.0,0.0,0.0,0.0,0.0,0.0,0.0,0.0,0.0,0.0,0
1786495106,278547286,100.0,-1.720034424458639,-1.7038052717791956,-1.1326773802386683,-4.617758814488546,-4.890351716672079,0.6930350065231323,0.0,-0.0,0.0,0.0,0.0,0.0,0.0,0.0,0.0,0.0,0.0,0.0,0
1786495106,298439025,100.0,-1.7200105826007288,-1.7037928740130823,-1.1327016989337366,-4.6177828947650355,-4.890363637601034,0.6930949091911316,0.0,-0.0,0.0,0.0,0.0,0.0,0.0,0.0,0.0,0.0,0.0,0.0,0
1786495106,318599462,100.0,-1.7200582663165491,-1.7038167158709925,-1.1327374617206019,-4.6177348534213465,-4.890327755604879,0.6930949091911316,0.0,-0.0,0.0,0.0,0.0,0.0,0.0,0.0,0.0,0.0,0.0,0.0,0
1786495106,338430404,100.0,-1.7200821081744593,-1.7038291136371058,-1.132749382649557,-4.617710892354147,-4.890399638806478,0.6930230259895325,0.0,-0.0,0.0,0.0,0.0,0.0,0.0,0.0,0.0,0.0,0.0,0.0,0
1786495106,358431577,100.0,-1.720046345387594,-1.7038291136371058,-1.132749382649557,-4.617722932492391,-4.890339676533834,0.6929990649223328,0.0,-0.0,0.0,0.0,0.0,0.0,0.0,0.0,0.0,0.0,0.0,0.0,0
1786495106,378527641,100.0,-1.7200582663165491,-1.7038052717791956,-1.1326773802386683,-4.617758814488546,-4.890351716672079,0.6930709481239319,0.0,-0.0,0.0,0.0,0.0,0.0,0.0,0.0,0.0,0.0,0.0,0.0,0
1786495106,398601531,100.0,-1.7200225035296839,-1.7037928740130823,-1.1327016989337366,-4.617746893559591,-4.890363637601034,0.6930230259895325,0.0,-0.0,0.0,0.0,0.0,0.0,0.0,0.0,0.0,0.0,0.0,0.0,0
1786495106,418404817,100.0,-1.720046345387594,-1.703876797352926,-1.1326773802386683,-4.617770854626791,-4.890375677739279,0.6930469870567322,0.0,-0.0,0.0,0.0,0.0,0.0,0.0,0.0,0.0,0.0,0.0,0.0,0
1786495106,438508033,100.0,-1.7200225035296839,-1.703864876423971,-1.1326773802386683,-4.617722932492391,-4.890351716672079,0.6930469870567322,0.0,-0.0,0.0,0.0,0.0,0.0,0.0,0.0,0.0,0.0,0.0,0.0,0
1786495106,458426475,100.0,-1.720034424458639,-1.7038052717791956,-1.1326897780047815,-4.617758814488546,-4.890412036572592,0.6930350065231323,0.0,-0.0,0.0,0.0,0.0,0.0,0.0,0.0,0.0,0.0,0.0,0.0,0
1786495106,478599071,100.0,-1.7199862639056605,-1.703852955495016,-1.1327136198626917,-4.617758814488546,-4.890339676533834,0.6930709481239319,0.0,-0.0,0.0,0.0,0.0,0.0,0.0,0.0,0.0,0.0,0.0,0.0,0
1786495106,499213933,100.0,-1.7200701872455042,-1.7038291136371058,-1.1326897780047815,-4.617698971425192,-4.890351716672079,0.6930230259895325,0.0,-0.0,0.0,0.0,0.0,0.0,0.0,0.0,0.0,0.0,0.0,0.0,0
1786495106,518528461,100.0,-1.7200945059405726,-1.7037928740130823,-1.1326897780047815,-4.617770854626791,-4.890351716672079,0.6930709481239319,0.0,-0.0,0.0,0.0,0.0,0.0,0.0,0.0,0.0,0.0,0.0,0.0,0
1786495106,538409471,100.0,-1.720046345387594,-1.7037690321551722,-1.1327255407916468,-4.617770854626791,-4.890399638806478,0.6930110454559326,0.0,-0.0,0.0,0.0,0.0,0.0,0.0,0.0,0.0,0.0,0.0,0.0,0
1786495106,558582067,100.0,-1.7200105826007288,-1.7038052717791956,-1.132749382649557,-4.617770854626791,-4.890339676533834,0.6930350065231323,0.0,-0.0,0.0,0.0,0.0,0.0,0.0,0.0,0.0,0.0,0.0,0.0,0
1786495106,578373670,100.0,-1.720034424458639,-1.7038410345660608,-1.1327016989337366,-4.617722932492391,-4.890327755604879,0.6930829286575317,0.0,-0.0,0.0,0.0,0.0,0.0,0.0,0.0,0.0,0.0,0.0,0.0,0
1786495106,598607778,100.0,-1.720034424458639,-1.7038167158709925,-1.1327016989337366,-4.6177948156939905,-4.890399638806478,0.6930350065231323,0.0,-0.0,0.0,0.0,0.0,0.0,0.0,0.0,0.0,0.0,0.0,0.0,0
1786495106,618348598,100.0,-1.7200105826007288,-1.7038052717791956,-1.1326897780047815,-4.617758814488546,-4.890315715466635,0.6930350065231323,0.0,-0.0,0.0,0.0,0.0,0.0,0.0,0.0,0.0,0.0,0.0,0.0,0
1786495106,638448953,100.0,-1.7200582663165491,-1.7037928740130823,-1.1326659361468714,-4.617758814488546,-4.890351716672079,0.6930110454559326,0.0,-0.0,0.0,0.0,0.0,0.0,0.0,0.0,0.0,0.0,0.0,0.0,0
1786495106,658546924,100.0,-1.7200701872455042,-1.7038052717791956,-1.132749382649557,-4.617722932492391,-4.890339676533834,0.6930469870567322,0.0,-0.0,0.0,0.0,0.0,0.0,0.0,0.0,0.0,0.0,0.0,0.0,0
1786495106,678559541,100.0,-1.720034424458639,-1.703852955495016,-1.1327016989337366,-4.617746893559591,-4.890339676533834,0.6930110454559326,0.0,-0.0,0.0,0.0,0.0,0.0,0.0,0.0,0.0,0.0,0.0,0.0,0
1786495106,698381423,100.0,-1.7200225035296839,-1.7037928740130823,-1.1327136198626917,-4.617722932492391,-4.890375677739279,0.6930350065231323,0.0,-0.0,0.0,0.0,0.0,0.0,0.0,0.0,0.0,0.0,0.0,0.0,0
1786495106,718459367,100.0,-1.7199743429767054,-1.7038052717791956,-1.1327255407916468,-4.617758814488546,-4.890423957501547,0.6930469870567322,0.0,-0.0,0.0,0.0,0.0,0.0,0.0,0.0,0.0,0.0,0.0,0.0,0
1786495106,738573074,100.0,-1.7200105826007288,-1.7038167158709925,-1.1327016989337366,-4.617710892354147,-4.890375677739279,0.6930469870567322,0.0,-0.0,0.0,0.0,0.0,0.0,0.0,0.0,0.0,0.0,0.0,0.0,0
1786495106,758515357,100.0,-1.7199743429767054,-1.7038291136371058,-1.1326659361468714,-4.617770854626791,-4.890351716672079,0.6930709481239319,0.0,-0.0,0.0,0.0,0.0,0.0,0.0,0.0,0.0,0.0,0.0,0.0,0
1786495106,778380632,100.0,-1.7200582663165491,-1.7037809530841272,-1.1327016989337366,-4.617770854626791,-4.890351716672079,0.693058967590332,0.0,-0.0,0.0,0.0,0.0,0.0,0.0,0.0,0.0,0.0,0.0,0.0,0
1786495106,798546314,100.0,-1.7200105826007288,-1.7038167158709925,-1.1326659361468714,-4.617722932492391,-4.890327755604879,0.6929990649223328,0.0,-0.0,0.0,0.0,0.0,0.0,0.0,0.0,0.0,0.0,0.0,0.0,0
1786495106,818410158,100.0,-1.7199981848346155,-1.7038291136371058,-1.1326659361468714,-4.6177948156939905,-4.890327755604879,0.6930350065231323,0.0,-0.0,0.0,0.0,0.0,0.0,0.0,0.0,0.0,0.0,0.0,0.0,0
1786495106,838579177,100.0,-1.7200105826007288,-1.7037809530841272,-1.1327136198626917,-4.617722932492391,-4.890351716672079,0.6929990649223328,0.0,-0.0,0.0,0.0,0.0,0.0,0.0,0.0,0.0,0.0,0.0,0.0,0
1786495106,858385801,100.0,-1.720034424458639,-1.7038052717791956,-1.1327374617206019,-4.617770854626791,-4.890375677739279,0.6929870843887329,0.0,-0.0,0.0,0.0,0.0,0.0,0.0,0.0,0.0,0.0,0.0,0.0,0
1786495106,878436803,100.0,-1.7200225035296839,-1.7038410345660608,-1.1326659361468714,-4.617770854626791,-4.890363637601034,0.693058967590332,0.0,-0.0,0.0,0.0,0.0,0.0,0.0,0.0,0.0,0.0,0.0,0.0,0
1786495106,898868560,100.0,-1.720034424458639,-1.703852955495016,-1.1327374617206019,-4.617710892354147,-4.890387598668234,0.6930350065231323,0.0,-0.0,0.0,0.0,0.0,0.0,0.0,0.0,0.0,0.0,0.0,0.0,0
1786495106,918610095,100.0,-1.7199981848346155,-1.7037690321551722,-1.1326897780047815,-4.6177348534213465,-4.890399638806478,0.6930469870567322,0.0,-0.0,0.0,0.0,0.0,0.0,0.0,0.0,0.0,0.0,0.0,0.0,0
1786495106,938585281,100.0,-1.720034424458639,-1.7037690321551722,-1.1327136198626917,-4.617758814488546,-4.890375677739279,0.6929990649223328,0.0,-0.0,0.0,0.0,0.0,0.0,0.0,0.0,0.0,0.0,0.0,0.0,0
1786495106,958596706,100.0,-1.720034424458639,-1.7038167158709925,-1.1326540152179163,-4.617722932492391,-4.8903037945376795,0.6930829286575317,0.0,-0.0,0.0,0.0,0.0,0.0,0.0,0.0,0.0,0.0,0.0,0.0,0
1786495106,978379487,100.0,-1.720034424458639,-1.7037809530841272,-1.1327016989337366,-4.6177348534213465,-4.890339676533834,0.6930829286575317,0.0,-0.0,0.0,0.0,0.0,0.0,0.0,0.0,0.0,0.0,0.0,0.0,0
1786495106,998524665,100.0,-1.7199981848346155,-1.7037928740130823,-1.1326773802386683,-4.617758814488546,-4.890387598668234,0.6930110454559326,0.0,-0.0,0.0,0.0,0.0,0.0,0.0,0.0,0.0,0.0,0.0,0.0,0
1786495107,18410682,100.0,-1.7200225035296839,-1.7038052717791956,-1.1327136198626917,-4.617746893559591,-4.890387598668234,0.6930350065231323,0.0,-0.0,0.0,0.0,0.0,0.0,0.0,0.0,0.0,0.0,0.0,0.0,0
1786495107,38659572,100.0,-1.720034424458639,-1.7038410345660608,-1.1327016989337366,-4.617770854626791,-4.890327755604879,0.6930469870567322,0.0,-0.0,0.0,0.0,0.0,0.0,0.0,0.0,0.0,0.0,0.0,0.0,0
1786495107,58378934,100.0,-1.720046345387594,-1.7038167158709925,-1.1327136198626917,-4.6177348534213465,-4.890339676533834,0.6930230259895325,0.0,-0.0,0.0,0.0,0.0,0.0,0.0,0.0,0.0,0.0,0.0,0.0,0
1786495107,78548669,100.0,-1.7200225035296839,-1.7038052717791956,-1.1326897780047815,-4.617758814488546,-4.890315715466635,0.6930110454559326,0.0,-0.0,0.0,0.0,0.0,0.0,0.0,0.0,0.0,0.0,0.0,0.0,0
1786495107,98508596,100.0,-1.720034424458639,-1.7037928740130823,-1.1327016989337366,-4.617746893559591,-4.890375677739279,0.6929990649223328,0.0,-0.0,0.0,0.0,0.0,0.0,0.0,0.0,0.0,0.0,0.0,0.0,0
1786495107,118616342,100.0,-1.7199743429767054,-1.7038167158709925,-1.1326897780047815,-4.617698971425192,-4.890339676533834,0.6930110454559326,0.0,-0.0,0.0,0.0,0.0,0.0,0.0,0.0,0.0,0.0,0.0,0.0,0
1786495107,138408660,100.0,-1.7200105826007288,-1.7037809530841272,-1.1327016989337366,-4.617758814488546,-4.890339676533834,0.693058967590332,0.0,-0.0,0.0,0.0,0.0,0.0,0.0,0.0,0.0,0.0,0.0,0.0,0
1786495107,158573389,100.0,-1.7200105826007288,-1.703876797352926,-1.1326773802386683,-4.617758814488546,-4.890399638806478,0.6929990649223328,0.0,-0.0,0.0,0.0,0.0,0.0,0.0,0.0,0.0,0.0,0.0,0.0,0
1786495107,178513050,100.0,-1.7200225035296839,-1.703852955495016,-1.1326897780047815,-4.617770854626791,-4.890387598668234,0.6930110454559326,0.0,-0.0,0.0,0.0,0.0,0.0,0.0,0.0,0.0,0.0,0.0,0.0,0
1786495107,198445796,100.0,-1.7200105826007288,-1.7037690321551722,-1.1327016989337366,-4.617758814488546,-4.890339676533834,0.693058967590332,0.0,-0.0,0.0,0.0,0.0,0.0,0.0,0.0,0.0,0.0,0.0,0.0,0
1786495107,218375444,100.0,-1.7199981848346155,-1.7038167158709925,-1.1327374617206019,-4.6177348534213465,-4.890339676533834,0.6930469870567322,0.0,-0.0,0.0,0.0,0.0,0.0,0.0,0.0,0.0,0.0,0.0,0.0,0
1786495107,238452911,100.0,-1.7200582663165491,-1.7037809530841272,-1.1326897780047815,-4.6177828947650355,-4.890375677739279,0.6930469870567322,0.0,-0.0,0.0,0.0,0.0,0.0,0.0,0.0,0.0,0.0,0.0,0.0,0
1786495107,258386611,100.0,-1.7199981848346155,-1.7037690321551722,-1.1327016989337366,-4.617710892354147,-4.890363637601034,0.6929870843887329,0.0,-0.0,0.0,0.0,0.0,0.0,0.0,0.0,0.0,0.0,0.0,0.0,0
1786495107,278550386,100.0,-1.7199862639056605,-1.7038167158709925,-1.1326897780047815,-4.6177348534213465,-4.890339676533834,0.6930110454559326,0.0,-0.0,0.0,0.0,0.0,0.0,0.0,0.0,0.0,0.0,0.0,0.0,0
1786495107,298395633,100.0,-1.720034424458639,-1.7038291136371058,-1.1326897780047815,-4.617722932492391,-4.890387598668234,0.6930949091911316,0.0,-0.0,0.0,0.0,0.0,0.0,0.0,0.0,0.0,0.0,0.0,0.0,0
1786495107,318565368,100.0,-1.720034424458639,-1.703745190297262,-1.1326659361468714,-4.617746893559591,-4.890351716672079,0.693058967590332,0.0,-0.0,0.0,0.0,0.0,0.0,0.0,0.0,0.0,0.0,0.0,0.0,0
1786495107,338527441,100.0,-1.7200105826007288,-1.7037809530841272,-1.1327016989337366,-4.617758814488546,-4.890375677739279,0.6930350065231323,0.0,-0.0,0.0,0.0,0.0,0.0,0.0,0.0,0.0,0.0,0.0,0.0,0
1786495107,358613014,100.0,-1.720046345387594,-1.7038052717791956,-1.1327374617206019,-4.617710892354147,-4.890339676533834,0.6930350065231323,0.0,-0.0,0.0,0.0,0.0,0.0,0.0,0.0,0.0,0.0,0.0,0.0,0
1786495107,378391265,100.0,-1.7199862639056605,-1.7038052717791956,-1.1327374617206019,-4.6177348534213465,-4.890363637601034,0.693058967590332,0.0,-0.0,0.0,0.0,0.0,0.0,0.0,0.0,0.0,0.0,0.0,0.0,0
1786495107,398448705,100.0,-1.7200225035296839,-1.7037690321551722,-1.1327016989337366,-4.617758814488546,-4.890387598668234,0.6930350065231323,0.0,-0.0,0.0,0.0,0.0,0.0,0.0,0.0,0.0,0.0,0.0,0.0,0
1786495107,418441057,100.0,-1.720046345387594,-1.7038410345660608,-1.1327016989337366,-4.6177948156939905,-4.890387598668234,0.6930110454559326,0.0,-0.0,0.0,0.0,0.0,0.0,0.0,0.0,0.0,0.0,0.0,0.0,0
1786495107,438664197,100.0,-1.7199981848346155,-1.7038410345660608,-1.1327136198626917,-4.617746893559591,-4.890327755604879,0.6930469870567322,0.0,-0.0,0.0,0.0,0.0,0.0,0.0,0.0,0.0,0.0,0.0,0.0,0
1786495107,458400011,100.0,-1.7199862639056605,-1.7038052717791956,-1.132749382649557,-4.617758814488546,-4.890339676533834,0.6929870843887329,0.0,-0.0,0.0,0.0,0.0,0.0,0.0,0.0,0.0,0.0,0.0,0.0,0
1786495107,478957653,100.0,-1.7200105826007288,-1.7037690321551722,-1.1327016989337366,-4.617746893559591,-4.890327755604879,0.693058967590332,0.0,-0.0,0.0,0.0,0.0,0.0,0.0,0.0,0.0,0.0,0.0,0.0,0
1786495107,498356342,100.0,-1.720034424458639,-1.7037690321551722,-1.1327016989337366,-4.6177348534213465,-4.890327755604879,0.6930469870567322,0.0,-0.0,0.0,0.0,0.0,0.0,0.0,0.0,0.0,0.0,0.0,0.0,0
1786495107,518620014,100.0,-1.720046345387594,-1.703757111226217,-1.1327136198626917,-4.617746893559591,-4.890399638806478,0.6929990649223328,0.0,-0.0,0.0,0.0,0.0,0.0,0.0,0.0,0.0,0.0,0.0,0.0,0
1786495107,538621902,100.0,-1.7200582663165491,-1.7038167158709925,-1.1326773802386683,-4.617770854626791,-4.890387598668234,0.6930829286575317,0.0,-0.0,0.0,0.0,0.0,0.0,0.0,0.0,0.0,0.0,0.0,0.0,0
1786495107,558443307,100.0,-1.7200105826007288,-1.7038052717791956,-1.1326540152179163,-4.617758814488546,-4.890375677739279,0.6930469870567322,0.0,-0.0,0.0,0.0,0.0,0.0,0.0,0.0,0.0,0.0,0.0,0.0,0
1786495107,578516244,100.0,-1.7200225035296839,-1.7037928740130823,-1.1326897780047815,-4.6177948156939905,-4.890351716672079,0.6929990649223328,0.0,-0.0,0.0,0.0,0.0,0.0,0.0,0.0,0.0,0.0,0.0,0.0,0
1786495107,598610639,100.0,-1.720046345387594,-1.7038167158709925,-1.1327016989337366,-4.617722932492391,-4.890339676533834,0.6930230259895325,0.0,-0.0,0.0,0.0,0.0,0.0,0.0,0.0,0.0,0.0,0.0,0.0,0
1786495107,618304014,100.0,-1.7200105826007288,-1.7038167158709925,-1.1327136198626917,-4.617758814488546,-4.890363637601034,0.6930350065231323,0.0,-0.0,0.0,0.0,0.0,0.0,0.0,0.0,0.0,0.0,0.0,0.0,0
1786495107,638606071,100.0,-1.7200105826007288,-1.7037928740130823,-1.1327136198626917,-4.617758814488546,-4.890315715466635,0.6930469870567322,0.0,-0.0,0.0,0.0,0.0,0.0,0.0,0.0,0.0,0.0,0.0,0.0,0
1786495107,658315181,100.0,-1.720034424458639,-1.7038291136371058,-1.132749382649557,-4.617770854626791,-4.890327755604879,0.6929990649223328,0.0,-0.0,0.0,0.0,0.0,0.0,0.0,0.0,0.0,0.0,0.0,0.0,0
1786495107,678433895,100.0,-1.720034424458639,-1.703852955495016,-1.1327374617206019,-4.617746893559591,-4.890351716672079,0.6930469870567322,0.0,-0.0,0.0,0.0,0.0,0.0,0.0,0.0,0.0,0.0,0.0,0.0,0
1786495107,698412179,100.0,-1.7200105826007288,-1.7038410345660608,-1.1327136198626917,-4.617770854626791,-4.890363637601034,0.6930110454559326,0.0,-0.0,0.0,0.0,0.0,0.0,0.0,0.0,0.0,0.0,0.0,0.0,0
1786495107,718538522,100.0,-1.7199743429767054,-1.7037928740130823,-1.1326897780047815,-4.617758814488546,-4.890363637601034,0.6930230259895325,0.0,-0.0,0.0,0.0,0.0,0.0,0.0,0.0,0.0,0.0,0.0,0.0,0
1786495107,738454103,100.0,-1.7199862639056605,-1.7037809530841272,-1.1327016989337366,-4.617770854626791,-4.890339676533834,0.6930110454559326,0.0,-0.0,0.0,0.0,0.0,0.0,0.0,0.0,0.0,0.0,0.0,0.0,0
1786495107,758443593,100.0,-1.7200582663165491,-1.703757111226217,-1.1326659361468714,-4.6177348534213465,-4.890339676533834,0.6929870843887329,0.0,-0.0,0.0,0.0,0.0,0.0,0.0,0.0,0.0,0.0,0.0,0.0,0
1786495107,778496742,100.0,-1.720046345387594,-1.703757111226217,-1.1327136198626917,-4.6177348534213465,-4.890339676533834,0.6930709481239319,0.0,-0.0,0.0,0.0,0.0,0.0,0.0,0.0,0.0,0.0,0.0,0.0,0
1786495107,798579216,100.0,-1.7200105826007288,-1.7037690321551722,-1.132749382649557,-4.617770854626791,-4.890327755604879,0.6930230259895325,0.0,-0.0,0.0,0.0,0.0,0.0,0.0,0.0,0.0,0.0,0.0,0.0,0
1786495107,818391561,100.0,-1.7200701872455042,-1.7038410345660608,-1.1327136198626917,-4.617710892354147,-4.890387598668234,0.693058967590332,0.0,-0.0,0.0,0.0,0.0,0.0,0.0,0.0,0.0,0.0,0.0,0.0,0
1786495107,838656425,100.0,-1.7200225035296839,-1.7037809530841272,-1.1327016989337366,-4.617758814488546,-4.890327755604879,0.693058967590332,0.0,-0.0,0.0,0.0,0.0,0.0,0.0,0.0,0.0,0.0,0.0,0.0,0
1786495107,858241319,100.0,-1.7200105826007288,-1.7038167158709925,-1.1326773802386683,-4.6177348534213465,-4.890339676533834,0.6930469870567322,0.0,-0.0,0.0,0.0,0.0,0.0,0.0,0.0,0.0,0.0,0.0,0.0,0
1786495107,878667116,100.0,-1.7200225035296839,-1.7038291136371058,-1.1327374617206019,-4.617758814488546,-4.890399638806478,0.6930350065231323,0.0,-0.0,0.0,0.0,0.0,0.0,0.0,0.0,0.0,0.0,0.0,0.0,0
1786495107,898373603,100.0,-1.7200105826007288,-1.7037690321551722,-1.1327136198626917,-4.6177828947650355,-4.890339676533834,0.693058967590332,0.0,-0.0,0.0,0.0,0.0,0.0,0.0,0.0,0.0,0.0,0.0,0.0,0
1786495107,918436050,100.0,-1.7200225035296839,-1.7037809530841272,-1.1327255407916468,-4.6177348534213465,-4.890351716672079,0.6930469870567322,0.0,-0.0,0.0,0.0,0.0,0.0,0.0,0.0,0.0,0.0,0.0,0.0,0
1786495107,938598394,100.0,-1.7200105826007288,-1.7038167158709925,-1.1327016989337366,-4.617770854626791,-4.890351716672079,0.6930350065231323,0.0,-0.0,0.0,0.0,0.0,0.0,0.0,0.0,0.0,0.0,0.0,0.0,0
1786495107,958612918,100.0,-1.7200945059405726,-1.7037690321551722,-1.1327136198626917,-4.617746893559591,-4.890412036572592,0.6930469870567322,0.0,-0.0,0.0,0.0,0.0,0.0,0.0,0.0,0.0,0.0,0.0,0.0,0
1786495107,978428363,100.0,-1.720046345387594,-1.7038052717791956,-1.1327255407916468,-4.617770854626791,-4.890375677739279,0.6930350065231323,0.0,-0.0,0.0,0.0,0.0,0.0,0.0,0.0,0.0,0.0,0.0,0.0,0
1786495107,998454570,100.0,-1.7200225035296839,-1.7038410345660608,-1.1327255407916468,-4.6177948156939905,-4.890399638806478,0.6930350065231323,0.0,-0.0,0.0,0.0,0.0,0.0,0.0,0.0,0.0,0.0,0.0,0.0,0
1786495108,18397331,100.0,-1.7200225035296839,-1.7037809530841272,-1.1327255407916468,-4.617758814488546,-4.890387598668234,0.6929990649223328,0.0,-0.0,0.0,0.0,0.0,0.0,0.0,0.0,0.0,0.0,0.0,0.0,0
1786495108,38656234,100.0,-1.7200225035296839,-1.703852955495016,-1.1326773802386683,-4.617758814488546,-4.890363637601034,0.6930110454559326,0.0,-0.0,0.0,0.0,0.0,0.0,0.0,0.0,0.0,0.0,0.0,0.0,0
1786495108,58395862,100.0,-1.7200225035296839,-1.7038052717791956,-1.1326420942889612,-4.6177948156939905,-4.890375677739279,0.6930469870567322,0.0,-0.0,0.0,0.0,0.0,0.0,0.0,0.0,0.0,0.0,0.0,0.0,0
1786495108,78451633,100.0,-1.7200225035296839,-1.7037809530841272,-1.1327016989337366,-4.617758814488546,-4.890315715466635,0.6929990649223328,0.0,-0.0,0.0,0.0,0.0,0.0,0.0,0.0,0.0,0.0,0.0,0.0,0
1786495108,98500967,100.0,-1.720046345387594,-1.7037928740130823,-1.1327374617206019,-4.6177828947650355,-4.890387598668234,0.6930350065231323,0.0,-0.0,0.0,0.0,0.0,0.0,0.0,0.0,0.0,0.0,0.0,0.0,0
1786495108,118536472,100.0,-1.720046345387594,-1.7037809530841272,-1.1327016989337366,-4.617770854626791,-4.890351716672079,0.6929990649223328,0.0,-0.0,0.0,0.0,0.0,0.0,0.0,0.0,0.0,0.0,0.0,0.0,0
1786495108,138553142,100.0,-1.7200225035296839,-1.7038052717791956,-1.1327255407916468,-4.617758814488546,-4.890375677739279,0.6930350065231323,0.0,-0.0,0.0,0.0,0.0,0.0,0.0,0.0,0.0,0.0,0.0,0.0,0
1786495108,158621072,100.0,-1.7200582663165491,-1.7038410345660608,-1.1326420942889612,-4.617746893559591,-4.890387598668234,0.6929990649223328,0.0,-0.0,0.0,0.0,0.0,0.0,0.0,0.0,0.0,0.0,0.0,0.0,0
1786495108,178367853,100.0,-1.7200225035296839,-1.7038167158709925,-1.1326897780047815,-4.617746893559591,-4.890351716672079,0.6930469870567322,0.0,-0.0,0.0,0.0,0.0,0.0,0.0,0.0,0.0,0.0,0.0,0.0,0
1786495108,198531389,100.0,-1.720046345387594,-1.7038052717791956,-1.1327016989337366,-4.617770854626791,-4.890351716672079,0.6930230259895325,0.0,-0.0,0.0,0.0,0.0,0.0,0.0,0.0,0.0,0.0,0.0,0.0,0
1786495108,218505144,100.0,-1.7199981848346155,-1.7038410345660608,-1.1326897780047815,-4.617722932492391,-4.890375677739279,0.6930110454559326,0.0,-0.0,0.0,0.0,0.0,0.0,0.0,0.0,0.0,0.0,0.0,0.0,0
1786495108,238659143,100.0,-1.7200105826007288,-1.703852955495016,-1.1327016989337366,-4.617746893559591,-4.890363637601034,0.6930350065231323,0.0,-0.0,0.0,0.0,0.0,0.0,0.0,0.0,0.0,0.0,0.0,0.0,0
1786495108,258354663,100.0,-1.7200105826007288,-1.7037928740130823,-1.1326897780047815,-4.617758814488546,-4.890375677739279,0.6930230259895325,0.0,-0.0,0.0,0.0,0.0,0.0,0.0,0.0,0.0,0.0,0.0,0.0,0
1786495108,278521537,100.0,-1.7199981848346155,-1.7037928740130823,-1.1327374617206019,-4.617698971425192,-4.890375677739279,0.6930949091911316,0.0,-0.0,0.0,0.0,0.0,0.0,0.0,0.0,0.0,0.0,0.0,0.0,0
1786495108,298337459,100.0,-1.720046345387594,-1.7038052717791956,-1.1327016989337366,-4.617770854626791,-4.890339676533834,0.693058967590332,0.0,-0.0,0.0,0.0,0.0,0.0,0.0,0.0,0.0,0.0,0.0,0.0,0
1786495108,318620204,100.0,-1.7200701872455042,-1.703757111226217,-1.1327016989337366,-4.6177348534213465,-4.890375677739279,0.6930469870567322,0.0,-0.0,0.0,0.0,0.0,0.0,0.0,0.0,0.0,0.0,0.0,0.0,0
1786495108,338589429,100.0,-1.7199862639056605,-1.7037809530841272,-1.1326897780047815,-4.617746893559591,-4.890327755604879,0.6930709481239319,0.0,-0.0,0.0,0.0,0.0,0.0,0.0,0.0,0.0,0.0,0.0,0.0,0
1786495108,358581066,100.0,-1.7199981848346155,-1.703757111226217,-1.1327136198626917,-4.6177828947650355,-4.890351716672079,0.6930469870567322,0.0,-0.0,0.0,0.0,0.0,0.0,0.0,0.0,0.0,0.0,0.0,0.0,0
1786495108,378404378,100.0,-1.7199862639056605,-1.7038410345660608,-1.1326540152179163,-4.6177348534213465,-4.890339676533834,0.693058967590332,0.0,-0.0,0.0,0.0,0.0,0.0,0.0,0.0,0.0,0.0,0.0,0.0,0
1786495108,398388385,100.0,-1.7200225035296839,-1.7038167158709925,-1.1327255407916468,-4.617710892354147,-4.890327755604879,0.6930709481239319,0.0,-0.0,0.0,0.0,0.0,0.0,0.0,0.0,0.0,0.0,0.0,0.0,0
1786495108,418368101,100.0,-1.7200701872455042,-1.7037690321551722,-1.1327255407916468,-4.6177348534213465,-4.890363637601034,0.6930110454559326,0.0,-0.0,0.0,0.0,0.0,0.0,0.0,0.0,0.0,0.0,0.0,0.0,0
1786495108,438596963,100.0,-1.720034424458639,-1.7038167158709925,-1.1326897780047815,-4.6177348534213465,-4.890351716672079,0.6930230259895325,0.0,-0.0,0.0,0.0,0.0,0.0,0.0,0.0,0.0,0.0,0.0,0.0,0
1786495108,458363294,100.0,-1.720034424458639,-1.7038291136371058,-1.1327016989337366,-4.617710892354147,-4.890387598668234,0.6930110454559326,0.0,-0.0,0.0,0.0,0.0,0.0,0.0,0.0,0.0,0.0,0.0,0.0,0
1786495108,478447675,100.0,-1.720034424458639,-1.7037928740130823,-1.1327136198626917,-4.617746893559591,-4.890363637601034,0.6930350065231323,0.0,-0.0,0.0,0.0,0.0,0.0,0.0,0.0,0.0,0.0,0.0,0.0,0
1786495108,498595237,100.0,-1.7200945059405726,-1.7038052717791956,-1.1326540152179163,-4.6177828947650355,-4.890351716672079,0.6930829286575317,0.0,-0.0,0.0,0.0,0.0,0.0,0.0,0.0,0.0,0.0,0.0,0.0,0
1786495108,518455982,100.0,-1.720046345387594,-1.7037809530841272,-1.132749382649557,-4.617722932492391,-4.890327755604879,0.6930230259895325,0.0,-0.0,0.0,0.0,0.0,0.0,0.0,0.0,0.0,0.0,0.0,0.0,0
1786495108,538517951,100.0,-1.7200225035296839,-1.7038291136371058,-1.1327016989337366,-4.617770854626791,-4.890399638806478,0.693058967590332,0.0,-0.0,0.0,0.0,0.0,0.0,0.0,0.0,0.0,0.0,0.0,0.0,0
1786495108,558579683,100.0,-1.720034424458639,-1.7038167158709925,-1.1326897780047815,-4.617746893559591,-4.890351716672079,0.6930469870567322,0.0,-0.0,0.0,0.0,0.0,0.0,0.0,0.0,0.0,0.0,0.0,0.0,0
1786495108,578317403,100.0,-1.7200225035296839,-1.7038167158709925,-1.1327255407916468,-4.6177828947650355,-4.890327755604879,0.6929990649223328,0.0,-0.0,0.0,0.0,0.0,0.0,0.0,0.0,0.0,0.0,0.0,0.0,0
1786495108,598422765,100.0,-1.7200582663165491,-1.7037928740130823,-1.1327255407916468,-4.617758814488546,-4.890363637601034,0.693058967590332,0.0,-0.0,0.0,0.0,0.0,0.0,0.0,0.0,0.0,0.0,0.0,0.0,0
1786495108,618436574,100.0,-1.7200225035296839,-1.7037928740130823,-1.1326897780047815,-4.617770854626791,-4.890387598668234,0.6930350065231323,0.0,-0.0,0.0,0.0,0.0,0.0,0.0,0.0,0.0,0.0,0.0,0.0,0
1786495108,638526678,100.0,-1.7199981848346155,-1.7038167158709925,-1.1327016989337366,-4.6177828947650355,-4.890351716672079,0.6930350065231323,0.0,-0.0,0.0,0.0,0.0,0.0,0.0,0.0,0.0,0.0,0.0,0.0,0
1786495108,658713579,100.0,-1.7200582663165491,-1.703876797352926,-1.1327255407916468,-4.6177348534213465,-4.890387598668234,0.6930469870567322,0.0,-0.0,0.0,0.0,0.0,0.0,0.0,0.0,0.0,0.0,0.0,0.0,0
1786495108,678522586,100.0,-1.7200105826007288,-1.7038291136371058,-1.1327136198626917,-4.617758814488546,-4.890363637601034,0.6930469870567322,0.0,-0.0,0.0,0.0,0.0,0.0,0.0,0.0,0.0,0.0,0.0,0.0,0
1786495108,698801040,100.0,-1.720046345387594,-1.7037928740130823,-1.1327016989337366,-4.617806855832235,-4.890351716672079,0.6929990649223328,0.0,-0.0,0.0,0.0,0.0,0.0,0.0,0.0,0.0,0.0,0.0,0.0,0
1786495108,718326807,100.0,-1.7200225035296839,-1.7038410345660608,-1.1327255407916468,-4.617746893559591,-4.890375677739279,0.6930350065231323,0.0,-0.0,0.0,0.0,0.0,0.0,0.0,0.0,0.0,0.0,0.0,0.0,0
1786495108,738451480,100.0,-1.720034424458639,-1.7038291136371058,-1.1326897780047815,-4.617770854626791,-4.890363637601034,0.6930230259895325,0.0,-0.0,0.0,0.0,0.0,0.0,0.0,0.0,0.0,0.0,0.0,0.0,0
1786495108,758511304,100.0,-1.720034424458639,-1.7037690321551722,-1.132749382649557,-4.617722932492391,-4.890327755604879,0.6930230259895325,0.0,-0.0,0.0,0.0,0.0,0.0,0.0,0.0,0.0,0.0,0.0,0.0,0
1786495108,778351306,100.0,-1.720034424458639,-1.703852955495016,-1.1326659361468714,-4.6177348534213465,-4.890351716672079,0.6930709481239319,0.0,-0.0,0.0,0.0,0.0,0.0,0.0,0.0,0.0,0.0,0.0,0.0,0
1786495108,798503875,100.0,-1.7200105826007288,-1.7038052717791956,-1.1327136198626917,-4.617758814488546,-4.890339676533834,0.6930469870567322,0.0,-0.0,0.0,0.0,0.0,0.0,0.0,0.0,0.0,0.0,0.0,0.0,0
1786495108,818372726,100.0,-1.7199743429767054,-1.7037928740130823,-1.1326897780047815,-4.617746893559591,-4.890351716672079,0.6930709481239319,0.0,-0.0,0.0,0.0,0.0,0.0,0.0,0.0,0.0,0.0,0.0,0.0,0
1786495108,838585376,100.0,-1.7200225035296839,-1.703757111226217,-1.1327737013446253,-4.617758814488546,-4.890387598668234,0.6930350065231323,0.0,-0.0,0.0,0.0,0.0,0.0,0.0,0.0,0.0,0.0,0.0,0.0,0
1786495108,858380317,100.0,-1.720046345387594,-1.7037809530841272,-1.1327016989337366,-4.6177828947650355,-4.890339676533834,0.6930110454559326,0.0,-0.0,0.0,0.0,0.0,0.0,0.0,0.0,0.0,0.0,0.0,0.0,0
1786495108,878445625,100.0,-1.7200105826007288,-1.7038052717791956,-1.1326897780047815,-4.617770854626791,-4.890351716672079,0.6929870843887329,0.0,-0.0,0.0,0.0,0.0,0.0,0.0,0.0,0.0,0.0,0.0,0.0,0
1786495108,898406505,100.0,-1.720034424458639,-1.7038052717791956,-1.1326659361468714,-4.6177948156939905,-4.890387598668234,0.6930469870567322,0.0,-0.0,0.0,0.0,0.0,0.0,0.0,0.0,0.0,0.0,0.0,0.0,0
1786495108,918550729,100.0,-1.720034424458639,-1.7038167158709925,-1.1327374617206019,-4.617758814488546,-4.890327755604879,0.6929870843887329,0.0,-0.0,0.0,0.0,0.0,0.0,0.0,0.0,0.0,0.0,0.0,0.0,0
1786495108,938583612,100.0,-1.7200701872455042,-1.7037928740130823,-1.1327136198626917,-4.6177948156939905,-4.890375677739279,0.693058967590332,0.0,-0.0,0.0,0.0,0.0,0.0,0.0,0.0,0.0,0.0,0.0,0.0,0
1786495108,958425521,100.0,-1.7200225035296839,-1.7037690321551722,-1.1326659361468714,-4.617746893559591,-4.890351716672079,0.6930230259895325,0.0,-0.0,0.0,0.0,0.0,0.0,0.0,0.0,0.0,0.0,0.0,0.0,0
1786495108,978410482,100.0,-1.7200105826007288,-1.7037928740130823,-1.1326659361468714,-4.617746893559591,-4.890327755604879,0.6930469870567322,0.0,-0.0,0.0,0.0,0.0,0.0,0.0,0.0,0.0,0.0,0.0,0.0,0
1786495108,998649597,100.0,-1.7200225035296839,-1.7038167158709925,-1.1327255407916468,-4.617806855832235,-4.890387598668234,0.6930110454559326,0.0,-0.0,0.0,0.0,0.0,0.0,0.0,0.0,0.0,0.0,0.0,0.0,0
1786495109,18502235,100.0,-1.7199981848346155,-1.703852955495016,-1.1326659361468714,-4.617758814488546,-4.890351716672079,0.6930709481239319,0.0,-0.0,0.0,0.0,0.0,0.0,0.0,0.0,0.0,0.0,0.0,0.0,0
1786495109,38611173,100.0,-1.720046345387594,-1.7038410345660608,-1.1327255407916468,-4.6177948156939905,-4.890399638806478,0.6930230259895325,0.0,-0.0,0.0,0.0,0.0,0.0,0.0,0.0,0.0,0.0,0.0,0.0,0
1786495109,58444499,100.0,-1.7200945059405726,-1.7037809530841272,-1.1326540152179163,-4.617770854626791,-4.890363637601034,0.6930350065231323,0.0,-0.0,0.0,0.0,0.0,0.0,0.0,0.0,0.0,0.0,0.0,0.0,0
1786495109,78423261,100.0,-1.7200105826007288,-1.7038291136371058,-1.1327374617206019,-4.6177348534213465,-4.890375677739279,0.6929870843887329,0.0,-0.0,0.0,0.0,0.0,0.0,0.0,0.0,0.0,0.0,0.0,0.0,0
1786495109,98400831,100.0,-1.7200582663165491,-1.7038052717791956,-1.1327255407916468,-4.617722932492391,-4.890339676533834,0.6930110454559326,0.0,-0.0,0.0,0.0,0.0,0.0,0.0,0.0,0.0,0.0,0.0,0.0,0
1786495109,118576288,100.0,-1.720034424458639,-1.7037809530841272,-1.1327255407916468,-4.617710892354147,-4.890375677739279,0.693058967590332,0.0,-0.0,0.0,0.0,0.0,0.0,0.0,0.0,0.0,0.0,0.0,0.0,0
1786495109,138602256,100.0,-1.7200105826007288,-1.7037690321551722,-1.1327016989337366,-4.6177828947650355,-4.890339676533834,0.6930110454559326,0.0,-0.0,0.0,0.0,0.0,0.0,0.0,0.0,0.0,0.0,0.0,0.0,0
1786495109,158505916,100.0,-1.7200701872455042,-1.703864876423971,-1.1327016989337366,-4.617710892354147,-4.890351716672079,0.6930469870567322,0.0,-0.0,0.0,0.0,0.0,0.0,0.0,0.0,0.0,0.0,0.0,0.0,0
1786495109,178343534,100.0,-1.7200582663165491,-1.7038052717791956,-1.1326540152179163,-4.617758814488546,-4.890327755604879,0.6929990649223328,0.0,-0.0,0.0,0.0,0.0,0.0,0.0,0.0,0.0,0.0,0.0,0.0,0
1786495109,198405981,100.0,-1.7200225035296839,-1.7038052717791956,-1.1327255407916468,-4.617746893559591,-4.890351716672079,0.6930350065231323,0.0,-0.0,0.0,0.0,0.0,0.0,0.0,0.0,0.0,0.0,0.0,0.0,0
1786495109,218387126,100.0,-1.720034424458639,-1.7038167158709925,-1.1326897780047815,-4.617746893559591,-4.890363637601034,0.6930469870567322,0.0,-0.0,0.0,0.0,0.0,0.0,0.0,0.0,0.0,0.0,0.0,0.0,0
1786495109,238579750,100.0,-1.7200225035296839,-1.7037809530841272,-1.1327136198626917,-4.6177948156939905,-4.890387598668234,0.6930469870567322,0.0,-0.0,0.0,0.0,0.0,0.0,0.0,0.0,0.0,0.0,0.0,0.0,0
1786495109,258333206,100.0,-1.7200225035296839,-1.7037809530841272,-1.1327255407916468,-4.617746893559591,-4.890327755604879,0.693058967590332,0.0,-0.0,0.0,0.0,0.0,0.0,0.0,0.0,0.0,0.0,0.0,0.0,0
1786495109,278437852,100.0,-1.7200582663165491,-1.7037327925311487,-1.1327374617206019,-4.617770854626791,-4.890375677739279,0.6930350065231323,0.0,-0.0,0.0,0.0,0.0,0.0,0.0,0.0,0.0,0.0,0.0,0.0,0
1786495109,298332214,100.0,-1.7199981848346155,-1.7037928740130823,-1.1327255407916468,-4.617758814488546,-4.890375677739279,0.6930350065231323,0.0,-0.0,0.0,0.0,0.0,0.0,0.0,0.0,0.0,0.0,0.0,0.0,0
1786495109,318506002,100.0,-1.7200105826007288,-1.7038291136371058,-1.1326897780047815,-4.617758814488546,-4.890339676533834,0.693058967590332,0.0,-0.0,0.0,0.0,0.0,0.0,0.0,0.0,0.0,0.0,0.0,0.0,0
1786495109,338514089,100.0,-1.7200105826007288,-1.7037928740130823,-1.1327374617206019,-4.6177348534213465,-4.890327755604879,0.6930110454559326,0.0,-0.0,0.0,0.0,0.0,0.0,0.0,0.0,0.0,0.0,0.0,0.0,0
1786495109,358420133,100.0,-1.7199862639056605,-1.7038291136371058,-1.1327016989337366,-4.6177828947650355,-4.890387598668234,0.6930469870567322,0.0,-0.0,0.0,0.0,0.0,0.0,0.0,0.0,0.0,0.0,0.0,0.0,0
1786495109,378462314,100.0,-1.7199862639056605,-1.7038291136371058,-1.1326897780047815,-4.617806855832235,-4.890375677739279,0.6930469870567322,0.0,-0.0,0.0,0.0,0.0,0.0,0.0,0.0,0.0,0.0,0.0,0.0,0
1786495109,398458003,100.0,-1.720046345387594,-1.7038052717791956,-1.1327016989337366,-4.617710892354147,-4.890399638806478,0.6930829286575317,0.0,-0.0,0.0,0.0,0.0,0.0,0.0,0.0,0.0,0.0,0.0,0.0,0
1786495109,418389320,100.0,-1.720046345387594,-1.7037809530841272,-1.1326897780047815,-4.6177348534213465,-4.890339676533834,0.6929990649223328,0.0,-0.0,0.0,0.0,0.0,0.0,0.0,0.0,0.0,0.0,0.0,0.0,0
1786495109,438619852,100.0,-1.7200225035296839,-1.7038410345660608,-1.1327016989337366,-4.6177348534213465,-4.890387598668234,0.6930829286575317,0.0,-0.0,0.0,0.0,0.0,0.0,0.0,0.0,0.0,0.0,0.0,0.0,0
1786495109,458303689,100.0,-1.720046345387594,-1.7038167158709925,-1.1327255407916468,-4.617770854626791,-4.890375677739279,0.6930469870567322,0.0,-0.0,0.0,0.0,0.0,0.0,0.0,0.0,0.0,0.0,0.0,0.0,0
1786495109,478578805,100.0,-1.7200105826007288,-1.7038291136371058,-1.1326897780047815,-4.617746893559591,-4.890351716672079,0.6929990649223328,0.0,-0.0,0.0,0.0,0.0,0.0,0.0,0.0,0.0,0.0,0.0,0.0,0
1786495109,498421907,100.0,-1.7199862639056605,-1.7037928740130823,-1.1327136198626917,-4.617722932492391,-4.8903037945376795,0.6930709481239319,0.0,-0.0,0.0,0.0,0.0,0.0,0.0,0.0,0.0,0.0,0.0,0.0,0
1786495109,518635272,100.0,-1.7199862639056605,-1.7037928740130823,-1.1326659361468714,-4.617770854626791,-4.890387598668234,0.693058967590332,0.0,-0.0,0.0,0.0,0.0,0.0,0.0,0.0,0.0,0.0,0.0,0.0,0
1786495109,538576126,100.0,-1.7200105826007288,-1.7038291136371058,-1.1327136198626917,-4.6177828947650355,-4.890399638806478,0.6930350065231323,0.0,-0.0,0.0,0.0,0.0,0.0,0.0,0.0,0.0,0.0,0.0,0.0,0
1786495109,558425903,100.0,-1.7200105826007288,-1.7038410345660608,-1.1326540152179163,-4.6177828947650355,-4.890375677739279,0.6930709481239319,0.0,-0.0,0.0,0.0,0.0,0.0,0.0,0.0,0.0,0.0,0.0,0.0,0
1786495109,578455209,100.0,-1.7199862639056605,-1.7037928740130823,-1.1326659361468714,-4.617770854626791,-4.890399638806478,0.6930829286575317,0.0,-0.0,0.0,0.0,0.0,0.0,0.0,0.0,0.0,0.0,0.0,0.0,0
1786495109,598526239,100.0,-1.7199981848346155,-1.7038167158709925,-1.1327016989337366,-4.617746893559591,-4.890375677739279,0.6930350065231323,0.0,-0.0,0.0,0.0,0.0,0.0,0.0,0.0,0.0,0.0,0.0,0.0,0
1786495109,618417501,100.0,-1.7200582663165491,-1.7038167158709925,-1.1326773802386683,-4.617722932492391,-4.890387598668234,0.6930350065231323,0.0,-0.0,0.0,0.0,0.0,0.0,0.0,0.0,0.0,0.0,0.0,0.0,0
1786495109,638619184,100.0,-1.7200701872455042,-1.7038167158709925,-1.1327016989337366,-4.617710892354147,-4.890351716672079,0.6930469870567322,0.0,-0.0,0.0,0.0,0.0,0.0,0.0,0.0,0.0,0.0,0.0,0.0,0
1786495109,658334016,100.0,-1.720034424458639,-1.7038291136371058,-1.1327255407916468,-4.6177828947650355,-4.890315715466635,0.6930230259895325,0.0,-0.0,0.0,0.0,0.0,0.0,0.0,0.0,0.0,0.0,0.0,0.0,0
1786495109,678519725,100.0,-1.720034424458639,-1.7038410345660608,-1.1326897780047815,-4.6177828947650355,-4.890363637601034,0.6930350065231323,0.0,-0.0,0.0,0.0,0.0,0.0,0.0,0.0,0.0,0.0,0.0,0.0,0
1786495109,698446273,100.0,-1.7199862639056605,-1.7037928740130823,-1.1326897780047815,-4.617746893559591,-4.890339676533834,0.6929990649223328,0.0,-0.0,0.0,0.0,0.0,0.0,0.0,0.0,0.0,0.0,0.0,0.0,0
1786495109,718449831,100.0,-1.7200105826007288,-1.7037327925311487,-1.1326897780047815,-4.617758814488546,-4.890339676533834,0.693058967590332,0.0,-0.0,0.0,0.0,0.0,0.0,0.0,0.0,0.0,0.0,0.0,0.0,0
1786495109,738459348,100.0,-1.7199862639056605,-1.7037809530841272,-1.1326540152179163,-4.617722932492391,-4.890351716672079,0.6930350065231323,0.0,-0.0,0.0,0.0,0.0,0.0,0.0,0.0,0.0,0.0,0.0,0.0,0
1786495109,758588790,100.0,-1.7200582663165491,-1.7037928740130823,-1.1327016989337366,-4.617758814488546,-4.890351716672079,0.6930469870567322,0.0,-0.0,0.0,0.0,0.0,0.0,0.0,0.0,0.0,0.0,0.0,0.0,0
1786495109,778517961,100.0,-1.7200105826007288,-1.7038410345660608,-1.132749382649557,-4.617758814488546,-4.890363637601034,0.6930469870567322,0.0,-0.0,0.0,0.0,0.0,0.0,0.0,0.0,0.0,0.0,0.0,0.0,0
1786495109,798558235,100.0,-1.720046345387594,-1.7038291136371058,-1.1327016989337366,-4.617746893559591,-4.890375677739279,0.6930230259895325,0.0,-0.0,0.0,0.0,0.0,0.0,0.0,0.0,0.0,0.0,0.0,0.0,0
1786495109,818336963,100.0,-1.720034424458639,-1.7038410345660608,-1.1326773802386683,-4.6177348534213465,-4.890375677739279,0.6929990649223328,0.0,-0.0,0.0,0.0,0.0,0.0,0.0,0.0,0.0,0.0,0.0,0.0,0
1786495109,838641881,100.0,-1.7199862639056605,-1.7037809530841272,-1.1326897780047815,-4.6177828947650355,-4.890339676533834,0.6930829286575317,0.0,-0.0,0.0,0.0,0.0,0.0,0.0,0.0,0.0,0.0,0.0,0.0,0
1786495109,858368873,100.0,-1.7200225035296839,-1.7038167158709925,-1.1326773802386683,-4.617710892354147,-4.890363637601034,0.6930350065231323,0.0,-0.0,0.0,0.0,0.0,0.0,0.0,0.0,0.0,0.0,0.0,0.0,0
1786495109,878505945,100.0,-1.7200701872455042,-1.7038052717791956,-1.1326897780047815,-4.617758814488546,-4.890399638806478,0.6930709481239319,0.0,-0.0,0.0,0.0,0.0,0.0,0.0,0.0,0.0,0.0,0.0,0.0,0
1786495109,898537635,100.0,-1.720046345387594,-1.7038291136371058,-1.1326897780047815,-4.617746893559591,-4.890351716672079,0.6930350065231323,0.0,-0.0,0.0,0.0,0.0,0.0,0.0,0.0,0.0,0.0,0.0,0.0,0
1786495109,918651342,100.0,-1.7200225035296839,-1.7038167158709925,-1.1327374617206019,-4.617770854626791,-4.890351716672079,0.6929990649223328,0.0,-0.0,0.0,0.0,0.0,0.0,0.0,0.0,0.0,0.0,0.0,0.0,0
1786495109,938551664,100.0,-1.7200225035296839,-1.7038167158709925,-1.1327136198626917,-4.61781877676119,-4.890351716672079,0.6929990649223328,0.0,-0.0,0.0,0.0,0.0,0.0,0.0,0.0,0.0,0.0,0.0,0.0,0
1786495109,958431243,100.0,-1.7200105826007288,-1.7038291136371058,-1.1327016989337366,-4.617758814488546,-4.890412036572592,0.693058967590332,0.0,-0.0,0.0,0.0,0.0,0.0,0.0,0.0,0.0,0.0,0.0,0.0,0
1786495109,978412628,100.0,-1.720034424458639,-1.7037928740130823,-1.1326897780047815,-4.617710892354147,-4.890351716672079,0.6930230259895325,0.0,-0.0,0.0,0.0,0.0,0.0,0.0,0.0,0.0,0.0,0.0,0.0,0
1786495109,998548030,100.0,-1.7200225035296839,-1.7038410345660608,-1.1327136198626917,-4.617770854626791,-4.890351716672079,0.6930469870567322,0.0,-0.0,0.0,0.0,0.0,0.0,0.0,0.0,0.0,0.0,0.0,0.0,0
1786495110,18364429,100.0,-1.7200225035296839,-1.7038167158709925,-1.1327016989337366,-4.6177948156939905,-4.890375677739279,0.6930230259895325,0.0,-0.0,0.0,0.0,0.0,0.0,0.0,0.0,0.0,0.0,0.0,0.0,0
1786495110,38600206,100.0,-1.7200105826007288,-1.7038291136371058,-1.1326659361468714,-4.617770854626791,-4.890315715466635,0.693058967590332,0.0,-0.0,0.0,0.0,0.0,0.0,0.0,0.0,0.0,0.0,0.0,0.0,0
1786495110,58444261,100.0,-1.7200225035296839,-1.7038410345660608,-1.1327136198626917,-4.617758814488546,-4.890315715466635,0.6930230259895325,0.0,-0.0,0.0,0.0,0.0,0.0,0.0,0.0,0.0,0.0,0.0,0.0,0
1786495110,78592061,100.0,-1.7199981848346155,-1.7038167158709925,-1.1327136198626917,-4.617758814488546,-4.890399638806478,0.6930110454559326,0.0,-0.0,0.0,0.0,0.0,0.0,0.0,0.0,0.0,0.0,0.0,0.0,0
1786495110,98406314,100.0,-1.7199981848346155,-1.7038410345660608,-1.1327136198626917,-4.617806855832235,-4.890387598668234,0.693058967590332,0.0,-0.0,0.0,0.0,0.0,0.0,0.0,0.0,0.0,0.0,0.0,0.0,0
1786495110,118508338,100.0,-1.7200225035296839,-1.7038052717791956,-1.1327016989337366,-4.617758814488546,-4.890327755604879,0.6930230259895325,0.0,-0.0,0.0,0.0,0.0,0.0,0.0,0.0,0.0,0.0,0.0,0.0,0
1786495110,138551235,100.0,-1.7200225035296839,-1.7038410345660608,-1.1327255407916468,-4.6177828947650355,-4.890375677739279,0.6930469870567322,0.0,-0.0,0.0,0.0,0.0,0.0,0.0,0.0,0.0,0.0,0.0,0.0,0
1786495110,158599615,100.0,-1.7200582663165491,-1.7038052717791956,-1.1327136198626917,-4.617758814488546,-4.890375677739279,0.6930350065231323,0.0,-0.0,0.0,0.0,0.0,0.0,0.0,0.0,0.0,0.0,0.0,0.0,0
1786495110,178369760,100.0,-1.7199981848346155,-1.7038052717791956,-1.132749382649557,-4.6177348534213465,-4.890351716672079,0.6930230259895325,0.0,-0.0,0.0,0.0,0.0,0.0,0.0,0.0,0.0,0.0,0.0,0.0,0
1786495110,198376178,100.0,-1.7200105826007288,-1.7038167158709925,-1.1327016989337366,-4.617806855832235,-4.890375677739279,0.6929870843887329,0.0,-0.0,0.0,0.0,0.0,0.0,0.0,0.0,0.0,0.0,0.0,0.0,0
1786495110,218345880,100.0,-1.7199981848346155,-1.7038410345660608,-1.132749382649557,-4.6177348534213465,-4.890351716672079,0.6930709481239319,0.0,-0.0,0.0,0.0,0.0,0.0,0.0,0.0,0.0,0.0,0.0,0.0,0
1786495110,238636016,100.0,-1.7200105826007288,-1.7038167158709925,-1.1326420942889612,-4.6177348534213465,-4.890375677739279,0.6930350065231323,0.0,-0.0,0.0,0.0,0.0,0.0,0.0,0.0,0.0,0.0,0.0,0.0,0
1786495110,258329391,100.0,-1.720046345387594,-1.7038410345660608,-1.1326773802386683,-4.617758814488546,-4.890412036572592,0.6930350065231323,0.0,-0.0,0.0,0.0,0.0,0.0,0.0,0.0,0.0,0.0,0.0,0.0,0
1786495110,278394460,100.0,-1.720034424458639,-1.7038167158709925,-1.1327136198626917,-4.617770854626791,-4.890315715466635,0.6930709481239319,0.0,-0.0,0.0,0.0,0.0,0.0,0.0,0.0,0.0,0.0,0.0,0.0,0
1786495110,298318624,100.0,-1.7200105826007288,-1.7038291136371058,-1.1327255407916468,-4.617758814488546,-4.890375677739279,0.6930469870567322,0.0,-0.0,0.0,0.0,0.0,0.0,0.0,0.0,0.0,0.0,0.0,0.0,0
1786495110,318587541,100.0,-1.7199862639056605,-1.7038291136371058,-1.1327136198626917,-4.6177948156939905,-4.890387598668234,0.6930230259895325,0.0,-0.0,0.0,0.0,0.0,0.0,0.0,0.0,0.0,0.0,0.0,0.0,0
1786495110,338567018,100.0,-1.7200105826007288,-1.7038291136371058,-1.1327255407916468,-4.617770854626791,-4.890375677739279,0.6930230259895325,0.0,-0.0,0.0,0.0,0.0,0.0,0.0,0.0,0.0,0.0,0.0,0.0,0
1786495110,358408927,100.0,-1.7200225035296839,-1.7038167158709925,-1.1327016989337366,-4.617746893559591,-4.890315715466635,0.6930230259895325,0.0,-0.0,0.0,0.0,0.0,0.0,0.0,0.0,0.0,0.0,0.0,0.0,0
1786495110,378387212,100.0,-1.720046345387594,-1.7038167158709925,-1.1326897780047815,-4.6177348534213465,-4.890375677739279,0.6929990649223328,0.0,-0.0,0.0,0.0,0.0,0.0,0.0,0.0,0.0,0.0,0.0,0.0,0
1786495110,398580312,100.0,-1.7200701872455042,-1.7038052717791956,-1.1326659361468714,-4.617770854626791,-4.890327755604879,0.693058967590332,0.0,-0.0,0.0,0.0,0.0,0.0,0.0,0.0,0.0,0.0,0.0,0.0,0
1786495110,418331146,100.0,-1.7199862639056605,-1.7038167158709925,-1.1327374617206019,-4.617770854626791,-4.890351716672079,0.6930469870567322,0.0,-0.0,0.0,0.0,0.0,0.0,0.0,0.0,0.0,0.0,0.0,0.0,0
1786495110,438653707,100.0,-1.720046345387594,-1.7037928740130823,-1.1326773802386683,-4.617746893559591,-4.890351716672079,0.6930110454559326,0.0,-0.0,0.0,0.0,0.0,0.0,0.0,0.0,0.0,0.0,0.0,0.0,0
1786495110,458327054,100.0,-1.7200225035296839,-1.7038052717791956,-1.132749382649557,-4.617746893559591,-4.890399638806478,0.693058967590332,0.0,-0.0,0.0,0.0,0.0,0.0,0.0,0.0,0.0,0.0,0.0,0.0,0
1786495110,478521823,100.0,-1.7200701872455042,-1.703852955495016,-1.1327374617206019,-4.617746893559591,-4.890339676533834,0.6929990649223328,0.0,-0.0,0.0,0.0,0.0,0.0,0.0,0.0,0.0,0.0,0.0,0.0,0
1786495110,498366117,100.0,-1.7200105826007288,-1.7038410345660608,-1.1327255407916468,-4.6177348534213465,-4.890387598668234,0.6930230259895325,0.0,-0.0,0.0,0.0,0.0,0.0,0.0,0.0,0.0,0.0,0.0,0.0,0
1786495110,518520832,100.0,-1.7200582663165491,-1.7038052717791956,-1.1326897780047815,-4.6177348534213465,-4.890375677739279,0.693058967590332,0.0,-0.0,0.0,0.0,0.0,0.0,0.0,0.0,0.0,0.0,0.0,0.0,0
1786495110,538434028,100.0,-1.7200105826007288,-1.7038052717791956,-1.1327255407916468,-4.617710892354147,-4.890399638806478,0.693058967590332,0.0,-0.0,0.0,0.0,0.0,0.0,0.0,0.0,0.0,0.0,0.0,0.0,0
1786495110,558436155,100.0,-1.720046345387594,-1.7038052717791956,-1.1327255407916468,-4.617770854626791,-4.890387598668234,0.6930350065231323,0.0,-0.0,0.0,0.0,0.0,0.0,0.0,0.0,0.0,0.0,0.0,0.0,0
1786495110,578461408,100.0,-1.7199981848346155,-1.703864876423971,-1.1326773802386683,-4.617758814488546,-4.890363637601034,0.6930230259895325,0.0,-0.0,0.0,0.0,0.0,0.0,0.0,0.0,0.0,0.0,0.0,0.0,0
1786495110,598555564,100.0,-1.720034424458639,-1.7037928740130823,-1.1327016989337366,-4.617770854626791,-4.8903037945376795,0.6930110454559326,0.0,-0.0,0.0,0.0,0.0,0.0,0.0,0.0,0.0,0.0,0.0,0.0,0
1786495110,618449449,100.0,-1.720046345387594,-1.7038167158709925,-1.1327255407916468,-4.617722932492391,-4.890375677739279,0.6929870843887329,0.0,-0.0,0.0,0.0,0.0,0.0,0.0,0.0,0.0,0.0,0.0,0.0,0
1786495110,638556957,100.0,-1.7199981848346155,-1.7038167158709925,-1.1327016989337366,-4.617722932492391,-4.890315715466635,0.6930469870567322,0.0,-0.0,0.0,0.0,0.0,0.0,0.0,0.0,0.0,0.0,0.0,0.0,0
1786495110,658375740,100.0,-1.7200701872455042,-1.703876797352926,-1.1327374617206019,-4.617722932492391,-4.890363637601034,0.6930469870567322,0.0,-0.0,0.0,0.0,0.0,0.0,0.0,0.0,0.0,0.0,0.0,0.0,0
1786495110,678447723,100.0,-1.720046345387594,-1.7037327925311487,-1.1327016989337366,-4.617770854626791,-4.890375677739279,0.6930350065231323,0.0,-0.0,0.0,0.0,0.0,0.0,0.0,0.0,0.0,0.0,0.0,0.0,0
1786495110,698361158,100.0,-1.7200105826007288,-1.703757111226217,-1.1327255407916468,-4.6177348534213465,-4.890351716672079,0.6930350065231323,0.0,-0.0,0.0,0.0,0.0,0.0,0.0,0.0,0.0,0.0,0.0,0.0,0
1786495110,718545675,100.0,-1.7200105826007288,-1.7038291136371058,-1.1327016989337366,-4.6177348534213465,-4.890315715466635,0.6930230259895325,0.0,-0.0,0.0,0.0,0.0,0.0,0.0,0.0,0.0,0.0,0.0,0.0,0
1786495110,738440036,100.0,-1.7200225035296839,-1.7037928740130823,-1.1327737013446253,-4.617758814488546,-4.890339676533834,0.6929990649223328,0.0,-0.0,0.0,0.0,0.0,0.0,0.0,0.0,0.0,0.0,0.0,0.0,0
1786495110,758427143,100.0,-1.720046345387594,-1.703852955495016,-1.1326897780047815,-4.6177348534213465,-4.890351716672079,0.6929990649223328,0.0,-0.0,0.0,0.0,0.0,0.0,0.0,0.0,0.0,0.0,0.0,0.0,0
1786495110,778329610,100.0,-1.7199743429767054,-1.7038291136371058,-1.1327016989337366,-4.6177348534213465,-4.8903037945376795,0.6930350065231323,0.0,-0.0,0.0,0.0,0.0,0.0,0.0,0.0,0.0,0.0,0.0,0.0,0
1786495110,798446178,100.0,-1.7200225035296839,-1.703852955495016,-1.1327016989337366,-4.617806855832235,-4.890375677739279,0.6930230259895325,0.0,-0.0,0.0,0.0,0.0,0.0,0.0,0.0,0.0,0.0,0.0,0.0,0
1786495110,818377494,100.0,-1.720046345387594,-1.7037928740130823,-1.1326540152179163,-4.617746893559591,-4.890315715466635,0.6930110454559326,0.0,-0.0,0.0,0.0,0.0,0.0,0.0,0.0,0.0,0.0,0.0,0.0,0
1786495110,838657379,100.0,-1.7200225035296839,-1.7038291136371058,-1.1327136198626917,-4.617806855832235,-4.890375677739279,0.6930709481239319,0.0,-0.0,0.0,0.0,0.0,0.0,0.0,0.0,0.0,0.0,0.0,0.0,0
1786495110,858537435,100.0,-1.720034424458639,-1.7037690321551722,-1.1326540152179163,-4.617758814488546,-4.890351716672079,0.6930350065231323,0.0,-0.0,0.0,0.0,0.0,0.0,0.0,0.0,0.0,0.0,0.0,0.0,0
1786495110,878503322,100.0,-1.7199862639056605,-1.7038291136371058,-1.1327374617206019,-4.6177828947650355,-4.890423957501547,0.6930110454559326,0.0,-0.0,0.0,0.0,0.0,0.0,0.0,0.0,0.0,0.0,0.0,0.0,0
1786495110,898409843,100.0,-1.7200105826007288,-1.7038052717791956,-1.1326897780047815,-4.617710892354147,-4.890387598668234,0.693058967590332,0.0,-0.0,0.0,0.0,0.0,0.0,0.0,0.0,0.0,0.0,0.0,0.0,0
1786495110,918554782,100.0,-1.7200105826007288,-1.703852955495016,-1.1327016989337366,-4.617722932492391,-4.890399638806478,0.6930110454559326,0.0,-0.0,0.0,0.0,0.0,0.0,0.0,0.0,0.0,0.0,0.0,0.0,0
1786495110,938618421,100.0,-1.7200582663165491,-1.7038167158709925,-1.1327255407916468,-4.617806855832235,-4.890351716672079,0.6930230259895325,0.0,-0.0,0.0,0.0,0.0,0.0,0.0,0.0,0.0,0.0,0.0,0.0,0
1786495110,958539247,100.0,-1.720034424458639,-1.7038167158709925,-1.1327136198626917,-4.617710892354147,-4.890399638806478,0.6930469870567322,0.0,-0.0,0.0,0.0,0.0,0.0,0.0,0.0,0.0,0.0,0.0,0.0,0
1786495110,978416204,100.0,-1.7200582663165491,-1.7038167158709925,-1.1327255407916468,-4.6177348534213465,-4.890387598668234,0.6930230259895325,0.0,-0.0,0.0,0.0,0.0,0.0,0.0,0.0,0.0,0.0,0.0,0.0,0
1786495110,998448848,100.0,-1.7200225035296839,-1.703852955495016,-1.1327136198626917,-4.617770854626791,-4.890375677739279,0.6930829286575317,0.0,-0.0,0.0,0.0,0.0,0.0,0.0,0.0,0.0,0.0,0.0,0.0,0
1786495111,18569469,100.0,-1.720034424458639,-1.7038167158709925,-1.1327374617206019,-4.617710892354147,-4.890375677739279,0.6929990649223328,0.0,-0.0,0.0,0.0,0.0,0.0,0.0,0.0,0.0,0.0,0.0,0.0,0
1786495111,38565874,100.0,-1.720046345387594,-1.7038291136371058,-1.1327136198626917,-4.6177348534213465,-4.890327755604879,0.6929990649223328,0.0,-0.0,0.0,0.0,0.0,0.0,0.0,0.0,0.0,0.0,0.0,0.0,0
1786495111,58372974,100.0,-1.720046345387594,-1.7037809530841272,-1.1326773802386683,-4.6177348534213465,-4.890363637601034,0.6929870843887329,0.0,-0.0,0.0,0.0,0.0,0.0,0.0,0.0,0.0,0.0,0.0,0.0,0
1786495111,78546285,100.0,-1.720046345387594,-1.7038052717791956,-1.1327016989337366,-4.617746893559591,-4.890375677739279,0.693058967590332,0.0,-0.0,0.0,0.0,0.0,0.0,0.0,0.0,0.0,0.0,0.0,0.0,0
1786495111,98419427,100.0,-1.720046345387594,-1.7037690321551722,-1.1327016989337366,-4.617722932492391,-4.890351716672079,0.6930709481239319,0.0,-0.0,0.0,0.0,0.0,0.0,0.0,0.0,0.0,0.0,0.0,0.0,0
1786495111,118644714,100.0,-1.720034424458639,-1.7037809530841272,-1.1326897780047815,-4.617710892354147,-4.890351716672079,0.693058967590332,0.0,-0.0,0.0,0.0,0.0,0.0,0.0,0.0,0.0,0.0,0.0,0.0,0
1786495111,138548135,100.0,-1.720046345387594,-1.7037928740130823,-1.1327016989337366,-4.617698971425192,-4.890375677739279,0.6930110454559326,0.0,-0.0,0.0,0.0,0.0,0.0,0.0,0.0,0.0,0.0,0.0,0.0,0
1786495111,158381223,100.0,-1.720034424458639,-1.7038167158709925,-1.1327255407916468,-4.617746893559591,-4.890387598668234,0.6930230259895325,0.0,-0.0,0.0,0.0,0.0,0.0,0.0,0.0,0.0,0.0,0.0,0.0,0
1786495111,178454875,100.0,-1.720046345387594,-1.7038167158709925,-1.1326773802386683,-4.617758814488546,-4.890327755604879,0.6930350065231323,0.0,-0.0,0.0,0.0,0.0,0.0,0.0,0.0,0.0,0.0,0.0,0.0,0
1786495111,198514699,100.0,-1.7200225035296839,-1.7038410345660608,-1.1327136198626917,-4.617758814488546,-4.890375677739279,0.6930110454559326,0.0,-0.0,0.0,0.0,0.0,0.0,0.0,0.0,0.0,0.0,0.0,0.0,0
1786495111,218720197,100.0,-1.720034424458639,-1.7038052717791956,-1.1327255407916468,-4.6177348534213465,-4.890363637601034,0.6930350065231323,0.0,-0.0,0.0,0.0,0.0,0.0,0.0,0.0,0.0,0.0,0.0,0.0,0
1786495111,238693475,100.0,-1.720034424458639,-1.7038291136371058,-1.1327136198626917,-4.617722932492391,-4.890363637601034,0.6930230259895325,0.0,-0.0,0.0,0.0,0.0,0.0,0.0,0.0,0.0,0.0,0.0,0.0,0
1786495111,258433580,100.0,-1.720034424458639,-1.7038167158709925,-1.1327136198626917,-4.617770854626791,-4.890351716672079,0.6930110454559326,0.0,-0.0,0.0,0.0,0.0,0.0,0.0,0.0,0.0,0.0,0.0,0.0,0
1786495111,278536558,100.0,-1.7200225035296839,-1.7038052717791956,-1.1327136198626917,-4.617758814488546,-4.890351716672079,0.6930230259895325,0.0,-0.0,0.0,0.0,0.0,0.0,0.0,0.0,0.0,0.0,0.0,0.0,0
1786495111,298334836,100.0,-1.720034424458639,-1.7037809530841272,-1.1327016989337366,-4.617758814488546,-4.890375677739279,0.6930350065231323,0.0,-0.0,0.0,0.0,0.0,0.0,0.0,0.0,0.0,0.0,0.0,0.0,0
1786495111,318641185,100.0,-1.720046345387594,-1.7038052717791956,-1.1327255407916468,-4.617746893559591,-4.890387598668234,0.6930110454559326,0.0,-0.0,0.0,0.0,0.0,0.0,0.0,0.0,0.0,0.0,0.0,0.0,0
1786495111,338451385,100.0,-1.7200225035296839,-1.7038167158709925,-1.1327016989337366,-4.6177828947650355,-4.890351716672079,0.6930350065231323,0.0,-0.0,0.0,0.0,0.0,0.0,0.0,0.0,0.0,0.0,0.0,0.0,0
1786495111,358602762,100.0,-1.7200105826007288,-1.7038410345660608,-1.1327016989337366,-4.6177348534213465,-4.890351716672079,0.6930230259895325,0.0,-0.0,0.0,0.0,0.0,0.0,0.0,0.0,0.0,0.0,0.0,0.0,0
1786495111,378377199,100.0,-1.7200225035296839,-1.7038167158709925,-1.1327136198626917,-4.617710892354147,-4.890351716672079,0.6930230259895325,0.0,-0.0,0.0,0.0,0.0,0.0,0.0,0.0,0.0,0.0,0.0,0.0,0
1786495111,398448705,100.0,-1.720034424458639,-1.7038167158709925,-1.1326773802386683,-4.6177348534213465,-4.890327755604879,0.693058967590332,0.0,-0.0,0.0,0.0,0.0,0.0,0.0,0.0,0.0,0.0,0.0,0.0,0
1786495111,418338537,100.0,-1.720046345387594,-1.7037690321551722,-1.1327136198626917,-4.617758814488546,-4.890351716672079,0.6929990649223328,0.0,-0.0,0.0,0.0,0.0,0.0,0.0,0.0,0.0,0.0,0.0,0.0,0
1786495111,438621759,100.0,-1.7200582663165491,-1.703757111226217,-1.1326659361468714,-4.617698971425192,-4.890363637601034,0.6930350065231323,0.0,-0.0,0.0,0.0,0.0,0.0,0.0,0.0,0.0,0.0,0.0,0.0,0
1786495111,458539962,100.0,-1.7199862639056605,-1.7038052717791956,-1.1327136198626917,-4.617698971425192,-4.890363637601034,0.6930110454559326,0.0,-0.0,0.0,0.0,0.0,0.0,0.0,0.0,0.0,0.0,0.0,0.0,0
1786495111,478409290,100.0,-1.7200225035296839,-1.703852955495016,-1.1327016989337366,-4.617758814488546,-4.890399638806478,0.6930949091911316,0.0,-0.0,0.0,0.0,0.0,0.0,0.0,0.0,0.0,0.0,0.0,0.0,0
1786495111,498419523,100.0,-1.7199981848346155,-1.7037690321551722,-1.1327255407916468,-4.617746893559591,-4.890351716672079,0.6930350065231323,0.0,-0.0,0.0,0.0,0.0,0.0,0.0,0.0,0.0,0.0,0.0,0.0,0
1786495111,518540859,100.0,-1.720046345387594,-1.703757111226217,-1.1326773802386683,-4.6177348534213465,-4.890375677739279,0.693058967590332,0.0,-0.0,0.0,0.0,0.0,0.0,0.0,0.0,0.0,0.0,0.0,0.0,0
1786495111,538677215,100.0,-1.720034424458639,-1.7037928740130823,-1.1326897780047815,-4.617746893559591,-4.890375677739279,0.6930110454559326,0.0,-0.0,0.0,0.0,0.0,0.0,0.0,0.0,0.0,0.0,0.0,0.0,0
1786495111,558424949,100.0,-1.7200225035296839,-1.7038052717791956,-1.1327136198626917,-4.6177828947650355,-4.890351716672079,0.6930110454559326,0.0,-0.0,0.0,0.0,0.0,0.0,0.0,0.0,0.0,0.0,0.0,0.0,0
1786495111,578415155,100.0,-1.7200105826007288,-1.7038291136371058,-1.1327136198626917,-4.617710892354147,-4.890363637601034,0.6930350065231323,0.0,-0.0,0.0,0.0,0.0,0.0,0.0,0.0,0.0,0.0,0.0,0.0,0
1786495111,598427057,100.0,-1.720046345387594,-1.703864876423971,-1.1326773802386683,-4.617770854626791,-4.890351716672079,0.6930469870567322,0.0,-0.0,0.0,0.0,0.0,0.0,0.0,0.0,0.0,0.0,0.0,0.0,0
1786495111,618510246,100.0,-1.7200225035296839,-1.7038410345660608,-1.1326659361468714,-4.617770854626791,-4.890363637601034,0.6930350065231323,0.0,-0.0,0.0,0.0,0.0,0.0,0.0,0.0,0.0,0.0,0.0,0.0,0
1786495111,638555765,100.0,-1.7200582663165491,-1.7037928740130823,-1.132749382649557,-4.617722932492391,-4.890363637601034,0.6930829286575317,0.0,-0.0,0.0,0.0,0.0,0.0,0.0,0.0,0.0,0.0,0.0,0.0,0
1786495111,658357858,100.0,-1.7200105826007288,-1.7038410345660608,-1.1327016989337366,-4.6177948156939905,-4.890327755604879,0.6930350065231323,0.0,-0.0,0.0,0.0,0.0,0.0,0.0,0.0,0.0,0.0,0.0,0.0,0
1786495111,678460836,100.0,-1.7200225035296839,-1.7037928740130823,-1.1327255407916468,-4.617746893559591,-4.890375677739279,0.6929990649223328,0.0,-0.0,0.0,0.0,0.0,0.0,0.0,0.0,0.0,0.0,0.0,0.0,0
1786495111,698507308,100.0,-1.7200582663165491,-1.7037690321551722,-1.132749382649557,-4.617746893559591,-4.890363637601034,0.6930110454559326,0.0,-0.0,0.0,0.0,0.0,0.0,0.0,0.0,0.0,0.0,0.0,0.0,0
1786495111,718510150,100.0,-1.7200105826007288,-1.7037928740130823,-1.1327016989337366,-4.617758814488546,-4.890327755604879,0.6930110454559326,0.0,-0.0,0.0,0.0,0.0,0.0,0.0,0.0,0.0,0.0,0.0,0.0,0
1786495111,738610506,100.0,-1.720046345387594,-1.7038410345660608,-1.1326659361468714,-4.617770854626791,-4.890351716672079,0.693058967590332,0.0,-0.0,0.0,0.0,0.0,0.0,0.0,0.0,0.0,0.0,0.0,0.0,0
1786495111,758539676,100.0,-1.720034424458639,-1.7038052717791956,-1.1326659361468714,-4.617746893559591,-4.890339676533834,0.6930230259895325,0.0,-0.0,0.0,0.0,0.0,0.0,0.0,0.0,0.0,0.0,0.0,0.0,0
1786495111,778438329,100.0,-1.720046345387594,-1.7038410345660608,-1.1326897780047815,-4.617770854626791,-4.890375677739279,0.6929631233215332,0.0,-0.0,0.0,0.0,0.0,0.0,0.0,0.0,0.0,0.0,0.0,0.0,0
1786495111,798599720,100.0,-1.7199743429767054,-1.7038410345660608,-1.1327136198626917,-4.617722932492391,-4.890375677739279,0.6930230259895325,0.0,-0.0,0.0,0.0,0.0,0.0,0.0,0.0,0.0,0.0,0.0,0.0,0
1786495111,818773508,100.0,-1.720046345387594,-1.7037928740130823,-1.1327016989337366,-4.6177348534213465,-4.890399638806478,0.6930709481239319,0.0,-0.0,0.0,0.0,0.0,0.0,0.0,0.0,0.0,0.0,0.0,0.0,0
1786495111,838560819,100.0,-1.7200105826007288,-1.7038167158709925,-1.1327136198626917,-4.617770854626791,-4.890399638806478,0.6930230259895325,0.0,-0.0,0.0,0.0,0.0,0.0,0.0,0.0,0.0,0.0,0.0,0.0,0
1786495111,858339071,100.0,-1.7200582663165491,-1.703852955495016,-1.1327255407916468,-4.617758814488546,-4.890375677739279,0.693058967590332,0.0,-0.0,0.0,0.0,0.0,0.0,0.0,0.0,0.0,0.0,0.0,0.0,0
1786495111,878517389,100.0,-1.720046345387594,-1.7038167158709925,-1.1327255407916468,-4.6177348534213465,-4.890327755604879,0.6930350065231323,0.0,-0.0,0.0,0.0,0.0,0.0,0.0,0.0,0.0,0.0,0.0,0.0,0
1786495111,898373603,100.0,-1.720034424458639,-1.7038052717791956,-1.1327016989337366,-4.6177348534213465,-4.890327755604879,0.6930350065231323,0.0,-0.0,0.0,0.0,0.0,0.0,0.0,0.0,0.0,0.0,0.0,0.0,0
1786495111,918751001,100.0,-1.7200945059405726,-1.7038291136371058,-1.1327016989337366,-4.617758814488546,-4.890351716672079,0.6930230259895325,0.0,-0.0,0.0,0.0,0.0,0.0,0.0,0.0,0.0,0.0,0.0,0.0,0
1786495111,938735246,100.0,-1.7200225035296839,-1.7038291136371058,-1.1327016989337366,-4.6177348534213465,-4.890351716672079,0.6929990649223328,0.0,-0.0,0.0,0.0,0.0,0.0,0.0,0.0,0.0,0.0,0.0,0.0,0
1786495111,958574533,100.0,-1.720046345387594,-1.7038291136371058,-1.1327255407916468,-4.6177348534213465,-4.890351716672079,0.6930110454559326,0.0,-0.0,0.0,0.0,0.0,0.0,0.0,0.0,0.0,0.0,0.0,0.0,0
1786495111,978348731,100.0,-1.7199981848346155,-1.703757111226217,-1.1327136198626917,-4.617758814488546,-4.890375677739279,0.6930350065231323,0.0,-0.0,0.0,0.0,0.0,0.0,0.0,0.0,0.0,0.0,0.0,0.0,0
1786495111,998514175,100.0,-1.7200225035296839,-1.7037690321551722,-1.1327255407916468,-4.617746893559591,-4.890387598668234,0.6930469870567322,0.0,-0.0,0.0,0.0,0.0,0.0,0.0,0.0,0.0,0.0,0.0,0.0,0
1786495112,18399238,100.0,-1.720046345387594,-1.7038410345660608,-1.1327255407916468,-4.617746893559591,-4.890351716672079,0.6929990649223328,0.0,-0.0,0.0,0.0,0.0,0.0,0.0,0.0,0.0,0.0,0.0,0.0,0
1786495112,38542747,100.0,-1.7200105826007288,-1.7037928740130823,-1.1327374617206019,-4.617758814488546,-4.890351716672079,0.6930469870567322,0.0,-0.0,0.0,0.0,0.0,0.0,0.0,0.0,0.0,0.0,0.0,0.0,0
1786495112,58349370,100.0,-1.720046345387594,-1.7038167158709925,-1.1326540152179163,-4.617710892354147,-4.890387598668234,0.693058967590332,0.0,-0.0,0.0,0.0,0.0,0.0,0.0,0.0,0.0,0.0,0.0,0.0,0
1786495112,78629016,100.0,-1.7200105826007288,-1.7038410345660608,-1.1326659361468714,-4.617770854626791,-4.890363637601034,0.6930709481239319,0.0,-0.0,0.0,0.0,0.0,0.0,0.0,0.0,0.0,0.0,0.0,0.0,0
1786495112,98319292,100.0,-1.7199981848346155,-1.7038052717791956,-1.1327016989337366,-4.617758814488546,-4.890351716672079,0.6930829286575317,0.0,-0.0,0.0,0.0,0.0,0.0,0.0,0.0,0.0,0.0,0.0,0.0,0
1786495112,118562459,100.0,-1.7199981848346155,-1.7038167158709925,-1.1327016989337366,-4.617710892354147,-4.890375677739279,0.6930230259895325,0.0,-0.0,0.0,0.0,0.0,0.0,0.0,0.0,0.0,0.0,0.0,0.0,0
1786495112,138534307,100.0,-1.720034424458639,-1.7038052717791956,-1.1326897780047815,-4.617746893559591,-4.890399638806478,0.6930350065231323,0.0,-0.0,0.0,0.0,0.0,0.0,0.0,0.0,0.0,0.0,0.0,0.0,0
1786495112,158420562,100.0,-1.7200105826007288,-1.7038410345660608,-1.1326773802386683,-4.6177828947650355,-4.890351716672079,0.6930709481239319,0.0,-0.0,0.0,0.0,0.0,0.0,0.0,0.0,0.0,0.0,0.0,0.0,0
1786495112,178326606,100.0,-1.720046345387594,-1.7038167158709925,-1.1327374617206019,-4.617758814488546,-4.890412036572592,0.6930350065231323,0.0,-0.0,0.0,0.0,0.0,0.0,0.0,0.0,0.0,0.0,0.0,0.0,0
1786495112,198542833,100.0,-1.7200821081744593,-1.7038410345660608,-1.1327136198626917,-4.617698971425192,-4.890363637601034,0.6930110454559326,0.0,-0.0,0.0,0.0,0.0,0.0,0.0,0.0,0.0,0.0,0.0,0.0,0
1786495112,218369483,100.0,-1.7200105826007288,-1.703852955495016,-1.1327255407916468,-4.617758814488546,-4.890375677739279,0.6930469870567322,0.0,-0.0,0.0,0.0,0.0,0.0,0.0,0.0,0.0,0.0,0.0,0.0,0
1786495112,238712549,100.0,-1.7200225035296839,-1.7037928740130823,-1.1327374617206019,-4.617770854626791,-4.890363637601034,0.693058967590332,0.0,-0.0,0.0,0.0,0.0,0.0,0.0,0.0,0.0,0.0,0.0,0.0,0
1786495112,258402824,100.0,-1.720034424458639,-1.7038052717791956,-1.1326773802386683,-4.6177948156939905,-4.890387598668234,0.6930110454559326,0.0,-0.0,0.0,0.0,0.0,0.0,0.0,0.0,0.0,0.0,0.0,0.0,0
1786495112,278305053,100.0,-1.7199981848346155,-1.703852955495016,-1.1327136198626917,-4.6177348534213465,-4.890339676533834,0.6930949091911316,0.0,-0.0,0.0,0.0,0.0,0.0,0.0,0.0,0.0,0.0,0.0,0.0,0
1786495112,298635721,100.0,-1.720046345387594,-1.7038410345660608,-1.1327016989337366,-4.6177348534213465,-4.890339676533834,0.6930709481239319,0.0,-0.0,0.0,0.0,0.0,0.0,0.0,0.0,0.0,0.0,0.0,0.0,0
1786495112,318548440,100.0,-1.720046345387594,-1.7038410345660608,-1.1327016989337366,-4.6177828947650355,-4.890387598668234,0.6930350065231323,0.0,-0.0,0.0,0.0,0.0,0.0,0.0,0.0,0.0,0.0,0.0,0.0,0
1786495112,338429450,100.0,-1.720046345387594,-1.7038167158709925,-1.1327255407916468,-4.617746893559591,-4.890375677739279,0.6930469870567322,0.0,-0.0,0.0,0.0,0.0,0.0,0.0,0.0,0.0,0.0,0.0,0.0,0
1786495112,358402729,100.0,-1.7199981848346155,-1.7038167158709925,-1.1327016989337366,-4.617722932492391,-4.890399638806478,0.6929751038551331,0.0,-0.0,0.0,0.0,0.0,0.0,0.0,0.0,0.0,0.0,0.0,0.0,0
1786495112,378461360,100.0,-1.7200821081744593,-1.703864876423971,-1.1326773802386683,-4.617770854626791,-4.890387598668234,0.6929990649223328,0.0,-0.0,0.0,0.0,0.0,0.0,0.0,0.0,0.0,0.0,0.0,0.0,0
1786495112,398567199,100.0,-1.7200225035296839,-1.7037809530841272,-1.1326659361468714,-4.617770854626791,-4.890375677739279,0.6930469870567322,0.0,-0.0,0.0,0.0,0.0,0.0,0.0,0.0,0.0,0.0,0.0,0.0,0
1786495112,418495893,100.0,-1.7200225035296839,-1.7038167158709925,-1.1327136198626917,-4.617746893559591,-4.890375677739279,0.6930230259895325,0.0,-0.0,0.0,0.0,0.0,0.0,0.0,0.0,0.0,0.0,0.0,0.0,0
1786495112,438443183,100.0,-1.720034424458639,-1.7038167158709925,-1.1327374617206019,-4.6177828947650355,-4.890399638806478,0.6930350065231323,0.0,-0.0,0.0,0.0,0.0,0.0,0.0,0.0,0.0,0.0,0.0,0.0,0
1786495112,458374738,100.0,-1.7200821081744593,-1.703864876423971,-1.1327016989337366,-4.617746893559591,-4.890351716672079,0.6930469870567322,0.0,-0.0,0.0,0.0,0.0,0.0,0.0,0.0,0.0,0.0,0.0,0.0,0
1786495112,478604316,100.0,-1.720034424458639,-1.7038291136371058,-1.1326773802386683,-4.617746893559591,-4.890375677739279,0.6930350065231323,0.0,-0.0,0.0,0.0,0.0,0.0,0.0,0.0,0.0,0.0,0.0,0.0,0
1786495112,498519659,100.0,-1.7199743429767054,-1.7038167158709925,-1.1326897780047815,-4.617770854626791,-4.890327755604879,0.6930350065231323,0.0,-0.0,0.0,0.0,0.0,0.0,0.0,0.0,0.0,0.0,0.0,0.0,0
1786495112,518456220,100.0,-1.7200701872455042,-1.703852955495016,-1.1327016989337366,-4.6177348534213465,-4.890387598668234,0.6930469870567322,0.0,-0.0,0.0,0.0,0.0,0.0,0.0,0.0,0.0,0.0,0.0,0.0,0
1786495112,538347482,100.0,-1.720046345387594,-1.7038167158709925,-1.1326773802386683,-4.617710892354147,-4.890375677739279,0.6930230259895325,0.0,-0.0,0.0,0.0,0.0,0.0,0.0,0.0,0.0,0.0,0.0,0.0,0
1786495112,558437824,100.0,-1.7199981848346155,-1.7038167158709925,-1.1326897780047815,-4.617746893559591,-4.890375677739279,0.6930350065231323,0.0,-0.0,0.0,0.0,0.0,0.0,0.0,0.0,0.0,0.0,0.0,0.0,0
1786495112,578417301,100.0,-1.7199981848346155,-1.703757111226217,-1.132749382649557,-4.617746893559591,-4.890339676533834,0.693058967590332,0.0,-0.0,0.0,0.0,0.0,0.0,0.0,0.0,0.0,0.0,0.0,0.0,0
1786495112,598681449,100.0,-1.720034424458639,-1.7038052717791956,-1.1327136198626917,-4.6177828947650355,-4.890351716672079,0.693058967590332,0.0,-0.0,0.0,0.0,0.0,0.0,0.0,0.0,0.0,0.0,0.0,0.0,0
1786495112,618355751,100.0,-1.7200701872455042,-1.703864876423971,-1.1327136198626917,-4.617770854626791,-4.890399638806478,0.6930709481239319,0.0,-0.0,0.0,0.0,0.0,0.0,0.0,0.0,0.0,0.0,0.0,0.0,0
1786495112,638565540,100.0,-1.720034424458639,-1.7037928740130823,-1.1327016989337366,-4.6177828947650355,-4.890375677739279,0.6930350065231323,0.0,-0.0,0.0,0.0,0.0,0.0,0.0,0.0,0.0,0.0,0.0,0.0,0
1786495112,658460855,100.0,-1.7200582663165491,-1.7038167158709925,-1.1327255407916468,-4.617746893559591,-4.890339676533834,0.693058967590332,0.0,-0.0,0.0,0.0,0.0,0.0,0.0,0.0,0.0,0.0,0.0,0.0,0
1786495112,678601026,100.0,-1.7199981848346155,-1.7037809530841272,-1.1326897780047815,-4.617758814488546,-4.890375677739279,0.6931068897247314,0.0,-0.0,0.0,0.0,0.0,0.0,0.0,0.0,0.0,0.0,0.0,0.0,0
1786495112,698599576,100.0,-1.7200105826007288,-1.7038052717791956,-1.1326659361468714,-4.617770854626791,-4.890387598668234,0.6930469870567322,0.0,-0.0,0.0,0.0,0.0,0.0,0.0,0.0,0.0,0.0,0.0,0.0,0
1786495112,718524932,100.0,-1.7199862639056605,-1.7037809530841272,-1.1327374617206019,-4.617758814488546,-4.890351716672079,0.693058967590332,0.0,-0.0,0.0,0.0,0.0,0.0,0.0,0.0,0.0,0.0,0.0,0.0,0
1786495112,738373994,100.0,-1.720046345387594,-1.7037690321551722,-1.1326897780047815,-4.617770854626791,-4.8903037945376795,0.6930350065231323,0.0,-0.0,0.0,0.0,0.0,0.0,0.0,0.0,0.0,0.0,0.0,0.0,0
1786495112,758457660,100.0,-1.7200225035296839,-1.7037809530841272,-1.1327136198626917,-4.6177348534213465,-4.890339676533834,0.6929751038551331,0.0,-0.0,0.0,0.0,0.0,0.0,0.0,0.0,0.0,0.0,0.0,0.0,0
1786495112,792733669,100.0,-1.7200701872455042,-1.7038410345660608,-1.132749382649557,-4.617746893559591,-4.890399638806478,0.6930709481239319,0.0,-0.0,0.0,0.0,0.0,0.0,0.0,0.0,0.0,0.0,0.0,0.0,1
1786495112,798913002,100.0,-1.7199981848346155,-1.703745190297262,-1.1327255407916468,-4.6177828947650355,-4.890351716672079,0.6930469870567322,0.0,-0.0,0.0,0.0,0.0,0.0,0.0,0.0,0.0,0.0,0.0,0.0,1
1786495112,818311452,100.0,-1.7200225035296839,-1.7038167158709925,-1.1326773802386683,-4.617770854626791,-4.890351716672079,0.693058967590332,0.0,-0.0,0.0,0.0,0.0,0.0,0.0,0.0,0.0,0.0,0.0,0.0,1
1786495112,838403940,100.0,-1.7200582663165491,-1.7038052717791956,-1.1327255407916468,-4.617758814488546,-4.890327755604879,0.6930469870567322,0.0,-0.0,0.0,0.0,0.0,0.0,0.0,0.0,0.0,0.0,0.0,0.0,1
1786495112,858528137,100.0,-1.7200105826007288,-1.7038167158709925,-1.1327016989337366,-4.617722932492391,-4.890375677739279,0.6930350065231323,0.0,-0.0,0.0,0.0,0.0,0.0,0.0,0.0,0.0,0.0,0.0,0.0,1
1786495112,878551959,100.0,-1.720046345387594,-1.7038167158709925,-1.1327255407916468,-4.6177828947650355,-4.890363637601034,0.6930469870567322,0.0,-0.0,0.0,0.0,0.0,0.0,0.0,0.0,0.0,0.0,0.0,0.0,1
1786495112,898871660,100.0,-1.7200225035296839,-1.7038052717791956,-1.1327136198626917,-4.617758814488546,-4.890363637601034,0.693058967590332,0.0,-0.0,0.0,0.0,0.0,0.0,0.0,0.0,0.0,0.0,0.0,0.0,1
1786495112,918513774,100.0,-1.720034424458639,-1.7037690321551722,-1.1326897780047815,-4.617770854626791,-4.890375677739279,0.6930350065231323,0.0,-0.0,0.0,0.0,0.0,0.0,0.0,0.0,0.0,0.0,0.0,0.0,1
1786495112,938349485,100.0,-1.7200105826007288,-1.7038291136371058,-1.1327136198626917,-4.6177348534213465,-4.890363637601034,0.6929990649223328,0.0,-0.0,0.0,0.0,0.0,0.0,0.0,0.0,0.0,0.0,0.0,0.0,1
1786495112,958399772,100.0,-1.720034424458639,-1.7038410345660608,-1.1326897780047815,-4.617770854626791,-4.890351716672079,0.693058967590332,0.0,-0.0,0.0,0.0,0.0,0.0,0.0,0.0,0.0,0.0,0.0,0.0,1
1786495112,978344202,100.0,-1.7200821081744593,-1.7038052717791956,-1.1326897780047815,-4.617746893559591,-4.890339676533834,0.6930230259895325,0.0,-0.0,0.0,0.0,0.0,0.0,0.0,0.0,0.0,0.0,0.0,0.0,1
1786495112,998582363,70.0,-1.720034424458639,-1.7038167158709925,-1.1327255407916468,-4.6177828947650355,-4.890339676533834,0.6930230259895325,0.0,-0.0,0.0,0.0,0.0,0.0,0.0,0.0,0.0,0.0,0.0,0.0,1
1786495113,18407344,70.0,-1.7200105826007288,-1.703852955495016,-1.1326897780047815,-4.6177828947650355,-4.890375677739279,0.6930350065231323,0.0,-0.0,0.0,0.0,0.0,0.0,0.0,0.0,0.0,0.0,0.0,0.0,1
1786495113,38556814,70.0,-1.7199743429767054,-1.7038167158709925,-1.1327255407916468,-4.6177348534213465,-4.890363637601034,0.6930350065231323,0.0,-0.0,0.0,0.0,0.0,0.0,0.0,0.0,0.0,0.0,0.0,0.0,1
1786495113,58346748,70.0,-1.720034424458639,-1.7038167158709925,-1.1327016989337366,-4.6177348534213465,-4.890375677739279,0.6929990649223328,0.0,-0.0,0.0,0.0,0.0,0.0,0.0,0.0,0.0,0.0,0.0,0.0,1
1786495113,78441143,70.0,-1.7200582663165491,-1.7038291136371058,-1.1326540152179163,-4.617770854626791,-4.890375677739279,0.6930230259895325,0.0,-0.0,0.0,0.0,0.0,0.0,0.0,0.0,0.0,0.0,0.0,0.0,1
1786495113,98987340,70.0,-1.7199862639056605,-1.7038167158709925,-1.1327255407916468,-4.6177948156939905,-4.890399638806478,0.6930350065231323,0.0,-0.0,0.0,0.0,0.0,0.0,0.0,0.0,0.0,0.0,0.0,0.0,1
1786495113,118692159,49.0,-1.7200225035296839,-1.7037690321551722,-1.1327016989337366,-4.6177348534213465,-4.890375677739279,0.6930110454559326,0.0,-0.0,0.0,0.0,0.0,0.0,0.0,0.0,0.0,0.0,0.0,0.0,1
1786495113,138328552,49.0,-1.720034424458639,-1.7037809530841272,-1.1327374617206019,-4.617746893559591,-4.890387598668234,0.6930230259895325,0.0,-0.0,0.0,0.0,0.0,0.0,0.0,0.0,0.0,0.0,0.0,0.0,1
1786495113,158544063,49.0,-1.720046345387594,-1.7038052717791956,-1.1327374617206019,-4.617710892354147,-4.890375677739279,0.6930469870567322,0.0,-0.0,0.0,0.0,0.0,0.0,0.0,0.0,0.0,0.0,0.0,0.0,1
1786495113,178292989,49.0,-1.720034424458639,-1.7037928740130823,-1.1327374617206019,-4.617806855832235,-4.890363637601034,0.6930350065231323,0.0,-0.0,0.0,0.0,0.0,0.0,0.0,0.0,0.0,0.0,0.0,0.0,1
1786495113,198603630,49.0,-1.7200225035296839,-1.7038167158709925,-1.1326773802386683,-4.6177948156939905,-4.890375677739279,0.6930110454559326,0.0,-0.0,0.0,0.0,0.0,0.0,0.0,0.0,0.0,0.0,0.0,0.0,1
1786495113,218454122,49.0,-1.7200225035296839,-1.7038291136371058,-1.1327136198626917,-4.617722932492391,-4.890399638806478,0.6930829286575317,0.0,-0.0,0.0,0.0,0.0,0.0,0.0,0.0,0.0,0.0,0.0,0.0,1
1786495113,238428831,34.3,-1.720046345387594,-1.7038410345660608,-1.1326659361468714,-4.6177828947650355,-4.890375677739279,0.693058967590332,0.0,-0.0,0.0,0.0,0.0,0.0,0.0,0.0,0.0,0.0,0.0,0.0,1
1786495113,258328437,34.3,-1.7199862639056605,-1.7038410345660608,-1.1327016989337366,-4.6177348534213465,-4.890327755604879,0.6930350065231323,0.0,-0.0,0.0,0.0,0.0,0.0,0.0,0.0,0.0,0.0,0.0,0.0,1
1786495113,278644323,34.3,-1.7200701872455042,-1.7037809530841272,-1.1327136198626917,-4.617722932492391,-4.890375677739279,0.6930350065231323,0.0,-0.0,0.0,0.0,0.0,0.0,0.0,0.0,0.0,0.0,0.0,0.0,1
1786495113,298376083,34.3,-1.7199862639056605,-1.7036493460284632,-1.1327374617206019,-4.617722932492391,-4.890327755604879,0.6928791999816895,0.00839854497462511,0.013077186420559883,0.0,0.0,0.0,-0.01884239725768566,0.0,0.0,0.0,0.0,0.0,0.0,1
1786495113,318450689,34.3,-1.7198188940631312,-1.7034333387957972,-1.1326773802386683,-4.617770854626791,-4.890399638806478,0.6925076842308044,0.017666345462203026,0.019967317581176758,0.0,0.0,0.0,-0.03184288367629051,0.0,0.0,0.0,0.0,0.0,0.0,1
1786495113,338732719,34.3,-1.719290558491842,-1.7027505079852503,-1.1326659361468714,-4.6177348534213465,-4.890387598668234,0.6916448473930359,0.024479776620864868,0.03393932431936264,0.0,0.0,0.0,-0.04821813106536865,0.0,0.0,0.0,0.0,0.0,0.0,0
1786495113,358526706,34.3,-1.7189071814166468,-1.7021988073932093,-1.1327255407916468,-4.617746893559591,-4.890351716672079,0.6906864643096924,0.03305728733539581,0.04059935733675957,0.0,0.0,0.0,-0.06350680440664291,0.0,0.0,0.0,0.0,0.0,0.0,0
1786495113,378375530,34.3,-1.7188347021686,-1.7017672697650355,-1.1325104872332972,-4.617890659962789,-4.890375677739279,0.690267026424408,-0.03514094278216362,-0.01884239725768566,0.0,-0.001797633827663958,0.0,0.02293301373720169,0.0,0.0,0.0,0.0,0.0,0.0,0
1786495113,398634433,34.3,-1.7185114065753382,-1.701958958302633,-1.1326301733600062,-4.617758814488546,-4.890387598668234,0.6903149485588074,0.024109065532684326,-0.004013916477560997,-0.003403519978746772,-0.001797633827663958,0.0,-0.0008436894277110696,0.0,0.0,0.0,0.0,0.0,0.0,0
1786495113,418359994,34.3,-1.7186549345599573,-1.702066723500387,-1.1327255407916468,-4.617770854626791,-4.890351716672079,0.690267026424408,-0.005790777504444122,-0.014598384499549866,0.0011984225129708648,-0.0015100124292075634,0.0,0.0009203884983435273,0.0,0.0,0.0,0.0,0.0,0.0,0
1786495113,438577890,34.3,-1.7187507788287562,-1.7019708792315882,-1.1326659361468714,-4.6177348534213465,-4.890375677739279,0.6904827356338501,-0.0020069582387804985,0.004704207647591829,0.0011984225129708648,-0.0011025487910956144,0.0,0.00929336715489626,0.0,0.0,0.0,0.0,0.0,0.0,0
1786495113,458419084,34.3,-1.7188833395587366,-1.702054802571432,-1.1326659361468714,-4.6177948156939905,-4.890375677739279,0.6904827356338501,-0.004525243304669857,-0.0005241101025603712,0.0010306433541700244,-0.0007669904152862728,0.0,0.0017896442441269755,0.0,0.0,0.0,0.0,0.0,0.0,0
1786495113,478504419,46.81,-1.718931023274557,-1.7020910421954554,-1.1326773802386683,-4.617806855832235,-4.890339676533834,0.6904348134994507,-0.0023521038237959146,-0.0005241101025603712,0.0008149273344315588,-0.0006471481756307185,0.0,0.0011760519118979573,0.0,0.0,0.0,0.0,0.0,0.0,0
1786495113,498692274,46.81,-1.7188709417926233,-1.7020428816424769,-1.1326773802386683,-4.617830816899435,-4.890399638806478,0.6901951432228088,-0.0009203884983435273,-0.0006391586503013968,0.0006231797160580754,-0.0005273059359751642,0.0,-0.005714078433811665,0.0,0.0,0.0,0.0,0.0,0.0,0
1786495113,518535375,46.81,-1.7188347021686,-1.7020428816424769,-1.1326540152179163,-4.6177948156939905,-4.890375677739279,0.690267026424408,-0.0009203884983435273,-0.0006391586503013968,0.0005512743955478072,-0.00045540055725723505,0.0,-0.0023521038237959146,0.0,0.0,0.0,0.0,0.0,0.0,0
1786495113,538419485,46.81,-1.7188227812396448,-1.7020910421954554,-1.1326897780047815,-4.61781877676119,-4.890351716672079,0.6903868913650513,-0.0007542072562500834,-0.0006391586503013968,0.00045540055725723505,-0.0003834952076431364,0.0,0.005343366414308548,0.0,0.0,0.0,0.0,0.0,0.0,0
1786495113,558394193,46.81,-1.7188227812396448,-1.7021029631244105,-1.1327016989337366,-4.6177948156939905,-4.890339676533834,0.6904707551002502,-0.0005752427969127893,-0.0006263754912652075,0.0004074636672157794,-0.00035952674807049334,0.0,0.0035153727512806654,0.0,0.0,0.0,0.0,0.0,0.0,0
1786495113,578454017,46.81,-1.7188227812396448,-1.7020428816424769,-1.1326301733600062,-4.6177348534213465,-4.890327755604879,0.6903988718986511,0.0004985437844879925,-0.0004474110610317439,0.00033555831760168076,-0.0003115898580290377,0.0,0.0010482202051207423,0.0,0.0,0.0,0.0,0.0,0.0,0
1786495113,598614454,62.76,-1.718726936970846,-1.7020910421954554,-1.1327255407916468,-4.6177948156939905,-4.890351716672079,0.6903389096260071,0.0021347899455577135,-0.0003707120195031166,0.0003115898580290377,-0.00028762139845639467,0.0,-0.001943042385391891,0.0,0.0,0.0,0.0,0.0,0.0,0
1786495113,618355751,62.76,-1.7188108603106897,-1.7021387259112757,-1.1326540152179163,-4.6177948156939905,-4.890327755604879,0.6902909874916077,0.0010226538870483637,-0.00029401297797448933,0.00028762139845639467,-0.0002636529679875821,0.0,-0.0023393207229673862,0.0,0.0,0.0,0.0,0.0,0.0,0
1786495113,638588905,62.76,-1.7187989393817347,-1.7020791212665003,-1.1327016989337366,-4.61781877676119,-4.890375677739279,0.6903629302978516,0.0007158577209338546,-0.00026844663079828024,0.0002636529679875821,-0.00023968450841493905,0.0,0.0003707120195031166,0.0,0.0,0.0,0.0,0.0,0.0,0
1786495113,658401250,62.76,-1.7188108603106897,-1.702054802571432,-1.1326659361468714,-4.617806855832235,-4.890363637601034,0.6904348134994507,0.00043462790199555457,-0.00021731395099777728,0.00023968450841493905,-0.00021571606339421123,0.0,0.001725728390738368,0.0,0.0,0.0,0.0,0.0,0.0,0
1786495113,678536176,62.76,-1.7188108603106897,-1.7021029631244105,-1.1326301733600062,-4.617806855832235,-4.890387598668234,0.6904228329658508,0.00043462790199555457,-0.00020453077740967274,0.00021571606339421123,-0.00021571606339421123,0.0,0.001725728390738368,0.0,0.0,0.0,0.0,0.0,0.0,0
1786495113,698455810,62.76,-1.718595329915182,-1.7021268049823206,-1.1326058546649378,-4.617770854626791,-4.890387598668234,0.6903868913650513,0.009919743053615093,-0.00017896443023346364,0.0001917476038215682,-0.0001917476038215682,0.0,-0.00021731395099777728,0.0,0.0,0.0,0.0,0.0,0.0,0
1786495113,718546867,62.76,-1.7185471693622034,-1.702066723500387,-1.1326540152179163,-4.617770854626791,-4.890399638806478,0.6903269290924072,0.003502589650452137,-0.0001661812566453591,0.0001917476038215682,-0.00016777915880084038,0.0,-0.00021731395099777728,0.0,0.0,0.0,0.0,0.0,0.0,0
1786495113,738393306,62.76,-1.718595329915182,-1.7020791212665003,-1.1327255407916468,-4.6177948156939905,-4.890375677739279,0.6903868913650513,0.0,-0.00015339808305725455,0.00016777915880084038,-0.00016777915880084038,0.0,-0.00021731395099777728,0.0,0.0,0.0,0.0,0.0,0.0,0
1786495113,758618831,62.76,-1.718595329915182,-1.7020428816424769,-1.1326773802386683,-4.617806855832235,-4.890339676533834,0.6903988718986511,0.0,-0.00014061490946915,0.00016777915880084038,-0.00016777915880084038,0.0,-0.00021731395099777728,0.0,0.0,0.0,0.0,0.0,0.0,0
1786495113,778384447,62.76,-1.7186430136310022,-1.7021029631244105,-1.1326659361468714,-4.6177828947650355,-4.890327755604879,0.690410852432251,0.0,-0.00012783173588104546,0.00016777915880084038,-0.00014381069922819734,0.0,0.00014061490946915,0.0,0.0,0.0,0.0,0.0,0.0,0
1786495113,798625469,62.76,-1.718619171773092,-1.702066723500387,-1.1327016989337366,-4.617770854626791,-4.890387598668234,0.6904228329658508,0.0,-0.00011504856229294091,0.00014381069922819734,-0.00014381069922819734,0.0,0.00014061490946915,0.0,0.0,0.0,0.0,0.0,0.0,0
1786495113,818382024,62.76,-1.718595329915182,-1.7020791212665003,-1.1326540152179163,-4.6177348534213465,-4.890363637601034,0.6903389096260071,0.0,-0.00011504856229294091,0.00014381069922819734,-0.00014381069922819734,0.0,-0.00021731395099777728,0.0,0.0,0.0,0.0,0.0,0.0,0
1786495113,838596582,81.75,-1.7185590902911585,-1.702054802571432,-1.1326420942889612,-4.617770854626791,-4.890363637601034,0.6903269290924072,-0.00026844663079828024,-0.00010226538870483637,0.00014381069922819734,-0.00011984225420746952,0.0,-0.00021731395099777728,0.0,0.0,0.0,0.0,0.0,0.0,0
1786495113,858352422,81.75,-1.7185352484332483,-1.7021029631244105,-1.1326773802386683,-4.6177828947650355,-4.890375677739279,0.6904228329658508,-0.00026844663079828024,-0.00010226538870483637,0.00011984225420746952,-0.00011984225420746952,0.0,-0.00021731395099777728,0.0,0.0,0.0,0.0,0.0,0.0,0
1786495113,878461360,81.75,-1.7185829321490687,-1.7020910421954554,-1.1326773802386683,-4.6177948156939905,-4.890327755604879,0.6904228329658508,-0.00026844663079828024,-8.948221511673182e-05,0.00011984225420746952,-0.00011984225420746952,0.0,-0.00021731395099777728,0.0,0.0,0.0,0.0,0.0,0.0,0
1786495113,898765325,81.75,-1.7185710112201136,-1.7020791212665003,-1.1326659361468714,-4.6177828947650355,-4.890375677739279,0.6903868913650513,-0.00026844663079828024,-8.948221511673182e-05,0.00011984225420746952,-0.00011984225420746952,0.0,-0.00021731395099777728,0.0,0.0,0.0,0.0,0.0,0.0,0
1786495113,918441057,81.75,-1.7186310927020472,-1.702066723500387,-1.1326897780047815,-4.6177348534213465,-4.890363637601034,0.6903389096260071,-0.00026844663079828024,-8.948221511673182e-05,0.00011984225420746952,-0.00011984225420746952,0.0,-0.00021731395099777728,0.0,0.0,0.0,0.0,0.0,0.0,0
1786495113,938409328,81.75,-1.718607250844137,-1.702066723500387,-1.1327136198626917,-4.617770854626791,-4.890351716672079,0.6903988718986511,-0.00026844663079828024,-7.669904152862728e-05,9.58738019107841e-05,-9.58738019107841e-05,0.0,0.0,0.0,0.0,0.0,0.0,0.0,0.0,0
1786495113,958406209,87.23,-1.718619171773092,-1.7020910421954554,-1.1326420942889612,-4.617770854626791,-4.890387598668234,0.690410852432251,-0.00026844663079828024,-7.669904152862728e-05,9.58738019107841e-05,-9.58738019107841e-05,0.0,0.0,0.0,0.0,0.0,0.0,0.0,0.0,0
1786495113,978693008,87.23,-1.718619171773092,-1.7020791212665003,-1.1326897780047815,-4.617758814488546,-4.890375677739279,0.6903868913650513,-0.00024288029817398638,-7.669904152862728e-05,9.58738019107841e-05,-9.58738019107841e-05,0.0,0.0,0.0,0.0,0.0,0.0,0.0,0.0,0
1786495113,998535633,87.23,-1.7185590902911585,-1.7020910421954554,-1.1326420942889612,-4.617758814488546,-4.890363637601034,0.6904228329658508,-0.00021731395099777728,-6.391586794052273e-05,9.58738019107841e-05,-9.58738019107841e-05,0.0,0.0,0.0,0.0,0.0,0.0,0.0,0.0,0
1786495114,18417596,87.23,-1.718595329915182,-1.7020910421954554,-1.1327016989337366,-4.6177828947650355,-4.890375677739279,0.6903988718986511,-0.0001917476038215682,-6.391586794052273e-05,9.58738019107841e-05,-9.58738019107841e-05,0.0,0.0,0.0,0.0,0.0,0.0,0.0,0.0,0
1786495114,38438081,87.23,-1.718595329915182,-1.702054802571432,-1.1326540152179163,-4.61781877676119,-4.890351716672079,0.6903988718986511,-0.0001661812566453591,-6.391586794052273e-05,9.58738019107841e-05,-9.58738019107841e-05,0.0,0.0,0.0,0.0,0.0,0.0,0.0,0.0,0
1786495114,58397293,87.23,-1.7186310927020472,-1.7020791212665003,-1.1326659361468714,-4.617758814488546,-4.890363637601034,0.6903629302978516,-0.00015339808305725455,-6.391586794052273e-05,9.58738019107841e-05,-7.190534961409867e-05,0.0,0.0,0.0,0.0,0.0,0.0,0.0,0.0,0
1786495114,78530788,91.06,-1.718607250844137,-1.7020309607135218,-1.1326659361468714,-4.617770854626791,-4.890327755604879,0.6904228329658508,-0.00014061490946915,-6.391586794052273e-05,7.190534961409867e-05,-7.190534961409867e-05,0.0,0.0,0.0,0.0,0.0,0.0,0.0,0.0,0
1786495114,98583459,91.06,-1.7186430136310022,-1.7020791212665003,-1.1326659361468714,-4.6177828947650355,-4.8903037945376795,0.6903749108314514,-0.00012783173588104546,-5.1132694352418184e-05,7.190534961409867e-05,-7.190534961409867e-05,0.0,0.0,0.0,0.0,0.0,0.0,0.0,0.0,0
1786495114,118390083,91.06,-1.718619171773092,-1.702066723500387,-1.1326420942889612,-4.617758814488546,-4.890363637601034,0.6903629302978516,0.0,-5.1132694352418184e-05,7.190534961409867e-05,-7.190534961409867e-05,0.0,0.0,0.0,0.0,0.0,0.0,0.0,0.0,0
1786495114,138356447,91.06,-1.718595329915182,-1.702066723500387,-1.1326897780047815,-4.617806855832235,-4.890351716672079,0.6903988718986511,0.0,-5.1132694352418184e-05,7.190534961409867e-05,-7.190534961409867e-05,0.0,0.0,0.0,0.0,0.0,0.0,0.0,0.0,0
1786495114,158446073,91.06,-1.718595329915182,-1.702054802571432,-1.1327016989337366,-4.617770854626791,-4.890399638806478,0.6903868913650513,0.0,-5.1132694352418184e-05,7.190534961409867e-05,-7.190534961409867e-05,0.0,0.0,0.0,0.0,0.0,0.0,0.0,0.0,0
1786495114,178559780,91.06,-1.7185590902911585,-1.7020910421954554,-1.1326897780047815,-4.617758814488546,-4.890387598668234,0.690410852432251,0.0,-5.1132694352418184e-05,7.190534961409867e-05,-7.190534961409867e-05,0.0,0.0,0.0,0.0,0.0,0.0,0.0,0.0,0
1786495114,198619842,91.06,-1.718607250844137,-1.7021029631244105,-1.1326773802386683,-4.617758814488546,-4.890339676533834,0.6903749108314514,0.0,-5.1132694352418184e-05,7.190534961409867e-05,-7.190534961409867e-05,0.0,0.0,0.0,0.0,0.0,0.0,0.0,0.0,0
1786495114,218295335,91.06,-1.7185829321490687,-1.702054802571432,-1.1327255407916468,-4.617722932492391,-4.890375677739279,0.6903509497642517,0.0,-5.1132694352418184e-05,7.190534961409867e-05,-7.190534961409867e-05,0.0,0.0,0.0,0.0,0.0,0.0,0.0,0.0,0
1786495114,238543033,91.06,-1.7185710112201136,-1.702066723500387,-1.1326540152179163,-4.617758814488546,-4.890339676533834,0.6903629302978516,0.0,-3.834952076431364e-05,7.190534961409867e-05,-7.190534961409867e-05,0.0,0.0,0.0,0.0,0.0,0.0,0.0,0.0,0
1786495114,258433103,91.06,-1.718607250844137,-1.702054802571432,-1.1327016989337366,-4.6177948156939905,-4.890327755604879,0.690410852432251,0.0,-3.834952076431364e-05,7.190534961409867e-05,-7.190534961409867e-05,0.0,0.0,0.0,0.0,0.0,0.0,0.0,0.0,0
1786495114,278389692,91.06,-1.7185829321490687,-1.7021029631244105,-1.1327016989337366,-4.6177348534213465,-4.890375677739279,0.6904228329658508,0.0,-3.834952076431364e-05,7.190534961409867e-05,-7.190534961409867e-05,0.0,0.0,0.0,0.0,0.0,0.0,0.0,0.0,0
1786495114,298819065,91.06,-1.7185829321490687,-1.7021029631244105,-1.1326659361468714,-4.6177948156939905,-4.890363637601034,0.6904228329658508,0.0,-3.834952076431364e-05,4.793690095539205e-05,-4.793690095539205e-05,0.0,0.0,0.0,0.0,0.0,0.0,0.0,0.0,0
1786495114,318380832,91.06,-1.7185710112201136,-1.7020791212665003,-1.1326773802386683,-4.6177948156939905,-4.890339676533834,0.6904228329658508,0.0,-3.834952076431364e-05,4.793690095539205e-05,-4.793690095539205e-05,0.0,0.0,0.0,0.0,0.0,0.0,0.0,0.0,0
1786495114,338337182,95.62,-1.7185829321490687,-1.7020791212665003,-1.1326897780047815,-4.6177948156939905,-4.890375677739279,0.690410852432251,0.0,-3.834952076431364e-05,4.793690095539205e-05,-4.793690095539205e-05,0.0,0.0,0.0,0.0,0.0,0.0,0.0,0.0,0
1786495114,358432769,95.62,-1.718607250844137,-1.702054802571432,-1.1326773802386683,-4.6177948156939905,-4.890315715466635,0.690410852432251,0.0,-3.834952076431364e-05,4.793690095539205e-05,-4.793690095539205e-05,0.0,0.0,0.0,0.0,0.0,0.0,0.0,0.0,0
1786495114,378425598,95.62,-1.718619171773092,-1.7020791212665003,-1.1326897780047815,-4.617746893559591,-4.890375677739279,0.6903868913650513,0.0,-3.834952076431364e-05,4.793690095539205e-05,-4.793690095539205e-05,0.0,0.0,0.0,0.0,0.0,0.0,0.0,0.0,0
1786495114,398573637,95.62,-1.718619171773092,-1.7021387259112757,-1.1326659361468714,-4.617806855832235,-4.890399638806478,0.6903988718986511,0.0,-3.834952076431364e-05,4.793690095539205e-05,-4.793690095539205e-05,0.0,0.0,0.0,0.0,0.0,0.0,0.0,0.0,0
1786495114,418358325,95.62,-1.7185471693622034,-1.702054802571432,-1.1326659361468714,-4.617758814488546,-4.890363637601034,0.6903868913650513,0.0,-3.834952076431364e-05,4.793690095539205e-05,-4.793690095539205e-05,0.0,0.0,0.0,0.0,0.0,0.0,0.0,0.0,0
1786495114,438446283,95.62,-1.718595329915182,-1.702066723500387,-1.1326897780047815,-4.617806855832235,-4.890375677739279,0.6903509497642517,0.0,-3.834952076431364e-05,4.793690095539205e-05,-4.793690095539205e-05,0.0,0.0,0.0,0.0,0.0,0.0,0.0,0.0,0
1786495114,458289384,96.93,-1.718595329915182,-1.7021029631244105,-1.1326659361468714,-4.6177348534213465,-4.890387598668234,0.6903629302978516,0.0,-3.834952076431364e-05,4.793690095539205e-05,-4.793690095539205e-05,0.0,0.0,0.0,0.0,0.0,0.0,0.0,0.0,0
1786495114,478548049,96.93,-1.7185710112201136,-1.702054802571432,-1.1327136198626917,-4.617758814488546,-4.890351716672079,0.6903629302978516,0.0,-3.834952076431364e-05,4.793690095539205e-05,-4.793690095539205e-05,0.0,0.0,0.0,0.0,0.0,0.0,0.0,0.0,0
1786495114,498803615,96.93,-1.7185590902911585,-1.7020910421954554,-1.1327136198626917,-4.617806855832235,-4.890387598668234,0.6903868913650513,0.0,-2.5566347176209092e-05,4.793690095539205e-05,-4.793690095539205e-05,0.0,0.0,0.0,0.0,0.0,0.0,0.0,0.0,0
1786495114,518452167,96.93,-1.7185710112201136,-1.7020791212665003,-1.1326540152179163,-4.6177948156939905,-4.890351716672079,0.6903509497642517,0.0,-2.5566347176209092e-05,4.793690095539205e-05,-4.793690095539205e-05,0.0,0.0,0.0,0.0,0.0,0.0,0.0,0.0,0
1786495114,538456916,96.93,-1.718619171773092,-1.7020910421954554,-1.1326897780047815,-4.617758814488546,-4.890351716672079,0.6903389096260071,0.0,-2.5566347176209092e-05,4.793690095539205e-05,-4.793690095539205e-05,0.0,0.0,0.0,0.0,0.0,0.0,0.0,0.0,0
1786495114,558564424,96.93,-1.718595329915182,-1.7020791212665003,-1.1326897780047815,-4.617722932492391,-4.890339676533834,0.6903749108314514,0.0,-2.5566347176209092e-05,4.793690095539205e-05,-4.793690095539205e-05,0.0,0.0,0.0,0.0,0.0,0.0,0.0,0.0,0
1786495114,578359603,97.85,-1.718595329915182,-1.7021148840533655,-1.1326540152179163,-4.6177948156939905,-4.890351716672079,0.6903749108314514,0.0,-2.5566347176209092e-05,4.793690095539205e-05,-4.793690095539205e-05,0.0,0.0,0.0,0.0,0.0,0.0,0.0,0.0,0
1786495114,598600387,97.85,-1.7185471693622034,-1.7020910421954554,-1.1326540152179163,-4.6177948156939905,-4.890351716672079,0.6904348134994507,0.0,-2.5566347176209092e-05,4.793690095539205e-05,-4.793690095539205e-05,0.0,0.0,0.0,0.0,0.0,0.0,0.0,0.0,0
1786495114,618416786,97.85,-1.7185829321490687,-1.7020190397845667,-1.1326773802386683,-4.617746893559591,-4.890339676533834,0.6903749108314514,0.0,-2.5566347176209092e-05,4.793690095539205e-05,-4.793690095539205e-05,0.0,0.0,0.0,0.0,0.0,0.0,0.0,0.0,0
1786495114,638444900,97.85,-1.7185590902911585,-1.702066723500387,-1.1326659361468714,-4.617758814488546,-4.890351716672079,0.6903988718986511,0.0,-2.5566347176209092e-05,4.793690095539205e-05,-4.793690095539205e-05,0.0,0.0,0.0,0.0,0.0,0.0,0.0,0.0,0
1786495114,658351421,97.85,-1.718607250844137,-1.702066723500387,-1.1327016989337366,-4.617770854626791,-4.890387598668234,0.6903269290924072,0.0,-2.5566347176209092e-05,4.793690095539205e-05,-4.793690095539205e-05,0.0,0.0,0.0,0.0,0.0,0.0,0.0,0.0,0
1786495114,678512334,97.85,-1.7185829321490687,-1.7020791212665003,-1.1326540152179163,-4.6177948156939905,-4.890351716672079,0.690410852432251,0.0,-2.5566347176209092e-05,4.793690095539205e-05,-4.793690095539205e-05,0.0,0.0,0.0,0.0,0.0,0.0,0.0,0.0,0
1786495114,698425054,97.85,-1.718619171773092,-1.702054802571432,-1.1326773802386683,-4.61781877676119,-4.890375677739279,0.6903868913650513,0.0,-2.5566347176209092e-05,4.793690095539205e-05,-4.793690095539205e-05,0.0,0.0,0.0,0.0,0.0,0.0,0.0,0.0,0
1786495114,718377828,97.85,-1.718619171773092,-1.7020791212665003,-1.1326540152179163,-4.617746893559591,-4.890375677739279,0.690410852432251,0.0,-2.5566347176209092e-05,4.793690095539205e-05,-4.793690095539205e-05,0.0,0.0,0.0,0.0,0.0,0.0,0.0,0.0,0
1786495114,738414287,97.85,-1.7185710112201136,-1.7020428816424769,-1.1326659361468714,-4.6177348534213465,-4.890399638806478,0.6903749108314514,0.0,-2.5566347176209092e-05,4.793690095539205e-05,-2.3968450477696024e-05,0.0,0.0,0.0,0.0,0.0,0.0,0.0,0.0,0
1786495114,758547544,97.85,-1.7185710112201136,-1.7020791212665003,-1.1326540152179163,-4.6177828947650355,-4.890399638806478,0.6903749108314514,0.0,-2.5566347176209092e-05,2.3968450477696024e-05,-2.3968450477696024e-05,0.0,0.0,0.0,0.0,0.0,0.0,0.0,0.0,0
1786495114,778367996,97.85,-1.7185829321490687,-1.702054802571432,-1.1326540152179163,-4.6177348534213465,-4.890351716672079,0.6903509497642517,0.0,-2.5566347176209092e-05,2.3968450477696024e-05,-2.3968450477696024e-05,0.0,0.0,0.0,0.0,0.0,0.0,0.0,0.0,0
1786495114,798582553,97.85,-1.7185710112201136,-1.7020791212665003,-1.1326897780047815,-4.617758814488546,-4.890399638806478,0.6903389096260071,0.0,-2.5566347176209092e-05,2.3968450477696024e-05,-2.3968450477696024e-05,0.0,0.0,0.0,0.0,0.0,0.0,0.0,0.0,0
1786495114,818370342,98.95,-1.7185829321490687,-1.7020428816424769,-1.1326420942889612,-4.6177948156939905,-4.890351716672079,0.690410852432251,0.0,-2.5566347176209092e-05,2.3968450477696024e-05,-2.3968450477696024e-05,0.0,0.0,0.0,0.0,0.0,0.0,0.0,0.0,0
1786495114,838572025,98.95,-1.718619171773092,-1.7020910421954554,-1.1327016989337366,-4.6177828947650355,-4.890339676533834,0.6904228329658508,0.0,-2.5566347176209092e-05,2.3968450477696024e-05,-2.3968450477696024e-05,0.0,0.0,0.0,0.0,0.0,0.0,0.0,0.0,0
1786495114,858366489,98.95,-1.7185829321490687,-1.7020309607135218,-1.1326540152179163,-4.6177348534213465,-4.890375677739279,0.6904348134994507,0.0,-2.5566347176209092e-05,2.3968450477696024e-05,-2.3968450477696024e-05,0.0,0.0,0.0,0.0,0.0,0.0,0.0,0.0,0
1786495114,878395795,98.95,-1.718607250844137,-1.7020910421954554,-1.1326659361468714,-4.6177828947650355,-4.890375677739279,0.6903988718986511,0.0,-2.5566347176209092e-05,2.3968450477696024e-05,-2.3968450477696024e-05,0.0,0.0,0.0,0.0,0.0,0.0,0.0,0.0,0
1786495114,898455381,98.95,-1.718607250844137,-1.7020791212665003,-1.1326420942889612,-4.617770854626791,-4.890387598668234,0.6903868913650513,0.0,-2.5566347176209092e-05,2.3968450477696024e-05,-2.3968450477696024e-05,0.0,0.0,0.0,0.0,0.0,0.0,0.0,0.0,0
1786495114,918520927,98.95,-1.718607250844137,-1.702066723500387,-1.1326540152179163,-4.617758814488546,-4.890339676533834,0.6903629302978516,0.0,-2.5566347176209092e-05,2.3968450477696024e-05,-2.3968450477696024e-05,0.0,0.0,0.0,0.0,0.0,0.0,0.0,0.0,0
1786495114,938421249,98.95,-1.7185710112201136,-1.7020428816424769,-1.1326773802386683,-4.617758814488546,-4.890351716672079,0.6903749108314514,0.0,-2.5566347176209092e-05,2.3968450477696024e-05,-2.3968450477696024e-05,0.0,0.0,0.0,0.0,0.0,0.0,0.0,0.0,0
1786495114,958452701,98.95,-1.718595329915182,-1.702054802571432,-1.1327016989337366,-4.617806855832235,-4.890351716672079,0.6903629302978516,0.0,-2.5566347176209092e-05,2.3968450477696024e-05,-2.3968450477696024e-05,0.0,0.0,0.0,0.0,0.0,0.0,0.0,0.0,0
1786495114,978419303,98.95,-1.718619171773092,-1.7021029631244105,-1.1326897780047815,-4.617830816899435,-4.890363637601034,0.6903749108314514,0.0,-1.2783173588104546e-05,2.3968450477696024e-05,-2.3968450477696024e-05,0.0,0.0,0.0,0.0,0.0,0.0,0.0,0.0,0
1786495114,998698711,98.95,-1.7185471693622034,-1.7020910421954554,-1.1326659361468714,-4.6177948156939905,-4.890363637601034,0.6903629302978516,0.0,-1.2783173588104546e-05,2.3968450477696024e-05,-2.3968450477696024e-05,0.0,0.0,0.0,0.0,0.0,0.0,0.0,0.0,0
1786495115,18360137,98.95,-1.718619171773092,-1.7020791212665003,-1.1327255407916468,-4.617806855832235,-4.890339676533834,0.6903389096260071,0.0,-1.2783173588104546e-05,2.3968450477696024e-05,-2.3968450477696024e-05,0.0,0.0,0.0,0.0,0.0,0.0,0.0,0.0,0
1786495115,38425445,98.95,-1.7185590902911585,-1.7020428816424769,-1.1326420942889612,-4.617746893559591,-4.890375677739279,0.6903749108314514,0.0,-1.2783173588104546e-05,2.3968450477696024e-05,-2.3968450477696024e-05,0.0,0.0,0.0,0.0,0.0,0.0,0.0,0.0,0
1786495115,58306932,99.48,-1.718607250844137,-1.7020910421954554,-1.1326897780047815,-4.6177348534213465,-4.890399638806478,0.6903629302978516,0.0,-1.2783173588104546e-05,2.3968450477696024e-05,-2.3968450477696024e-05,0.0,0.0,0.0,0.0,0.0,0.0,0.0,0.0,0
1786495115,78459024,99.48,-1.718619171773092,-1.702054802571432,-1.1326773802386683,-4.617758814488546,-4.890339676533834,0.6903868913650513,0.0,-1.2783173588104546e-05,2.3968450477696024e-05,-2.3968450477696024e-05,0.0,0.0,0.0,0.0,0.0,0.0,0.0,0.0,0
1786495115,98808050,99.48,-1.718595329915182,-1.7020910421954554,-1.1326773802386683,-4.6177948156939905,-4.890375677739279,0.6903749108314514,0.0,-1.2783173588104546e-05,2.3968450477696024e-05,-2.3968450477696024e-05,0.0,0.0,0.0,0.0,0.0,0.0,0.0,0.0,0
1786495115,118557453,99.48,-1.7185710112201136,-1.7021029631244105,-1.1326897780047815,-4.617758814488546,-4.890399638806478,0.6903749108314514,0.0,-1.2783173588104546e-05,2.3968450477696024e-05,-2.3968450477696024e-05,0.0,0.0,0.0,0.0,0.0,0.0,0.0,0.0,0
1786495115,138394117,99.48,-1.7185710112201136,-1.7021148840533655,-1.1326659361468714,-4.61781877676119,-4.890339676533834,0.6903988718986511,0.0,-1.2783173588104546e-05,2.3968450477696024e-05,-2.3968450477696024e-05,0.0,0.0,0.0,0.0,0.0,0.0,0.0,0.0,0
1786495115,158376216,99.48,-1.7186310927020472,-1.702066723500387,-1.1326659361468714,-4.6177348534213465,-4.890387598668234,0.6903988718986511,0.0,-1.2783173588104546e-05,2.3968450477696024e-05,-2.3968450477696024e-05,0.0,0.0,0.0,0.0,0.0,0.0,0.0,0.0,0
1786495115,178264141,99.64,-1.718607250844137,-1.7020910421954554,-1.1327136198626917,-4.6177948156939905,-4.890375677739279,0.6904228329658508,0.0,-1.2783173588104546e-05,2.3968450477696024e-05,-2.3968450477696024e-05,0.0,0.0,0.0,0.0,0.0,0.0,0.0,0.0,0
1786495115,198708057,99.64,-1.718607250844137,-1.702066723500387,-1.1326540152179163,-4.617770854626791,-4.890363637601034,0.6903509497642517,0.0,-1.2783173588104546e-05,2.3968450477696024e-05,-2.3968450477696024e-05,0.0,0.0,0.0,0.0,0.0,0.0,0.0,0.0,0
1786495115,218419790,99.64,-1.718619171773092,-1.7020910421954554,-1.1327016989337366,-4.617770854626791,-4.890363637601034,0.6903389096260071,0.0,-1.2783173588104546e-05,2.3968450477696024e-05,-2.3968450477696024e-05,0.0,0.0,0.0,0.0,0.0,0.0,0.0,0.0,0
1786495115,238546848,99.64,-1.718595329915182,-1.702054802571432,-1.1326659361468714,-4.6177948156939905,-4.890399638806478,0.6903269290924072,0.0,-1.2783173588104546e-05,2.3968450477696024e-05,-2.3968450477696024e-05,0.0,0.0,0.0,0.0,0.0,0.0,0.0,0.0,0
1786495115,258406639,99.64,-1.718619171773092,-1.7021148840533655,-1.1326420942889612,-4.617770854626791,-4.890375677739279,0.6903629302978516,0.0,-1.2783173588104546e-05,2.3968450477696024e-05,-2.3968450477696024e-05,0.0,0.0,0.0,0.0,0.0,0.0,0.0,0.0,0
1786495115,278493165,99.64,-1.718607250844137,-1.7021148840533655,-1.1326897780047815,-4.6177948156939905,-4.890375677739279,0.6903988718986511,0.0,-1.2783173588104546e-05,2.3968450477696024e-05,-2.3968450477696024e-05,0.0,0.0,0.0,0.0,0.0,0.0,0.0,0.0,0
1786495115,298620462,99.64,-1.718595329915182,-1.7020190397845667,-1.1326540152179163,-4.617758814488546,-4.890423957501547,0.6903988718986511,0.0,-1.2783173588104546e-05,2.3968450477696024e-05,-2.3968450477696024e-05,0.0,0.0,0.0,0.0,0.0,0.0,0.0,0.0,0
1786495115,318563938,99.64,-1.718619171773092,-1.7021148840533655,-1.1327136198626917,-4.6177348534213465,-4.890399638806478,0.6903629302978516,0.0,-1.2783173588104546e-05,2.3968450477696024e-05,-2.3968450477696024e-05,0.0,0.0,0.0,0.0,0.0,0.0,0.0,0.0,0
1786495115,338400602,99.64,-1.7185471693622034,-1.7021029631244105,-1.1326773802386683,-4.617758814488546,-4.890412036572592,0.6903629302978516,0.0,-1.2783173588104546e-05,2.3968450477696024e-05,-2.3968450477696024e-05,0.0,0.0,0.0,0.0,0.0,0.0,0.0,0.0,0
1786495115,358509302,99.64,-1.7185590902911585,-1.7020309607135218,-1.1326897780047815,-4.617770854626791,-4.890375677739279,0.6903629302978516,0.0,-1.2783173588104546e-05,2.3968450477696024e-05,-2.3968450477696024e-05,0.0,0.0,0.0,0.0,0.0,0.0,0.0,0.0,0
1786495115,378359079,99.64,-1.718595329915182,-1.7020791212665003,-1.1326659361468714,-4.61781877676119,-4.890399638806478,0.6903988718986511,0.0,-1.2783173588104546e-05,2.3968450477696024e-05,-2.3968450477696024e-05,0.0,0.0,0.0,0.0,0.0,0.0,0.0,0.0,0
1786495115,398653030,99.64,-1.7186310927020472,-1.702066723500387,-1.1326659361468714,-4.6177948156939905,-4.890363637601034,0.6903629302978516,0.0,-1.2783173588104546e-05,2.3968450477696024e-05,-2.3968450477696024e-05,0.0,0.0,0.0,0.0,0.0,0.0,0.0,0.0,0
1786495115,418378829,99.64,-1.7185829321490687,-1.7020910421954554,-1.1326659361468714,-4.6177348534213465,-4.890375677739279,0.6903629302978516,0.0,-1.2783173588104546e-05,2.3968450477696024e-05,-2.3968450477696024e-05,0.0,0.0,0.0,0.0,0.0,0.0,0.0,0.0,0
1786495115,438581228,99.82,-1.7185829321490687,-1.7021148840533655,-1.1326773802386683,-4.6177828947650355,-4.890399638806478,0.6903629302978516,0.0,-1.2783173588104546e-05,2.3968450477696024e-05,-2.3968450477696024e-05,0.0,0.0,0.0,0.0,0.0,0.0,0.0,0.0,0
1786495115,458410024,99.82,-1.718607250844137,-1.702054802571432,-1.132618252431051,-4.617806855832235,-4.890351716672079,0.6903509497642517,0.0,-1.2783173588104546e-05,2.3968450477696024e-05,-2.3968450477696024e-05,0.0,0.0,0.0,0.0,0.0,0.0,0.0,0.0,0
1786495115,478442668,99.82,-1.718595329915182,-1.7020791212665003,-1.1326301733600062,-4.617806855832235,-4.890387598668234,0.6903749108314514,0.0,-1.2783173588104546e-05,2.3968450477696024e-05,-2.3968450477696024e-05,0.0,0.0,0.0,0.0,0.0,0.0,0.0,0.0,0
1786495115,498803615,99.82,-1.7185829321490687,-1.702054802571432,-1.1326659361468714,-4.6177948156939905,-4.890375677739279,0.6903749108314514,0.0,-1.2783173588104546e-05,2.3968450477696024e-05,-2.3968450477696024e-05,0.0,0.0,0.0,0.0,0.0,0.0,0.0,0.0,0
1786495115,518508195,99.82,-1.718607250844137,-1.702054802571432,-1.1326540152179163,-4.6177948156939905,-4.890339676533834,0.6903868913650513,0.0,-1.2783173588104546e-05,2.3968450477696024e-05,-2.3968450477696024e-05,0.0,0.0,0.0,0.0,0.0,0.0,0.0,0.0,0
1786495115,538370370,99.82,-1.7185829321490687,-1.7020910421954554,-1.1326897780047815,-4.617758814488546,-4.890327755604879,0.6903868913650513,0.0,-1.2783173588104546e-05,2.3968450477696024e-05,-2.3968450477696024e-05,0.0,0.0,0.0,0.0,0.0,0.0,0.0,0.0,0
1786495115,558370828,99.88,-1.718619171773092,-1.7020910421954554,-1.1326420942889612,-4.617758814488546,-4.890327755604879,0.690410852432251,0.0,-1.2783173588104546e-05,2.3968450477696024e-05,-2.3968450477696024e-05,0.0,0.0,0.0,0.0,0.0,0.0,0.0,0.0,0
1786495115,578350543,99.88,-1.718619171773092,-1.7020910421954554,-1.1327016989337366,-4.6177828947650355,-4.890375677739279,0.6903629302978516,0.0,-1.2783173588104546e-05,2.3968450477696024e-05,-2.3968450477696024e-05,0.0,0.0,0.0,0.0,0.0,0.0,0.0,0.0,0
1786495115,598581552,99.88,-1.718595329915182,-1.7020791212665003,-1.1326420942889612,-4.617806855832235,-4.890375677739279,0.6903988718986511,0.0,-1.2783173588104546e-05,2.3968450477696024e-05,-2.3968450477696024e-05,0.0,0.0,0.0,0.0,0.0,0.0,0.0,0.0,0
1786495115,618438005,99.88,-1.718595329915182,-1.7020309607135218,-1.1326773802386683,-4.61781877676119,-4.890363637601034,0.6904228329658508,0.0,-1.2783173588104546e-05,2.3968450477696024e-05,-2.3968450477696024e-05,0.0,0.0,0.0,0.0,0.0,0.0,0.0,0.0,0
1786495115,638534545,99.88,-1.718619171773092,-1.7020791212665003,-1.1326659361468714,-4.617758814488546,-4.890387598668234,0.6903868913650513,0.0,-1.2783173588104546e-05,2.3968450477696024e-05,-2.3968450477696024e-05,0.0,0.0,0.0,0.0,0.0,0.0,0.0,0.0,0
1786495115,658510684,99.88,-1.718619171773092,-1.7020910421954554,-1.1326897780047815,-4.6177948156939905,-4.890363637601034,0.6903749108314514,0.0,-1.2783173588104546e-05,2.3968450477696024e-05,-2.3968450477696024e-05,0.0,0.0,0.0,0.0,0.0,0.0,0.0,0.0,0
1786495115,678620100,99.88,-1.7185829321490687,-1.702066723500387,-1.1326659361468714,-4.617746893559591,-4.890351716672079,0.6903749108314514,0.0,-1.2783173588104546e-05,2.3968450477696024e-05,-2.3968450477696024e-05,0.0,0.0,0.0,0.0,0.0,0.0,0.0,0.0,0
1786495115,698519945,99.88,-1.7185829321490687,-1.702054802571432,-1.1326897780047815,-4.6177828947650355,-4.890363637601034,0.6903988718986511,0.0,-1.2783173588104546e-05,2.3968450477696024e-05,-2.3968450477696024e-05,0.0,0.0,0.0,0.0,0.0,0.0,0.0,0.0,0
1786495115,718450546,99.88,-1.7185829321490687,-1.7020791212665003,-1.1326540152179163,-4.617758814488546,-4.890315715466635,0.6903988718986511,0.0,-1.2783173588104546e-05,2.3968450477696024e-05,-2.3968450477696024e-05,0.0,0.0,0.0,0.0,0.0,0.0,0.0,0.0,0
1786495115,738578796,99.88,-1.718619171773092,-1.7021268049823206,-1.1326659361468714,-4.6177828947650355,-4.890399638806478,0.6903749108314514,0.0,-1.2783173588104546e-05,2.3968450477696024e-05,-2.3968450477696024e-05,0.0,0.0,0.0,0.0,0.0,0.0,0.0,0.0,0
1786495115,758528709,99.88,-1.718607250844137,-1.7020910421954554,-1.1326659361468714,-4.6177948156939905,-4.890339676533834,0.6903988718986511,0.0,-1.2783173588104546e-05,2.3968450477696024e-05,-2.3968450477696024e-05,0.0,0.0,0.0,0.0,0.0,0.0,0.0,0.0,0
1786495115,778360128,99.88,-1.7185590902911585,-1.702066723500387,-1.1327255407916468,-4.617770854626791,-4.890339676533834,0.6903868913650513,0.0,-1.2783173588104546e-05,2.3968450477696024e-05,-2.3968450477696024e-05,0.0,0.0,0.0,0.0,0.0,0.0,0.0,0.0,0
1786495115,798572063,99.94,-1.7185710112201136,-1.7020910421954554,-1.132618252431051,-4.617806855832235,-4.890399638806478,0.6903629302978516,0.0,-1.2783173588104546e-05,2.3968450477696024e-05,-2.3968450477696024e-05,0.0,0.0,0.0,0.0,0.0,0.0,0.0,0.0,0
1786495115,818299293,99.94,-1.7185829321490687,-1.7020791212665003,-1.1326420942889612,-4.617806855832235,-4.890399638806478,0.6903389096260071,0.0,-1.2783173588104546e-05,2.3968450477696024e-05,-2.3968450477696024e-05,0.0,0.0,0.0,0.0,0.0,0.0,0.0,0.0,0
1786495115,838603734,99.94,-1.7185829321490687,-1.7020791212665003,-1.1326540152179163,-4.617806855832235,-4.890363637601034,0.6903988718986511,0.0,-1.2783173588104546e-05,2.3968450477696024e-05,-2.3968450477696024e-05,0.0,0.0,0.0,0.0,0.0,0.0,0.0,0.0,0
1786495115,858284473,99.94,-1.7185829321490687,-1.7020791212665003,-1.1327136198626917,-4.617758814488546,-4.890375677739279,0.690410852432251,0.0,-1.2783173588104546e-05,2.3968450477696024e-05,-2.3968450477696024e-05,0.0,0.0,0.0,0.0,0.0,0.0,0.0,0.0,0
1786495115,878394126,99.94,-1.718607250844137,-1.702066723500387,-1.1326659361468714,-4.61781877676119,-4.890351716672079,0.6903629302978516,0.0,-1.2783173588104546e-05,2.3968450477696024e-05,-2.3968450477696024e-05,0.0,0.0,0.0,0.0,0.0,0.0,0.0,0.0,0
1786495115,898428201,99.94,-1.7185471693622034,-1.7020791212665003,-1.1326773802386683,-4.617758814488546,-4.890375677739279,0.6903629302978516,0.0,-1.2783173588104546e-05,2.3968450477696024e-05,-2.3968450477696024e-05,0.0,0.0,0.0,0.0,0.0,0.0,0.0,0.0,0
1786495115,918621301,99.96,-1.718619171773092,-1.7020910421954554,-1.1326420942889612,-4.617770854626791,-4.890351716672079,0.6903629302978516,0.0,-1.2783173588104546e-05,2.3968450477696024e-05,-2.3968450477696024e-05,0.0,0.0,0.0,0.0,0.0,0.0,0.0,0.0,0
1786495115,938431262,99.96,-1.718619171773092,-1.7020428816424769,-1.1326773802386683,-4.617758814488546,-4.890375677739279,0.6903868913650513,0.0,-1.2783173588104546e-05,2.3968450477696024e-05,-2.3968450477696024e-05,0.0,0.0,0.0,0.0,0.0,0.0,0.0,0.0,0
1786495115,958382368,99.96,-1.7185710112201136,-1.7021029631244105,-1.1326420942889612,-4.617746893559591,-4.890327755604879,0.6903509497642517,0.0,-1.2783173588104546e-05,2.3968450477696024e-05,-2.3968450477696024e-05,0.0,0.0,0.0,0.0,0.0,0.0,0.0,0.0,0
1786495115,978407144,99.96,-1.7185710112201136,-1.7020910421954554,-1.1326420942889612,-4.6177948156939905,-4.890423957501547,0.6903269290924072,0.0,-1.2783173588104546e-05,2.3968450477696024e-05,-2.3968450477696024e-05,0.0,0.0,0.0,0.0,0.0,0.0,0.0,0.0,0
1786495115,998716831,99.96,-1.7186430136310022,-1.7020910421954554,-1.1326420942889612,-4.617770854626791,-4.890351716672079,0.6903868913650513,0.0,-1.2783173588104546e-05,2.3968450477696024e-05,-2.3968450477696024e-05,0.0,0.0,0.0,0.0,0.0,0.0,0.0,0.0,0
1786495116,18440485,99.96,-1.7185710112201136,-1.7020428816424769,-1.1326659361468714,-4.617770854626791,-4.890375677739279,0.6903868913650513,0.0,-1.2783173588104546e-05,2.3968450477696024e-05,-2.3968450477696024e-05,0.0,0.0,0.0,0.0,0.0,0.0,0.0,0.0,0
1786495116,38525104,99.97,-1.718619171773092,-1.7020910421954554,-1.1326301733600062,-4.6177828947650355,-4.890412036572592,0.6903988718986511,0.0,-1.2783173588104546e-05,2.3968450477696024e-05,-2.3968450477696024e-05,0.0,0.0,0.0,0.0,0.0,0.0,0.0,0.0,0
1786495116,58347225,99.97,-1.7186310927020472,-1.7020910421954554,-1.1326540152179163,-4.617758814488546,-4.890363637601034,0.6903868913650513,0.0,-1.2783173588104546e-05,0.0,-2.3968450477696024e-05,0.0,0.0,0.0,0.0,0.0,0.0,0.0,0.0,0
1786495116,78509330,99.97,-1.7186310927020472,-1.7020428816424769,-1.1326897780047815,-4.6177828947650355,-4.890339676533834,0.6903988718986511,0.0,-1.2783173588104546e-05,0.0,-2.3968450477696024e-05,0.0,0.0,0.0,0.0,0.0,0.0,0.0,0.0,0
1786495116,98531007,99.97,-1.718595329915182,-1.7020428816424769,-1.1326301733600062,-4.6177828947650355,-4.890315715466635,0.6904228329658508,0.0,-1.2783173588104546e-05,0.0,0.0,0.0,0.0,0.0,0.0,0.0,0.0,0.0,0.0,0
1786495116,118623495,99.97,-1.7185829321490687,-1.702066723500387,-1.1326659361468714,-4.617746893559591,-4.890327755604879,0.6903988718986511,0.0,-1.2783173588104546e-05,0.0,0.0,0.0,0.0,0.0,0.0,0.0,0.0,0.0,0.0,0
1786495116,138579130,99.97,-1.7185829321490687,-1.702066723500387,-1.1326420942889612,-4.6177948156939905,-4.890363637601034,0.6903509497642517,0.0,-1.2783173588104546e-05,0.0,0.0,0.0,0.0,0.0,0.0,0.0,0.0,0.0,0.0,0
1786495116,158406257,99.97,-1.718595329915182,-1.7021029631244105,-1.1326773802386683,-4.617770854626791,-4.890399638806478,0.6903629302978516,0.0,-1.2783173588104546e-05,0.0,0.0,0.0,0.0,0.0,0.0,0.0,0.0,0.0,0.0,0
1786495116,178439378,99.97,-1.718595329915182,-1.7020910421954554,-1.1326773802386683,-4.617722932492391,-4.890351716672079,0.6903629302978516,0.0,-1.2783173588104546e-05,0.0,0.0,0.0,0.0,0.0,0.0,0.0,0.0,0.0,0.0,0
1786495116,198661088,99.97,-1.718607250844137,-1.7020190397845667,-1.1327016989337366,-4.617758814488546,-4.890375677739279,0.6903749108314514,0.0,-1.2783173588104546e-05,0.0,0.0,0.0,0.0,0.0,0.0,0.0,0.0,0.0,0.0,0
1786495116,218408823,99.97,-1.718595329915182,-1.7021148840533655,-1.1327016989337366,-4.617746893559591,-4.890339676533834,0.6903988718986511,0.0,-1.2783173588104546e-05,0.0,0.0,0.0,0.0,0.0,0.0,0.0,0.0,0.0,0.0,0
1786495116,238440275,99.97,-1.7185829321490687,-1.702054802571432,-1.1326659361468714,-4.617770854626791,-4.890327755604879,0.6903749108314514,0.0,-1.2783173588104546e-05,0.0,0.0,0.0,0.0,0.0,0.0,0.0,0.0,0.0,0.0,0
1786495116,258302927,99.97,-1.7186310927020472,-1.7020071188556116,-1.1326540152179163,-4.617722932492391,-4.890327755604879,0.6903269290924072,0.0,-1.2783173588104546e-05,0.0,0.0,0.0,0.0,0.0,0.0,0.0,0.0,0.0,0.0,0
1786495116,278525114,99.99,-1.718607250844137,-1.7021148840533655,-1.1326659361468714,-4.617758814488546,-4.890327755604879,0.6903629302978516,0.0,-1.2783173588104546e-05,0.0,0.0,0.0,0.0,0.0,0.0,0.0,0.0,0.0,0.0,0
1786495116,298552989,99.99,-1.718619171773092,-1.7021268049823206,-1.1326659361468714,-4.6177348534213465,-4.890399638806478,0.6903389096260071,0.0,-1.2783173588104546e-05,0.0,0.0,0.0,0.0,0.0,0.0,0.0,0.0,0.0,0.0,0
1786495116,318358182,99.99,-1.718607250844137,-1.702054802571432,-1.1326540152179163,-4.6177948156939905,-4.890351716672079,0.6903269290924072,0.0,-1.2783173588104546e-05,0.0,0.0,0.0,0.0,0.0,0.0,0.0,0.0,0.0,0.0,0
1786495116,338415384,99.99,-1.718619171773092,-1.702066723500387,-1.1326897780047815,-4.6177828947650355,-4.890363637601034,0.690410852432251,0.0,-1.2783173588104546e-05,0.0,0.0,0.0,0.0,0.0,0.0,0.0,0.0,0.0,0.0,0
1786495116,358583927,99.99,-1.7186430136310022,-1.7020910421954554,-1.1327016989337366,-4.6177828947650355,-4.890375677739279,0.6903749108314514,0.0,-1.2783173588104546e-05,0.0,0.0,0.0,0.0,0.0,0.0,0.0,0.0,0.0,0.0,0
1786495116,378425121,99.99,-1.7185710112201136,-1.7020428816424769,-1.1326540152179163,-4.6177948156939905,-4.890327755604879,0.690410852432251,0.0,-1.2783173588104546e-05,0.0,0.0,0.0,0.0,0.0,0.0,0.0,0.0,0.0,0.0,0
1786495116,398600339,99.99,-1.718619171773092,-1.7020309607135218,-1.1326659361468714,-4.617806855832235,-4.890399638806478,0.6904228329658508,0.0,-1.2783173588104546e-05,0.0,0.0,0.0,0.0,0.0,0.0,0.0,0.0,0.0,0.0,0
1786495116,418350696,99.99,-1.7185829321490687,-1.7020910421954554,-1.1326301733600062,-4.617770854626791,-4.890327755604879,0.6903988718986511,0.0,-1.2783173588104546e-05,0.0,0.0,0.0,0.0,0.0,0.0,0.0,0.0,0.0,0.0,0
1786495116,438430547,99.99,-1.7186430136310022,-1.7020791212665003,-1.1326659361468714,-4.6177948156939905,-4.890375677739279,0.6903988718986511,0.0,-1.2783173588104546e-05,0.0,0.0,0.0,0.0,0.0,0.0,0.0,0.0,0.0,0.0,0
1786495116,458411455,99.99,-1.718619171773092,-1.7021268049823206,-1.1326659361468714,-4.617710892354147,-4.890363637601034,0.6903988718986511,0.0,-0.0,0.0,0.0,0.0,0.0,0.0,0.0,0.0,0.0,0.0,0.0,0
1786495116,478601455,99.99,-1.718619171773092,-1.7020910421954554,-1.1326659361468714,-4.617806855832235,-4.890387598668234,0.6903868913650513,0.0,-0.0,0.0,0.0,0.0,0.0,0.0,0.0,0.0,0.0,0.0,0.0,0
1786495116,498571872,99.99,-1.7185829321490687,-1.7020428816424769,-1.1326897780047815,-4.6177948156939905,-4.890412036572592,0.6903509497642517,0.0,-0.0,0.0,0.0,0.0,0.0,0.0,0.0,0.0,0.0,0.0,0.0,0
1786495116,518381118,99.99,-1.718607250844137,-1.702066723500387,-1.1326540152179163,-4.617746893559591,-4.890399638806478,0.6903749108314514,0.0,-0.0,0.0,0.0,0.0,0.0,0.0,0.0,0.0,0.0,0.0,0.0,0
1786495116,538361310,99.99,-1.718607250844137,-1.7021148840533655,-1.1326540152179163,-4.6177948156939905,-4.890387598668234,0.6904228329658508,0.0,-0.0,0.0,0.0,0.0,0.0,0.0,0.0,0.0,0.0,0.0,0.0,0
1786495116,558570146,99.99,-1.718607250844137,-1.7020309607135218,-1.1327016989337366,-4.6177948156939905,-4.890351716672079,0.690410852432251,0.0,-0.0,0.0,0.0,0.0,0.0,0.0,0.0,0.0,0.0,0.0,0.0,0
1786495116,578730583,99.99,-1.718595329915182,-1.7021029631244105,-1.1326540152179163,-4.617758814488546,-4.890375677739279,0.6903749108314514,0.0,-0.0,0.0,0.0,0.0,0.0,0.0,0.0,0.0,0.0,0.0,0.0,0
1786495116,598616600,99.99,-1.7185471693622034,-1.7020910421954554,-1.1326420942889612,-4.6177948156939905,-4.890339676533834,0.6903868913650513,0.0,-0.0,0.0,0.0,0.0,0.0,0.0,0.0,0.0,0.0,0.0,0.0,0
1786495116,618351697,99.99,-1.7185710112201136,-1.7021387259112757,-1.1327136198626917,-4.6177828947650355,-4.890327755604879,0.6903749108314514,0.0,-0.0,0.0,0.0,0.0,0.0,0.0,0.0,0.0,0.0,0.0,0.0,0
1786495116,638532638,99.99,-1.718595329915182,-1.7020428816424769,-1.1326659361468714,-4.617770854626791,-4.890327755604879,0.690410852432251,0.0,-0.0,0.0,0.0,0.0,0.0,0.0,0.0,0.0,0.0,0.0,0.0,0
1786495116,658406257,99.99,-1.7185829321490687,-1.7020791212665003,-1.1326659361468714,-4.617770854626791,-4.890315715466635,0.690410852432251,0.0,-0.0,0.0,0.0,0.0,0.0,0.0,0.0,0.0,0.0,0.0,0.0,0
1786495116,678517818,99.99,-1.718595329915182,-1.7021029631244105,-1.1326540152179163,-4.617758814488546,-4.890339676533834,0.6903868913650513,0.0,-0.0,0.0,0.0,0.0,0.0,0.0,0.0,0.0,0.0,0.0,0.0,0
1786495116,698594808,99.99,-1.7185710112201136,-1.702066723500387,-1.1326540152179163,-4.6177828947650355,-4.890363637601034,0.6903629302978516,0.0,-0.0,0.0,0.0,0.0,0.0,0.0,0.0,0.0,0.0,0.0,0.0,0
1786495116,718419313,99.99,-1.7186310927020472,-1.7021268049823206,-1.1326897780047815,-4.617770854626791,-4.890412036572592,0.690410852432251,0.0,-0.0,0.0,0.0,0.0,0.0,0.0,0.0,0.0,0.0,0.0,0.0,0
1786495116,738344430,99.99,-1.7185829321490687,-1.702066723500387,-1.1326773802386683,-4.617770854626791,-4.890351716672079,0.6903988718986511,0.0,-0.0,0.0,0.0,0.0,0.0,0.0,0.0,0.0,0.0,0.0,0.0,0
1786495116,758599758,99.99,-1.718619171773092,-1.7021148840533655,-1.1326773802386683,-4.617770854626791,-4.890327755604879,0.6903629302978516,0.0,-0.0,0.0,0.0,0.0,0.0,0.0,0.0,0.0,0.0,0.0,0.0,0
1786495116,778417587,100.0,-1.718607250844137,-1.7020428816424769,-1.1326659361468714,-4.6177828947650355,-4.890363637601034,0.6903389096260071,0.0,-0.0,0.0,0.0,0.0,0.0,0.0,0.0,0.0,0.0,0.0,0.0,0
1786495116,798620462,100.0,-1.718619171773092,-1.7021268049823206,-1.1326540152179163,-4.617746893559591,-4.890339676533834,0.6903868913650513,0.0,-0.0,0.0,0.0,0.0,0.0,0.0,0.0,0.0,0.0,0.0,0.0,0
1786495116,818550825,100.0,-1.718595329915182,-1.7020791212665003,-1.1326659361468714,-4.6177948156939905,-4.890351716672079,0.6903749108314514,0.0,-0.0,0.0,0.0,0.0,0.0,0.0,0.0,0.0,0.0,0.0,0.0,0
1786495116,838674783,100.0,-1.718607250844137,-1.7020190397845667,-1.1326420942889612,-4.617758814488546,-4.890363637601034,0.6903749108314514,0.0,-0.0,0.0,0.0,0.0,0.0,0.0,0.0,0.0,0.0,0.0,0.0,0
1786495116,858367443,100.0,-1.7185829321490687,-1.7020791212665003,-1.1326540152179163,-4.617758814488546,-4.890375677739279,0.6903629302978516,0.0,-0.0,0.0,0.0,0.0,0.0,0.0,0.0,0.0,0.0,0.0,0.0,0
1786495116,878612995,100.0,-1.718595329915182,-1.702054802571432,-1.1326659361468714,-4.617830816899435,-4.890351716672079,0.6903509497642517,0.0,-0.0,0.0,0.0,0.0,0.0,0.0,0.0,0.0,0.0,0.0,0.0,0
1786495116,898543357,100.0,-1.7186310927020472,-1.7021029631244105,-1.1327374617206019,-4.617806855832235,-4.890363637601034,0.690410852432251,0.0,-0.0,0.0,0.0,0.0,0.0,0.0,0.0,0.0,0.0,0.0,0.0,0
1786495116,918438911,100.0,-1.7186310927020472,-1.7020428816424769,-1.132618252431051,-4.6177828947650355,-4.890327755604879,0.6903868913650513,0.0,-0.0,0.0,0.0,0.0,0.0,0.0,0.0,0.0,0.0,0.0,0.0,0
1786495116,938369989,100.0,-1.7185710112201136,-1.702054802571432,-1.1326420942889612,-4.6177828947650355,-4.890375677739279,0.6903629302978516,0.0,-0.0,0.0,0.0,0.0,0.0,0.0,0.0,0.0,0.0,0.0,0.0,0
1786495116,958443164,100.0,-1.718595329915182,-1.7020428816424769,-1.1326540152179163,-4.617722932492391,-4.890327755604879,0.6903988718986511,0.0,-0.0,0.0,0.0,0.0,0.0,0.0,0.0,0.0,0.0,0.0,0.0,0
1786495116,978437662,100.0,-1.7185829321490687,-1.702066723500387,-1.1326659361468714,-4.617770854626791,-4.890351716672079,0.6903868913650513,0.0,-0.0,0.0,0.0,0.0,0.0,0.0,0.0,0.0,0.0,0.0,0.0,0
1786495116,998540401,100.0,-1.718595329915182,-1.7020791212665003,-1.1327136198626917,-4.6177348534213465,-4.890327755604879,0.6903629302978516,0.0,-0.0,0.0,0.0,0.0,0.0,0.0,0.0,0.0,0.0,0.0,0.0,0
1786495117,18412590,100.0,-1.718595329915182,-1.7021268049823206,-1.1326897780047815,-4.617746893559591,-4.890351716672079,0.6903749108314514,0.0,-0.0,0.0,0.0,0.0,0.0,0.0,0.0,0.0,0.0,0.0,0.0,0
1786495117,38554430,100.0,-1.7186310927020472,-1.7021029631244105,-1.1326540152179163,-4.617758814488546,-4.890351716672079,0.6903629302978516,0.0,-0.0,0.0,0.0,0.0,0.0,0.0,0.0,0.0,0.0,0.0,0.0,0
1786495117,58519124,100.0,-1.718619171773092,-1.702054802571432,-1.1327016989337366,-4.617770854626791,-4.890339676533834,0.6903749108314514,0.0,-0.0,0.0,0.0,0.0,0.0,0.0,0.0,0.0,0.0,0.0,0.0,0
1786495117,78416824,100.0,-1.7185829321490687,-1.7020910421954554,-1.1327016989337366,-4.6177828947650355,-4.890327755604879,0.6903988718986511,0.0,-0.0,0.0,0.0,0.0,0.0,0.0,0.0,0.0,0.0,0.0,0.0,0
1786495117,98515033,100.0,-1.718619171773092,-1.7020910421954554,-1.1326540152179163,-4.617758814488546,-4.890363637601034,0.6903629302978516,0.0,-0.0,0.0,0.0,0.0,0.0,0.0,0.0,0.0,0.0,0.0,0.0,0
1786495117,118604898,100.0,-1.718619171773092,-1.702066723500387,-1.1326897780047815,-4.6177948156939905,-4.890327755604879,0.6903868913650513,0.0,-0.0,0.0,0.0,0.0,0.0,0.0,0.0,0.0,0.0,0.0,0.0,0
1786495117,138432502,100.0,-1.718595329915182,-1.7021148840533655,-1.1326659361468714,-4.617758814488546,-4.890363637601034,0.6903749108314514,0.0,-0.0,0.0,0.0,0.0,0.0,0.0,0.0,0.0,0.0,0.0,0.0,0
1786495117,158408880,100.0,-1.718595329915182,-1.702054802571432,-1.1326659361468714,-4.617770854626791,-4.890399638806478,0.6903868913650513,0.0,-0.0,0.0,0.0,0.0,0.0,0.0,0.0,0.0,0.0,0.0,0.0,0
1786495117,178513526,100.0,-1.7186310927020472,-1.7020428816424769,-1.1327136198626917,-4.617746893559591,-4.890375677739279,0.6903988718986511,0.0,-0.0,0.0,0.0,0.0,0.0,0.0,0.0,0.0,0.0,0.0,0.0,0
1786495117,198601484,100.0,-1.7185710112201136,-1.7020910421954554,-1.1326420942889612,-4.6177828947650355,-4.8903037945376795,0.6903868913650513,0.0,-0.0,0.0,0.0,0.0,0.0,0.0,0.0,0.0,0.0,0.0,0.0,0
1786495117,218366622,100.0,-1.7185829321490687,-1.7021029631244105,-1.1326301733600062,-4.617758814488546,-4.890351716672079,0.6903749108314514,0.0,-0.0,0.0,0.0,0.0,0.0,0.0,0.0,0.0,0.0,0.0,0.0,0
1786495117,239067316,100.0,-1.718595329915182,-1.7021029631244105,-1.1326659361468714,-4.6177348534213465,-4.890351716672079,0.6903749108314514,0.0,-0.0,0.0,0.0,0.0,0.0,0.0,0.0,0.0,0.0,0.0,0.0,0
1786495117,258313894,100.0,-1.7186310927020472,-1.7020910421954554,-1.1326540152179163,-4.617746893559591,-4.890375677739279,0.6903868913650513,0.0,-0.0,0.0,0.0,0.0,0.0,0.0,0.0,0.0,0.0,0.0,0.0,0
1786495117,278568744,100.0,-1.7186430136310022,-1.702066723500387,-1.1326659361468714,-4.617806855832235,-4.890412036572592,0.6903629302978516,0.0,-0.0,0.0,0.0,0.0,0.0,0.0,0.0,0.0,0.0,0.0,0.0,0
1786495117,298389434,100.0,-1.718619171773092,-1.7020428816424769,-1.1326659361468714,-4.6177828947650355,-4.890387598668234,0.6903389096260071,0.0,-0.0,0.0,0.0,0.0,0.0,0.0,0.0,0.0,0.0,0.0,0.0,0
1786495117,318580627,100.0,-1.718595329915182,-1.7021029631244105,-1.1326659361468714,-4.6177348534213465,-4.890339676533834,0.6903629302978516,0.0,-0.0,0.0,0.0,0.0,0.0,0.0,0.0,0.0,0.0,0.0,0.0,0
1786495117,338502645,100.0,-1.7186310927020472,-1.7020428816424769,-1.1326773802386683,-4.617770854626791,-4.890375677739279,0.6903868913650513,0.0,-0.0,0.0,0.0,0.0,0.0,0.0,0.0,0.0,0.0,0.0,0.0,0
1786495117,358427762,100.0,-1.718607250844137,-1.7020190397845667,-1.1327016989337366,-4.6177948156939905,-4.890351716672079,0.6903749108314514,0.0,-0.0,0.0,0.0,0.0,0.0,0.0,0.0,0.0,0.0,0.0,0.0,0
1786495117,378348827,100.0,-1.7185590902911585,-1.7020910421954554,-1.1326540152179163,-4.617770854626791,-4.890399638806478,0.6903868913650513,0.0,-0.0,0.0,0.0,0.0,0.0,0.0,0.0,0.0,0.0,0.0,0.0,0
1786495117,398563861,100.0,-1.7185710112201136,-1.702054802571432,-1.1327016989337366,-4.617806855832235,-4.890339676533834,0.6903269290924072,0.0,-0.0,0.0,0.0,0.0,0.0,0.0,0.0,0.0,0.0,0.0,0.0,0
1786495117,418335914,100.0,-1.718607250844137,-1.7020791212665003,-1.1326773802386683,-4.617758814488546,-4.890399638806478,0.6903269290924072,0.0,-0.0,0.0,0.0,0.0,0.0,0.0,0.0,0.0,0.0,0.0,0.0,0
1786495117,438549041,100.0,-1.718595329915182,-1.702066723500387,-1.1327136198626917,-4.617758814488546,-4.890351716672079,0.6903509497642517,0.0,-0.0,0.0,0.0,0.0,0.0,0.0,0.0,0.0,0.0,0.0,0.0,0
1786495117,458392858,100.0,-1.718619171773092,-1.7020910421954554,-1.1326659361468714,-4.617770854626791,-4.890351716672079,0.6903629302978516,0.0,-0.0,0.0,0.0,0.0,0.0,0.0,0.0,0.0,0.0,0.0,0.0,0
1786495117,478567361,100.0,-1.7185710112201136,-1.7020910421954554,-1.1326897780047815,-4.617770854626791,-4.890375677739279,0.6903749108314514,0.0,-0.0,0.0,0.0,0.0,0.0,0.0,0.0,0.0,0.0,0.0,0.0,0
1786495117,498874664,100.0,-1.7185590902911585,-1.7020910421954554,-1.1327136198626917,-4.6177828947650355,-4.890351716672079,0.6903868913650513,0.0,-0.0,0.0,0.0,0.0,0.0,0.0,0.0,0.0,0.0,0.0,0.0,0
1786495117,518580675,100.0,-1.718607250844137,-1.702066723500387,-1.1327255407916468,-4.617746893559591,-4.890375677739279,0.6904228329658508,0.0,-0.0,0.0,0.0,0.0,0.0,0.0,0.0,0.0,0.0,0.0,0.0,0
1786495117,538503408,100.0,-1.7185829321490687,-1.7020791212665003,-1.1326540152179163,-4.6177828947650355,-4.890339676533834,0.6904228329658508,0.0,-0.0,0.0,0.0,0.0,0.0,0.0,0.0,0.0,0.0,0.0,0.0,0
1786495117,558503389,100.0,-1.7185829321490687,-1.702066723500387,-1.1327016989337366,-4.617758814488546,-4.890375677739279,0.690410852432251,0.0,-0.0,0.0,0.0,0.0,0.0,0.0,0.0,0.0,0.0,0.0,0.0,0
1786495117,578382730,100.0,-1.7186549345599573,-1.702066723500387,-1.1326773802386683,-4.6177948156939905,-4.890387598668234,0.6903749108314514,0.0,-0.0,0.0,0.0,0.0,0.0,0.0,0.0,0.0,0.0,0.0,0.0,0
1786495117,598684072,100.0,-1.7186310927020472,-1.7021029631244105,-1.1326773802386683,-4.617830816899435,-4.890327755604879,0.6903509497642517,0.0,-0.0,0.0,0.0,0.0,0.0,0.0,0.0,0.0,0.0,0.0,0.0,0
1786495117,618407011,100.0,-1.7186310927020472,-1.7021029631244105,-1.1326773802386683,-4.6177948156939905,-4.890363637601034,0.690410852432251,0.0,-0.0,0.0,0.0,0.0,0.0,0.0,0.0,0.0,0.0,0.0,0.0,0
1786495117,638579607,100.0,-1.718607250844137,-1.7020910421954554,-1.1326659361468714,-4.6177828947650355,-4.890375677739279,0.6903509497642517,0.0,-0.0,0.0,0.0,0.0,0.0,0.0,0.0,0.0,0.0,0.0,0.0,0
1786495117,658379793,100.0,-1.718595329915182,-1.7020190397845667,-1.1326420942889612,-4.617770854626791,-4.890327755604879,0.6903629302978516,0.0,-0.0,0.0,0.0,0.0,0.0,0.0,0.0,0.0,0.0,0.0,0.0,0
1786495117,678533792,100.0,-1.718607250844137,-1.7021148840533655,-1.1327016989337366,-4.6177948156939905,-4.890327755604879,0.690410852432251,0.0,-0.0,0.0,0.0,0.0,0.0,0.0,0.0,0.0,0.0,0.0,0.0,0
1786495117,698640108,100.0,-1.7185829321490687,-1.7020791212665003,-1.1327136198626917,-4.6177948156939905,-4.890327755604879,0.6903629302978516,0.0,-0.0,0.0,0.0,0.0,0.0,0.0,0.0,0.0,0.0,0.0,0.0,0
1786495117,718385457,100.0,-1.718619171773092,-1.7021268049823206,-1.1326897780047815,-4.6177348534213465,-4.890375677739279,0.6903509497642517,0.0,-0.0,0.0,0.0,0.0,0.0,0.0,0.0,0.0,0.0,0.0,0.0,0
1786495117,738985300,100.0,-1.7185829321490687,-1.7020910421954554,-1.1326773802386683,-4.61784273782839,-4.890375677739279,0.6903629302978516,0.0,-0.0,0.0,0.0,0.0,0.0,0.0,0.0,0.0,0.0,0.0,0.0,0
1786495117,758450269,100.0,-1.7185829321490687,-1.7020910421954554,-1.1326897780047815,-4.6177948156939905,-4.890339676533834,0.6903749108314514,0.0,-0.0,0.0,0.0,0.0,0.0,0.0,0.0,0.0,0.0,0.0,0.0,0
1786495117,778410196,100.0,-1.7185710112201136,-1.7021148840533655,-1.1326773802386683,-4.617758814488546,-4.890351716672079,0.6903988718986511,0.0,-0.0,0.0,0.0,0.0,0.0,0.0,0.0,0.0,0.0,0.0,0.0,0
1786495117,798603296,100.0,-1.718607250844137,-1.7020910421954554,-1.1327016989337366,-4.617770854626791,-4.890351716672079,0.6903749108314514,0.0,-0.0,0.0,0.0,0.0,0.0,0.0,0.0,0.0,0.0,0.0,0.0,0
1786495117,818382263,100.0,-1.7186310927020472,-1.7020791212665003,-1.1326897780047815,-4.6177348534213465,-4.890351716672079,0.6903509497642517,0.0,-0.0,0.0,0.0,0.0,0.0,0.0,0.0,0.0,0.0,0.0,0.0,0
1786495117,838442087,100.0,-1.7185590902911585,-1.702054802571432,-1.1326540152179163,-4.6177948156939905,-4.890375677739279,0.6903868913650513,0.0,-0.0,0.0,0.0,0.0,0.0,0.0,0.0,0.0,0.0,0.0,0.0,0
1786495117,858339786,100.0,-1.718595329915182,-1.7021148840533655,-1.1327136198626917,-4.617770854626791,-4.890399638806478,0.6903749108314514,0.0,-0.0,0.0,0.0,0.0,0.0,0.0,0.0,0.0,0.0,0.0,0.0,0
1786495117,878420591,100.0,-1.7185590902911585,-1.7020791212665003,-1.1326659361468714,-4.617770854626791,-4.890363637601034,0.6903868913650513,0.0,-0.0,0.0,0.0,0.0,0.0,0.0,0.0,0.0,0.0,0.0,0.0,0
1786495117,898846626,100.0,-1.718607250844137,-1.702066723500387,-1.1326773802386683,-4.617758814488546,-4.890351716672079,0.6903629302978516,0.0,-0.0,0.0,0.0,0.0,0.0,0.0,0.0,0.0,0.0,0.0,0.0,0
1786495117,918587207,100.0,-1.7185829321490687,-1.7020910421954554,-1.1326773802386683,-4.617770854626791,-4.890375677739279,0.6903868913650513,0.0,-0.0,0.0,0.0,0.0,0.0,0.0,0.0,0.0,0.0,0.0,0.0,0
1786495117,938412904,100.0,-1.7186310927020472,-1.702066723500387,-1.1326659361468714,-4.6177348534213465,-4.890375677739279,0.6903988718986511,0.0,-0.0,0.0,0.0,0.0,0.0,0.0,0.0,0.0,0.0,0.0,0.0,0
1786495117,958459377,100.0,-1.7185829321490687,-1.7021029631244105,-1.1326659361468714,-4.6177948156939905,-4.890375677739279,0.6903509497642517,0.0,-0.0,0.0,0.0,0.0,0.0,0.0,0.0,0.0,0.0,0.0,0.0,0
1786495117,978415250,100.0,-1.7185829321490687,-1.7020910421954554,-1.1326659361468714,-4.61781877676119,-4.890315715466635,0.6903868913650513,0.0,-0.0,0.0,0.0,0.0,0.0,0.0,0.0,0.0,0.0,0.0,0.0,0
1786495117,998649835,100.0,-1.7185590902911585,-1.7020791212665003,-1.1326659361468714,-4.6177948156939905,-4.890315715466635,0.6903509497642517,0.0,-0.0,0.0,0.0,0.0,0.0,0.0,0.0,0.0,0.0,0.0,0.0,0
1786495118,18348693,100.0,-1.7185710112201136,-1.702066723500387,-1.1326897780047815,-4.6177348534213465,-4.890387598668234,0.6903749108314514,0.0,-0.0,0.0,0.0,0.0,0.0,0.0,0.0,0.0,0.0,0.0,0.0,0
1786495118,38400650,100.0,-1.718595329915182,-1.702066723500387,-1.1326540152179163,-4.617758814488546,-4.890351716672079,0.6903749108314514,0.0,-0.0,0.0,0.0,0.0,0.0,0.0,0.0,0.0,0.0,0.0,0.0,0
1786495118,58350086,100.0,-1.7185829321490687,-1.7020791212665003,-1.1326897780047815,-4.617746893559591,-4.890363637601034,0.6904228329658508,0.0,-0.0,0.0,0.0,0.0,0.0,0.0,0.0,0.0,0.0,0.0,0.0,0
1786495118,78609704,100.0,-1.7185829321490687,-1.7020791212665003,-1.1326897780047815,-4.617770854626791,-4.890327755604879,0.6903629302978516,0.0,-0.0,0.0,0.0,0.0,0.0,0.0,0.0,0.0,0.0,0.0,0.0,0
1786495118,98993062,100.0,-1.7185352484332483,-1.7020910421954554,-1.1326897780047815,-4.6177948156939905,-4.890315715466635,0.6903509497642517,0.0,-0.0,0.0,0.0,0.0,0.0,0.0,0.0,0.0,0.0,0.0,0.0,0
1786495118,118400096,100.0,-1.718619171773092,-1.7021148840533655,-1.1327136198626917,-4.617746893559591,-4.890375677739279,0.6903749108314514,0.0,-0.0,0.0,0.0,0.0,0.0,0.0,0.0,0.0,0.0,0.0,0.0,0
1786495118,138371467,100.0,-1.718619171773092,-1.7020791212665003,-1.1326773802386683,-4.617770854626791,-4.890399638806478,0.6903509497642517,0.0,-0.0,0.0,0.0,0.0,0.0,0.0,0.0,0.0,0.0,0.0,0.0,0
1786495118,158460617,100.0,-1.718619171773092,-1.7021148840533655,-1.1326540152179163,-4.6177828947650355,-4.890351716672079,0.6903629302978516,0.0,-0.0,0.0,0.0,0.0,0.0,0.0,0.0,0.0,0.0,0.0,0.0,0
1786495118,178398609,100.0,-1.718595329915182,-1.7020910421954554,-1.1326773802386683,-4.617758814488546,-4.890351716672079,0.690410852432251,0.0,-0.0,0.0,0.0,0.0,0.0,0.0,0.0,0.0,0.0,0.0,0.0,0
1786495118,198665380,100.0,-1.7185590902911585,-1.702054802571432,-1.1326420942889612,-4.61781877676119,-4.890351716672079,0.6903629302978516,0.0,-0.0,0.0,0.0,0.0,0.0,0.0,0.0,0.0,0.0,0.0,0.0,0
1786495118,218312501,100.0,-1.7185471693622034,-1.7020309607135218,-1.1326659361468714,-4.61781877676119,-4.890351716672079,0.6903389096260071,0.0,-0.0,0.0,0.0,0.0,0.0,0.0,0.0,0.0,0.0,0.0,0.0,0
1786495118,238553762,100.0,-1.718619171773092,-1.702066723500387,-1.1326659361468714,-4.6177948156939905,-4.890375677739279,0.6903629302978516,0.0,-0.0,0.0,0.0,0.0,0.0,0.0,0.0,0.0,0.0,0.0,0.0,0
1786495118,258341789,100.0,-1.7186310927020472,-1.7020190397845667,-1.1326773802386683,-4.6177828947650355,-4.890339676533834,0.6903868913650513,0.0,-0.0,0.0,0.0,0.0,0.0,0.0,0.0,0.0,0.0,0.0,0.0,0
1786495118,278393030,100.0,-1.7186310927020472,-1.7020910421954554,-1.1327136198626917,-4.61784273782839,-4.890387598668234,0.6903629302978516,0.0,-0.0,0.0,0.0,0.0,0.0,0.0,0.0,0.0,0.0,0.0,0.0,0
1786495118,298507452,100.0,-1.718595329915182,-1.7020910421954554,-1.1326420942889612,-4.617806855832235,-4.890399638806478,0.690410852432251,0.0,-0.0,0.0,0.0,0.0,0.0,0.0,0.0,0.0,0.0,0.0,0.0,0
1786495118,318629264,100.0,-1.7185710112201136,-1.7020190397845667,-1.1326773802386683,-4.617746893559591,-4.890327755604879,0.6903629302978516,0.0,-0.0,0.0,0.0,0.0,0.0,0.0,0.0,0.0,0.0,0.0,0.0,0
1786495118,338431596,100.0,-1.7186310927020472,-1.7021029631244105,-1.1326773802386683,-4.6177948156939905,-4.890351716672079,0.6904228329658508,0.0,-0.0,0.0,0.0,0.0,0.0,0.0,0.0,0.0,0.0,0.0,0.0,0
1786495118,358355760,100.0,-1.718607250844137,-1.7020428816424769,-1.1326897780047815,-4.617770854626791,-4.890387598668234,0.6903509497642517,0.0,-0.0,0.0,0.0,0.0,0.0,0.0,0.0,0.0,0.0,0.0,0.0,0
1786495118,378665447,100.0,-1.7185829321490687,-1.7020309607135218,-1.1326897780047815,-4.6177828947650355,-4.890351716672079,0.6903749108314514,0.0,-0.0,0.0,0.0,0.0,0.0,0.0,0.0,0.0,0.0,0.0,0.0,0
1786495118,398594379,100.0,-1.7185590902911585,-1.702054802571432,-1.1327136198626917,-4.6177948156939905,-4.890351716672079,0.6903988718986511,0.0,-0.0,0.0,0.0,0.0,0.0,0.0,0.0,0.0,0.0,0.0,0.0,0
1786495118,418380022,100.0,-1.7185471693622034,-1.702054802571432,-1.1326773802386683,-4.617758814488546,-4.890339676533834,0.6903509497642517,0.0,-0.0,0.0,0.0,0.0,0.0,0.0,0.0,0.0,0.0,0.0,0.0,0
1786495118,438529014,100.0,-1.718619171773092,-1.702066723500387,-1.1326897780047815,-4.617758814488546,-4.890363637601034,0.6903629302978516,0.0,-0.0,0.0,0.0,0.0,0.0,0.0,0.0,0.0,0.0,0.0,0.0,0
1786495118,458344697,100.0,-1.7185710112201136,-1.702054802571432,-1.1326773802386683,-4.6177348534213465,-4.890375677739279,0.6904228329658508,0.0,-0.0,0.0,0.0,0.0,0.0,0.0,0.0,0.0,0.0,0.0,0.0,0
1786495118,478605270,100.0,-1.7185590902911585,-1.7020309607135218,-1.1326540152179163,-4.6177828947650355,-4.890387598668234,0.6903749108314514,0.0,-0.0,0.0,0.0,0.0,0.0,0.0,0.0,0.0,0.0,0.0,0.0,0
1786495118,498901605,100.0,-1.7185829321490687,-1.7020910421954554,-1.1326540152179163,-4.617746893559591,-4.890327755604879,0.6903509497642517,0.0,-0.0,0.0,0.0,0.0,0.0,0.0,0.0,0.0,0.0,0.0,0.0,0
1786495118,518506765,100.0,-1.718619171773092,-1.7020428816424769,-1.1326773802386683,-4.617746893559591,-4.890351716672079,0.6903868913650513,0.0,-0.0,0.0,0.0,0.0,0.0,0.0,0.0,0.0,0.0,0.0,0.0,0
1786495118,538412809,100.0,-1.7185710112201136,-1.7020428816424769,-1.1326773802386683,-4.617746893559591,-4.890375677739279,0.6903988718986511,0.0,-0.0,0.0,0.0,0.0,0.0,0.0,0.0,0.0,0.0,0.0,0.0,0
1786495118,558517932,100.0,-1.7185710112201136,-1.7021029631244105,-1.1327016989337366,-4.617806855832235,-4.890387598668234,0.6903868913650513,0.0,-0.0,0.0,0.0,0.0,0.0,0.0,0.0,0.0,0.0,0.0,0.0,0
1786495118,578399658,100.0,-1.718607250844137,-1.7020428816424769,-1.1327016989337366,-4.6177348534213465,-4.890387598668234,0.6903629302978516,0.0,-0.0,0.0,0.0,0.0,0.0,0.0,0.0,0.0,0.0,0.0,0.0,0
1786495118,598549842,100.0,-1.7186310927020472,-1.7020791212665003,-1.1326897780047815,-4.617770854626791,-4.890363637601034,0.6903749108314514,0.0,-0.0,0.0,0.0,0.0,0.0,0.0,0.0,0.0,0.0,0.0,0.0,0
1786495118,618322134,100.0,-1.7186310927020472,-1.702054802571432,-1.1327136198626917,-4.6177948156939905,-4.890387598668234,0.6903389096260071,0.0,-0.0,0.0,0.0,0.0,0.0,0.0,0.0,0.0,0.0,0.0,0.0,0
1786495118,638554811,100.0,-1.7185829321490687,-1.7020791212665003,-1.1326773802386683,-4.6177828947650355,-4.890315715466635,0.6903868913650513,0.0,-0.0,0.0,0.0,0.0,0.0,0.0,0.0,0.0,0.0,0.0,0.0,0
1786495118,658396005,100.0,-1.718607250844137,-1.7020071188556116,-1.1326301733600062,-4.617770854626791,-4.890339676533834,0.6903149485588074,0.0,-0.0,0.0,0.0,0.0,0.0,0.0,0.0,0.0,0.0,0.0,0.0,0
1786495118,678444623,100.0,-1.7185710112201136,-1.7020791212665003,-1.1326659361468714,-4.617806855832235,-4.890375677739279,0.6904348134994507,0.0,-0.0,0.0,0.0,0.0,0.0,0.0,0.0,0.0,0.0,0.0,0.0,0
1786495118,698615312,100.0,-1.7185710112201136,-1.702054802571432,-1.1326897780047815,-4.617806855832235,-4.890327755604879,0.6903749108314514,0.0,-0.0,0.0,0.0,0.0,0.0,0.0,0.0,0.0,0.0,0.0,0.0,0
1786495118,718414068,100.0,-1.718607250844137,-1.7021029631244105,-1.1326659361468714,-4.617770854626791,-4.890387598668234,0.6903509497642517,0.0,-0.0,0.0,0.0,0.0,0.0,0.0,0.0,0.0,0.0,0.0,0.0,0
1786495118,738506078,100.0,-1.718619171773092,-1.7021148840533655,-1.1326659361468714,-4.617806855832235,-4.890412036572592,0.6903749108314514,0.0,-0.0,0.0,0.0,0.0,0.0,0.0,0.0,0.0,0.0,0.0,0.0,0
1786495118,758408784,100.0,-1.718607250844137,-1.702066723500387,-1.1326659361468714,-4.617746893559591,-4.890399638806478,0.6903868913650513,0.0,-0.0,0.0,0.0,0.0,0.0,0.0,0.0,0.0,0.0,0.0,0.0,0
1786495118,778312206,100.0,-1.7185829321490687,-1.7021268049823206,-1.1326540152179163,-4.617758814488546,-4.890399638806478,0.6903868913650513,0.0,-0.0,0.0,0.0,0.0,0.0,0.0,0.0,0.0,0.0,0.0,0.0,0
1786495118,798609256,100.0,-1.7186310927020472,-1.7020309607135218,-1.1327016989337366,-4.617770854626791,-4.890351716672079,0.6903629302978516,0.0,-0.0,0.0,0.0,0.0,0.0,0.0,0.0,0.0,0.0,0.0,0.0,0
1786495118,818359613,100.0,-1.7185710112201136,-1.702066723500387,-1.1326773802386683,-4.6177828947650355,-4.890339676533834,0.6903389096260071,0.0,-0.0,0.0,0.0,0.0,0.0,0.0,0.0,0.0,0.0,0.0,0.0,0
1786495118,838596582,100.0,-1.7185829321490687,-1.702054802571432,-1.1326540152179163,-4.6177828947650355,-4.890327755604879,0.6903269290924072,0.0,-0.0,0.0,0.0,0.0,0.0,0.0,0.0,0.0,0.0,0.0,0.0,0
1786495118,858350276,100.0,-1.7186430136310022,-1.7021387259112757,-1.1326540152179163,-4.6177828947650355,-4.890315715466635,0.6903749108314514,0.0,-0.0,0.0,0.0,0.0,0.0,0.0,0.0,0.0,0.0,0.0,0.0,0
1786495118,878520011,100.0,-1.718595329915182,-1.7021148840533655,-1.1326897780047815,-4.617770854626791,-4.890327755604879,0.6903509497642517,0.0,-0.0,0.0,0.0,0.0,0.0,0.0,0.0,0.0,0.0,0.0,0.0,0
1786495118,898852825,100.0,-1.7185590902911585,-1.702066723500387,-1.1326773802386683,-4.617806855832235,-4.890375677739279,0.6903868913650513,0.0,-0.0,0.0,0.0,0.0,0.0,0.0,0.0,0.0,0.0,0.0,0.0,0
1786495118,918530225,100.0,-1.7185590902911585,-1.7021148840533655,-1.1327016989337366,-4.6177348534213465,-4.890327755604879,0.690410852432251,0.0,-0.0,0.0,0.0,0.0,0.0,0.0,0.0,0.0,0.0,0.0,0.0,0
1786495118,938385963,100.0,-1.7185829321490687,-1.7020910421954554,-1.1326773802386683,-4.617770854626791,-4.890363637601034,0.6903868913650513,0.0,-0.0,0.0,0.0,0.0,0.0,0.0,0.0,0.0,0.0,0.0,0.0,0
1786495118,958502054,100.0,-1.718607250844137,-1.7020910421954554,-1.1327136198626917,-4.617746893559591,-4.890351716672079,0.6903509497642517,0.0,-0.0,0.0,0.0,0.0,0.0,0.0,0.0,0.0,0.0,0.0,0.0,0
1786495118,978411197,100.0,-1.7185829321490687,-1.7020791212665003,-1.1326540152179163,-4.617758814488546,-4.890375677739279,0.6903629302978516,0.0,-0.0,0.0,0.0,0.0,0.0,0.0,0.0,0.0,0.0,0.0,0.0,0
1786495118,998636484,100.0,-1.718607250844137,-1.7020309607135218,-1.1327136198626917,-4.617806855832235,-4.890351716672079,0.6903868913650513,0.0,-0.0,0.0,0.0,0.0,0.0,0.0,0.0,0.0,0.0,0.0,0.0,0
1786495119,18392801,100.0,-1.7185710112201136,-1.702054802571432,-1.1326420942889612,-4.6177948156939905,-4.890387598668234,0.6903868913650513,0.0,-0.0,0.0,0.0,0.0,0.0,0.0,0.0,0.0,0.0,0.0,0.0,0
1786495119,38586616,100.0,-1.7185710112201136,-1.7020428816424769,-1.1327016989337366,-4.617746893559591,-4.890375677739279,0.690410852432251,0.0,-0.0,0.0,0.0,0.0,0.0,0.0,0.0,0.0,0.0,0.0,0.0,0
1786495119,58438539,100.0,-1.718619171773092,-1.7021029631244105,-1.1327016989337366,-4.617770854626791,-4.890375677739279,0.6903868913650513,0.0,-0.0,0.0,0.0,0.0,0.0,0.0,0.0,0.0,0.0,0.0,0.0,0
1786495119,78421592,100.0,-1.7185710112201136,-1.7020910421954554,-1.1326773802386683,-4.6177828947650355,-4.890363637601034,0.6903749108314514,0.0,-0.0,0.0,0.0,0.0,0.0,0.0,0.0,0.0,0.0,0.0,0.0,0
1786495119,98875999,100.0,-1.718595329915182,-1.7020791212665003,-1.1326301733600062,-4.617770854626791,-4.890339676533834,0.6903629302978516,0.0,-0.0,0.0,0.0,0.0,0.0,0.0,0.0,0.0,0.0,0.0,0.0,0
1786495119,118595361,100.0,-1.7185710112201136,-1.7020791212665003,-1.1327016989337366,-4.617746893559591,-4.890339676533834,0.6903988718986511,0.0,-0.0,0.0,0.0,0.0,0.0,0.0,0.0,0.0,0.0,0.0,0.0,0
1786495119,138396263,100.0,-1.718595329915182,-1.7020428816424769,-1.1327016989337366,-4.617758814488546,-4.890363637601034,0.6903749108314514,0.0,-0.0,0.0,0.0,0.0,0.0,0.0,0.0,0.0,0.0,0.0,0.0,0
1786495119,158617496,100.0,-1.718619171773092,-1.7021029631244105,-1.1326659361468714,-4.617746893559591,-4.890339676533834,0.6903749108314514,0.0,-0.0,0.0,0.0,0.0,0.0,0.0,0.0,0.0,0.0,0.0,0.0,0
1786495119,178369522,100.0,-1.7185829321490687,-1.7021268049823206,-1.1326773802386683,-4.617758814488546,-4.890339676533834,0.6903149485588074,0.0,-0.0,0.0,0.0,0.0,0.0,0.0,0.0,0.0,0.0,0.0,0.0,0
1786495119,198664426,100.0,-1.718595329915182,-1.702066723500387,-1.1326659361468714,-4.617770854626791,-4.890351716672079,0.6904228329658508,0.0,-0.0,0.0,0.0,0.0,0.0,0.0,0.0,0.0,0.0,0.0,0.0,0
1786495119,218343973,100.0,-1.7185829321490687,-1.702066723500387,-1.1326659361468714,-4.61781877676119,-4.890375677739279,0.690410852432251,0.0,-0.0,0.0,0.0,0.0,0.0,0.0,0.0,0.0,0.0,0.0,0.0,0
1786495119,238437652,100.0,-1.7185590902911585,-1.7020910421954554,-1.1326897780047815,-4.6177948156939905,-4.890387598668234,0.6903749108314514,0.0,-0.0,0.0,0.0,0.0,0.0,0.0,0.0,0.0,0.0,0.0,0.0,0
1786495119,258399009,100.0,-1.718607250844137,-1.7021148840533655,-1.1326897780047815,-4.6177828947650355,-4.890399638806478,0.6903389096260071,0.0,-0.0,0.0,0.0,0.0,0.0,0.0,0.0,0.0,0.0,0.0,0.0,0
1786495119,278569698,100.0,-1.718607250844137,-1.7021148840533655,-1.1326897780047815,-4.617770854626791,-4.890339676533834,0.6904228329658508,0.0,-0.0,0.0,0.0,0.0,0.0,0.0,0.0,0.0,0.0,0.0,0.0,0
1786495119,298539638,100.0,-1.7186430136310022,-1.7020791212665003,-1.1327016989337366,-4.617746893559591,-4.890339676533834,0.6903389096260071,0.0,-0.0,0.0,0.0,0.0,0.0,0.0,0.0,0.0,0.0,0.0,0.0,0
1786495119,318431854,100.0,-1.7185829321490687,-1.702066723500387,-1.1326659361468714,-4.617770854626791,-4.890375677739279,0.6903868913650513,0.0,-0.0,0.0,0.0,0.0,0.0,0.0,0.0,0.0,0.0,0.0,0.0,0
1786495119,338416576,100.0,-1.718595329915182,-1.7020791212665003,-1.1326897780047815,-4.617758814488546,-4.890375677739279,0.6903988718986511,0.0,-0.0,0.0,0.0,0.0,0.0,0.0,0.0,0.0,0.0,0.0,0.0,0
1786495119,358428239,100.0,-1.7186310927020472,-1.7020910421954554,-1.1326659361468714,-4.6177828947650355,-4.890363637601034,0.6903749108314514,0.0,-0.0,0.0,0.0,0.0,0.0,0.0,0.0,0.0,0.0,0.0,0.0,0
1786495119,378415822,100.0,-1.718607250844137,-1.702054802571432,-1.1326659361468714,-4.617770854626791,-4.890351716672079,0.6903988718986511,0.0,-0.0,0.0,0.0,0.0,0.0,0.0,0.0,0.0,0.0,0.0,0.0,0
1786495119,398601770,100.0,-1.7185710112201136,-1.7020910421954554,-1.1327136198626917,-4.617770854626791,-4.890399638806478,0.6903629302978516,0.0,-0.0,0.0,0.0,0.0,0.0,0.0,0.0,0.0,0.0,0.0,0.0,0
1786495119,418399810,100.0,-1.718619171773092,-1.7020791212665003,-1.1326659361468714,-4.6177348534213465,-4.890351716672079,0.6904228329658508,0.0,-0.0,0.0,0.0,0.0,0.0,0.0,0.0,0.0,0.0,0.0,0.0,0
1786495119,438443660,100.0,-1.7186430136310022,-1.702054802571432,-1.1326659361468714,-4.617770854626791,-4.890363637601034,0.6904348134994507,0.0,-0.0,0.0,0.0,0.0,0.0,0.0,0.0,0.0,0.0,0.0,0.0,0
1786495119,458383321,100.0,-1.718595329915182,-1.7020791212665003,-1.1327255407916468,-4.6177828947650355,-4.890375677739279,0.6903389096260071,0.0,-0.0,0.0,0.0,0.0,0.0,0.0,0.0,0.0,0.0,0.0,0.0,0
1786495119,478503942,100.0,-1.718607250844137,-1.702054802571432,-1.1327016989337366,-4.6177828947650355,-4.890375677739279,0.6903868913650513,0.0,-0.0,0.0,0.0,0.0,0.0,0.0,0.0,0.0,0.0,0.0,0.0,0
1786495119,498737335,100.0,-1.7186310927020472,-1.7020910421954554,-1.1326540152179163,-4.617746893559591,-4.890387598668234,0.6903988718986511,0.0,-0.0,0.0,0.0,0.0,0.0,0.0,0.0,0.0,0.0,0.0,0.0,0
1786495119,518537521,100.0,-1.7185590902911585,-1.7020910421954554,-1.1326773802386683,-4.617806855832235,-4.890375677739279,0.6903509497642517,0.0,-0.0,0.0,0.0,0.0,0.0,0.0,0.0,0.0,0.0,0.0,0.0,0
1786495119,538366556,100.0,-1.7186310927020472,-1.7021029631244105,-1.1326659361468714,-4.61781877676119,-4.890339676533834,0.690410852432251,0.0,-0.0,0.0,0.0,0.0,0.0,0.0,0.0,0.0,0.0,0.0,0.0,0
1786495119,558600187,100.0,-1.7185590902911585,-1.7021029631244105,-1.1327136198626917,-4.617770854626791,-4.890375677739279,0.6903629302978516,0.0,-0.0,0.0,0.0,0.0,0.0,0.0,0.0,0.0,0.0,0.0,0.0,0
1786495119,578542709,100.0,-1.7185710112201136,-1.7020428816424769,-1.1326420942889612,-4.617770854626791,-4.890351716672079,0.6903749108314514,0.0,-0.0,0.0,0.0,0.0,0.0,0.0,0.0,0.0,0.0,0.0,0.0,0
1786495119,598567485,100.0,-1.7185352484332483,-1.7020309607135218,-1.1326773802386683,-4.61781877676119,-4.890327755604879,0.690410852432251,0.0,-0.0,0.0,0.0,0.0,0.0,0.0,0.0,0.0,0.0,0.0,0.0,0
1786495119,618391752,100.0,-1.718595329915182,-1.7021029631244105,-1.1326897780047815,-4.6177828947650355,-4.890351716672079,0.6903749108314514,0.0,-0.0,0.0,0.0,0.0,0.0,0.0,0.0,0.0,0.0,0.0,0.0,0
1786495119,638386726,100.0,-1.718607250844137,-1.7020791212665003,-1.1327136198626917,-4.6177948156939905,-4.890363637601034,0.6903749108314514,0.0,-0.0,0.0,0.0,0.0,0.0,0.0,0.0,0.0,0.0,0.0,0.0,0
1786495119,658530473,100.0,-1.7185829321490687,-1.7021268049823206,-1.1327016989337366,-4.6177948156939905,-4.890351716672079,0.690410852432251,0.0,-0.0,0.0,0.0,0.0,0.0,0.0,0.0,0.0,0.0,0.0,0.0,0
1786495119,678429365,100.0,-1.718619171773092,-1.7021029631244105,-1.1326897780047815,-4.617758814488546,-4.890339676533834,0.6903269290924072,0.0,-0.0,0.0,0.0,0.0,0.0,0.0,0.0,0.0,0.0,0.0,0.0,0
1786495119,698666572,100.0,-1.7185710112201136,-1.7021148840533655,-1.1326773802386683,-4.617758814488546,-4.890351716672079,0.6904348134994507,0.0,-0.0,0.0,0.0,0.0,0.0,0.0,0.0,0.0,0.0,0.0,0.0,0
1786495119,718418836,100.0,-1.7185710112201136,-1.7020428816424769,-1.1327016989337366,-4.617758814488546,-4.890387598668234,0.690410852432251,0.0,-0.0,0.0,0.0,0.0,0.0,0.0,0.0,0.0,0.0,0.0,0.0,0
1786495119,738359689,100.0,-1.718619171773092,-1.7021029631244105,-1.1326897780047815,-4.617806855832235,-4.890387598668234,0.6903629302978516,0.0,-0.0,0.0,0.0,0.0,0.0,0.0,0.0,0.0,0.0,0.0,0.0,0
1786495119,758450746,100.0,-1.718595329915182,-1.702054802571432,-1.1327016989337366,-4.617758814488546,-4.890363637601034,0.6903389096260071,0.0,-0.0,0.0,0.0,0.0,0.0,0.0,0.0,0.0,0.0,0.0,0.0,0
1786495119,778384923,100.0,-1.718619171773092,-1.7020910421954554,-1.1326897780047815,-4.6177348534213465,-4.890375677739279,0.6903749108314514,0.0,-0.0,0.0,0.0,0.0,0.0,0.0,0.0,0.0,0.0,0.0,0.0,0
1786495119,798611640,100.0,-1.7185710112201136,-1.7021029631244105,-1.1326659361468714,-4.6177828947650355,-4.890327755604879,0.6903868913650513,0.0,-0.0,0.0,0.0,0.0,0.0,0.0,0.0,0.0,0.0,0.0,0.0,0
1786495119,818404436,100.0,-1.718595329915182,-1.7020910421954554,-1.1326540152179163,-4.6177828947650355,-4.890351716672079,0.6903509497642517,0.0,-0.0,0.0,0.0,0.0,0.0,0.0,0.0,0.0,0.0,0.0,0.0,0
1786495119,838661909,100.0,-1.718607250844137,-1.7020791212665003,-1.1326420942889612,-4.617770854626791,-4.890375677739279,0.690410852432251,0.0,-0.0,0.0,0.0,0.0,0.0,0.0,0.0,0.0,0.0,0.0,0.0,0
1786495119,858321189,100.0,-1.718607250844137,-1.702054802571432,-1.1326773802386683,-4.617830816899435,-4.890375677739279,0.690410852432251,0.0,-0.0,0.0,0.0,0.0,0.0,0.0,0.0,0.0,0.0,0.0,0.0,0
1786495119,878520488,100.0,-1.7185829321490687,-1.7020910421954554,-1.1326773802386683,-4.617806855832235,-4.890327755604879,0.690410852432251,0.0,-0.0,0.0,0.0,0.0,0.0,0.0,0.0,0.0,0.0,0.0,0.0,0
1786495119,898589372,100.0,-1.7185710112201136,-1.702054802571432,-1.1326897780047815,-4.617770854626791,-4.890375677739279,0.6903629302978516,0.0,-0.0,0.0,0.0,0.0,0.0,0.0,0.0,0.0,0.0,0.0,0.0,0
1786495119,918622732,100.0,-1.7185590902911585,-1.702054802571432,-1.1326540152179163,-4.617746893559591,-4.890399638806478,0.6903509497642517,0.0,-0.0,0.0,0.0,0.0,0.0,0.0,0.0,0.0,0.0,0.0,0.0,0
1786495119,938402891,100.0,-1.7185829321490687,-1.7020791212665003,-1.1326540152179163,-4.617758814488546,-4.890399638806478,0.6903868913650513,0.0,-0.0,0.0,0.0,0.0,0.0,0.0,0.0,0.0,0.0,0.0,0.0,0
1786495119,958418607,100.0,-1.7186549345599573,-1.7020910421954554,-1.1326897780047815,-4.617806855832235,-4.890399638806478,0.6903629302978516,0.0,-0.0,0.0,0.0,0.0,0.0,0.0,0.0,0.0,0.0,0.0,0.0,0
1786495119,978432416,100.0,-1.718619171773092,-1.7021268049823206,-1.1326540152179163,-4.617806855832235,-4.890363637601034,0.6903629302978516,0.0,-0.0,0.0,0.0,0.0,0.0,0.0,0.0,0.0,0.0,0.0,0.0,0
1786495119,998673200,100.0,-1.7185471693622034,-1.702066723500387,-1.1326773802386683,-4.617770854626791,-4.890375677739279,0.6903868913650513,0.0,-0.0,0.0,0.0,0.0,0.0,0.0,0.0,0.0,0.0,0.0,0.0,0
1786495120,18413782,100.0,-1.7185829321490687,-1.702066723500387,-1.1326659361468714,-4.617806855832235,-4.890375677739279,0.6903629302978516,0.0,-0.0,0.0,0.0,0.0,0.0,0.0,0.0,0.0,0.0,0.0,0.0,0
1786495120,38559198,100.0,-1.718619171773092,-1.7020791212665003,-1.1326897780047815,-4.6177948156939905,-4.890339676533834,0.6903629302978516,0.0,-0.0,0.0,0.0,0.0,0.0,0.0,0.0,0.0,0.0,0.0,0.0,0
1786495120,58369398,100.0,-1.718607250844137,-1.7020791212665003,-1.1326897780047815,-4.617830816899435,-4.890387598668234,0.6903389096260071,0.0,-0.0,0.0,0.0,0.0,0.0,0.0,0.0,0.0,0.0,0.0,0.0,0
1786495120,78601360,100.0,-1.718607250844137,-1.7020910421954554,-1.1326773802386683,-4.617746893559591,-4.890399638806478,0.6903509497642517,0.0,-0.0,0.0,0.0,0.0,0.0,0.0,0.0,0.0,0.0,0.0,0.0,0
1786495120,98427295,100.0,-1.7185710112201136,-1.7021268049823206,-1.1326773802386683,-4.6177948156939905,-4.890375677739279,0.6903269290924072,0.0,-0.0,0.0,0.0,0.0,0.0,0.0,0.0,0.0,0.0,0.0,0.0,0
1786495120,118620872,100.0,-1.7185829321490687,-1.7019708792315882,-1.1326773802386683,-4.6177828947650355,-4.890327755604879,0.6903629302978516,0.0,-0.0,0.0,0.0,0.0,0.0,0.0,0.0,0.0,0.0,0.0,0.0,0
1786495120,138430833,100.0,-1.718595329915182,-1.702066723500387,-1.1327136198626917,-4.617806855832235,-4.890387598668234,0.6903149485588074,0.0,-0.0,0.0,0.0,0.0,0.0,0.0,0.0,0.0,0.0,0.0,0.0,0
1786495120,158415079,100.0,-1.718619171773092,-1.7020910421954554,-1.1326773802386683,-4.617806855832235,-4.890339676533834,0.6903509497642517,0.0,-0.0,0.0,0.0,0.0,0.0,0.0,0.0,0.0,0.0,0.0,0.0,0
1786495120,178651332,100.0,-1.718595329915182,-1.7020910421954554,-1.1326540152179163,-4.617746893559591,-4.890351716672079,0.6903509497642517,0.0,-0.0,0.0,0.0,0.0,0.0,0.0,0.0,0.0,0.0,0.0,0.0,0
1786495120,198614835,100.0,-1.718595329915182,-1.702066723500387,-1.1326659361468714,-4.6177348534213465,-4.890387598668234,0.6903988718986511,0.0,-0.0,0.0,0.0,0.0,0.0,0.0,0.0,0.0,0.0,0.0,0.0,0
1786495120,218377590,100.0,-1.7185829321490687,-1.7021148840533655,-1.1327255407916468,-4.617758814488546,-4.890387598668234,0.6904348134994507,0.0,-0.0,0.0,0.0,0.0,0.0,0.0,0.0,0.0,0.0,0.0,0.0,0
1786495120,238409042,100.0,-1.7185829321490687,-1.7020190397845667,-1.1326897780047815,-4.6177948156939905,-4.890339676533834,0.6903988718986511,0.0,-0.0,0.0,0.0,0.0,0.0,0.0,0.0,0.0,0.0,0.0,0.0,0
1786495120,258457422,100.0,-1.7186310927020472,-1.7020910421954554,-1.1326773802386683,-4.6177948156939905,-4.890375677739279,0.6903749108314514,0.0,-0.0,0.0,0.0,0.0,0.0,0.0,0.0,0.0,0.0,0.0,0.0,0
1786495120,278460264,100.0,-1.7185829321490687,-1.702066723500387,-1.1326540152179163,-4.617758814488546,-4.890351716672079,0.6903749108314514,0.0,-0.0,0.0,0.0,0.0,0.0,0.0,0.0,0.0,0.0,0.0,0.0,0
1786495120,298507928,100.0,-1.7185710112201136,-1.7021029631244105,-1.1326897780047815,-4.617746893559591,-4.890351716672079,0.6903389096260071,0.0,-0.0,0.0,0.0,0.0,0.0,0.0,0.0,0.0,0.0,0.0,0.0,0
1786495120,318554639,100.0,-1.7185710112201136,-1.7020791212665003,-1.1327136198626917,-4.617770854626791,-4.890375677739279,0.690410852432251,0.0,-0.0,0.0,0.0,0.0,0.0,0.0,0.0,0.0,0.0,0.0,0.0,0
1786495120,338414669,100.0,-1.7185829321490687,-1.7021029631244105,-1.1326897780047815,-4.6177948156939905,-4.890375677739279,0.6903988718986511,0.0,-0.0,0.0,0.0,0.0,0.0,0.0,0.0,0.0,0.0,0.0,0.0,0
1786495120,358542919,100.0,-1.7185829321490687,-1.7020910421954554,-1.1326897780047815,-4.6177828947650355,-4.890351716672079,0.6903269290924072,0.0,-0.0,0.0,0.0,0.0,0.0,0.0,0.0,0.0,0.0,0.0,0.0,0
1786495120,378442049,100.0,-1.7185710112201136,-1.702054802571432,-1.1326773802386683,-4.6177828947650355,-4.890363637601034,0.6904348134994507,0.0,-0.0,0.0,0.0,0.0,0.0,0.0,0.0,0.0,0.0,0.0,0.0,0
1786495120,398589849,100.0,-1.7186430136310022,-1.7021148840533655,-1.1326659361468714,-4.617746893559591,-4.890412036572592,0.6903389096260071,0.0,-0.0,0.0,0.0,0.0,0.0,0.0,0.0,0.0,0.0,0.0,0.0,0
1786495120,418657064,100.0,-1.7186310927020472,-1.7020910421954554,-1.1326659361468714,-4.6177348534213465,-4.890387598668234,0.690410852432251,0.0,-0.0,0.0,0.0,0.0,0.0,0.0,0.0,0.0,0.0,0.0,0.0,0
1786495120,438391923,100.0,-1.718619171773092,-1.7020791212665003,-1.1326659361468714,-4.6177828947650355,-4.890351716672079,0.6903988718986511,0.0,-0.0,0.0,0.0,0.0,0.0,0.0,0.0,0.0,0.0,0.0,0.0,0
1786495120,458389043,100.0,-1.7186549345599573,-1.7020190397845667,-1.1326773802386683,-4.6177948156939905,-4.890339676533834,0.6903868913650513,0.0,-0.0,0.0,0.0,0.0,0.0,0.0,0.0,0.0,0.0,0.0,0.0,0
1786495120,478437662,100.0,-1.7185590902911585,-1.7020910421954554,-1.1327136198626917,-4.617806855832235,-4.890339676533834,0.6903629302978516,0.0,-0.0,0.0,0.0,0.0,0.0,0.0,0.0,0.0,0.0,0.0,0.0,0
1786495120,498582363,100.0,-1.7186310927020472,-1.7021029631244105,-1.1326773802386683,-4.617770854626791,-4.890412036572592,0.6903509497642517,0.0,-0.0,0.0,0.0,0.0,0.0,0.0,0.0,0.0,0.0,0.0,0.0,0
1786495120,518424987,100.0,-1.718607250844137,-1.7020791212665003,-1.1326659361468714,-4.6177348534213465,-4.890399638806478,0.6903988718986511,0.0,-0.0,0.0,0.0,0.0,0.0,0.0,0.0,0.0,0.0,0.0,0.0,0
1786495120,538396358,100.0,-1.7185590902911585,-1.7020910421954554,-1.1326773802386683,-4.6177348534213465,-4.890351716672079,0.6903629302978516,0.0,-0.0,0.0,0.0,0.0,0.0,0.0,0.0,0.0,0.0,0.0,0.0,0
1786495120,558504104,100.0,-1.718595329915182,-1.7020309607135218,-1.1326540152179163,-4.617746893559591,-4.890387598668234,0.6903629302978516,0.0,-0.0,0.0,0.0,0.0,0.0,0.0,0.0,0.0,0.0,0.0,0.0,0
1786495120,578454494,100.0,-1.7185471693622034,-1.702066723500387,-1.1326420942889612,-4.6177828947650355,-4.890339676533834,0.6903868913650513,0.0,-0.0,0.0,0.0,0.0,0.0,0.0,0.0,0.0,0.0,0.0,0.0,0
1786495120,598581314,100.0,-1.718619171773092,-1.702066723500387,-1.1326897780047815,-4.6177828947650355,-4.890412036572592,0.6903629302978516,0.0,-0.0,0.0,0.0,0.0,0.0,0.0,0.0,0.0,0.0,0.0,0.0,0
1786495120,618426799,100.0,-1.7185710112201136,-1.7020910421954554,-1.1326420942889612,-4.6177828947650355,-4.890339676533834,0.6903749108314514,0.0,-0.0,0.0,0.0,0.0,0.0,0.0,0.0,0.0,0.0,0.0,0.0,0
1786495120,638571023,100.0,-1.718607250844137,-1.7021029631244105,-1.1326773802386683,-4.6177948156939905,-4.890375677739279,0.6903629302978516,0.0,-0.0,0.0,0.0,0.0,0.0,0.0,0.0,0.0,0.0,0.0,0.0,0
1786495120,658440113,100.0,-1.718607250844137,-1.7020910421954554,-1.1326897780047815,-4.61781877676119,-4.890351716672079,0.6903988718986511,0.0,-0.0,0.0,0.0,0.0,0.0,0.0,0.0,0.0,0.0,0.0,0.0,0
1786495120,678434133,100.0,-1.7185829321490687,-1.7020309607135218,-1.1326420942889612,-4.617758814488546,-4.890351716672079,0.6903988718986511,0.0,-0.0,0.0,0.0,0.0,0.0,0.0,0.0,0.0,0.0,0.0,0.0,0
1786495120,698771476,100.0,-1.718619171773092,-1.7021029631244105,-1.1326540152179163,-4.6177348534213465,-4.890375677739279,0.690410852432251,0.0,-0.0,0.0,0.0,0.0,0.0,0.0,0.0,0.0,0.0,0.0,0.0,0
1786495120,718568563,100.0,-1.718607250844137,-1.7021029631244105,-1.1326773802386683,-4.61781877676119,-4.890351716672079,0.6903749108314514,0.0,-0.0,0.0,0.0,0.0,0.0,0.0,0.0,0.0,0.0,0.0,0.0,0
1786495120,738335371,100.0,-1.7185710112201136,-1.7020791212665003,-1.1326659361468714,-4.6177828947650355,-4.890339676533834,0.6903749108314514,0.0,-0.0,0.0,0.0,0.0,0.0,0.0,0.0,0.0,0.0,0.0,0.0,0
1786495120,758450269,100.0,-1.718619171773092,-1.7020910421954554,-1.132749382649557,-4.617758814488546,-4.890387598668234,0.6903868913650513,0.0,-0.0,0.0,0.0,0.0,0.0,0.0,0.0,0.0,0.0,0.0,0.0,0
1786495120,778369903,100.0,-1.7185590902911585,-1.7020309607135218,-1.1327016989337366,-4.617770854626791,-4.890339676533834,0.6903749108314514,0.0,-0.0,0.0,0.0,0.0,0.0,0.0,0.0,0.0,0.0,0.0,0.0,0
1786495120,798667192,100.0,-1.718595329915182,-1.7020190397845667,-1.1327374617206019,-4.6177828947650355,-4.890387598668234,0.6903988718986511,0.0,-0.0,0.0,0.0,0.0,0.0,0.0,0.0,0.0,0.0,0.0,0.0,0
1786495120,818332195,100.0,-1.718595329915182,-1.7021268049823206,-1.1326897780047815,-4.6177828947650355,-4.890363637601034,0.6903389096260071,0.0,-0.0,0.0,0.0,0.0,0.0,0.0,0.0,0.0,0.0,0.0,0.0,0
1786495120,838503360,100.0,-1.7185710112201136,-1.7020428816424769,-1.1327255407916468,-4.6177348534213465,-4.890363637601034,0.6903629302978516,0.0,-0.0,0.0,0.0,0.0,0.0,0.0,0.0,0.0,0.0,0.0,0.0,0
1786495120,858460664,100.0,-1.718607250844137,-1.702066723500387,-1.1327016989337366,-4.617806855832235,-4.890351716672079,0.6903509497642517,0.0,-0.0,0.0,0.0,0.0,0.0,0.0,0.0,0.0,0.0,0.0,0.0,0
1786495120,878566980,100.0,-1.7186430136310022,-1.702066723500387,-1.1326659361468714,-4.617722932492391,-4.890315715466635,0.690410852432251,0.0,-0.0,0.0,0.0,0.0,0.0,0.0,0.0,0.0,0.0,0.0,0.0,0
1786495120,898604393,100.0,-1.7186430136310022,-1.7021029631244105,-1.1326659361468714,-4.617746893559591,-4.890399638806478,0.6903749108314514,0.0,-0.0,0.0,0.0,0.0,0.0,0.0,0.0,0.0,0.0,0.0,0.0,0
1786495120,918427944,100.0,-1.718619171773092,-1.702066723500387,-1.1326773802386683,-4.6177828947650355,-4.890363637601034,0.6904348134994507,0.0,-0.0,0.0,0.0,0.0,0.0,0.0,0.0,0.0,0.0,0.0,0.0,0
1786495120,938505411,100.0,-1.7185710112201136,-1.7021029631244105,-1.1327016989337366,-4.6177948156939905,-4.890375677739279,0.6903868913650513,0.0,-0.0,0.0,0.0,0.0,0.0,0.0,0.0,0.0,0.0,0.0,0.0,0
1786495120,958434343,100.0,-1.7186430136310022,-1.702066723500387,-1.1327016989337366,-4.617770854626791,-4.890351716672079,0.6903749108314514,0.0,-0.0,0.0,0.0,0.0,0.0,0.0,0.0,0.0,0.0,0.0,0.0,0
1786495120,978509426,100.0,-1.718607250844137,-1.7020910421954554,-1.1326773802386683,-4.6177348534213465,-4.890327755604879,0.6903868913650513,0.0,-0.0,0.0,0.0,0.0,0.0,0.0,0.0,0.0,0.0,0.0,0.0,0
1786495120,998651981,100.0,-1.718595329915182,-1.7020791212665003,-1.1326659361468714,-4.617770854626791,-4.890339676533834,0.6903749108314514,0.0,-0.0,0.0,0.0,0.0,0.0,0.0,0.0,0.0,0.0,0.0,0.0,0
1786495121,18379449,100.0,-1.718595329915182,-1.7020910421954554,-1.1326659361468714,-4.61781877676119,-4.890387598668234,0.6903868913650513,0.0,-0.0,0.0,0.0,0.0,0.0,0.0,0.0,0.0,0.0,0.0,0.0,0
1786495121,38380146,100.0,-1.7185829321490687,-1.7020428816424769,-1.1326540152179163,-4.617770854626791,-4.890375677739279,0.6903988718986511,0.0,-0.0,0.0,0.0,0.0,0.0,0.0,0.0,0.0,0.0,0.0,0.0,0
1786495121,58323144,100.0,-1.718607250844137,-1.7021148840533655,-1.1326659361468714,-4.617770854626791,-4.890412036572592,0.6903868913650513,0.0,-0.0,0.0,0.0,0.0,0.0,0.0,0.0,0.0,0.0,0.0,0.0,0
1786495121,78442335,100.0,-1.7186310927020472,-1.702066723500387,-1.1326773802386683,-4.617770854626791,-4.890327755604879,0.6903629302978516,0.0,-0.0,0.0,0.0,0.0,0.0,0.0,0.0,0.0,0.0,0.0,0.0,0
1786495121,98736047,100.0,-1.718607250844137,-1.7021029631244105,-1.1326659361468714,-4.617770854626791,-4.890375677739279,0.6904228329658508,0.0,-0.0,0.0,0.0,0.0,0.0,0.0,0.0,0.0,0.0,0.0,0.0,0
1786495121,118603229,100.0,-1.7185829321490687,-1.702066723500387,-1.1326773802386683,-4.617758814488546,-4.890399638806478,0.6903269290924072,0.0,-0.0,0.0,0.0,0.0,0.0,0.0,0.0,0.0,0.0,0.0,0.0,0
1786495121,138515233,100.0,-1.7185829321490687,-1.702054802571432,-1.1326659361468714,-4.617758814488546,-4.890351716672079,0.6903868913650513,0.0,-0.0,0.0,0.0,0.0,0.0,0.0,0.0,0.0,0.0,0.0,0.0,0
1786495121,158368110,100.0,-1.718607250844137,-1.702054802571432,-1.1326773802386683,-4.6177348534213465,-4.890351716672079,0.6903509497642517,0.0,-0.0,0.0,0.0,0.0,0.0,0.0,0.0,0.0,0.0,0.0,0.0,0
1786495121,178414106,100.0,-1.7185710112201136,-1.7020791212665003,-1.1326659361468714,-4.6177348534213465,-4.890351716672079,0.6903868913650513,0.0,-0.0,0.0,0.0,0.0,0.0,0.0,0.0,0.0,0.0,0.0,0.0,0
1786495121,198596239,100.0,-1.7185710112201136,-1.7020791212665003,-1.1326897780047815,-4.6177828947650355,-4.890351716672079,0.6903509497642517,0.0,-0.0,0.0,0.0,0.0,0.0,0.0,0.0,0.0,0.0,0.0,0.0,0
1786495121,218322038,100.0,-1.718595329915182,-1.7021029631244105,-1.1326659361468714,-4.617746893559591,-4.890351716672079,0.6903509497642517,0.0,-0.0,0.0,0.0,0.0,0.0,0.0,0.0,0.0,0.0,0.0,0.0,0
1786495121,238546609,100.0,-1.718595329915182,-1.702054802571432,-1.1327136198626917,-4.6177828947650355,-4.890363637601034,0.6903868913650513,0.0,-0.0,0.0,0.0,0.0,0.0,0.0,0.0,0.0,0.0,0.0,0.0,0
1786495121,258429765,100.0,-1.7185710112201136,-1.702066723500387,-1.1326659361468714,-4.617770854626791,-4.890327755604879,0.6903988718986511,0.0,-0.0,0.0,0.0,0.0,0.0,0.0,0.0,0.0,0.0,0.0,0.0,0
1786495121,278405189,100.0,-1.7185829321490687,-1.7020309607135218,-1.1326301733600062,-4.6177348534213465,-4.890387598668234,0.6903868913650513,0.0,-0.0,0.0,0.0,0.0,0.0,0.0,0.0,0.0,0.0,0.0,0.0,0
1786495121,298895835,100.0,-1.7185710112201136,-1.702066723500387,-1.1326773802386683,-4.617806855832235,-4.890363637601034,0.6903988718986511,0.0,-0.0,0.0,0.0,0.0,0.0,0.0,0.0,0.0,0.0,0.0,0.0,0
1786495121,318646669,100.0,-1.718619171773092,-1.702066723500387,-1.1326659361468714,-4.617770854626791,-4.890363637601034,0.6903269290924072,0.0,-0.0,0.0,0.0,0.0,0.0,0.0,0.0,0.0,0.0,0.0,0.0,0
1786495121,338341474,100.0,-1.718595329915182,-1.7020190397845667,-1.1327374617206019,-4.6177828947650355,-4.890351716672079,0.6903988718986511,0.0,-0.0,0.0,0.0,0.0,0.0,0.0,0.0,0.0,0.0,0.0,0.0,0
1786495121,358443260,100.0,-1.718607250844137,-1.702066723500387,-1.1327255407916468,-4.6177948156939905,-4.890363637601034,0.6903269290924072,0.0,-0.0,0.0,0.0,0.0,0.0,0.0,0.0,0.0,0.0,0.0,0.0,0
1786495121,378381013,100.0,-1.718595329915182,-1.7020791212665003,-1.1327016989337366,-4.6177948156939905,-4.890375677739279,0.690410852432251,0.0,-0.0,0.0,0.0,0.0,0.0,0.0,0.0,0.0,0.0,0.0,0.0,0
1786495121,398678779,100.0,-1.718595329915182,-1.702054802571432,-1.1326659361468714,-4.617746893559591,-4.890399638806478,0.6903749108314514,0.0,-0.0,0.0,0.0,0.0,0.0,0.0,0.0,0.0,0.0,0.0,0.0,0
1786495121,418361663,100.0,-1.718619171773092,-1.7020791212665003,-1.1326773802386683,-4.617770854626791,-4.890351716672079,0.6903629302978516,0.0,-0.0,0.0,0.0,0.0,0.0,0.0,0.0,0.0,0.0,0.0,0.0,0
1786495121,438568115,100.0,-1.718607250844137,-1.7021029631244105,-1.1326659361468714,-4.6177948156939905,-4.890327755604879,0.6903868913650513,0.0,-0.0,0.0,0.0,0.0,0.0,0.0,0.0,0.0,0.0,0.0,0.0,0
1786495121,458322525,100.0,-1.718619171773092,-1.702066723500387,-1.1326659361468714,-4.6177828947650355,-4.890363637601034,0.6903629302978516,0.0,-0.0,0.0,0.0,0.0,0.0,0.0,0.0,0.0,0.0,0.0,0.0,0
1786495121,478424310,100.0,-1.7186310927020472,-1.7020791212665003,-1.1327016989337366,-4.617770854626791,-4.890375677739279,0.6903629302978516,0.0,-0.0,0.0,0.0,0.0,0.0,0.0,0.0,0.0,0.0,0.0,0.0,0
1786495121,498560190,100.0,-1.718607250844137,-1.702066723500387,-1.1326773802386683,-4.617758814488546,-4.890339676533834,0.6903269290924072,0.0,-0.0,0.0,0.0,0.0,0.0,0.0,0.0,0.0,0.0,0.0,0.0,0
1786495121,518437147,100.0,-1.718595329915182,-1.702066723500387,-1.132618252431051,-4.617758814488546,-4.890339676533834,0.6903749108314514,0.0,-0.0,0.0,0.0,0.0,0.0,0.0,0.0,0.0,0.0,0.0,0.0,0
1786495121,538365840,100.0,-1.718619171773092,-1.7021387259112757,-1.1326659361468714,-4.617698971425192,-4.890363637601034,0.690410852432251,0.0,-0.0,0.0,0.0,0.0,0.0,0.0,0.0,0.0,0.0,0.0,0.0,0
1786495121,558598995,100.0,-1.7185710112201136,-1.702066723500387,-1.1326659361468714,-4.6177348534213465,-4.890399638806478,0.6903629302978516,0.0,-0.0,0.0,0.0,0.0,0.0,0.0,0.0,0.0,0.0,0.0,0.0,0
1786495121,578433752,100.0,-1.7185352484332483,-1.702054802571432,-1.1326659361468714,-4.617746893559591,-4.890351716672079,0.6903629302978516,0.0,-0.0,0.0,0.0,0.0,0.0,0.0,0.0,0.0,0.0,0.0,0.0,0
1786495121,598620414,100.0,-1.718595329915182,-1.7021148840533655,-1.1326420942889612,-4.617770854626791,-4.890339676533834,0.6903868913650513,0.0,-0.0,0.0,0.0,0.0,0.0,0.0,0.0,0.0,0.0,0.0,0.0,0
1786495121,618395805,100.0,-1.7185471693622034,-1.7020428816424769,-1.1326897780047815,-4.6177348534213465,-4.890327755604879,0.6903269290924072,0.0,-0.0,0.0,0.0,0.0,0.0,0.0,0.0,0.0,0.0,0.0,0.0,0
1786495121,638533353,100.0,-1.718595329915182,-1.7020791212665003,-1.1326659361468714,-4.6177948156939905,-4.890339676533834,0.6903389096260071,0.0,-0.0,0.0,0.0,0.0,0.0,0.0,0.0,0.0,0.0,0.0,0.0,0
1786495121,658366680,100.0,-1.7186310927020472,-1.7020309607135218,-1.1326773802386683,-4.6177948156939905,-4.890399638806478,0.6903509497642517,0.0,-0.0,0.0,0.0,0.0,0.0,0.0,0.0,0.0,0.0,0.0,0.0,0
1786495121,678535223,100.0,-1.718595329915182,-1.7020910421954554,-1.1326659361468714,-4.6177828947650355,-4.890363637601034,0.690410852432251,0.0,-0.0,0.0,0.0,0.0,0.0,0.0,0.0,0.0,0.0,0.0,0.0,0
1786495121,698998928,100.0,-1.7186310927020472,-1.702054802571432,-1.1326540152179163,-4.617758814488546,-4.890351716672079,0.6903868913650513,0.0,-0.0,0.0,0.0,0.0,0.0,0.0,0.0,0.0,0.0,0.0,0.0,0
1786495121,718430280,100.0,-1.718619171773092,-1.7020910421954554,-1.1326773802386683,-4.617710892354147,-4.890387598668234,0.6903988718986511,0.0,-0.0,0.0,0.0,0.0,0.0,0.0,0.0,0.0,0.0,0.0,0.0,0
1786495121,738683938,100.0,-1.7185710112201136,-1.7020910421954554,-1.1326897780047815,-4.617746893559591,-4.890351716672079,0.6903749108314514,0.0,-0.0,0.0,0.0,0.0,0.0,0.0,0.0,0.0,0.0,0.0,0.0,0
1786495121,758524179,100.0,-1.7185590902911585,-1.7020910421954554,-1.1326773802386683,-4.617722932492391,-4.890399638806478,0.6903868913650513,0.0,-0.0,0.0,0.0,0.0,0.0,0.0,0.0,0.0,0.0,0.0,0.0,0
1786495121,778445482,100.0,-1.7186310927020472,-1.7020791212665003,-1.1326420942889612,-4.61781877676119,-4.890375677739279,0.6903629302978516,0.0,-0.0,0.0,0.0,0.0,0.0,0.0,0.0,0.0,0.0,0.0,0.0,0
1786495121,798652648,100.0,-1.718595329915182,-1.702054802571432,-1.1326659361468714,-4.617758814488546,-4.890327755604879,0.6903868913650513,0.0,-0.0,0.0,0.0,0.0,0.0,0.0,0.0,0.0,0.0,0.0,0.0,0
1786495121,818322420,100.0,-1.7185829321490687,-1.702066723500387,-1.1326897780047815,-4.617770854626791,-4.890375677739279,0.6903389096260071,0.0,-0.0,0.0,0.0,0.0,0.0,0.0,0.0,0.0,0.0,0.0,0.0,0
1786495121,838600635,100.0,-1.718619171773092,-1.7020428816424769,-1.1326540152179163,-4.6177948156939905,-4.890363637601034,0.6903269290924072,0.0,-0.0,0.0,0.0,0.0,0.0,0.0,0.0,0.0,0.0,0.0,0.0,0
1786495121,858430862,100.0,-1.718607250844137,-1.702066723500387,-1.1326659361468714,-4.617770854626791,-4.890351716672079,0.6903629302978516,0.0,-0.0,0.0,0.0,0.0,0.0,0.0,0.0,0.0,0.0,0.0,0.0,0
1786495121,878567695,100.0,-1.7186430136310022,-1.7020791212665003,-1.1326540152179163,-4.617758814488546,-4.890351716672079,0.6903629302978516,0.0,-0.0,0.0,0.0,0.0,0.0,0.0,0.0,0.0,0.0,0.0,0.0,0
1786495121,899425745,100.0,-1.7185590902911585,-1.702066723500387,-1.1326420942889612,-4.617758814488546,-4.890327755604879,0.6903988718986511,0.0,-0.0,0.0,0.0,0.0,0.0,0.0,0.0,0.0,0.0,0.0,0.0,0
1786495121,918574810,100.0,-1.718607250844137,-1.7020910421954554,-1.1326897780047815,-4.617746893559591,-4.890339676533834,0.6903389096260071,0.0,-0.0,0.0,0.0,0.0,0.0,0.0,0.0,0.0,0.0,0.0,0.0,0
1786495121,938636064,100.0,-1.718607250844137,-1.7021268049823206,-1.1326773802386683,-4.617722932492391,-4.890375677739279,0.6903988718986511,0.0,-0.0,0.0,0.0,0.0,0.0,0.0,0.0,0.0,0.0,0.0,0.0,0
1786495121,958385944,100.0,-1.7185829321490687,-1.702066723500387,-1.1326897780047815,-4.617770854626791,-4.890387598668234,0.690410852432251,0.0,-0.0,0.0,0.0,0.0,0.0,0.0,0.0,0.0,0.0,0.0,0.0,0
1786495121,978444099,100.0,-1.718607250844137,-1.702054802571432,-1.1327136198626917,-4.617806855832235,-4.890387598668234,0.6903868913650513,0.0,-0.0,0.0,0.0,0.0,0.0,0.0,0.0,0.0,0.0,0.0,0.0,0
1786495121,998608350,100.0,-1.7185710112201136,-1.7021148840533655,-1.1326897780047815,-4.6177948156939905,-4.890387598668234,0.6903509497642517,0.0,-0.0,0.0,0.0,0.0,0.0,0.0,0.0,0.0,0.0,0.0,0.0,0
1786495122,18312454,100.0,-1.7185829321490687,-1.7021148840533655,-1.1327255407916468,-4.617806855832235,-4.890339676533834,0.6903389096260071,0.0,-0.0,0.0,0.0,0.0,0.0,0.0,0.0,0.0,0.0,0.0,0.0,0
1786495122,38533687,100.0,-1.7186310927020472,-1.7020791212665003,-1.1326773802386683,-4.617746893559591,-4.890399638806478,0.6903868913650513,0.0,-0.0,0.0,0.0,0.0,0.0,0.0,0.0,0.0,0.0,0.0,0.0,0
1786495122,58376550,100.0,-1.7185829321490687,-1.7020910421954554,-1.1327016989337366,-4.6177948156939905,-4.890363637601034,0.690410852432251,0.0,-0.0,0.0,0.0,0.0,0.0,0.0,0.0,0.0,0.0,0.0,0.0,0
1786495122,78567743,100.0,-1.7185829321490687,-1.702054802571432,-1.1327136198626917,-4.617758814488546,-4.890339676533834,0.6903509497642517,0.0,-0.0,0.0,0.0,0.0,0.0,0.0,0.0,0.0,0.0,0.0,0.0,0
1786495122,98739385,100.0,-1.718619171773092,-1.702066723500387,-1.1326897780047815,-4.617770854626791,-4.890351716672079,0.6903868913650513,0.0,-0.0,0.0,0.0,0.0,0.0,0.0,0.0,0.0,0.0,0.0,0.0,0
1786495122,118408679,100.0,-1.7186549345599573,-1.702066723500387,-1.1326773802386683,-4.617758814488546,-4.890351716672079,0.6903868913650513,0.0,-0.0,0.0,0.0,0.0,0.0,0.0,0.0,0.0,0.0,0.0,0.0,0
1786495122,138404846,100.0,-1.718607250844137,-1.7020791212665003,-1.1327136198626917,-4.617770854626791,-4.890363637601034,0.690410852432251,0.0,-0.0,0.0,0.0,0.0,0.0,0.0,0.0,0.0,0.0,0.0,0.0,0
1786495122,158367395,100.0,-1.718595329915182,-1.702066723500387,-1.1326659361468714,-4.6177948156939905,-4.890363637601034,0.6903629302978516,0.0,-0.0,0.0,0.0,0.0,0.0,0.0,0.0,0.0,0.0,0.0,0.0,0
1786495122,178647756,100.0,-1.7185710112201136,-1.7021029631244105,-1.1326897780047815,-4.6177348534213465,-4.890375677739279,0.6904228329658508,0.0,-0.0,0.0,0.0,0.0,0.0,0.0,0.0,0.0,0.0,0.0,0.0,0
1786495122,198606729,100.0,-1.718595329915182,-1.702054802571432,-1.1326897780047815,-4.617770854626791,-4.890363637601034,0.6903988718986511,0.0,-0.0,0.0,0.0,0.0,0.0,0.0,0.0,0.0,0.0,0.0,0.0,0
1786495122,218357801,100.0,-1.7186310927020472,-1.7020190397845667,-1.1327136198626917,-4.617806855832235,-4.890387598668234,0.6903629302978516,0.0,-0.0,0.0,0.0,0.0,0.0,0.0,0.0,0.0,0.0,0.0,0.0,0
1786495122,238747119,100.0,-1.718619171773092,-1.7020428816424769,-1.1327016989337366,-4.617758814488546,-4.890363637601034,0.6903509497642517,0.0,-0.0,0.0,0.0,0.0,0.0,0.0,0.0,0.0,0.0,0.0,0.0,0
1786495122,258342981,100.0,-1.7185710112201136,-1.7021268049823206,-1.1326897780047815,-4.6177828947650355,-4.890339676533834,0.6903988718986511,0.0,-0.0,0.0,0.0,0.0,0.0,0.0,0.0,0.0,0.0,0.0,0.0,0
1786495122,278421401,100.0,-1.718595329915182,-1.7020791212665003,-1.1326773802386683,-4.6177828947650355,-4.890327755604879,0.6903988718986511,0.0,-0.0,0.0,0.0,0.0,0.0,0.0,0.0,0.0,0.0,0.0,0.0,0
1786495122,299095392,100.0,-1.718595329915182,-1.7021268049823206,-1.1326773802386683,-4.617758814488546,-4.890399638806478,0.6903988718986511,0.0,-0.0,0.0,0.0,0.0,0.0,0.0,0.0,0.0,0.0,0.0,0.0,0
1786495122,318521022,100.0,-1.7186310927020472,-1.7021029631244105,-1.1326301733600062,-4.617770854626791,-4.890339676533834,0.6904228329658508,0.0,-0.0,0.0,0.0,0.0,0.0,0.0,0.0,0.0,0.0,0.0,0.0,0
1786495122,338687181,100.0,-1.718607250844137,-1.7020791212665003,-1.1326659361468714,-4.6177348534213465,-4.890375677739279,0.6903629302978516,0.0,-0.0,0.0,0.0,0.0,0.0,0.0,0.0,0.0,0.0,0.0,0.0,0
1786495122,358535528,100.0,-1.7186310927020472,-1.7020910421954554,-1.1326659361468714,-4.617746893559591,-4.890339676533834,0.6903629302978516,0.0,-0.0,0.0,0.0,0.0,0.0,0.0,0.0,0.0,0.0,0.0,0.0,0
1786495122,378371238,100.0,-1.7185590902911585,-1.7021029631244105,-1.1326540152179163,-4.617770854626791,-4.890363637601034,0.6903629302978516,0.0,-0.0,0.0,0.0,0.0,0.0,0.0,0.0,0.0,0.0,0.0,0.0,0
1786495122,398535728,100.0,-1.718619171773092,-1.7020309607135218,-1.1326773802386683,-4.6177948156939905,-4.890375677739279,0.6903629302978516,0.0,-0.0,0.0,0.0,0.0,0.0,0.0,0.0,0.0,0.0,0.0,0.0,0
1786495122,418370485,100.0,-1.7185710112201136,-1.7020910421954554,-1.1326659361468714,-4.6177948156939905,-4.890375677739279,0.6903988718986511,0.0,-0.0,0.0,0.0,0.0,0.0,0.0,0.0,0.0,0.0,0.0,0.0,0
1786495122,438596010,100.0,-1.7185710112201136,-1.702066723500387,-1.1326659361468714,-4.617758814488546,-4.890363637601034,0.690410852432251,0.0,-0.0,0.0,0.0,0.0,0.0,0.0,0.0,0.0,0.0,0.0,0.0,0
1786495122,458342552,100.0,-1.7185710112201136,-1.7021148840533655,-1.1326773802386683,-4.617758814488546,-4.890387598668234,0.6903749108314514,0.0,-0.0,0.0,0.0,0.0,0.0,0.0,0.0,0.0,0.0,0.0,0.0,0
1786495122,478450536,100.0,-1.7185829321490687,-1.7021029631244105,-1.1326659361468714,-4.6177948156939905,-4.890399638806478,0.6903749108314514,0.0,-0.0,0.0,0.0,0.0,0.0,0.0,0.0,0.0,0.0,0.0,0.0,0
1786495122,498430490,100.0,-1.7185590902911585,-1.7021148840533655,-1.1326773802386683,-4.617758814488546,-4.890375677739279,0.6903629302978516,0.0,-0.0,0.0,0.0,0.0,0.0,0.0,0.0,0.0,0.0,0.0,0.0,0
1786495122,518430948,100.0,-1.718595329915182,-1.7020428816424769,-1.1326420942889612,-4.6177948156939905,-4.890363637601034,0.6903749108314514,0.0,-0.0,0.0,0.0,0.0,0.0,0.0,0.0,0.0,0.0,0.0,0.0,0
1786495122,538398265,100.0,-1.7185829321490687,-1.7020910421954554,-1.132594410573141,-4.617758814488546,-4.8903037945376795,0.6903749108314514,0.0,-0.0,0.0,0.0,0.0,0.0,0.0,0.0,0.0,0.0,0.0,0.0,0
1786495122,558561563,100.0,-1.718607250844137,-1.7020309607135218,-1.1327016989337366,-4.6177948156939905,-4.890339676533834,0.6903868913650513,0.0,-0.0,0.0,0.0,0.0,0.0,0.0,0.0,0.0,0.0,0.0,0.0,0
1786495122,578387498,100.0,-1.718595329915182,-1.7021029631244105,-1.1326540152179163,-4.61781877676119,-4.890375677739279,0.6903629302978516,0.0,-0.0,0.0,0.0,0.0,0.0,0.0,0.0,0.0,0.0,0.0,0.0,0
1786495122,598694801,100.0,-1.7186310927020472,-1.702054802571432,-1.1327016989337366,-4.6177828947650355,-4.890375677739279,0.6903509497642517,0.0,-0.0,0.0,0.0,0.0,0.0,0.0,0.0,0.0,0.0,0.0,0.0,0
1786495122,618350744,100.0,-1.718607250844137,-1.702066723500387,-1.1326420942889612,-4.617770854626791,-4.890315715466635,0.690410852432251,0.0,-0.0,0.0,0.0,0.0,0.0,0.0,0.0,0.0,0.0,0.0,0.0,0
1786495122,638452291,100.0,-1.7186668554889124,-1.7020910421954554,-1.1326659361468714,-4.617770854626791,-4.890339676533834,0.6903749108314514,0.0,-0.0,0.0,0.0,0.0,0.0,0.0,0.0,0.0,0.0,0.0,0.0,0
1786495122,658507347,100.0,-1.718619171773092,-1.702054802571432,-1.1326897780047815,-4.617758814488546,-4.890315715466635,0.6903509497642517,0.0,-0.0,0.0,0.0,0.0,0.0,0.0,0.0,0.0,0.0,0.0,0.0,0
1786495122,678425550,100.0,-1.7186310927020472,-1.7021029631244105,-1.1326659361468714,-4.6177948156939905,-4.890399638806478,0.6903988718986511,0.0,-0.0,0.0,0.0,0.0,0.0,0.0,0.0,0.0,0.0,0.0,0.0,0
1786495122,698519945,100.0,-1.7185710112201136,-1.7020428816424769,-1.1327136198626917,-4.617806855832235,-4.890387598668234,0.6903749108314514,0.0,-0.0,0.0,0.0,0.0,0.0,0.0,0.0,0.0,0.0,0.0,0.0,0
1786495122,718661069,100.0,-1.718607250844137,-1.702054802571432,-1.1326659361468714,-4.6177948156939905,-4.890327755604879,0.6903389096260071,0.0,-0.0,0.0,0.0,0.0,0.0,0.0,0.0,0.0,0.0,0.0,0.0,0
1786495122,738343477,100.0,-1.7186310927020472,-1.702066723500387,-1.1326420942889612,-4.6177948156939905,-4.890363637601034,0.6903988718986511,0.0,-0.0,0.0,0.0,0.0,0.0,0.0,0.0,0.0,0.0,0.0,0.0,0
1786495122,758379459,100.0,-1.7185829321490687,-1.7021148840533655,-1.1326659361468714,-4.6177948156939905,-4.890387598668234,0.6903389096260071,0.0,-0.0,0.0,0.0,0.0,0.0,0.0,0.0,0.0,0.0,0.0,0.0,0
1786495122,778462171,100.0,-1.718595329915182,-1.7020791212665003,-1.1327136198626917,-4.617758814488546,-4.890375677739279,0.6903988718986511,0.0,-0.0,0.0,0.0,0.0,0.0,0.0,0.0,0.0,0.0,0.0,0.0,0
1786495122,798561334,100.0,-1.7185590902911585,-1.7020791212665003,-1.1326659361468714,-4.617770854626791,-4.890375677739279,0.6903868913650513,0.0,-0.0,0.0,0.0,0.0,0.0,0.0,0.0,0.0,0.0,0.0,0.0,0
1786495122,818509340,100.0,-1.718619171773092,-1.702054802571432,-1.1326773802386683,-4.617770854626791,-4.890375677739279,0.6903868913650513,0.0,-0.0,0.0,0.0,0.0,0.0,0.0,0.0,0.0,0.0,0.0,0.0,0
1786495122,838629961,100.0,-1.718595329915182,-1.7021029631244105,-1.1326897780047815,-4.617770854626791,-4.890351716672079,0.6903749108314514,0.0,-0.0,0.0,0.0,0.0,0.0,0.0,0.0,0.0,0.0,0.0,0.0,0
1786495122,858317613,100.0,-1.7185590902911585,-1.7021148840533655,-1.1326897780047815,-4.6177348534213465,-4.890363637601034,0.6903269290924072,0.0,-0.0,0.0,0.0,0.0,0.0,0.0,0.0,0.0,0.0,0.0,0.0,0
1786495122,878591299,100.0,-1.718595329915182,-1.702066723500387,-1.1327374617206019,-4.6177828947650355,-4.890375677739279,0.6903749108314514,0.0,-0.0,0.0,0.0,0.0,0.0,0.0,0.0,0.0,0.0,0.0,0.0,0
1786495122,898571729,100.0,-1.718619171773092,-1.702066723500387,-1.1326659361468714,-4.617758814488546,-4.890375677739279,0.6903868913650513,0.0,-0.0,0.0,0.0,0.0,0.0,0.0,0.0,0.0,0.0,0.0,0.0,0
1786495122,918435573,100.0,-1.718595329915182,-1.7021387259112757,-1.1326773802386683,-4.617830816899435,-4.890399638806478,0.690410852432251,0.0,-0.0,0.0,0.0,0.0,0.0,0.0,0.0,0.0,0.0,0.0,0.0,0
1786495122,938389539,100.0,-1.7185829321490687,-1.702066723500387,-1.1326897780047815,-4.617758814488546,-4.890375677739279,0.690410852432251,0.0,-0.0,0.0,0.0,0.0,0.0,0.0,0.0,0.0,0.0,0.0,0.0,0
1786495122,958546638,100.0,-1.7185710112201136,-1.7020309607135218,-1.1326659361468714,-4.6177948156939905,-4.890375677739279,0.6903389096260071,0.0,-0.0,0.0,0.0,0.0,0.0,0.0,0.0,0.0,0.0,0.0,0.0,0
1786495122,978398323,100.0,-1.7185590902911585,-1.702066723500387,-1.1327136198626917,-4.6177948156939905,-4.890375677739279,0.6903749108314514,0.0,-0.0,0.0,0.0,0.0,0.0,0.0,0.0,0.0,0.0,0.0,0.0,0
1786495122,998696088,100.0,-1.7185829321490687,-1.702066723500387,-1.1326773802386683,-4.617758814488546,-4.890351716672079,0.6903988718986511,0.0,-0.0,0.0,0.0,0.0,0.0,0.0,0.0,0.0,0.0,0.0,0.0,0
1786495123,18679141,100.0,-1.718607250844137,-1.7020791212665003,-1.1326540152179163,-4.6177828947650355,-4.890339676533834,0.690410852432251,0.0,-0.0,0.0,0.0,0.0,0.0,0.0,0.0,0.0,0.0,0.0,0.0,0
1786495123,38436412,100.0,-1.7186310927020472,-1.7020428816424769,-1.1326659361468714,-4.617770854626791,-4.890387598668234,0.6903629302978516,0.0,-0.0,0.0,0.0,0.0,0.0,0.0,0.0,0.0,0.0,0.0,0.0,0
1786495123,58430194,100.0,-1.7186310927020472,-1.702066723500387,-1.1326773802386683,-4.617758814488546,-4.890351716672079,0.6903629302978516,0.0,-0.0,0.0,0.0,0.0,0.0,0.0,0.0,0.0,0.0,0.0,0.0,0
1786495123,78547239,100.0,-1.7185710112201136,-1.7020791212665003,-1.1326897780047815,-4.6177828947650355,-4.890363637601034,0.690410852432251,0.0,-0.0,0.0,0.0,0.0,0.0,0.0,0.0,0.0,0.0,0.0,0.0,0
1786495123,98688602,100.0,-1.718607250844137,-1.7020910421954554,-1.1326659361468714,-4.617746893559591,-4.890387598668234,0.6903629302978516,0.0,-0.0,0.0,0.0,0.0,0.0,0.0,0.0,0.0,0.0,0.0,0.0,0
1786495123,118444204,100.0,-1.718607250844137,-1.7020791212665003,-1.1327016989337366,-4.617770854626791,-4.890399638806478,0.6903749108314514,0.0,-0.0,0.0,0.0,0.0,0.0,0.0,0.0,0.0,0.0,0.0,0.0,0
1786495123,138308048,100.0,-1.718595329915182,-1.7020791212665003,-1.1326773802386683,-4.6177348534213465,-4.890351716672079,0.6903509497642517,0.0,-0.0,0.0,0.0,0.0,0.0,0.0,0.0,0.0,0.0,0.0,0.0,0
1786495123,158450841,100.0,-1.718619171773092,-1.702066723500387,-1.1326540152179163,-4.6177948156939905,-4.890363637601034,0.6904228329658508,0.0,-0.0,0.0,0.0,0.0,0.0,0.0,0.0,0.0,0.0,0.0,0.0,0
1786495123,178425550,100.0,-1.718607250844137,-1.7020910421954554,-1.1326540152179163,-4.617758814488546,-4.890387598668234,0.6903629302978516,0.0,-0.0,0.0,0.0,0.0,0.0,0.0,0.0,0.0,0.0,0.0,0.0,0
1786495123,198565483,100.0,-1.7185829321490687,-1.7020791212665003,-1.1327136198626917,-4.617758814488546,-4.890339676533834,0.6903988718986511,0.0,-0.0,0.0,0.0,0.0,0.0,0.0,0.0,0.0,0.0,0.0,0.0,0
1786495123,218454122,100.0,-1.7185471693622034,-1.7021148840533655,-1.1326540152179163,-4.6177348534213465,-4.890363637601034,0.6904228329658508,0.0,-0.0,0.0,0.0,0.0,0.0,0.0,0.0,0.0,0.0,0.0,0.0,0
1786495123,238623142,100.0,-1.718607250844137,-1.702054802571432,-1.1326659361468714,-4.617746893559591,-4.890351716672079,0.6903389096260071,0.0,-0.0,0.0,0.0,0.0,0.0,0.0,0.0,0.0,0.0,0.0,0.0,0
1786495123,258337974,100.0,-1.718595329915182,-1.702054802571432,-1.1326773802386683,-4.617722932492391,-4.890375677739279,0.6903749108314514,0.0,-0.0,0.0,0.0,0.0,0.0,0.0,0.0,0.0,0.0,0.0,0.0,0
1786495123,278508901,100.0,-1.718607250844137,-1.7020791212665003,-1.1326659361468714,-4.617770854626791,-4.890363637601034,0.6904348134994507,0.0,-0.0,0.0,0.0,0.0,0.0,0.0,0.0,0.0,0.0,0.0,0.0,0
1786495123,298525810,100.0,-1.718595329915182,-1.7021268049823206,-1.1326659361468714,-4.617806855832235,-4.890339676533834,0.6903509497642517,0.0,-0.0,0.0,0.0,0.0,0.0,0.0,0.0,0.0,0.0,0.0,0.0,0
1786495123,318563938,100.0,-1.718595329915182,-1.7020910421954554,-1.1327255407916468,-4.6177948156939905,-4.890375677739279,0.6903988718986511,0.0,-0.0,0.0,0.0,0.0,0.0,0.0,0.0,0.0,0.0,0.0,0.0,0
1786495123,338310956,100.0,-1.7185829321490687,-1.702054802571432,-1.1326659361468714,-4.6177948156939905,-4.890387598668234,0.690410852432251,0.0,-0.0,0.0,0.0,0.0,0.0,0.0,0.0,0.0,0.0,0.0,0.0,0
1786495123,358377695,100.0,-1.7185590902911585,-1.7021029631244105,-1.1326659361468714,-4.6177828947650355,-4.890399638806478,0.6903629302978516,0.0,-0.0,0.0,0.0,0.0,0.0,0.0,0.0,0.0,0.0,0.0,0.0,0
1786495123,378399133,100.0,-1.718619171773092,-1.7020309607135218,-1.1326773802386683,-4.6177948156939905,-4.890327755604879,0.6903868913650513,0.0,-0.0,0.0,0.0,0.0,0.0,0.0,0.0,0.0,0.0,0.0,0.0,0
1786495123,398775339,100.0,-1.7186310927020472,-1.7020791212665003,-1.1326773802386683,-4.617746893559591,-4.890363637601034,0.6903509497642517,0.0,-0.0,0.0,0.0,0.0,0.0,0.0,0.0,0.0,0.0,0.0,0.0,0
1786495123,418415546,100.0,-1.718619171773092,-1.7020791212665003,-1.1326659361468714,-4.617746893559591,-4.890387598668234,0.6903988718986511,0.0,-0.0,0.0,0.0,0.0,0.0,0.0,0.0,0.0,0.0,0.0,0.0,0
1786495123,438450336,100.0,-1.718595329915182,-1.7021029631244105,-1.1327016989337366,-4.617806855832235,-4.890399638806478,0.6903629302978516,0.0,-0.0,0.0,0.0,0.0,0.0,0.0,0.0,0.0,0.0,0.0,0.0,0
1786495123,458372592,100.0,-1.7185590902911585,-1.702066723500387,-1.1326301733600062,-4.617758814488546,-4.890363637601034,0.6903509497642517,0.0,-0.0,0.0,0.0,0.0,0.0,0.0,0.0,0.0,0.0,0.0,0.0,0
1786495123,478516340,100.0,-1.718595329915182,-1.702066723500387,-1.1326897780047815,-4.6177348534213465,-4.890399638806478,0.6903629302978516,0.0,-0.0,0.0,0.0,0.0,0.0,0.0,0.0,0.0,0.0,0.0,0.0,0
1786495123,498660087,100.0,-1.7186549345599573,-1.7020791212665003,-1.1326540152179163,-4.6177948156939905,-4.890339676533834,0.6904228329658508,0.0,-0.0,0.0,0.0,0.0,0.0,0.0,0.0,0.0,0.0,0.0,0.0,0
1786495123,518591642,100.0,-1.718607250844137,-1.7020910421954554,-1.1326540152179163,-4.617770854626791,-4.890363637601034,0.6903868913650513,0.0,-0.0,0.0,0.0,0.0,0.0,0.0,0.0,0.0,0.0,0.0,0.0,0
1786495123,538427591,100.0,-1.7185829321490687,-1.7020791212665003,-1.1326659361468714,-4.6177948156939905,-4.890363637601034,0.6903629302978516,0.0,-0.0,0.0,0.0,0.0,0.0,0.0,0.0,0.0,0.0,0.0,0.0,0
1786495123,558526754,100.0,-1.718607250844137,-1.7020910421954554,-1.1327016989337366,-4.617758814488546,-4.890315715466635,0.6903629302978516,0.0,-0.0,0.0,0.0,0.0,0.0,0.0,0.0,0.0,0.0,0.0,0.0,0
1786495123,578427314,100.0,-1.7185590902911585,-1.7021268049823206,-1.1326773802386683,-4.6177948156939905,-4.890327755604879,0.6903629302978516,0.0,-0.0,0.0,0.0,0.0,0.0,0.0,0.0,0.0,0.0,0.0,0.0,0
1786495123,598600864,100.0,-1.7185710112201136,-1.7021148840533655,-1.1326897780047815,-4.617770854626791,-4.890363637601034,0.6903868913650513,0.0,-0.0,0.0,0.0,0.0,0.0,0.0,0.0,0.0,0.0,0.0,0.0,0
1786495123,618460178,100.0,-1.718619171773092,-1.7021029631244105,-1.1326420942889612,-4.6177948156939905,-4.890339676533834,0.6903868913650513,0.0,-0.0,0.0,0.0,0.0,0.0,0.0,0.0,0.0,0.0,0.0,0.0,0
1786495123,638438463,100.0,-1.718595329915182,-1.702054802571432,-1.1326773802386683,-4.617806855832235,-4.890387598668234,0.6903629302978516,0.0,-0.0,0.0,0.0,0.0,0.0,0.0,0.0,0.0,0.0,0.0,0.0,0
1786495123,658378839,100.0,-1.7185829321490687,-1.702054802571432,-1.1326897780047815,-4.617770854626791,-4.890375677739279,0.6903269290924072,0.0,-0.0,0.0,0.0,0.0,0.0,0.0,0.0,0.0,0.0,0.0,0.0,0
1786495123,678577423,100.0,-1.7185590902911585,-1.7020428816424769,-1.1326773802386683,-4.6177828947650355,-4.890351716672079,0.6903509497642517,0.0,-0.0,0.0,0.0,0.0,0.0,0.0,0.0,0.0,0.0,0.0,0.0,0
1786495123,698520898,100.0,-1.7185829321490687,-1.7020791212665003,-1.1326773802386683,-4.617746893559591,-4.890387598668234,0.6903988718986511,0.0,-0.0,0.0,0.0,0.0,0.0,0.0,0.0,0.0,0.0,0.0,0.0,0
1786495123,718403577,100.0,-1.7186310927020472,-1.7021029631244105,-1.1326897780047815,-4.6177828947650355,-4.890375677739279,0.6903509497642517,0.0,-0.0,0.0,0.0,0.0,0.0,0.0,0.0,0.0,0.0,0.0,0.0,0
1786495123,738353729,100.0,-1.718619171773092,-1.7021029631244105,-1.1326773802386683,-4.6177828947650355,-4.890363637601034,0.690410852432251,0.0,-0.0,0.0,0.0,0.0,0.0,0.0,0.0,0.0,0.0,0.0,0.0,0
1786495123,758534669,100.0,-1.718607250844137,-1.7020428816424769,-1.1327136198626917,-4.6177828947650355,-4.890351716672079,0.6903629302978516,0.0,-0.0,0.0,0.0,0.0,0.0,0.0,0.0,0.0,0.0,0.0,0.0,0
1786495123,778404712,100.0,-1.718607250844137,-1.7021029631244105,-1.1326773802386683,-4.617770854626791,-4.890363637601034,0.6904228329658508,0.0,-0.0,0.0,0.0,0.0,0.0,0.0,0.0,0.0,0.0,0.0,0.0,0
1786495123,798556089,100.0,-1.718595329915182,-1.7021148840533655,-1.1327255407916468,-4.6177948156939905,-4.890399638806478,0.6904348134994507,0.0,-0.0,0.0,0.0,0.0,0.0,0.0,0.0,0.0,0.0,0.0,0.0,0
1786495123,818532705,100.0,-1.718607250844137,-1.7020910421954554,-1.1327016989337366,-4.617770854626791,-4.890315715466635,0.6903749108314514,0.0,-0.0,0.0,0.0,0.0,0.0,0.0,0.0,0.0,0.0,0.0,0.0,0
1786495123,838404417,100.0,-1.7185829321490687,-1.7020910421954554,-1.1326420942889612,-4.617722932492391,-4.890399638806478,0.6903629302978516,0.0,-0.0,0.0,0.0,0.0,0.0,0.0,0.0,0.0,0.0,0.0,0.0,0
1786495123,858360528,100.0,-1.7185590902911585,-1.702066723500387,-1.1326897780047815,-4.617746893559591,-4.890327755604879,0.6903868913650513,0.0,-0.0,0.0,0.0,0.0,0.0,0.0,0.0,0.0,0.0,0.0,0.0,0
1786495123,878510951,100.0,-1.7185710112201136,-1.702066723500387,-1.1326773802386683,-4.617806855832235,-4.890375677739279,0.6903629302978516,0.0,-0.0,0.0,0.0,0.0,0.0,0.0,0.0,0.0,0.0,0.0,0.0,0
1786495123,898531436,100.0,-1.7186549345599573,-1.7020910421954554,-1.1326659361468714,-4.617806855832235,-4.890351716672079,0.6903749108314514,0.0,-0.0,0.0,0.0,0.0,0.0,0.0,0.0,0.0,0.0,0.0,0.0,0
1786495123,918555974,100.0,-1.7185829321490687,-1.7021029631244105,-1.1326773802386683,-4.617746893559591,-4.890351716672079,0.6903988718986511,0.0,-0.0,0.0,0.0,0.0,0.0,0.0,0.0,0.0,0.0,0.0,0.0,0
1786495123,938400030,100.0,-1.7185471693622034,-1.702054802571432,-1.1326773802386683,-4.617758814488546,-4.890387598668234,0.6903389096260071,0.0,-0.0,0.0,0.0,0.0,0.0,0.0,0.0,0.0,0.0,0.0,0.0,0
1786495123,958504915,100.0,-1.718595329915182,-1.7021029631244105,-1.1326897780047815,-4.6177948156939905,-4.890339676533834,0.6903868913650513,0.0,-0.0,0.0,0.0,0.0,0.0,0.0,0.0,0.0,0.0,0.0,0.0,0
1786495123,978462457,100.0,-1.718595329915182,-1.702054802571432,-1.1326897780047815,-4.6177948156939905,-4.890399638806478,0.6903749108314514,0.0,-0.0,0.0,0.0,0.0,0.0,0.0,0.0,0.0,0.0,0.0,0.0,0
1786495123,998829841,100.0,-1.7186310927020472,-1.702054802571432,-1.1326540152179163,-4.617830816899435,-4.890399638806478,0.6903988718986511,0.0,-0.0,0.0,0.0,0.0,0.0,0.0,0.0,0.0,0.0,0.0,0.0,0
1786495124,18317461,100.0,-1.718595329915182,-1.7021029631244105,-1.1326659361468714,-4.617758814488546,-4.890351716672079,0.690410852432251,0.0,-0.0,0.0,0.0,0.0,0.0,0.0,0.0,0.0,0.0,0.0,0.0,0
1786495124,38443803,100.0,-1.7185590902911585,-1.7020309607135218,-1.1326540152179163,-4.617722932492391,-4.890387598668234,0.6903629302978516,0.0,-0.0,0.0,0.0,0.0,0.0,0.0,0.0,0.0,0.0,0.0,0.0,0
1786495124,58573007,100.0,-1.718595329915182,-1.7020910421954554,-1.1326301733600062,-4.6177948156939905,-4.890375677739279,0.6903629302978516,0.0,-0.0,0.0,0.0,0.0,0.0,0.0,0.0,0.0,0.0,0.0,0.0,0
1786495124,78456640,100.0,-1.718595329915182,-1.7020071188556116,-1.1327136198626917,-4.6177948156939905,-4.890339676533834,0.690410852432251,0.0,-0.0,0.0,0.0,0.0,0.0,0.0,0.0,0.0,0.0,0.0,0.0,0
1786495124,98333358,100.0,-1.7185590902911585,-1.7021029631244105,-1.1327016989337366,-4.6177348534213465,-4.890351716672079,0.6903868913650513,0.0,-0.0,0.0,0.0,0.0,0.0,0.0,0.0,0.0,0.0,0.0,0.0,0
1786495124,118424177,100.0,-1.718595329915182,-1.7020910421954554,-1.1326659361468714,-4.6177828947650355,-4.890351716672079,0.6903389096260071,0.0,-0.0,0.0,0.0,0.0,0.0,0.0,0.0,0.0,0.0,0.0,0.0,0
1786495124,138700246,100.0,-1.7185710112201136,-1.702066723500387,-1.1326659361468714,-4.617746893559591,-4.890399638806478,0.6903629302978516,0.0,-0.0,0.0,0.0,0.0,0.0,0.0,0.0,0.0,0.0,0.0,0.0,0
1786495124,158425569,100.0,-1.7185829321490687,-1.7020910421954554,-1.1326773802386683,-4.6177828947650355,-4.890363637601034,0.6904228329658508,0.0,-0.0,0.0,0.0,0.0,0.0,0.0,0.0,0.0,0.0,0.0,0.0,0
1786495124,178403615,100.0,-1.7185471693622034,-1.7020190397845667,-1.1326301733600062,-4.617746893559591,-4.890399638806478,0.6903629302978516,0.0,-0.0,0.0,0.0,0.0,0.0,0.0,0.0,0.0,0.0,0.0,0.0,0
1786495124,198539495,100.0,-1.7186549345599573,-1.7021029631244105,-1.1327255407916468,-4.617758814488546,-4.890339676533834,0.6904228329658508,0.0,-0.0,0.0,0.0,0.0,0.0,0.0,0.0,0.0,0.0,0.0,0.0,0
1786495124,218413829,100.0,-1.718607250844137,-1.702066723500387,-1.1326659361468714,-4.617770854626791,-4.890375677739279,0.6903629302978516,0.0,-0.0,0.0,0.0,0.0,0.0,0.0,0.0,0.0,0.0,0.0,0.0,0
1786495124,238448619,100.0,-1.7185590902911585,-1.702054802571432,-1.1326897780047815,-4.617746893559591,-4.890399638806478,0.6903749108314514,0.0,-0.0,0.0,0.0,0.0,0.0,0.0,0.0,0.0,0.0,0.0,0.0,0
1786495124,258386135,100.0,-1.7185710112201136,-1.7020791212665003,-1.1326773802386683,-4.6177828947650355,-4.890399638806478,0.6903629302978516,0.0,-0.0,0.0,0.0,0.0,0.0,0.0,0.0,0.0,0.0,0.0,0.0,0
1786495124,278517723,100.0,-1.718607250844137,-1.7020428816424769,-1.1326540152179163,-4.617770854626791,-4.890339676533834,0.690410852432251,0.0,-0.0,0.0,0.0,0.0,0.0,0.0,0.0,0.0,0.0,0.0,0.0,0
1786495124,298653364,100.0,-1.7186310927020472,-1.702054802571432,-1.1326773802386683,-4.617758814488546,-4.890387598668234,0.6903629302978516,0.0,-0.0,0.0,0.0,0.0,0.0,0.0,0.0,0.0,0.0,0.0,0.0,0
1786495124,318442344,100.0,-1.718595329915182,-1.7020791212665003,-1.1326773802386683,-4.6177828947650355,-4.890387598668234,0.6903629302978516,0.0,-0.0,0.0,0.0,0.0,0.0,0.0,0.0,0.0,0.0,0.0,0.0,0
1786495124,338498115,100.0,-1.718619171773092,-1.7020791212665003,-1.1326773802386683,-4.6177348534213465,-4.890375677739279,0.6903509497642517,0.0,-0.0,0.0,0.0,0.0,0.0,0.0,0.0,0.0,0.0,0.0,0.0,0
1786495124,358363151,100.0,-1.718619171773092,-1.702066723500387,-1.1326897780047815,-4.617722932492391,-4.890327755604879,0.6903269290924072,0.0,-0.0,0.0,0.0,0.0,0.0,0.0,0.0,0.0,0.0,0.0,0.0,0
1786495124,378352403,100.0,-1.7185590902911585,-1.7020910421954554,-1.1326301733600062,-4.61781877676119,-4.890399638806478,0.6904228329658508,0.0,-0.0,0.0,0.0,0.0,0.0,0.0,0.0,0.0,0.0,0.0,0.0,0
1786495124,398862361,100.0,-1.7186310927020472,-1.702066723500387,-1.1326420942889612,-4.6177948156939905,-4.890339676533834,0.6903629302978516,0.0,-0.0,0.0,0.0,0.0,0.0,0.0,0.0,0.0,0.0,0.0,0.0,0
1786495124,418341398,100.0,-1.7185710112201136,-1.7020910421954554,-1.1326659361468714,-4.6177948156939905,-4.890315715466635,0.6903509497642517,0.0,-0.0,0.0,0.0,0.0,0.0,0.0,0.0,0.0,0.0,0.0,0.0,0
1786495124,438528537,100.0,-1.718607250844137,-1.7020428816424769,-1.1326540152179163,-4.617806855832235,-4.890339676533834,0.6903629302978516,0.0,-0.0,0.0,0.0,0.0,0.0,0.0,0.0,0.0,0.0,0.0,0.0,0
1786495124,458323955,100.0,-1.7185471693622034,-1.7020428816424769,-1.1326540152179163,-4.6177348534213465,-4.890339676533834,0.6904228329658508,0.0,-0.0,0.0,0.0,0.0,0.0,0.0,0.0,0.0,0.0,0.0,0.0,0
1786495124,478603363,100.0,-1.718619171773092,-1.702054802571432,-1.1326659361468714,-4.617806855832235,-4.890375677739279,0.6903629302978516,0.0,-0.0,0.0,0.0,0.0,0.0,0.0,0.0,0.0,0.0,0.0,0.0,0
1786495124,498527050,100.0,-1.7185710112201136,-1.7020910421954554,-1.1326659361468714,-4.617746893559591,-4.890339676533834,0.6903629302978516,0.0,-0.0,0.0,0.0,0.0,0.0,0.0,0.0,0.0,0.0,0.0,0.0,0
1786495124,518424272,100.0,-1.718595329915182,-1.702054802571432,-1.1326659361468714,-4.6177948156939905,-4.890351716672079,0.6903629302978516,0.0,-0.0,0.0,0.0,0.0,0.0,0.0,0.0,0.0,0.0,0.0,0.0,0
1786495124,538386344,100.0,-1.718595329915182,-1.702054802571432,-1.1326659361468714,-4.6177828947650355,-4.890339676533834,0.690410852432251,0.0,-0.0,0.0,0.0,0.0,0.0,0.0,0.0,0.0,0.0,0.0,0.0,0
1786495124,558662891,100.0,-1.718595329915182,-1.7021029631244105,-1.1326659361468714,-4.617806855832235,-4.890351716672079,0.6903988718986511,0.0,-0.0,0.0,0.0,0.0,0.0,0.0,0.0,0.0,0.0,0.0,0.0,0
1786495124,578350305,100.0,-1.7186310927020472,-1.7020791212665003,-1.1326897780047815,-4.617770854626791,-4.890387598668234,0.690410852432251,0.0,-0.0,0.0,0.0,0.0,0.0,0.0,0.0,0.0,0.0,0.0,0.0,0
1786495124,598781347,100.0,-1.7185829321490687,-1.7020791212665003,-1.132749382649557,-4.617770854626791,-4.890339676533834,0.6903868913650513,0.0,-0.0,0.0,0.0,0.0,0.0,0.0,0.0,0.0,0.0,0.0,0.0,0
1786495124,618599414,100.0,-1.7185233275042933,-1.7021029631244105,-1.1327016989337366,-4.617758814488546,-4.890327755604879,0.6904348134994507,0.0,-0.0,0.0,0.0,0.0,0.0,0.0,0.0,0.0,0.0,0.0,0.0,0
1786495124,638691425,100.0,-1.718595329915182,-1.702054802571432,-1.1326659361468714,-4.6177948156939905,-4.890363637601034,0.6903988718986511,0.0,-0.0,0.0,0.0,0.0,0.0,0.0,0.0,0.0,0.0,0.0,0.0,0
1786495124,658391475,100.0,-1.718619171773092,-1.7021268049823206,-1.132749382649557,-4.6177828947650355,-4.890315715466635,0.6903149485588074,0.0,-0.0,0.0,0.0,0.0,0.0,0.0,0.0,0.0,0.0,0.0,0.0,0
1786495124,678528785,100.0,-1.7185590902911585,-1.702066723500387,-1.1326420942889612,-4.617770854626791,-4.890327755604879,0.6903629302978516,0.0,-0.0,0.0,0.0,0.0,0.0,0.0,0.0,0.0,0.0,0.0,0.0,0
1786495124,698799848,100.0,-1.7185829321490687,-1.7021268049823206,-1.1326897780047815,-4.6177948156939905,-4.890363637601034,0.6903749108314514,0.0,-0.0,0.0,0.0,0.0,0.0,0.0,0.0,0.0,0.0,0.0,0.0,0
1786495124,718396186,100.0,-1.7185829321490687,-1.702054802571432,-1.1326659361468714,-4.617770854626791,-4.890375677739279,0.690410852432251,0.0,-0.0,0.0,0.0,0.0,0.0,0.0,0.0,0.0,0.0,0.0,0.0,0
1786495124,738419771,100.0,-1.7185710112201136,-1.7020791212665003,-1.1326897780047815,-4.6177828947650355,-4.890387598668234,0.690410852432251,0.0,-0.0,0.0,0.0,0.0,0.0,0.0,0.0,0.0,0.0,0.0,0.0,0
1786495124,758459568,100.0,-1.7185710112201136,-1.7020791212665003,-1.1327255407916468,-4.61781877676119,-4.890351716672079,0.6903509497642517,0.0,-0.0,0.0,0.0,0.0,0.0,0.0,0.0,0.0,0.0,0.0,0.0,0
1786495124,778384685,100.0,-1.7185471693622034,-1.7020791212665003,-1.1326659361468714,-4.6177948156939905,-4.890375677739279,0.6903629302978516,0.0,-0.0,0.0,0.0,0.0,0.0,0.0,0.0,0.0,0.0,0.0,0.0,0
1786495124,798733234,100.0,-1.7185233275042933,-1.7020791212665003,-1.1326659361468714,-4.6177348534213465,-4.890387598668234,0.6903389096260071,0.0,-0.0,0.0,0.0,0.0,0.0,0.0,0.0,0.0,0.0,0.0,0.0,0
1786495124,818277359,100.0,-1.718607250844137,-1.702054802571432,-1.1326897780047815,-4.6177948156939905,-4.890351716672079,0.6904348134994507,0.0,-0.0,0.0,0.0,0.0,0.0,0.0,0.0,0.0,0.0,0.0,0.0,0
1786495124,838614940,100.0,-1.7186310927020472,-1.702054802571432,-1.1326659361468714,-4.6177948156939905,-4.890387598668234,0.6903868913650513,0.0,-0.0,0.0,0.0,0.0,0.0,0.0,0.0,0.0,0.0,0.0,0.0,0
1786495124,858338117,100.0,-1.718607250844137,-1.7021148840533655,-1.1327016989337366,-4.617746893559591,-4.890387598668234,0.6903749108314514,0.0,-0.0,0.0,0.0,0.0,0.0,0.0,0.0,0.0,0.0,0.0,0.0,0
1786495124,878434896,100.0,-1.7186310927020472,-1.7020428816424769,-1.1326773802386683,-4.617806855832235,-4.890375677739279,0.6903629302978516,0.0,-0.0,0.0,0.0,0.0,0.0,0.0,0.0,0.0,0.0,0.0,0.0,0
1786495124,899025917,100.0,-1.7185829321490687,-1.702054802571432,-1.1327136198626917,-4.61781877676119,-4.890387598668234,0.6903868913650513,0.0,-0.0,0.0,0.0,0.0,0.0,0.0,0.0,0.0,0.0,0.0,0.0,0
1786495124,918612480,100.0,-1.7185710112201136,-1.7020910421954554,-1.1326773802386683,-4.617806855832235,-4.890375677739279,0.6903988718986511,0.0,-0.0,0.0,0.0,0.0,0.0,0.0,0.0,0.0,0.0,0.0,0.0,0
1786495124,938313007,100.0,-1.718619171773092,-1.7021148840533655,-1.1326540152179163,-4.6177348534213465,-4.890351716672079,0.690410852432251,0.0,-0.0,0.0,0.0,0.0,0.0,0.0,0.0,0.0,0.0,0.0,0.0,0
1786495124,958526372,100.0,-1.7186549345599573,-1.7020910421954554,-1.1326773802386683,-4.617830816899435,-4.890351716672079,0.6903749108314514,0.0,-0.0,0.0,0.0,0.0,0.0,0.0,0.0,0.0,0.0,0.0,0.0,0
1786495124,978664398,100.0,-1.7186310927020472,-1.7020309607135218,-1.1327016989337366,-4.617770854626791,-4.890339676533834,0.6903629302978516,0.0,-0.0,0.0,0.0,0.0,0.0,0.0,0.0,0.0,0.0,0.0,0.0,0
1786495124,998657464,100.0,-1.718619171773092,-1.7021148840533655,-1.1326897780047815,-4.617806855832235,-4.890375677739279,0.6903988718986511,0.0,-0.0,0.0,0.0,0.0,0.0,0.0,0.0,0.0,0.0,0.0,0.0,0
1786495125,18361806,100.0,-1.718595329915182,-1.702054802571432,-1.1327016989337366,-4.617746893559591,-4.890399638806478,0.6903988718986511,0.0,-0.0,0.0,0.0,0.0,0.0,0.0,0.0,0.0,0.0,0.0,0.0,0
1786495125,38394927,100.0,-1.7185710112201136,-1.7020428816424769,-1.1326773802386683,-4.617770854626791,-4.890387598668234,0.6903988718986511,0.0,-0.0,0.0,0.0,0.0,0.0,0.0,0.0,0.0,0.0,0.0,0.0,0
1786495125,58328866,100.0,-1.718607250844137,-1.702054802571432,-1.1327136198626917,-4.617806855832235,-4.890363637601034,0.6903509497642517,0.0,-0.0,0.0,0.0,0.0,0.0,0.0,0.0,0.0,0.0,0.0,0.0,0
1786495125,78693389,100.0,-1.718607250844137,-1.7021029631244105,-1.1326659361468714,-4.617770854626791,-4.890351716672079,0.6903749108314514,0.0,-0.0,0.0,0.0,0.0,0.0,0.0,0.0,0.0,0.0,0.0,0.0,0
1786495125,98654985,100.0,-1.7186310927020472,-1.7020791212665003,-1.1326540152179163,-4.6177348534213465,-4.890375677739279,0.6903868913650513,0.0,-0.0,0.0,0.0,0.0,0.0,0.0,0.0,0.0,0.0,0.0,0.0,0
1786495125,118454456,100.0,-1.718619171773092,-1.7021148840533655,-1.1327016989337366,-4.6177348534213465,-4.890375677739279,0.6903988718986511,0.0,-0.0,0.0,0.0,0.0,0.0,0.0,0.0,0.0,0.0,0.0,0.0,0
1786495125,138401269,100.0,-1.7186549345599573,-1.7020910421954554,-1.1326773802386683,-4.617758814488546,-4.890339676533834,0.6904348134994507,0.0,-0.0,0.0,0.0,0.0,0.0,0.0,0.0,0.0,0.0,0.0,0.0,0
1786495125,158447027,100.0,-1.718607250844137,-1.7020071188556116,-1.1326540152179163,-4.6177828947650355,-4.890399638806478,0.6903749108314514,0.0,-0.0,0.0,0.0,0.0,0.0,0.0,0.0,0.0,0.0,0.0,0.0,0
1786495125,178354740,100.0,-1.718607250844137,-1.7020791212665003,-1.1326773802386683,-4.6177948156939905,-4.890375677739279,0.6903868913650513,0.0,-0.0,0.0,0.0,0.0,0.0,0.0,0.0,0.0,0.0,0.0,0.0,0
1786495125,198680639,100.0,-1.7185829321490687,-1.702054802571432,-1.1327136198626917,-4.617758814488546,-4.890387598668234,0.6903868913650513,0.0,-0.0,0.0,0.0,0.0,0.0,0.0,0.0,0.0,0.0,0.0,0.0,0
1786495125,218533039,100.0,-1.718607250844137,-1.7020791212665003,-1.1326773802386683,-4.6177948156939905,-4.890363637601034,0.6904348134994507,0.0,-0.0,0.0,0.0,0.0,0.0,0.0,0.0,0.0,0.0,0.0,0.0,0
1786495125,238417625,100.0,-1.718619171773092,-1.702054802571432,-1.1326301733600062,-4.617770854626791,-4.890412036572592,0.6903749108314514,0.0,-0.0,0.0,0.0,0.0,0.0,0.0,0.0,0.0,0.0,0.0,0.0,0
1786495125,258391857,100.0,-1.7185829321490687,-1.7021387259112757,-1.1326301733600062,-4.61781877676119,-4.890375677739279,0.6903629302978516,0.0,-0.0,0.0,0.0,0.0,0.0,0.0,0.0,0.0,0.0,0.0,0.0,0
1786495125,278583288,100.0,-1.718595329915182,-1.7020910421954554,-1.1326420942889612,-4.6177948156939905,-4.890375677739279,0.6903389096260071,0.0,-0.0,0.0,0.0,0.0,0.0,0.0,0.0,0.0,0.0,0.0,0.0,0
1786495125,298682451,100.0,-1.7185710112201136,-1.7021148840533655,-1.1326301733600062,-4.6177348534213465,-4.890351716672079,0.6903868913650513,0.0,-0.0,0.0,0.0,0.0,0.0,0.0,0.0,0.0,0.0,0.0,0.0,0
1786495125,318334579,100.0,-1.718607250844137,-1.702066723500387,-1.1326773802386683,-4.6177348534213465,-4.890363637601034,0.6903149485588074,0.0,-0.0,0.0,0.0,0.0,0.0,0.0,0.0,0.0,0.0,0.0,0.0,0
1786495125,338380575,100.0,-1.718595329915182,-1.7020791212665003,-1.1326773802386683,-4.617806855832235,-4.890375677739279,0.6903389096260071,0.0,-0.0,0.0,0.0,0.0,0.0,0.0,0.0,0.0,0.0,0.0,0.0,0
1786495125,358446359,100.0,-1.718607250844137,-1.7020910421954554,-1.1327255407916468,-4.617758814488546,-4.890339676533834,0.6903749108314514,0.0,-0.0,0.0,0.0,0.0,0.0,0.0,0.0,0.0,0.0,0.0,0.0,0
1786495125,378430128,100.0,-1.718607250844137,-1.7020791212665003,-1.1326773802386683,-4.617806855832235,-4.890327755604879,0.6903389096260071,0.0,-0.0,0.0,0.0,0.0,0.0,0.0,0.0,0.0,0.0,0.0,0.0,0
1786495125,398817539,100.0,-1.7185710112201136,-1.7021148840533655,-1.1326540152179163,-4.6177948156939905,-4.890339676533834,0.6903868913650513,0.0,-0.0,0.0,0.0,0.0,0.0,0.0,0.0,0.0,0.0,0.0,0.0,0
1786495125,418635606,100.0,-1.7185471693622034,-1.702066723500387,-1.1327016989337366,-4.6177828947650355,-4.890315715466635,0.6903389096260071,0.0,-0.0,0.0,0.0,0.0,0.0,0.0,0.0,0.0,0.0,0.0,0.0,0
1786495125,438450336,100.0,-1.7186430136310022,-1.7020910421954554,-1.1326897780047815,-4.617806855832235,-4.890387598668234,0.6903389096260071,0.0,-0.0,0.0,0.0,0.0,0.0,0.0,0.0,0.0,0.0,0.0,0.0,0
1786495125,458384752,100.0,-1.718607250844137,-1.702066723500387,-1.1327136198626917,-4.617770854626791,-4.890363637601034,0.690410852432251,0.0,-0.0,0.0,0.0,0.0,0.0,0.0,0.0,0.0,0.0,0.0,0.0,0
1786495125,478611946,100.0,-1.718607250844137,-1.7020791212665003,-1.1326897780047815,-4.617758814488546,-4.890375677739279,0.6903629302978516,0.0,-0.0,0.0,0.0,0.0,0.0,0.0,0.0,0.0,0.0,0.0,0.0,0
1786495125,498460769,100.0,-1.718607250844137,-1.702066723500387,-1.1327016989337366,-4.6177828947650355,-4.890363637601034,0.6903749108314514,0.0,-0.0,0.0,0.0,0.0,0.0,0.0,0.0,0.0,0.0,0.0,0.0,0
1786495125,518391847,100.0,-1.718619171773092,-1.7021268049823206,-1.1327016989337366,-4.617770854626791,-4.890351716672079,0.6903629302978516,0.0,-0.0,0.0,0.0,0.0,0.0,0.0,0.0,0.0,0.0,0.0,0.0,0
1786495125,538384437,100.0,-1.7185352484332483,-1.702066723500387,-1.1326659361468714,-4.6177948156939905,-4.890363637601034,0.6903389096260071,0.0,-0.0,0.0,0.0,0.0,0.0,0.0,0.0,0.0,0.0,0.0,0.0,0
1786495125,558519124,100.0,-1.7186549345599573,-1.7020428816424769,-1.1326420942889612,-4.617758814488546,-4.890375677739279,0.6904467940330505,0.0,-0.0,0.0,0.0,0.0,0.0,0.0,0.0,0.0,0.0,0.0,0.0,0
1786495125,578412294,100.0,-1.7185829321490687,-1.702066723500387,-1.1326773802386683,-4.617746893559591,-4.890351716672079,0.6903629302978516,0.0,-0.0,0.0,0.0,0.0,0.0,0.0,0.0,0.0,0.0,0.0,0.0,0
1786495125,598597526,100.0,-1.7186310927020472,-1.7020428816424769,-1.1326897780047815,-4.617806855832235,-4.890363637601034,0.6903509497642517,0.0,-0.0,0.0,0.0,0.0,0.0,0.0,0.0,0.0,0.0,0.0,0.0,0
1786495125,618516921,100.0,-1.718595329915182,-1.7021148840533655,-1.1326659361468714,-4.617746893559591,-4.890339676533834,0.6903629302978516,0.0,-0.0,0.0,0.0,0.0,0.0,0.0,0.0,0.0,0.0,0.0,0.0,0
1786495125,638514757,100.0,-1.718619171773092,-1.7020428816424769,-1.1327016989337366,-4.6177828947650355,-4.890315715466635,0.6903629302978516,0.0,-0.0,0.0,0.0,0.0,0.0,0.0,0.0,0.0,0.0,0.0,0.0,0
1786495125,658369541,100.0,-1.7185710112201136,-1.702066723500387,-1.1326773802386683,-4.617770854626791,-4.890351716672079,0.6903629302978516,0.0,-0.0,0.0,0.0,0.0,0.0,0.0,0.0,0.0,0.0,0.0,0.0,0
1786495125,678453445,100.0,-1.718619171773092,-1.7021148840533655,-1.1326659361468714,-4.6177828947650355,-4.890399638806478,0.6904348134994507,0.0,-0.0,0.0,0.0,0.0,0.0,0.0,0.0,0.0,0.0,0.0,0.0,0
1786495125,698580265,100.0,-1.7185829321490687,-1.7020791212665003,-1.1326897780047815,-4.6177948156939905,-4.890387598668234,0.6903629302978516,0.0,-0.0,0.0,0.0,0.0,0.0,0.0,0.0,0.0,0.0,0.0,0.0,0
1786495125,718529224,100.0,-1.7185710112201136,-1.7020309607135218,-1.1326773802386683,-4.617758814488546,-4.890351716672079,0.6903509497642517,0.0,-0.0,0.0,0.0,0.0,0.0,0.0,0.0,0.0,0.0,0.0,0.0,0
1786495125,738442420,100.0,-1.718619171773092,-1.702066723500387,-1.1326540152179163,-4.6177348534213465,-4.890339676533834,0.6903509497642517,0.0,-0.0,0.0,0.0,0.0,0.0,0.0,0.0,0.0,0.0,0.0,0.0,0
1786495125,758430242,100.0,-1.718619171773092,-1.7021029631244105,-1.1326301733600062,-4.617758814488546,-4.890412036572592,0.6903868913650513,0.0,-0.0,0.0,0.0,0.0,0.0,0.0,0.0,0.0,0.0,0.0,0.0,0
1786495125,778513431,100.0,-1.718595329915182,-1.7020791212665003,-1.1327136198626917,-4.617806855832235,-4.890363637601034,0.6903749108314514,0.0,-0.0,0.0,0.0,0.0,0.0,0.0,0.0,0.0,0.0,0.0,0.0,0
1786495125,798572778,100.0,-1.718607250844137,-1.7020309607135218,-1.1327016989337366,-4.617770854626791,-4.890363637601034,0.6904228329658508,0.0,-0.0,0.0,0.0,0.0,0.0,0.0,0.0,0.0,0.0,0.0,0.0,0
1786495125,818351984,100.0,-1.718595329915182,-1.702054802571432,-1.1326659361468714,-4.6177348534213465,-4.890363637601034,0.6903389096260071,0.0,-0.0,0.0,0.0,0.0,0.0,0.0,0.0,0.0,0.0,0.0,0.0,0
1786495125,838719129,100.0,-1.7186430136310022,-1.7020791212665003,-1.1326659361468714,-4.61781877676119,-4.890339676533834,0.6903749108314514,0.0,-0.0,0.0,0.0,0.0,0.0,0.0,0.0,0.0,0.0,0.0,0.0,0
1786495125,858352422,100.0,-1.7185829321490687,-1.702066723500387,-1.1327136198626917,-4.617770854626791,-4.890387598668234,0.6903509497642517,0.0,-0.0,0.0,0.0,0.0,0.0,0.0,0.0,0.0,0.0,0.0,0.0,0
1786495125,878583669,100.0,-1.718607250844137,-1.7021148840533655,-1.1327016989337366,-4.617758814488546,-4.890375677739279,0.6903509497642517,0.0,-0.0,0.0,0.0,0.0,0.0,0.0,0.0,0.0,0.0,0.0,0.0,0
1786495125,898840427,100.0,-1.7185829321490687,-1.702054802571432,-1.1327136198626917,-4.6177828947650355,-4.890399638806478,0.6903629302978516,0.0,-0.0,0.0,0.0,0.0,0.0,0.0,0.0,0.0,0.0,0.0,0.0,0
1786495125,918392658,100.0,-1.7185471693622034,-1.702054802571432,-1.1326897780047815,-4.617758814488546,-4.890375677739279,0.6903868913650513,0.0,-0.0,0.0,0.0,0.0,0.0,0.0,0.0,0.0,0.0,0.0,0.0,0
1786495125,938657760,100.0,-1.7185471693622034,-1.7020428816424769,-1.1326659361468714,-4.617806855832235,-4.890387598668234,0.6903749108314514,0.0,-0.0,0.0,0.0,0.0,0.0,0.0,0.0,0.0,0.0,0.0,0.0,0
1786495125,958452224,100.0,-1.7185710112201136,-1.702066723500387,-1.1326659361468714,-4.6177828947650355,-4.890387598668234,0.6903988718986511,0.0,-0.0,0.0,0.0,0.0,0.0,0.0,0.0,0.0,0.0,0.0,0.0,0
1786495125,978420495,100.0,-1.7186792532550257,-1.7020910421954554,-1.1326773802386683,-4.617806855832235,-4.890375677739279,0.690410852432251,0.0,-0.0,0.0,0.0,0.0,0.0,0.0,0.0,0.0,0.0,0.0,0.0,0
1786495125,998650789,100.0,-1.7186549345599573,-1.7020309607135218,-1.1326773802386683,-4.6177828947650355,-4.890363637601034,0.6903389096260071,0.0,-0.0,0.0,0.0,0.0,0.0,0.0,0.0,0.0,0.0,0.0,0.0,0
1786495126,18420696,100.0,-1.718607250844137,-1.7020791212665003,-1.1326540152179163,-4.6177948156939905,-4.890375677739279,0.6903509497642517,0.0,-0.0,0.0,0.0,0.0,0.0,0.0,0.0,0.0,0.0,0.0,0.0,0
1786495126,38381338,100.0,-1.718595329915182,-1.7020428816424769,-1.1327016989337366,-4.617722932492391,-4.890375677739279,0.6903509497642517,0.0,-0.0,0.0,0.0,0.0,0.0,0.0,0.0,0.0,0.0,0.0,0.0,0
1786495126,58340787,100.0,-1.718595329915182,-1.7021029631244105,-1.1327016989337366,-4.6177828947650355,-4.890351716672079,0.6903749108314514,0.0,-0.0,0.0,0.0,0.0,0.0,0.0,0.0,0.0,0.0,0.0,0.0,0
1786495126,78581094,100.0,-1.7185471693622034,-1.702054802571432,-1.1326540152179163,-4.6177948156939905,-4.890375677739279,0.6903868913650513,0.0,-0.0,0.0,0.0,0.0,0.0,0.0,0.0,0.0,0.0,0.0,0.0,0
1786495126,98440885,100.0,-1.718595329915182,-1.7021029631244105,-1.1326540152179163,-4.617758814488546,-4.890375677739279,0.6903749108314514,0.0,-0.0,0.0,0.0,0.0,0.0,0.0,0.0,0.0,0.0,0.0,0.0,0
1786495126,118441820,100.0,-1.718607250844137,-1.702054802571432,-1.1327016989337366,-4.6177828947650355,-4.890375677739279,0.6904228329658508,0.0,-0.0,0.0,0.0,0.0,0.0,0.0,0.0,0.0,0.0,0.0,0.0,0
1786495126,138429164,100.0,-1.7185829321490687,-1.7020791212665003,-1.1326659361468714,-4.61781877676119,-4.890363637601034,0.6903868913650513,0.0,-0.0,0.0,0.0,0.0,0.0,0.0,0.0,0.0,0.0,0.0,0.0,0
1786495126,158570051,100.0,-1.7185590902911585,-1.702054802571432,-1.1326897780047815,-4.617770854626791,-4.890363637601034,0.6903629302978516,0.0,-0.0,0.0,0.0,0.0,0.0,0.0,0.0,0.0,0.0,0.0,0.0,0
1786495126,178411006,100.0,-1.7186430136310022,-1.7021029631244105,-1.1327016989337366,-4.617758814488546,-4.890399638806478,0.6903509497642517,0.0,-0.0,0.0,0.0,0.0,0.0,0.0,0.0,0.0,0.0,0.0,0.0,0
1786495126,198604106,100.0,-1.718607250844137,-1.7020910421954554,-1.1327255407916468,-4.6177828947650355,-4.890363637601034,0.6903389096260071,0.0,-0.0,0.0,0.0,0.0,0.0,0.0,0.0,0.0,0.0,0.0,0.0,0
1786495126,218373060,100.0,-1.718607250844137,-1.7020910421954554,-1.1326773802386683,-4.617758814488546,-4.890315715466635,0.6903988718986511,0.0,-0.0,0.0,0.0,0.0,0.0,0.0,0.0,0.0,0.0,0.0,0.0,0
1786495126,238595724,100.0,-1.718595329915182,-1.702066723500387,-1.1327136198626917,-4.6177828947650355,-4.890375677739279,0.6903868913650513,0.0,-0.0,0.0,0.0,0.0,0.0,0.0,0.0,0.0,0.0,0.0,0.0,0
1786495126,258351087,100.0,-1.7185471693622034,-1.702066723500387,-1.1326659361468714,-4.617806855832235,-4.890339676533834,0.6903629302978516,0.0,-0.0,0.0,0.0,0.0,0.0,0.0,0.0,0.0,0.0,0.0,0.0,0
1786495126,278441667,100.0,-1.7185829321490687,-1.7020791212665003,-1.1327136198626917,-4.617758814488546,-4.890387598668234,0.6903629302978516,0.0,-0.0,0.0,0.0,0.0,0.0,0.0,0.0,0.0,0.0,0.0,0.0,0
1786495126,298678874,100.0,-1.7185829321490687,-1.7020791212665003,-1.1326659361468714,-4.617770854626791,-4.890351716672079,0.690410852432251,0.0,-0.0,0.0,0.0,0.0,0.0,0.0,0.0,0.0,0.0,0.0,0.0,0
1786495126,318405151,100.0,-1.7186549345599573,-1.7020791212665003,-1.1326540152179163,-4.6177948156939905,-4.890412036572592,0.6903629302978516,0.0,-0.0,0.0,0.0,0.0,0.0,0.0,0.0,0.0,0.0,0.0,0.0,0
1786495126,338744401,100.0,-1.7185352484332483,-1.7020910421954554,-1.1326773802386683,-4.6177828947650355,-4.890327755604879,0.6903509497642517,0.0,-0.0,0.0,0.0,0.0,0.0,0.0,0.0,0.0,0.0,0.0,0.0,0
1786495126,358496189,100.0,-1.718595329915182,-1.7021148840533655,-1.1326897780047815,-4.6177828947650355,-4.890339676533834,0.690410852432251,0.0,-0.0,0.0,0.0,0.0,0.0,0.0,0.0,0.0,0.0,0.0,0.0,0
1786495126,378372669,100.0,-1.7185829321490687,-1.7020190397845667,-1.1326659361468714,-4.617770854626791,-4.890351716672079,0.690410852432251,0.0,-0.0,0.0,0.0,0.0,0.0,0.0,0.0,0.0,0.0,0.0,0.0,0
1786495126,398585081,100.0,-1.7185590902911585,-1.7020428816424769,-1.132618252431051,-4.61781877676119,-4.890399638806478,0.6903629302978516,0.0,-0.0,0.0,0.0,0.0,0.0,0.0,0.0,0.0,0.0,0.0,0.0,0
1786495126,418400049,100.0,-1.718595329915182,-1.7020791212665003,-1.1326773802386683,-4.6177948156939905,-4.890339676533834,0.6903389096260071,0.0,-0.0,0.0,0.0,0.0,0.0,0.0,0.0,0.0,0.0,0.0,0.0,0
1786495126,438544034,100.0,-1.7185590902911585,-1.7020428816424769,-1.1326659361468714,-4.6177948156939905,-4.890375677739279,0.6903749108314514,0.0,-0.0,0.0,0.0,0.0,0.0,0.0,0.0,0.0,0.0,0.0,0.0,0
1786495126,458400011,100.0,-1.718595329915182,-1.7020791212665003,-1.1326540152179163,-4.6177828947650355,-4.890399638806478,0.6903629302978516,0.0,-0.0,0.0,0.0,0.0,0.0,0.0,0.0,0.0,0.0,0.0,0.0,0
1786495126,478416204,100.0,-1.718595329915182,-1.702066723500387,-1.1326420942889612,-4.617758814488546,-4.890363637601034,0.6903509497642517,0.0,-0.0,0.0,0.0,0.0,0.0,0.0,0.0,0.0,0.0,0.0,0.0,0
1786495126,498397350,100.0,-1.7185590902911585,-1.7021148840533655,-1.1326659361468714,-4.617830816899435,-4.890387598668234,0.6903988718986511,0.0,-0.0,0.0,0.0,0.0,0.0,0.0,0.0,0.0,0.0,0.0,0.0,0
1786495126,518520116,100.0,-1.7185829321490687,-1.702054802571432,-1.1326897780047815,-4.617746893559591,-4.890363637601034,0.690410852432251,0.0,-0.0,0.0,0.0,0.0,0.0,0.0,0.0,0.0,0.0,0.0,0.0,0
1786495126,538752079,100.0,-1.7185710112201136,-1.702066723500387,-1.1326659361468714,-4.617770854626791,-4.890351716672079,0.6903988718986511,0.0,-0.0,0.0,0.0,0.0,0.0,0.0,0.0,0.0,0.0,0.0,0.0,0
1786495126,558386325,100.0,-1.718595329915182,-1.7020309607135218,-1.1327016989337366,-4.6177948156939905,-4.890363637601034,0.690410852432251,0.0,-0.0,0.0,0.0,0.0,0.0,0.0,0.0,0.0,0.0,0.0,0.0,0
1786495126,578554630,100.0,-1.7186430136310022,-1.702054802571432,-1.1326773802386683,-4.617758814488546,-4.890363637601034,0.6903269290924072,0.0,-0.0,0.0,0.0,0.0,0.0,0.0,0.0,0.0,0.0,0.0,0.0,0
1786495126,598661899,100.0,-1.7185710112201136,-1.7020910421954554,-1.1326897780047815,-4.617722932492391,-4.890375677739279,0.6903149485588074,0.0,-0.0,0.0,0.0,0.0,0.0,0.0,0.0,0.0,0.0,0.0,0.0,0
1786495126,618342638,100.0,-1.718619171773092,-1.702066723500387,-1.1326659361468714,-4.617770854626791,-4.890399638806478,0.6903868913650513,0.0,-0.0,0.0,0.0,0.0,0.0,0.0,0.0,0.0,0.0,0.0,0.0,0
1786495126,638444662,100.0,-1.718607250844137,-1.7020791212665003,-1.1327016989337366,-4.617770854626791,-4.890399638806478,0.6903629302978516,0.0,-0.0,0.0,0.0,0.0,0.0,0.0,0.0,0.0,0.0,0.0,0.0,0
1786495126,658361196,100.0,-1.718619171773092,-1.7021268049823206,-1.1326420942889612,-4.61781877676119,-4.890399638806478,0.6903629302978516,0.0,-0.0,0.0,0.0,0.0,0.0,0.0,0.0,0.0,0.0,0.0,0.0,0
1786495126,678567647,100.0,-1.7185829321490687,-1.702066723500387,-1.1326301733600062,-4.617758814488546,-4.890375677739279,0.6903509497642517,0.0,-0.0,0.0,0.0,0.0,0.0,0.0,0.0,0.0,0.0,0.0,0.0,0
1786495126,698424100,100.0,-1.718619171773092,-1.702066723500387,-1.1326897780047815,-4.6177948156939905,-4.890375677739279,0.6903629302978516,0.0,-0.0,0.0,0.0,0.0,0.0,0.0,0.0,0.0,0.0,0.0,0.0,0
1786495126,718513011,100.0,-1.718607250844137,-1.7020910421954554,-1.1327136198626917,-4.617758814488546,-4.890339676533834,0.6903749108314514,0.0,-0.0,0.0,0.0,0.0,0.0,0.0,0.0,0.0,0.0,0.0,0.0,0
1786495126,738530397,100.0,-1.718607250844137,-1.702066723500387,-1.1326540152179163,-4.617758814488546,-4.890363637601034,0.6904228329658508,0.0,-0.0,0.0,0.0,0.0,0.0,0.0,0.0,0.0,0.0,0.0,0.0,0
1786495126,758417367,100.0,-1.718607250844137,-1.702066723500387,-1.1326659361468714,-4.617770854626791,-4.890387598668234,0.6903749108314514,0.0,-0.0,0.0,0.0,0.0,0.0,0.0,0.0,0.0,0.0,0.0,0.0,0
1786495126,778380632,100.0,-1.7185829321490687,-1.7020791212665003,-1.1326773802386683,-4.6177948156939905,-4.890375677739279,0.6903629302978516,0.0,-0.0,0.0,0.0,0.0,0.0,0.0,0.0,0.0,0.0,0.0,0.0,0
1786495126,798599720,100.0,-1.7186310927020472,-1.7020428816424769,-1.1327136198626917,-4.6177948156939905,-4.890387598668234,0.6903749108314514,0.0,-0.0,0.0,0.0,0.0,0.0,0.0,0.0,0.0,0.0,0.0,0.0,0
1786495126,818395137,100.0,-1.7185590902911585,-1.702054802571432,-1.1326897780047815,-4.6177948156939905,-4.890339676533834,0.6903868913650513,0.0,-0.0,0.0,0.0,0.0,0.0,0.0,0.0,0.0,0.0,0.0,0.0,0
1786495126,838406324,100.0,-1.718595329915182,-1.702066723500387,-1.1326659361468714,-4.6177948156939905,-4.890315715466635,0.6903988718986511,0.0,-0.0,0.0,0.0,0.0,0.0,0.0,0.0,0.0,0.0,0.0,0.0,0
1786495126,858401536,100.0,-1.718607250844137,-1.7020791212665003,-1.1327136198626917,-4.6177948156939905,-4.890375677739279,0.6903389096260071,0.0,-0.0,0.0,0.0,0.0,0.0,0.0,0.0,0.0,0.0,0.0,0.0,0
1786495126,878429889,100.0,-1.718619171773092,-1.7020309607135218,-1.1326659361468714,-4.617770854626791,-4.890387598668234,0.6903749108314514,0.0,-0.0,0.0,0.0,0.0,0.0,0.0,0.0,0.0,0.0,0.0,0.0,0
1786495126,898585796,100.0,-1.7185710112201136,-1.7020791212665003,-1.132618252431051,-4.6177948156939905,-4.890387598668234,0.6903988718986511,0.0,-0.0,0.0,0.0,0.0,0.0,0.0,0.0,0.0,0.0,0.0,0.0,0
1786495126,918575048,100.0,-1.718595329915182,-1.702054802571432,-1.1326897780047815,-4.6177828947650355,-4.890387598668234,0.6904228329658508,0.0,-0.0,0.0,0.0,0.0,0.0,0.0,0.0,0.0,0.0,0.0,0.0,0
1786495126,938430070,100.0,-1.718619171773092,-1.7020791212665003,-1.1326897780047815,-4.617770854626791,-4.890339676533834,0.6903629302978516,0.0,-0.0,0.0,0.0,0.0,0.0,0.0,0.0,0.0,0.0,0.0,0.0,0
1786495126,958563327,100.0,-1.718607250844137,-1.7021148840533655,-1.1326659361468714,-4.617722932492391,-4.890363637601034,0.6903149485588074,0.0,-0.0,0.0,0.0,0.0,0.0,0.0,0.0,0.0,0.0,0.0,0.0,0
1786495126,978352785,100.0,-1.718595329915182,-1.7020791212665003,-1.1327136198626917,-4.617722932492391,-4.890351716672079,0.6903629302978516,0.0,-0.0,0.0,0.0,0.0,0.0,0.0,0.0,0.0,0.0,0.0,0.0,0
1786495126,998631238,100.0,-1.7186430136310022,-1.7020910421954554,-1.1326659361468714,-4.6177948156939905,-4.890327755604879,0.6903629302978516,0.0,-0.0,0.0,0.0,0.0,0.0,0.0,0.0,0.0,0.0,0.0,0.0,0
1786495127,18332719,100.0,-1.7185710112201136,-1.7021268049823206,-1.1326659361468714,-4.617710892354147,-4.890375677739279,0.6904228329658508,0.0,-0.0,0.0,0.0,0.0,0.0,0.0,0.0,0.0,0.0,0.0,0.0,0
1786495127,38554668,100.0,-1.718619171773092,-1.702054802571432,-1.1327016989337366,-4.617770854626791,-4.890399638806478,0.690410852432251,0.0,-0.0,0.0,0.0,0.0,0.0,0.0,0.0,0.0,0.0,0.0,0.0,0
1786495127,58312416,100.0,-1.718607250844137,-1.7021029631244105,-1.1326773802386683,-4.617770854626791,-4.890351716672079,0.6903629302978516,0.0,-0.0,0.0,0.0,0.0,0.0,0.0,0.0,0.0,0.0,0.0,0.0,0
1786495127,78411817,100.0,-1.7185710112201136,-1.7021148840533655,-1.1327016989337366,-4.617770854626791,-4.890351716672079,0.6903629302978516,0.0,-0.0,0.0,0.0,0.0,0.0,0.0,0.0,0.0,0.0,0.0,0.0,0
1786495127,98657608,100.0,-1.718619171773092,-1.7021029631244105,-1.1326420942889612,-4.617746893559591,-4.890387598668234,0.6903749108314514,0.0,-0.0,0.0,0.0,0.0,0.0,0.0,0.0,0.0,0.0,0.0,0.0,0
1786495127,118741512,100.0,-1.7185710112201136,-1.702066723500387,-1.1326540152179163,-4.617770854626791,-4.890399638806478,0.6903629302978516,0.0,-0.0,0.0,0.0,0.0,0.0,0.0,0.0,0.0,0.0,0.0,0.0,0
1786495127,138563156,100.0,-1.7185710112201136,-1.702054802571432,-1.1326897780047815,-4.617770854626791,-4.890327755604879,0.6903868913650513,0.0,-0.0,0.0,0.0,0.0,0.0,0.0,0.0,0.0,0.0,0.0,0.0,0
1786495127,158424139,100.0,-1.718607250844137,-1.7020428816424769,-1.1326420942889612,-4.6177828947650355,-4.890363637601034,0.6903749108314514,0.0,-0.0,0.0,0.0,0.0,0.0,0.0,0.0,0.0,0.0,0.0,0.0,0
1786495127,178342103,100.0,-1.7185710112201136,-1.7020791212665003,-1.1326773802386683,-4.617770854626791,-4.890363637601034,0.6903868913650513,0.0,-0.0,0.0,0.0,0.0,0.0,0.0,0.0,0.0,0.0,0.0,0.0,0
1786495127,198734521,100.0,-1.718619171773092,-1.702066723500387,-1.1326773802386683,-4.617770854626791,-4.890375677739279,0.690410852432251,0.0,-0.0,0.0,0.0,0.0,0.0,0.0,0.0,0.0,0.0,0.0,0.0,0
1786495127,218306541,100.0,-1.7185829321490687,-1.7020428816424769,-1.1326659361468714,-4.617746893559591,-4.890363637601034,0.6903389096260071,0.0,-0.0,0.0,0.0,0.0,0.0,0.0,0.0,0.0,0.0,0.0,0.0,0
1786495127,238452434,100.0,-1.7185829321490687,-1.7021148840533655,-1.1327136198626917,-4.617758814488546,-4.890351716672079,0.6903629302978516,0.0,-0.0,0.0,0.0,0.0,0.0,0.0,0.0,0.0,0.0,0.0,0.0,0
1786495127,258415937,100.0,-1.7186310927020472,-1.7020791212665003,-1.1326420942889612,-4.617710892354147,-4.890363637601034,0.6903988718986511,0.0,-0.0,0.0,0.0,0.0,0.0,0.0,0.0,0.0,0.0,0.0,0.0,0
1786495127,278462409,100.0,-1.718619171773092,-1.702054802571432,-1.1326897780047815,-4.617770854626791,-4.890399638806478,0.6903629302978516,0.0,-0.0,0.0,0.0,0.0,0.0,0.0,0.0,0.0,0.0,0.0,0.0,0
1786495127,298659563,100.0,-1.718619171773092,-1.7020791212665003,-1.1326659361468714,-4.6177828947650355,-4.890363637601034,0.6903749108314514,0.0,-0.0,0.0,0.0,0.0,0.0,0.0,0.0,0.0,0.0,0.0,0.0,0
1786495127,318554401,100.0,-1.7186430136310022,-1.7020428816424769,-1.1326773802386683,-4.61781877676119,-4.890351716672079,0.6903988718986511,0.0,-0.0,0.0,0.0,0.0,0.0,0.0,0.0,0.0,0.0,0.0,0.0,0
1786495127,338446140,100.0,-1.7185710112201136,-1.702066723500387,-1.1327136198626917,-4.6177948156939905,-4.890399638806478,0.6903868913650513,0.0,-0.0,0.0,0.0,0.0,0.0,0.0,0.0,0.0,0.0,0.0,0.0,0
1786495127,358438730,100.0,-1.718607250844137,-1.7020791212665003,-1.1327016989337366,-4.617770854626791,-4.890387598668234,0.6903868913650513,0.0,-0.0,0.0,0.0,0.0,0.0,0.0,0.0,0.0,0.0,0.0,0.0,0
1786495127,378320932,100.0,-1.7186310927020472,-1.7021029631244105,-1.1326420942889612,-4.617806855832235,-4.890375677739279,0.6903509497642517,0.0,-0.0,0.0,0.0,0.0,0.0,0.0,0.0,0.0,0.0,0.0,0.0,0
1786495127,398675441,100.0,-1.7186430136310022,-1.7020910421954554,-1.1326659361468714,-4.6177948156939905,-4.890363637601034,0.6903629302978516,0.0,-0.0,0.0,0.0,0.0,0.0,0.0,0.0,0.0,0.0,0.0,0.0,0
1786495127,418382644,100.0,-1.7185829321490687,-1.7020309607135218,-1.1326420942889612,-4.617758814488546,-4.890375677739279,0.6903389096260071,0.0,-0.0,0.0,0.0,0.0,0.0,0.0,0.0,0.0,0.0,0.0,0.0,0
1786495127,438438892,100.0,-1.7185590902911585,-1.7021268049823206,-1.1327016989337366,-4.617770854626791,-4.890387598668234,0.6903389096260071,0.0,-0.0,0.0,0.0,0.0,0.0,0.0,0.0,0.0,0.0,0.0,0.0,0
1786495127,458404779,100.0,-1.718595329915182,-1.702066723500387,-1.1326659361468714,-4.617770854626791,-4.890399638806478,0.690410852432251,0.0,-0.0,0.0,0.0,0.0,0.0,0.0,0.0,0.0,0.0,0.0,0.0,0
1786495127,478601455,100.0,-1.718607250844137,-1.7020791212665003,-1.1326659361468714,-4.6177948156939905,-4.890387598668234,0.6903629302978516,0.0,-0.0,0.0,0.0,0.0,0.0,0.0,0.0,0.0,0.0,0.0,0.0,0
1786495127,498697757,100.0,-1.7185829321490687,-1.702066723500387,-1.1326540152179163,-4.6177828947650355,-4.890375677739279,0.6903749108314514,0.0,-0.0,0.0,0.0,0.0,0.0,0.0,0.0,0.0,0.0,0.0,0.0,0
1786495127,518357038,100.0,-1.718595329915182,-1.7020791212665003,-1.1326659361468714,-4.61781877676119,-4.890327755604879,0.690410852432251,0.0,-0.0,0.0,0.0,0.0,0.0,0.0,0.0,0.0,0.0,0.0,0.0,0
1786495127,538341283,100.0,-1.7185829321490687,-1.7020791212665003,-1.1326301733600062,-4.617758814488546,-4.890351716672079,0.6903389096260071,0.0,-0.0,0.0,0.0,0.0,0.0,0.0,0.0,0.0,0.0,0.0,0.0,0
1786495127,558566331,100.0,-1.7185233275042933,-1.7020428816424769,-1.1326659361468714,-4.617758814488546,-4.890375677739279,0.6903269290924072,0.0,-0.0,0.0,0.0,0.0,0.0,0.0,0.0,0.0,0.0,0.0,0.0,0
1786495127,578392267,100.0,-1.7185710112201136,-1.702054802571432,-1.1326301733600062,-4.6177948156939905,-4.890351716672079,0.6903629302978516,0.0,-0.0,0.0,0.0,0.0,0.0,0.0,0.0,0.0,0.0,0.0,0.0,0
1786495127,598600149,100.0,-1.718619171773092,-1.7021029631244105,-1.1326897780047815,-4.6177948156939905,-4.890387598668234,0.6903988718986511,0.0,-0.0,0.0,0.0,0.0,0.0,0.0,0.0,0.0,0.0,0.0,0.0,0
1786495127,618376731,100.0,-1.7186549345599573,-1.7021268049823206,-1.1327374617206019,-4.617746893559591,-4.890351716672079,0.6903629302978516,0.0,-0.0,0.0,0.0,0.0,0.0,0.0,0.0,0.0,0.0,0.0,0.0,0
1786495127,638633251,100.0,-1.7185829321490687,-1.7021029631244105,-1.1326659361468714,-4.61781877676119,-4.890351716672079,0.6903868913650513,0.0,-0.0,0.0,0.0,0.0,0.0,0.0,0.0,0.0,0.0,0.0,0.0,0
1786495127,658344745,100.0,-1.718595329915182,-1.7020910421954554,-1.1326773802386683,-4.617770854626791,-4.890327755604879,0.6904228329658508,0.0,-0.0,0.0,0.0,0.0,0.0,0.0,0.0,0.0,0.0,0.0,0.0,0
1786495127,678444623,100.0,-1.7185710112201136,-1.7020910421954554,-1.132749382649557,-4.617770854626791,-4.890315715466635,0.6904228329658508,0.0,-0.0,0.0,0.0,0.0,0.0,0.0,0.0,0.0,0.0,0.0,0.0,0
1786495127,699027299,100.0,-1.7185710112201136,-1.7020910421954554,-1.1326659361468714,-4.6177948156939905,-4.890375677739279,0.6903749108314514,0.0,-0.0,0.0,0.0,0.0,0.0,0.0,0.0,0.0,0.0,0.0,0.0,0
1786495127,718378543,100.0,-1.718607250844137,-1.7020791212665003,-1.1326897780047815,-4.617758814488546,-4.890387598668234,0.6903629302978516,0.0,-0.0,0.0,0.0,0.0,0.0,0.0,0.0,0.0,0.0,0.0,0.0,0
1786495127,738327503,100.0,-1.7185710112201136,-1.702054802571432,-1.1326540152179163,-4.6177828947650355,-4.890351716672079,0.6903509497642517,0.0,-0.0,0.0,0.0,0.0,0.0,0.0,0.0,0.0,0.0,0.0,0.0,0
1786495127,758589029,100.0,-1.718607250844137,-1.702054802571432,-1.1327016989337366,-4.617758814488546,-4.890351716672079,0.6903629302978516,0.0,-0.0,0.0,0.0,0.0,0.0,0.0,0.0,0.0,0.0,0.0,0.0,0
1786495127,778364896,100.0,-1.7185352484332483,-1.7021029631244105,-1.1326659361468714,-4.617758814488546,-4.890363637601034,0.6903509497642517,0.0,-0.0,0.0,0.0,0.0,0.0,0.0,0.0,0.0,0.0,0.0,0.0,0
1786495127,798574924,100.0,-1.718607250844137,-1.702054802571432,-1.1327016989337366,-4.617758814488546,-4.890375677739279,0.6903988718986511,0.0,-0.0,0.0,0.0,0.0,0.0,0.0,0.0,0.0,0.0,0.0,0.0,0
1786495127,818450927,100.0,-1.7185590902911585,-1.7020910421954554,-1.1326659361468714,-4.617758814488546,-4.890399638806478,0.690410852432251,0.0,-0.0,0.0,0.0,0.0,0.0,0.0,0.0,0.0,0.0,0.0,0.0,0
1786495127,838646888,100.0,-1.718607250844137,-1.702066723500387,-1.1326773802386683,-4.6177828947650355,-4.890339676533834,0.6903389096260071,0.0,-0.0,0.0,0.0,0.0,0.0,0.0,0.0,0.0,0.0,0.0,0.0,0
1786495127,858537912,100.0,-1.7185710112201136,-1.7021148840533655,-1.1326897780047815,-4.617722932492391,-4.890351716672079,0.6903509497642517,0.0,-0.0,0.0,0.0,0.0,0.0,0.0,0.0,0.0,0.0,0.0,0.0,0
1786495127,878585338,100.0,-1.7185710112201136,-1.702054802571432,-1.1326420942889612,-4.617770854626791,-4.890351716672079,0.6903389096260071,0.0,-0.0,0.0,0.0,0.0,0.0,0.0,0.0,0.0,0.0,0.0,0.0,0
1786495127,898443937,100.0,-1.7185590902911585,-1.7021029631244105,-1.1326540152179163,-4.617770854626791,-4.890339676533834,0.6903868913650513,0.0,-0.0,0.0,0.0,0.0,0.0,0.0,0.0,0.0,0.0,0.0,0.0,0
1786495127,918699026,100.0,-1.718595329915182,-1.7020910421954554,-1.1326897780047815,-4.6177348534213465,-4.890351716672079,0.6903749108314514,0.0,-0.0,0.0,0.0,0.0,0.0,0.0,0.0,0.0,0.0,0.0,0.0,0
1786495127,938365697,100.0,-1.7185471693622034,-1.7020428816424769,-1.1326897780047815,-4.617746893559591,-4.890375677739279,0.6903749108314514,0.0,-0.0,0.0,0.0,0.0,0.0,0.0,0.0,0.0,0.0,0.0,0.0,0
1786495127,958449363,100.0,-1.718619171773092,-1.7021029631244105,-1.1326659361468714,-4.6177828947650355,-4.890375677739279,0.6903509497642517,0.0,-0.0,0.0,0.0,0.0,0.0,0.0,0.0,0.0,0.0,0.0,0.0,0
1786495127,978571891,100.0,-1.7185710112201136,-1.7020428816424769,-1.1326897780047815,-4.617746893559591,-4.890339676533834,0.6903868913650513,0.0,-0.0,0.0,0.0,0.0,0.0,0.0,0.0,0.0,0.0,0.0,0.0,0
1786495127,998708248,100.0,-1.7185471693622034,-1.7020791212665003,-1.1326540152179163,-4.617770854626791,-4.890339676533834,0.6904228329658508,0.0,-0.0,0.0,0.0,0.0,0.0,0.0,0.0,0.0,0.0,0.0,0.0,0
1786495128,18364191,100.0,-1.718595329915182,-1.7020791212665003,-1.1327016989337366,-4.617770854626791,-4.890327755604879,0.6903389096260071,0.0,-0.0,0.0,0.0,0.0,0.0,0.0,0.0,0.0,0.0,0.0,0.0,0
1786495128,38583278,100.0,-1.7185710112201136,-1.702066723500387,-1.1326773802386683,-4.6177348534213465,-4.890375677739279,0.6903629302978516,0.0,-0.0,0.0,0.0,0.0,0.0,0.0,0.0,0.0,0.0,0.0,0.0,0
1786495128,58393239,100.0,-1.7185829321490687,-1.702054802571432,-1.1326773802386683,-4.6177348534213465,-4.890339676533834,0.6903988718986511,0.0,-0.0,0.0,0.0,0.0,0.0,0.0,0.0,0.0,0.0,0.0,0.0,0
1786495128,78580379,100.0,-1.7185829321490687,-1.7020910421954554,-1.1326659361468714,-4.617806855832235,-4.890399638806478,0.6903749108314514,0.0,-0.0,0.0,0.0,0.0,0.0,0.0,0.0,0.0,0.0,0.0,0.0,0
1786495128,98442316,100.0,-1.718607250844137,-1.7020791212665003,-1.1326773802386683,-4.617770854626791,-4.890363637601034,0.6903749108314514,0.0,-0.0,0.0,0.0,0.0,0.0,0.0,0.0,0.0,0.0,0.0,0.0,0
1786495128,118426084,100.0,-1.718607250844137,-1.702066723500387,-1.1326659361468714,-4.6177948156939905,-4.890363637601034,0.6903629302978516,0.0,-0.0,0.0,0.0,0.0,0.0,0.0,0.0,0.0,0.0,0.0,0.0,0
1786495128,138374090,100.0,-1.7185710112201136,-1.702066723500387,-1.1327255407916468,-4.6177948156939905,-4.890339676533834,0.6903149485588074,0.0,-0.0,0.0,0.0,0.0,0.0,0.0,0.0,0.0,0.0,0.0,0.0,0
1786495128,158420324,100.0,-1.718619171773092,-1.7021029631244105,-1.132618252431051,-4.617770854626791,-4.890387598668234,0.6903749108314514,0.0,-0.0,0.0,0.0,0.0,0.0,0.0,0.0,0.0,0.0,0.0,0.0,0
1786495128,178374290,100.0,-1.718607250844137,-1.7021029631244105,-1.1326659361468714,-4.617770854626791,-4.890363637601034,0.6903749108314514,0.0,-0.0,0.0,0.0,0.0,0.0,0.0,0.0,0.0,0.0,0.0,0.0,0
1786495128,198707818,100.0,-1.718607250844137,-1.702066723500387,-1.1327016989337366,-4.617806855832235,-4.890351716672079,0.6903629302978516,0.0,-0.0,0.0,0.0,0.0,0.0,0.0,0.0,0.0,0.0,0.0,0.0,0
1786495128,218383789,100.0,-1.718607250844137,-1.7021148840533655,-1.1327016989337366,-4.617758814488546,-4.890363637601034,0.6903389096260071,0.0,-0.0,0.0,0.0,0.0,0.0,0.0,0.0,0.0,0.0,0.0,0.0,0
1786495128,238390445,100.0,-1.718607250844137,-1.702054802571432,-1.1326301733600062,-4.617746893559591,-4.890363637601034,0.6903389096260071,0.0,-0.0,0.0,0.0,0.0,0.0,0.0,0.0,0.0,0.0,0.0,0.0,0
1786495128,258383274,100.0,-1.718607250844137,-1.702066723500387,-1.1326659361468714,-4.6177828947650355,-4.890363637601034,0.6903868913650513,0.0,-0.0,0.0,0.0,0.0,0.0,0.0,0.0,0.0,0.0,0.0,0.0,0
1786495128,278670549,100.0,-1.7185710112201136,-1.7020428816424769,-1.1326897780047815,-4.617758814488546,-4.890363637601034,0.6904228329658508,0.0,-0.0,0.0,0.0,0.0,0.0,0.0,0.0,0.0,0.0,0.0,0.0,0
1786495128,298648595,100.0,-1.7185710112201136,-1.7020910421954554,-1.1326897780047815,-4.6177948156939905,-4.890363637601034,0.6903629302978516,0.0,-0.0,0.0,0.0,0.0,0.0,0.0,0.0,0.0,0.0,0.0,0.0,0
1786495128,318398714,100.0,-1.718607250844137,-1.7020910421954554,-1.1327016989337366,-4.617770854626791,-4.890339676533834,0.6903868913650513,0.0,-0.0,0.0,0.0,0.0,0.0,0.0,0.0,0.0,0.0,0.0,0.0,0
1786495128,338450193,100.0,-1.7185829321490687,-1.702054802571432,-1.1326773802386683,-4.617806855832235,-4.890375677739279,0.690410852432251,0.0,-0.0,0.0,0.0,0.0,0.0,0.0,0.0,0.0,0.0,0.0,0.0,0
1786495128,358510732,100.0,-1.7185710112201136,-1.7020309607135218,-1.1326659361468714,-4.617722932492391,-4.890375677739279,0.6903868913650513,0.0,-0.0,0.0,0.0,0.0,0.0,0.0,0.0,0.0,0.0,0.0,0.0,0
1786495128,378373384,100.0,-1.7185471693622034,-1.7020309607135218,-1.1326420942889612,-4.617758814488546,-4.890327755604879,0.6903749108314514,0.0,-0.0,0.0,0.0,0.0,0.0,0.0,0.0,0.0,0.0,0.0,0.0,0
1786495128,398567676,100.0,-1.718595329915182,-1.7020428816424769,-1.1327016989337366,-4.61781877676119,-4.890387598668234,0.6903629302978516,0.0,-0.0,0.0,0.0,0.0,0.0,0.0,0.0,0.0,0.0,0.0,0.0,0
1786495128,418366432,100.0,-1.7185710112201136,-1.7020428816424769,-1.1326659361468714,-4.617806855832235,-4.890412036572592,0.690410852432251,0.0,-0.0,0.0,0.0,0.0,0.0,0.0,0.0,0.0,0.0,0.0,0.0,0
1786495128,438594341,100.0,-1.7185710112201136,-1.7020428816424769,-1.1326659361468714,-4.617806855832235,-4.890375677739279,0.690410852432251,0.0,-0.0,0.0,0.0,0.0,0.0,0.0,0.0,0.0,0.0,0.0,0.0,0
1786495128,458321809,100.0,-1.7185471693622034,-1.7020428816424769,-1.1326773802386683,-4.6177348534213465,-4.890375677739279,0.6903629302978516,0.0,-0.0,0.0,0.0,0.0,0.0,0.0,0.0,0.0,0.0,0.0,0.0,0
1786495128,478377580,100.0,-1.718595329915182,-1.7020910421954554,-1.1326897780047815,-4.617746893559591,-4.890363637601034,0.6904228329658508,0.0,-0.0,0.0,0.0,0.0,0.0,0.0,0.0,0.0,0.0,0.0,0.0,0
1786495128,498732089,100.0,-1.7185590902911585,-1.7021029631244105,-1.1326897780047815,-4.61781877676119,-4.890375677739279,0.6903749108314514,0.0,-0.0,0.0,0.0,0.0,0.0,0.0,0.0,0.0,0.0,0.0,0.0,0
1786495128,518419265,100.0,-1.718607250844137,-1.7020791212665003,-1.1326773802386683,-4.617758814488546,-4.890399638806478,0.6903629302978516,0.0,-0.0,0.0,0.0,0.0,0.0,0.0,0.0,0.0,0.0,0.0,0.0,0
1786495128,538352012,100.0,-1.7185710112201136,-1.7020791212665003,-1.132618252431051,-4.6177348534213465,-4.890375677739279,0.6903629302978516,0.0,-0.0,0.0,0.0,0.0,0.0,0.0,0.0,0.0,0.0,0.0,0.0,0
1786495128,558521032,100.0,-1.718595329915182,-1.7020910421954554,-1.1326659361468714,-4.617758814488546,-4.890387598668234,0.6903749108314514,0.0,-0.0,0.0,0.0,0.0,0.0,0.0,0.0,0.0,0.0,0.0,0.0,0
1786495128,578359603,100.0,-1.718607250844137,-1.702066723500387,-1.1327136198626917,-4.6177948156939905,-4.890375677739279,0.6903509497642517,0.0,-0.0,0.0,0.0,0.0,0.0,0.0,0.0,0.0,0.0,0.0,0.0,0
1786495128,598612070,100.0,-1.7186310927020472,-1.7020910421954554,-1.1326773802386683,-4.617758814488546,-4.890363637601034,0.6903629302978516,0.0,-0.0,0.0,0.0,0.0,0.0,0.0,0.0,0.0,0.0,0.0,0.0,0
1786495128,618430137,100.0,-1.718607250844137,-1.702066723500387,-1.1326773802386683,-4.617746893559591,-4.890327755604879,0.6903988718986511,0.0,-0.0,0.0,0.0,0.0,0.0,0.0,0.0,0.0,0.0,0.0,0.0,0
1786495128,638551712,100.0,-1.7186310927020472,-1.7020190397845667,-1.1326659361468714,-4.617746893559591,-4.890375677739279,0.6903629302978516,0.0,-0.0,0.0,0.0,0.0,0.0,0.0,0.0,0.0,0.0,0.0,0.0,0
1786495128,658383846,100.0,-1.7185590902911585,-1.7020791212665003,-1.1326659361468714,-4.6177828947650355,-4.890351716672079,0.6903988718986511,0.0,-0.0,0.0,0.0,0.0,0.0,0.0,0.0,0.0,0.0,0.0,0.0,0
1786495128,678451776,100.0,-1.718595329915182,-1.7021148840533655,-1.1327016989337366,-4.617770854626791,-4.890351716672079,0.6903868913650513,0.0,-0.0,0.0,0.0,0.0,0.0,0.0,0.0,0.0,0.0,0.0,0.0,0
1786495128,698365688,100.0,-1.7185829321490687,-1.702054802571432,-1.1326659361468714,-4.617758814488546,-4.890363637601034,0.6903629302978516,0.0,-0.0,0.0,0.0,0.0,0.0,0.0,0.0,0.0,0.0,0.0,0.0,0
1786495128,718435764,100.0,-1.718619171773092,-1.7020910421954554,-1.1326540152179163,-4.617770854626791,-4.890412036572592,0.6904228329658508,0.0,-0.0,0.0,0.0,0.0,0.0,0.0,0.0,0.0,0.0,0.0,0.0,0
1786495128,738446235,100.0,-1.7185590902911585,-1.7021148840533655,-1.1326659361468714,-4.617758814488546,-4.890339676533834,0.690410852432251,0.0,-0.0,0.0,0.0,0.0,0.0,0.0,0.0,0.0,0.0,0.0,0.0,0
1786495128,758553266,100.0,-1.7186310927020472,-1.702066723500387,-1.1327016989337366,-4.617746893559591,-4.890375677739279,0.6903269290924072,0.0,-0.0,0.0,0.0,0.0,0.0,0.0,0.0,0.0,0.0,0.0,0.0,0
1786495128,778460264,100.0,-1.718607250844137,-1.702066723500387,-1.1326659361468714,-4.617770854626791,-4.890375677739279,0.6903868913650513,0.0,-0.0,0.0,0.0,0.0,0.0,0.0,0.0,0.0,0.0,0.0,0.0,0
1786495128,798640489,100.0,-1.7185710112201136,-1.702066723500387,-1.1326897780047815,-4.617806855832235,-4.890351716672079,0.690410852432251,0.0,-0.0,0.0,0.0,0.0,0.0,0.0,0.0,0.0,0.0,0.0,0.0,0
1786495128,818503856,100.0,-1.7185710112201136,-1.7020910421954554,-1.1326659361468714,-4.6177948156939905,-4.890375677739279,0.6903749108314514,0.0,-0.0,0.0,0.0,0.0,0.0,0.0,0.0,0.0,0.0,0.0,0.0,0
1786495128,838548898,100.0,-1.7185829321490687,-1.7021029631244105,-1.1327136198626917,-4.617722932492391,-4.890327755604879,0.6903269290924072,0.0,-0.0,0.0,0.0,0.0,0.0,0.0,0.0,0.0,0.0,0.0,0.0,0
1786495128,858350276,100.0,-1.718595329915182,-1.7020428816424769,-1.1326773802386683,-4.617746893559591,-4.890387598668234,0.6903749108314514,0.0,-0.0,0.0,0.0,0.0,0.0,0.0,0.0,0.0,0.0,0.0,0.0,0
1786495128,878601074,100.0,-1.7185829321490687,-1.7020428816424769,-1.1326540152179163,-4.617770854626791,-4.890375677739279,0.6903868913650513,0.0,-0.0,0.0,0.0,0.0,0.0,0.0,0.0,0.0,0.0,0.0,0.0,0
1786495128,898559570,100.0,-1.718607250844137,-1.7021387259112757,-1.1326540152179163,-4.617758814488546,-4.890351716672079,0.6903509497642517,0.0,-0.0,0.0,0.0,0.0,0.0,0.0,0.0,0.0,0.0,0.0,0.0,0
1786495128,918438196,100.0,-1.7185829321490687,-1.7020309607135218,-1.1326773802386683,-4.617758814488546,-4.890387598668234,0.6903509497642517,0.0,-0.0,0.0,0.0,0.0,0.0,0.0,0.0,0.0,0.0,0.0,0.0,0
1786495128,938370704,100.0,-1.7185829321490687,-1.7020428816424769,-1.1326897780047815,-4.617746893559591,-4.890339676533834,0.6903868913650513,0.0,-0.0,0.0,0.0,0.0,0.0,0.0,0.0,0.0,0.0,0.0,0.0,0
1786495128,958523273,100.0,-1.7185829321490687,-1.702066723500387,-1.1326773802386683,-4.6177828947650355,-4.890351716672079,0.6903868913650513,0.0,-0.0,0.0,0.0,0.0,0.0,0.0,0.0,0.0,0.0,0.0,0.0,0
1786495128,978421926,100.0,-1.7186310927020472,-1.702066723500387,-1.1326659361468714,-4.6177948156939905,-4.890387598668234,0.690410852432251,0.0,-0.0,0.0,0.0,0.0,0.0,0.0,0.0,0.0,0.0,0.0,0.0,0
1786495128,998616218,100.0,-1.718595329915182,-1.7021029631244105,-1.1327016989337366,-4.617758814488546,-4.890375677739279,0.6903629302978516,0.0,-0.0,0.0,0.0,0.0,0.0,0.0,0.0,0.0,0.0,0.0,0.0,0
1786495129,18453836,100.0,-1.7185590902911585,-1.7020910421954554,-1.1326773802386683,-4.6177828947650355,-4.890375677739279,0.6903629302978516,0.0,-0.0,0.0,0.0,0.0,0.0,0.0,0.0,0.0,0.0,0.0,0.0,0
1786495129,38583517,100.0,-1.718595329915182,-1.7020910421954554,-1.1326540152179163,-4.6177828947650355,-4.890412036572592,0.6903509497642517,0.0,-0.0,0.0,0.0,0.0,0.0,0.0,0.0,0.0,0.0,0.0,0.0,0
1786495129,58330297,100.0,-1.7186310927020472,-1.702054802571432,-1.1327016989337366,-4.6177948156939905,-4.890363637601034,0.6903509497642517,0.0,-0.0,0.0,0.0,0.0,0.0,0.0,0.0,0.0,0.0,0.0,0.0,0
1786495129,78565120,100.0,-1.7185710112201136,-1.7020910421954554,-1.1326773802386683,-4.617806855832235,-4.890387598668234,0.6903749108314514,0.0,-0.0,0.0,0.0,0.0,0.0,0.0,0.0,0.0,0.0,0.0,0.0,0
1786495129,98617076,100.0,-1.718595329915182,-1.702066723500387,-1.1326540152179163,-4.617758814488546,-4.890351716672079,0.6903749108314514,0.0,-0.0,0.0,0.0,0.0,0.0,0.0,0.0,0.0,0.0,0.0,0.0,0
1786495129,118456602,100.0,-1.7186430136310022,-1.7021268049823206,-1.1326540152179163,-4.617806855832235,-4.890327755604879,0.6903868913650513,0.0,-0.0,0.0,0.0,0.0,0.0,0.0,0.0,0.0,0.0,0.0,0.0,0
1786495129,138380050,100.0,-1.718607250844137,-1.7020791212665003,-1.1326897780047815,-4.6177348534213465,-4.890375677739279,0.6903868913650513,0.0,-0.0,0.0,0.0,0.0,0.0,0.0,0.0,0.0,0.0,0.0,0.0,0
1786495129,158442020,100.0,-1.718619171773092,-1.7020791212665003,-1.1326897780047815,-4.6177348534213465,-4.890363637601034,0.6903629302978516,0.0,-0.0,0.0,0.0,0.0,0.0,0.0,0.0,0.0,0.0,0.0,0.0,0
1786495129,178416728,100.0,-1.7185829321490687,-1.7020910421954554,-1.1326540152179163,-4.617770854626791,-4.890399638806478,0.6903868913650513,0.0,-0.0,0.0,0.0,0.0,0.0,0.0,0.0,0.0,0.0,0.0,0.0,0
1786495129,198637723,100.0,-1.718595329915182,-1.7020910421954554,-1.1327136198626917,-4.617770854626791,-4.890387598668234,0.6903629302978516,0.0,-0.0,0.0,0.0,0.0,0.0,0.0,0.0,0.0,0.0,0.0,0.0,0
1786495129,218454837,100.0,-1.718607250844137,-1.702066723500387,-1.1327016989337366,-4.6177828947650355,-4.890339676533834,0.6903509497642517,0.0,-0.0,0.0,0.0,0.0,0.0,0.0,0.0,0.0,0.0,0.0,0.0,0
1786495129,238626003,100.0,-1.7185471693622034,-1.7020791212665003,-1.1326659361468714,-4.6177828947650355,-4.890387598668234,0.6903629302978516,0.0,-0.0,0.0,0.0,0.0,0.0,0.0,0.0,0.0,0.0,0.0,0.0,0
1786495129,258433341,100.0,-1.718595329915182,-1.7020910421954554,-1.1327016989337366,-4.617722932492391,-4.890375677739279,0.6903988718986511,0.0,-0.0,0.0,0.0,0.0,0.0,0.0,0.0,0.0,0.0,0.0,0.0,0
1786495129,278554677,100.0,-1.7185710112201136,-1.702066723500387,-1.1326773802386683,-4.617770854626791,-4.890339676533834,0.6903629302978516,0.0,-0.0,0.0,0.0,0.0,0.0,0.0,0.0,0.0,0.0,0.0,0.0,0
1786495129,298633813,100.0,-1.718595329915182,-1.7020428816424769,-1.1327016989337366,-4.617806855832235,-4.890375677739279,0.6903389096260071,0.0,-0.0,0.0,0.0,0.0,0.0,0.0,0.0,0.0,0.0,0.0,0.0,0
1786495129,318418741,100.0,-1.718619171773092,-1.702066723500387,-1.1326301733600062,-4.617770854626791,-4.890363637601034,0.6903988718986511,0.0,-0.0,0.0,0.0,0.0,0.0,0.0,0.0,0.0,0.0,0.0,0.0,0
1786495129,338376760,100.0,-1.718619171773092,-1.7020791212665003,-1.1326420942889612,-4.617770854626791,-4.890339676533834,0.690410852432251,0.0,-0.0,0.0,0.0,0.0,0.0,0.0,0.0,0.0,0.0,0.0,0.0,0
1786495129,358511209,100.0,-1.7185829321490687,-1.702066723500387,-1.1327016989337366,-4.617770854626791,-4.890363637601034,0.6903868913650513,0.0,-0.0,0.0,0.0,0.0,0.0,0.0,0.0,0.0,0.0,0.0,0.0,0
1786495129,378514289,100.0,-1.7186310927020472,-1.702066723500387,-1.1326659361468714,-4.617746893559591,-4.890423957501547,0.6904228329658508,0.0,-0.0,0.0,0.0,0.0,0.0,0.0,0.0,0.0,0.0,0.0,0.0,0
1786495129,398595571,100.0,-1.7185710112201136,-1.7020428816424769,-1.1327016989337366,-4.617770854626791,-4.890363637601034,0.6903509497642517,0.0,-0.0,0.0,0.0,0.0,0.0,0.0,0.0,0.0,0.0,0.0,0.0,0
1786495129,418442010,100.0,-1.718607250844137,-1.7020190397845667,-1.1327136198626917,-4.617770854626791,-4.890339676533834,0.6903988718986511,0.0,-0.0,0.0,0.0,0.0,0.0,0.0,0.0,0.0,0.0,0.0,0.0,0
1786495129,438684940,100.0,-1.7185471693622034,-1.7020428816424769,-1.1326659361468714,-4.61781877676119,-4.890375677739279,0.6903868913650513,0.0,-0.0,0.0,0.0,0.0,0.0,0.0,0.0,0.0,0.0,0.0,0.0,0
1786495129,458332777,100.0,-1.7185710112201136,-1.7020791212665003,-1.1326540152179163,-4.6177828947650355,-4.890327755604879,0.6903509497642517,0.0,-0.0,0.0,0.0,0.0,0.0,0.0,0.0,0.0,0.0,0.0,0.0,0
1786495129,478458166,100.0,-1.718619171773092,-1.702054802571432,-1.1326659361468714,-4.6177828947650355,-4.890315715466635,0.6903509497642517,0.0,-0.0,0.0,0.0,0.0,0.0,0.0,0.0,0.0,0.0,0.0,0.0,0
1786495129,498452901,100.0,-1.718595329915182,-1.7020910421954554,-1.1326659361468714,-4.6177828947650355,-4.890412036572592,0.6903868913650513,0.0,-0.0,0.0,0.0,0.0,0.0,0.0,0.0,0.0,0.0,0.0,0.0,0
1786495129,518594026,100.0,-1.7185710112201136,-1.7020428816424769,-1.1326897780047815,-4.617746893559591,-4.890387598668234,0.6903269290924072,0.0,-0.0,0.0,0.0,0.0,0.0,0.0,0.0,0.0,0.0,0.0,0.0,0
1786495129,538527965,100.0,-1.7185114065753382,-1.702054802571432,-1.1326773802386683,-4.6177828947650355,-4.890327755604879,0.6903629302978516,0.0,-0.0,0.0,0.0,0.0,0.0,0.0,0.0,0.0,0.0,0.0,0.0,0
1786495129,558421611,100.0,-1.7185590902911585,-1.7020791212665003,-1.1326659361468714,-4.6177828947650355,-4.890351716672079,0.6903749108314514,0.0,-0.0,0.0,0.0,0.0,0.0,0.0,0.0,0.0,0.0,0.0,0.0,0
1786495129,578411102,100.0,-1.7185710112201136,-1.7021268049823206,-1.1326773802386683,-4.61781877676119,-4.890351716672079,0.6903988718986511,0.0,-0.0,0.0,0.0,0.0,0.0,0.0,0.0,0.0,0.0,0.0,0.0,0
1786495129,598591804,100.0,-1.7185829321490687,-1.7021148840533655,-1.1326897780047815,-4.6177828947650355,-4.890375677739279,0.6903868913650513,0.0,-0.0,0.0,0.0,0.0,0.0,0.0,0.0,0.0,0.0,0.0,0.0,0
1786495129,618374586,100.0,-1.7185829321490687,-1.7021029631244105,-1.1326540152179163,-4.617746893559591,-4.890351716672079,0.6903629302978516,0.0,-0.0,0.0,0.0,0.0,0.0,0.0,0.0,0.0,0.0,0.0,0.0,0
1786495129,638558149,100.0,-1.7185710112201136,-1.7020791212665003,-1.1326659361468714,-4.617770854626791,-4.890399638806478,0.6903988718986511,0.0,-0.0,0.0,0.0,0.0,0.0,0.0,0.0,0.0,0.0,0.0,0.0,0
1786495129,658575057,100.0,-1.718607250844137,-1.7021148840533655,-1.1326540152179163,-4.617770854626791,-4.890351716672079,0.6903509497642517,0.0,-0.0,0.0,0.0,0.0,0.0,0.0,0.0,0.0,0.0,0.0,0.0,0
1786495129,678424596,100.0,-1.7185829321490687,-1.7020791212665003,-1.1326659361468714,-4.617758814488546,-4.890387598668234,0.6903988718986511,0.0,-0.0,0.0,0.0,0.0,0.0,0.0,0.0,0.0,0.0,0.0,0.0,0
1786495129,698529005,100.0,-1.718607250844137,-1.702066723500387,-1.1326773802386683,-4.6177948156939905,-4.890339676533834,0.6903988718986511,0.0,-0.0,0.0,0.0,0.0,0.0,0.0,0.0,0.0,0.0,0.0,0.0,0
1786495129,718602895,100.0,-1.718607250844137,-1.7020791212665003,-1.1326540152179163,-4.6177828947650355,-4.890339676533834,0.690410852432251,0.0,-0.0,0.0,0.0,0.0,0.0,0.0,0.0,0.0,0.0,0.0,0.0,0
1786495129,738443374,100.0,-1.718607250844137,-1.702066723500387,-1.1326420942889612,-4.6177828947650355,-4.890375677739279,0.6903749108314514,0.0,-0.0,0.0,0.0,0.0,0.0,0.0,0.0,0.0,0.0,0.0,0.0,0
1786495129,758451461,100.0,-1.7185829321490687,-1.7020791212665003,-1.1326301733600062,-4.617770854626791,-4.890375677739279,0.6903629302978516,0.0,-0.0,0.0,0.0,0.0,0.0,0.0,0.0,0.0,0.0,0.0,0.0,0
1786495129,778581857,100.0,-1.7185829321490687,-1.7020791212665003,-1.1326540152179163,-4.617806855832235,-4.890327755604879,0.6903509497642517,0.0,-0.0,0.0,0.0,0.0,0.0,0.0,0.0,0.0,0.0,0.0,0.0,0
1786495129,798579454,100.0,-1.7185829321490687,-1.7020910421954554,-1.1326659361468714,-4.617758814488546,-4.890387598668234,0.6903868913650513,0.0,-0.0,0.0,0.0,0.0,0.0,0.0,0.0,0.0,0.0,0.0,0.0,0
1786495129,818332910,100.0,-1.7185352484332483,-1.7021029631244105,-1.1326897780047815,-4.6177828947650355,-4.890351716672079,0.6903868913650513,0.0,-0.0,0.0,0.0,0.0,0.0,0.0,0.0,0.0,0.0,0.0,0.0,0
1786495129,838542699,100.0,-1.718595329915182,-1.702066723500387,-1.1327016989337366,-4.617746893559591,-4.890387598668234,0.6903509497642517,0.0,-0.0,0.0,0.0,0.0,0.0,0.0,0.0,0.0,0.0,0.0,0.0,0
1786495129,858321905,100.0,-1.718595329915182,-1.7020791212665003,-1.1327016989337366,-4.617746893559591,-4.890399638806478,0.6903629302978516,0.0,-0.0,0.0,0.0,0.0,0.0,0.0,0.0,0.0,0.0,0.0,0.0,0
1786495129,878640413,100.0,-1.7186549345599573,-1.7021268049823206,-1.1326540152179163,-4.61781877676119,-4.890387598668234,0.6903629302978516,0.0,-0.0,0.0,0.0,0.0,0.0,0.0,0.0,0.0,0.0,0.0,0.0,0
1786495129,898620843,100.0,-1.7185829321490687,-1.7020791212665003,-1.1326897780047815,-4.617770854626791,-4.890363637601034,0.6903988718986511,0.0,-0.0,0.0,0.0,0.0,0.0,0.0,0.0,0.0,0.0,0.0,0.0,0
1786495129,918526649,100.0,-1.718619171773092,-1.702054802571432,-1.1326540152179163,-4.617770854626791,-4.890375677739279,0.6903988718986511,0.0,-0.0,0.0,0.0,0.0,0.0,0.0,0.0,0.0,0.0,0.0,0.0,0
1786495129,938499927,100.0,-1.7185590902911585,-1.7020791212665003,-1.1326897780047815,-4.617806855832235,-4.890339676533834,0.6903389096260071,0.0,-0.0,0.0,0.0,0.0,0.0,0.0,0.0,0.0,0.0,0.0,0.0,0
1786495129,958600282,100.0,-1.7185829321490687,-1.7020791212665003,-1.1327255407916468,-4.6177828947650355,-4.890387598668234,0.6903389096260071,0.0,-0.0,0.0,0.0,0.0,0.0,0.0,0.0,0.0,0.0,0.0,0.0,0
1786495129,978408813,100.0,-1.7185829321490687,-1.7021148840533655,-1.1326773802386683,-4.617770854626791,-4.890375677739279,0.6903509497642517,0.0,-0.0,0.0,0.0,0.0,0.0,0.0,0.0,0.0,0.0,0.0,0.0,0
1786495129,998585939,100.0,-1.718607250844137,-1.7021148840533655,-1.1326659361468714,-4.6177948156939905,-4.890351716672079,0.690410852432251,0.0,-0.0,0.0,0.0,0.0,0.0,0.0,0.0,0.0,0.0,0.0,0.0,0
1786495130,18389701,100.0,-1.718595329915182,-1.7020190397845667,-1.1326897780047815,-4.6177948156939905,-4.890339676533834,0.6903868913650513,0.0,-0.0,0.0,0.0,0.0,0.0,0.0,0.0,0.0,0.0,0.0,0.0,0
1786495130,38542509,100.0,-1.718619171773092,-1.702054802571432,-1.1326773802386683,-4.617770854626791,-4.890375677739279,0.6903389096260071,0.0,-0.0,0.0,0.0,0.0,0.0,0.0,0.0,0.0,0.0,0.0,0.0,0
1786495130,58366060,100.0,-1.7185829321490687,-1.7021148840533655,-1.1327016989337366,-4.617806855832235,-4.890327755604879,0.6903988718986511,0.0,-0.0,0.0,0.0,0.0,0.0,0.0,0.0,0.0,0.0,0.0,0.0,0
1786495130,78420162,100.0,-1.718607250844137,-1.702066723500387,-1.1327255407916468,-4.617758814488546,-4.890387598668234,0.6903749108314514,0.0,-0.0,0.0,0.0,0.0,0.0,0.0,0.0,0.0,0.0,0.0,0.0,0
1786495130,98844528,100.0,-1.718619171773092,-1.7020791212665003,-1.1327136198626917,-4.6177828947650355,-4.890375677739279,0.6904228329658508,0.0,-0.0,0.0,0.0,0.0,0.0,0.0,0.0,0.0,0.0,0.0,0.0,0
1786495130,118608951,100.0,-1.7185829321490687,-1.7020428816424769,-1.1326659361468714,-4.617758814488546,-4.890387598668234,0.6903269290924072,0.0,-0.0,0.0,0.0,0.0,0.0,0.0,0.0,0.0,0.0,0.0,0.0,0
1786495130,138452529,100.0,-1.718607250844137,-1.702054802571432,-1.1326773802386683,-4.6177948156939905,-4.890339676533834,0.6903749108314514,0.0,-0.0,0.0,0.0,0.0,0.0,0.0,0.0,0.0,0.0,0.0,0.0,0
1786495130,158451795,100.0,-1.718607250844137,-1.702066723500387,-1.1327136198626917,-4.6177948156939905,-4.890387598668234,0.6903868913650513,0.0,-0.0,0.0,0.0,0.0,0.0,0.0,0.0,0.0,0.0,0.0,0.0,0
1786495130,178349494,100.0,-1.7185471693622034,-1.7020791212665003,-1.1326420942889612,-4.61781877676119,-4.890387598668234,0.6903629302978516,0.0,-0.0,0.0,0.0,0.0,0.0,0.0,0.0,0.0,0.0,0.0,0.0,0
1786495130,198956966,100.0,-1.718595329915182,-1.7021029631244105,-1.1326897780047815,-4.6177948156939905,-4.890363637601034,0.6903509497642517,0.0,-0.0,0.0,0.0,0.0,0.0,0.0,0.0,0.0,0.0,0.0,0.0,0
1786495130,218356132,100.0,-1.7185710112201136,-1.7021029631244105,-1.1326773802386683,-4.6177948156939905,-4.890351716672079,0.6903868913650513,0.0,-0.0,0.0,0.0,0.0,0.0,0.0,0.0,0.0,0.0,0.0,0.0,0
1786495130,238670587,100.0,-1.7185590902911585,-1.7020428816424769,-1.1326659361468714,-4.617806855832235,-4.890375677739279,0.6903749108314514,0.0,-0.0,0.0,0.0,0.0,0.0,0.0,0.0,0.0,0.0,0.0,0.0,0
1786495130,258419513,100.0,-1.718595329915182,-1.7021029631244105,-1.1326773802386683,-4.617746893559591,-4.890375677739279,0.6903629302978516,0.0,-0.0,0.0,0.0,0.0,0.0,0.0,0.0,0.0,0.0,0.0,0.0,0
1786495130,278654575,100.0,-1.718595329915182,-1.7021029631244105,-1.1326540152179163,-4.617770854626791,-4.890363637601034,0.6903389096260071,0.0,-0.0,0.0,0.0,0.0,0.0,0.0,0.0,0.0,0.0,0.0,0.0,0
1786495130,298716306,100.0,-1.718619171773092,-1.7020910421954554,-1.1326773802386683,-4.617770854626791,-4.890363637601034,0.690410852432251,0.0,-0.0,0.0,0.0,0.0,0.0,0.0,0.0,0.0,0.0,0.0,0.0,0
1786495130,318634986,100.0,-1.718595329915182,-1.7021387259112757,-1.1326659361468714,-4.61781877676119,-4.890339676533834,0.6903988718986511,0.0,-0.0,0.0,0.0,0.0,0.0,0.0,0.0,0.0,0.0,0.0,0.0,0
1786495130,338509798,100.0,-1.718595329915182,-1.7020428816424769,-1.1326659361468714,-4.6177828947650355,-4.890399638806478,0.6903629302978516,0.0,-0.0,0.0,0.0,0.0,0.0,0.0,0.0,0.0,0.0,0.0,0.0,0
1786495130,358517646,100.0,-1.7185590902911585,-1.702066723500387,-1.1327136198626917,-4.617758814488546,-4.890351716672079,0.6903749108314514,0.0,-0.0,0.0,0.0,0.0,0.0,0.0,0.0,0.0,0.0,0.0,0.0,0
1786495130,378415584,100.0,-1.7186310927020472,-1.702066723500387,-1.1327136198626917,-4.617758814488546,-4.890387598668234,0.6903988718986511,0.0,-0.0,0.0,0.0,0.0,0.0,0.0,0.0,0.0,0.0,0.0,0.0,0
1786495130,398672103,100.0,-1.7185829321490687,-1.7020910421954554,-1.1326773802386683,-4.6177828947650355,-4.890387598668234,0.6903988718986511,0.0,-0.0,0.0,0.0,0.0,0.0,0.0,0.0,0.0,0.0,0.0,0.0,0
1786495130,418518543,100.0,-1.7185590902911585,-1.7021029631244105,-1.1327136198626917,-4.617830816899435,-4.890412036572592,0.6904228329658508,0.0,-0.0,0.0,0.0,0.0,0.0,0.0,0.0,0.0,0.0,0.0,0.0,0
1786495130,438668727,100.0,-1.7185829321490687,-1.702066723500387,-1.1327136198626917,-4.61781877676119,-4.890363637601034,0.690410852432251,0.0,-0.0,0.0,0.0,0.0,0.0,0.0,0.0,0.0,0.0,0.0,0.0,0
1786495130,458359003,100.0,-1.718619171773092,-1.702054802571432,-1.1326420942889612,-4.617758814488546,-4.890339676533834,0.6903868913650513,0.0,-0.0,0.0,0.0,0.0,0.0,0.0,0.0,0.0,0.0,0.0,0.0,0
1786495130,478632211,100.0,-1.7185829321490687,-1.7021029631244105,-1.1327016989337366,-4.617806855832235,-4.890339676533834,0.690410852432251,0.0,-0.0,0.0,0.0,0.0,0.0,0.0,0.0,0.0,0.0,0.0,0.0,0
1786495130,498810768,100.0,-1.718607250844137,-1.7021148840533655,-1.1327255407916468,-4.6177828947650355,-4.890399638806478,0.6903868913650513,0.0,-0.0,0.0,0.0,0.0,0.0,0.0,0.0,0.0,0.0,0.0,0.0,0
1786495130,518411874,100.0,-1.718607250844137,-1.702054802571432,-1.1327136198626917,-4.6177348534213465,-4.890339676533834,0.6903749108314514,0.0,-0.0,0.0,0.0,0.0,0.0,0.0,0.0,0.0,0.0,0.0,0.0,0
1786495130,538418292,100.0,-1.7186310927020472,-1.7020910421954554,-1.1326540152179163,-4.6177828947650355,-4.890363637601034,0.6903988718986511,0.0,-0.0,0.0,0.0,0.0,0.0,0.0,0.0,0.0,0.0,0.0,0.0,0
1786495130,558752536,100.0,-1.7185710112201136,-1.7020791212665003,-1.1327136198626917,-4.617770854626791,-4.890339676533834,0.6903629302978516,0.0,-0.0,0.0,0.0,0.0,0.0,0.0,0.0,0.0,0.0,0.0,0.0,0
1786495130,578595161,100.0,-1.7185710112201136,-1.7020428816424769,-1.1327374617206019,-4.6177828947650355,-4.890387598668234,0.6903389096260071,0.0,-0.0,0.0,0.0,0.0,0.0,0.0,0.0,0.0,0.0,0.0,0.0,0
1786495130,598722219,100.0,-1.718607250844137,-1.7021148840533655,-1.1327016989337366,-4.6177828947650355,-4.890375677739279,0.6903629302978516,0.0,-0.0,0.0,0.0,0.0,0.0,0.0,0.0,0.0,0.0,0.0,0.0,0
1786495130,618393898,100.0,-1.7185590902911585,-1.702066723500387,-1.1326540152179163,-4.617746893559591,-4.890399638806478,0.6903629302978516,0.0,-0.0,0.0,0.0,0.0,0.0,0.0,0.0,0.0,0.0,0.0,0.0,0
1786495130,638716220,100.0,-1.7185590902911585,-1.7020791212665003,-1.1326659361468714,-4.6177828947650355,-4.890327755604879,0.6903988718986511,0.0,-0.0,0.0,0.0,0.0,0.0,0.0,0.0,0.0,0.0,0.0,0.0,0
1786495130,658417701,100.0,-1.7185829321490687,-1.7020428816424769,-1.1326540152179163,-4.617770854626791,-4.890351716672079,0.6903749108314514,0.0,-0.0,0.0,0.0,0.0,0.0,0.0,0.0,0.0,0.0,0.0,0.0,0
1786495130,678570508,100.0,-1.718619171773092,-1.7020910421954554,-1.1326773802386683,-4.6177828947650355,-4.890327755604879,0.6904348134994507,0.0,-0.0,0.0,0.0,0.0,0.0,0.0,0.0,0.0,0.0,0.0,0.0,0
1786495130,698534488,100.0,-1.718607250844137,-1.7020791212665003,-1.1326540152179163,-4.617770854626791,-4.890375677739279,0.6903269290924072,0.0,-0.0,0.0,0.0,0.0,0.0,0.0,0.0,0.0,0.0,0.0,0.0,0
1786495130,718578577,100.0,-1.718595329915182,-1.7020428816424769,-1.1326773802386683,-4.6177828947650355,-4.890363637601034,0.690410852432251,0.0,-0.0,0.0,0.0,0.0,0.0,0.0,0.0,0.0,0.0,0.0,0.0,0
1786495130,738408088,100.0,-1.718595329915182,-1.7020791212665003,-1.1326420942889612,-4.617746893559591,-4.890412036572592,0.6903149485588074,0.0,-0.0,0.0,0.0,0.0,0.0,0.0,0.0,0.0,0.0,0.0,0.0,0
1786495130,758409738,100.0,-1.718595329915182,-1.702054802571432,-1.1326659361468714,-4.617806855832235,-4.890399638806478,0.6903749108314514,0.0,-0.0,0.0,0.0,0.0,0.0,0.0,0.0,0.0,0.0,0.0,0.0,0
1786495130,778388261,100.0,-1.7186430136310022,-1.7020791212665003,-1.1327255407916468,-4.617770854626791,-4.890363637601034,0.6903269290924072,0.0,-0.0,0.0,0.0,0.0,0.0,0.0,0.0,0.0,0.0,0.0,0.0,0
1786495130,798705816,100.0,-1.718595329915182,-1.7020428816424769,-1.1326897780047815,-4.617770854626791,-4.890399638806478,0.6903749108314514,0.0,-0.0,0.0,0.0,0.0,0.0,0.0,0.0,0.0,0.0,0.0,0.0,0
1786495130,818537473,100.0,-1.7185829321490687,-1.7021029631244105,-1.1326659361468714,-4.617746893559591,-4.890387598668234,0.6903509497642517,0.0,-0.0,0.0,0.0,0.0,0.0,0.0,0.0,0.0,0.0,0.0,0.0,0
1786495130,838666677,100.0,-1.7185710112201136,-1.7020428816424769,-1.1326773802386683,-4.617806855832235,-4.890351716672079,0.6903629302978516,0.0,-0.0,0.0,0.0,0.0,0.0,0.0,0.0,0.0,0.0,0.0,0.0,0
1786495130,858404874,100.0,-1.7185590902911585,-1.7021029631244105,-1.1326540152179163,-4.6177828947650355,-4.890339676533834,0.690410852432251,0.0,-0.0,0.0,0.0,0.0,0.0,0.0,0.0,0.0,0.0,0.0,0.0,0
1786495130,878633260,100.0,-1.718607250844137,-1.7020791212665003,-1.1326659361468714,-4.617770854626791,-4.890399638806478,0.6903988718986511,0.0,-0.0,0.0,0.0,0.0,0.0,0.0,0.0,0.0,0.0,0.0,0.0,0
1786495130,898930072,100.0,-1.7185710112201136,-1.7020791212665003,-1.1326659361468714,-4.6177948156939905,-4.890327755604879,0.6903749108314514,0.0,-0.0,0.0,0.0,0.0,0.0,0.0,0.0,0.0,0.0,0.0,0.0,0
1786495130,918555021,100.0,-1.718619171773092,-1.7020791212665003,-1.1326897780047815,-4.617758814488546,-4.890375677739279,0.6903749108314514,0.0,-0.0,0.0,0.0,0.0,0.0,0.0,0.0,0.0,0.0,0.0,0.0,0
1786495130,938314437,100.0,-1.718595329915182,-1.7020190397845667,-1.1326897780047815,-4.617758814488546,-4.890351716672079,0.690410852432251,0.0,-0.0,0.0,0.0,0.0,0.0,0.0,0.0,0.0,0.0,0.0,0.0,0
1786495130,958545207,100.0,-1.7185710112201136,-1.702066723500387,-1.1326773802386683,-4.6177828947650355,-4.890387598668234,0.6903749108314514,0.0,-0.0,0.0,0.0,0.0,0.0,0.0,0.0,0.0,0.0,0.0,0.0,0
1786495130,978533029,100.0,-1.718619171773092,-1.7020428816424769,-1.1326773802386683,-4.617770854626791,-4.890351716672079,0.6904228329658508,0.0,-0.0,0.0,0.0,0.0,0.0,0.0,0.0,0.0,0.0,0.0,0.0,0
1786495130,998632431,100.0,-1.7186430136310022,-1.7020428816424769,-1.1326659361468714,-4.617806855832235,-4.890363637601034,0.6903749108314514,0.0,-0.0,0.0,0.0,0.0,0.0,0.0,0.0,0.0,0.0,0.0,0.0,0
1786495131,18359661,100.0,-1.7185710112201136,-1.702066723500387,-1.1326897780047815,-4.617758814488546,-4.890412036572592,0.6903868913650513,0.0,-0.0,0.0,0.0,0.0,0.0,0.0,0.0,0.0,0.0,0.0,0.0,0
1786495131,38533210,100.0,-1.718619171773092,-1.7020791212665003,-1.1327136198626917,-4.6177828947650355,-4.890363637601034,0.6903509497642517,0.0,-0.0,0.0,0.0,0.0,0.0,0.0,0.0,0.0,0.0,0.0,0.0,0
1786495131,58376073,100.0,-1.7185710112201136,-1.7020791212665003,-1.1326773802386683,-4.617770854626791,-4.890399638806478,0.6903988718986511,0.0,-0.0,0.0,0.0,0.0,0.0,0.0,0.0,0.0,0.0,0.0,0.0,0
1786495131,78578472,100.0,-1.718607250844137,-1.7020428816424769,-1.1326420942889612,-4.617758814488546,-4.890375677739279,0.6903988718986511,0.0,-0.0,0.0,0.0,0.0,0.0,0.0,0.0,0.0,0.0,0.0,0.0,0
1786495131,98579168,100.0,-1.7185829321490687,-1.7020791212665003,-1.1327016989337366,-4.617770854626791,-4.890375677739279,0.6903868913650513,0.0,-0.0,0.0,0.0,0.0,0.0,0.0,0.0,0.0,0.0,0.0,0.0,0
1786495131,118513822,100.0,-1.718607250844137,-1.7020428816424769,-1.1327136198626917,-4.617770854626791,-4.890351716672079,0.6903749108314514,0.0,-0.0,0.0,0.0,0.0,0.0,0.0,0.0,0.0,0.0,0.0,0.0,0
1786495131,138420820,100.0,-1.718607250844137,-1.7020428816424769,-1.1326659361468714,-4.6177948156939905,-4.890351716672079,0.6903749108314514,0.0,-0.0,0.0,0.0,0.0,0.0,0.0,0.0,0.0,0.0,0.0,0.0,0
1786495131,158597946,100.0,-1.7185710112201136,-1.7020428816424769,-1.1326773802386683,-4.617770854626791,-4.890351716672079,0.6903389096260071,0.0,-0.0,0.0,0.0,0.0,0.0,0.0,0.0,0.0,0.0,0.0,0.0,0
1786495131,178414583,100.0,-1.7185710112201136,-1.7020791212665003,-1.1326659361468714,-4.617770854626791,-4.890375677739279,0.6903868913650513,0.0,-0.0,0.0,0.0,0.0,0.0,0.0,0.0,0.0,0.0,0.0,0.0,0
1786495131,198631286,100.0,-1.7186430136310022,-1.7021029631244105,-1.1327016989337366,-4.617758814488546,-4.890375677739279,0.6903269290924072,0.0,-0.0,0.0,0.0,0.0,0.0,0.0,0.0,0.0,0.0,0.0,0.0,0
1786495131,218355894,100.0,-1.718619171773092,-1.7020910421954554,-1.132618252431051,-4.6177948156939905,-4.890327755604879,0.690410852432251,0.0,-0.0,0.0,0.0,0.0,0.0,0.0,0.0,0.0,0.0,0.0,0.0,0
1786495131,238610744,100.0,-1.7185829321490687,-1.702066723500387,-1.1326540152179163,-4.6177828947650355,-4.890375677739279,0.6903269290924072,0.0,-0.0,0.0,0.0,0.0,0.0,0.0,0.0,0.0,0.0,0.0,0.0,0
1786495131,258511066,100.0,-1.718619171773092,-1.7020791212665003,-1.1327136198626917,-4.617758814488546,-4.890387598668234,0.6903509497642517,0.0,-0.0,0.0,0.0,0.0,0.0,0.0,0.0,0.0,0.0,0.0,0.0,0
1786495131,278620481,100.0,-1.718619171773092,-1.7020428816424769,-1.1326659361468714,-4.617770854626791,-4.890375677739279,0.6903749108314514,0.0,-0.0,0.0,0.0,0.0,0.0,0.0,0.0,0.0,0.0,0.0,0.0,0
1786495131,298649787,100.0,-1.7185829321490687,-1.7020791212665003,-1.1326659361468714,-4.6177828947650355,-4.890375677739279,0.6903988718986511,0.0,-0.0,0.0,0.0,0.0,0.0,0.0,0.0,0.0,0.0,0.0,0.0,0
1786495131,318642616,100.0,-1.7185471693622034,-1.7021387259112757,-1.1327374617206019,-4.6177348534213465,-4.890339676533834,0.6903749108314514,0.0,-0.0,0.0,0.0,0.0,0.0,0.0,0.0,0.0,0.0,0.0,0.0,0
1786495131,338343858,100.0,-1.7185710112201136,-1.7020791212665003,-1.1327016989337366,-4.617770854626791,-4.890315715466635,0.6903389096260071,0.0,-0.0,0.0,0.0,0.0,0.0,0.0,0.0,0.0,0.0,0.0,0.0,0
1786495131,358448028,100.0,-1.7185590902911585,-1.7021029631244105,-1.1326301733600062,-4.6177948156939905,-4.890339676533834,0.6903868913650513,0.0,-0.0,0.0,0.0,0.0,0.0,0.0,0.0,0.0,0.0,0.0,0.0,0
1786495131,378401994,100.0,-1.7185590902911585,-1.702066723500387,-1.1327016989337366,-4.617722932492391,-4.890363637601034,0.6903868913650513,0.0,-0.0,0.0,0.0,0.0,0.0,0.0,0.0,0.0,0.0,0.0,0.0,0
1786495131,398657083,100.0,-1.7185710112201136,-1.7021029631244105,-1.132618252431051,-4.617758814488546,-4.890351716672079,0.6903868913650513,0.0,-0.0,0.0,0.0,0.0,0.0,0.0,0.0,0.0,0.0,0.0,0.0,0
1786495131,418343782,100.0,-1.718595329915182,-1.702066723500387,-1.1327016989337366,-4.617746893559591,-4.890315715466635,0.6903629302978516,0.0,-0.0,0.0,0.0,0.0,0.0,0.0,0.0,0.0,0.0,0.0,0.0,0
1786495131,438561439,100.0,-1.7185829321490687,-1.7020910421954554,-1.1326540152179163,-4.6177828947650355,-4.890315715466635,0.6903749108314514,0.0,-0.0,0.0,0.0,0.0,0.0,0.0,0.0,0.0,0.0,0.0,0.0,0
1786495131,458412885,100.0,-1.7185710112201136,-1.7021029631244105,-1.1326897780047815,-4.6177948156939905,-4.890351716672079,0.6903749108314514,0.0,-0.0,0.0,0.0,0.0,0.0,0.0,0.0,0.0,0.0,0.0,0.0,0
1786495131,478546142,100.0,-1.718595329915182,-1.7020910421954554,-1.1327016989337366,-4.6177348534213465,-4.890339676533834,0.6903988718986511,0.0,-0.0,0.0,0.0,0.0,0.0,0.0,0.0,0.0,0.0,0.0,0.0,0
1786495131,498625993,100.0,-1.7185710112201136,-1.7020791212665003,-1.1326540152179163,-4.617758814488546,-4.890375677739279,0.690410852432251,0.0,-0.0,0.0,0.0,0.0,0.0,0.0,0.0,0.0,0.0,0.0,0.0,0
1786495131,518386363,100.0,-1.718595329915182,-1.7021029631244105,-1.1326540152179163,-4.6177348534213465,-4.890327755604879,0.6903509497642517,0.0,-0.0,0.0,0.0,0.0,0.0,0.0,0.0,0.0,0.0,0.0,0.0,0
1786495131,538409709,100.0,-1.718607250844137,-1.7021029631244105,-1.1326659361468714,-4.617806855832235,-4.890327755604879,0.6903629302978516,0.0,-0.0,0.0,0.0,0.0,0.0,0.0,0.0,0.0,0.0,0.0,0.0,0
1786495131,558514833,100.0,-1.7185471693622034,-1.7021029631244105,-1.1327016989337366,-4.617770854626791,-4.890387598668234,0.6903988718986511,0.0,-0.0,0.0,0.0,0.0,0.0,0.0,0.0,0.0,0.0,0.0,0.0,0
1786495131,578423261,100.0,-1.718595329915182,-1.702054802571432,-1.1327016989337366,-4.6177828947650355,-4.890351716672079,0.6903749108314514,0.0,-0.0,0.0,0.0,0.0,0.0,0.0,0.0,0.0,0.0,0.0,0.0,0
1786495131,598659992,100.0,-1.718619171773092,-1.7020309607135218,-1.1326659361468714,-4.6177828947650355,-4.890375677739279,0.6903629302978516,0.0,-0.0,0.0,0.0,0.0,0.0,0.0,0.0,0.0,0.0,0.0,0.0,0
1786495131,618513584,100.0,-1.7185590902911585,-1.7020791212665003,-1.1327136198626917,-4.617758814488546,-4.890351716672079,0.6903988718986511,0.0,-0.0,0.0,0.0,0.0,0.0,0.0,0.0,0.0,0.0,0.0,0.0,0
1786495131,638525724,100.0,-1.718607250844137,-1.702066723500387,-1.1326659361468714,-4.617806855832235,-4.890351716672079,0.6903749108314514,0.0,-0.0,0.0,0.0,0.0,0.0,0.0,0.0,0.0,0.0,0.0,0.0,0
1786495131,658376216,100.0,-1.7185710112201136,-1.7020791212665003,-1.1326659361468714,-4.61781877676119,-4.890363637601034,0.6903389096260071,0.0,-0.0,0.0,0.0,0.0,0.0,0.0,0.0,0.0,0.0,0.0,0.0,0
1786495131,678406715,100.0,-1.718607250844137,-1.702066723500387,-1.1326897780047815,-4.617806855832235,-4.890412036572592,0.6903389096260071,0.0,-0.0,0.0,0.0,0.0,0.0,0.0,0.0,0.0,0.0,0.0,0.0,0
1786495131,698750257,100.0,-1.7186310927020472,-1.7020910421954554,-1.1327136198626917,-4.617806855832235,-4.890387598668234,0.6903629302978516,0.0,-0.0,0.0,0.0,0.0,0.0,0.0,0.0,0.0,0.0,0.0,0.0,0
1786495131,718595266,100.0,-1.718595329915182,-1.702054802571432,-1.1327016989337366,-4.617758814488546,-4.890375677739279,0.6903988718986511,0.0,-0.0,0.0,0.0,0.0,0.0,0.0,0.0,0.0,0.0,0.0,0.0,0
1786495131,738525152,100.0,-1.718607250844137,-1.702054802571432,-1.1327016989337366,-4.617770854626791,-4.890339676533834,0.6903269290924072,0.0,-0.0,0.0,0.0,0.0,0.0,0.0,0.0,0.0,0.0,0.0,0.0,0
1786495131,758446693,100.0,-1.7185590902911585,-1.7020791212665003,-1.1327136198626917,-4.617758814488546,-4.890363637601034,0.6903389096260071,0.0,-0.0,0.0,0.0,0.0,0.0,0.0,0.0,0.0,0.0,0.0,0.0,0
1786495131,778425931,100.0,-1.718619171773092,-1.7020791212665003,-1.1327016989337366,-4.617770854626791,-4.890351716672079,0.6903629302978516,0.0,-0.0,0.0,0.0,0.0,0.0,0.0,0.0,0.0,0.0,0.0,0.0,0
1786495131,798710823,100.0,-1.7185590902911585,-1.7020791212665003,-1.1326897780047815,-4.6177828947650355,-4.890315715466635,0.6903868913650513,0.0,-0.0,0.0,0.0,0.0,0.0,0.0,0.0,0.0,0.0,0.0,0.0,0
1786495131,818408012,100.0,-1.718607250844137,-1.7020910421954554,-1.1326420942889612,-4.617758814488546,-4.890351716672079,0.6903629302978516,0.0,-0.0,0.0,0.0,0.0,0.0,0.0,0.0,0.0,0.0,0.0,0.0,0
1786495131,838633298,100.0,-1.7185710112201136,-1.702066723500387,-1.1326773802386683,-4.617758814488546,-4.890339676533834,0.6903988718986511,0.0,-0.0,0.0,0.0,0.0,0.0,0.0,0.0,0.0,0.0,0.0,0.0,0
1786495131,858390569,100.0,-1.7185471693622034,-1.7020791212665003,-1.1327016989337366,-4.617758814488546,-4.890363637601034,0.690410852432251,0.0,-0.0,0.0,0.0,0.0,0.0,0.0,0.0,0.0,0.0,0.0,0.0,0
1786495131,878527641,100.0,-1.7186310927020472,-1.7020910421954554,-1.1326659361468714,-4.617722932492391,-4.890339676533834,0.6903269290924072,0.0,-0.0,0.0,0.0,0.0,0.0,0.0,0.0,0.0,0.0,0.0,0.0,0
1786495131,898577213,100.0,-1.7185829321490687,-1.7020910421954554,-1.1326420942889612,-4.617806855832235,-4.890351716672079,0.6903629302978516,0.0,-0.0,0.0,0.0,0.0,0.0,0.0,0.0,0.0,0.0,0.0,0.0,0
1786495131,918550491,100.0,-1.7185590902911585,-1.7020791212665003,-1.1326659361468714,-4.6177948156939905,-4.890339676533834,0.6903509497642517,0.0,-0.0,0.0,0.0,0.0,0.0,0.0,0.0,0.0,0.0,0.0,0.0,0
1786495131,938431501,100.0,-1.718619171773092,-1.7020910421954554,-1.1326659361468714,-4.6177348534213465,-4.890327755604879,0.6903988718986511,0.0,-0.0,0.0,0.0,0.0,0.0,0.0,0.0,0.0,0.0,0.0,0.0,0
1786495131,958540201,100.0,-1.7185829321490687,-1.7020910421954554,-1.1326540152179163,-4.617758814488546,-4.890339676533834,0.6903629302978516,0.0,-0.0,0.0,0.0,0.0,0.0,0.0,0.0,0.0,0.0,0.0,0.0,0
1786495131,978406429,100.0,-1.7185471693622034,-1.7020791212665003,-1.1327136198626917,-4.617770854626791,-4.890339676533834,0.6904228329658508,0.0,-0.0,0.0,0.0,0.0,0.0,0.0,0.0,0.0,0.0,0.0,0.0,0
1786495131,998683929,100.0,-1.718619171773092,-1.702066723500387,-1.1327255407916468,-4.617770854626791,-4.890339676533834,0.6903629302978516,0.0,-0.0,0.0,0.0,0.0,0.0,0.0,0.0,0.0,0.0,0.0,0.0,0
1786495132,18349647,100.0,-1.718607250844137,-1.702054802571432,-1.1326659361468714,-4.617806855832235,-4.890363637601034,0.6903749108314514,0.0,-0.0,0.0,0.0,0.0,0.0,0.0,0.0,0.0,0.0,0.0,0.0,0
1786495132,38536548,100.0,-1.718595329915182,-1.7020071188556116,-1.1327016989337366,-4.617758814488546,-4.890351716672079,0.6903389096260071,0.0,-0.0,0.0,0.0,0.0,0.0,0.0,0.0,0.0,0.0,0.0,0.0,0
1786495132,58526992,100.0,-1.718595329915182,-1.702054802571432,-1.1327016989337366,-4.617758814488546,-4.890363637601034,0.6903629302978516,0.0,-0.0,0.0,0.0,0.0,0.0,0.0,0.0,0.0,0.0,0.0,0.0,0
1786495132,78545808,100.0,-1.7185829321490687,-1.7020791212665003,-1.1326540152179163,-4.6177348534213465,-4.890387598668234,0.6903509497642517,0.0,-0.0,0.0,0.0,0.0,0.0,0.0,0.0,0.0,0.0,0.0,0.0,0
1786495132,98573207,100.0,-1.7185471693622034,-1.7020910421954554,-1.1326773802386683,-4.617770854626791,-4.890387598668234,0.6903868913650513,0.0,-0.0,0.0,0.0,0.0,0.0,0.0,0.0,0.0,0.0,0.0,0.0,0
1786495132,118777275,100.0,-1.718619171773092,-1.7020428816424769,-1.1327016989337366,-4.617770854626791,-4.890339676533834,0.6903629302978516,0.0,-0.0,0.0,0.0,0.0,0.0,0.0,0.0,0.0,0.0,0.0,0.0,0
1786495132,138359785,100.0,-1.7185590902911585,-1.7020791212665003,-1.1326659361468714,-4.617770854626791,-4.890351716672079,0.6903868913650513,0.0,-0.0,0.0,0.0,0.0,0.0,0.0,0.0,0.0,0.0,0.0,0.0,0
1786495132,158529758,100.0,-1.718595329915182,-1.7020791212665003,-1.1326301733600062,-4.6177348534213465,-4.890375677739279,0.6903629302978516,0.0,-0.0,0.0,0.0,0.0,0.0,0.0,0.0,0.0,0.0,0.0,0.0,0
1786495132,178311824,100.0,-1.718607250844137,-1.7020309607135218,-1.1326897780047815,-4.6177948156939905,-4.890375677739279,0.6903629302978516,0.0,-0.0,0.0,0.0,0.0,0.0,0.0,0.0,0.0,0.0,0.0,0.0,0
1786495132,198673248,100.0,-1.718595329915182,-1.702054802571432,-1.1326540152179163,-4.6177948156939905,-4.890339676533834,0.6903988718986511,0.0,-0.0,0.0,0.0,0.0,0.0,0.0,0.0,0.0,0.0,0.0,0.0,0
1786495132,218396663,100.0,-1.7186310927020472,-1.7020190397845667,-1.1327016989337366,-4.6177948156939905,-4.890339676533834,0.6903389096260071,0.0,-0.0,0.0,0.0,0.0,0.0,0.0,0.0,0.0,0.0,0.0,0.0,0
1786495132,238567113,100.0,-1.7186430136310022,-1.7021148840533655,-1.1326301733600062,-4.617758814488546,-4.890375677739279,0.6903629302978516,0.0,-0.0,0.0,0.0,0.0,0.0,0.0,0.0,0.0,0.0,0.0,0.0,0
1786495132,258377552,100.0,-1.7186310927020472,-1.7021148840533655,-1.1327136198626917,-4.617806855832235,-4.890399638806478,0.6903749108314514,0.0,-0.0,0.0,0.0,0.0,0.0,0.0,0.0,0.0,0.0,0.0,0.0,0
1786495132,278553009,100.0,-1.7185352484332483,-1.7020791212665003,-1.1326540152179163,-4.6177828947650355,-4.890339676533834,0.6903749108314514,0.0,-0.0,0.0,0.0,0.0,0.0,0.0,0.0,0.0,0.0,0.0,0.0,0
1786495132,298565864,100.0,-1.7185352484332483,-1.7020791212665003,-1.1326659361468714,-4.6177828947650355,-4.890351716672079,0.6903749108314514,0.0,-0.0,0.0,0.0,0.0,0.0,0.0,0.0,0.0,0.0,0.0,0.0,0
1786495132,318579196,100.0,-1.7185710112201136,-1.7020791212665003,-1.1327016989337366,-4.6177948156939905,-4.890327755604879,0.6904228329658508,0.0,-0.0,0.0,0.0,0.0,0.0,0.0,0.0,0.0,0.0,0.0,0.0,0
1786495132,338366270,100.0,-1.7186310927020472,-1.7021029631244105,-1.1327016989337366,-4.6177948156939905,-4.890387598668234,0.6903629302978516,0.0,-0.0,0.0,0.0,0.0,0.0,0.0,0.0,0.0,0.0,0.0,0.0,0
1786495132,358526706,100.0,-1.718595329915182,-1.7020791212665003,-1.1326659361468714,-4.617806855832235,-4.890375677739279,0.690410852432251,0.0,-0.0,0.0,0.0,0.0,0.0,0.0,0.0,0.0,0.0,0.0,0.0,0
1786495132,378372430,100.0,-1.718607250844137,-1.7020910421954554,-1.1326897780047815,-4.6177948156939905,-4.890375677739279,0.6903389096260071,0.0,-0.0,0.0,0.0,0.0,0.0,0.0,0.0,0.0,0.0,0.0,0.0,0
1786495132,398829221,100.0,-1.7185829321490687,-1.702054802571432,-1.1327255407916468,-4.6177828947650355,-4.890315715466635,0.6903629302978516,0.0,-0.0,0.0,0.0,0.0,0.0,0.0,0.0,0.0,0.0,0.0,0.0,0
1786495132,418451309,100.0,-1.7185829321490687,-1.702054802571432,-1.1326897780047815,-4.6177948156939905,-4.890387598668234,0.6903269290924072,0.0,-0.0,0.0,0.0,0.0,0.0,0.0,0.0,0.0,0.0,0.0,0.0,0
1786495132,438737392,100.0,-1.718595329915182,-1.7020791212665003,-1.1327255407916468,-4.617770854626791,-4.890375677739279,0.6903509497642517,0.0,-0.0,0.0,0.0,0.0,0.0,0.0,0.0,0.0,0.0,0.0,0.0,0
1786495132,458554267,100.0,-1.7185352484332483,-1.7021029631244105,-1.1326659361468714,-4.61781877676119,-4.890375677739279,0.6903749108314514,0.0,-0.0,0.0,0.0,0.0,0.0,0.0,0.0,0.0,0.0,0.0,0.0,0
1786495132,478615522,100.0,-1.7185471693622034,-1.7020791212665003,-1.1326659361468714,-4.617770854626791,-4.890351716672079,0.6903389096260071,0.0,-0.0,0.0,0.0,0.0,0.0,0.0,0.0,0.0,0.0,0.0,0.0,0
1786495132,498512744,100.0,-1.7185829321490687,-1.7021029631244105,-1.1326659361468714,-4.617758814488546,-4.890327755604879,0.6903988718986511,0.0,-0.0,0.0,0.0,0.0,0.0,0.0,0.0,0.0,0.0,0.0,0.0,0
1786495132,518608331,100.0,-1.718595329915182,-1.7020910421954554,-1.1326897780047815,-4.6177948156939905,-4.890339676533834,0.6903868913650513,0.0,-0.0,0.0,0.0,0.0,0.0,0.0,0.0,0.0,0.0,0.0,0.0,0
1786495132,538409233,100.0,-1.7185710112201136,-1.702066723500387,-1.1326659361468714,-4.6177828947650355,-4.890339676533834,0.6903629302978516,0.0,-0.0,0.0,0.0,0.0,0.0,0.0,0.0,0.0,0.0,0.0,0.0,0
1786495132,558450937,100.0,-1.718619171773092,-1.7020910421954554,-1.1326897780047815,-4.617758814488546,-4.890375677739279,0.6903988718986511,0.0,-0.0,0.0,0.0,0.0,0.0,0.0,0.0,0.0,0.0,0.0,0.0,0
1786495132,578372001,100.0,-1.7185829321490687,-1.702066723500387,-1.1326659361468714,-4.617746893559591,-4.890351716672079,0.6903988718986511,0.0,-0.0,0.0,0.0,0.0,0.0,0.0,0.0,0.0,0.0,0.0,0.0,0
1786495132,598670244,100.0,-1.7185590902911585,-1.7021268049823206,-1.1326773802386683,-4.617770854626791,-4.890339676533834,0.6903988718986511,0.0,-0.0,0.0,0.0,0.0,0.0,0.0,0.0,0.0,0.0,0.0,0.0,0
1786495132,618412256,100.0,-1.7186549345599573,-1.7020791212665003,-1.1326420942889612,-4.6177348534213465,-4.890375677739279,0.6903749108314514,0.0,-0.0,0.0,0.0,0.0,0.0,0.0,0.0,0.0,0.0,0.0,0.0,0
1786495132,638453483,100.0,-1.7185590902911585,-1.7020910421954554,-1.1326540152179163,-4.61781877676119,-4.890387598668234,0.6903509497642517,0.0,-0.0,0.0,0.0,0.0,0.0,0.0,0.0,0.0,0.0,0.0,0.0,0
1786495132,658511638,100.0,-1.718607250844137,-1.7020190397845667,-1.1326420942889612,-4.617770854626791,-4.890315715466635,0.6903868913650513,0.0,-0.0,0.0,0.0,0.0,0.0,0.0,0.0,0.0,0.0,0.0,0.0,0
1786495132,678590059,100.0,-1.718619171773092,-1.702054802571432,-1.1326540152179163,-4.617830816899435,-4.890399638806478,0.6903988718986511,0.0,-0.0,0.0,0.0,0.0,0.0,0.0,0.0,0.0,0.0,0.0,0.0,0
1786495132,698537111,100.0,-1.7186310927020472,-1.7021029631244105,-1.1326659361468714,-4.6177828947650355,-4.890387598668234,0.6903749108314514,0.0,-0.0,0.0,0.0,0.0,0.0,0.0,0.0,0.0,0.0,0.0,0.0,0
1786495132,718451976,100.0,-1.7186310927020472,-1.7020791212665003,-1.1327136198626917,-4.617806855832235,-4.890363637601034,0.6903509497642517,0.0,-0.0,0.0,0.0,0.0,0.0,0.0,0.0,0.0,0.0,0.0,0.0,0
1786495132,738420248,100.0,-1.718607250844137,-1.7020428816424769,-1.1326659361468714,-4.617746893559591,-4.890387598668234,0.6903749108314514,0.0,-0.0,0.0,0.0,0.0,0.0,0.0,0.0,0.0,0.0,0.0,0.0,0
1786495132,758696556,100.0,-1.718607250844137,-1.7020910421954554,-1.1326773802386683,-4.617758814488546,-4.890375677739279,0.6903749108314514,0.0,-0.0,0.0,0.0,0.0,0.0,0.0,0.0,0.0,0.0,0.0,0.0,0
1786495132,778449773,100.0,-1.7185710112201136,-1.7020910421954554,-1.1326773802386683,-4.6177828947650355,-4.890387598668234,0.6903389096260071,0.0,-0.0,0.0,0.0,0.0,0.0,0.0,0.0,0.0,0.0,0.0,0.0,0
1786495132,798705816,100.0,-1.7185710112201136,-1.7021268049823206,-1.1326420942889612,-4.617758814488546,-4.890351716672079,0.6903749108314514,0.0,-0.0,0.0,0.0,0.0,0.0,0.0,0.0,0.0,0.0,0.0,0.0,0
1786495132,818531751,100.0,-1.7185829321490687,-1.7020910421954554,-1.1326659361468714,-4.617746893559591,-4.890387598668234,0.6903749108314514,0.0,-0.0,0.0,0.0,0.0,0.0,0.0,0.0,0.0,0.0,0.0,0.0,0
1786495132,838535785,100.0,-1.7186310927020472,-1.7021029631244105,-1.1326420942889612,-4.6177828947650355,-4.890399638806478,0.6903988718986511,0.0,-0.0,0.0,0.0,0.0,0.0,0.0,0.0,0.0,0.0,0.0,0.0,0
1786495132,858917236,100.0,-1.7186430136310022,-1.7020190397845667,-1.1326540152179163,-4.6177348534213465,-4.890351716672079,0.6903988718986511,0.0,-0.0,0.0,0.0,0.0,0.0,0.0,0.0,0.0,0.0,0.0,0.0,0
1786495132,878575325,100.0,-1.7186310927020472,-1.7021387259112757,-1.1326659361468714,-4.617722932492391,-4.890375677739279,0.6903749108314514,0.0,-0.0,0.0,0.0,0.0,0.0,0.0,0.0,0.0,0.0,0.0,0.0,0
1786495132,898529052,100.0,-1.7185829321490687,-1.702066723500387,-1.1326540152179163,-4.617758814488546,-4.890363637601034,0.6903389096260071,0.0,-0.0,0.0,0.0,0.0,0.0,0.0,0.0,0.0,0.0,0.0,0.0,0
1786495132,918595314,100.0,-1.718595329915182,-1.702066723500387,-1.1326773802386683,-4.6177828947650355,-4.890363637601034,0.6903988718986511,0.0,-0.0,0.0,0.0,0.0,0.0,0.0,0.0,0.0,0.0,0.0,0.0,0
1786495132,938417434,100.0,-1.718619171773092,-1.7020791212665003,-1.1327016989337366,-4.61781877676119,-4.890315715466635,0.6903269290924072,0.0,-0.0,0.0,0.0,0.0,0.0,0.0,0.0,0.0,0.0,0.0,0.0,0
1786495132,958518743,100.0,-1.7185590902911585,-1.7020791212665003,-1.1326659361468714,-4.617830816899435,-4.890387598668234,0.6903629302978516,0.0,-0.0,0.0,0.0,0.0,0.0,0.0,0.0,0.0,0.0,0.0,0.0,0
1786495132,978392124,100.0,-1.7185829321490687,-1.7020910421954554,-1.1327136198626917,-4.617722932492391,-4.890375677739279,0.6903749108314514,0.0,-0.0,0.0,0.0,0.0,0.0,0.0,0.0,0.0,0.0,0.0,0.0,0
1786495132,998737812,100.0,-1.718619171773092,-1.7020791212665003,-1.1326540152179163,-4.6177948156939905,-4.890399638806478,0.6903389096260071,0.0,-0.0,0.0,0.0,0.0,0.0,0.0,0.0,0.0,0.0,0.0,0.0,0
1786495133,18518447,100.0,-1.718595329915182,-1.7020309607135218,-1.1327255407916468,-4.617770854626791,-4.890351716672079,0.6903629302978516,0.0,-0.0,0.0,0.0,0.0,0.0,0.0,0.0,0.0,0.0,0.0,0.0,0
1786495133,38649082,100.0,-1.7185590902911585,-1.7020791212665003,-1.1327255407916468,-4.617746893559591,-4.890351716672079,0.6904228329658508,0.0,-0.0,0.0,0.0,0.0,0.0,0.0,0.0,0.0,0.0,0.0,0.0,0
1786495133,58411836,100.0,-1.718607250844137,-1.7020910421954554,-1.1327255407916468,-4.6177948156939905,-4.890363637601034,0.6903389096260071,0.0,-0.0,0.0,0.0,0.0,0.0,0.0,0.0,0.0,0.0,0.0,0.0,0
1786495133,78783273,100.0,-1.718619171773092,-1.7020791212665003,-1.1326540152179163,-4.6177828947650355,-4.890387598668234,0.6903389096260071,0.0,-0.0,0.0,0.0,0.0,0.0,0.0,0.0,0.0,0.0,0.0,0.0,0
1786495133,98798513,100.0,-1.718619171773092,-1.7020428816424769,-1.1327136198626917,-4.617770854626791,-4.890339676533834,0.6903868913650513,0.0,-0.0,0.0,0.0,0.0,0.0,0.0,0.0,0.0,0.0,0.0,0.0,0
1786495133,118591070,100.0,-1.7186310927020472,-1.7020428816424769,-1.1327255407916468,-4.6177948156939905,-4.890363637601034,0.6903149485588074,0.0,-0.0,0.0,0.0,0.0,0.0,0.0,0.0,0.0,0.0,0.0,0.0,0
1786495133,138428211,100.0,-1.718595329915182,-1.7020910421954554,-1.1326659361468714,-4.6177948156939905,-4.890351716672079,0.6903509497642517,0.0,-0.0,0.0,0.0,0.0,0.0,0.0,0.0,0.0,0.0,0.0,0.0,0
1786495133,158740282,100.0,-1.7185710112201136,-1.7021268049823206,-1.1326659361468714,-4.6177948156939905,-4.890375677739279,0.6903749108314514,0.0,-0.0,0.0,0.0,0.0,0.0,0.0,0.0,0.0,0.0,0.0,0.0,0
1786495133,178292751,100.0,-1.7185710112201136,-1.7021029631244105,-1.1326659361468714,-4.617770854626791,-4.890315715466635,0.6903509497642517,0.0,-0.0,0.0,0.0,0.0,0.0,0.0,0.0,0.0,0.0,0.0,0.0,0
1786495133,198757886,100.0,-1.7185352484332483,-1.702066723500387,-1.1327255407916468,-4.6177828947650355,-4.890315715466635,0.6903509497642517,0.0,-0.0,0.0,0.0,0.0,0.0,0.0,0.0,0.0,0.0,0.0,0.0,0
1786495133,218337059,100.0,-1.718619171773092,-1.702054802571432,-1.1326301733600062,-4.617770854626791,-4.890339676533834,0.6903389096260071,0.0,-0.0,0.0,0.0,0.0,0.0,0.0,0.0,0.0,0.0,0.0,0.0,0
1786495133,238544464,100.0,-1.7185590902911585,-1.702054802571432,-1.1326659361468714,-4.6177828947650355,-4.890339676533834,0.6903509497642517,0.0,-0.0,0.0,0.0,0.0,0.0,0.0,0.0,0.0,0.0,0.0,0.0,0
1786495133,258399486,100.0,-1.718595329915182,-1.7021029631244105,-1.1327136198626917,-4.617746893559591,-4.890315715466635,0.6903149485588074,0.0,-0.0,0.0,0.0,0.0,0.0,0.0,0.0,0.0,0.0,0.0,0.0,0
1786495133,278454542,100.0,-1.718607250844137,-1.7021148840533655,-1.1326540152179163,-4.617770854626791,-4.890375677739279,0.6903749108314514,0.0,-0.0,0.0,0.0,0.0,0.0,0.0,0.0,0.0,0.0,0.0,0.0,0
1786495133,298614263,100.0,-1.718607250844137,-1.7020910421954554,-1.1326058546649378,-4.617758814488546,-4.890399638806478,0.6903269290924072,0.0,-0.0,0.0,0.0,0.0,0.0,0.0,0.0,0.0,0.0,0.0,0.0,0
1786495133,318441390,100.0,-1.7186310927020472,-1.7021029631244105,-1.1326773802386683,-4.617758814488546,-4.890327755604879,0.6903509497642517,0.0,-0.0,0.0,0.0,0.0,0.0,0.0,0.0,0.0,0.0,0.0,0.0,0
1786495133,338448047,100.0,-1.7185829321490687,-1.7020190397845667,-1.1326659361468714,-4.6177828947650355,-4.890363637601034,0.6903868913650513,0.0,-0.0,0.0,0.0,0.0,0.0,0.0,0.0,0.0,0.0,0.0,0.0,0
1786495133,358495950,100.0,-1.7185710112201136,-1.7020190397845667,-1.1326301733600062,-4.6177948156939905,-4.890351716672079,0.6903389096260071,0.0,-0.0,0.0,0.0,0.0,0.0,0.0,0.0,0.0,0.0,0.0,0.0,0
1786495133,378576755,100.0,-1.7185829321490687,-1.7020910421954554,-1.1326540152179163,-4.617746893559591,-4.890375677739279,0.6903749108314514,0.0,-0.0,0.0,0.0,0.0,0.0,0.0,0.0,0.0,0.0,0.0,0.0,0
1786495133,398694753,100.0,-1.7185829321490687,-1.7020791212665003,-1.1326659361468714,-4.6177828947650355,-4.890315715466635,0.6903749108314514,0.0,-0.0,0.0,0.0,0.0,0.0,0.0,0.0,0.0,0.0,0.0,0.0,0
1786495133,418380498,100.0,-1.718595329915182,-1.7020791212665003,-1.1326773802386683,-4.6177948156939905,-4.890351716672079,0.690410852432251,0.0,-0.0,0.0,0.0,0.0,0.0,0.0,0.0,0.0,0.0,0.0,0.0,0
1786495133,438736200,100.0,-1.718595329915182,-1.7021029631244105,-1.1326773802386683,-4.6177828947650355,-4.890339676533834,0.6903868913650513,0.0,-0.0,0.0,0.0,0.0,0.0,0.0,0.0,0.0,0.0,0.0,0.0,0
1786495133,458390951,100.0,-1.7185710112201136,-1.7020309607135218,-1.1326659361468714,-4.61781877676119,-4.890399638806478,0.6903868913650513,0.0,-0.0,0.0,0.0,0.0,0.0,0.0,0.0,0.0,0.0,0.0,0.0,0
1786495133,478377103,100.0,-1.718595329915182,-1.7021148840533655,-1.1326659361468714,-4.617806855832235,-4.890363637601034,0.6903749108314514,0.0,-0.0,0.0,0.0,0.0,0.0,0.0,0.0,0.0,0.0,0.0,0.0,0
1786495133,498867511,100.0,-1.7185471693622034,-1.702054802571432,-1.1327016989337366,-4.617758814488546,-4.890387598668234,0.6903749108314514,0.0,-0.0,0.0,0.0,0.0,0.0,0.0,0.0,0.0,0.0,0.0,0.0,0
1786495133,518436908,100.0,-1.7185590902911585,-1.702054802571432,-1.1326659361468714,-4.61781877676119,-4.890351716672079,0.6903868913650513,0.0,-0.0,0.0,0.0,0.0,0.0,0.0,0.0,0.0,0.0,0.0,0.0,0
1786495133,538423776,100.0,-1.7186310927020472,-1.702054802571432,-1.1327374617206019,-4.617806855832235,-4.890351716672079,0.6903509497642517,0.0,-0.0,0.0,0.0,0.0,0.0,0.0,0.0,0.0,0.0,0.0,0.0,0
1786495133,558654069,100.0,-1.7185829321490687,-1.7020428816424769,-1.1326058546649378,-4.617758814488546,-4.890351716672079,0.6903868913650513,0.0,-0.0,0.0,0.0,0.0,0.0,0.0,0.0,0.0,0.0,0.0,0.0,0
1786495133,578533649,100.0,-1.7185710112201136,-1.7021029631244105,-1.1326897780047815,-4.617746893559591,-4.890363637601034,0.6903749108314514,0.0,-0.0,0.0,0.0,0.0,0.0,0.0,0.0,0.0,0.0,0.0,0.0,0
1786495133,598592519,100.0,-1.7185829321490687,-1.702054802571432,-1.1327136198626917,-4.617806855832235,-4.890399638806478,0.6903988718986511,0.0,-0.0,0.0,0.0,0.0,0.0,0.0,0.0,0.0,0.0,0.0,0.0,0
1786495133,618377447,100.0,-1.7186310927020472,-1.7020791212665003,-1.1326773802386683,-4.6177948156939905,-4.890412036572592,0.6903868913650513,0.0,-0.0,0.0,0.0,0.0,0.0,0.0,0.0,0.0,0.0,0.0,0.0,0
1786495133,638617038,100.0,-1.718607250844137,-1.7020791212665003,-1.1326659361468714,-4.617758814488546,-4.890387598668234,0.6903988718986511,0.0,-0.0,0.0,0.0,0.0,0.0,0.0,0.0,0.0,0.0,0.0,0.0,0
1786495133,658377170,100.0,-1.7185590902911585,-1.7020910421954554,-1.1326540152179163,-4.617770854626791,-4.890351716672079,0.6903389096260071,0.0,-0.0,0.0,0.0,0.0,0.0,0.0,0.0,0.0,0.0,0.0,0.0,0
1786495133,678446769,100.0,-1.7185710112201136,-1.702054802571432,-1.1326659361468714,-4.617770854626791,-4.890315715466635,0.6903988718986511,0.0,-0.0,0.0,0.0,0.0,0.0,0.0,0.0,0.0,0.0,0.0,0.0,0
1786495133,698518276,100.0,-1.718595329915182,-1.702066723500387,-1.1326540152179163,-4.61781877676119,-4.890423957501547,0.6903389096260071,0.0,-0.0,0.0,0.0,0.0,0.0,0.0,0.0,0.0,0.0,0.0,0.0,0
1786495133,718535900,100.0,-1.718607250844137,-1.7020910421954554,-1.1326897780047815,-4.617770854626791,-4.890375677739279,0.6903629302978516,0.0,-0.0,0.0,0.0,0.0,0.0,0.0,0.0,0.0,0.0,0.0,0.0,0
1786495133,738409280,100.0,-1.7185471693622034,-1.702066723500387,-1.1326897780047815,-4.6177948156939905,-4.890387598668234,0.6903509497642517,0.0,-0.0,0.0,0.0,0.0,0.0,0.0,0.0,0.0,0.0,0.0,0.0,0
1786495133,758424758,100.0,-1.7185590902911585,-1.7021268049823206,-1.1326773802386683,-4.6177948156939905,-4.890375677739279,0.6903509497642517,0.0,-0.0,0.0,0.0,0.0,0.0,0.0,0.0,0.0,0.0,0.0,0.0,0
1786495133,778560161,100.0,-1.7185710112201136,-1.702066723500387,-1.1326659361468714,-4.6177348534213465,-4.890351716672079,0.6903509497642517,0.0,-0.0,0.0,0.0,0.0,0.0,0.0,0.0,0.0,0.0,0.0,0.0,0
1786495133,798842668,100.0,-1.7185710112201136,-1.7021148840533655,-1.1326659361468714,-4.6177948156939905,-4.890315715466635,0.6903749108314514,0.0,-0.0,0.0,0.0,0.0,0.0,0.0,0.0,0.0,0.0,0.0,0.0,0
1786495133,818350315,100.0,-1.7185829321490687,-1.7020910421954554,-1.1326659361468714,-4.6177828947650355,-4.890375677739279,0.6903988718986511,0.0,-0.0,0.0,0.0,0.0,0.0,0.0,0.0,0.0,0.0,0.0,0.0,0
1786495133,838586568,100.0,-1.718619171773092,-1.7020428816424769,-1.1327136198626917,-4.617770854626791,-4.890375677739279,0.6903749108314514,0.0,-0.0,0.0,0.0,0.0,0.0,0.0,0.0,0.0,0.0,0.0,0.0,0
1786495133,858431339,100.0,-1.7185829321490687,-1.7020791212665003,-1.1326773802386683,-4.617722932492391,-4.890375677739279,0.6903509497642517,0.0,-0.0,0.0,0.0,0.0,0.0,0.0,0.0,0.0,0.0,0.0,0.0,0
1786495133,878689527,100.0,-1.718595329915182,-1.7020791212665003,-1.1327255407916468,-4.617722932492391,-4.890327755604879,0.6903629302978516,0.0,-0.0,0.0,0.0,0.0,0.0,0.0,0.0,0.0,0.0,0.0,0.0,0
1786495133,898829936,100.0,-1.7185829321490687,-1.7020428816424769,-1.1326897780047815,-4.617746893559591,-4.890339676533834,0.6903509497642517,0.0,-0.0,0.0,0.0,0.0,0.0,0.0,0.0,0.0,0.0,0.0,0.0,0
1786495133,918693304,100.0,-1.7186549345599573,-1.702054802571432,-1.1326897780047815,-4.617806855832235,-4.890339676533834,0.6903988718986511,0.0,-0.0,0.0,0.0,0.0,0.0,0.0,0.0,0.0,0.0,0.0,0.0,0
1786495133,938330888,100.0,-1.7185829321490687,-1.702054802571432,-1.1326659361468714,-4.617770854626791,-4.890339676533834,0.6903269290924072,0.0,-0.0,0.0,0.0,0.0,0.0,0.0,0.0,0.0,0.0,0.0,0.0,0
1786495133,958636760,100.0,-1.7185590902911585,-1.702066723500387,-1.1326301733600062,-4.617722932492391,-4.890363637601034,0.6903868913650513,0.0,-0.0,0.0,0.0,0.0,0.0,0.0,0.0,0.0,0.0,0.0,0.0,0
1786495133,978358268,100.0,-1.7185710112201136,-1.7020910421954554,-1.1326897780047815,-4.617806855832235,-4.890375677739279,0.6903868913650513,0.0,-0.0,0.0,0.0,0.0,0.0,0.0,0.0,0.0,0.0,0.0,0.0,0
1786495133,998808383,100.0,-1.7185829321490687,-1.702066723500387,-1.1326659361468714,-4.617758814488546,-4.890351716672079,0.6903629302978516,0.0,-0.0,0.0,0.0,0.0,0.0,0.0,0.0,0.0,0.0,0.0,0.0,0
1786495134,18554210,100.0,-1.7185590902911585,-1.702066723500387,-1.1327016989337366,-4.6177828947650355,-4.890327755604879,0.6903629302978516,0.0,-0.0,0.0,0.0,0.0,0.0,0.0,0.0,0.0,0.0,0.0,0.0,0
1786495134,38452148,100.0,-1.718607250844137,-1.702066723500387,-1.1327136198626917,-4.617806855832235,-4.890375677739279,0.6903389096260071,0.0,-0.0,0.0,0.0,0.0,0.0,0.0,0.0,0.0,0.0,0.0,0.0,0
1786495134,58390855,100.0,-1.718607250844137,-1.702066723500387,-1.1326897780047815,-4.617830816899435,-4.890363637601034,0.6903629302978516,0.0,-0.0,0.0,0.0,0.0,0.0,0.0,0.0,0.0,0.0,0.0,0.0,0
1786495134,78513383,100.0,-1.718607250844137,-1.7021029631244105,-1.132749382649557,-4.617770854626791,-4.890327755604879,0.6903269290924072,0.0,-0.0,0.0,0.0,0.0,0.0,0.0,0.0,0.0,0.0,0.0,0.0,0
1786495134,98442077,100.0,-1.7185590902911585,-1.702054802571432,-1.1326659361468714,-4.6177828947650355,-4.890351716672079,0.6903629302978516,0.0,-0.0,0.0,0.0,0.0,0.0,0.0,0.0,0.0,0.0,0.0,0.0,0
1786495134,118686676,100.0,-1.718595329915182,-1.7020910421954554,-1.1327136198626917,-4.617770854626791,-4.890375677739279,0.6903269290924072,0.0,-0.0,0.0,0.0,0.0,0.0,0.0,0.0,0.0,0.0,0.0,0.0,0
1786495134,138390541,100.0,-1.7185829321490687,-1.7020910421954554,-1.1326897780047815,-4.617758814488546,-4.890351716672079,0.6903868913650513,0.0,-0.0,0.0,0.0,0.0,0.0,0.0,0.0,0.0,0.0,0.0,0.0,0
1786495134,158586978,100.0,-1.718607250844137,-1.7020190397845667,-1.1326659361468714,-4.617806855832235,-4.890375677739279,0.6903509497642517,0.0,-0.0,0.0,0.0,0.0,0.0,0.0,0.0,0.0,0.0,0.0,0.0,0
1786495134,178421020,100.0,-1.7185590902911585,-1.702066723500387,-1.1326773802386683,-4.6177948156939905,-4.890399638806478,0.6903988718986511,0.0,-0.0,0.0,0.0,0.0,0.0,0.0,0.0,0.0,0.0,0.0,0.0,0
1786495134,198764324,100.0,-1.7186310927020472,-1.7020791212665003,-1.1326773802386683,-4.617770854626791,-4.890387598668234,0.6903629302978516,0.0,-0.0,0.0,0.0,0.0,0.0,0.0,0.0,0.0,0.0,0.0,0.0,0
1786495134,218423128,100.0,-1.718607250844137,-1.7020428816424769,-1.1327136198626917,-4.6177948156939905,-4.890351716672079,0.6903629302978516,0.0,-0.0,0.0,0.0,0.0,0.0,0.0,0.0,0.0,0.0,0.0,0.0,0
1786495134,238657712,100.0,-1.7185590902911585,-1.7020910421954554,-1.1326773802386683,-4.617746893559591,-4.890387598668234,0.6903868913650513,0.0,-0.0,0.0,0.0,0.0,0.0,0.0,0.0,0.0,0.0,0.0,0.0,0
1786495134,258562326,100.0,-1.718607250844137,-1.702054802571432,-1.1326897780047815,-4.617758814488546,-4.890363637601034,0.6903749108314514,0.0,-0.0,0.0,0.0,0.0,0.0,0.0,0.0,0.0,0.0,0.0,0.0,0
1786495134,278754234,100.0,-1.718595329915182,-1.7021148840533655,-1.1326659361468714,-4.617746893559591,-4.890363637601034,0.6903749108314514,0.0,-0.0,0.0,0.0,0.0,0.0,0.0,0.0,0.0,0.0,0.0,0.0,0
1786495134,298582077,100.0,-1.7185590902911585,-1.7021029631244105,-1.1326773802386683,-4.617770854626791,-4.890363637601034,0.6903509497642517,0.0,-0.0,0.0,0.0,0.0,0.0,0.0,0.0,0.0,0.0,0.0,0.0,0
1786495134,318588495,100.0,-1.718607250844137,-1.7020910421954554,-1.1326897780047815,-4.617758814488546,-4.890375677739279,0.6903629302978516,0.0,-0.0,0.0,0.0,0.0,0.0,0.0,0.0,0.0,0.0,0.0,0.0,0
1786495134,338418006,100.0,-1.718607250844137,-1.7021148840533655,-1.1326540152179163,-4.6177828947650355,-4.890387598668234,0.6903509497642517,0.0,-0.0,0.0,0.0,0.0,0.0,0.0,0.0,0.0,0.0,0.0,0.0,0
1786495134,358766078,100.0,-1.718607250844137,-1.7020910421954554,-1.1326897780047815,-4.617770854626791,-4.890363637601034,0.6903629302978516,0.0,-0.0,0.0,0.0,0.0,0.0,0.0,0.0,0.0,0.0,0.0,0.0,0
1786495134,378436088,100.0,-1.7186430136310022,-1.7020791212665003,-1.1326773802386683,-4.617746893559591,-4.890387598668234,0.6903749108314514,0.0,-0.0,0.0,0.0,0.0,0.0,0.0,0.0,0.0,0.0,0.0,0.0,0
1786495134,398692846,100.0,-1.7185352484332483,-1.7021029631244105,-1.1326897780047815,-4.617770854626791,-4.890339676533834,0.6903749108314514,0.0,-0.0,0.0,0.0,0.0,0.0,0.0,0.0,0.0,0.0,0.0,0.0,0
1786495134,418390035,100.0,-1.718595329915182,-1.7020910421954554,-1.1327016989337366,-4.6177948156939905,-4.890339676533834,0.6903868913650513,0.0,-0.0,0.0,0.0,0.0,0.0,0.0,0.0,0.0,0.0,0.0,0.0,0
1786495134,438565492,100.0,-1.7185710112201136,-1.7021029631244105,-1.1326540152179163,-4.617806855832235,-4.890375677739279,0.6903509497642517,0.0,-0.0,0.0,0.0,0.0,0.0,0.0,0.0,0.0,0.0,0.0,0.0,0
1786495134,458360433,100.0,-1.718607250844137,-1.7020910421954554,-1.1327136198626917,-4.617758814488546,-4.890387598668234,0.6903749108314514,0.0,-0.0,0.0,0.0,0.0,0.0,0.0,0.0,0.0,0.0,0.0,0.0,0
1786495134,478635549,100.0,-1.7185352484332483,-1.702054802571432,-1.1327136198626917,-4.6177828947650355,-4.890351716672079,0.6903749108314514,0.0,-0.0,0.0,0.0,0.0,0.0,0.0,0.0,0.0,0.0,0.0,0.0,0
1786495134,498627185,100.0,-1.7186668554889124,-1.7021029631244105,-1.1326420942889612,-4.617806855832235,-4.890351716672079,0.6903509497642517,0.0,-0.0,0.0,0.0,0.0,0.0,0.0,0.0,0.0,0.0,0.0,0.0,0
1786495134,518547534,100.0,-1.7185471693622034,-1.702066723500387,-1.1326659361468714,-4.617758814488546,-4.890375677739279,0.6903749108314514,0.0,-0.0,0.0,0.0,0.0,0.0,0.0,0.0,0.0,0.0,0.0,0.0,0
1786495134,538386344,100.0,-1.7185710112201136,-1.7020428816424769,-1.1326773802386683,-4.617758814488546,-4.890375677739279,0.6903749108314514,0.0,-0.0,0.0,0.0,0.0,0.0,0.0,0.0,0.0,0.0,0.0,0.0,0
1786495134,558595180,100.0,-1.7185710112201136,-1.702066723500387,-1.1326659361468714,-4.617770854626791,-4.890399638806478,0.6903868913650513,0.0,-0.0,0.0,0.0,0.0,0.0,0.0,0.0,0.0,0.0,0.0,0.0,0
1786495134,578385353,100.0,-1.718607250844137,-1.7021029631244105,-1.1326659361468714,-4.617758814488546,-4.890339676533834,0.6903629302978516,0.0,-0.0,0.0,0.0,0.0,0.0,0.0,0.0,0.0,0.0,0.0,0.0,0
1786495134,598569631,100.0,-1.7185829321490687,-1.7020910421954554,-1.1326420942889612,-4.6177948156939905,-4.890375677739279,0.6903749108314514,0.0,-0.0,0.0,0.0,0.0,0.0,0.0,0.0,0.0,0.0,0.0,0.0,0
1786495134,618422031,100.0,-1.718619171773092,-1.702066723500387,-1.1326773802386683,-4.6177948156939905,-4.890363637601034,0.6903629302978516,0.0,-0.0,0.0,0.0,0.0,0.0,0.0,0.0,0.0,0.0,0.0,0.0,0
1786495134,638579368,100.0,-1.718595329915182,-1.702066723500387,-1.1327016989337366,-4.617770854626791,-4.890327755604879,0.6903629302978516,0.0,-0.0,0.0,0.0,0.0,0.0,0.0,0.0,0.0,0.0,0.0,0.0,0
1786495134,658383369,100.0,-1.7185710112201136,-1.7020428816424769,-1.1326773802386683,-4.6177948156939905,-4.890375677739279,0.6903749108314514,0.0,-0.0,0.0,0.0,0.0,0.0,0.0,0.0,0.0,0.0,0.0,0.0,0
1786495134,678529262,100.0,-1.718619171773092,-1.7020791212665003,-1.1327016989337366,-4.6177948156939905,-4.890315715466635,0.6903749108314514,0.0,-0.0,0.0,0.0,0.0,0.0,0.0,0.0,0.0,0.0,0.0,0.0,0
1786495134,698659420,100.0,-1.7185829321490687,-1.7020190397845667,-1.1327016989337366,-4.617770854626791,-4.890399638806478,0.6903749108314514,0.0,-0.0,0.0,0.0,0.0,0.0,0.0,0.0,0.0,0.0,0.0,0.0,0
1786495134,718714714,100.0,-1.7185829321490687,-1.7020428816424769,-1.1326897780047815,-4.61781877676119,-4.890327755604879,0.6903749108314514,0.0,-0.0,0.0,0.0,0.0,0.0,0.0,0.0,0.0,0.0,0.0,0.0,0
1786495134,738513946,100.0,-1.718607250844137,-1.702066723500387,-1.1327255407916468,-4.6177828947650355,-4.890363637601034,0.6903509497642517,0.0,-0.0,0.0,0.0,0.0,0.0,0.0,0.0,0.0,0.0,0.0,0.0,0
1786495134,758657693,100.0,-1.718595329915182,-1.702066723500387,-1.132618252431051,-4.617746893559591,-4.890375677739279,0.6903149485588074,0.0,-0.0,0.0,0.0,0.0,0.0,0.0,0.0,0.0,0.0,0.0,0.0,0
1786495134,778385400,100.0,-1.7185710112201136,-1.7021148840533655,-1.1326659361468714,-4.617806855832235,-4.890375677739279,0.6903749108314514,0.0,-0.0,0.0,0.0,0.0,0.0,0.0,0.0,0.0,0.0,0.0,0.0,0
1786495134,798775434,100.0,-1.7185590902911585,-1.7020309607135218,-1.1326540152179163,-4.6177948156939905,-4.890387598668234,0.6903629302978516,0.0,-0.0,0.0,0.0,0.0,0.0,0.0,0.0,0.0,0.0,0.0,0.0,0
1786495134,818393945,100.0,-1.7185590902911585,-1.7021387259112757,-1.1327016989337366,-4.6177828947650355,-4.890375677739279,0.6903988718986511,0.0,-0.0,0.0,0.0,0.0,0.0,0.0,0.0,0.0,0.0,0.0,0.0,0
1786495134,838633775,100.0,-1.7186310927020472,-1.7020791212665003,-1.1326773802386683,-4.6177948156939905,-4.890375677739279,0.6904228329658508,0.0,-0.0,0.0,0.0,0.0,0.0,0.0,0.0,0.0,0.0,0.0,0.0,0
1786495134,858355522,100.0,-1.7185710112201136,-1.7020791212665003,-1.1327016989337366,-4.61781877676119,-4.890375677739279,0.6903749108314514,0.0,-0.0,0.0,0.0,0.0,0.0,0.0,0.0,0.0,0.0,0.0,0.0,0
1786495134,878517150,100.0,-1.7185710112201136,-1.702054802571432,-1.1326659361468714,-4.6177828947650355,-4.890351716672079,0.6903868913650513,0.0,-0.0,0.0,0.0,0.0,0.0,0.0,0.0,0.0,0.0,0.0,0.0,0
1786495134,898496150,100.0,-1.7186310927020472,-1.7020910421954554,-1.1327136198626917,-4.617746893559591,-4.890399638806478,0.6904228329658508,0.0,-0.0,0.0,0.0,0.0,0.0,0.0,0.0,0.0,0.0,0.0,0.0,0
1786495134,918702125,100.0,-1.718595329915182,-1.702054802571432,-1.1326773802386683,-4.61781877676119,-4.890375677739279,0.6903269290924072,0.0,-0.0,0.0,0.0,0.0,0.0,0.0,0.0,0.0,0.0,0.0,0.0,0
1786495134,938435316,100.0,-1.7185590902911585,-1.7020428816424769,-1.1327136198626917,-4.617758814488546,-4.890315715466635,0.6903269290924072,0.0,-0.0,0.0,0.0,0.0,0.0,0.0,0.0,0.0,0.0,0.0,0.0,0
1786495134,958431959,100.0,-1.718595329915182,-1.7020428816424769,-1.1326773802386683,-4.617758814488546,-4.890327755604879,0.6903868913650513,0.0,-0.0,0.0,0.0,0.0,0.0,0.0,0.0,0.0,0.0,0.0,0.0,0
1786495134,978368759,100.0,-1.7185471693622034,-1.7020791212665003,-1.1327016989337366,-4.617770854626791,-4.890363637601034,0.6904228329658508,0.0,-0.0,0.0,0.0,0.0,0.0,0.0,0.0,0.0,0.0,0.0,0.0,0
1786495134,998693943,100.0,-1.718595329915182,-1.702054802571432,-1.1326420942889612,-4.617722932492391,-4.890375677739279,0.6903988718986511,0.0,-0.0,0.0,0.0,0.0,0.0,0.0,0.0,0.0,0.0,0.0,0.0,0
1786495135,18428087,100.0,-1.7186310927020472,-1.7021268049823206,-1.1327016989337366,-4.617770854626791,-4.890339676533834,0.6903868913650513,0.0,-0.0,0.0,0.0,0.0,0.0,0.0,0.0,0.0,0.0,0.0,0.0,0
1786495135,38606166,100.0,-1.7185710112201136,-1.702054802571432,-1.1326659361468714,-4.617746893559591,-4.890363637601034,0.6903389096260071,0.0,-0.0,0.0,0.0,0.0,0.0,0.0,0.0,0.0,0.0,0.0,0.0,0
1786495135,58313131,100.0,-1.7185829321490687,-1.7021029631244105,-1.1326773802386683,-4.617758814488546,-4.890375677739279,0.6903988718986511,0.0,-0.0,0.0,0.0,0.0,0.0,0.0,0.0,0.0,0.0,0.0,0.0,0
1786495135,78590393,100.0,-1.7185471693622034,-1.7021148840533655,-1.1326540152179163,-4.617770854626791,-4.890363637601034,0.6903629302978516,0.0,-0.0,0.0,0.0,0.0,0.0,0.0,0.0,0.0,0.0,0.0,0.0,0
1786495135,98507881,100.0,-1.7185710112201136,-1.7020791212665003,-1.1326659361468714,-4.617758814488546,-4.890387598668234,0.6903749108314514,0.0,-0.0,0.0,0.0,0.0,0.0,0.0,0.0,0.0,0.0,0.0,0.0,0
1786495135,118537902,100.0,-1.7185829321490687,-1.702054802571432,-1.1326659361468714,-4.617770854626791,-4.890363637601034,0.6903868913650513,0.0,-0.0,0.0,0.0,0.0,0.0,0.0,0.0,0.0,0.0,0.0,0.0,0
1786495135,138417482,100.0,-1.7185710112201136,-1.702066723500387,-1.1327016989337366,-4.6177948156939905,-4.890399638806478,0.6903868913650513,0.0,-0.0,0.0,0.0,0.0,0.0,0.0,0.0,0.0,0.0,0.0,0.0,0
1786495135,158455133,100.0,-1.7185710112201136,-1.7020428816424769,-1.1327136198626917,-4.617830816899435,-4.890339676533834,0.6903629302978516,0.0,-0.0,0.0,0.0,0.0,0.0,0.0,0.0,0.0,0.0,0.0,0.0,0
1786495135,178406000,100.0,-1.718607250844137,-1.7020309607135218,-1.1326540152179163,-4.617758814488546,-4.890399638806478,0.6903749108314514,0.0,-0.0,0.0,0.0,0.0,0.0,0.0,0.0,0.0,0.0,0.0,0.0,0
1786495135,198554277,100.0,-1.7185710112201136,-1.7020791212665003,-1.1326659361468714,-4.6177948156939905,-4.890399638806478,0.6903629302978516,0.0,-0.0,0.0,0.0,0.0,0.0,0.0,0.0,0.0,0.0,0.0,0.0,0
1786495135,218389987,100.0,-1.718619171773092,-1.7021029631244105,-1.1326420942889612,-4.617722932492391,-4.890363637601034,0.6903629302978516,0.0,-0.0,0.0,0.0,0.0,0.0,0.0,0.0,0.0,0.0,0.0,0.0,0
1786495135,238570451,100.0,-1.7185590902911585,-1.7021148840533655,-1.1327016989337366,-4.617758814488546,-4.890399638806478,0.6903629302978516,0.0,-0.0,0.0,0.0,0.0,0.0,0.0,0.0,0.0,0.0,0.0,0.0,0
1786495135,258520364,100.0,-1.7186430136310022,-1.702066723500387,-1.1326659361468714,-4.617758814488546,-4.890375677739279,0.6903868913650513,0.0,-0.0,0.0,0.0,0.0,0.0,0.0,0.0,0.0,0.0,0.0,0.0,0
1786495135,278599977,100.0,-1.718607250844137,-1.702054802571432,-1.1326659361468714,-4.617770854626791,-4.890363637601034,0.6903029680252075,0.0,-0.0,0.0,0.0,0.0,0.0,0.0,0.0,0.0,0.0,0.0,0.0,0
1786495135,298432588,100.0,-1.7185590902911585,-1.7020428816424769,-1.1326897780047815,-4.617758814488546,-4.890351716672079,0.690410852432251,0.0,-0.0,0.0,0.0,0.0,0.0,0.0,0.0,0.0,0.0,0.0,0.0,0
1786495135,318457841,100.0,-1.7185471693622034,-1.702054802571432,-1.1326773802386683,-4.6177948156939905,-4.890339676533834,0.6903629302978516,0.0,-0.0,0.0,0.0,0.0,0.0,0.0,0.0,0.0,0.0,0.0,0.0,0
1786495135,338422536,100.0,-1.718607250844137,-1.7020309607135218,-1.1326659361468714,-4.617770854626791,-4.890387598668234,0.6903749108314514,0.0,-0.0,0.0,0.0,0.0,0.0,0.0,0.0,0.0,0.0,0.0,0.0,0
1786495135,358544588,100.0,-1.718607250844137,-1.7020428816424769,-1.1327016989337366,-4.617806855832235,-4.890351716672079,0.6903629302978516,0.0,-0.0,0.0,0.0,0.0,0.0,0.0,0.0,0.0,0.0,0.0,0.0,0
1786495135,378370761,100.0,-1.7185352484332483,-1.702054802571432,-1.1326659361468714,-4.617746893559591,-4.890327755604879,0.690410852432251,0.0,-0.0,0.0,0.0,0.0,0.0,0.0,0.0,0.0,0.0,0.0,0.0,0
1786495135,398728847,100.0,-1.7185829321490687,-1.7020910421954554,-1.1327136198626917,-4.617722932492391,-4.890399638806478,0.6903988718986511,0.0,-0.0,0.0,0.0,0.0,0.0,0.0,0.0,0.0,0.0,0.0,0.0,0
1786495135,418336629,100.0,-1.7186310927020472,-1.7020791212665003,-1.1326540152179163,-4.617758814488546,-4.890351716672079,0.6903749108314514,0.0,-0.0,0.0,0.0,0.0,0.0,0.0,0.0,0.0,0.0,0.0,0.0,0
1786495135,438522577,100.0,-1.7185233275042933,-1.7020910421954554,-1.1326773802386683,-4.617806855832235,-4.890351716672079,0.6903749108314514,0.0,-0.0,0.0,0.0,0.0,0.0,0.0,0.0,0.0,0.0,0.0,0.0,0
1786495135,458373785,100.0,-1.7185710112201136,-1.702054802571432,-1.1327016989337366,-4.6177348534213465,-4.890375677739279,0.6903389096260071,0.0,-0.0,0.0,0.0,0.0,0.0,0.0,0.0,0.0,0.0,0.0,0.0,0
1786495135,478461027,100.0,-1.718607250844137,-1.702054802571432,-1.1327255407916468,-4.617770854626791,-4.890327755604879,0.6903629302978516,0.0,-0.0,0.0,0.0,0.0,0.0,0.0,0.0,0.0,0.0,0.0,0.0,0
1786495135,498438596,100.0,-1.718607250844137,-1.702054802571432,-1.1326897780047815,-4.6177828947650355,-4.890399638806478,0.6903389096260071,0.0,-0.0,0.0,0.0,0.0,0.0,0.0,0.0,0.0,0.0,0.0,0.0,0
1786495135,518566846,100.0,-1.7185710112201136,-1.7020910421954554,-1.1326420942889612,-4.617806855832235,-4.890387598668234,0.6904228329658508,0.0,-0.0,0.0,0.0,0.0,0.0,0.0,0.0,0.0,0.0,0.0,0.0,0
1786495135,538400650,100.0,-1.7185233275042933,-1.7020910421954554,-1.1326897780047815,-4.6177948156939905,-4.890399638806478,0.6904467940330505,0.0,-0.0,0.0,0.0,0.0,0.0,0.0,0.0,0.0,0.0,0.0,0.0,0
1786495135,558576583,100.0,-1.7185829321490687,-1.7020071188556116,-1.1326659361468714,-4.617770854626791,-4.890412036572592,0.6903749108314514,0.0,-0.0,0.0,0.0,0.0,0.0,0.0,0.0,0.0,0.0,0.0,0.0,0
1786495135,578415870,100.0,-1.718619171773092,-1.7020791212665003,-1.1326897780047815,-4.617770854626791,-4.890412036572592,0.6903988718986511,0.0,-0.0,0.0,0.0,0.0,0.0,0.0,0.0,0.0,0.0,0.0,0.0,0
1786495135,598600387,100.0,-1.7185471693622034,-1.7020190397845667,-1.1326773802386683,-4.6177828947650355,-4.890339676533834,0.6903629302978516,0.0,-0.0,0.0,0.0,0.0,0.0,0.0,0.0,0.0,0.0,0.0,0.0,0
1786495135,618550539,100.0,-1.718619171773092,-1.7020071188556116,-1.1326540152179163,-4.617770854626791,-4.890375677739279,0.6903868913650513,0.0,-0.0,0.0,0.0,0.0,0.0,0.0,0.0,0.0,0.0,0.0,0.0,0
1786495135,638596057,100.0,-1.7185829321490687,-1.702054802571432,-1.1326773802386683,-4.6177828947650355,-4.890387598668234,0.6903988718986511,0.0,-0.0,0.0,0.0,0.0,0.0,0.0,0.0,0.0,0.0,0.0,0.0,0
1786495135,658419132,100.0,-1.7186310927020472,-1.7021268049823206,-1.1326773802386683,-4.6177348534213465,-4.890351716672079,0.6904348134994507,0.0,-0.0,0.0,0.0,0.0,0.0,0.0,0.0,0.0,0.0,0.0,0.0,0
1786495135,678543806,100.0,-1.7185471693622034,-1.7021029631244105,-1.1326540152179163,-4.617758814488546,-4.890363637601034,0.6903509497642517,0.0,-0.0,0.0,0.0,0.0,0.0,0.0,0.0,0.0,0.0,0.0,0.0,0
1786495135,698581695,100.0,-1.7185590902911585,-1.702066723500387,-1.1326540152179163,-4.6177348534213465,-4.890351716672079,0.6903749108314514,0.0,-0.0,0.0,0.0,0.0,0.0,0.0,0.0,0.0,0.0,0.0,0.0,0
1786495135,718578338,100.0,-1.7185829321490687,-1.7020910421954554,-1.1326540152179163,-4.617806855832235,-4.890387598668234,0.6903509497642517,0.0,-0.0,0.0,0.0,0.0,0.0,0.0,0.0,0.0,0.0,0.0,0.0,0
1786495135,738420009,100.0,-1.718619171773092,-1.7021029631244105,-1.1327016989337366,-4.6177348534213465,-4.890375677739279,0.6904228329658508,0.0,-0.0,0.0,0.0,0.0,0.0,0.0,0.0,0.0,0.0,0.0,0.0,0
1786495135,758462429,100.0,-1.7185710112201136,-1.7020428816424769,-1.1326540152179163,-4.617770854626791,-4.890363637601034,0.6903629302978516,0.0,-0.0,0.0,0.0,0.0,0.0,0.0,0.0,0.0,0.0,0.0,0.0,0
1786495135,778436183,100.0,-1.718607250844137,-1.7020910421954554,-1.1326773802386683,-4.61781877676119,-4.890399638806478,0.6904228329658508,0.0,-0.0,0.0,0.0,0.0,0.0,0.0,0.0,0.0,0.0,0.0,0.0,0
1786495135,798682451,100.0,-1.7185710112201136,-1.7021387259112757,-1.1326301733600062,-4.617758814488546,-4.890387598668234,0.6903988718986511,0.0,-0.0,0.0,0.0,0.0,0.0,0.0,0.0,0.0,0.0,0.0,0.0,0
1786495135,818520069,100.0,-1.718607250844137,-1.702054802571432,-1.1327016989337366,-4.617758814488546,-4.890351716672079,0.6903988718986511,0.0,-0.0,0.0,0.0,0.0,0.0,0.0,0.0,0.0,0.0,0.0,0.0,0
1786495135,838501214,100.0,-1.718607250844137,-1.7020791212665003,-1.1326540152179163,-4.617746893559591,-4.890412036572592,0.6903389096260071,0.0,-0.0,0.0,0.0,0.0,0.0,0.0,0.0,0.0,0.0,0.0,0.0,0
1786495135,858499526,100.0,-1.718595329915182,-1.7021029631244105,-1.1326659361468714,-4.617758814488546,-4.890339676533834,0.6903749108314514,0.0,-0.0,0.0,0.0,0.0,0.0,0.0,0.0,0.0,0.0,0.0,0.0,0
1786495135,878572463,100.0,-1.718619171773092,-1.702054802571432,-1.1326540152179163,-4.617746893559591,-4.890375677739279,0.6903629302978516,0.0,-0.0,0.0,0.0,0.0,0.0,0.0,0.0,0.0,0.0,0.0,0.0,0
1786495135,898557662,100.0,-1.7185590902911585,-1.7020309607135218,-1.1326301733600062,-4.617770854626791,-4.890327755604879,0.6903749108314514,0.0,-0.0,0.0,0.0,0.0,0.0,0.0,0.0,0.0,0.0,0.0,0.0,0
1786495135,918446779,100.0,-1.7186310927020472,-1.702066723500387,-1.1326659361468714,-4.6177828947650355,-4.890339676533834,0.6903509497642517,0.0,-0.0,0.0,0.0,0.0,0.0,0.0,0.0,0.0,0.0,0.0,0.0,0
1786495135,938545942,100.0,-1.718619171773092,-1.7020791212665003,-1.1326773802386683,-4.617758814488546,-4.890363637601034,0.6903389096260071,0.0,-0.0,0.0,0.0,0.0,0.0,0.0,0.0,0.0,0.0,0.0,0.0,0
1786495135,958565711,100.0,-1.7185710112201136,-1.702066723500387,-1.1326773802386683,-4.617770854626791,-4.890351716672079,0.6903749108314514,0.0,-0.0,0.0,0.0,0.0,0.0,0.0,0.0,0.0,0.0,0.0,0.0,0
1786495135,978418111,100.0,-1.718595329915182,-1.702066723500387,-1.1327255407916468,-4.617770854626791,-4.890351716672079,0.6903868913650513,0.0,-0.0,0.0,0.0,0.0,0.0,0.0,0.0,0.0,0.0,0.0,0.0,0
1786495135,998587846,100.0,-1.718595329915182,-1.7020791212665003,-1.1326301733600062,-4.617770854626791,-4.890351716672079,0.6903509497642517,0.0,-0.0,0.0,0.0,0.0,0.0,0.0,0.0,0.0,0.0,0.0,0.0,0
1786495136,18416643,100.0,-1.7185710112201136,-1.7020309607135218,-1.1326659361468714,-4.6177828947650355,-4.890387598668234,0.6903749108314514,0.0,-0.0,0.0,0.0,0.0,0.0,0.0,0.0,0.0,0.0,0.0,0.0,0
1786495136,38436412,100.0,-1.718619171773092,-1.702066723500387,-1.1326773802386683,-4.6177828947650355,-4.890363637601034,0.6903629302978516,0.0,-0.0,0.0,0.0,0.0,0.0,0.0,0.0,0.0,0.0,0.0,0.0,0
1786495136,58320045,100.0,-1.7186310927020472,-1.702066723500387,-1.1327136198626917,-4.617806855832235,-4.890351716672079,0.6903509497642517,0.0,-0.0,0.0,0.0,0.0,0.0,0.0,0.0,0.0,0.0,0.0,0.0,0
1786495136,78648805,100.0,-1.7185590902911585,-1.7020309607135218,-1.1326420942889612,-4.6177948156939905,-4.890363637601034,0.6903988718986511,0.0,-0.0,0.0,0.0,0.0,0.0,0.0,0.0,0.0,0.0,0.0,0.0,0
1786495136,98551750,100.0,-1.718607250844137,-1.7020791212665003,-1.1327136198626917,-4.6177948156939905,-4.890399638806478,0.6903389096260071,0.0,-0.0,0.0,0.0,0.0,0.0,0.0,0.0,0.0,0.0,0.0,0.0,0
1786495136,118567943,100.0,-1.718619171773092,-1.7020791212665003,-1.1326897780047815,-4.6177348534213465,-4.890363637601034,0.6904228329658508,0.0,-0.0,0.0,0.0,0.0,0.0,0.0,0.0,0.0,0.0,0.0,0.0,0
1786495136,138376951,100.0,-1.7185829321490687,-1.702054802571432,-1.1327016989337366,-4.617806855832235,-4.890363637601034,0.6903749108314514,0.0,-0.0,0.0,0.0,0.0,0.0,0.0,0.0,0.0,0.0,0.0,0.0,0
1786495136,158509492,100.0,-1.7185590902911585,-1.7020910421954554,-1.1326773802386683,-4.61781877676119,-4.890399638806478,0.6903749108314514,0.0,-0.0,0.0,0.0,0.0,0.0,0.0,0.0,0.0,0.0,0.0,0.0,0
1786495136,178355455,100.0,-1.7185590902911585,-1.7020309607135218,-1.1326420942889612,-4.6177948156939905,-4.890363637601034,0.6903988718986511,0.0,-0.0,0.0,0.0,0.0,0.0,0.0,0.0,0.0,0.0,0.0,0.0,0
1786495136,198730707,100.0,-1.7185710112201136,-1.702054802571432,-1.1326773802386683,-4.617722932492391,-4.890315715466635,0.6903749108314514,0.0,-0.0,0.0,0.0,0.0,0.0,0.0,0.0,0.0,0.0,0.0,0.0,0
1786495136,218387365,100.0,-1.7185710112201136,-1.7021148840533655,-1.1326659361468714,-4.6177828947650355,-4.890351716672079,0.6903629302978516,0.0,-0.0,0.0,0.0,0.0,0.0,0.0,0.0,0.0,0.0,0.0,0.0,0
1786495136,238585710,100.0,-1.7185471693622034,-1.7020309607135218,-1.1326773802386683,-4.6177348534213465,-4.890387598668234,0.6903749108314514,0.0,-0.0,0.0,0.0,0.0,0.0,0.0,0.0,0.0,0.0,0.0,0.0,0
1786495136,258371353,100.0,-1.7185710112201136,-1.7021148840533655,-1.1326420942889612,-4.6177828947650355,-4.890351716672079,0.6903629302978516,0.0,-0.0,0.0,0.0,0.0,0.0,0.0,0.0,0.0,0.0,0.0,0.0,0
1786495136,278674602,100.0,-1.718607250844137,-1.7020791212665003,-1.1326659361468714,-4.617758814488546,-4.890387598668234,0.6903389096260071,0.0,-0.0,0.0,0.0,0.0,0.0,0.0,0.0,0.0,0.0,0.0,0.0,0
1786495136,298502206,100.0,-1.7186310927020472,-1.702066723500387,-1.1326897780047815,-4.617770854626791,-4.890363637601034,0.6903868913650513,0.0,-0.0,0.0,0.0,0.0,0.0,0.0,0.0,0.0,0.0,0.0,0.0,0
1786495136,318670511,100.0,-1.7185590902911585,-1.7020910421954554,-1.1326659361468714,-4.617806855832235,-4.890327755604879,0.6903389096260071,0.0,-0.0,0.0,0.0,0.0,0.0,0.0,0.0,0.0,0.0,0.0,0.0,0
1786495136,338406085,100.0,-1.7185829321490687,-1.7020791212665003,-1.1326897780047815,-4.617746893559591,-4.890339676533834,0.6903749108314514,0.0,-0.0,0.0,0.0,0.0,0.0,0.0,0.0,0.0,0.0,0.0,0.0,0
1786495136,358723163,100.0,-1.718607250844137,-1.7020309607135218,-1.1326540152179163,-4.6177828947650355,-4.890351716672079,0.6903868913650513,0.0,-0.0,0.0,0.0,0.0,0.0,0.0,0.0,0.0,0.0,0.0,0.0,0
1786495136,378454923,100.0,-1.7185590902911585,-1.7021268049823206,-1.1326773802386683,-4.617758814488546,-4.890387598668234,0.6903988718986511,0.0,-0.0,0.0,0.0,0.0,0.0,0.0,0.0,0.0,0.0,0.0,0.0,0
1786495136,398691177,100.0,-1.7185829321490687,-1.7020791212665003,-1.1326773802386683,-4.617770854626791,-4.890351716672079,0.6903749108314514,0.0,-0.0,0.0,0.0,0.0,0.0,0.0,0.0,0.0,0.0,0.0,0.0,0
1786495136,418418645,100.0,-1.7185710112201136,-1.7021029631244105,-1.1326540152179163,-4.617806855832235,-4.890375677739279,0.6903868913650513,0.0,-0.0,0.0,0.0,0.0,0.0,0.0,0.0,0.0,0.0,0.0,0.0,0
1786495136,438689470,100.0,-1.7185710112201136,-1.7020910421954554,-1.1326301733600062,-4.617758814488546,-4.890351716672079,0.6903988718986511,0.0,-0.0,0.0,0.0,0.0,0.0,0.0,0.0,0.0,0.0,0.0,0.0,0
1786495136,458421230,100.0,-1.718607250844137,-1.7020910421954554,-1.1327016989337366,-4.617806855832235,-4.890375677739279,0.6903629302978516,0.0,-0.0,0.0,0.0,0.0,0.0,0.0,0.0,0.0,0.0,0.0,0.0,0
1786495136,478685379,100.0,-1.718607250844137,-1.7020910421954554,-1.1326659361468714,-4.617758814488546,-4.890412036572592,0.6904228329658508,0.0,-0.0,0.0,0.0,0.0,0.0,0.0,0.0,0.0,0.0,0.0,0.0,0
1786495136,498528480,100.0,-1.718607250844137,-1.7020791212665003,-1.1327136198626917,-4.6177828947650355,-4.890399638806478,0.6903509497642517,0.0,-0.0,0.0,0.0,0.0,0.0,0.0,0.0,0.0,0.0,0.0,0.0,0
1786495136,518577337,100.0,-1.7185829321490687,-1.7020910421954554,-1.1326773802386683,-4.617758814488546,-4.890399638806478,0.6903749108314514,0.0,-0.0,0.0,0.0,0.0,0.0,0.0,0.0,0.0,0.0,0.0,0.0,0
1786495136,538441658,100.0,-1.718607250844137,-1.7020190397845667,-1.1326659361468714,-4.617722932492391,-4.890363637601034,0.6903988718986511,0.0,-0.0,0.0,0.0,0.0,0.0,0.0,0.0,0.0,0.0,0.0,0.0,0
1786495136,558597087,100.0,-1.718607250844137,-1.7021268049823206,-1.1326897780047815,-4.6177348534213465,-4.890375677739279,0.6903629302978516,0.0,-0.0,0.0,0.0,0.0,0.0,0.0,0.0,0.0,0.0,0.0,0.0,0
1786495136,578343629,100.0,-1.718607250844137,-1.7020190397845667,-1.1326301733600062,-4.6177948156939905,-4.890375677739279,0.690410852432251,0.0,-0.0,0.0,0.0,0.0,0.0,0.0,0.0,0.0,0.0,0.0,0.0,0
1786495136,598598718,100.0,-1.7185829321490687,-1.7021268049823206,-1.1327016989337366,-4.617770854626791,-4.890387598668234,0.6904228329658508,0.0,-0.0,0.0,0.0,0.0,0.0,0.0,0.0,0.0,0.0,0.0,0.0,0
1786495136,618409156,100.0,-1.718619171773092,-1.702066723500387,-1.1326773802386683,-4.6177948156939905,-4.890375677739279,0.6903509497642517,0.0,-0.0,0.0,0.0,0.0,0.0,0.0,0.0,0.0,0.0,0.0,0.0,0
1786495136,638435602,100.0,-1.718595329915182,-1.7020910421954554,-1.1327016989337366,-4.617758814488546,-4.890327755604879,0.6903629302978516,0.0,-0.0,0.0,0.0,0.0,0.0,0.0,0.0,0.0,0.0,0.0,0.0,0
1786495136,658333539,100.0,-1.7185710112201136,-1.7020910421954554,-1.1326897780047815,-4.6177948156939905,-4.890363637601034,0.6903389096260071,0.0,-0.0,0.0,0.0,0.0,0.0,0.0,0.0,0.0,0.0,0.0,0.0,0
1786495136,678551435,100.0,-1.718619171773092,-1.702066723500387,-1.1326659361468714,-4.61784273782839,-4.890339676533834,0.6903509497642517,0.0,-0.0,0.0,0.0,0.0,0.0,0.0,0.0,0.0,0.0,0.0,0.0,0
1786495136,698542356,100.0,-1.7185710112201136,-1.7021148840533655,-1.1327016989337366,-4.617806855832235,-4.890351716672079,0.6903988718986511,0.0,-0.0,0.0,0.0,0.0,0.0,0.0,0.0,0.0,0.0,0.0,0.0,0
1786495136,718542814,100.0,-1.7185710112201136,-1.7021029631244105,-1.1326897780047815,-4.617770854626791,-4.890351716672079,0.6904228329658508,0.0,-0.0,0.0,0.0,0.0,0.0,0.0,0.0,0.0,0.0,0.0,0.0,0
1786495136,738336324,100.0,-1.718595329915182,-1.7021029631244105,-1.1326659361468714,-4.617758814488546,-4.890351716672079,0.6904348134994507,0.0,-0.0,0.0,0.0,0.0,0.0,0.0,0.0,0.0,0.0,0.0,0.0,0
1786495136,758708477,100.0,-1.7185829321490687,-1.7020910421954554,-1.1327016989337366,-4.6177948156939905,-4.890351716672079,0.6903868913650513,0.0,-0.0,0.0,0.0,0.0,0.0,0.0,0.0,0.0,0.0,0.0,0.0,0
1786495136,778368234,100.0,-1.718595329915182,-1.7020910421954554,-1.1326659361468714,-4.617758814488546,-4.890375677739279,0.6903868913650513,0.0,-0.0,0.0,0.0,0.0,0.0,0.0,0.0,0.0,0.0,0.0,0.0,0
1786495136,798653364,100.0,-1.718595329915182,-1.7021268049823206,-1.1326540152179163,-4.617806855832235,-4.890399638806478,0.6903269290924072,0.0,-0.0,0.0,0.0,0.0,0.0,0.0,0.0,0.0,0.0,0.0,0.0,0
1786495136,818413019,100.0,-1.718619171773092,-1.702066723500387,-1.1326420942889612,-4.617758814488546,-4.890387598668234,0.6903509497642517,0.0,-0.0,0.0,0.0,0.0,0.0,0.0,0.0,0.0,0.0,0.0,0.0,0
1786495136,838419198,100.0,-1.7185352484332483,-1.702066723500387,-1.1326540152179163,-4.6177348534213465,-4.890327755604879,0.6904228329658508,0.0,-0.0,0.0,0.0,0.0,0.0,0.0,0.0,0.0,0.0,0.0,0.0,0
1786495136,858345031,100.0,-1.718607250844137,-1.7021148840533655,-1.1326540152179163,-4.617758814488546,-4.890387598668234,0.6904228329658508,0.0,-0.0,0.0,0.0,0.0,0.0,0.0,0.0,0.0,0.0,0.0,0.0,0
1786495136,878447532,100.0,-1.7186430136310022,-1.7021387259112757,-1.1326897780047815,-4.6177828947650355,-4.890351716672079,0.6903988718986511,0.0,-0.0,0.0,0.0,0.0,0.0,0.0,0.0,0.0,0.0,0.0,0.0,0
1786495136,898519515,100.0,-1.718619171773092,-1.7020910421954554,-1.1326773802386683,-4.617770854626791,-4.890375677739279,0.6904228329658508,0.0,-0.0,0.0,0.0,0.0,0.0,0.0,0.0,0.0,0.0,0.0,0.0,0
1786495136,918589591,100.0,-1.718619171773092,-1.702054802571432,-1.1326301733600062,-4.6177828947650355,-4.8903037945376795,0.6903629302978516,0.0,-0.0,0.0,0.0,0.0,0.0,0.0,0.0,0.0,0.0,0.0,0.0,0
1786495136,938428878,100.0,-1.7186310927020472,-1.702054802571432,-1.1327136198626917,-4.6177948156939905,-4.890339676533834,0.6903389096260071,0.0,-0.0,0.0,0.0,0.0,0.0,0.0,0.0,0.0,0.0,0.0,0.0,0
1786495136,958457708,100.0,-1.718595329915182,-1.702066723500387,-1.1326301733600062,-4.617770854626791,-4.890351716672079,0.6903868913650513,0.0,-0.0,0.0,0.0,0.0,0.0,0.0,0.0,0.0,0.0,0.0,0.0,0
1786495136,978439092,100.0,-1.718607250844137,-1.7020791212665003,-1.1326773802386683,-4.6177828947650355,-4.890339676533834,0.6903988718986511,0.0,-0.0,0.0,0.0,0.0,0.0,0.0,0.0,0.0,0.0,0.0,0.0,0
1786495136,998661041,100.0,-1.7185471693622034,-1.7021148840533655,-1.1326420942889612,-4.6177948156939905,-4.890375677739279,0.6903629302978516,0.0,-0.0,0.0,0.0,0.0,0.0,0.0,0.0,0.0,0.0,0.0,0.0,0
1786495137,18525838,100.0,-1.7185829321490687,-1.7020071188556116,-1.1326897780047815,-4.617770854626791,-4.890375677739279,0.6903629302978516,0.0,-0.0,0.0,0.0,0.0,0.0,0.0,0.0,0.0,0.0,0.0,0.0,0
1786495137,38461923,100.0,-1.7185471693622034,-1.7020428816424769,-1.1326540152179163,-4.617746893559591,-4.890387598668234,0.6903988718986511,0.0,-0.0,0.0,0.0,0.0,0.0,0.0,0.0,0.0,0.0,0.0,0.0,0
1786495137,58413505,100.0,-1.718595329915182,-1.7021268049823206,-1.1327136198626917,-4.617770854626791,-4.890327755604879,0.6903749108314514,0.0,-0.0,0.0,0.0,0.0,0.0,0.0,0.0,0.0,0.0,0.0,0.0,0
1786495137,78571081,100.0,-1.7186310927020472,-1.7020791212665003,-1.1327136198626917,-4.617770854626791,-4.890387598668234,0.6903988718986511,0.0,-0.0,0.0,0.0,0.0,0.0,0.0,0.0,0.0,0.0,0.0,0.0,0
1786495137,98456382,100.0,-1.7185829321490687,-1.7021268049823206,-1.1326773802386683,-4.61781877676119,-4.890339676533834,0.6903988718986511,0.0,-0.0,0.0,0.0,0.0,0.0,0.0,0.0,0.0,0.0,0.0,0.0,0
1786495137,118531942,100.0,-1.718595329915182,-1.7020910421954554,-1.1326897780047815,-4.617758814488546,-4.890351716672079,0.6903509497642517,0.0,-0.0,0.0,0.0,0.0,0.0,0.0,0.0,0.0,0.0,0.0,0.0,0
1786495137,138338565,100.0,-1.718607250844137,-1.702054802571432,-1.1326773802386683,-4.617770854626791,-4.890363637601034,0.6903509497642517,0.0,-0.0,0.0,0.0,0.0,0.0,0.0,0.0,0.0,0.0,0.0,0.0,0
1786495137,158360004,100.0,-1.718619171773092,-1.7020910421954554,-1.1326773802386683,-4.6177948156939905,-4.890375677739279,0.6903868913650513,0.0,-0.0,0.0,0.0,0.0,0.0,0.0,0.0,0.0,0.0,0.0,0.0,0
1786495137,178353309,100.0,-1.7185590902911585,-1.7020190397845667,-1.1327136198626917,-4.6177948156939905,-4.890375677739279,0.6903749108314514,0.0,-0.0,0.0,0.0,0.0,0.0,0.0,0.0,0.0,0.0,0.0,0.0,0
1786495137,198659181,100.0,-1.7185710112201136,-1.7020910421954554,-1.1326540152179163,-4.61781877676119,-4.890375677739279,0.6903868913650513,0.0,-0.0,0.0,0.0,0.0,0.0,0.0,0.0,0.0,0.0,0.0,0.0,0
1786495137,218574285,100.0,-1.7185829321490687,-1.7021029631244105,-1.1327136198626917,-4.617770854626791,-4.890351716672079,0.6903509497642517,0.0,-0.0,0.0,0.0,0.0,0.0,0.0,0.0,0.0,0.0,0.0,0.0,0
1786495137,238596916,100.0,-1.7185829321490687,-1.702066723500387,-1.1326773802386683,-4.6177828947650355,-4.890327755604879,0.6903868913650513,0.0,-0.0,0.0,0.0,0.0,0.0,0.0,0.0,0.0,0.0,0.0,0.0,0
1786495137,258391141,100.0,-1.718595329915182,-1.7020910421954554,-1.1326420942889612,-4.617806855832235,-4.890351716672079,0.6903868913650513,0.0,-0.0,0.0,0.0,0.0,0.0,0.0,0.0,0.0,0.0,0.0,0.0,0
1786495137,278511047,100.0,-1.7185590902911585,-1.702054802571432,-1.1326659361468714,-4.6177828947650355,-4.890339676533834,0.6903629302978516,0.0,-0.0,0.0,0.0,0.0,0.0,0.0,0.0,0.0,0.0,0.0,0.0,0
1786495137,298678636,100.0,-1.7185590902911585,-1.702066723500387,-1.1327016989337366,-4.617746893559591,-4.890351716672079,0.690410852432251,0.0,-0.0,0.0,0.0,0.0,0.0,0.0,0.0,0.0,0.0,0.0,0.0,0
1786495137,318412065,100.0,-1.7185471693622034,-1.702054802571432,-1.1326897780047815,-4.617758814488546,-4.890351716672079,0.6903629302978516,0.0,-0.0,0.0,0.0,0.0,0.0,0.0,0.0,0.0,0.0,0.0,0.0,0
1786495137,338382482,100.0,-1.7185829321490687,-1.7020791212665003,-1.1327136198626917,-4.6177828947650355,-4.890351716672079,0.6903389096260071,0.0,-0.0,0.0,0.0,0.0,0.0,0.0,0.0,0.0,0.0,0.0,0.0,0
1786495137,358418941,100.0,-1.7185829321490687,-1.7020791212665003,-1.1326897780047815,-4.6177828947650355,-4.890363637601034,0.6904228329658508,0.0,-0.0,0.0,0.0,0.0,0.0,0.0,0.0,0.0,0.0,0.0,0.0,0
1786495137,378371953,100.0,-1.718607250844137,-1.7020309607135218,-1.1326897780047815,-4.6177828947650355,-4.890375677739279,0.6903629302978516,0.0,-0.0,0.0,0.0,0.0,0.0,0.0,0.0,0.0,0.0,0.0,0.0,0
1786495137,398560762,100.0,-1.7185710112201136,-1.702054802571432,-1.1326420942889612,-4.6177948156939905,-4.890387598668234,0.6903509497642517,0.0,-0.0,0.0,0.0,0.0,0.0,0.0,0.0,0.0,0.0,0.0,0.0,0
1786495137,418449878,100.0,-1.7185471693622034,-1.7020791212665003,-1.1326897780047815,-4.6177828947650355,-4.890327755604879,0.6903509497642517,0.0,-0.0,0.0,0.0,0.0,0.0,0.0,0.0,0.0,0.0,0.0,0.0,0
1786495137,438603162,100.0,-1.718607250844137,-1.7021268049823206,-1.1326540152179163,-4.617758814488546,-4.890387598668234,0.6903509497642517,0.0,-0.0,0.0,0.0,0.0,0.0,0.0,0.0,0.0,0.0,0.0,0.0,0
1786495137,458532094,100.0,-1.718607250844137,-1.7021029631244105,-1.1326420942889612,-4.617746893559591,-4.890315715466635,0.690410852432251,0.0,-0.0,0.0,0.0,0.0,0.0,0.0,0.0,0.0,0.0,0.0,0.0,0
1786495137,478619098,100.0,-1.718595329915182,-1.7021029631244105,-1.1326540152179163,-4.6177948156939905,-4.890363637601034,0.6903749108314514,0.0,-0.0,0.0,0.0,0.0,0.0,0.0,0.0,0.0,0.0,0.0,0.0,0
1786495137,498410701,100.0,-1.7185710112201136,-1.7020910421954554,-1.1326659361468714,-4.6177828947650355,-4.890387598668234,0.6904348134994507,0.0,-0.0,0.0,0.0,0.0,0.0,0.0,0.0,0.0,0.0,0.0,0.0,0
1786495137,518554449,100.0,-1.7186430136310022,-1.7020428816424769,-1.1326540152179163,-4.617770854626791,-4.890375677739279,0.6903868913650513,0.0,-0.0,0.0,0.0,0.0,0.0,0.0,0.0,0.0,0.0,0.0,0.0,0
1786495137,538417577,100.0,-1.7185471693622034,-1.7020791212665003,-1.1326897780047815,-4.6177348534213465,-4.890387598668234,0.6903269290924072,0.0,-0.0,0.0,0.0,0.0,0.0,0.0,0.0,0.0,0.0,0.0,0.0,0
1786495137,558505296,100.0,-1.7186310927020472,-1.702054802571432,-1.1327016989337366,-4.617770854626791,-4.890375677739279,0.6903868913650513,0.0,-0.0,0.0,0.0,0.0,0.0,0.0,0.0,0.0,0.0,0.0,0.0,0
1786495137,578419685,100.0,-1.7185710112201136,-1.7020309607135218,-1.1326659361468714,-4.617746893559591,-4.890363637601034,0.6903509497642517,0.0,-0.0,0.0,0.0,0.0,0.0,0.0,0.0,0.0,0.0,0.0,0.0,0
1786495137,598648309,100.0,-1.7185590902911585,-1.7020190397845667,-1.1326773802386683,-4.6177948156939905,-4.890351716672079,0.6903988718986511,0.0,-0.0,0.0,0.0,0.0,0.0,0.0,0.0,0.0,0.0,0.0,0.0,0
1786495137,618436336,100.0,-1.7185710112201136,-1.7020791212665003,-1.1326659361468714,-4.6177948156939905,-4.890363637601034,0.6903868913650513,0.0,-0.0,0.0,0.0,0.0,0.0,0.0,0.0,0.0,0.0,0.0,0.0,0
1786495137,638416528,100.0,-1.7185471693622034,-1.7021029631244105,-1.1326659361468714,-4.617746893559591,-4.890399638806478,0.6903389096260071,0.0,-0.0,0.0,0.0,0.0,0.0,0.0,0.0,0.0,0.0,0.0,0.0,0
1786495137,658396244,100.0,-1.718607250844137,-1.7020910421954554,-1.1326773802386683,-4.6177948156939905,-4.890339676533834,0.690410852432251,0.0,-0.0,0.0,0.0,0.0,0.0,0.0,0.0,0.0,0.0,0.0,0.0,0
1786495137,678532361,100.0,-1.718619171773092,-1.702066723500387,-1.1326773802386683,-4.617806855832235,-4.890363637601034,0.6903749108314514,0.0,-0.0,0.0,0.0,0.0,0.0,0.0,0.0,0.0,0.0,0.0,0.0,0
1786495137,698539257,100.0,-1.718607250844137,-1.7020791212665003,-1.1326659361468714,-4.617806855832235,-4.890339676533834,0.6903749108314514,0.0,-0.0,0.0,0.0,0.0,0.0,0.0,0.0,0.0,0.0,0.0,0.0,0
1786495137,718609809,100.0,-1.7185829321490687,-1.702054802571432,-1.1327016989337366,-4.6177828947650355,-4.890351716672079,0.6903868913650513,0.0,-0.0,0.0,0.0,0.0,0.0,0.0,0.0,0.0,0.0,0.0,0.0,0
1786495137,738358497,100.0,-1.7185710112201136,-1.702054802571432,-1.1327016989337366,-4.617770854626791,-4.890339676533834,0.6903149485588074,0.0,-0.0,0.0,0.0,0.0,0.0,0.0,0.0,0.0,0.0,0.0,0.0,0
1786495137,758611202,100.0,-1.718595329915182,-1.7020428816424769,-1.1326659361468714,-4.617758814488546,-4.890351716672079,0.6903389096260071,0.0,-0.0,0.0,0.0,0.0,0.0,0.0,0.0,0.0,0.0,0.0,0.0,0
1786495137,778410196,100.0,-1.718595329915182,-1.702054802571432,-1.1326659361468714,-4.6177828947650355,-4.890375677739279,0.6903749108314514,0.0,-0.0,0.0,0.0,0.0,0.0,0.0,0.0,0.0,0.0,0.0,0.0,0
1786495137,798728466,100.0,-1.7185590902911585,-1.7020309607135218,-1.1327016989337366,-4.6177828947650355,-4.890339676533834,0.6903629302978516,0.0,-0.0,0.0,0.0,0.0,0.0,0.0,0.0,0.0,0.0,0.0,0.0,0
1786495137,818413019,100.0,-1.718607250844137,-1.7020791212665003,-1.1327016989337366,-4.6177828947650355,-4.890399638806478,0.6903629302978516,0.0,-0.0,0.0,0.0,0.0,0.0,0.0,0.0,0.0,0.0,0.0,0.0,0
1786495137,838775396,100.0,-1.718607250844137,-1.7020910421954554,-1.1327255407916468,-4.6177348534213465,-4.890399638806478,0.6903509497642517,0.0,-0.0,0.0,0.0,0.0,0.0,0.0,0.0,0.0,0.0,0.0,0.0,0
1786495137,858355998,100.0,-1.7185829321490687,-1.7020309607135218,-1.1326897780047815,-4.6177828947650355,-4.890339676533834,0.6903509497642517,0.0,-0.0,0.0,0.0,0.0,0.0,0.0,0.0,0.0,0.0,0.0,0.0,0
1786495137,878461122,100.0,-1.718607250844137,-1.702054802571432,-1.1327136198626917,-4.617758814488546,-4.890375677739279,0.6903509497642517,0.0,-0.0,0.0,0.0,0.0,0.0,0.0,0.0,0.0,0.0,0.0,0.0,0
1786495137,898519277,100.0,-1.718607250844137,-1.7020910421954554,-1.1326773802386683,-4.617770854626791,-4.890339676533834,0.6903868913650513,0.0,-0.0,0.0,0.0,0.0,0.0,0.0,0.0,0.0,0.0,0.0,0.0,0
1786495137,918646812,100.0,-1.718607250844137,-1.7021029631244105,-1.1326773802386683,-4.6177828947650355,-4.890399638806478,0.6903868913650513,0.0,-0.0,0.0,0.0,0.0,0.0,0.0,0.0,0.0,0.0,0.0,0.0,0
1786495137,938364505,100.0,-1.718607250844137,-1.7020910421954554,-1.1326773802386683,-4.617746893559591,-4.890339676533834,0.6903509497642517,0.0,-0.0,0.0,0.0,0.0,0.0,0.0,0.0,0.0,0.0,0.0,0.0,0
1786495137,958525180,100.0,-1.718619171773092,-1.702054802571432,-1.1326773802386683,-4.617770854626791,-4.890399638806478,0.6903749108314514,0.0,-0.0,0.0,0.0,0.0,0.0,0.0,0.0,0.0,0.0,0.0,0.0,0
1786495137,978368282,100.0,-1.718595329915182,-1.7020791212665003,-1.1326659361468714,-4.617806855832235,-4.890363637601034,0.6903269290924072,0.0,-0.0,0.0,0.0,0.0,0.0,0.0,0.0,0.0,0.0,0.0,0.0,0
1786495137,998569726,100.0,-1.7186310927020472,-1.702066723500387,-1.1326540152179163,-4.617770854626791,-4.890315715466635,0.6903988718986511,0.0,-0.0,0.0,0.0,0.0,0.0,0.0,0.0,0.0,0.0,0.0,0.0,0
1786495138,18413543,100.0,-1.718595329915182,-1.702054802571432,-1.1326301733600062,-4.6177948156939905,-4.890375677739279,0.6903509497642517,0.0,-0.0,0.0,0.0,0.0,0.0,0.0,0.0,0.0,0.0,0.0,0.0,0
1786495138,38553953,100.0,-1.7185710112201136,-1.7021148840533655,-1.1326659361468714,-4.617746893559591,-4.890351716672079,0.6904348134994507,0.0,-0.0,0.0,0.0,0.0,0.0,0.0,0.0,0.0,0.0,0.0,0.0,0
1786495138,58358669,100.0,-1.7185352484332483,-1.7020791212665003,-1.1327255407916468,-4.617746893559591,-4.890375677739279,0.6903988718986511,0.0,-0.0,0.0,0.0,0.0,0.0,0.0,0.0,0.0,0.0,0.0,0.0,0
1786495138,78640222,100.0,-1.718607250844137,-1.702054802571432,-1.1327016989337366,-4.617770854626791,-4.890339676533834,0.6903509497642517,0.0,-0.0,0.0,0.0,0.0,0.0,0.0,0.0,0.0,0.0,0.0,0.0,0
1786495138,99141359,100.0,-1.718607250844137,-1.7020791212665003,-1.1326659361468714,-4.6177948156939905,-4.890339676533834,0.6903868913650513,0.0,-0.0,0.0,0.0,0.0,0.0,0.0,0.0,0.0,0.0,0.0,0.0,0
1786495138,118500709,100.0,-1.718607250844137,-1.702066723500387,-1.1327016989337366,-4.617758814488546,-4.890375677739279,0.6903629302978516,0.0,-0.0,0.0,0.0,0.0,0.0,0.0,0.0,0.0,0.0,0.0,0.0,0
1786495138,138300418,100.0,-1.7185829321490687,-1.7020910421954554,-1.1326058546649378,-4.617758814488546,-4.890351716672079,0.6903149485588074,0.0,-0.0,0.0,0.0,0.0,0.0,0.0,0.0,0.0,0.0,0.0,0.0,0
1786495138,158661603,100.0,-1.7185590902911585,-1.7020309607135218,-1.1326659361468714,-4.617770854626791,-4.890339676533834,0.6903629302978516,0.0,-0.0,0.0,0.0,0.0,0.0,0.0,0.0,0.0,0.0,0.0,0.0,0
1786495138,178506135,100.0,-1.7186310927020472,-1.702066723500387,-1.1326420942889612,-4.6177948156939905,-4.890339676533834,0.6903629302978516,0.0,-0.0,0.0,0.0,0.0,0.0,0.0,0.0,0.0,0.0,0.0,0.0,0
1786495138,198606729,100.0,-1.7185471693622034,-1.7020791212665003,-1.1327136198626917,-4.6177948156939905,-4.890387598668234,0.6903509497642517,0.0,-0.0,0.0,0.0,0.0,0.0,0.0,0.0,0.0,0.0,0.0,0.0,0
1786495138,218819141,100.0,-1.718607250844137,-1.7020791212665003,-1.1326773802386683,-4.617770854626791,-4.890351716672079,0.6903988718986511,0.0,-0.0,0.0,0.0,0.0,0.0,0.0,0.0,0.0,0.0,0.0,0.0,0
1786495138,238513469,100.0,-1.718619171773092,-1.7021148840533655,-1.1326773802386683,-4.617806855832235,-4.890387598668234,0.6903868913650513,0.0,-0.0,0.0,0.0,0.0,0.0,0.0,0.0,0.0,0.0,0.0,0.0,0
1786495138,258392810,100.0,-1.7185590902911585,-1.702054802571432,-1.1326659361468714,-4.6177948156939905,-4.890351716672079,0.6903509497642517,0.0,-0.0,0.0,0.0,0.0,0.0,0.0,0.0,0.0,0.0,0.0,0.0,0
1786495138,278440713,100.0,-1.7185710112201136,-1.7020791212665003,-1.1326659361468714,-4.617770854626791,-4.890351716672079,0.6904228329658508,0.0,-0.0,0.0,0.0,0.0,0.0,0.0,0.0,0.0,0.0,0.0,0.0,0
1786495138,298801898,100.0,-1.7185829321490687,-1.702054802571432,-1.1327374617206019,-4.6177948156939905,-4.890363637601034,0.6903988718986511,0.0,-0.0,0.0,0.0,0.0,0.0,0.0,0.0,0.0,0.0,0.0,0.0,0
1786495138,318443298,100.0,-1.718595329915182,-1.7021029631244105,-1.1326659361468714,-4.617806855832235,-4.890351716672079,0.6903629302978516,0.0,-0.0,0.0,0.0,0.0,0.0,0.0,0.0,0.0,0.0,0.0,0.0,0
1786495138,338975191,100.0,-1.7185829321490687,-1.702066723500387,-1.1326420942889612,-4.6177828947650355,-4.890363637601034,0.6903749108314514,0.0,-0.0,0.0,0.0,0.0,0.0,0.0,0.0,0.0,0.0,0.0,0.0,0
1786495138,358398914,100.0,-1.7185471693622034,-1.7020190397845667,-1.1326540152179163,-4.617746893559591,-4.890327755604879,0.6904467940330505,0.0,-0.0,0.0,0.0,0.0,0.0,0.0,0.0,0.0,0.0,0.0,0.0,0
1786495138,378424882,100.0,-1.7185829321490687,-1.7020910421954554,-1.1327255407916468,-4.61781877676119,-4.890327755604879,0.6903988718986511,0.0,-0.0,0.0,0.0,0.0,0.0,0.0,0.0,0.0,0.0,0.0,0.0,0
1786495138,398645877,100.0,-1.7185471693622034,-1.702066723500387,-1.1326540152179163,-4.6177828947650355,-4.890351716672079,0.6903509497642517,0.0,-0.0,0.0,0.0,0.0,0.0,0.0,0.0,0.0,0.0,0.0,0.0,0
1786495138,418409824,100.0,-1.7185471693622034,-1.702054802571432,-1.1326773802386683,-4.617746893559591,-4.890327755604879,0.6903988718986511,0.0,-0.0,0.0,0.0,0.0,0.0,0.0,0.0,0.0,0.0,0.0,0.0,0
1786495138,438517808,100.0,-1.718607250844137,-1.7020910421954554,-1.1326897780047815,-4.617758814488546,-4.890327755604879,0.6903749108314514,0.0,-0.0,0.0,0.0,0.0,0.0,0.0,0.0,0.0,0.0,0.0,0.0,0
1786495138,458371400,100.0,-1.718619171773092,-1.7020190397845667,-1.1326659361468714,-4.617770854626791,-4.890351716672079,0.6903389096260071,0.0,-0.0,0.0,0.0,0.0,0.0,0.0,0.0,0.0,0.0,0.0,0.0,0
1786495138,478553771,100.0,-1.7185710112201136,-1.702066723500387,-1.1326773802386683,-4.6177828947650355,-4.890339676533834,0.6903868913650513,0.0,-0.0,0.0,0.0,0.0,0.0,0.0,0.0,0.0,0.0,0.0,0.0,0
1786495138,498425483,100.0,-1.718619171773092,-1.7021268049823206,-1.1326659361468714,-4.6177948156939905,-4.890387598668234,0.6903629302978516,0.0,-0.0,0.0,0.0,0.0,0.0,0.0,0.0,0.0,0.0,0.0,0.0,0
1786495138,518540143,100.0,-1.718619171773092,-1.702066723500387,-1.1326420942889612,-4.617770854626791,-4.890399638806478,0.6903629302978516,0.0,-0.0,0.0,0.0,0.0,0.0,0.0,0.0,0.0,0.0,0.0,0.0,0
1786495138,538586854,100.0,-1.7186310927020472,-1.7020910421954554,-1.1327016989337366,-4.617722932492391,-4.890399638806478,0.690410852432251,0.0,-0.0,0.0,0.0,0.0,0.0,0.0,0.0,0.0,0.0,0.0,0.0,0
1786495138,558418035,100.0,-1.718595329915182,-1.702066723500387,-1.1327016989337366,-4.617746893559591,-4.890327755604879,0.6903629302978516,0.0,-0.0,0.0,0.0,0.0,0.0,0.0,0.0,0.0,0.0,0.0,0.0,0
1786495138,578413009,100.0,-1.7186430136310022,-1.7020910421954554,-1.1326659361468714,-4.617806855832235,-4.890351716672079,0.690410852432251,0.0,-0.0,0.0,0.0,0.0,0.0,0.0,0.0,0.0,0.0,0.0,0.0,0
1786495138,598658561,100.0,-1.718595329915182,-1.7021148840533655,-1.1326540152179163,-4.6177348534213465,-4.890375677739279,0.6903868913650513,0.0,-0.0,0.0,0.0,0.0,0.0,0.0,0.0,0.0,0.0,0.0,0.0,0
1786495138,618447303,100.0,-1.7185710112201136,-1.702054802571432,-1.1326773802386683,-4.6177828947650355,-4.890375677739279,0.6903389096260071,0.0,-0.0,0.0,0.0,0.0,0.0,0.0,0.0,0.0,0.0,0.0,0.0,0
1786495138,638564348,100.0,-1.7185710112201136,-1.7021029631244105,-1.1326420942889612,-4.61781877676119,-4.890399638806478,0.6903629302978516,0.0,-0.0,0.0,0.0,0.0,0.0,0.0,0.0,0.0,0.0,0.0,0.0,0
1786495138,658421277,100.0,-1.7185352484332483,-1.7020791212665003,-1.1326659361468714,-4.617746893559591,-4.890327755604879,0.6903389096260071,0.0,-0.0,0.0,0.0,0.0,0.0,0.0,0.0,0.0,0.0,0.0,0.0,0
1786495138,678601980,100.0,-1.7185829321490687,-1.7020428816424769,-1.1327136198626917,-4.61781877676119,-4.890412036572592,0.6903509497642517,0.0,-0.0,0.0,0.0,0.0,0.0,0.0,0.0,0.0,0.0,0.0,0.0,0
1786495138,698414087,100.0,-1.718619171773092,-1.702066723500387,-1.1326897780047815,-4.6177828947650355,-4.890375677739279,0.6904228329658508,0.0,-0.0,0.0,0.0,0.0,0.0,0.0,0.0,0.0,0.0,0.0,0.0,0
1786495138,718422174,100.0,-1.718595329915182,-1.7020791212665003,-1.1326773802386683,-4.6177948156939905,-4.890339676533834,0.6903509497642517,0.0,-0.0,0.0,0.0,0.0,0.0,0.0,0.0,0.0,0.0,0.0,0.0,0
1786495138,738377332,100.0,-1.718595329915182,-1.7020428816424769,-1.1326659361468714,-4.617746893559591,-4.890375677739279,0.6903988718986511,0.0,-0.0,0.0,0.0,0.0,0.0,0.0,0.0,0.0,0.0,0.0,0.0,0
1786495138,758563280,100.0,-1.718595329915182,-1.7021029631244105,-1.1326773802386683,-4.617758814488546,-4.890339676533834,0.6904228329658508,0.0,-0.0,0.0,0.0,0.0,0.0,0.0,0.0,0.0,0.0,0.0,0.0,0
1786495138,778421878,100.0,-1.7185829321490687,-1.7020791212665003,-1.1326773802386683,-4.617758814488546,-4.890315715466635,0.6903868913650513,0.0,-0.0,0.0,0.0,0.0,0.0,0.0,0.0,0.0,0.0,0.0,0.0,0
1786495138,798599004,100.0,-1.718595329915182,-1.7020791212665003,-1.1327016989337366,-4.6177828947650355,-4.890351716672079,0.6903749108314514,0.0,-0.0,0.0,0.0,0.0,0.0,0.0,0.0,0.0,0.0,0.0,0.0,0
1786495138,818375825,100.0,-1.718595329915182,-1.7021029631244105,-1.1326659361468714,-4.6177948156939905,-4.890399638806478,0.6903749108314514,0.0,-0.0,0.0,0.0,0.0,0.0,0.0,0.0,0.0,0.0,0.0,0.0,0
1786495138,838613748,100.0,-1.718607250844137,-1.702066723500387,-1.1326773802386683,-4.617758814488546,-4.890375677739279,0.6903868913650513,0.0,-0.0,0.0,0.0,0.0,0.0,0.0,0.0,0.0,0.0,0.0,0.0,0
1786495138,858336687,100.0,-1.7185590902911585,-1.7020309607135218,-1.1327016989337366,-4.6177948156939905,-4.890387598668234,0.690410852432251,0.0,-0.0,0.0,0.0,0.0,0.0,0.0,0.0,0.0,0.0,0.0,0.0,0
1786495138,878438234,100.0,-1.7185829321490687,-1.7020428816424769,-1.1326420942889612,-4.617806855832235,-4.890412036572592,0.6903868913650513,0.0,-0.0,0.0,0.0,0.0,0.0,0.0,0.0,0.0,0.0,0.0,0.0,0
1786495138,898916959,100.0,-1.7185590902911585,-1.7020791212665003,-1.1326659361468714,-4.6177348534213465,-4.890339676533834,0.6903629302978516,0.0,-0.0,0.0,0.0,0.0,0.0,0.0,0.0,0.0,0.0,0.0,0.0,0
1786495138,918443918,100.0,-1.718607250844137,-1.7020910421954554,-1.1327016989337366,-4.6177828947650355,-4.890363637601034,0.6903749108314514,0.0,-0.0,0.0,0.0,0.0,0.0,0.0,0.0,0.0,0.0,0.0,0.0,0
1786495138,938642263,100.0,-1.7185829321490687,-1.7020791212665003,-1.1327136198626917,-4.617770854626791,-4.890375677739279,0.6903629302978516,0.0,-0.0,0.0,0.0,0.0,0.0,0.0,0.0,0.0,0.0,0.0,0.0,0
1786495138,958539247,100.0,-1.7185710112201136,-1.7020910421954554,-1.1326540152179163,-4.6177348534213465,-4.890363637601034,0.6903629302978516,0.0,-0.0,0.0,0.0,0.0,0.0,0.0,0.0,0.0,0.0,0.0,0.0,0
1786495138,978380918,100.0,-1.7185829321490687,-1.7020910421954554,-1.1326540152179163,-4.6177828947650355,-4.890399638806478,0.6903749108314514,0.0,-0.0,0.0,0.0,0.0,0.0,0.0,0.0,0.0,0.0,0.0,0.0,0
1786495138,998616933,100.0,-1.718595329915182,-1.702054802571432,-1.1326420942889612,-4.617758814488546,-4.890363637601034,0.6903389096260071,0.0,-0.0,0.0,0.0,0.0,0.0,0.0,0.0,0.0,0.0,0.0,0.0,0
1786495139,18375158,100.0,-1.7185829321490687,-1.702054802571432,-1.1327016989337366,-4.6177828947650355,-4.890375677739279,0.6903988718986511,0.0,-0.0,0.0,0.0,0.0,0.0,0.0,0.0,0.0,0.0,0.0,0.0,0
1786495139,38608551,100.0,-1.718619171773092,-1.7020791212665003,-1.1326659361468714,-4.6177948156939905,-4.890375677739279,0.6903629302978516,0.0,-0.0,0.0,0.0,0.0,0.0,0.0,0.0,0.0,0.0,0.0,0.0,0
1786495139,58347463,100.0,-1.7185829321490687,-1.7020910421954554,-1.1326420942889612,-4.6177828947650355,-4.890327755604879,0.6903509497642517,0.0,-0.0,0.0,0.0,0.0,0.0,0.0,0.0,0.0,0.0,0.0,0.0,0
1786495139,78555345,100.0,-1.7185829321490687,-1.7021029631244105,-1.1326897780047815,-4.617758814488546,-4.890363637601034,0.6903868913650513,0.0,-0.0,0.0,0.0,0.0,0.0,0.0,0.0,0.0,0.0,0.0,0.0,0
1786495139,98854303,100.0,-1.7185710112201136,-1.7020428816424769,-1.1326420942889612,-4.61781877676119,-4.890387598668234,0.6903389096260071,0.0,-0.0,0.0,0.0,0.0,0.0,0.0,0.0,0.0,0.0,0.0,0.0,0
1786495139,118454456,100.0,-1.718607250844137,-1.7020910421954554,-1.1326773802386683,-4.617758814488546,-4.890387598668234,0.6903868913650513,0.0,-0.0,0.0,0.0,0.0,0.0,0.0,0.0,0.0,0.0,0.0,0.0,0
1786495139,138387203,100.0,-1.7185471693622034,-1.7020791212665003,-1.1326659361468714,-4.617758814488546,-4.890387598668234,0.6903868913650513,0.0,-0.0,0.0,0.0,0.0,0.0,0.0,0.0,0.0,0.0,0.0,0.0,0
1786495139,158408641,100.0,-1.7185710112201136,-1.702054802571432,-1.1327016989337366,-4.6177948156939905,-4.890363637601034,0.6903749108314514,0.0,-0.0,0.0,0.0,0.0,0.0,0.0,0.0,0.0,0.0,0.0,0.0,0
1786495139,178438425,100.0,-1.718595329915182,-1.702054802571432,-1.1327255407916468,-4.617758814488546,-4.890339676533834,0.6903988718986511,0.0,-0.0,0.0,0.0,0.0,0.0,0.0,0.0,0.0,0.0,0.0,0.0,0
1786495139,198722124,100.0,-1.718619171773092,-1.702066723500387,-1.1326659361468714,-4.617746893559591,-4.890412036572592,0.690410852432251,0.0,-0.0,0.0,0.0,0.0,0.0,0.0,0.0,0.0,0.0,0.0,0.0,0
1786495139,218374252,100.0,-1.7185352484332483,-1.7020791212665003,-1.1326659361468714,-4.617746893559591,-4.890363637601034,0.6903629302978516,0.0,-0.0,0.0,0.0,0.0,0.0,0.0,0.0,0.0,0.0,0.0,0.0,0
1786495139,238664388,100.0,-1.7185710112201136,-1.7020309607135218,-1.1326773802386683,-4.617758814488546,-4.890399638806478,0.6903868913650513,0.0,-0.0,0.0,0.0,0.0,0.0,0.0,0.0,0.0,0.0,0.0,0.0,0
1786495139,258326292,100.0,-1.7185710112201136,-1.702066723500387,-1.1327255407916468,-4.617746893559591,-4.890387598668234,0.6903389096260071,0.0,-0.0,0.0,0.0,0.0,0.0,0.0,0.0,0.0,0.0,0.0,0.0,0
1786495139,278612852,100.0,-1.718595329915182,-1.7021029631244105,-1.1326773802386683,-4.6177828947650355,-4.890399638806478,0.6903629302978516,0.0,-0.0,0.0,0.0,0.0,0.0,0.0,0.0,0.0,0.0,0.0,0.0,0
1786495139,298572778,100.0,-1.7185829321490687,-1.702054802571432,-1.1326659361468714,-4.6177948156939905,-4.890399638806478,0.6903988718986511,0.0,-0.0,0.0,0.0,0.0,0.0,0.0,0.0,0.0,0.0,0.0,0.0,0
1786495139,318540811,100.0,-1.7186430136310022,-1.702054802571432,-1.1327016989337366,-4.617770854626791,-4.890339676533834,0.6903509497642517,0.0,-0.0,0.0,0.0,0.0,0.0,0.0,0.0,0.0,0.0,0.0,0.0,0
1786495139,338354349,100.0,-1.718595329915182,-1.7021268049823206,-1.1326301733600062,-4.6177828947650355,-4.890375677739279,0.690410852432251,0.0,-0.0,0.0,0.0,0.0,0.0,0.0,0.0,0.0,0.0,0.0,0.0,0
1786495139,358424663,100.0,-1.7185710112201136,-1.7020910421954554,-1.1326420942889612,-4.617746893559591,-4.890339676533834,0.6903629302978516,0.0,-0.0,0.0,0.0,0.0,0.0,0.0,0.0,0.0,0.0,0.0,0.0,0
1786495139,378386735,100.0,-1.7185710112201136,-1.7021029631244105,-1.1326659361468714,-4.617758814488546,-4.890339676533834,0.6903749108314514,0.0,-0.0,0.0,0.0,0.0,0.0,0.0,0.0,0.0,0.0,0.0,0.0,0
1786495139,398813962,100.0,-1.7185829321490687,-1.702054802571432,-1.1326897780047815,-4.6177948156939905,-4.890363637601034,0.6903868913650513,0.0,-0.0,0.0,0.0,0.0,0.0,0.0,0.0,0.0,0.0,0.0,0.0,0
1786495139,418358564,100.0,-1.718619171773092,-1.7021148840533655,-1.1326897780047815,-4.6177948156939905,-4.890315715466635,0.6903629302978516,0.0,-0.0,0.0,0.0,0.0,0.0,0.0,0.0,0.0,0.0,0.0,0.0,0
1786495139,438573837,100.0,-1.718619171773092,-1.702054802571432,-1.1327136198626917,-4.617746893559591,-4.890327755604879,0.6904348134994507,0.0,-0.0,0.0,0.0,0.0,0.0,0.0,0.0,0.0,0.0,0.0,0.0,0
1786495139,458378314,100.0,-1.7186430136310022,-1.7020910421954554,-1.1327136198626917,-4.6177828947650355,-4.890363637601034,0.6903988718986511,0.0,-0.0,0.0,0.0,0.0,0.0,0.0,0.0,0.0,0.0,0.0,0.0,0
1786495139,478742837,100.0,-1.7185590902911585,-1.702066723500387,-1.1326540152179163,-4.61781877676119,-4.890363637601034,0.6903988718986511,0.0,-0.0,0.0,0.0,0.0,0.0,0.0,0.0,0.0,0.0,0.0,0.0,0
1786495139,498532533,100.0,-1.7185829321490687,-1.7021029631244105,-1.1326897780047815,-4.61781877676119,-4.890351716672079,0.6903868913650513,0.0,-0.0,0.0,0.0,0.0,0.0,0.0,0.0,0.0,0.0,0.0,0.0,0
1786495139,518563747,100.0,-1.7185590902911585,-1.702054802571432,-1.1326659361468714,-4.6177348534213465,-4.890387598668234,0.6903149485588074,0.0,-0.0,0.0,0.0,0.0,0.0,0.0,0.0,0.0,0.0,0.0,0.0,0
1786495139,538406848,100.0,-1.7185710112201136,-1.702066723500387,-1.1326897780047815,-4.6177828947650355,-4.890363637601034,0.6903988718986511,0.0,-0.0,0.0,0.0,0.0,0.0,0.0,0.0,0.0,0.0,0.0,0.0,0
1786495139,558930873,100.0,-1.718607250844137,-1.7020791212665003,-1.1326773802386683,-4.617770854626791,-4.890339676533834,0.690410852432251,0.0,-0.0,0.0,0.0,0.0,0.0,0.0,0.0,0.0,0.0,0.0,0.0,0
1786495139,578378677,100.0,-1.718619171773092,-1.702066723500387,-1.1327136198626917,-4.617770854626791,-4.890399638806478,0.6904228329658508,0.0,-0.0,0.0,0.0,0.0,0.0,0.0,0.0,0.0,0.0,0.0,0.0,0
1786495139,598630189,100.0,-1.7185829321490687,-1.7020428816424769,-1.1327136198626917,-4.617746893559591,-4.890339676533834,0.6903988718986511,0.0,-0.0,0.0,0.0,0.0,0.0,0.0,0.0,0.0,0.0,0.0,0.0,0
1786495139,618413209,100.0,-1.7185471693622034,-1.7020428816424769,-1.1326659361468714,-4.617758814488546,-4.890399638806478,0.6903629302978516,0.0,-0.0,0.0,0.0,0.0,0.0,0.0,0.0,0.0,0.0,0.0,0.0,0
1786495139,638522148,100.0,-1.718619171773092,-1.702054802571432,-1.1326773802386683,-4.6177828947650355,-4.890327755604879,0.6903629302978516,0.0,-0.0,0.0,0.0,0.0,0.0,0.0,0.0,0.0,0.0,0.0,0.0,0
1786495139,658359527,100.0,-1.718595329915182,-1.7020791212665003,-1.1326301733600062,-4.617770854626791,-4.890387598668234,0.6903269290924072,0.0,-0.0,0.0,0.0,0.0,0.0,0.0,0.0,0.0,0.0,0.0,0.0,0
1786495139,678529024,100.0,-1.718595329915182,-1.7020910421954554,-1.1327016989337366,-4.617770854626791,-4.890399638806478,0.6903389096260071,0.0,-0.0,0.0,0.0,0.0,0.0,0.0,0.0,0.0,0.0,0.0,0.0,0
1786495139,698552131,100.0,-1.718619171773092,-1.7020309607135218,-1.1327016989337366,-4.6177828947650355,-4.890339676533834,0.6903988718986511,0.0,-0.0,0.0,0.0,0.0,0.0,0.0,0.0,0.0,0.0,0.0,0.0,0
1786495139,718591451,100.0,-1.718619171773092,-1.702066723500387,-1.1326659361468714,-4.6177828947650355,-4.890327755604879,0.6904228329658508,0.0,-0.0,0.0,0.0,0.0,0.0,0.0,0.0,0.0,0.0,0.0,0.0,0
1786495139,738619327,100.0,-1.7185710112201136,-1.7020791212665003,-1.1327255407916468,-4.617722932492391,-4.890339676533834,0.6903868913650513,0.0,-0.0,0.0,0.0,0.0,0.0,0.0,0.0,0.0,0.0,0.0,0.0,0
1786495139,758543968,100.0,-1.7185829321490687,-1.702054802571432,-1.1327016989337366,-4.6177948156939905,-4.890351716672079,0.6903868913650513,0.0,-0.0,0.0,0.0,0.0,0.0,0.0,0.0,0.0,0.0,0.0,0.0,0
1786495139,778424024,100.0,-1.7186310927020472,-1.7020428816424769,-1.1326659361468714,-4.617770854626791,-4.890399638806478,0.6903509497642517,0.0,-0.0,0.0,0.0,0.0,0.0,0.0,0.0,0.0,0.0,0.0,0.0,0
1786495139,798675060,100.0,-1.7185710112201136,-1.7020791212665003,-1.1326897780047815,-4.617770854626791,-4.890339676533834,0.6903629302978516,0.0,-0.0,0.0,0.0,0.0,0.0,0.0,0.0,0.0,0.0,0.0,0.0,0
1786495139,818282604,100.0,-1.7185829321490687,-1.7020791212665003,-1.1326540152179163,-4.617758814488546,-4.890387598668234,0.6904228329658508,0.0,-0.0,0.0,0.0,0.0,0.0,0.0,0.0,0.0,0.0,0.0,0.0,0
1786495139,838521718,100.0,-1.718607250844137,-1.7020190397845667,-1.1326897780047815,-4.6177948156939905,-4.890351716672079,0.6903749108314514,0.0,-0.0,0.0,0.0,0.0,0.0,0.0,0.0,0.0,0.0,0.0,0.0,0
1786495139,858390808,100.0,-1.7185829321490687,-1.7020428816424769,-1.1327016989337366,-4.6177348534213465,-4.890363637601034,0.690410852432251,0.0,-0.0,0.0,0.0,0.0,0.0,0.0,0.0,0.0,0.0,0.0,0.0,0
1786495139,878584861,100.0,-1.718607250844137,-1.7020910421954554,-1.1326773802386683,-4.6177948156939905,-4.890375677739279,0.6903509497642517,0.0,-0.0,0.0,0.0,0.0,0.0,0.0,0.0,0.0,0.0,0.0,0.0,0
1786495139,898815393,100.0,-1.7185829321490687,-1.7020791212665003,-1.1326659361468714,-4.617758814488546,-4.890351716672079,0.6903988718986511,0.0,-0.0,0.0,0.0,0.0,0.0,0.0,0.0,0.0,0.0,0.0,0.0,0
1786495139,918662071,100.0,-1.718595329915182,-1.7020190397845667,-1.1326773802386683,-4.617746893559591,-4.890351716672079,0.6903509497642517,0.0,-0.0,0.0,0.0,0.0,0.0,0.0,0.0,0.0,0.0,0.0,0.0,0
1786495139,938416242,100.0,-1.7185590902911585,-1.7021148840533655,-1.1326659361468714,-4.6177948156939905,-4.890351716672079,0.6903389096260071,0.0,-0.0,0.0,0.0,0.0,0.0,0.0,0.0,0.0,0.0,0.0,0.0,0
1786495139,958646059,100.0,-1.7185590902911585,-1.702054802571432,-1.1326540152179163,-4.6177948156939905,-4.890363637601034,0.6903988718986511,0.0,-0.0,0.0,0.0,0.0,0.0,0.0,0.0,0.0,0.0,0.0,0.0,0
1786495139,978382825,100.0,-1.718595329915182,-1.7020791212665003,-1.1327136198626917,-4.617770854626791,-4.890363637601034,0.6903629302978516,0.0,-0.0,0.0,0.0,0.0,0.0,0.0,0.0,0.0,0.0,0.0,0.0,0
1786495139,998638868,100.0,-1.7185471693622034,-1.7021029631244105,-1.1327136198626917,-4.6177348534213465,-4.890363637601034,0.6903629302978516,0.0,-0.0,0.0,0.0,0.0,0.0,0.0,0.0,0.0,0.0,0.0,0.0,0
1786495140,18514394,100.0,-1.7186430136310022,-1.7020910421954554,-1.1326540152179163,-4.617758814488546,-4.890339676533834,0.6903629302978516,0.0,-0.0,0.0,0.0,0.0,0.0,0.0,0.0,0.0,0.0,0.0,0.0,0
1786495140,38680553,100.0,-1.7185829321490687,-1.7020791212665003,-1.1326773802386683,-4.617722932492391,-4.890387598668234,0.6904348134994507,0.0,-0.0,0.0,0.0,0.0,0.0,0.0,0.0,0.0,0.0,0.0,0.0,0
1786495140,58430194,100.0,-1.718607250844137,-1.7020910421954554,-1.1326540152179163,-4.6177948156939905,-4.890375677739279,0.6903509497642517,0.0,-0.0,0.0,0.0,0.0,0.0,0.0,0.0,0.0,0.0,0.0,0.0,0
1786495140,78600406,100.0,-1.7185590902911585,-1.7021029631244105,-1.1327016989337366,-4.617806855832235,-4.890351716672079,0.6903629302978516,0.0,-0.0,0.0,0.0,0.0,0.0,0.0,0.0,0.0,0.0,0.0,0.0,0
1786495140,98520040,100.0,-1.7185590902911585,-1.702066723500387,-1.1326773802386683,-4.617758814488546,-4.890375677739279,0.6903749108314514,0.0,-0.0,0.0,0.0,0.0,0.0,0.0,0.0,0.0,0.0,0.0,0.0,0
1786495140,118676424,100.0,-1.718595329915182,-1.7020791212665003,-1.1326540152179163,-4.617758814488546,-4.890363637601034,0.6903629302978516,0.0,-0.0,0.0,0.0,0.0,0.0,0.0,0.0,0.0,0.0,0.0,0.0,0
1786495140,138364076,100.0,-1.718619171773092,-1.702066723500387,-1.1327016989337366,-4.617770854626791,-4.890375677739279,0.6903509497642517,0.0,-0.0,0.0,0.0,0.0,0.0,0.0,0.0,0.0,0.0,0.0,0.0,0
1786495140,158591747,100.0,-1.7185829321490687,-1.702066723500387,-1.1326773802386683,-4.6177948156939905,-4.890363637601034,0.6903389096260071,0.0,-0.0,0.0,0.0,0.0,0.0,0.0,0.0,0.0,0.0,0.0,0.0,0
1786495140,178423881,100.0,-1.7185710112201136,-1.7021029631244105,-1.1326659361468714,-4.617770854626791,-4.890363637601034,0.6903749108314514,0.0,-0.0,0.0,0.0,0.0,0.0,0.0,0.0,0.0,0.0,0.0,0.0,0
1786495140,198695421,100.0,-1.718607250844137,-1.7021148840533655,-1.1327136198626917,-4.617806855832235,-4.890375677739279,0.6903749108314514,0.0,-0.0,0.0,0.0,0.0,0.0,0.0,0.0,0.0,0.0,0.0,0.0,0
1786495140,218421936,100.0,-1.718607250844137,-1.7020071188556116,-1.1327374617206019,-4.6177948156939905,-4.890339676533834,0.6903389096260071,0.0,-0.0,0.0,0.0,0.0,0.0,0.0,0.0,0.0,0.0,0.0,0.0,0
1786495140,238632917,100.0,-1.718619171773092,-1.702066723500387,-1.1326897780047815,-4.617770854626791,-4.890399638806478,0.6903749108314514,0.0,-0.0,0.0,0.0,0.0,0.0,0.0,0.0,0.0,0.0,0.0,0.0,0
1786495140,258346080,100.0,-1.7185590902911585,-1.702054802571432,-1.1326897780047815,-4.617746893559591,-4.890339676533834,0.6903749108314514,0.0,-0.0,0.0,0.0,0.0,0.0,0.0,0.0,0.0,0.0,0.0,0.0,0
1786495140,278707981,100.0,-1.718619171773092,-1.7020791212665003,-1.1326301733600062,-4.617758814488546,-4.8903037945376795,0.6903868913650513,0.0,-0.0,0.0,0.0,0.0,0.0,0.0,0.0,0.0,0.0,0.0,0.0,0
1786495140,298924207,100.0,-1.7185829321490687,-1.702066723500387,-1.1326540152179163,-4.617758814488546,-4.890351716672079,0.6903509497642517,0.0,-0.0,0.0,0.0,0.0,0.0,0.0,0.0,0.0,0.0,0.0,0.0,0
1786495140,318440914,100.0,-1.718607250844137,-1.702054802571432,-1.1326540152179163,-4.6177948156939905,-4.890375677739279,0.6903509497642517,0.0,-0.0,0.0,0.0,0.0,0.0,0.0,0.0,0.0,0.0,0.0,0.0,0
1786495140,338374376,100.0,-1.7185352484332483,-1.7020910421954554,-1.1326897780047815,-4.61781877676119,-4.890315715466635,0.6903868913650513,0.0,-0.0,0.0,0.0,0.0,0.0,0.0,0.0,0.0,0.0,0.0,0.0,0
1786495140,358529329,100.0,-1.7185471693622034,-1.7020791212665003,-1.1326301733600062,-4.617758814488546,-4.890375677739279,0.6903868913650513,0.0,-0.0,0.0,0.0,0.0,0.0,0.0,0.0,0.0,0.0,0.0,0.0,0
1786495140,378405332,100.0,-1.718619171773092,-1.702066723500387,-1.1326540152179163,-4.6177948156939905,-4.890351716672079,0.6903988718986511,0.0,-0.0,0.0,0.0,0.0,0.0,0.0,0.0,0.0,0.0,0.0,0.0,0
1786495140,398595094,100.0,-1.718595329915182,-1.702066723500387,-1.1326773802386683,-4.617770854626791,-4.890375677739279,0.6903149485588074,0.0,-0.0,0.0,0.0,0.0,0.0,0.0,0.0,0.0,0.0,0.0,0.0,0
1786495140,418428421,100.0,-1.718595329915182,-1.7021029631244105,-1.1326420942889612,-4.6177348534213465,-4.890387598668234,0.6903629302978516,0.0,-0.0,0.0,0.0,0.0,0.0,0.0,0.0,0.0,0.0,0.0,0.0,0
1786495140,438691377,100.0,-1.718595329915182,-1.702066723500387,-1.1327136198626917,-4.617770854626791,-4.890351716672079,0.690410852432251,0.0,-0.0,0.0,0.0,0.0,0.0,0.0,0.0,0.0,0.0,0.0,0.0,0
1786495140,458369493,100.0,-1.718595329915182,-1.702054802571432,-1.1326540152179163,-4.617770854626791,-4.890399638806478,0.6903868913650513,0.0,-0.0,0.0,0.0,0.0,0.0,0.0,0.0,0.0,0.0,0.0,0.0,0
1786495140,478459835,100.0,-1.718607250844137,-1.702054802571432,-1.1326773802386683,-4.61781877676119,-4.890351716672079,0.6903988718986511,0.0,-0.0,0.0,0.0,0.0,0.0,0.0,0.0,0.0,0.0,0.0,0.0,0
1786495140,498541831,100.0,-1.718607250844137,-1.7020910421954554,-1.1326420942889612,-4.617746893559591,-4.890387598668234,0.6904228329658508,0.0,-0.0,0.0,0.0,0.0,0.0,0.0,0.0,0.0,0.0,0.0,0.0,0
1786495140,518597841,100.0,-1.7185590902911585,-1.7020791212665003,-1.1326897780047815,-4.6177948156939905,-4.890387598668234,0.6903868913650513,0.0,-0.0,0.0,0.0,0.0,0.0,0.0,0.0,0.0,0.0,0.0,0.0,0
1786495140,538408994,100.0,-1.7185471693622034,-1.702066723500387,-1.1326773802386683,-4.617722932492391,-4.890423957501547,0.6903629302978516,0.0,-0.0,0.0,0.0,0.0,0.0,0.0,0.0,0.0,0.0,0.0,0.0,0
1786495140,558548450,100.0,-1.718595329915182,-1.7020791212665003,-1.1326659361468714,-4.617770854626791,-4.890375677739279,0.6903269290924072,0.0,-0.0,0.0,0.0,0.0,0.0,0.0,0.0,0.0,0.0,0.0,0.0,0
1786495140,578462362,100.0,-1.7185710112201136,-1.7020190397845667,-1.1326897780047815,-4.6177828947650355,-4.890327755604879,0.6903868913650513,0.0,-0.0,0.0,0.0,0.0,0.0,0.0,0.0,0.0,0.0,0.0,0.0,0
1786495140,598699808,100.0,-1.7185710112201136,-1.7020190397845667,-1.1326540152179163,-4.617806855832235,-4.890375677739279,0.6903988718986511,0.0,-0.0,0.0,0.0,0.0,0.0,0.0,0.0,0.0,0.0,0.0,0.0,0
1786495140,618368148,100.0,-1.7185710112201136,-1.7020791212665003,-1.1327255407916468,-4.617746893559591,-4.890375677739279,0.6904228329658508,0.0,-0.0,0.0,0.0,0.0,0.0,0.0,0.0,0.0,0.0,0.0,0.0,0
1786495140,638619661,100.0,-1.718619171773092,-1.7021268049823206,-1.1326540152179163,-4.617770854626791,-4.890399638806478,0.6903509497642517,0.0,-0.0,0.0,0.0,0.0,0.0,0.0,0.0,0.0,0.0,0.0,0.0,0
1786495140,658415317,100.0,-1.7185829321490687,-1.702054802571432,-1.1326773802386683,-4.617770854626791,-4.890387598668234,0.6903509497642517,0.0,-0.0,0.0,0.0,0.0,0.0,0.0,0.0,0.0,0.0,0.0,0.0,0
1786495140,678677082,100.0,-1.718595329915182,-1.7020910421954554,-1.1326540152179163,-4.617806855832235,-4.890363637601034,0.6903988718986511,0.0,-0.0,0.0,0.0,0.0,0.0,0.0,0.0,0.0,0.0,0.0,0.0,0
1786495140,698436021,100.0,-1.718595329915182,-1.7021268049823206,-1.1326540152179163,-4.6177948156939905,-4.890363637601034,0.6903988718986511,0.0,-0.0,0.0,0.0,0.0,0.0,0.0,0.0,0.0,0.0,0.0,0.0,0
1786495140,718660354,100.0,-1.7186310927020472,-1.7020428816424769,-1.1326659361468714,-4.6177828947650355,-4.890363637601034,0.6904228329658508,0.0,-0.0,0.0,0.0,0.0,0.0,0.0,0.0,0.0,0.0,0.0,0.0,0
1786495140,738394737,100.0,-1.718619171773092,-1.7020791212665003,-1.1326540152179163,-4.6177948156939905,-4.890399638806478,0.6903749108314514,0.0,-0.0,0.0,0.0,0.0,0.0,0.0,0.0,0.0,0.0,0.0,0.0,0
1786495140,758554220,100.0,-1.7185710112201136,-1.702066723500387,-1.1326897780047815,-4.617770854626791,-4.890387598668234,0.6903868913650513,0.0,-0.0,0.0,0.0,0.0,0.0,0.0,0.0,0.0,0.0,0.0,0.0,0
1786495140,778504848,100.0,-1.718595329915182,-1.7020910421954554,-1.1326540152179163,-4.617806855832235,-4.890387598668234,0.6903868913650513,0.0,-0.0,0.0,0.0,0.0,0.0,0.0,0.0,0.0,0.0,0.0,0.0,0
1786495140,798620223,100.0,-1.718595329915182,-1.7020791212665003,-1.1327255407916468,-4.617770854626791,-4.890375677739279,0.6903629302978516,0.0,-0.0,0.0,0.0,0.0,0.0,0.0,0.0,0.0,0.0,0.0,0.0,0
1786495140,818395137,100.0,-1.718595329915182,-1.7020428816424769,-1.1326773802386683,-4.617758814488546,-4.890387598668234,0.6903749108314514,0.0,-0.0,0.0,0.0,0.0,0.0,0.0,0.0,0.0,0.0,0.0,0.0,0
1786495140,838683843,100.0,-1.718607250844137,-1.7020791212665003,-1.1327136198626917,-4.6177828947650355,-4.890351716672079,0.690410852432251,0.0,-0.0,0.0,0.0,0.0,0.0,0.0,0.0,0.0,0.0,0.0,0.0,0
1786495140,858408212,100.0,-1.7185829321490687,-1.7021029631244105,-1.1326659361468714,-4.6177828947650355,-4.890339676533834,0.6903629302978516,0.0,-0.0,0.0,0.0,0.0,0.0,0.0,0.0,0.0,0.0,0.0,0.0,0
1786495140,878566980,100.0,-1.7185710112201136,-1.7020791212665003,-1.1326659361468714,-4.617806855832235,-4.890375677739279,0.6903509497642517,0.0,-0.0,0.0,0.0,0.0,0.0,0.0,0.0,0.0,0.0,0.0,0.0,0
1786495140,898571491,100.0,-1.718595329915182,-1.702054802571432,-1.1326540152179163,-4.617770854626791,-4.890399638806478,0.6903509497642517,0.0,-0.0,0.0,0.0,0.0,0.0,0.0,0.0,0.0,0.0,0.0,0.0,0
1786495140,918575286,100.0,-1.7185710112201136,-1.7020910421954554,-1.1327255407916468,-4.617806855832235,-4.890339676533834,0.6903749108314514,0.0,-0.0,0.0,0.0,0.0,0.0,0.0,0.0,0.0,0.0,0.0,0.0,0
1786495140,938577413,100.0,-1.7185710112201136,-1.702054802571432,-1.1326659361468714,-4.617758814488546,-4.890363637601034,0.6903868913650513,0.0,-0.0,0.0,0.0,0.0,0.0,0.0,0.0,0.0,0.0,0.0,0.0,0
1786495140,958410739,100.0,-1.718595329915182,-1.7021029631244105,-1.1326773802386683,-4.6177828947650355,-4.890399638806478,0.6903149485588074,0.0,-0.0,0.0,0.0,0.0,0.0,0.0,0.0,0.0,0.0,0.0,0.0,0
1786495140,978417158,100.0,-1.7185352484332483,-1.7020428816424769,-1.1326897780047815,-4.6177828947650355,-4.890327755604879,0.6903629302978516,0.0,-0.0,0.0,0.0,0.0,0.0,0.0,0.0,0.0,0.0,0.0,0.0,0
1786495140,998598337,100.0,-1.718619171773092,-1.7020910421954554,-1.1327136198626917,-4.6177948156939905,-4.890399638806478,0.6903868913650513,0.0,-0.0,0.0,0.0,0.0,0.0,0.0,0.0,0.0,0.0,0.0,0.0,0
1786495141,18399000,100.0,-1.7185829321490687,-1.7020910421954554,-1.1326773802386683,-4.617806855832235,-4.890339676533834,0.6904228329658508,0.0,-0.0,0.0,0.0,0.0,0.0,0.0,0.0,0.0,0.0,0.0,0.0,0
1786495141,38556337,100.0,-1.7185590902911585,-1.7021387259112757,-1.1327016989337366,-4.617758814488546,-4.890363637601034,0.6903868913650513,0.0,-0.0,0.0,0.0,0.0,0.0,0.0,0.0,0.0,0.0,0.0,0.0,0
1786495141,58413743,100.0,-1.718595329915182,-1.702054802571432,-1.132749382649557,-4.6177948156939905,-4.890351716672079,0.6903749108314514,0.0,-0.0,0.0,0.0,0.0,0.0,0.0,0.0,0.0,0.0,0.0,0.0,0
1786495141,78668355,100.0,-1.718607250844137,-1.7020910421954554,-1.1326659361468714,-4.617746893559591,-4.890375677739279,0.6903868913650513,0.0,-0.0,0.0,0.0,0.0,0.0,0.0,0.0,0.0,0.0,0.0,0.0,0
1786495141,98547458,100.0,-1.718595329915182,-1.7020910421954554,-1.1326773802386683,-4.617758814488546,-4.890375677739279,0.6904228329658508,0.0,-0.0,0.0,0.0,0.0,0.0,0.0,0.0,0.0,0.0,0.0,0.0,0
1786495141,118551015,100.0,-1.7185710112201136,-1.7020791212665003,-1.1326897780047815,-4.617758814488546,-4.890339676533834,0.6904228329658508,0.0,-0.0,0.0,0.0,0.0,0.0,0.0,0.0,0.0,0.0,0.0,0.0,0
1786495141,138403892,100.0,-1.718607250844137,-1.7020309607135218,-1.1326659361468714,-4.617746893559591,-4.890399638806478,0.6903868913650513,0.0,-0.0,0.0,0.0,0.0,0.0,0.0,0.0,0.0,0.0,0.0,0.0,0
1786495141,158586025,100.0,-1.7185352484332483,-1.7020428816424769,-1.1326420942889612,-4.617746893559591,-4.890351716672079,0.6903868913650513,0.0,-0.0,0.0,0.0,0.0,0.0,0.0,0.0,0.0,0.0,0.0,0.0,0
1786495141,178537368,100.0,-1.7185829321490687,-1.702066723500387,-1.1327136198626917,-4.617770854626791,-4.890412036572592,0.6903868913650513,0.0,-0.0,0.0,0.0,0.0,0.0,0.0,0.0,0.0,0.0,0.0,0.0,0
1786495141,198632240,100.0,-1.718595329915182,-1.7021268049823206,-1.1326540152179163,-4.617758814488546,-4.890327755604879,0.6904228329658508,0.0,-0.0,0.0,0.0,0.0,0.0,0.0,0.0,0.0,0.0,0.0,0.0,0
1786495141,218388080,100.0,-1.7186310927020472,-1.7021029631244105,-1.1326540152179163,-4.617770854626791,-4.890375677739279,0.6903149485588074,0.0,-0.0,0.0,0.0,0.0,0.0,0.0,0.0,0.0,0.0,0.0,0.0,0
1786495141,238685607,100.0,-1.7185710112201136,-1.7021268049823206,-1.1326897780047815,-4.617770854626791,-4.890339676533834,0.6903629302978516,0.0,-0.0,0.0,0.0,0.0,0.0,0.0,0.0,0.0,0.0,0.0,0.0,0
1786495141,258374452,100.0,-1.7185590902911585,-1.7020791212665003,-1.1327136198626917,-4.617806855832235,-4.890327755604879,0.6903509497642517,0.0,-0.0,0.0,0.0,0.0,0.0,0.0,0.0,0.0,0.0,0.0,0.0,0
1786495141,278604030,100.0,-1.718607250844137,-1.7020910421954554,-1.1327136198626917,-4.6177348534213465,-4.890351716672079,0.6903509497642517,0.0,-0.0,0.0,0.0,0.0,0.0,0.0,0.0,0.0,0.0,0.0,0.0,0
1786495141,298614025,100.0,-1.718607250844137,-1.7021029631244105,-1.1326897780047815,-4.6177348534213465,-4.890351716672079,0.6903389096260071,0.0,-0.0,0.0,0.0,0.0,0.0,0.0,0.0,0.0,0.0,0.0,0.0,0
1786495141,318574190,100.0,-1.718607250844137,-1.7020791212665003,-1.1326420942889612,-4.617758814488546,-4.890387598668234,0.6903629302978516,0.0,-0.0,0.0,0.0,0.0,0.0,0.0,0.0,0.0,0.0,0.0,0.0,0
1786495141,338427543,100.0,-1.718619171773092,-1.7021268049823206,-1.1326659361468714,-4.617770854626791,-4.890375677739279,0.6903389096260071,0.0,-0.0,0.0,0.0,0.0,0.0,0.0,0.0,0.0,0.0,0.0,0.0,0
1786495141,358583450,100.0,-1.7185710112201136,-1.7021268049823206,-1.1326659361468714,-4.617770854626791,-4.890387598668234,0.6903749108314514,0.0,-0.0,0.0,0.0,0.0,0.0,0.0,0.0,0.0,0.0,0.0,0.0,0
1786495141,378336429,100.0,-1.7185710112201136,-1.7020309607135218,-1.1326773802386683,-4.617770854626791,-4.890363637601034,0.6903749108314514,0.0,-0.0,0.0,0.0,0.0,0.0,0.0,0.0,0.0,0.0,0.0,0.0,0
1786495141,398613929,100.0,-1.7185590902911585,-1.7020791212665003,-1.1326773802386683,-4.6177348534213465,-4.890351716672079,0.6903629302978516,0.0,-0.0,0.0,0.0,0.0,0.0,0.0,0.0,0.0,0.0,0.0,0.0,0
1786495141,418295145,100.0,-1.7185829321490687,-1.702054802571432,-1.1326659361468714,-4.617806855832235,-4.890375677739279,0.6903868913650513,0.0,-0.0,0.0,0.0,0.0,0.0,0.0,0.0,0.0,0.0,0.0,0.0,0
1786495141,438547134,100.0,-1.7185233275042933,-1.7020791212665003,-1.1326773802386683,-4.617758814488546,-4.890375677739279,0.6903509497642517,0.0,-0.0,0.0,0.0,0.0,0.0,0.0,0.0,0.0,0.0,0.0,0.0,0
1786495141,458376646,100.0,-1.7185829321490687,-1.7021029631244105,-1.1326659361468714,-4.61781877676119,-4.890339676533834,0.6903988718986511,0.0,-0.0,0.0,0.0,0.0,0.0,0.0,0.0,0.0,0.0,0.0,0.0,0
1786495141,478608369,100.0,-1.718607250844137,-1.7020910421954554,-1.1326659361468714,-4.6177948156939905,-4.890363637601034,0.6903749108314514,0.0,-0.0,0.0,0.0,0.0,0.0,0.0,0.0,0.0,0.0,0.0,0.0,0
1786495141,498993158,100.0,-1.718595329915182,-1.7021029631244105,-1.1326659361468714,-4.6177948156939905,-4.890375677739279,0.6903629302978516,0.0,-0.0,0.0,0.0,0.0,0.0,0.0,0.0,0.0,0.0,0.0,0.0,0
1786495141,518445014,100.0,-1.718595329915182,-1.7021268049823206,-1.1326773802386683,-4.617770854626791,-4.890327755604879,0.6903749108314514,0.0,-0.0,0.0,0.0,0.0,0.0,0.0,0.0,0.0,0.0,0.0,0.0,0
1786495141,538411617,100.0,-1.7186310927020472,-1.7020071188556116,-1.1326420942889612,-4.6177348534213465,-4.890387598668234,0.6903629302978516,0.0,-0.0,0.0,0.0,0.0,0.0,0.0,0.0,0.0,0.0,0.0,0.0,0
1786495141,558530330,100.0,-1.718607250844137,-1.702054802571432,-1.1326897780047815,-4.6177828947650355,-4.890375677739279,0.6903868913650513,0.0,-0.0,0.0,0.0,0.0,0.0,0.0,0.0,0.0,0.0,0.0,0.0,0
1786495141,578369140,100.0,-1.7185829321490687,-1.7020791212665003,-1.1326540152179163,-4.617746893559591,-4.890387598668234,0.6904228329658508,0.0,-0.0,0.0,0.0,0.0,0.0,0.0,0.0,0.0,0.0,0.0,0.0,0
1786495141,598648548,100.0,-1.7185710112201136,-1.7020791212665003,-1.1326773802386683,-4.617758814488546,-4.890363637601034,0.6903629302978516,0.0,-0.0,0.0,0.0,0.0,0.0,0.0,0.0,0.0,0.0,0.0,0.0,0
1786495141,618361234,100.0,-1.718607250844137,-1.702066723500387,-1.1326773802386683,-4.617806855832235,-4.890315715466635,0.6903629302978516,0.0,-0.0,0.0,0.0,0.0,0.0,0.0,0.0,0.0,0.0,0.0,0.0,0
1786495141,638586282,100.0,-1.7185590902911585,-1.702054802571432,-1.1326659361468714,-4.617746893559591,-4.890375677739279,0.6903629302978516,0.0,-0.0,0.0,0.0,0.0,0.0,0.0,0.0,0.0,0.0,0.0,0.0,0
1786495141,658259391,100.0,-1.718607250844137,-1.7020428816424769,-1.1326659361468714,-4.617770854626791,-4.890351716672079,0.6903988718986511,0.0,-0.0,0.0,0.0,0.0,0.0,0.0,0.0,0.0,0.0,0.0,0.0,0
1786495141,678502798,100.0,-1.718595329915182,-1.702054802571432,-1.1326659361468714,-4.6177948156939905,-4.890351716672079,0.6903749108314514,0.0,-0.0,0.0,0.0,0.0,0.0,0.0,0.0,0.0,0.0,0.0,0.0,0
1786495141,698549032,100.0,-1.7185829321490687,-1.7020910421954554,-1.1326420942889612,-4.617806855832235,-4.890375677739279,0.6903629302978516,0.0,-0.0,0.0,0.0,0.0,0.0,0.0,0.0,0.0,0.0,0.0,0.0,0
1786495141,718430280,100.0,-1.7185710112201136,-1.702066723500387,-1.1326420942889612,-4.617758814488546,-4.890387598668234,0.6903629302978516,0.0,-0.0,0.0,0.0,0.0,0.0,0.0,0.0,0.0,0.0,0.0,0.0,0
1786495141,738357067,100.0,-1.7185710112201136,-1.7020791212665003,-1.1326540152179163,-4.617758814488546,-4.890399638806478,0.6903868913650513,0.0,-0.0,0.0,0.0,0.0,0.0,0.0,0.0,0.0,0.0,0.0,0.0,0
1786495141,758555173,100.0,-1.718595329915182,-1.702066723500387,-1.1326659361468714,-4.617770854626791,-4.890339676533834,0.6903269290924072,0.0,-0.0,0.0,0.0,0.0,0.0,0.0,0.0,0.0,0.0,0.0,0.0,0
1786495141,778396844,100.0,-1.7185590902911585,-1.7020309607135218,-1.1326301733600062,-4.6177348534213465,-4.890351716672079,0.6903868913650513,0.0,-0.0,0.0,0.0,0.0,0.0,0.0,0.0,0.0,0.0,0.0,0.0,0
1786495141,798720359,100.0,-1.7185829321490687,-1.7021029631244105,-1.1326897780047815,-4.6177828947650355,-4.890387598668234,0.6903629302978516,0.0,-0.0,0.0,0.0,0.0,0.0,0.0,0.0,0.0,0.0,0.0,0.0,0
1786495141,818352937,100.0,-1.718607250844137,-1.7021029631244105,-1.1326773802386683,-4.6177828947650355,-4.890387598668234,0.6903629302978516,0.0,-0.0,0.0,0.0,0.0,0.0,0.0,0.0,0.0,0.0,0.0,0.0,0
1786495141,838518857,100.0,-1.718607250844137,-1.702054802571432,-1.132618252431051,-4.6177948156939905,-4.890375677739279,0.6903749108314514,0.0,-0.0,0.0,0.0,0.0,0.0,0.0,0.0,0.0,0.0,0.0,0.0,0
1786495141,858294486,100.0,-1.7185471693622034,-1.7020428816424769,-1.1326897780047815,-4.617770854626791,-4.890387598668234,0.6903389096260071,0.0,-0.0,0.0,0.0,0.0,0.0,0.0,0.0,0.0,0.0,0.0,0.0,0
1786495141,878555297,100.0,-1.718607250844137,-1.702066723500387,-1.1326897780047815,-4.6177348534213465,-4.890375677739279,0.6903988718986511,0.0,-0.0,0.0,0.0,0.0,0.0,0.0,0.0,0.0,0.0,0.0,0.0,0
1786495141,898515701,100.0,-1.718607250844137,-1.7020791212665003,-1.1327016989337366,-4.6177828947650355,-4.890375677739279,0.690410852432251,0.0,-0.0,0.0,0.0,0.0,0.0,0.0,0.0,0.0,0.0,0.0,0.0,0
1786495141,918506860,100.0,-1.7185829321490687,-1.7020910421954554,-1.1327255407916468,-4.617746893559591,-4.890363637601034,0.6903868913650513,0.0,-0.0,0.0,0.0,0.0,0.0,0.0,0.0,0.0,0.0,0.0,0.0,0
1786495141,938570499,100.0,-1.718619171773092,-1.7020910421954554,-1.1326659361468714,-4.617830816899435,-4.890387598668234,0.6903988718986511,0.0,-0.0,0.0,0.0,0.0,0.0,0.0,0.0,0.0,0.0,0.0,0.0,0
1786495141,958447456,100.0,-1.7186430136310022,-1.7020309607135218,-1.1326540152179163,-4.6177828947650355,-4.890363637601034,0.6903749108314514,0.0,-0.0,0.0,0.0,0.0,0.0,0.0,0.0,0.0,0.0,0.0,0.0,0
1786495141,978444337,100.0,-1.718607250844137,-1.7021148840533655,-1.1326897780047815,-4.617770854626791,-4.890375677739279,0.6903509497642517,0.0,-0.0,0.0,0.0,0.0,0.0,0.0,0.0,0.0,0.0,0.0,0.0,0
1786495141,999171257,100.0,-1.7185710112201136,-1.7020428816424769,-1.1326773802386683,-4.617746893559591,-4.890339676533834,0.690410852432251,0.0,-0.0,0.0,0.0,0.0,0.0,0.0,0.0,0.0,0.0,0.0,0.0,0
1786495142,18312215,100.0,-1.718607250844137,-1.7020910421954554,-1.1327374617206019,-4.617770854626791,-4.890363637601034,0.6903509497642517,0.0,-0.0,0.0,0.0,0.0,0.0,0.0,0.0,0.0,0.0,0.0,0.0,0
1786495142,38561582,100.0,-1.7185829321490687,-1.702054802571432,-1.1327136198626917,-4.617806855832235,-4.890375677739279,0.6903749108314514,0.0,-0.0,0.0,0.0,0.0,0.0,0.0,0.0,0.0,0.0,0.0,0.0,0
1786495142,58354139,100.0,-1.718619171773092,-1.7020428816424769,-1.1327136198626917,-4.617758814488546,-4.890399638806478,0.6903629302978516,0.0,-0.0,0.0,0.0,0.0,0.0,0.0,0.0,0.0,0.0,0.0,0.0,0
1786495142,78543901,100.0,-1.7185590902911585,-1.7021029631244105,-1.1326659361468714,-4.617806855832235,-4.890363637601034,0.6903629302978516,0.0,-0.0,0.0,0.0,0.0,0.0,0.0,0.0,0.0,0.0,0.0,0.0,0
1786495142,98433732,100.0,-1.718619171773092,-1.7020910421954554,-1.1326897780047815,-4.617806855832235,-4.890363637601034,0.6904228329658508,0.0,-0.0,0.0,0.0,0.0,0.0,0.0,0.0,0.0,0.0,0.0,0.0,0
1786495142,118460178,100.0,-1.7185590902911585,-1.702066723500387,-1.1326659361468714,-4.617770854626791,-4.890399638806478,0.690410852432251,0.0,-0.0,0.0,0.0,0.0,0.0,0.0,0.0,0.0,0.0,0.0,0.0,0
1786495142,138337850,100.0,-1.718607250844137,-1.7020910421954554,-1.1327136198626917,-4.6177948156939905,-4.890375677739279,0.690410852432251,0.0,-0.0,0.0,0.0,0.0,0.0,0.0,0.0,0.0,0.0,0.0,0.0,0
1786495142,158523321,100.0,-1.7185710112201136,-1.702066723500387,-1.1326659361468714,-4.6177348534213465,-4.890375677739279,0.690410852432251,0.0,-0.0,0.0,0.0,0.0,0.0,0.0,0.0,0.0,0.0,0.0,0.0,0
1786495142,178426027,100.0,-1.7185471693622034,-1.7021387259112757,-1.1326773802386683,-4.617806855832235,-4.890375677739279,0.6903988718986511,0.0,-0.0,0.0,0.0,0.0,0.0,0.0,0.0,0.0,0.0,0.0,0.0,0
1786495142,198699712,100.0,-1.718595329915182,-1.7021148840533655,-1.1326659361468714,-4.617758814488546,-4.890351716672079,0.6903868913650513,0.0,-0.0,0.0,0.0,0.0,0.0,0.0,0.0,0.0,0.0,0.0,0.0,0
1786495142,218404293,100.0,-1.7185590902911585,-1.7020428816424769,-1.1326897780047815,-4.617722932492391,-4.890339676533834,0.6903749108314514,0.0,-0.0,0.0,0.0,0.0,0.0,0.0,0.0,0.0,0.0,0.0,0.0,0
1786495142,238543272,100.0,-1.7186430136310022,-1.7020791212665003,-1.1326773802386683,-4.6177828947650355,-4.890375677739279,0.6903629302978516,0.0,-0.0,0.0,0.0,0.0,0.0,0.0,0.0,0.0,0.0,0.0,0.0,0
1786495142,258359909,100.0,-1.718619171773092,-1.7020791212665003,-1.1327136198626917,-4.617770854626791,-4.890387598668234,0.6903868913650513,0.0,-0.0,0.0,0.0,0.0,0.0,0.0,0.0,0.0,0.0,0.0,0.0,0
1786495142,278575420,100.0,-1.718595329915182,-1.7020910421954554,-1.1326659361468714,-4.617758814488546,-4.890375677739279,0.6903868913650513,0.0,-0.0,0.0,0.0,0.0,0.0,0.0,0.0,0.0,0.0,0.0,0.0,0
1786495142,298427343,100.0,-1.7185829321490687,-1.7020791212665003,-1.1326897780047815,-4.617770854626791,-4.890375677739279,0.6903389096260071,0.0,-0.0,0.0,0.0,0.0,0.0,0.0,0.0,0.0,0.0,0.0,0.0,0
1786495142,318521499,100.0,-1.7185829321490687,-1.7020791212665003,-1.1326773802386683,-4.617830816899435,-4.890363637601034,0.6903629302978516,0.0,-0.0,0.0,0.0,0.0,0.0,0.0,0.0,0.0,0.0,0.0,0.0,0
1786495142,338347196,100.0,-1.7185829321490687,-1.7020791212665003,-1.1326540152179163,-4.617758814488546,-4.890327755604879,0.6903749108314514,0.0,-0.0,0.0,0.0,0.0,0.0,0.0,0.0,0.0,0.0,0.0,0.0,0
1786495142,358434915,100.0,-1.718619171773092,-1.702054802571432,-1.1326659361468714,-4.617770854626791,-4.890339676533834,0.6903629302978516,0.0,-0.0,0.0,0.0,0.0,0.0,0.0,0.0,0.0,0.0,0.0,0.0,0
1786495142,378358125,100.0,-1.7185471693622034,-1.702066723500387,-1.1326897780047815,-4.6177948156939905,-4.890339676533834,0.6903509497642517,0.0,-0.0,0.0,0.0,0.0,0.0,0.0,0.0,0.0,0.0,0.0,0.0,0
1786495142,398670911,100.0,-1.718619171773092,-1.7020910421954554,-1.1326420942889612,-4.617770854626791,-4.890375677739279,0.6903629302978516,0.0,-0.0,0.0,0.0,0.0,0.0,0.0,0.0,0.0,0.0,0.0,0.0,0
1786495142,418411493,100.0,-1.718595329915182,-1.702054802571432,-1.1326540152179163,-4.617758814488546,-4.890351716672079,0.6903988718986511,0.0,-0.0,0.0,0.0,0.0,0.0,0.0,0.0,0.0,0.0,0.0,0.0,0
1786495142,438560724,100.0,-1.7185710112201136,-1.702066723500387,-1.1326659361468714,-4.617770854626791,-4.890339676533834,0.6903868913650513,0.0,-0.0,0.0,0.0,0.0,0.0,0.0,0.0,0.0,0.0,0.0,0.0,0
1786495142,458360671,100.0,-1.7185829321490687,-1.7020910421954554,-1.1326897780047815,-4.617758814488546,-4.890363637601034,0.6903389096260071,0.0,-0.0,0.0,0.0,0.0,0.0,0.0,0.0,0.0,0.0,0.0,0.0,0
1786495142,478573799,100.0,-1.718619171773092,-1.7020910421954554,-1.1326897780047815,-4.61781877676119,-4.890351716672079,0.6903868913650513,0.0,-0.0,0.0,0.0,0.0,0.0,0.0,0.0,0.0,0.0,0.0,0.0,0
1786495142,498643636,100.0,-1.7185829321490687,-1.7020071188556116,-1.1326773802386683,-4.6177828947650355,-4.890351716672079,0.6903868913650513,0.0,-0.0,0.0,0.0,0.0,0.0,0.0,0.0,0.0,0.0,0.0,0.0,0
1786495142,518599271,100.0,-1.718607250844137,-1.7020428816424769,-1.1326773802386683,-4.617758814488546,-4.890363637601034,0.6903988718986511,0.0,-0.0,0.0,0.0,0.0,0.0,0.0,0.0,0.0,0.0,0.0,0.0,0
1786495142,538403272,100.0,-1.718595329915182,-1.702066723500387,-1.1326540152179163,-4.6177828947650355,-4.890363637601034,0.6903868913650513,0.0,-0.0,0.0,0.0,0.0,0.0,0.0,0.0,0.0,0.0,0.0,0.0,0
1786495142,558415651,100.0,-1.718595329915182,-1.7020791212665003,-1.1327016989337366,-4.617758814488546,-4.890351716672079,0.6903629302978516,0.0,-0.0,0.0,0.0,0.0,0.0,0.0,0.0,0.0,0.0,0.0,0.0,0
1786495142,578386783,100.0,-1.7185829321490687,-1.7020910421954554,-1.132618252431051,-4.61781877676119,-4.890399638806478,0.690410852432251,0.0,-0.0,0.0,0.0,0.0,0.0,0.0,0.0,0.0,0.0,0.0,0.0,0
1786495142,598664283,100.0,-1.718607250844137,-1.7020791212665003,-1.1326773802386683,-4.617770854626791,-4.890399638806478,0.6903629302978516,0.0,-0.0,0.0,0.0,0.0,0.0,0.0,0.0,0.0,0.0,0.0,0.0,0
1786495142,618411064,100.0,-1.718595329915182,-1.702066723500387,-1.1326420942889612,-4.6177348534213465,-4.890363637601034,0.6903749108314514,0.0,-0.0,0.0,0.0,0.0,0.0,0.0,0.0,0.0,0.0,0.0,0.0,0
1786495142,638442039,100.0,-1.718607250844137,-1.7020791212665003,-1.1326897780047815,-4.617770854626791,-4.890412036572592,0.6903509497642517,0.0,-0.0,0.0,0.0,0.0,0.0,0.0,0.0,0.0,0.0,0.0,0.0,0
1786495142,658339977,100.0,-1.7185829321490687,-1.702054802571432,-1.1326773802386683,-4.6177828947650355,-4.890351716672079,0.6904228329658508,0.0,-0.0,0.0,0.0,0.0,0.0,0.0,0.0,0.0,0.0,0.0,0.0,0
1786495142,678599596,100.0,-1.718595329915182,-1.7021029631244105,-1.1326773802386683,-4.6177828947650355,-4.890363637601034,0.6903629302978516,0.0,-0.0,0.0,0.0,0.0,0.0,0.0,0.0,0.0,0.0,0.0,0.0,0
1786495142,698597908,100.0,-1.718607250844137,-1.7020309607135218,-1.1326773802386683,-4.617758814488546,-4.890363637601034,0.6903868913650513,0.0,-0.0,0.0,0.0,0.0,0.0,0.0,0.0,0.0,0.0,0.0,0.0,0
1786495142,718446731,100.0,-1.7185829321490687,-1.702054802571432,-1.1326897780047815,-4.617710892354147,-4.890375677739279,0.6903269290924072,0.0,-0.0,0.0,0.0,0.0,0.0,0.0,0.0,0.0,0.0,0.0,0.0,0
1786495142,738757610,100.0,-1.7185829321490687,-1.7021268049823206,-1.1327136198626917,-4.6177828947650355,-4.890363637601034,0.6903629302978516,0.0,-0.0,0.0,0.0,0.0,0.0,0.0,0.0,0.0,0.0,0.0,0.0,0
1786495142,758567333,100.0,-1.718619171773092,-1.7021148840533655,-1.1326773802386683,-4.617758814488546,-4.890375677739279,0.6903988718986511,0.0,-0.0,0.0,0.0,0.0,0.0,0.0,0.0,0.0,0.0,0.0,0.0,0
1786495142,778390169,100.0,-1.718619171773092,-1.702066723500387,-1.1326773802386683,-4.617746893559591,-4.890363637601034,0.6903509497642517,0.0,-0.0,0.0,0.0,0.0,0.0,0.0,0.0,0.0,0.0,0.0,0.0,0
1786495142,798610925,100.0,-1.7185710112201136,-1.7021029631244105,-1.1327016989337366,-4.617770854626791,-4.890375677739279,0.6903149485588074,0.0,-0.0,0.0,0.0,0.0,0.0,0.0,0.0,0.0,0.0,0.0,0.0,0
1786495142,818332195,100.0,-1.7185590902911585,-1.702054802571432,-1.1326659361468714,-4.617770854626791,-4.890363637601034,0.6903868913650513,0.0,-0.0,0.0,0.0,0.0,0.0,0.0,0.0,0.0,0.0,0.0,0.0,0
1786495142,838532686,100.0,-1.718607250844137,-1.702054802571432,-1.1326420942889612,-4.6177348534213465,-4.890375677739279,0.6903749108314514,0.0,-0.0,0.0,0.0,0.0,0.0,0.0,0.0,0.0,0.0,0.0,0.0,0
1786495142,858375072,100.0,-1.7185710112201136,-1.7020910421954554,-1.1326897780047815,-4.617758814488546,-4.890375677739279,0.6903269290924072,0.0,-0.0,0.0,0.0,0.0,0.0,0.0,0.0,0.0,0.0,0.0,0.0,0
1786495142,878450155,100.0,-1.7185590902911585,-1.7021029631244105,-1.1326659361468714,-4.617770854626791,-4.890351716672079,0.6903389096260071,0.0,-0.0,0.0,0.0,0.0,0.0,0.0,0.0,0.0,0.0,0.0,0.0,0
1786495142,898755073,100.0,-1.718595329915182,-1.7020910421954554,-1.1326773802386683,-4.617746893559591,-4.890399638806478,0.6903988718986511,0.0,-0.0,0.0,0.0,0.0,0.0,0.0,0.0,0.0,0.0,0.0,0.0,0
1786495142,918703079,100.0,-1.718607250844137,-1.702054802571432,-1.1327136198626917,-4.61781877676119,-4.890375677739279,0.690410852432251,0.0,-0.0,0.0,0.0,0.0,0.0,0.0,0.0,0.0,0.0,0.0,0.0,0
1786495142,938397645,100.0,-1.7185352484332483,-1.7020309607135218,-1.1326540152179163,-4.617770854626791,-4.890351716672079,0.6903988718986511,0.0,-0.0,0.0,0.0,0.0,0.0,0.0,0.0,0.0,0.0,0.0,0.0,0
1786495142,958605051,100.0,-1.7185590902911585,-1.702066723500387,-1.1326773802386683,-4.617746893559591,-4.890351716672079,0.6903749108314514,0.0,-0.0,0.0,0.0,0.0,0.0,0.0,0.0,0.0,0.0,0.0,0.0,0
1786495142,978714704,100.0,-1.718619171773092,-1.702054802571432,-1.1326773802386683,-4.617758814488546,-4.890387598668234,0.6903629302978516,0.0,-0.0,0.0,0.0,0.0,0.0,0.0,0.0,0.0,0.0,0.0,0.0,0
1786495142,998559236,100.0,-1.718595329915182,-1.7020309607135218,-1.1326659361468714,-4.617770854626791,-4.890351716672079,0.6904228329658508,0.0,-0.0,0.0,0.0,0.0,0.0,0.0,0.0,0.0,0.0,0.0,0.0,0
1786495143,18371343,100.0,-1.7185471693622034,-1.7021029631244105,-1.1326420942889612,-4.6177948156939905,-4.890375677739279,0.6903749108314514,0.0,-0.0,0.0,0.0,0.0,0.0,0.0,0.0,0.0,0.0,0.0,0.0,0
1786495143,38576126,100.0,-1.7185829321490687,-1.7021268049823206,-1.1326897780047815,-4.617770854626791,-4.890339676533834,0.6903389096260071,0.0,-0.0,0.0,0.0,0.0,0.0,0.0,0.0,0.0,0.0,0.0,0.0,0
1786495143,58302402,100.0,-1.7185710112201136,-1.702066723500387,-1.1326773802386683,-4.617758814488546,-4.890375677739279,0.6903988718986511,0.0,-0.0,0.0,0.0,0.0,0.0,0.0,0.0,0.0,0.0,0.0,0.0,0
1786495143,78558206,100.0,-1.7185829321490687,-1.7020791212665003,-1.1326540152179163,-4.617770854626791,-4.890412036572592,0.6903629302978516,0.0,-0.0,0.0,0.0,0.0,0.0,0.0,0.0,0.0,0.0,0.0,0.0,0
1786495143,98311424,100.0,-1.718595329915182,-1.7020910421954554,-1.1326659361468714,-4.617770854626791,-4.890339676533834,0.6903629302978516,0.0,-0.0,0.0,0.0,0.0,0.0,0.0,0.0,0.0,0.0,0.0,0.0,0
1786495143,118417978,100.0,-1.7185590902911585,-1.7020791212665003,-1.1326897780047815,-4.6177828947650355,-4.890375677739279,0.6904228329658508,0.0,-0.0,0.0,0.0,0.0,0.0,0.0,0.0,0.0,0.0,0.0,0.0,0
1786495143,138413429,100.0,-1.7185352484332483,-1.702066723500387,-1.1327016989337366,-4.617746893559591,-4.890351716672079,0.6904348134994507,0.0,-0.0,0.0,0.0,0.0,0.0,0.0,0.0,0.0,0.0,0.0,0.0,0
1786495143,158529043,100.0,-1.7185710112201136,-1.702054802571432,-1.1326659361468714,-4.617722932492391,-4.890339676533834,0.6903749108314514,0.0,-0.0,0.0,0.0,0.0,0.0,0.0,0.0,0.0,0.0,0.0,0.0,0
1786495143,178505897,100.0,-1.7186310927020472,-1.7020309607135218,-1.1326659361468714,-4.617710892354147,-4.890363637601034,0.6903389096260071,0.0,-0.0,0.0,0.0,0.0,0.0,0.0,0.0,0.0,0.0,0.0,0.0,0
1786495143,198701620,100.0,-1.718607250844137,-1.702054802571432,-1.1327016989337366,-4.6177348534213465,-4.890363637601034,0.6903389096260071,0.0,-0.0,0.0,0.0,0.0,0.0,0.0,0.0,0.0,0.0,0.0,0.0,0
1786495143,218349933,100.0,-1.7185829321490687,-1.7020428816424769,-1.1326897780047815,-4.617758814488546,-4.890351716672079,0.6903868913650513,0.0,-0.0,0.0,0.0,0.0,0.0,0.0,0.0,0.0,0.0,0.0,0.0,0
1786495143,238420963,100.0,-1.7185590902911585,-1.702066723500387,-1.1326659361468714,-4.617758814488546,-4.8903037945376795,0.6903629302978516,0.0,-0.0,0.0,0.0,0.0,0.0,0.0,0.0,0.0,0.0,0.0,0.0,0
1786495143,258396863,100.0,-1.718595329915182,-1.7020910421954554,-1.1327016989337366,-4.617770854626791,-4.890351716672079,0.6903988718986511,0.0,-0.0,0.0,0.0,0.0,0.0,0.0,0.0,0.0,0.0,0.0,0.0,0
1786495143,278545141,100.0,-1.718607250844137,-1.7020791212665003,-1.1326897780047815,-4.617806855832235,-4.890363637601034,0.6903749108314514,0.0,-0.0,0.0,0.0,0.0,0.0,0.0,0.0,0.0,0.0,0.0,0.0,0
1786495143,298376798,100.0,-1.718595329915182,-1.7020910421954554,-1.1326420942889612,-4.617806855832235,-4.890399638806478,0.6903509497642517,0.0,-0.0,0.0,0.0,0.0,0.0,0.0,0.0,0.0,0.0,0.0,0.0,0
1786495143,318557739,100.0,-1.7185829321490687,-1.702066723500387,-1.1326540152179163,-4.6177828947650355,-4.890375677739279,0.6903988718986511,0.0,-0.0,0.0,0.0,0.0,0.0,0.0,0.0,0.0,0.0,0.0,0.0,0
1786495143,338377714,100.0,-1.7185710112201136,-1.702054802571432,-1.1327016989337366,-4.61781877676119,-4.890375677739279,0.6903629302978516,0.0,-0.0,0.0,0.0,0.0,0.0,0.0,0.0,0.0,0.0,0.0,0.0,0
1786495143,358519792,100.0,-1.7185233275042933,-1.702054802571432,-1.1326897780047815,-4.617770854626791,-4.890339676533834,0.690410852432251,0.0,-0.0,0.0,0.0,0.0,0.0,0.0,0.0,0.0,0.0,0.0,0.0,0
1786495143,378408432,100.0,-1.718607250844137,-1.7021029631244105,-1.1327136198626917,-4.6177948156939905,-4.890387598668234,0.6903868913650513,0.0,-0.0,0.0,0.0,0.0,0.0,0.0,0.0,0.0,0.0,0.0,0.0,0
1786495143,398578882,100.0,-1.718619171773092,-1.702054802571432,-1.1326540152179163,-4.6177348534213465,-4.890351716672079,0.6903749108314514,0.0,-0.0,0.0,0.0,0.0,0.0,0.0,0.0,0.0,0.0,0.0,0.0,0
1786495143,418455362,100.0,-1.7185590902911585,-1.702054802571432,-1.1326540152179163,-4.617770854626791,-4.890351716672079,0.6903389096260071,0.0,-0.0,0.0,0.0,0.0,0.0,0.0,0.0,0.0,0.0,0.0,0.0,0
1786495143,438638925,100.0,-1.7185352484332483,-1.7020791212665003,-1.1326659361468714,-4.617806855832235,-4.890363637601034,0.6903629302978516,0.0,-0.0,0.0,0.0,0.0,0.0,0.0,0.0,0.0,0.0,0.0,0.0,0
1786495143,458335161,100.0,-1.7185829321490687,-1.7020910421954554,-1.1326301733600062,-4.6177948156939905,-4.890327755604879,0.6903988718986511,0.0,-0.0,0.0,0.0,0.0,0.0,0.0,0.0,0.0,0.0,0.0,0.0,0
1786495143,478538513,100.0,-1.7185710112201136,-1.702066723500387,-1.1326659361468714,-4.6177828947650355,-4.890387598668234,0.6903509497642517,0.0,-0.0,0.0,0.0,0.0,0.0,0.0,0.0,0.0,0.0,0.0,0.0,0
1786495143,498455762,100.0,-1.7186310927020472,-1.702054802571432,-1.1326540152179163,-4.617770854626791,-4.890327755604879,0.6903509497642517,0.0,-0.0,0.0,0.0,0.0,0.0,0.0,0.0,0.0,0.0,0.0,0.0,0
1786495143,518635511,100.0,-1.718607250844137,-1.702066723500387,-1.1327016989337366,-4.617746893559591,-4.890399638806478,0.6903749108314514,0.0,-0.0,0.0,0.0,0.0,0.0,0.0,0.0,0.0,0.0,0.0,0.0,0
1786495143,538439273,100.0,-1.7185710112201136,-1.702066723500387,-1.1326540152179163,-4.6177948156939905,-4.890387598668234,0.6903629302978516,0.0,-0.0,0.0,0.0,0.0,0.0,0.0,0.0,0.0,0.0,0.0,0.0,0
1786495143,558433532,100.0,-1.718595329915182,-1.702066723500387,-1.1326540152179163,-4.617758814488546,-4.890351716672079,0.6903629302978516,0.0,-0.0,0.0,0.0,0.0,0.0,0.0,0.0,0.0,0.0,0.0,0.0,0
1786495143,578354835,100.0,-1.718595329915182,-1.702054802571432,-1.1326659361468714,-4.617758814488546,-4.890351716672079,0.690410852432251,0.0,-0.0,0.0,0.0,0.0,0.0,0.0,0.0,0.0,0.0,0.0,0.0,0
1786495143,598565340,100.0,-1.718595329915182,-1.7020190397845667,-1.1326659361468714,-4.617746893559591,-4.890351716672079,0.6903389096260071,0.0,-0.0,0.0,0.0,0.0,0.0,0.0,0.0,0.0,0.0,0.0,0.0,0
1786495143,618431568,100.0,-1.7185829321490687,-1.7020428816424769,-1.1326659361468714,-4.617770854626791,-4.890363637601034,0.690410852432251,0.0,-0.0,0.0,0.0,0.0,0.0,0.0,0.0,0.0,0.0,0.0,0.0,0
1786495143,638613939,100.0,-1.7185710112201136,-1.7020791212665003,-1.1327136198626917,-4.617758814488546,-4.890327755604879,0.6903509497642517,0.0,-0.0,0.0,0.0,0.0,0.0,0.0,0.0,0.0,0.0,0.0,0.0,0
1786495143,658532142,100.0,-1.718595329915182,-1.7020791212665003,-1.1326659361468714,-4.617770854626791,-4.890327755604879,0.6903629302978516,0.0,-0.0,0.0,0.0,0.0,0.0,0.0,0.0,0.0,0.0,0.0,0.0,0
1786495143,678535461,100.0,-1.7186310927020472,-1.7020309607135218,-1.1327136198626917,-4.617770854626791,-4.890327755604879,0.6903988718986511,0.0,-0.0,0.0,0.0,0.0,0.0,0.0,0.0,0.0,0.0,0.0,0.0,0
1786495143,698564291,100.0,-1.7185710112201136,-1.7021029631244105,-1.1327255407916468,-4.617770854626791,-4.890375677739279,0.6904228329658508,0.0,-0.0,0.0,0.0,0.0,0.0,0.0,0.0,0.0,0.0,0.0,0.0,0
1786495143,718493938,100.0,-1.7186310927020472,-1.7021029631244105,-1.1327136198626917,-4.6177348534213465,-4.890351716672079,0.6903509497642517,0.0,-0.0,0.0,0.0,0.0,0.0,0.0,0.0,0.0,0.0,0.0,0.0,0
1786495143,738403320,100.0,-1.7185471693622034,-1.7021029631244105,-1.1327136198626917,-4.617770854626791,-4.890387598668234,0.6903389096260071,0.0,-0.0,0.0,0.0,0.0,0.0,0.0,0.0,0.0,0.0,0.0,0.0,0
1786495143,758458852,100.0,-1.7185710112201136,-1.7020791212665003,-1.1327136198626917,-4.61781877676119,-4.890339676533834,0.6903749108314514,0.0,-0.0,0.0,0.0,0.0,0.0,0.0,0.0,0.0,0.0,0.0,0.0,0
1786495143,778389215,100.0,-1.7185710112201136,-1.7020190397845667,-1.1327016989337366,-4.617806855832235,-4.890387598668234,0.6903749108314514,0.0,-0.0,0.0,0.0,0.0,0.0,0.0,0.0,0.0,0.0,0.0,0.0,0
1786495143,798678636,100.0,-1.7185710112201136,-1.702066723500387,-1.1326420942889612,-4.617770854626791,-4.890375677739279,0.6903868913650513,0.0,-0.0,0.0,0.0,0.0,0.0,0.0,0.0,0.0,0.0,0.0,0.0,0
1786495143,818345069,100.0,-1.7185829321490687,-1.702066723500387,-1.1326540152179163,-4.6177948156939905,-4.890375677739279,0.6904228329658508,0.0,-0.0,0.0,0.0,0.0,0.0,0.0,0.0,0.0,0.0,0.0,0.0,0
1786495143,838524341,100.0,-1.7186310927020472,-1.7020071188556116,-1.1326540152179163,-4.617806855832235,-4.890351716672079,0.6903988718986511,0.0,-0.0,0.0,0.0,0.0,0.0,0.0,0.0,0.0,0.0,0.0,0.0,0
1786495143,858354806,100.0,-1.718595329915182,-1.7020428816424769,-1.1326773802386683,-4.617746893559591,-4.890375677739279,0.6903749108314514,0.0,-0.0,0.0,0.0,0.0,0.0,0.0,0.0,0.0,0.0,0.0,0.0,0
1786495143,878656864,100.0,-1.718619171773092,-1.7020910421954554,-1.1326659361468714,-4.617746893559591,-4.890375677739279,0.6903629302978516,0.0,-0.0,0.0,0.0,0.0,0.0,0.0,0.0,0.0,0.0,0.0,0.0,0
1786495143,898507356,100.0,-1.7185710112201136,-1.702066723500387,-1.1327255407916468,-4.6177348534213465,-4.890327755604879,0.6903629302978516,0.0,-0.0,0.0,0.0,0.0,0.0,0.0,0.0,0.0,0.0,0.0,0.0,0
1786495143,918429136,100.0,-1.7185590902911585,-1.7021148840533655,-1.1326773802386683,-4.617770854626791,-4.890351716672079,0.6903749108314514,0.0,-0.0,0.0,0.0,0.0,0.0,0.0,0.0,0.0,0.0,0.0,0.0,0
1786495143,938431024,100.0,-1.718595329915182,-1.7020428816424769,-1.1326659361468714,-4.6177348534213465,-4.890387598668234,0.6903988718986511,0.0,-0.0,0.0,0.0,0.0,0.0,0.0,0.0,0.0,0.0,0.0,0.0,0
1786495143,958599567,100.0,-1.7185710112201136,-1.7020309607135218,-1.1326659361468714,-4.6177348534213465,-4.890327755604879,0.6903509497642517,0.0,-0.0,0.0,0.0,0.0,0.0,0.0,0.0,0.0,0.0,0.0,0.0,0
1786495143,978410243,100.0,-1.718595329915182,-1.7020791212665003,-1.1327016989337366,-4.617758814488546,-4.890363637601034,0.6903988718986511,0.0,-0.0,0.0,0.0,0.0,0.0,0.0,0.0,0.0,0.0,0.0,0.0,0
1786495143,998564243,100.0,-1.7185471693622034,-1.7020309607135218,-1.1326897780047815,-4.6177348534213465,-4.890351716672079,0.6903749108314514,0.0,-0.0,0.0,0.0,0.0,0.0,0.0,0.0,0.0,0.0,0.0,0.0,0
1786495144,18408775,100.0,-1.718595329915182,-1.702054802571432,-1.1326773802386683,-4.617770854626791,-4.890387598668234,0.6903629302978516,0.0,-0.0,0.0,0.0,0.0,0.0,0.0,0.0,0.0,0.0,0.0,0.0,0
1786495144,38558959,100.0,-1.718595329915182,-1.7020910421954554,-1.1327016989337366,-4.617746893559591,-4.890375677739279,0.6903988718986511,0.0,-0.0,0.0,0.0,0.0,0.0,0.0,0.0,0.0,0.0,0.0,0.0,0
1786495144,58388233,100.0,-1.718607250844137,-1.7020791212665003,-1.1326420942889612,-4.617758814488546,-4.890327755604879,0.6903988718986511,0.0,-0.0,0.0,0.0,0.0,0.0,0.0,0.0,0.0,0.0,0.0,0.0,0
1786495144,78549146,100.0,-1.718607250844137,-1.7020910421954554,-1.1326659361468714,-4.617758814488546,-4.890327755604879,0.6903629302978516,0.0,-0.0,0.0,0.0,0.0,0.0,0.0,0.0,0.0,0.0,0.0,0.0,0
1786495144,98572492,100.0,-1.718607250844137,-1.7021029631244105,-1.1326659361468714,-4.617758814488546,-4.890387598668234,0.6903868913650513,0.0,-0.0,0.0,0.0,0.0,0.0,0.0,0.0,0.0,0.0,0.0,0.0,0
1786495144,118636846,100.0,-1.718619171773092,-1.702066723500387,-1.1326540152179163,-4.617722932492391,-4.890351716672079,0.6903988718986511,0.0,-0.0,0.0,0.0,0.0,0.0,0.0,0.0,0.0,0.0,0.0,0.0,0
1786495144,138338804,100.0,-1.7185471693622034,-1.702054802571432,-1.1326659361468714,-4.6177828947650355,-4.890351716672079,0.6903868913650513,0.0,-0.0,0.0,0.0,0.0,0.0,0.0,0.0,0.0,0.0,0.0,0.0,0
1786495144,158592939,100.0,-1.7185471693622034,-1.702066723500387,-1.1326773802386683,-4.6177948156939905,-4.890339676533834,0.6903389096260071,0.0,-0.0,0.0,0.0,0.0,0.0,0.0,0.0,0.0,0.0,0.0,0.0,0
1786495144,178381204,100.0,-1.7185710112201136,-1.7020428816424769,-1.1326773802386683,-4.617770854626791,-4.890363637601034,0.6903988718986511,0.0,-0.0,0.0,0.0,0.0,0.0,0.0,0.0,0.0,0.0,0.0,0.0,0
1786495144,198600769,100.0,-1.7185471693622034,-1.7020910421954554,-1.1326659361468714,-4.6177828947650355,-4.890327755604879,0.6903509497642517,0.0,-0.0,0.0,0.0,0.0,0.0,0.0,0.0,0.0,0.0,0.0,0.0,0
1786495144,218425035,100.0,-1.7185829321490687,-1.7020190397845667,-1.1326773802386683,-4.617758814488546,-4.890387598668234,0.6903509497642517,0.0,-0.0,0.0,0.0,0.0,0.0,0.0,0.0,0.0,0.0,0.0,0.0,0
1786495144,238569259,100.0,-1.7185710112201136,-1.7020791212665003,-1.1326897780047815,-4.617698971425192,-4.890351716672079,0.6903629302978516,0.0,-0.0,0.0,0.0,0.0,0.0,0.0,0.0,0.0,0.0,0.0,0.0,0
1786495144,258432149,100.0,-1.718607250844137,-1.7020190397845667,-1.1326659361468714,-4.617770854626791,-4.890351716672079,0.6903629302978516,0.0,-0.0,0.0,0.0,0.0,0.0,0.0,0.0,0.0,0.0,0.0,0.0,0
1786495144,278535604,100.0,-1.718607250844137,-1.7020428816424769,-1.1327136198626917,-4.617806855832235,-4.890375677739279,0.6903868913650513,0.0,-0.0,0.0,0.0,0.0,0.0,0.0,0.0,0.0,0.0,0.0,0.0,0
1786495144,298547744,100.0,-1.7185710112201136,-1.702066723500387,-1.1326897780047815,-4.6177948156939905,-4.890412036572592,0.6903509497642517,0.0,-0.0,0.0,0.0,0.0,0.0,0.0,0.0,0.0,0.0,0.0,0.0,0
1786495144,318458318,100.0,-1.7185590902911585,-1.702054802571432,-1.1326897780047815,-4.617770854626791,-4.890363637601034,0.690410852432251,0.0,-0.0,0.0,0.0,0.0,0.0,0.0,0.0,0.0,0.0,0.0,0.0,0
1786495144,338413476,100.0,-1.7186310927020472,-1.7020791212665003,-1.1326659361468714,-4.617770854626791,-4.890375677739279,0.6903988718986511,0.0,-0.0,0.0,0.0,0.0,0.0,0.0,0.0,0.0,0.0,0.0,0.0,0
1786495144,358522415,100.0,-1.718607250844137,-1.7021148840533655,-1.1327016989337366,-4.617746893559591,-4.890351716672079,0.6903988718986511,0.0,-0.0,0.0,0.0,0.0,0.0,0.0,0.0,0.0,0.0,0.0,0.0,0
1786495144,378414392,100.0,-1.7185829321490687,-1.7021029631244105,-1.1326897780047815,-4.617722932492391,-4.890363637601034,0.6903629302978516,0.0,-0.0,0.0,0.0,0.0,0.0,0.0,0.0,0.0,0.0,0.0,0.0,0
1786495144,398591518,100.0,-1.718607250844137,-1.702054802571432,-1.1327255407916468,-4.61784273782839,-4.890375677739279,0.690410852432251,0.0,-0.0,0.0,0.0,0.0,0.0,0.0,0.0,0.0,0.0,0.0,0.0,0
1786495144,418363571,100.0,-1.718619171773092,-1.7020910421954554,-1.1327136198626917,-4.617746893559591,-4.890363637601034,0.6903389096260071,0.0,-0.0,0.0,0.0,0.0,0.0,0.0,0.0,0.0,0.0,0.0,0.0,0
1786495144,438595056,100.0,-1.7185829321490687,-1.7020791212665003,-1.1326659361468714,-4.61781877676119,-4.890399638806478,0.6903629302978516,0.0,-0.0,0.0,0.0,0.0,0.0,0.0,0.0,0.0,0.0,0.0,0.0,0
1786495144,458534479,100.0,-1.7186549345599573,-1.7020428816424769,-1.1327016989337366,-4.6177348534213465,-4.890327755604879,0.6904348134994507,0.0,-0.0,0.0,0.0,0.0,0.0,0.0,0.0,0.0,0.0,0.0,0.0,0
1786495144,478416681,100.0,-1.7185710112201136,-1.702066723500387,-1.1326773802386683,-4.6177828947650355,-4.890387598668234,0.6903509497642517,0.0,-0.0,0.0,0.0,0.0,0.0,0.0,0.0,0.0,0.0,0.0,0.0,0
1786495144,498453140,100.0,-1.718607250844137,-1.702054802571432,-1.1327016989337366,-4.617806855832235,-4.890351716672079,0.6903269290924072,0.0,-0.0,0.0,0.0,0.0,0.0,0.0,0.0,0.0,0.0,0.0,0.0,0
1786495144,518556356,100.0,-1.7186668554889124,-1.7020428816424769,-1.1326540152179163,-4.617770854626791,-4.890363637601034,0.6903868913650513,0.0,-0.0,0.0,0.0,0.0,0.0,0.0,0.0,0.0,0.0,0.0,0.0,0
1786495144,538422822,100.0,-1.718607250844137,-1.7021268049823206,-1.1327136198626917,-4.617806855832235,-4.890363637601034,0.6903988718986511,0.0,-0.0,0.0,0.0,0.0,0.0,0.0,0.0,0.0,0.0,0.0,0.0,0
1786495144,558459758,100.0,-1.718607250844137,-1.7020791212665003,-1.1326540152179163,-4.617770854626791,-4.890375677739279,0.6903629302978516,0.0,-0.0,0.0,0.0,0.0,0.0,0.0,0.0,0.0,0.0,0.0,0.0,0
1786495144,578427314,100.0,-1.7185829321490687,-1.7021029631244105,-1.1327016989337366,-4.617746893559591,-4.890327755604879,0.6903509497642517,0.0,-0.0,0.0,0.0,0.0,0.0,0.0,0.0,0.0,0.0,0.0,0.0,0
1786495144,598659992,100.0,-1.7185710112201136,-1.7020309607135218,-1.1326659361468714,-4.61781877676119,-4.890351716672079,0.6903149485588074,0.0,-0.0,0.0,0.0,0.0,0.0,0.0,0.0,0.0,0.0,0.0,0.0,0
1786495144,618364572,100.0,-1.718595329915182,-1.702066723500387,-1.1326301733600062,-4.617746893559591,-4.890387598668234,0.6903389096260071,0.0,-0.0,0.0,0.0,0.0,0.0,0.0,0.0,0.0,0.0,0.0,0.0,0
1786495144,638551712,100.0,-1.7185710112201136,-1.7020910421954554,-1.1326540152179163,-4.617758814488546,-4.890351716672079,0.6903389096260071,0.0,-0.0,0.0,0.0,0.0,0.0,0.0,0.0,0.0,0.0,0.0,0.0,0
1786495144,658356189,100.0,-1.718595329915182,-1.7021029631244105,-1.1326773802386683,-4.617746893559591,-4.890339676533834,0.6903868913650513,0.0,-0.0,0.0,0.0,0.0,0.0,0.0,0.0,0.0,0.0,0.0,0.0,0
1786495144,678568601,100.0,-1.718619171773092,-1.7020791212665003,-1.1327016989337366,-4.617770854626791,-4.890387598668234,0.6903749108314514,0.0,-0.0,0.0,0.0,0.0,0.0,0.0,0.0,0.0,0.0,0.0,0.0,0
1786495144,698443412,100.0,-1.7185471693622034,-1.702066723500387,-1.1326773802386683,-4.617770854626791,-4.890375677739279,0.6903988718986511,0.0,-0.0,0.0,0.0,0.0,0.0,0.0,0.0,0.0,0.0,0.0,0.0,0
1786495144,718452215,100.0,-1.7185710112201136,-1.7020309607135218,-1.1326540152179163,-4.6177348534213465,-4.890327755604879,0.6903509497642517,0.0,-0.0,0.0,0.0,0.0,0.0,0.0,0.0,0.0,0.0,0.0,0.0,0
1786495144,738409280,100.0,-1.718595329915182,-1.7020791212665003,-1.1326773802386683,-4.6177828947650355,-4.890363637601034,0.6903988718986511,0.0,-0.0,0.0,0.0,0.0,0.0,0.0,0.0,0.0,0.0,0.0,0.0,0
1786495144,758456468,100.0,-1.7185233275042933,-1.7020791212665003,-1.1326540152179163,-4.617758814488546,-4.890387598668234,0.6903629302978516,0.0,-0.0,0.0,0.0,0.0,0.0,0.0,0.0,0.0,0.0,0.0,0.0,0
1786495144,778457641,100.0,-1.7185829321490687,-1.7020428816424769,-1.1326659361468714,-4.6177948156939905,-4.890387598668234,0.6904348134994507,0.0,-0.0,0.0,0.0,0.0,0.0,0.0,0.0,0.0,0.0,0.0,0.0,0
1786495144,798622608,100.0,-1.7185471693622034,-1.7020428816424769,-1.1326773802386683,-4.61781877676119,-4.890339676533834,0.6903509497642517,0.0,-0.0,0.0,0.0,0.0,0.0,0.0,0.0,0.0,0.0,0.0,0.0,0
1786495144,818330049,100.0,-1.7185710112201136,-1.7020791212665003,-1.1326659361468714,-4.6177828947650355,-4.890327755604879,0.6903868913650513,0.0,-0.0,0.0,0.0,0.0,0.0,0.0,0.0,0.0,0.0,0.0,0.0,0
1786495144,838565111,100.0,-1.7185590902911585,-1.7020791212665003,-1.1327016989337366,-4.6177828947650355,-4.890327755604879,0.6903629302978516,0.0,-0.0,0.0,0.0,0.0,0.0,0.0,0.0,0.0,0.0,0.0,0.0,0
1786495144,858308315,100.0,-1.7185829321490687,-1.702066723500387,-1.1326659361468714,-4.617806855832235,-4.890399638806478,0.6903868913650513,0.0,-0.0,0.0,0.0,0.0,0.0,0.0,0.0,0.0,0.0,0.0,0.0,0
1786495144,878548145,100.0,-1.718595329915182,-1.7020791212665003,-1.1326540152179163,-4.617770854626791,-4.890399638806478,0.6903988718986511,0.0,-0.0,0.0,0.0,0.0,0.0,0.0,0.0,0.0,0.0,0.0,0.0,0
1786495144,898580789,100.0,-1.7185710112201136,-1.7020190397845667,-1.1326659361468714,-4.617758814488546,-4.890387598668234,0.6903509497642517,0.0,-0.0,0.0,0.0,0.0,0.0,0.0,0.0,0.0,0.0,0.0,0.0,0
1786495144,918583631,100.0,-1.718595329915182,-1.702054802571432,-1.1326773802386683,-4.617758814488546,-4.890399638806478,0.6903868913650513,0.0,-0.0,0.0,0.0,0.0,0.0,0.0,0.0,0.0,0.0,0.0,0.0,0
1786495144,938412189,100.0,-1.7186310927020472,-1.7020309607135218,-1.1326773802386683,-4.6177828947650355,-4.890339676533834,0.6903868913650513,0.0,-0.0,0.0,0.0,0.0,0.0,0.0,0.0,0.0,0.0,0.0,0.0,0
1786495144,958369493,100.0,-1.7185710112201136,-1.702054802571432,-1.1327016989337366,-4.617746893559591,-4.890351716672079,0.6903629302978516,0.0,-0.0,0.0,0.0,0.0,0.0,0.0,0.0,0.0,0.0,0.0,0.0,0
1786495144,978395700,100.0,-1.7185471693622034,-1.702066723500387,-1.1327255407916468,-4.6177948156939905,-4.890399638806478,0.690410852432251,0.0,-0.0,0.0,0.0,0.0,0.0,0.0,0.0,0.0,0.0,0.0,0.0,0
1786495144,998619794,100.0,-1.718595329915182,-1.7021268049823206,-1.132618252431051,-4.6177348534213465,-4.890387598668234,0.6903988718986511,0.0,-0.0,0.0,0.0,0.0,0.0,0.0,0.0,0.0,0.0,0.0,0.0,0
1786495145,18352031,100.0,-1.7185471693622034,-1.7021029631244105,-1.1327016989337366,-4.6177948156939905,-4.890351716672079,0.6903988718986511,0.0,-0.0,0.0,0.0,0.0,0.0,0.0,0.0,0.0,0.0,0.0,0.0,0
1786495145,38575410,100.0,-1.7185710112201136,-1.7021268049823206,-1.1326659361468714,-4.6177348534213465,-4.890339676533834,0.6903389096260071,0.0,-0.0,0.0,0.0,0.0,0.0,0.0,0.0,0.0,0.0,0.0,0.0,0
1786495145,58378458,100.0,-1.718595329915182,-1.7020428816424769,-1.1326773802386683,-4.617770854626791,-4.890399638806478,0.6903629302978516,0.0,-0.0,0.0,0.0,0.0,0.0,0.0,0.0,0.0,0.0,0.0,0.0,0
1786495145,78566074,100.0,-1.718607250844137,-1.7021148840533655,-1.1326659361468714,-4.617722932492391,-4.890363637601034,0.6903509497642517,0.0,-0.0,0.0,0.0,0.0,0.0,0.0,0.0,0.0,0.0,0.0,0.0,0
1786495145,98433494,100.0,-1.7185829321490687,-1.702054802571432,-1.1326773802386683,-4.61781877676119,-4.890351716672079,0.6903629302978516,0.0,-0.0,0.0,0.0,0.0,0.0,0.0,0.0,0.0,0.0,0.0,0.0,0
1786495145,118644237,100.0,-1.7185710112201136,-1.7020791212665003,-1.1326420942889612,-4.6177348534213465,-4.890327755604879,0.6903988718986511,0.0,-0.0,0.0,0.0,0.0,0.0,0.0,0.0,0.0,0.0,0.0,0.0,0
1786495145,138410806,100.0,-1.7185710112201136,-1.7020791212665003,-1.1326659361468714,-4.61781877676119,-4.890339676533834,0.6903868913650513,0.0,-0.0,0.0,0.0,0.0,0.0,0.0,0.0,0.0,0.0,0.0,0.0,0
1786495145,158401966,100.0,-1.718607250844137,-1.7020791212665003,-1.1327016989337366,-4.6177828947650355,-4.890339676533834,0.6904228329658508,0.0,-0.0,0.0,0.0,0.0,0.0,0.0,0.0,0.0,0.0,0.0,0.0,0
1786495145,178340435,100.0,-1.718595329915182,-1.7021148840533655,-1.1326659361468714,-4.617722932492391,-4.890351716672079,0.6903629302978516,0.0,-0.0,0.0,0.0,0.0,0.0,0.0,0.0,0.0,0.0,0.0,0.0,0
1786495145,198668718,100.0,-1.7185829321490687,-1.7020428816424769,-1.1327136198626917,-4.6177828947650355,-4.890339676533834,0.6903749108314514,0.0,-0.0,0.0,0.0,0.0,0.0,0.0,0.0,0.0,0.0,0.0,0.0,0
1786495145,218424558,100.0,-1.7186430136310022,-1.7020791212665003,-1.1326659361468714,-4.6177828947650355,-4.890399638806478,0.6903509497642517,0.0,-0.0,0.0,0.0,0.0,0.0,0.0,0.0,0.0,0.0,0.0,0.0,0
1786495145,238569736,100.0,-1.7185829321490687,-1.7020910421954554,-1.1327016989337366,-4.6177948156939905,-4.890387598668234,0.6903749108314514,0.0,-0.0,0.0,0.0,0.0,0.0,0.0,0.0,0.0,0.0,0.0,0.0,0
1786495145,258460760,100.0,-1.7185590902911585,-1.702066723500387,-1.1326773802386683,-4.617746893559591,-4.890327755604879,0.6903629302978516,0.0,-0.0,0.0,0.0,0.0,0.0,0.0,0.0,0.0,0.0,0.0,0.0,0
1786495145,278513669,100.0,-1.7185829321490687,-1.7020791212665003,-1.1326773802386683,-4.61781877676119,-4.890399638806478,0.6903629302978516,0.0,-0.0,0.0,0.0,0.0,0.0,0.0,0.0,0.0,0.0,0.0,0.0,0
1786495145,298448562,100.0,-1.718607250844137,-1.7020791212665003,-1.1326540152179163,-4.617746893559591,-4.890315715466635,0.6903749108314514,0.0,-0.0,0.0,0.0,0.0,0.0,0.0,0.0,0.0,0.0,0.0,0.0,0
1786495145,318534612,100.0,-1.7185590902911585,-1.7020791212665003,-1.1326659361468714,-4.617770854626791,-4.890399638806478,0.6903868913650513,0.0,-0.0,0.0,0.0,0.0,0.0,0.0,0.0,0.0,0.0,0.0,0.0,0
1786495145,338536500,100.0,-1.7185710112201136,-1.702066723500387,-1.1327136198626917,-4.617806855832235,-4.890351716672079,0.6903629302978516,0.0,-0.0,0.0,0.0,0.0,0.0,0.0,0.0,0.0,0.0,0.0,0.0,0
1786495145,358509063,100.0,-1.7185829321490687,-1.7020910421954554,-1.1326540152179163,-4.617746893559591,-4.890327755604879,0.6903149485588074,0.0,-0.0,0.0,0.0,0.0,0.0,0.0,0.0,0.0,0.0,0.0,0.0,0
1786495145,378426074,100.0,-1.7185710112201136,-1.702066723500387,-1.1326540152179163,-4.6177828947650355,-4.890363637601034,0.6903868913650513,0.0,-0.0,0.0,0.0,0.0,0.0,0.0,0.0,0.0,0.0,0.0,0.0,0
1786495145,398681402,100.0,-1.7185471693622034,-1.702066723500387,-1.1326420942889612,-4.6177828947650355,-4.890363637601034,0.6903868913650513,0.0,-0.0,0.0,0.0,0.0,0.0,0.0,0.0,0.0,0.0,0.0,0.0,0
1786495145,418372631,100.0,-1.7185710112201136,-1.7020910421954554,-1.1326773802386683,-4.617746893559591,-4.890327755604879,0.6903629302978516,0.0,-0.0,0.0,0.0,0.0,0.0,0.0,0.0,0.0,0.0,0.0,0.0,0
1786495145,438565969,100.0,-1.7185471693622034,-1.702054802571432,-1.1326659361468714,-4.617758814488546,-4.890363637601034,0.6903749108314514,0.0,-0.0,0.0,0.0,0.0,0.0,0.0,0.0,0.0,0.0,0.0,0.0,0
1786495145,458288669,100.0,-1.7185829321490687,-1.702066723500387,-1.1326897780047815,-4.617770854626791,-4.890351716672079,0.6904348134994507,0.0,-0.0,0.0,0.0,0.0,0.0,0.0,0.0,0.0,0.0,0.0,0.0,0
1786495145,478589534,100.0,-1.718607250844137,-1.7020910421954554,-1.1326420942889612,-4.617758814488546,-4.890363637601034,0.6903868913650513,0.0,-0.0,0.0,0.0,0.0,0.0,0.0,0.0,0.0,0.0,0.0,0.0,0
1786495145,498639822,100.0,-1.7185710112201136,-1.7021029631244105,-1.1326659361468714,-4.617746893559591,-4.890315715466635,0.6903749108314514,0.0,-0.0,0.0,0.0,0.0,0.0,0.0,0.0,0.0,0.0,0.0,0.0,0
1786495145,518426418,100.0,-1.7186310927020472,-1.7020428816424769,-1.1326773802386683,-4.6177948156939905,-4.890375677739279,0.6903868913650513,0.0,-0.0,0.0,0.0,0.0,0.0,0.0,0.0,0.0,0.0,0.0,0.0,0
1786495145,538409233,100.0,-1.7185471693622034,-1.702054802571432,-1.1327255407916468,-4.617746893559591,-4.890399638806478,0.690410852432251,0.0,-0.0,0.0,0.0,0.0,0.0,0.0,0.0,0.0,0.0,0.0,0.0,0
1786495145,558565139,100.0,-1.7185352484332483,-1.7020309607135218,-1.1327016989337366,-4.6177948156939905,-4.890339676533834,0.6903749108314514,0.0,-0.0,0.0,0.0,0.0,0.0,0.0,0.0,0.0,0.0,0.0,0.0,0
1786495145,578406333,100.0,-1.718607250844137,-1.7020791212665003,-1.1326301733600062,-4.617770854626791,-4.890339676533834,0.6903988718986511,0.0,-0.0,0.0,0.0,0.0,0.0,0.0,0.0,0.0,0.0,0.0,0.0,0
1786495145,598520040,100.0,-1.7185829321490687,-1.7021029631244105,-1.1326659361468714,-4.6177348534213465,-4.890351716672079,0.6903868913650513,0.0,-0.0,0.0,0.0,0.0,0.0,0.0,0.0,0.0,0.0,0.0,0.0,0
1786495145,618438243,100.0,-1.7186310927020472,-1.7020791212665003,-1.1326301733600062,-4.6177828947650355,-4.890351716672079,0.6903749108314514,0.0,-0.0,0.0,0.0,0.0,0.0,0.0,0.0,0.0,0.0,0.0,0.0,0
1786495145,638514757,100.0,-1.718595329915182,-1.702054802571432,-1.1326420942889612,-4.617758814488546,-4.890399638806478,0.6903988718986511,0.0,-0.0,0.0,0.0,0.0,0.0,0.0,0.0,0.0,0.0,0.0,0.0,0
1786495145,658382654,100.0,-1.718607250844137,-1.7021029631244105,-1.1327374617206019,-4.617770854626791,-4.890327755604879,0.6903509497642517,0.0,-0.0,0.0,0.0,0.0,0.0,0.0,0.0,0.0,0.0,0.0,0.0,0
1786495145,678404569,100.0,-1.7185471693622034,-1.7020910421954554,-1.1326773802386683,-4.617758814488546,-4.890399638806478,0.6903389096260071,0.0,-0.0,0.0,0.0,0.0,0.0,0.0,0.0,0.0,0.0,0.0,0.0,0
1786495145,698577165,100.0,-1.7185710112201136,-1.7020910421954554,-1.1326897780047815,-4.617806855832235,-4.890363637601034,0.6903988718986511,0.0,-0.0,0.0,0.0,0.0,0.0,0.0,0.0,0.0,0.0,0.0,0.0,0
1786495145,718532800,100.0,-1.7186310927020472,-1.7021506468402308,-1.1326897780047815,-4.617770854626791,-4.890339676533834,0.6903509497642517,0.0,-0.0,0.0,0.0,0.0,0.0,0.0,0.0,0.0,0.0,0.0,0.0,0
1786495145,738426685,100.0,-1.718595329915182,-1.7020910421954554,-1.1326773802386683,-4.61781877676119,-4.890363637601034,0.6903868913650513,0.0,-0.0,0.0,0.0,0.0,0.0,0.0,0.0,0.0,0.0,0.0,0.0,0
1786495145,758593797,100.0,-1.7185590902911585,-1.702054802571432,-1.132618252431051,-4.617746893559591,-4.890351716672079,0.690410852432251,0.0,-0.0,0.0,0.0,0.0,0.0,0.0,0.0,0.0,0.0,0.0,0.0,0
1786495145,778389930,100.0,-1.7185829321490687,-1.7020791212665003,-1.1326897780047815,-4.617806855832235,-4.890363637601034,0.6903749108314514,0.0,-0.0,0.0,0.0,0.0,0.0,0.0,0.0,0.0,0.0,0.0,0.0,0
1786495145,798565387,100.0,-1.7185590902911585,-1.7019951979266565,-1.1326897780047815,-4.6177348534213465,-4.890399638806478,0.6903629302978516,0.0,-0.0,0.0,0.0,0.0,0.0,0.0,0.0,0.0,0.0,0.0,0.0,0
1786495145,818323850,100.0,-1.7186310927020472,-1.7020791212665003,-1.1327016989337366,-4.617746893559591,-4.890387598668234,0.6903749108314514,0.0,-0.0,0.0,0.0,0.0,0.0,0.0,0.0,0.0,0.0,0.0,0.0,0
1786495145,838555097,100.0,-1.7185352484332483,-1.702054802571432,-1.1326897780047815,-4.6177348534213465,-4.890363637601034,0.6903868913650513,0.0,-0.0,0.0,0.0,0.0,0.0,0.0,0.0,0.0,0.0,0.0,0.0,0
1786495145,858394622,100.0,-1.718595329915182,-1.7020910421954554,-1.1326897780047815,-4.6177948156939905,-4.890387598668234,0.690410852432251,0.0,-0.0,0.0,0.0,0.0,0.0,0.0,0.0,0.0,0.0,0.0,0.0,0
1786495145,878550529,100.0,-1.7185829321490687,-1.7020791212665003,-1.1326659361468714,-4.617770854626791,-4.890363637601034,0.6903868913650513,0.0,-0.0,0.0,0.0,0.0,0.0,0.0,0.0,0.0,0.0,0.0,0.0,0
1786495145,898764848,100.0,-1.718595329915182,-1.7020791212665003,-1.1327255407916468,-4.6177828947650355,-4.890375677739279,0.6903389096260071,0.0,-0.0,0.0,0.0,0.0,0.0,0.0,0.0,0.0,0.0,0.0,0.0,0
1786495145,918563604,100.0,-1.718607250844137,-1.7020910421954554,-1.1326659361468714,-4.6177828947650355,-4.890351716672079,0.6903389096260071,0.0,-0.0,0.0,0.0,0.0,0.0,0.0,0.0,0.0,0.0,0.0,0.0,0
1786495145,938568592,100.0,-1.718595329915182,-1.7020309607135218,-1.1326773802386683,-4.6177828947650355,-4.890351716672079,0.690410852432251,0.0,-0.0,0.0,0.0,0.0,0.0,0.0,0.0,0.0,0.0,0.0,0.0,0
1786495145,958595037,100.0,-1.7185829321490687,-1.7020428816424769,-1.1326659361468714,-4.6177828947650355,-4.890315715466635,0.6904228329658508,0.0,-0.0,0.0,0.0,0.0,0.0,0.0,0.0,0.0,0.0,0.0,0.0,0
1786495145,978416204,100.0,-1.7186430136310022,-1.7020791212665003,-1.1326420942889612,-4.617770854626791,-4.890375677739279,0.6903509497642517,0.0,-0.0,0.0,0.0,0.0,0.0,0.0,0.0,0.0,0.0,0.0,0.0,0
1786495145,998656988,100.0,-1.7185829321490687,-1.7020910421954554,-1.1326773802386683,-4.6177948156939905,-4.890387598668234,0.6903629302978516,0.0,-0.0,0.0,0.0,0.0,0.0,0.0,0.0,0.0,0.0,0.0,0.0,0
1786495146,18388748,100.0,-1.718607250844137,-1.7021387259112757,-1.1326659361468714,-4.6177948156939905,-4.890351716672079,0.6903868913650513,0.0,-0.0,0.0,0.0,0.0,0.0,0.0,0.0,0.0,0.0,0.0,0.0,0
1786495146,38587570,100.0,-1.7185829321490687,-1.7020791212665003,-1.1326659361468714,-4.6177948156939905,-4.890363637601034,0.6903629302978516,0.0,-0.0,0.0,0.0,0.0,0.0,0.0,0.0,0.0,0.0,0.0,0.0,0
1786495146,58303833,100.0,-1.7185590902911585,-1.7020910421954554,-1.1326659361468714,-4.617722932492391,-4.890412036572592,0.6904228329658508,0.0,-0.0,0.0,0.0,0.0,0.0,0.0,0.0,0.0,0.0,0.0,0.0,0
1786495146,78461885,100.0,-1.7185471693622034,-1.702054802571432,-1.1326659361468714,-4.617722932492391,-4.890387598668234,0.6903509497642517,0.0,-0.0,0.0,0.0,0.0,0.0,0.0,0.0,0.0,0.0,0.0,0.0,0
1786495146,98539829,100.0,-1.718607250844137,-1.7020910421954554,-1.1326897780047815,-4.617830816899435,-4.890339676533834,0.6903868913650513,0.0,-0.0,0.0,0.0,0.0,0.0,0.0,0.0,0.0,0.0,0.0,0.0,0
1786495146,118505477,100.0,-1.718619171773092,-1.7020428816424769,-1.1326659361468714,-4.6177948156939905,-4.890339676533834,0.6903988718986511,0.0,-0.0,0.0,0.0,0.0,0.0,0.0,0.0,0.0,0.0,0.0,0.0,0
1786495146,138363599,100.0,-1.7185829321490687,-1.7020791212665003,-1.1326540152179163,-4.617806855832235,-4.890375677739279,0.6903389096260071,0.0,-0.0,0.0,0.0,0.0,0.0,0.0,0.0,0.0,0.0,0.0,0.0,0
1786495146,158419370,100.0,-1.7185590902911585,-1.702066723500387,-1.1326897780047815,-4.6177828947650355,-4.890351716672079,0.6903629302978516,0.0,-0.0,0.0,0.0,0.0,0.0,0.0,0.0,0.0,0.0,0.0,0.0,0
1786495146,178545475,100.0,-1.718619171773092,-1.7020791212665003,-1.1327016989337366,-4.617770854626791,-4.890363637601034,0.6903509497642517,0.0,-0.0,0.0,0.0,0.0,0.0,0.0,0.0,0.0,0.0,0.0,0.0,0
1786495146,198559284,100.0,-1.7185590902911585,-1.7020791212665003,-1.1326773802386683,-4.6177828947650355,-4.890351716672079,0.6903389096260071,0.0,-0.0,0.0,0.0,0.0,0.0,0.0,0.0,0.0,0.0,0.0,0.0,0
1786495146,218342304,100.0,-1.7185829321490687,-1.702054802571432,-1.1326897780047815,-4.6177828947650355,-4.890339676533834,0.6903749108314514,0.0,-0.0,0.0,0.0,0.0,0.0,0.0,0.0,0.0,0.0,0.0,0.0,0
1786495146,238600730,100.0,-1.7185590902911585,-1.702066723500387,-1.1326659361468714,-4.617770854626791,-4.890363637601034,0.6903509497642517,0.0,-0.0,0.0,0.0,0.0,0.0,0.0,0.0,0.0,0.0,0.0,0.0,0
1786495146,258405923,100.0,-1.7185590902911585,-1.7020910421954554,-1.1326659361468714,-4.6177348534213465,-4.890387598668234,0.6904228329658508,0.0,-0.0,0.0,0.0,0.0,0.0,0.0,0.0,0.0,0.0,0.0,0.0,0
1786495146,278442859,100.0,-1.7185233275042933,-1.7020791212665003,-1.1326659361468714,-4.617770854626791,-4.890363637601034,0.6903749108314514,0.0,-0.0,0.0,0.0,0.0,0.0,0.0,0.0,0.0,0.0,0.0,0.0,0
1786495146,298575878,100.0,-1.718595329915182,-1.7021268049823206,-1.1327016989337366,-4.6177948156939905,-4.890375677739279,0.6904228329658508,0.0,-0.0,0.0,0.0,0.0,0.0,0.0,0.0,0.0,0.0,0.0,0.0,0
1786495146,318591594,100.0,-1.7185710112201136,-1.7020910421954554,-1.1326773802386683,-4.617722932492391,-4.890363637601034,0.6903509497642517,0.0,-0.0,0.0,0.0,0.0,0.0,0.0,0.0,0.0,0.0,0.0,0.0,0
1786495146,338400840,100.0,-1.7186310927020472,-1.7020791212665003,-1.1327136198626917,-4.617722932492391,-4.890375677739279,0.6903868913650513,0.0,-0.0,0.0,0.0,0.0,0.0,0.0,0.0,0.0,0.0,0.0,0.0,0
1786495146,358570575,100.0,-1.7185710112201136,-1.702054802571432,-1.1326540152179163,-4.61781877676119,-4.890375677739279,0.6903868913650513,0.0,-0.0,0.0,0.0,0.0,0.0,0.0,0.0,0.0,0.0,0.0,0.0,0
1786495146,378343820,100.0,-1.7186430136310022,-1.702066723500387,-1.1326773802386683,-4.617806855832235,-4.890327755604879,0.6903629302978516,0.0,-0.0,0.0,0.0,0.0,0.0,0.0,0.0,0.0,0.0,0.0,0.0,0
1786495146,398676395,100.0,-1.718595329915182,-1.7021268049823206,-1.1327255407916468,-4.617770854626791,-4.890387598668234,0.6903988718986511,0.0,-0.0,0.0,0.0,0.0,0.0,0.0,0.0,0.0,0.0,0.0,0.0,0
1786495146,418441057,100.0,-1.7185829321490687,-1.702066723500387,-1.1327136198626917,-4.617758814488546,-4.890351716672079,0.690410852432251,0.0,-0.0,0.0,0.0,0.0,0.0,0.0,0.0,0.0,0.0,0.0,0.0,0
1786495146,438434123,100.0,-1.718595329915182,-1.7020791212665003,-1.1327136198626917,-4.6177828947650355,-4.890375677739279,0.6903988718986511,0.0,-0.0,0.0,0.0,0.0,0.0,0.0,0.0,0.0,0.0,0.0,0.0,0
1786495146,458311319,100.0,-1.7185471693622034,-1.7020910421954554,-1.132749382649557,-4.6177948156939905,-4.890375677739279,0.6904228329658508,0.0,-0.0,0.0,0.0,0.0,0.0,0.0,0.0,0.0,0.0,0.0,0.0,0
1786495146,478612899,100.0,-1.7185710112201136,-1.7021387259112757,-1.1326659361468714,-4.6177948156939905,-4.890351716672079,0.6903389096260071,0.0,-0.0,0.0,0.0,0.0,0.0,0.0,0.0,0.0,0.0,0.0,0.0,0
1786495146,498439788,100.0,-1.7186310927020472,-1.7021029631244105,-1.1326773802386683,-4.6177828947650355,-4.890387598668234,0.6903629302978516,0.0,-0.0,0.0,0.0,0.0,0.0,0.0,0.0,0.0,0.0,0.0,0.0,0
1786495146,518438339,100.0,-1.7185829321490687,-1.7021029631244105,-1.1326540152179163,-4.6177948156939905,-4.890327755604879,0.6903629302978516,0.0,-0.0,0.0,0.0,0.0,0.0,0.0,0.0,0.0,0.0,0.0,0.0,0
1786495146,538407087,100.0,-1.7185829321490687,-1.7021148840533655,-1.1326659361468714,-4.617746893559591,-4.890327755604879,0.6903629302978516,0.0,-0.0,0.0,0.0,0.0,0.0,0.0,0.0,0.0,0.0,0.0,0.0,0
1786495146,558439016,100.0,-1.7185471693622034,-1.702054802571432,-1.1326773802386683,-4.617746893559591,-4.890375677739279,0.6903749108314514,0.0,-0.0,0.0,0.0,0.0,0.0,0.0,0.0,0.0,0.0,0.0,0.0,0
1786495146,578391313,100.0,-1.7185829321490687,-1.7020910421954554,-1.1326540152179163,-4.617770854626791,-4.890363637601034,0.6903868913650513,0.0,-0.0,0.0,0.0,0.0,0.0,0.0,0.0,0.0,0.0,0.0,0.0,0
1786495146,598565101,100.0,-1.7185471693622034,-1.7020910421954554,-1.1326773802386683,-4.617758814488546,-4.890387598668234,0.6903269290924072,0.0,-0.0,0.0,0.0,0.0,0.0,0.0,0.0,0.0,0.0,0.0,0.0,0
1786495146,618461847,100.0,-1.7186430136310022,-1.7020309607135218,-1.1326540152179163,-4.617758814488546,-4.890363637601034,0.6903629302978516,0.0,-0.0,0.0,0.0,0.0,0.0,0.0,0.0,0.0,0.0,0.0,0.0,0
1786495146,638592481,100.0,-1.718595329915182,-1.7020791212665003,-1.1326659361468714,-4.6177828947650355,-4.890351716672079,0.6903868913650513,0.0,-0.0,0.0,0.0,0.0,0.0,0.0,0.0,0.0,0.0,0.0,0.0,0
1786495146,658381223,100.0,-1.718607250844137,-1.702054802571432,-1.1326301733600062,-4.617758814488546,-4.890375677739279,0.6903749108314514,0.0,-0.0,0.0,0.0,0.0,0.0,0.0,0.0,0.0,0.0,0.0,0.0,0
1786495146,678430557,100.0,-1.718595329915182,-1.7021148840533655,-1.1326897780047815,-4.617770854626791,-4.890363637601034,0.6904228329658508,0.0,-0.0,0.0,0.0,0.0,0.0,0.0,0.0,0.0,0.0,0.0,0.0,0
1786495146,698549270,100.0,-1.7185710112201136,-1.702054802571432,-1.1326420942889612,-4.617770854626791,-4.890327755604879,0.6903988718986511,0.0,-0.0,0.0,0.0,0.0,0.0,0.0,0.0,0.0,0.0,0.0,0.0,0
1786495146,718590974,100.0,-1.7185710112201136,-1.7020791212665003,-1.1326420942889612,-4.6177948156939905,-4.890387598668234,0.6903868913650513,0.0,-0.0,0.0,0.0,0.0,0.0,0.0,0.0,0.0,0.0,0.0,0.0,0
1786495146,738414525,100.0,-1.7185829321490687,-1.7020428816424769,-1.1326773802386683,-4.617746893559591,-4.890363637601034,0.6903749108314514,0.0,-0.0,0.0,0.0,0.0,0.0,0.0,0.0,0.0,0.0,0.0,0.0,0
1786495146,758434057,100.0,-1.7185590902911585,-1.7020428816424769,-1.1327136198626917,-4.6177828947650355,-4.890327755604879,0.6903389096260071,0.0,-0.0,0.0,0.0,0.0,0.0,0.0,0.0,0.0,0.0,0.0,0.0,0
1786495146,778407573,100.0,-1.718619171773092,-1.7020910421954554,-1.1326420942889612,-4.617770854626791,-4.890399638806478,0.6903629302978516,0.0,-0.0,0.0,0.0,0.0,0.0,0.0,0.0,0.0,0.0,0.0,0.0,0
1786495146,798634052,100.0,-1.718619171773092,-1.7020910421954554,-1.1326773802386683,-4.6177828947650355,-4.890363637601034,0.6904228329658508,0.0,-0.0,0.0,0.0,0.0,0.0,0.0,0.0,0.0,0.0,0.0,0.0,0
1786495146,818393945,100.0,-1.7185710112201136,-1.7020791212665003,-1.1326659361468714,-4.617758814488546,-4.890339676533834,0.690410852432251,0.0,-0.0,0.0,0.0,0.0,0.0,0.0,0.0,0.0,0.0,0.0,0.0,0
1786495146,838552474,100.0,-1.718595329915182,-1.702054802571432,-1.1326659361468714,-4.617758814488546,-4.890399638806478,0.6903868913650513,0.0,-0.0,0.0,0.0,0.0,0.0,0.0,0.0,0.0,0.0,0.0,0.0,0
1786495146,858430624,100.0,-1.7185829321490687,-1.702066723500387,-1.1326420942889612,-4.617758814488546,-4.890387598668234,0.6903389096260071,0.0,-0.0,0.0,0.0,0.0,0.0,0.0,0.0,0.0,0.0,0.0,0.0,0
1786495146,878606081,100.0,-1.718595329915182,-1.7020791212665003,-1.1327016989337366,-4.6177828947650355,-4.890399638806478,0.6904348134994507,0.0,-0.0,0.0,0.0,0.0,0.0,0.0,0.0,0.0,0.0,0.0,0.0,0
1786495146,898542404,100.0,-1.7185829321490687,-1.702066723500387,-1.1326773802386683,-4.6177948156939905,-4.890327755604879,0.6903868913650513,0.0,-0.0,0.0,0.0,0.0,0.0,0.0,0.0,0.0,0.0,0.0,0.0,0
1786495146,918616056,100.0,-1.718607250844137,-1.7020791212665003,-1.1326659361468714,-4.617746893559591,-4.890339676533834,0.6903629302978516,0.0,-0.0,0.0,0.0,0.0,0.0,0.0,0.0,0.0,0.0,0.0,0.0,0
1786495146,938428640,100.0,-1.718595329915182,-1.7020791212665003,-1.1327136198626917,-4.617758814488546,-4.890327755604879,0.6904228329658508,0.0,-0.0,0.0,0.0,0.0,0.0,0.0,0.0,0.0,0.0,0.0,0.0,0
1786495146,958456993,100.0,-1.7185829321490687,-1.7020791212665003,-1.1326897780047815,-4.617758814488546,-4.890351716672079,0.6903868913650513,0.0,-0.0,0.0,0.0,0.0,0.0,0.0,0.0,0.0,0.0,0.0,0.0,0
1786495146,978414058,100.0,-1.718595329915182,-1.7020791212665003,-1.1326420942889612,-4.6177828947650355,-4.890363637601034,0.6903988718986511,0.0,-0.0,0.0,0.0,0.0,0.0,0.0,0.0,0.0,0.0,0.0,0.0,0
1786495146,998658895,100.0,-1.718607250844137,-1.702054802571432,-1.1326659361468714,-4.6177948156939905,-4.890399638806478,0.690410852432251,0.0,-0.0,0.0,0.0,0.0,0.0,0.0,0.0,0.0,0.0,0.0,0.0,0
1786495147,18432617,100.0,-1.7185829321490687,-1.7020309607135218,-1.1326773802386683,-4.61781877676119,-4.890339676533834,0.6903629302978516,0.0,-0.0,0.0,0.0,0.0,0.0,0.0,0.0,0.0,0.0,0.0,0.0,0
1786495147,38433313,100.0,-1.7185829321490687,-1.7021029631244105,-1.1327136198626917,-4.617746893559591,-4.890327755604879,0.6903749108314514,0.0,-0.0,0.0,0.0,0.0,0.0,0.0,0.0,0.0,0.0,0.0,0.0,0
1786495147,58344602,100.0,-1.718619171773092,-1.7020910421954554,-1.1326301733600062,-4.61781877676119,-4.890351716672079,0.6903629302978516,0.0,-0.0,0.0,0.0,0.0,0.0,0.0,0.0,0.0,0.0,0.0,0.0,0
1786495147,78510046,100.0,-1.7185710112201136,-1.702066723500387,-1.1326659361468714,-4.617758814488546,-4.890375677739279,0.6903629302978516,0.0,-0.0,0.0,0.0,0.0,0.0,0.0,0.0,0.0,0.0,0.0,0.0,0
1786495147,98527193,100.0,-1.7185590902911585,-1.7019828001605433,-1.1326659361468714,-4.6177828947650355,-4.890375677739279,0.6903509497642517,0.0,-0.0,0.0,0.0,0.0,0.0,0.0,0.0,0.0,0.0,0.0,0.0,0
1786495147,118609428,100.0,-1.7185471693622034,-1.702066723500387,-1.1326773802386683,-4.61781877676119,-4.890339676533834,0.690410852432251,0.0,-0.0,0.0,0.0,0.0,0.0,0.0,0.0,0.0,0.0,0.0,0.0,0
1786495147,138422727,100.0,-1.7185710112201136,-1.7020428816424769,-1.1326659361468714,-4.617770854626791,-4.890375677739279,0.6903988718986511,0.0,-0.0,0.0,0.0,0.0,0.0,0.0,0.0,0.0,0.0,0.0,0.0,0
1786495147,158438444,100.0,-1.7185710112201136,-1.7021029631244105,-1.1326897780047815,-4.617806855832235,-4.890351716672079,0.6903389096260071,0.0,-0.0,0.0,0.0,0.0,0.0,0.0,0.0,0.0,0.0,0.0,0.0,0
1786495147,178407192,100.0,-1.718595329915182,-1.7021029631244105,-1.1327016989337366,-4.617758814488546,-4.890351716672079,0.6903868913650513,0.0,-0.0,0.0,0.0,0.0,0.0,0.0,0.0,0.0,0.0,0.0,0.0,0
1786495147,198622703,100.0,-1.7185710112201136,-1.7020428816424769,-1.1326773802386683,-4.617758814488546,-4.890387598668234,0.6903509497642517,0.0,-0.0,0.0,0.0,0.0,0.0,0.0,0.0,0.0,0.0,0.0,0.0,0
1786495147,218343019,100.0,-1.718607250844137,-1.702066723500387,-1.1326897780047815,-4.6177348534213465,-4.890375677739279,0.6903269290924072,0.0,-0.0,0.0,0.0,0.0,0.0,0.0,0.0,0.0,0.0,0.0,0.0,0
1786495147,238530158,100.0,-1.718607250844137,-1.7020309607135218,-1.1326420942889612,-4.617758814488546,-4.890339676533834,0.6903868913650513,0.0,-0.0,0.0,0.0,0.0,0.0,0.0,0.0,0.0,0.0,0.0,0.0,0
1786495147,258351087,100.0,-1.7185471693622034,-1.702066723500387,-1.1326659361468714,-4.617770854626791,-4.890351716672079,0.6903629302978516,0.0,-0.0,0.0,0.0,0.0,0.0,0.0,0.0,0.0,0.0,0.0,0.0,0
1786495147,278642654,100.0,-1.718619171773092,-1.7021268049823206,-1.1327016989337366,-4.617758814488546,-4.890351716672079,0.6903749108314514,0.0,-0.0,0.0,0.0,0.0,0.0,0.0,0.0,0.0,0.0,0.0,0.0,0
1786495147,298412561,100.0,-1.7186310927020472,-1.7020910421954554,-1.1326897780047815,-4.6177948156939905,-4.890327755604879,0.6904228329658508,0.0,-0.0,0.0,0.0,0.0,0.0,0.0,0.0,0.0,0.0,0.0,0.0,0
1786495147,318638801,100.0,-1.7185710112201136,-1.7020910421954554,-1.1326540152179163,-4.617770854626791,-4.890351716672079,0.6903629302978516,0.0,-0.0,0.0,0.0,0.0,0.0,0.0,0.0,0.0,0.0,0.0,0.0,0
1786495147,338361740,100.0,-1.7185710112201136,-1.7021029631244105,-1.1326420942889612,-4.6177828947650355,-4.890363637601034,0.6903629302978516,0.0,-0.0,0.0,0.0,0.0,0.0,0.0,0.0,0.0,0.0,0.0,0.0,0
1786495147,358419179,100.0,-1.718607250844137,-1.7020791212665003,-1.1326540152179163,-4.617770854626791,-4.890375677739279,0.6903389096260071,0.0,-0.0,0.0,0.0,0.0,0.0,0.0,0.0,0.0,0.0,0.0,0.0,0
1786495147,378415822,100.0,-1.718619171773092,-1.7020428816424769,-1.1326540152179163,-4.6177828947650355,-4.890399638806478,0.6903509497642517,0.0,-0.0,0.0,0.0,0.0,0.0,0.0,0.0,0.0,0.0,0.0,0.0,0
1786495147,398641347,100.0,-1.718595329915182,-1.7020309607135218,-1.1327136198626917,-4.617806855832235,-4.890375677739279,0.6903629302978516,0.0,-0.0,0.0,0.0,0.0,0.0,0.0,0.0,0.0,0.0,0.0,0.0,0
1786495147,418400287,100.0,-1.7185829321490687,-1.7020071188556116,-1.1326897780047815,-4.617758814488546,-4.890363637601034,0.690410852432251,0.0,-0.0,0.0,0.0,0.0,0.0,0.0,0.0,0.0,0.0,0.0,0.0,0
1786495147,438645839,100.0,-1.7185590902911585,-1.702054802571432,-1.1327016989337366,-4.617758814488546,-4.890412036572592,0.6903389096260071,0.0,-0.0,0.0,0.0,0.0,0.0,0.0,0.0,0.0,0.0,0.0,0.0,0
1786495147,458410978,100.0,-1.718595329915182,-1.7020190397845667,-1.1327255407916468,-4.617770854626791,-4.890363637601034,0.6903868913650513,0.0,-0.0,0.0,0.0,0.0,0.0,0.0,0.0,0.0,0.0,0.0,0.0,0
1786495147,478546142,100.0,-1.7186310927020472,-1.7020791212665003,-1.1326420942889612,-4.617758814488546,-4.890327755604879,0.6903749108314514,0.0,-0.0,0.0,0.0,0.0,0.0,0.0,0.0,0.0,0.0,0.0,0.0,0
1786495147,498451709,100.0,-1.7185710112201136,-1.7021029631244105,-1.1326540152179163,-4.617758814488546,-4.890351716672079,0.6903868913650513,0.0,-0.0,0.0,0.0,0.0,0.0,0.0,0.0,0.0,0.0,0.0,0.0,0
1786495147,518572568,100.0,-1.718595329915182,-1.7021029631244105,-1.1326540152179163,-4.617770854626791,-4.890387598668234,0.690410852432251,0.0,-0.0,0.0,0.0,0.0,0.0,0.0,0.0,0.0,0.0,0.0,0.0,0
1786495147,538325309,100.0,-1.7185710112201136,-1.7020791212665003,-1.1327136198626917,-4.617746893559591,-4.890375677739279,0.6903988718986511,0.0,-0.0,0.0,0.0,0.0,0.0,0.0,0.0,0.0,0.0,0.0,0.0,0
1786495147,558456420,100.0,-1.7185471693622034,-1.7020791212665003,-1.1326659361468714,-4.617770854626791,-4.890351716672079,0.690410852432251,0.0,-0.0,0.0,0.0,0.0,0.0,0.0,0.0,0.0,0.0,0.0,0.0,0
1786495147,578510046,100.0,-1.718607250844137,-1.7020910421954554,-1.1327136198626917,-4.6177828947650355,-4.890363637601034,0.6903269290924072,0.0,-0.0,0.0,0.0,0.0,0.0,0.0,0.0,0.0,0.0,0.0,0.0,0
1786495147,598677873,100.0,-1.7185710112201136,-1.7021148840533655,-1.1326659361468714,-4.617770854626791,-4.890363637601034,0.6904228329658508,0.0,-0.0,0.0,0.0,0.0,0.0,0.0,0.0,0.0,0.0,0.0,0.0,0
1786495147,618448972,100.0,-1.7185829321490687,-1.702054802571432,-1.1327016989337366,-4.617806855832235,-4.890399638806478,0.6903749108314514,0.0,-0.0,0.0,0.0,0.0,0.0,0.0,0.0,0.0,0.0,0.0,0.0,0
1786495147,638563156,100.0,-1.7185710112201136,-1.7021029631244105,-1.1327136198626917,-4.6177348534213465,-4.890375677739279,0.6903749108314514,0.0,-0.0,0.0,0.0,0.0,0.0,0.0,0.0,0.0,0.0,0.0,0.0,0
1786495147,658341884,100.0,-1.718607250844137,-1.7020428816424769,-1.1326897780047815,-4.617770854626791,-4.890375677739279,0.6903389096260071,0.0,-0.0,0.0,0.0,0.0,0.0,0.0,0.0,0.0,0.0,0.0,0.0,0
1786495147,678555250,100.0,-1.718607250844137,-1.7020910421954554,-1.1326773802386683,-4.617770854626791,-4.890387598668234,0.6903629302978516,0.0,-0.0,0.0,0.0,0.0,0.0,0.0,0.0,0.0,0.0,0.0,0.0,0
1786495147,698416709,100.0,-1.718595329915182,-1.702054802571432,-1.1326659361468714,-4.6177828947650355,-4.890351716672079,0.6903629302978516,0.0,-0.0,0.0,0.0,0.0,0.0,0.0,0.0,0.0,0.0,0.0,0.0,0
1786495147,718556404,100.0,-1.7186310927020472,-1.7020791212665003,-1.1326659361468714,-4.6177948156939905,-4.890412036572592,0.6903988718986511,0.0,-0.0,0.0,0.0,0.0,0.0,0.0,0.0,0.0,0.0,0.0,0.0,0
1786495147,738309860,100.0,-1.718619171773092,-1.7020910421954554,-1.1326897780047815,-4.6177828947650355,-4.890339676533834,0.6903749108314514,0.0,-0.0,0.0,0.0,0.0,0.0,0.0,0.0,0.0,0.0,0.0,0.0,0
1786495147,758447170,100.0,-1.7185710112201136,-1.7020910421954554,-1.1326773802386683,-4.6177948156939905,-4.890387598668234,0.6903629302978516,0.0,-0.0,0.0,0.0,0.0,0.0,0.0,0.0,0.0,0.0,0.0,0.0,0
1786495147,778446912,100.0,-1.718619171773092,-1.7020791212665003,-1.1326773802386683,-4.617770854626791,-4.890375677739279,0.6903389096260071,0.0,-0.0,0.0,0.0,0.0,0.0,0.0,0.0,0.0,0.0,0.0,0.0,0
1786495147,798679351,100.0,-1.7185471693622034,-1.702054802571432,-1.1326773802386683,-4.617710892354147,-4.890339676533834,0.6903868913650513,0.0,-0.0,0.0,0.0,0.0,0.0,0.0,0.0,0.0,0.0,0.0,0.0,0
1786495147,818372726,100.0,-1.718607250844137,-1.7020428816424769,-1.1326420942889612,-4.617806855832235,-4.890375677739279,0.6903749108314514,0.0,-0.0,0.0,0.0,0.0,0.0,0.0,0.0,0.0,0.0,0.0,0.0,0
1786495147,838457584,100.0,-1.7186310927020472,-1.7020791212665003,-1.1326659361468714,-4.6177948156939905,-4.890351716672079,0.6903988718986511,0.0,-0.0,0.0,0.0,0.0,0.0,0.0,0.0,0.0,0.0,0.0,0.0,0
1786495147,858380794,100.0,-1.718607250844137,-1.7021029631244105,-1.1327136198626917,-4.617758814488546,-4.890351716672079,0.690410852432251,0.0,-0.0,0.0,0.0,0.0,0.0,0.0,0.0,0.0,0.0,0.0,0.0,0
1786495147,878571271,100.0,-1.718619171773092,-1.7020428816424769,-1.1327136198626917,-4.617746893559591,-4.890339676533834,0.6903509497642517,0.0,-0.0,0.0,0.0,0.0,0.0,0.0,0.0,0.0,0.0,0.0,0.0,0
1786495147,898456096,100.0,-1.7185710112201136,-1.7020428816424769,-1.1326659361468714,-4.617758814488546,-4.890351716672079,0.6903509497642517,0.0,-0.0,0.0,0.0,0.0,0.0,0.0,0.0,0.0,0.0,0.0,0.0,0
1786495147,918452501,100.0,-1.718607250844137,-1.7020428816424769,-1.1327255407916468,-4.617722932492391,-4.890399638806478,0.6903868913650513,0.0,-0.0,0.0,0.0,0.0,0.0,0.0,0.0,0.0,0.0,0.0,0.0,0
1786495147,938456773,100.0,-1.7185590902911585,-1.7021148840533655,-1.1327016989337366,-4.6177948156939905,-4.890327755604879,0.690410852432251,0.0,-0.0,0.0,0.0,0.0,0.0,0.0,0.0,0.0,0.0,0.0,0.0,0
1786495147,958601474,100.0,-1.718619171773092,-1.7020910421954554,-1.1326420942889612,-4.617806855832235,-4.890387598668234,0.6903389096260071,0.0,-0.0,0.0,0.0,0.0,0.0,0.0,0.0,0.0,0.0,0.0,0.0,0
1786495147,978394269,100.0,-1.718595329915182,-1.7020910421954554,-1.1326773802386683,-4.617806855832235,-4.890363637601034,0.6903749108314514,0.0,-0.0,0.0,0.0,0.0,0.0,0.0,0.0,0.0,0.0,0.0,0.0,0
1786495147,998674869,100.0,-1.7185590902911585,-1.702054802571432,-1.1326659361468714,-4.6177828947650355,-4.890351716672079,0.6903389096260071,0.0,-0.0,0.0,0.0,0.0,0.0,0.0,0.0,0.0,0.0,0.0,0.0,0
1786495148,18388509,100.0,-1.718619171773092,-1.702066723500387,-1.1326897780047815,-4.617806855832235,-4.890339676533834,0.6903629302978516,0.0,-0.0,0.0,0.0,0.0,0.0,0.0,0.0,0.0,0.0,0.0,0.0,0
1786495148,38455009,100.0,-1.718595329915182,-1.7020910421954554,-1.1327016989337366,-4.61781877676119,-4.890339676533834,0.6903868913650513,0.0,-0.0,0.0,0.0,0.0,0.0,0.0,0.0,0.0,0.0,0.0,0.0,0
1786495148,58338403,100.0,-1.718607250844137,-1.7020910421954554,-1.1326897780047815,-4.617770854626791,-4.890363637601034,0.6904348134994507,0.0,-0.0,0.0,0.0,0.0,0.0,0.0,0.0,0.0,0.0,0.0,0.0,0
1786495148,78561305,100.0,-1.7185710112201136,-1.702054802571432,-1.1326540152179163,-4.6177828947650355,-4.890375677739279,0.6903868913650513,0.0,-0.0,0.0,0.0,0.0,0.0,0.0,0.0,0.0,0.0,0.0,0.0,0
1786495148,98503589,100.0,-1.718595329915182,-1.7021268049823206,-1.1327255407916468,-4.617770854626791,-4.890363637601034,0.6903749108314514,0.0,-0.0,0.0,0.0,0.0,0.0,0.0,0.0,0.0,0.0,0.0,0.0,0
1786495148,118416786,100.0,-1.7185710112201136,-1.7020910421954554,-1.1326659361468714,-4.617770854626791,-4.890339676533834,0.6903509497642517,0.0,-0.0,0.0,0.0,0.0,0.0,0.0,0.0,0.0,0.0,0.0,0.0,0
1786495148,138404607,100.0,-1.7185829321490687,-1.702066723500387,-1.1326540152179163,-4.617806855832235,-4.890375677739279,0.6903868913650513,0.0,-0.0,0.0,0.0,0.0,0.0,0.0,0.0,0.0,0.0,0.0,0.0,0
1786495148,158563375,100.0,-1.7185829321490687,-1.7020910421954554,-1.1326773802386683,-4.617806855832235,-4.890363637601034,0.6903868913650513,0.0,-0.0,0.0,0.0,0.0,0.0,0.0,0.0,0.0,0.0,0.0,0.0,0
1786495148,178323030,100.0,-1.7185710112201136,-1.7020791212665003,-1.1326773802386683,-4.6177348534213465,-4.890363637601034,0.6903629302978516,0.0,-0.0,0.0,0.0,0.0,0.0,0.0,0.0,0.0,0.0,0.0,0.0,0
1786495148,198630809,100.0,-1.7185710112201136,-1.702066723500387,-1.1326773802386683,-4.6177828947650355,-4.890375677739279,0.6903629302978516,0.0,-0.0,0.0,0.0,0.0,0.0,0.0,0.0,0.0,0.0,0.0,0.0,0
1786495148,218380212,100.0,-1.7185471693622034,-1.7020910421954554,-1.1327136198626917,-4.617770854626791,-4.890327755604879,0.6903988718986511,0.0,-0.0,0.0,0.0,0.0,0.0,0.0,0.0,0.0,0.0,0.0,0.0,0
1786495148,238417863,100.0,-1.7185233275042933,-1.702054802571432,-1.1326420942889612,-4.617758814488546,-4.890399638806478,0.6903749108314514,0.0,-0.0,0.0,0.0,0.0,0.0,0.0,0.0,0.0,0.0,0.0,0.0,0
1786495148,258355379,100.0,-1.718595329915182,-1.7021029631244105,-1.1326659361468714,-4.6177828947650355,-4.890363637601034,0.6904348134994507,0.0,-0.0,0.0,0.0,0.0,0.0,0.0,0.0,0.0,0.0,0.0,0.0,0
1786495148,278527975,100.0,-1.7185590902911585,-1.7020428816424769,-1.1326773802386683,-4.6177948156939905,-4.890363637601034,0.6903868913650513,0.0,-0.0,0.0,0.0,0.0,0.0,0.0,0.0,0.0,0.0,0.0,0.0,0
1786495148,298582077,100.0,-1.718595329915182,-1.702054802571432,-1.1326659361468714,-4.617770854626791,-4.890375677739279,0.6903269290924072,0.0,-0.0,0.0,0.0,0.0,0.0,0.0,0.0,0.0,0.0,0.0,0.0,0
1786495148,318541765,100.0,-1.718619171773092,-1.7020910421954554,-1.1326773802386683,-4.617746893559591,-4.890363637601034,0.6903868913650513,0.0,-0.0,0.0,0.0,0.0,0.0,0.0,0.0,0.0,0.0,0.0,0.0,0
1786495148,338415384,100.0,-1.7185829321490687,-1.702066723500387,-1.1326540152179163,-4.6177828947650355,-4.890351716672079,0.6903389096260071,0.0,-0.0,0.0,0.0,0.0,0.0,0.0,0.0,0.0,0.0,0.0,0.0,0
1786495148,358595132,100.0,-1.7185471693622034,-1.7020910421954554,-1.1326420942889612,-4.617770854626791,-4.890363637601034,0.6903509497642517,0.0,-0.0,0.0,0.0,0.0,0.0,0.0,0.0,0.0,0.0,0.0,0.0,0
1786495148,378431081,100.0,-1.7185590902911585,-1.7020190397845667,-1.1326540152179163,-4.617770854626791,-4.890399638806478,0.6903749108314514,0.0,-0.0,0.0,0.0,0.0,0.0,0.0,0.0,0.0,0.0,0.0,0.0,0
1786495148,398604393,100.0,-1.718595329915182,-1.7020309607135218,-1.1327016989337366,-4.617770854626791,-4.890387598668234,0.6903988718986511,0.0,-0.0,0.0,0.0,0.0,0.0,0.0,0.0,0.0,0.0,0.0,0.0,0
1786495148,418336629,100.0,-1.718619171773092,-1.7020910421954554,-1.1326659361468714,-4.617770854626791,-4.890327755604879,0.6903988718986511,0.0,-0.0,0.0,0.0,0.0,0.0,0.0,0.0,0.0,0.0,0.0,0.0,0
1786495148,438612222,100.0,-1.7185710112201136,-1.7020428816424769,-1.1327136198626917,-4.6177948156939905,-4.890375677739279,0.6904228329658508,0.0,-0.0,0.0,0.0,0.0,0.0,0.0,0.0,0.0,0.0,0.0,0.0,0
1786495148,458361387,100.0,-1.7185590902911585,-1.7021029631244105,-1.1326773802386683,-4.6177948156939905,-4.890327755604879,0.6903509497642517,0.0,-0.0,0.0,0.0,0.0,0.0,0.0,0.0,0.0,0.0,0.0,0.0,0
1786495148,478547811,100.0,-1.7185590902911585,-1.7021148840533655,-1.1326773802386683,-4.617746893559591,-4.890363637601034,0.6903868913650513,0.0,-0.0,0.0,0.0,0.0,0.0,0.0,0.0,0.0,0.0,0.0,0.0,0
1786495148,498535871,100.0,-1.718595329915182,-1.7020428816424769,-1.1326420942889612,-4.6177828947650355,-4.890375677739279,0.6903629302978516,0.0,-0.0,0.0,0.0,0.0,0.0,0.0,0.0,0.0,0.0,0.0,0.0,0
1786495148,518539667,100.0,-1.718619171773092,-1.7021029631244105,-1.1326659361468714,-4.617758814488546,-4.890375677739279,0.6903629302978516,0.0,-0.0,0.0,0.0,0.0,0.0,0.0,0.0,0.0,0.0,0.0,0.0,0
1786495148,538410663,100.0,-1.7185590902911585,-1.702066723500387,-1.1326420942889612,-4.617770854626791,-4.890375677739279,0.6904348134994507,0.0,-0.0,0.0,0.0,0.0,0.0,0.0,0.0,0.0,0.0,0.0,0.0,0
1786495148,558430194,100.0,-1.7186310927020472,-1.7020428816424769,-1.1327016989337366,-4.617758814488546,-4.890351716672079,0.690410852432251,0.0,-0.0,0.0,0.0,0.0,0.0,0.0,0.0,0.0,0.0,0.0,0.0,0
1786495148,578396558,100.0,-1.7185829321490687,-1.7021268049823206,-1.1326659361468714,-4.617758814488546,-4.890412036572592,0.690410852432251,0.0,-0.0,0.0,0.0,0.0,0.0,0.0,0.0,0.0,0.0,0.0,0.0,0
1786495148,598658084,100.0,-1.718595329915182,-1.702066723500387,-1.1326659361468714,-4.617758814488546,-4.890339676533834,0.6903749108314514,0.0,-0.0,0.0,0.0,0.0,0.0,0.0,0.0,0.0,0.0,0.0,0.0,0
1786495148,618443727,100.0,-1.7185829321490687,-1.702066723500387,-1.1326659361468714,-4.617758814488546,-4.890315715466635,0.6904228329658508,0.0,-0.0,0.0,0.0,0.0,0.0,0.0,0.0,0.0,0.0,0.0,0.0,0
1786495148,638448476,100.0,-1.7185829321490687,-1.7020910421954554,-1.1326773802386683,-4.617770854626791,-4.890363637601034,0.6903629302978516,0.0,-0.0,0.0,0.0,0.0,0.0,0.0,0.0,0.0,0.0,0.0,0.0,0
1786495148,658343315,100.0,-1.7185710112201136,-1.7021029631244105,-1.1327255407916468,-4.6177828947650355,-4.890387598668234,0.6903509497642517,0.0,-0.0,0.0,0.0,0.0,0.0,0.0,0.0,0.0,0.0,0.0,0.0,0
1786495148,678459405,100.0,-1.7185710112201136,-1.7021029631244105,-1.1327016989337366,-4.617770854626791,-4.890327755604879,0.6903629302978516,0.0,-0.0,0.0,0.0,0.0,0.0,0.0,0.0,0.0,0.0,0.0,0.0,0
1786495148,698635101,100.0,-1.7185471693622034,-1.702066723500387,-1.1327016989337366,-4.61781877676119,-4.890351716672079,0.6903629302978516,0.0,-0.0,0.0,0.0,0.0,0.0,0.0,0.0,0.0,0.0,0.0,0.0,0
1786495148,718411684,100.0,-1.7186430136310022,-1.7021148840533655,-1.1326897780047815,-4.617770854626791,-4.890375677739279,0.6903749108314514,0.0,-0.0,0.0,0.0,0.0,0.0,0.0,0.0,0.0,0.0,0.0,0.0,0
1786495148,738354921,100.0,-1.7185590902911585,-1.7021029631244105,-1.1327255407916468,-4.617770854626791,-4.890351716672079,0.6903749108314514,0.0,-0.0,0.0,0.0,0.0,0.0,0.0,0.0,0.0,0.0,0.0,0.0,0
1786495148,758562803,100.0,-1.718595329915182,-1.7020309607135218,-1.1326540152179163,-4.6177828947650355,-4.890363637601034,0.6903988718986511,0.0,-0.0,0.0,0.0,0.0,0.0,0.0,0.0,0.0,0.0,0.0,0.0,0
1786495148,778352975,100.0,-1.7185352484332483,-1.7020791212665003,-1.1326773802386683,-4.617770854626791,-4.890351716672079,0.6903269290924072,0.0,-0.0,0.0,0.0,0.0,0.0,0.0,0.0,0.0,0.0,0.0,0.0,0
1786495148,798591136,100.0,-1.718607250844137,-1.7020791212665003,-1.1326420942889612,-4.617830816899435,-4.890351716672079,0.6903988718986511,0.0,-0.0,0.0,0.0,0.0,0.0,0.0,0.0,0.0,0.0,0.0,0.0,0
1786495148,818342685,100.0,-1.7185590902911585,-1.7020910421954554,-1.1326540152179163,-4.617758814488546,-4.890387598668234,0.6903749108314514,0.0,-0.0,0.0,0.0,0.0,0.0,0.0,0.0,0.0,0.0,0.0,0.0,0
1786495148,838530778,100.0,-1.718607250844137,-1.702066723500387,-1.1326420942889612,-4.617758814488546,-4.890375677739279,0.6903868913650513,0.0,-0.0,0.0,0.0,0.0,0.0,0.0,0.0,0.0,0.0,0.0,0.0,0
1786495148,858381748,100.0,-1.7186310927020472,-1.7020910421954554,-1.1326773802386683,-4.6177348534213465,-4.890363637601034,0.6903629302978516,0.0,-0.0,0.0,0.0,0.0,0.0,0.0,0.0,0.0,0.0,0.0,0.0,0
1786495148,878605842,100.0,-1.7185829321490687,-1.7021029631244105,-1.1326773802386683,-4.6177828947650355,-4.890327755604879,0.6903988718986511,0.0,-0.0,0.0,0.0,0.0,0.0,0.0,0.0,0.0,0.0,0.0,0.0,0
1786495148,898558139,100.0,-1.7185471693622034,-1.702066723500387,-1.1326773802386683,-4.617770854626791,-4.890339676533834,0.6903629302978516,0.0,-0.0,0.0,0.0,0.0,0.0,0.0,0.0,0.0,0.0,0.0,0.0,0
1786495148,918626308,100.0,-1.718595329915182,-1.7021148840533655,-1.1326659361468714,-4.6177348534213465,-4.890363637601034,0.6903868913650513,0.0,-0.0,0.0,0.0,0.0,0.0,0.0,0.0,0.0,0.0,0.0,0.0,0
1786495148,938590526,100.0,-1.7185590902911585,-1.7020428816424769,-1.1326659361468714,-4.617758814488546,-4.890375677739279,0.6903749108314514,0.0,-0.0,0.0,0.0,0.0,0.0,0.0,0.0,0.0,0.0,0.0,0.0,0
1786495148,958527565,100.0,-1.7185710112201136,-1.7020309607135218,-1.1326897780047815,-4.617806855832235,-4.890327755604879,0.6903389096260071,0.0,-0.0,0.0,0.0,0.0,0.0,0.0,0.0,0.0,0.0,0.0,0.0,0
1786495148,978380918,100.0,-1.718619171773092,-1.7020791212665003,-1.1326659361468714,-4.617806855832235,-4.890315715466635,0.6903749108314514,0.0,-0.0,0.0,0.0,0.0,0.0,0.0,0.0,0.0,0.0,0.0,0.0,0
1786495148,998566865,100.0,-1.7185829321490687,-1.7020791212665003,-1.1326540152179163,-4.617758814488546,-4.890363637601034,0.6903749108314514,0.0,-0.0,0.0,0.0,0.0,0.0,0.0,0.0,0.0,0.0,0.0,0.0,0
1786495149,18354177,100.0,-1.718607250844137,-1.7020791212665003,-1.1327136198626917,-4.617770854626791,-4.890351716672079,0.6903868913650513,0.0,-0.0,0.0,0.0,0.0,0.0,0.0,0.0,0.0,0.0,0.0,0.0,0
1786495149,38622379,100.0,-1.7185590902911585,-1.7020190397845667,-1.1326897780047815,-4.617746893559591,-4.890327755604879,0.6903868913650513,0.0,-0.0,0.0,0.0,0.0,0.0,0.0,0.0,0.0,0.0,0.0,0.0,0
1786495149,58341979,100.0,-1.7185829321490687,-1.7020190397845667,-1.1326420942889612,-4.617806855832235,-4.890327755604879,0.6903868913650513,0.0,-0.0,0.0,0.0,0.0,0.0,0.0,0.0,0.0,0.0,0.0,0.0,0
1786495149,78551769,100.0,-1.718619171773092,-1.7020910421954554,-1.1326897780047815,-4.6177828947650355,-4.890399638806478,0.6903749108314514,0.0,-0.0,0.0,0.0,0.0,0.0,0.0,0.0,0.0,0.0,0.0,0.0,0
1786495149,98656177,100.0,-1.7185590902911585,-1.702066723500387,-1.1326659361468714,-4.6177828947650355,-4.890351716672079,0.6903988718986511,0.0,-0.0,0.0,0.0,0.0,0.0,0.0,0.0,0.0,0.0,0.0,0.0,0
1786495149,118591785,100.0,-1.7185590902911585,-1.702066723500387,-1.1326659361468714,-4.617830816899435,-4.890339676533834,0.6903749108314514,0.0,-0.0,0.0,0.0,0.0,0.0,0.0,0.0,0.0,0.0,0.0,0.0,0
1786495149,138412237,100.0,-1.718595329915182,-1.7020071188556116,-1.1326659361468714,-4.6177828947650355,-4.890375677739279,0.6903749108314514,0.0,-0.0,0.0,0.0,0.0,0.0,0.0,0.0,0.0,0.0,0.0,0.0,0
1786495149,158540248,100.0,-1.7186668554889124,-1.702066723500387,-1.1326773802386683,-4.617758814488546,-4.890375677739279,0.6903629302978516,0.0,-0.0,0.0,0.0,0.0,0.0,0.0,0.0,0.0,0.0,0.0,0.0,0
1786495149,178442478,100.0,-1.7185710112201136,-1.7021029631244105,-1.1326420942889612,-4.6177348534213465,-4.890327755604879,0.6903749108314514,0.0,-0.0,0.0,0.0,0.0,0.0,0.0,0.0,0.0,0.0,0.0,0.0,0
1786495149,198656558,100.0,-1.7185710112201136,-1.7020791212665003,-1.1326897780047815,-4.617758814488546,-4.890363637601034,0.6903749108314514,0.0,-0.0,0.0,0.0,0.0,0.0,0.0,0.0,0.0,0.0,0.0,0.0,0
1786495149,218379497,100.0,-1.718619171773092,-1.7021387259112757,-1.1326659361468714,-4.6177828947650355,-4.890315715466635,0.6903749108314514,0.0,-0.0,0.0,0.0,0.0,0.0,0.0,0.0,0.0,0.0,0.0,0.0,0
1786495149,238543987,100.0,-1.7186430136310022,-1.702066723500387,-1.1327016989337366,-4.617770854626791,-4.890387598668234,0.6903629302978516,0.0,-0.0,0.0,0.0,0.0,0.0,0.0,0.0,0.0,0.0,0.0,0.0,0
1786495149,258415699,100.0,-1.7185710112201136,-1.7020910421954554,-1.1326773802386683,-4.6177948156939905,-4.890375677739279,0.6903629302978516,0.0,-0.0,0.0,0.0,0.0,0.0,0.0,0.0,0.0,0.0,0.0,0.0,0
1786495149,278556108,100.0,-1.7185471693622034,-1.7021268049823206,-1.1326659361468714,-4.6177948156939905,-4.890327755604879,0.6904228329658508,0.0,-0.0,0.0,0.0,0.0,0.0,0.0,0.0,0.0,0.0,0.0,0.0,0
1786495149,298522949,100.0,-1.7186310927020472,-1.7020910421954554,-1.1327016989337366,-4.6177828947650355,-4.890339676533834,0.6903509497642517,0.0,-0.0,0.0,0.0,0.0,0.0,0.0,0.0,0.0,0.0,0.0,0.0,0
1786495149,318582296,100.0,-1.718595329915182,-1.7021148840533655,-1.1326773802386683,-4.6177948156939905,-4.890375677739279,0.6903868913650513,0.0,-0.0,0.0,0.0,0.0,0.0,0.0,0.0,0.0,0.0,0.0,0.0,0
1786495149,338353633,100.0,-1.7185829321490687,-1.702054802571432,-1.1326659361468714,-4.617770854626791,-4.890351716672079,0.6903988718986511,0.0,-0.0,0.0,0.0,0.0,0.0,0.0,0.0,0.0,0.0,0.0,0.0,0
1786495149,358576536,100.0,-1.718595329915182,-1.702054802571432,-1.1326659361468714,-4.6177948156939905,-4.890327755604879,0.6903988718986511,0.0,-0.0,0.0,0.0,0.0,0.0,0.0,0.0,0.0,0.0,0.0,0.0,0
1786495149,378511428,100.0,-1.718607250844137,-1.7020428816424769,-1.132618252431051,-4.617746893559591,-4.890351716672079,0.6903629302978516,0.0,-0.0,0.0,0.0,0.0,0.0,0.0,0.0,0.0,0.0,0.0,0.0,0
1786495149,398646116,100.0,-1.7185590902911585,-1.7020309607135218,-1.1326897780047815,-4.617770854626791,-4.890363637601034,0.6903988718986511,0.0,-0.0,0.0,0.0,0.0,0.0,0.0,0.0,0.0,0.0,0.0,0.0,0
1786495149,418364763,100.0,-1.7185710112201136,-1.7021029631244105,-1.1326540152179163,-4.6177348534213465,-4.890375677739279,0.6903868913650513,0.0,-0.0,0.0,0.0,0.0,0.0,0.0,0.0,0.0,0.0,0.0,0.0,0
1786495149,438533306,100.0,-1.7186430136310022,-1.7020791212665003,-1.1327136198626917,-4.61781877676119,-4.890363637601034,0.6903988718986511,0.0,-0.0,0.0,0.0,0.0,0.0,0.0,0.0,0.0,0.0,0.0,0.0,0
1786495149,458360910,100.0,-1.718595329915182,-1.7020428816424769,-1.1326773802386683,-4.617746893559591,-4.890339676533834,0.6903868913650513,0.0,-0.0,0.0,0.0,0.0,0.0,0.0,0.0,0.0,0.0,0.0,0.0,0
1786495149,478449344,100.0,-1.7185590902911585,-1.7021029631244105,-1.1326773802386683,-4.6177348534213465,-4.890399638806478,0.6903629302978516,0.0,-0.0,0.0,0.0,0.0,0.0,0.0,0.0,0.0,0.0,0.0,0.0,0
1786495149,499157667,100.0,-1.7185829321490687,-1.7021387259112757,-1.1326659361468714,-4.6177828947650355,-4.890351716672079,0.6903509497642517,0.0,-0.0,0.0,0.0,0.0,0.0,0.0,0.0,0.0,0.0,0.0,0.0,0
1786495149,518577575,100.0,-1.718595329915182,-1.7020309607135218,-1.1326897780047815,-4.617746893559591,-4.890351716672079,0.6903629302978516,0.0,-0.0,0.0,0.0,0.0,0.0,0.0,0.0,0.0,0.0,0.0,0.0,0
1786495149,538359403,100.0,-1.718595329915182,-1.702066723500387,-1.1326773802386683,-4.617770854626791,-4.890399638806478,0.6903629302978516,0.0,-0.0,0.0,0.0,0.0,0.0,0.0,0.0,0.0,0.0,0.0,0.0,0
1786495149,558402776,100.0,-1.7185352484332483,-1.7020791212665003,-1.1326420942889612,-4.617758814488546,-4.890387598668234,0.6903749108314514,0.0,-0.0,0.0,0.0,0.0,0.0,0.0,0.0,0.0,0.0,0.0,0.0,0
1786495149,578289747,100.0,-1.718607250844137,-1.7020791212665003,-1.1326301733600062,-4.6177348534213465,-4.890351716672079,0.6903868913650513,0.0,-0.0,0.0,0.0,0.0,0.0,0.0,0.0,0.0,0.0,0.0,0.0,0
1786495149,598670959,100.0,-1.718619171773092,-1.702054802571432,-1.1327016989337366,-4.617758814488546,-4.890387598668234,0.6903269290924072,0.0,-0.0,0.0,0.0,0.0,0.0,0.0,0.0,0.0,0.0,0.0,0.0,0
1786495149,618452310,100.0,-1.718607250844137,-1.7020428816424769,-1.1326659361468714,-4.617806855832235,-4.890327755604879,0.6903988718986511,0.0,-0.0,0.0,0.0,0.0,0.0,0.0,0.0,0.0,0.0,0.0,0.0,0
1786495149,638595104,100.0,-1.7185829321490687,-1.702066723500387,-1.1326540152179163,-4.617746893559591,-4.890351716672079,0.6904228329658508,0.0,-0.0,0.0,0.0,0.0,0.0,0.0,0.0,0.0,0.0,0.0,0.0,0
1786495149,658343791,100.0,-1.718619171773092,-1.7020791212665003,-1.1326897780047815,-4.617758814488546,-4.890375677739279,0.690410852432251,0.0,-0.0,0.0,0.0,0.0,0.0,0.0,0.0,0.0,0.0,0.0,0.0,0
1786495149,678453683,100.0,-1.7185710112201136,-1.7020309607135218,-1.1326897780047815,-4.617746893559591,-4.890387598668234,0.6903749108314514,0.0,-0.0,0.0,0.0,0.0,0.0,0.0,0.0,0.0,0.0,0.0,0.0,0
1786495149,698393583,100.0,-1.7185829321490687,-1.7021148840533655,-1.1326659361468714,-4.6177348534213465,-4.890363637601034,0.6903629302978516,0.0,-0.0,0.0,0.0,0.0,0.0,0.0,0.0,0.0,0.0,0.0,0.0,0
1786495149,718433141,100.0,-1.7185710112201136,-1.7020309607135218,-1.1327016989337366,-4.6177948156939905,-4.890399638806478,0.6903509497642517,0.0,-0.0,0.0,0.0,0.0,0.0,0.0,0.0,0.0,0.0,0.0,0.0,0
1786495149,738405942,100.0,-1.7185710112201136,-1.702066723500387,-1.1326897780047815,-4.617746893559591,-4.890327755604879,0.6903509497642517,0.0,-0.0,0.0,0.0,0.0,0.0,0.0,0.0,0.0,0.0,0.0,0.0,0
1786495149,758438587,100.0,-1.7186310927020472,-1.7020910421954554,-1.1326659361468714,-4.617746893559591,-4.890399638806478,0.6903868913650513,0.0,-0.0,0.0,0.0,0.0,0.0,0.0,0.0,0.0,0.0,0.0,0.0,0
1786495149,778417587,100.0,-1.7185710112201136,-1.7020910421954554,-1.1326659361468714,-4.6177948156939905,-4.890351716672079,0.6903629302978516,0.0,-0.0,0.0,0.0,0.0,0.0,0.0,0.0,0.0,0.0,0.0,0.0,0
1786495149,798654556,100.0,-1.7186310927020472,-1.7021029631244105,-1.1327016989337366,-4.6177348534213465,-4.890375677739279,0.6904228329658508,0.0,-0.0,0.0,0.0,0.0,0.0,0.0,0.0,0.0,0.0,0.0,0.0,0
1786495149,818422079,100.0,-1.718595329915182,-1.7020910421954554,-1.1326540152179163,-4.617770854626791,-4.890375677739279,0.6903269290924072,0.0,-0.0,0.0,0.0,0.0,0.0,0.0,0.0,0.0,0.0,0.0,0.0,0
1786495149,838577747,100.0,-1.718607250844137,-1.7020910421954554,-1.1326659361468714,-4.6177948156939905,-4.890351716672079,0.6903988718986511,0.0,-0.0,0.0,0.0,0.0,0.0,0.0,0.0,0.0,0.0,0.0,0.0,0
1786495149,858336925,100.0,-1.7185471693622034,-1.7020910421954554,-1.1326897780047815,-4.617758814488546,-4.890339676533834,0.6903988718986511,0.0,-0.0,0.0,0.0,0.0,0.0,0.0,0.0,0.0,0.0,0.0,0.0,0
1786495149,878666162,100.0,-1.7185352484332483,-1.702066723500387,-1.1326773802386683,-4.61781877676119,-4.890399638806478,0.6903868913650513,0.0,-0.0,0.0,0.0,0.0,0.0,0.0,0.0,0.0,0.0,0.0,0.0,0
1786495149,898445606,100.0,-1.718607250844137,-1.702054802571432,-1.1326897780047815,-4.617758814488546,-4.890351716672079,0.6903988718986511,0.0,-0.0,0.0,0.0,0.0,0.0,0.0,0.0,0.0,0.0,0.0,0.0,0
1786495149,918446779,100.0,-1.718607250844137,-1.7021148840533655,-1.1326420942889612,-4.6177828947650355,-4.890351716672079,0.6903629302978516,0.0,-0.0,0.0,0.0,0.0,0.0,0.0,0.0,0.0,0.0,0.0,0.0,0
1786495149,938356161,100.0,-1.7185710112201136,-1.7021029631244105,-1.1327136198626917,-4.617758814488546,-4.890375677739279,0.6903629302978516,0.0,-0.0,0.0,0.0,0.0,0.0,0.0,0.0,0.0,0.0,0.0,0.0,0
1786495149,958589553,100.0,-1.718595329915182,-1.702054802571432,-1.1326897780047815,-4.61781877676119,-4.890363637601034,0.6903749108314514,0.0,-0.0,0.0,0.0,0.0,0.0,0.0,0.0,0.0,0.0,0.0,0.0,0
1786495149,978403091,100.0,-1.7185710112201136,-1.7020910421954554,-1.1326773802386683,-4.617758814488546,-4.890423957501547,0.6903868913650513,0.0,-0.0,0.0,0.0,0.0,0.0,0.0,0.0,0.0,0.0,0.0,0.0,0
1786495149,998604059,100.0,-1.7185590902911585,-1.702054802571432,-1.1326301733600062,-4.617806855832235,-4.890351716672079,0.690410852432251,0.0,-0.0,0.0,0.0,0.0,0.0,0.0,0.0,0.0,0.0,0.0,0.0,0
1786495150,18329381,100.0,-1.7186310927020472,-1.7020428816424769,-1.1326773802386683,-4.617746893559591,-4.890387598668234,0.6903868913650513,0.0,-0.0,0.0,0.0,0.0,0.0,0.0,0.0,0.0,0.0,0.0,0.0,0
1786495150,38628578,100.0,-1.718607250844137,-1.7020910421954554,-1.1326773802386683,-4.617758814488546,-4.890339676533834,0.6903389096260071,0.0,-0.0,0.0,0.0,0.0,0.0,0.0,0.0,0.0,0.0,0.0,0.0,0
1786495150,58322906,100.0,-1.718595329915182,-1.7021029631244105,-1.1326659361468714,-4.61781877676119,-4.890327755604879,0.6903629302978516,0.0,-0.0,0.0,0.0,0.0,0.0,0.0,0.0,0.0,0.0,0.0,0.0,0
1786495150,78454971,100.0,-1.718595329915182,-1.7020910421954554,-1.1326540152179163,-4.617806855832235,-4.890339676533834,0.6903629302978516,0.0,-0.0,0.0,0.0,0.0,0.0,0.0,0.0,0.0,0.0,0.0,0.0,0
1786495150,98643541,100.0,-1.7185590902911585,-1.7020910421954554,-1.1326659361468714,-4.6177948156939905,-4.890315715466635,0.690410852432251,0.0,-0.0,0.0,0.0,0.0,0.0,0.0,0.0,0.0,0.0,0.0,0.0,0
1786495150,118586778,100.0,-1.7185829321490687,-1.7021029631244105,-1.1326773802386683,-4.617770854626791,-4.890339676533834,0.6903389096260071,0.0,-0.0,0.0,0.0,0.0,0.0,0.0,0.0,0.0,0.0,0.0,0.0,0
1786495150,138426542,100.0,-1.718595329915182,-1.7020910421954554,-1.1326773802386683,-4.617746893559591,-4.890339676533834,0.6903868913650513,0.0,-0.0,0.0,0.0,0.0,0.0,0.0,0.0,0.0,0.0,0.0,0.0,0
1786495150,158456563,100.0,-1.718595329915182,-1.7021148840533655,-1.1326420942889612,-4.6177948156939905,-4.890351716672079,0.6904228329658508,0.0,-0.0,0.0,0.0,0.0,0.0,0.0,0.0,0.0,0.0,0.0,0.0,0
1786495150,178459644,100.0,-1.718619171773092,-1.7020910421954554,-1.1326659361468714,-4.617806855832235,-4.890387598668234,0.6903629302978516,0.0,-0.0,0.0,0.0,0.0,0.0,0.0,0.0,0.0,0.0,0.0,0.0,0
1786495150,198589801,100.0,-1.718619171773092,-1.7020791212665003,-1.1326659361468714,-4.6177828947650355,-4.890351716672079,0.6903988718986511,0.0,-0.0,0.0,0.0,0.0,0.0,0.0,0.0,0.0,0.0,0.0,0.0,0
1786495150,218340396,100.0,-1.7185710112201136,-1.702066723500387,-1.1327255407916468,-4.6177828947650355,-4.890327755604879,0.6903868913650513,0.0,-0.0,0.0,0.0,0.0,0.0,0.0,0.0,0.0,0.0,0.0,0.0,0
1786495150,238569974,100.0,-1.718619171773092,-1.7020910421954554,-1.1327016989337366,-4.6177828947650355,-4.890327755604879,0.6903749108314514,0.0,-0.0,0.0,0.0,0.0,0.0,0.0,0.0,0.0,0.0,0.0,0.0,0
1786495150,258348941,100.0,-1.7185471693622034,-1.7020910421954554,-1.1326540152179163,-4.6177828947650355,-4.890375677739279,0.6903749108314514,0.0,-0.0,0.0,0.0,0.0,0.0,0.0,0.0,0.0,0.0,0.0,0.0,0
1786495150,278359651,100.0,-1.7185829321490687,-1.702066723500387,-1.1326420942889612,-4.6177828947650355,-4.890375677739279,0.6903988718986511,0.0,-0.0,0.0,0.0,0.0,0.0,0.0,0.0,0.0,0.0,0.0,0.0,0
1786495150,298638105,100.0,-1.718607250844137,-1.7021029631244105,-1.1326540152179163,-4.6177948156939905,-4.890399638806478,0.6903629302978516,0.0,-0.0,0.0,0.0,0.0,0.0,0.0,0.0,0.0,0.0,0.0,0.0,0
1786495150,318581342,100.0,-1.718595329915182,-1.7021268049823206,-1.1326897780047815,-4.6177828947650355,-4.890363637601034,0.6903389096260071,0.0,-0.0,0.0,0.0,0.0,0.0,0.0,0.0,0.0,0.0,0.0,0.0,0
1786495150,338395118,100.0,-1.7186430136310022,-1.7020910421954554,-1.1326659361468714,-4.617770854626791,-4.890363637601034,0.6903868913650513,0.0,-0.0,0.0,0.0,0.0,0.0,0.0,0.0,0.0,0.0,0.0,0.0,0
1786495150,358549356,100.0,-1.7186430136310022,-1.702054802571432,-1.1327016989337366,-4.617806855832235,-4.890363637601034,0.6903868913650513,0.0,-0.0,0.0,0.0,0.0,0.0,0.0,0.0,0.0,0.0,0.0,0.0,0
1786495150,378420591,100.0,-1.7185829321490687,-1.7020428816424769,-1.1326659361468714,-4.617758814488546,-4.890399638806478,0.6903749108314514,0.0,-0.0,0.0,0.0,0.0,0.0,0.0,0.0,0.0,0.0,0.0,0.0,0
1786495150,398601770,100.0,-1.718607250844137,-1.7020791212665003,-1.1327136198626917,-4.6177348534213465,-4.890363637601034,0.6903509497642517,0.0,-0.0,0.0,0.0,0.0,0.0,0.0,0.0,0.0,0.0,0.0,0.0,0
1786495150,418411493,100.0,-1.718595329915182,-1.7020791212665003,-1.1326773802386683,-4.617746893559591,-4.890387598668234,0.6903629302978516,0.0,-0.0,0.0,0.0,0.0,0.0,0.0,0.0,0.0,0.0,0.0,0.0,0
1786495150,438458681,100.0,-1.718595329915182,-1.7020428816424769,-1.1326897780047815,-4.617746893559591,-4.890351716672079,0.6903629302978516,0.0,-0.0,0.0,0.0,0.0,0.0,0.0,0.0,0.0,0.0,0.0,0.0,0
1786495150,458383321,100.0,-1.7185710112201136,-1.7020309607135218,-1.1326659361468714,-4.617746893559591,-4.890375677739279,0.6903629302978516,0.0,-0.0,0.0,0.0,0.0,0.0,0.0,0.0,0.0,0.0,0.0,0.0,0
1786495150,478538036,100.0,-1.7185471693622034,-1.7020791212665003,-1.1326659361468714,-4.617770854626791,-4.890399638806478,0.6903749108314514,0.0,-0.0,0.0,0.0,0.0,0.0,0.0,0.0,0.0,0.0,0.0,0.0,0
1786495150,498526573,100.0,-1.718595329915182,-1.7020791212665003,-1.1326540152179163,-4.617770854626791,-4.890339676533834,0.6903749108314514,0.0,-0.0,0.0,0.0,0.0,0.0,0.0,0.0,0.0,0.0,0.0,0.0,0
1786495150,518658876,100.0,-1.7185471693622034,-1.7020791212665003,-1.1327255407916468,-4.6177828947650355,-4.890339676533834,0.6903868913650513,0.0,-0.0,0.0,0.0,0.0,0.0,0.0,0.0,0.0,0.0,0.0,0.0,0
1786495150,538511037,100.0,-1.7185829321490687,-1.7020309607135218,-1.1326659361468714,-4.6177948156939905,-4.890363637601034,0.6903509497642517,0.0,-0.0,0.0,0.0,0.0,0.0,0.0,0.0,0.0,0.0,0.0,0.0,0
1786495150,558404207,100.0,-1.7185710112201136,-1.702066723500387,-1.1326420942889612,-4.61781877676119,-4.890363637601034,0.6903749108314514,0.0,-0.0,0.0,0.0,0.0,0.0,0.0,0.0,0.0,0.0,0.0,0.0,0
1786495150,578405141,100.0,-1.718607250844137,-1.7021029631244105,-1.1326897780047815,-4.6177948156939905,-4.890351716672079,0.6903868913650513,0.0,-0.0,0.0,0.0,0.0,0.0,0.0,0.0,0.0,0.0,0.0,0.0,0
1786495150,598530530,100.0,-1.7185710112201136,-1.7021029631244105,-1.1326773802386683,-4.6177348534213465,-4.890327755604879,0.690410852432251,0.0,-0.0,0.0,0.0,0.0,0.0,0.0,0.0,0.0,0.0,0.0,0.0,0
1786495150,618562459,100.0,-1.718595329915182,-1.7021029631244105,-1.1326540152179163,-4.617806855832235,-4.890339676533834,0.6903988718986511,0.0,-0.0,0.0,0.0,0.0,0.0,0.0,0.0,0.0,0.0,0.0,0.0,0
1786495150,638522386,100.0,-1.7186430136310022,-1.7020071188556116,-1.1326540152179163,-4.6177948156939905,-4.890351716672079,0.6904228329658508,0.0,-0.0,0.0,0.0,0.0,0.0,0.0,0.0,0.0,0.0,0.0,0.0,0
1786495150,658396482,100.0,-1.718607250844137,-1.7020428816424769,-1.1327016989337366,-4.6177948156939905,-4.890363637601034,0.6903629302978516,0.0,-0.0,0.0,0.0,0.0,0.0,0.0,0.0,0.0,0.0,0.0,0.0,0
1786495150,678461790,100.0,-1.7185829321490687,-1.702054802571432,-1.1326301733600062,-4.6177948156939905,-4.890412036572592,0.6903868913650513,0.0,-0.0,0.0,0.0,0.0,0.0,0.0,0.0,0.0,0.0,0.0,0.0,0
1786495150,698445796,100.0,-1.7185829321490687,-1.7020791212665003,-1.1326659361468714,-4.617770854626791,-4.890351716672079,0.6903509497642517,0.0,-0.0,0.0,0.0,0.0,0.0,0.0,0.0,0.0,0.0,0.0,0.0,0
1786495150,718602657,100.0,-1.718607250844137,-1.7020309607135218,-1.1326773802386683,-4.617758814488546,-4.890387598668234,0.6903868913650513,0.0,-0.0,0.0,0.0,0.0,0.0,0.0,0.0,0.0,0.0,0.0,0.0,0
1786495150,738360881,100.0,-1.718595329915182,-1.702054802571432,-1.1327136198626917,-4.6177948156939905,-4.890351716672079,0.690410852432251,0.0,-0.0,0.0,0.0,0.0,0.0,0.0,0.0,0.0,0.0,0.0,0.0,0
1786495150,758507966,100.0,-1.7185590902911585,-1.702054802571432,-1.1326659361468714,-4.6177348534213465,-4.890387598668234,0.6903749108314514,0.0,-0.0,0.0,0.0,0.0,0.0,0.0,0.0,0.0,0.0,0.0,0.0,0
1786495150,778433084,100.0,-1.718595329915182,-1.7020791212665003,-1.1326659361468714,-4.617806855832235,-4.890387598668234,0.6903629302978516,0.0,-0.0,0.0,0.0,0.0,0.0,0.0,0.0,0.0,0.0,0.0,0.0,0
1786495150,798581600,100.0,-1.718607250844137,-1.7020791212665003,-1.1326540152179163,-4.6177948156939905,-4.890351716672079,0.6903629302978516,0.0,-0.0,0.0,0.0,0.0,0.0,0.0,0.0,0.0,0.0,0.0,0.0,0
1786495150,818341970,100.0,-1.718595329915182,-1.7020428816424769,-1.1326897780047815,-4.617770854626791,-4.890399638806478,0.6903629302978516,0.0,-0.0,0.0,0.0,0.0,0.0,0.0,0.0,0.0,0.0,0.0,0.0,0
1786495150,838534355,100.0,-1.7185710112201136,-1.7021268049823206,-1.1326773802386683,-4.617770854626791,-4.890375677739279,0.690410852432251,0.0,-0.0,0.0,0.0,0.0,0.0,0.0,0.0,0.0,0.0,0.0,0.0,0
1786495150,858412981,100.0,-1.718607250844137,-1.702066723500387,-1.1326659361468714,-4.6177828947650355,-4.890327755604879,0.690410852432251,0.0,-0.0,0.0,0.0,0.0,0.0,0.0,0.0,0.0,0.0,0.0,0.0,0
1786495150,878574371,100.0,-1.7185710112201136,-1.7020910421954554,-1.1326540152179163,-4.617770854626791,-4.890351716672079,0.6904348134994507,0.0,-0.0,0.0,0.0,0.0,0.0,0.0,0.0,0.0,0.0,0.0,0.0,0
1786495150,898508310,100.0,-1.718595329915182,-1.7020428816424769,-1.1326773802386683,-4.6177348534213465,-4.890387598668234,0.6903749108314514,0.0,-0.0,0.0,0.0,0.0,0.0,0.0,0.0,0.0,0.0,0.0,0.0,0
1786495150,918415307,100.0,-1.718607250844137,-1.7020791212665003,-1.1326773802386683,-4.6177828947650355,-4.890351716672079,0.6903749108314514,0.0,-0.0,0.0,0.0,0.0,0.0,0.0,0.0,0.0,0.0,0.0,0.0,0
1786495150,938638448,100.0,-1.7185829321490687,-1.7020428816424769,-1.1327016989337366,-4.6177948156939905,-4.890387598668234,0.6903629302978516,0.0,-0.0,0.0,0.0,0.0,0.0,0.0,0.0,0.0,0.0,0.0,0.0,0
1786495150,958445549,100.0,-1.7185829321490687,-1.7020910421954554,-1.1326540152179163,-4.617722932492391,-4.890375677739279,0.6903868913650513,0.0,-0.0,0.0,0.0,0.0,0.0,0.0,0.0,0.0,0.0,0.0,0.0,0
1786495150,978369235,100.0,-1.718607250844137,-1.7021148840533655,-1.1326897780047815,-4.617758814488546,-4.890387598668234,0.6903269290924072,0.0,-0.0,0.0,0.0,0.0,0.0,0.0,0.0,0.0,0.0,0.0,0.0,0
1786495150,998677253,100.0,-1.7185829321490687,-1.7020428816424769,-1.1326420942889612,-4.617746893559591,-4.890375677739279,0.6904228329658508,0.0,-0.0,0.0,0.0,0.0,0.0,0.0,0.0,0.0,0.0,0.0,0.0,0
1786495151,18350124,100.0,-1.7186310927020472,-1.702066723500387,-1.1327016989337366,-4.617746893559591,-4.890399638806478,0.6903629302978516,0.0,-0.0,0.0,0.0,0.0,0.0,0.0,0.0,0.0,0.0,0.0,0.0,0
1786495151,38551092,100.0,-1.7185471693622034,-1.702054802571432,-1.1326420942889612,-4.617746893559591,-4.890339676533834,0.6903509497642517,0.0,-0.0,0.0,0.0,0.0,0.0,0.0,0.0,0.0,0.0,0.0,0.0,0
1786495151,58378458,100.0,-1.7185590902911585,-1.7020309607135218,-1.1326540152179163,-4.6177948156939905,-4.890363637601034,0.690410852432251,0.0,-0.0,0.0,0.0,0.0,0.0,0.0,0.0,0.0,0.0,0.0,0.0,0
1786495151,78592061,100.0,-1.7185590902911585,-1.702054802571432,-1.1327016989337366,-4.617746893559591,-4.890327755604879,0.6903868913650513,0.0,-0.0,0.0,0.0,0.0,0.0,0.0,0.0,0.0,0.0,0.0,0.0,0
1786495151,98427534,100.0,-1.718607250844137,-1.702066723500387,-1.1327136198626917,-4.617758814488546,-4.890363637601034,0.6903868913650513,0.0,-0.0,0.0,0.0,0.0,0.0,0.0,0.0,0.0,0.0,0.0,0.0,0
1786495151,118558168,100.0,-1.718595329915182,-1.7020910421954554,-1.1326659361468714,-4.617746893559591,-4.890375677739279,0.6903509497642517,0.0,-0.0,0.0,0.0,0.0,0.0,0.0,0.0,0.0,0.0,0.0,0.0,0
1786495151,138404369,100.0,-1.7185710112201136,-1.702066723500387,-1.1326897780047815,-4.617758814488546,-4.890351716672079,0.6903629302978516,0.0,-0.0,0.0,0.0,0.0,0.0,0.0,0.0,0.0,0.0,0.0,0.0,0
1786495151,158362865,100.0,-1.7185471693622034,-1.7020791212665003,-1.1326773802386683,-4.6177948156939905,-4.890363637601034,0.6903988718986511,0.0,-0.0,0.0,0.0,0.0,0.0,0.0,0.0,0.0,0.0,0.0,0.0,0
1786495151,178320407,100.0,-1.7185233275042933,-1.7021029631244105,-1.1326659361468714,-4.6177948156939905,-4.890387598668234,0.6903629302978516,0.0,-0.0,0.0,0.0,0.0,0.0,0.0,0.0,0.0,0.0,0.0,0.0,0
1786495151,198607444,100.0,-1.718595329915182,-1.7020910421954554,-1.1326773802386683,-4.617758814488546,-4.890375677739279,0.690410852432251,0.0,-0.0,0.0,0.0,0.0,0.0,0.0,0.0,0.0,0.0,0.0,0.0,0
1786495151,218623638,100.0,-1.7185829321490687,-1.702066723500387,-1.1327016989337366,-4.617746893559591,-4.890387598668234,0.6903629302978516,0.0,-0.0,0.0,0.0,0.0,0.0,0.0,0.0,0.0,0.0,0.0,0.0,0
1786495151,238538026,100.0,-1.718595329915182,-1.7021268049823206,-1.1326659361468714,-4.617770854626791,-4.890363637601034,0.690410852432251,0.0,-0.0,0.0,0.0,0.0,0.0,0.0,0.0,0.0,0.0,0.0,0.0,0
1786495151,258425951,100.0,-1.718607250844137,-1.7021029631244105,-1.1326773802386683,-4.617770854626791,-4.890387598668234,0.6903389096260071,0.0,-0.0,0.0,0.0,0.0,0.0,0.0,0.0,0.0,0.0,0.0,0.0,0
1786495151,278648614,100.0,-1.718619171773092,-1.7021148840533655,-1.1326897780047815,-4.617770854626791,-4.890363637601034,0.6903868913650513,0.0,-0.0,0.0,0.0,0.0,0.0,0.0,0.0,0.0,0.0,0.0,0.0,0
1786495151,298555374,100.0,-1.7185710112201136,-1.7020910421954554,-1.1326540152179163,-4.617758814488546,-4.890399638806478,0.6903868913650513,0.0,-0.0,0.0,0.0,0.0,0.0,0.0,0.0,0.0,0.0,0.0,0.0,0
1786495151,318611383,100.0,-1.7186310927020472,-1.702066723500387,-1.1326773802386683,-4.6177348534213465,-4.890315715466635,0.6903988718986511,0.0,-0.0,0.0,0.0,0.0,0.0,0.0,0.0,0.0,0.0,0.0,0.0,0
1786495151,338340282,100.0,-1.7185590902911585,-1.7020309607135218,-1.1326659361468714,-4.61781877676119,-4.890327755604879,0.690410852432251,0.0,-0.0,0.0,0.0,0.0,0.0,0.0,0.0,0.0,0.0,0.0,0.0,0
1786495151,358457803,100.0,-1.7185829321490687,-1.7020791212665003,-1.1327136198626917,-4.617758814488546,-4.890387598668234,0.6903509497642517,0.0,-0.0,0.0,0.0,0.0,0.0,0.0,0.0,0.0,0.0,0.0,0.0,0
1786495151,378402233,100.0,-1.7185590902911585,-1.7020428816424769,-1.1326773802386683,-4.6177948156939905,-4.890339676533834,0.6903749108314514,0.0,-0.0,0.0,0.0,0.0,0.0,0.0,0.0,0.0,0.0,0.0,0.0,0
1786495151,398450851,100.0,-1.7185471693622034,-1.7020428816424769,-1.1326659361468714,-4.6177948156939905,-4.890375677739279,0.6903868913650513,0.0,-0.0,0.0,0.0,0.0,0.0,0.0,0.0,0.0,0.0,0.0,0.0,0
1786495151,418461799,100.0,-1.718619171773092,-1.7020791212665003,-1.1326659361468714,-4.617758814488546,-4.890375677739279,0.6903868913650513,0.0,-0.0,0.0,0.0,0.0,0.0,0.0,0.0,0.0,0.0,0.0,0.0,0
1786495151,438662767,100.0,-1.7186310927020472,-1.7020428816424769,-1.1326659361468714,-4.617746893559591,-4.890363637601034,0.6903868913650513,0.0,-0.0,0.0,0.0,0.0,0.0,0.0,0.0,0.0,0.0,0.0,0.0,0
1786495151,458403825,100.0,-1.7185233275042933,-1.7021029631244105,-1.1326420942889612,-4.617758814488546,-4.890375677739279,0.6903389096260071,0.0,-0.0,0.0,0.0,0.0,0.0,0.0,0.0,0.0,0.0,0.0,0.0,0
1786495151,478564977,100.0,-1.7185829321490687,-1.7020791212665003,-1.1327136198626917,-4.6177828947650355,-4.890399638806478,0.6903749108314514,0.0,-0.0,0.0,0.0,0.0,0.0,0.0,0.0,0.0,0.0,0.0,0.0,0
1786495151,498517036,100.0,-1.718619171773092,-1.7021148840533655,-1.1326773802386683,-4.6177948156939905,-4.890351716672079,0.6903509497642517,0.0,-0.0,0.0,0.0,0.0,0.0,0.0,0.0,0.0,0.0,0.0,0.0,0
1786495151,518502712,100.0,-1.7185471693622034,-1.7020910421954554,-1.1327016989337366,-4.6177948156939905,-4.890327755604879,0.6904348134994507,0.0,-0.0,0.0,0.0,0.0,0.0,0.0,0.0,0.0,0.0,0.0,0.0,0
1786495151,538323640,100.0,-1.718607250844137,-1.7021268049823206,-1.1327016989337366,-4.617770854626791,-4.890399638806478,0.6903269290924072,0.0,-0.0,0.0,0.0,0.0,0.0,0.0,0.0,0.0,0.0,0.0,0.0,0
1786495151,558576345,100.0,-1.7185590902911585,-1.702066723500387,-1.1326659361468714,-4.6177948156939905,-4.890387598668234,0.6903749108314514,0.0,-0.0,0.0,0.0,0.0,0.0,0.0,0.0,0.0,0.0,0.0,0.0,0
1786495151,578342199,100.0,-1.718607250844137,-1.7020910421954554,-1.1327136198626917,-4.617806855832235,-4.890412036572592,0.6903509497642517,0.0,-0.0,0.0,0.0,0.0,0.0,0.0,0.0,0.0,0.0,0.0,0.0,0
1786495151,598679542,100.0,-1.7185829321490687,-1.7020791212665003,-1.1326773802386683,-4.617758814488546,-4.890375677739279,0.6904228329658508,0.0,-0.0,0.0,0.0,0.0,0.0,0.0,0.0,0.0,0.0,0.0,0.0,0
1786495151,618414402,100.0,-1.718619171773092,-1.7021029631244105,-1.1326540152179163,-4.617806855832235,-4.890327755604879,0.6903629302978516,0.0,-0.0,0.0,0.0,0.0,0.0,0.0,0.0,0.0,0.0,0.0,0.0,0
1786495151,638442516,100.0,-1.718607250844137,-1.702054802571432,-1.1326540152179163,-4.617746893559591,-4.890387598668234,0.6903749108314514,0.0,-0.0,0.0,0.0,0.0,0.0,0.0,0.0,0.0,0.0,0.0,0.0,0
1786495151,658335447,100.0,-1.718595329915182,-1.7020910421954554,-1.1326659361468714,-4.6177348534213465,-4.890339676533834,0.690410852432251,0.0,-0.0,0.0,0.0,0.0,0.0,0.0,0.0,0.0,0.0,0.0,0.0,0
1786495151,678636312,100.0,-1.718595329915182,-1.7020910421954554,-1.1326540152179163,-4.6177348534213465,-4.890351716672079,0.6903509497642517,0.0,-0.0,0.0,0.0,0.0,0.0,0.0,0.0,0.0,0.0,0.0,0.0,0
1786495151,698500156,100.0,-1.718607250844137,-1.7020791212665003,-1.1326773802386683,-4.6177828947650355,-4.890375677739279,0.6903868913650513,0.0,-0.0,0.0,0.0,0.0,0.0,0.0,0.0,0.0,0.0,0.0,0.0,0
1786495151,718421697,100.0,-1.7185471693622034,-1.7020910421954554,-1.1326659361468714,-4.617758814488546,-4.890363637601034,0.6903749108314514,0.0,-0.0,0.0,0.0,0.0,0.0,0.0,0.0,0.0,0.0,0.0,0.0,0
1786495151,738376379,100.0,-1.7185829321490687,-1.702054802571432,-1.1327016989337366,-4.6177828947650355,-4.890351716672079,0.6903988718986511,0.0,-0.0,0.0,0.0,0.0,0.0,0.0,0.0,0.0,0.0,0.0,0.0,0
1786495151,758443832,100.0,-1.718619171773092,-1.702054802571432,-1.1326420942889612,-4.6177948156939905,-4.890327755604879,0.6903629302978516,0.0,-0.0,0.0,0.0,0.0,0.0,0.0,0.0,0.0,0.0,0.0,0.0,0
1786495151,778433799,100.0,-1.718619171773092,-1.7021029631244105,-1.1327016989337366,-4.617746893559591,-4.890363637601034,0.6903509497642517,0.0,-0.0,0.0,0.0,0.0,0.0,0.0,0.0,0.0,0.0,0.0,0.0,0
1786495151,798686027,100.0,-1.718595329915182,-1.702054802571432,-1.1326897780047815,-4.6177828947650355,-4.890387598668234,0.6903988718986511,0.0,-0.0,0.0,0.0,0.0,0.0,0.0,0.0,0.0,0.0,0.0,0.0,0
1786495151,818326234,100.0,-1.7185710112201136,-1.702066723500387,-1.1326773802386683,-4.6177948156939905,-4.890375677739279,0.6903629302978516,0.0,-0.0,0.0,0.0,0.0,0.0,0.0,0.0,0.0,0.0,0.0,0.0,0
1786495151,838586568,100.0,-1.7185590902911585,-1.702066723500387,-1.1327016989337366,-4.6177348534213465,-4.890339676533834,0.6904228329658508,0.0,-0.0,0.0,0.0,0.0,0.0,0.0,0.0,0.0,0.0,0.0,0.0,0
1786495151,858371496,100.0,-1.7185829321490687,-1.7021268049823206,-1.1326540152179163,-4.6177348534213465,-4.890375677739279,0.6903629302978516,0.0,-0.0,0.0,0.0,0.0,0.0,0.0,0.0,0.0,0.0,0.0,0.0,0
1786495151,878507614,100.0,-1.718595329915182,-1.7020428816424769,-1.1326540152179163,-4.617746893559591,-4.890339676533834,0.6903269290924072,0.0,-0.0,0.0,0.0,0.0,0.0,0.0,0.0,0.0,0.0,0.0,0.0,0
1786495151,898449420,100.0,-1.718619171773092,-1.702066723500387,-1.1327016989337366,-4.6177828947650355,-4.890327755604879,0.6903629302978516,0.0,-0.0,0.0,0.0,0.0,0.0,0.0,0.0,0.0,0.0,0.0,0.0,0
1786495151,918690919,100.0,-1.7185710112201136,-1.7021029631244105,-1.1327016989337366,-4.6177948156939905,-4.890375677739279,0.6903988718986511,0.0,-0.0,0.0,0.0,0.0,0.0,0.0,0.0,0.0,0.0,0.0,0.0,0
1786495151,938348770,100.0,-1.7185590902911585,-1.702066723500387,-1.1326420942889612,-4.617770854626791,-4.890387598668234,0.6903749108314514,0.0,-0.0,0.0,0.0,0.0,0.0,0.0,0.0,0.0,0.0,0.0,0.0,0
1786495151,958444595,100.0,-1.7185710112201136,-1.7020428816424769,-1.1326897780047815,-4.617770854626791,-4.890339676533834,0.6903988718986511,0.0,-0.0,0.0,0.0,0.0,0.0,0.0,0.0,0.0,0.0,0.0,0.0,0
1786495151,978394269,100.0,-1.718607250844137,-1.7020791212665003,-1.1327255407916468,-4.617770854626791,-4.890339676533834,0.6903509497642517,0.0,-0.0,0.0,0.0,0.0,0.0,0.0,0.0,0.0,0.0,0.0,0.0,0
1786495151,998619318,100.0,-1.718595329915182,-1.7021268049823206,-1.1326773802386683,-4.6177948156939905,-4.890339676533834,0.6903868913650513,0.0,-0.0,0.0,0.0,0.0,0.0,0.0,0.0,0.0,0.0,0.0,0.0,0
1786495152,18283605,100.0,-1.718619171773092,-1.702054802571432,-1.1326540152179163,-4.617806855832235,-4.890363637601034,0.6903389096260071,0.0,-0.0,0.0,0.0,0.0,0.0,0.0,0.0,0.0,0.0,0.0,0.0,0
1786495152,38609981,100.0,-1.718607250844137,-1.7020428816424769,-1.1326897780047815,-4.6177828947650355,-4.890387598668234,0.6903749108314514,0.0,-0.0,0.0,0.0,0.0,0.0,0.0,0.0,0.0,0.0,0.0,0.0,0
1786495152,58415412,100.0,-1.7185352484332483,-1.7020910421954554,-1.1326773802386683,-4.617758814488546,-4.890387598668234,0.6903868913650513,0.0,-0.0,0.0,0.0,0.0,0.0,0.0,0.0,0.0,0.0,0.0,0.0,0
1786495152,78637599,100.0,-1.718607250844137,-1.7020309607135218,-1.1326773802386683,-4.6177948156939905,-4.890387598668234,0.6903389096260071,0.0,-0.0,0.0,0.0,0.0,0.0,0.0,0.0,0.0,0.0,0.0,0.0,0
1786495152,98427534,100.0,-1.7185710112201136,-1.7020428816424769,-1.1326773802386683,-4.617758814488546,-4.890351716672079,0.6903868913650513,0.0,-0.0,0.0,0.0,0.0,0.0,0.0,0.0,0.0,0.0,0.0,0.0,0
1786495152,118561029,100.0,-1.7185352484332483,-1.702066723500387,-1.1326540152179163,-4.6177828947650355,-4.890387598668234,0.6903389096260071,0.0,-0.0,0.0,0.0,0.0,0.0,0.0,0.0,0.0,0.0,0.0,0.0,0
1786495152,138446092,100.0,-1.718619171773092,-1.7020428816424769,-1.1326659361468714,-4.617758814488546,-4.890351716672079,0.6903389096260071,0.0,-0.0,0.0,0.0,0.0,0.0,0.0,0.0,0.0,0.0,0.0,0.0,0
1786495152,158436536,100.0,-1.718595329915182,-1.7021268049823206,-1.1327255407916468,-4.617770854626791,-4.890315715466635,0.6903749108314514,0.0,-0.0,0.0,0.0,0.0,0.0,0.0,0.0,0.0,0.0,0.0,0.0,0
1786495152,178446531,100.0,-1.718595329915182,-1.7021387259112757,-1.1327016989337366,-4.6177828947650355,-4.890363637601034,0.6903988718986511,0.0,-0.0,0.0,0.0,0.0,0.0,0.0,0.0,0.0,0.0,0.0,0.0,0
1786495152,198563575,100.0,-1.7185590902911585,-1.7020791212665003,-1.1326897780047815,-4.6177948156939905,-4.890327755604879,0.6903988718986511,0.0,-0.0,0.0,0.0,0.0,0.0,0.0,0.0,0.0,0.0,0.0,0.0,0
1786495152,218371868,100.0,-1.718595329915182,-1.7020910421954554,-1.1326773802386683,-4.617806855832235,-4.890375677739279,0.6903749108314514,0.0,-0.0,0.0,0.0,0.0,0.0,0.0,0.0,0.0,0.0,0.0,0.0,0
1786495152,238553285,100.0,-1.7185829321490687,-1.702066723500387,-1.1326659361468714,-4.617770854626791,-4.890363637601034,0.6903749108314514,0.0,-0.0,0.0,0.0,0.0,0.0,0.0,0.0,0.0,0.0,0.0,0.0,0
1786495152,258401632,100.0,-1.7185710112201136,-1.7020791212665003,-1.1327136198626917,-4.617758814488546,-4.890351716672079,0.6903509497642517,0.0,-0.0,0.0,0.0,0.0,0.0,0.0,0.0,0.0,0.0,0.0,0.0,0
1786495152,278444766,100.0,-1.7185710112201136,-1.7020910421954554,-1.1326897780047815,-4.617758814488546,-4.890339676533834,0.6904228329658508,0.0,-0.0,0.0,0.0,0.0,0.0,0.0,0.0,0.0,0.0,0.0,0.0,0
1786495152,298530101,100.0,-1.718619171773092,-1.7020910421954554,-1.1326773802386683,-4.617770854626791,-4.890399638806478,0.6903868913650513,0.0,-0.0,0.0,0.0,0.0,0.0,0.0,0.0,0.0,0.0,0.0,0.0,0
1786495152,318518877,100.0,-1.718619171773092,-1.702054802571432,-1.1327016989337366,-4.617770854626791,-4.890375677739279,0.6903749108314514,0.0,-0.0,0.0,0.0,0.0,0.0,0.0,0.0,0.0,0.0,0.0,0.0,0
1786495152,338388681,100.0,-1.7185710112201136,-1.7020309607135218,-1.1326659361468714,-4.617770854626791,-4.890412036572592,0.6904228329658508,0.0,-0.0,0.0,0.0,0.0,0.0,0.0,0.0,0.0,0.0,0.0,0.0,0
1786495152,358586549,100.0,-1.718607250844137,-1.7021268049823206,-1.1326540152179163,-4.617770854626791,-4.890351716672079,0.6903629302978516,0.0,-0.0,0.0,0.0,0.0,0.0,0.0,0.0,0.0,0.0,0.0,0.0,0
1786495152,378429174,100.0,-1.7185829321490687,-1.7020910421954554,-1.1326540152179163,-4.617746893559591,-4.890375677739279,0.6903629302978516,0.0,-0.0,0.0,0.0,0.0,0.0,0.0,0.0,0.0,0.0,0.0,0.0,0
1786495152,398621082,100.0,-1.7185710112201136,-1.7021268049823206,-1.1326659361468714,-4.617722932492391,-4.890327755604879,0.690410852432251,0.0,-0.0,0.0,0.0,0.0,0.0,0.0,0.0,0.0,0.0,0.0,0.0,0
1786495152,418446063,100.0,-1.718619171773092,-1.702054802571432,-1.1326773802386683,-4.617770854626791,-4.890399638806478,0.6903509497642517,0.0,-0.0,0.0,0.0,0.0,0.0,0.0,0.0,0.0,0.0,0.0,0.0,0
1786495152,438557863,100.0,-1.718607250844137,-1.7020428816424769,-1.1326773802386683,-4.6177348534213465,-4.890387598668234,0.6903629302978516,0.0,-0.0,0.0,0.0,0.0,0.0,0.0,0.0,0.0,0.0,0.0,0.0,0
1786495152,458387374,100.0,-1.7185590902911585,-1.7020428816424769,-1.1326540152179163,-4.617746893559591,-4.890399638806478,0.6903509497642517,0.0,-0.0,0.0,0.0,0.0,0.0,0.0,0.0,0.0,0.0,0.0,0.0,0
1786495152,478443861,100.0,-1.7185710112201136,-1.7020791212665003,-1.1326897780047815,-4.61781877676119,-4.890351716672079,0.6903988718986511,0.0,-0.0,0.0,0.0,0.0,0.0,0.0,0.0,0.0,0.0,0.0,0.0,0
1786495152,498526811,100.0,-1.7185829321490687,-1.7020791212665003,-1.1327016989337366,-4.61781877676119,-4.890375677739279,0.6903988718986511,0.0,-0.0,0.0,0.0,0.0,0.0,0.0,0.0,0.0,0.0,0.0,0.0,0
1786495152,518575668,100.0,-1.7186310927020472,-1.7021029631244105,-1.1326659361468714,-4.617746893559591,-4.890387598668234,0.6903629302978516,0.0,-0.0,0.0,0.0,0.0,0.0,0.0,0.0,0.0,0.0,0.0,0.0,0
1786495152,538431167,100.0,-1.7185471693622034,-1.702066723500387,-1.1327255407916468,-4.617806855832235,-4.890339676533834,0.6903868913650513,0.0,-0.0,0.0,0.0,0.0,0.0,0.0,0.0,0.0,0.0,0.0,0.0,0
1786495152,558576583,100.0,-1.718607250844137,-1.7020791212665003,-1.1327255407916468,-4.6177828947650355,-4.890339676533834,0.6903988718986511,0.0,-0.0,0.0,0.0,0.0,0.0,0.0,0.0,0.0,0.0,0.0,0.0,0
1786495152,578420400,100.0,-1.718607250844137,-1.7020910421954554,-1.1326897780047815,-4.617770854626791,-4.890339676533834,0.6903389096260071,0.0,-0.0,0.0,0.0,0.0,0.0,0.0,0.0,0.0,0.0,0.0,0.0,0
1786495152,598657369,100.0,-1.7185829321490687,-1.7020071188556116,-1.1327016989337366,-4.6177828947650355,-4.890339676533834,0.6903868913650513,0.0,-0.0,0.0,0.0,0.0,0.0,0.0,0.0,0.0,0.0,0.0,0.0,0
1786495152,618530511,100.0,-1.718607250844137,-1.702066723500387,-1.1326659361468714,-4.6177828947650355,-4.890363637601034,0.690410852432251,0.0,-0.0,0.0,0.0,0.0,0.0,0.0,0.0,0.0,0.0,0.0,0.0,0
1786495152,638498306,100.0,-1.718607250844137,-1.7020791212665003,-1.1326773802386683,-4.6177828947650355,-4.890387598668234,0.6903749108314514,0.0,-0.0,0.0,0.0,0.0,0.0,0.0,0.0,0.0,0.0,0.0,0.0,0
1786495152,658355474,100.0,-1.7185710112201136,-1.7020791212665003,-1.1326897780047815,-4.6177828947650355,-4.890339676533834,0.6903629302978516,0.0,-0.0,0.0,0.0,0.0,0.0,0.0,0.0,0.0,0.0,0.0,0.0,0
1786495152,678558349,100.0,-1.7185710112201136,-1.7020910421954554,-1.1326773802386683,-4.617806855832235,-4.890339676533834,0.6903269290924072,0.0,-0.0,0.0,0.0,0.0,0.0,0.0,0.0,0.0,0.0,0.0,0.0,0
1786495152,698676824,100.0,-1.718607250844137,-1.7020309607135218,-1.1326897780047815,-4.617806855832235,-4.890387598668234,0.6903509497642517,0.0,-0.0,0.0,0.0,0.0,0.0,0.0,0.0,0.0,0.0,0.0,0.0,0
1786495152,718513250,100.0,-1.718619171773092,-1.7020910421954554,-1.1326659361468714,-4.6177948156939905,-4.890387598668234,0.6903749108314514,0.0,-0.0,0.0,0.0,0.0,0.0,0.0,0.0,0.0,0.0,0.0,0.0,0
1786495152,738577365,100.0,-1.7185471693622034,-1.7020190397845667,-1.1326659361468714,-4.617770854626791,-4.890351716672079,0.6903629302978516,0.0,-0.0,0.0,0.0,0.0,0.0,0.0,0.0,0.0,0.0,0.0,0.0,0
1786495152,758403301,100.0,-1.7185471693622034,-1.7020428816424769,-1.1326659361468714,-4.6177348534213465,-4.890327755604879,0.6903868913650513,0.0,-0.0,0.0,0.0,0.0,0.0,0.0,0.0,0.0,0.0,0.0,0.0,0
1786495152,778370141,100.0,-1.7185710112201136,-1.7021148840533655,-1.1326659361468714,-4.6177828947650355,-4.890375677739279,0.6904228329658508,0.0,-0.0,0.0,0.0,0.0,0.0,0.0,0.0,0.0,0.0,0.0,0.0,0
1786495152,798619508,100.0,-1.7185710112201136,-1.7020791212665003,-1.1326301733600062,-4.6177828947650355,-4.890387598668234,0.6903988718986511,0.0,-0.0,0.0,0.0,0.0,0.0,0.0,0.0,0.0,0.0,0.0,0.0,0
1786495152,818396329,100.0,-1.718595329915182,-1.7020791212665003,-1.1326897780047815,-4.6177828947650355,-4.890399638806478,0.6903149485588074,0.0,-0.0,0.0,0.0,0.0,0.0,0.0,0.0,0.0,0.0,0.0,0.0,0
1786495152,838666200,100.0,-1.7185710112201136,-1.7020910421954554,-1.1326540152179163,-4.6177828947650355,-4.890363637601034,0.6903868913650513,0.0,-0.0,0.0,0.0,0.0,0.0,0.0,0.0,0.0,0.0,0.0,0.0,0
1786495152,858301877,100.0,-1.718595329915182,-1.7021029631244105,-1.1326659361468714,-4.617758814488546,-4.890375677739279,0.6903988718986511,0.0,-0.0,0.0,0.0,0.0,0.0,0.0,0.0,0.0,0.0,0.0,0.0,0
1786495152,878427743,100.0,-1.718619171773092,-1.7020791212665003,-1.1326420942889612,-4.6177828947650355,-4.890375677739279,0.6903149485588074,0.0,-0.0,0.0,0.0,0.0,0.0,0.0,0.0,0.0,0.0,0.0,0.0,0
1786495152,898653030,100.0,-1.7185829321490687,-1.702066723500387,-1.1326897780047815,-4.617758814488546,-4.890375677739279,0.6903509497642517,0.0,-0.0,0.0,0.0,0.0,0.0,0.0,0.0,0.0,0.0,0.0,0.0,0
1786495152,918597221,100.0,-1.7185352484332483,-1.702066723500387,-1.1326773802386683,-4.6177948156939905,-4.890375677739279,0.6903988718986511,0.0,-0.0,0.0,0.0,0.0,0.0,0.0,0.0,0.0,0.0,0.0,0.0,0
1786495152,938417434,100.0,-1.718595329915182,-1.7020309607135218,-1.1326540152179163,-4.617770854626791,-4.890363637601034,0.6904467940330505,0.0,-0.0,0.0,0.0,0.0,0.0,0.0,0.0,0.0,0.0,0.0,0.0,0
1786495152,958600759,100.0,-1.718619171773092,-1.7020428816424769,-1.1326773802386683,-4.6177828947650355,-4.890339676533834,0.690410852432251,0.0,-0.0,0.0,0.0,0.0,0.0,0.0,0.0,0.0,0.0,0.0,0.0,0
1786495152,978417158,100.0,-1.7185233275042933,-1.7021029631244105,-1.1327016989337366,-4.6177828947650355,-4.890375677739279,0.6903389096260071,0.0,-0.0,0.0,0.0,0.0,0.0,0.0,0.0,0.0,0.0,0.0,0.0,0
1786495152,998605728,100.0,-1.7185710112201136,-1.7020791212665003,-1.1326897780047815,-4.61781877676119,-4.890327755604879,0.6903389096260071,0.0,-0.0,0.0,0.0,0.0,0.0,0.0,0.0,0.0,0.0,0.0,0.0,0
1786495153,18314599,100.0,-1.718595329915182,-1.7020791212665003,-1.1327136198626917,-4.617746893559591,-4.890339676533834,0.6903868913650513,0.0,-0.0,0.0,0.0,0.0,0.0,0.0,0.0,0.0,0.0,0.0,0.0,0
1786495153,38558244,100.0,-1.7185710112201136,-1.7021029631244105,-1.1326540152179163,-4.617806855832235,-4.890363637601034,0.6903509497642517,0.0,-0.0,0.0,0.0,0.0,0.0,0.0,0.0,0.0,0.0,0.0,0.0,0
1786495153,58330297,100.0,-1.7185710112201136,-1.702054802571432,-1.1326773802386683,-4.617758814488546,-4.890375677739279,0.6903868913650513,0.0,-0.0,0.0,0.0,0.0,0.0,0.0,0.0,0.0,0.0,0.0,0.0,0
1786495153,78602313,100.0,-1.7185710112201136,-1.7020791212665003,-1.1326659361468714,-4.617770854626791,-4.890363637601034,0.6904228329658508,0.0,-0.0,0.0,0.0,0.0,0.0,0.0,0.0,0.0,0.0,0.0,0.0,0
1786495153,98828792,100.0,-1.7185471693622034,-1.7021268049823206,-1.1327016989337366,-4.6177348534213465,-4.890351716672079,0.6903629302978516,0.0,-0.0,0.0,0.0,0.0,0.0,0.0,0.0,0.0,0.0,0.0,0.0,0
1786495153,118435144,100.0,-1.7185829321490687,-1.7021029631244105,-1.1326773802386683,-4.617806855832235,-4.890399638806478,0.690410852432251,0.0,-0.0,0.0,0.0,0.0,0.0,0.0,0.0,0.0,0.0,0.0,0.0,0
1786495153,138547420,100.0,-1.7185590902911585,-1.7021029631244105,-1.1326897780047815,-4.6177828947650355,-4.890375677739279,0.6903749108314514,0.0,-0.0,0.0,0.0,0.0,0.0,0.0,0.0,0.0,0.0,0.0,0.0,0
1786495153,158526897,100.0,-1.7185590902911585,-1.7020428816424769,-1.1326659361468714,-4.617770854626791,-4.890387598668234,0.6903749108314514,0.0,-0.0,0.0,0.0,0.0,0.0,0.0,0.0,0.0,0.0,0.0,0.0,0
1786495153,178502798,100.0,-1.7185829321490687,-1.7020791212665003,-1.1326773802386683,-4.6177948156939905,-4.890363637601034,0.6903868913650513,0.0,-0.0,0.0,0.0,0.0,0.0,0.0,0.0,0.0,0.0,0.0,0.0,0
1786495153,198573350,100.0,-1.718619171773092,-1.702066723500387,-1.1327136198626917,-4.61784273782839,-4.890363637601034,0.6903629302978516,0.0,-0.0,0.0,0.0,0.0,0.0,0.0,0.0,0.0,0.0,0.0,0.0,0
1786495153,218389272,100.0,-1.718619171773092,-1.7020428816424769,-1.1326773802386683,-4.617758814488546,-4.890363637601034,0.6903389096260071,0.0,-0.0,0.0,0.0,0.0,0.0,0.0,0.0,0.0,0.0,0.0,0.0,0
1786495153,238544702,100.0,-1.7185590902911585,-1.702054802571432,-1.1327136198626917,-4.617746893559591,-4.890339676533834,0.6903509497642517,0.0,-0.0,0.0,0.0,0.0,0.0,0.0,0.0,0.0,0.0,0.0,0.0,0
1786495153,258289575,100.0,-1.7185829321490687,-1.702054802571432,-1.1326420942889612,-4.617770854626791,-4.890363637601034,0.6903509497642517,0.0,-0.0,0.0,0.0,0.0,0.0,0.0,0.0,0.0,0.0,0.0,0.0,0
1786495153,278568506,100.0,-1.7185829321490687,-1.7020791212665003,-1.1326659361468714,-4.6177828947650355,-4.890351716672079,0.6903868913650513,0.0,-0.0,0.0,0.0,0.0,0.0,0.0,0.0,0.0,0.0,0.0,0.0,0
1786495153,298529624,100.0,-1.7186430136310022,-1.7021029631244105,-1.1326659361468714,-4.617746893559591,-4.890399638806478,0.6903629302978516,0.0,-0.0,0.0,0.0,0.0,0.0,0.0,0.0,0.0,0.0,0.0,0.0,0
1786495153,318441629,100.0,-1.7185710112201136,-1.702066723500387,-1.1327016989337366,-4.617806855832235,-4.890327755604879,0.6903389096260071,0.0,-0.0,0.0,0.0,0.0,0.0,0.0,0.0,0.0,0.0,0.0,0.0,0
1786495153,338443040,100.0,-1.718595329915182,-1.7020791212665003,-1.1326773802386683,-4.617770854626791,-4.890351716672079,0.6903868913650513,0.0,-0.0,0.0,0.0,0.0,0.0,0.0,0.0,0.0,0.0,0.0,0.0,0
1786495153,358433008,100.0,-1.718607250844137,-1.7020428816424769,-1.1326540152179163,-4.6177348534213465,-4.890412036572592,0.6903509497642517,0.0,-0.0,0.0,0.0,0.0,0.0,0.0,0.0,0.0,0.0,0.0,0.0,0
1786495153,378411293,100.0,-1.718595329915182,-1.7020791212665003,-1.1327016989337366,-4.617746893559591,-4.890327755604879,0.6903988718986511,0.0,-0.0,0.0,0.0,0.0,0.0,0.0,0.0,0.0,0.0,0.0,0.0,0
1786495153,398587703,100.0,-1.7185829321490687,-1.7021029631244105,-1.1327136198626917,-4.617746893559591,-4.890339676533834,0.6903868913650513,0.0,-0.0,0.0,0.0,0.0,0.0,0.0,0.0,0.0,0.0,0.0,0.0,0
1786495153,418381214,100.0,-1.7185471693622034,-1.702054802571432,-1.1327016989337366,-4.617806855832235,-4.890363637601034,0.6904228329658508,0.0,-0.0,0.0,0.0,0.0,0.0,0.0,0.0,0.0,0.0,0.0,0.0,0
1786495153,438616991,100.0,-1.7185352484332483,-1.702054802571432,-1.1326773802386683,-4.617758814488546,-4.890351716672079,0.6904228329658508,0.0,-0.0,0.0,0.0,0.0,0.0,0.0,0.0,0.0,0.0,0.0,0.0,0
1786495153,458394527,100.0,-1.7185710112201136,-1.7020791212665003,-1.1327136198626917,-4.6177948156939905,-4.890351716672079,0.6903629302978516,0.0,-0.0,0.0,0.0,0.0,0.0,0.0,0.0,0.0,0.0,0.0,0.0,0
1786495153,478429555,100.0,-1.718607250844137,-1.7020910421954554,-1.1326659361468714,-4.6177948156939905,-4.890327755604879,0.6903629302978516,0.0,-0.0,0.0,0.0,0.0,0.0,0.0,0.0,0.0,0.0,0.0,0.0,0
1786495153,498885393,100.0,-1.7185710112201136,-1.7021029631244105,-1.1326773802386683,-4.617770854626791,-4.890375677739279,0.690410852432251,0.0,-0.0,0.0,0.0,0.0,0.0,0.0,0.0,0.0,0.0,0.0,0.0,0
1786495153,518535137,100.0,-1.718607250844137,-1.7021029631244105,-1.1326659361468714,-4.617770854626791,-4.890387598668234,0.6903749108314514,0.0,-0.0,0.0,0.0,0.0,0.0,0.0,0.0,0.0,0.0,0.0,0.0,0
1786495153,538412809,100.0,-1.7185471693622034,-1.7020071188556116,-1.1326659361468714,-4.6177948156939905,-4.890363637601034,0.6903988718986511,0.0,-0.0,0.0,0.0,0.0,0.0,0.0,0.0,0.0,0.0,0.0,0.0,0
1786495153,558442592,100.0,-1.7185471693622034,-1.7021029631244105,-1.1326773802386683,-4.617770854626791,-4.890327755604879,0.6903509497642517,0.0,-0.0,0.0,0.0,0.0,0.0,0.0,0.0,0.0,0.0,0.0,0.0,0
1786495153,578397989,100.0,-1.7185710112201136,-1.7020791212665003,-1.1327255407916468,-4.617806855832235,-4.890351716672079,0.6903509497642517,0.0,-0.0,0.0,0.0,0.0,0.0,0.0,0.0,0.0,0.0,0.0,0.0,0
1786495153,598552942,100.0,-1.718595329915182,-1.702066723500387,-1.1326659361468714,-4.617770854626791,-4.890399638806478,0.6903629302978516,0.0,-0.0,0.0,0.0,0.0,0.0,0.0,0.0,0.0,0.0,0.0,0.0,0
1786495153,618334293,100.0,-1.7185590902911585,-1.7020791212665003,-1.1327016989337366,-4.617806855832235,-4.890351716672079,0.690410852432251,0.0,-0.0,0.0,0.0,0.0,0.0,0.0,0.0,0.0,0.0,0.0,0.0,0
1786495153,638560533,100.0,-1.7185352484332483,-1.7020791212665003,-1.1326773802386683,-4.617746893559591,-4.890375677739279,0.6903389096260071,0.0,-0.0,0.0,0.0,0.0,0.0,0.0,0.0,0.0,0.0,0.0,0.0,0
1786495153,658396959,100.0,-1.7185233275042933,-1.7021148840533655,-1.1326773802386683,-4.6177948156939905,-4.890351716672079,0.6903389096260071,0.0,-0.0,0.0,0.0,0.0,0.0,0.0,0.0,0.0,0.0,0.0,0.0,0
1786495153,678413391,100.0,-1.7185590902911585,-1.702054802571432,-1.1327016989337366,-4.617758814488546,-4.890387598668234,0.6903868913650513,0.0,-0.0,0.0,0.0,0.0,0.0,0.0,0.0,0.0,0.0,0.0,0.0,0
1786495153,698788404,100.0,-1.7185829321490687,-1.702054802571432,-1.1327255407916468,-4.6177948156939905,-4.890351716672079,0.6903629302978516,0.0,-0.0,0.0,0.0,0.0,0.0,0.0,0.0,0.0,0.0,0.0,0.0,0
1786495153,718619108,100.0,-1.718595329915182,-1.7020910421954554,-1.1327016989337366,-4.617770854626791,-4.890387598668234,0.6904467940330505,0.0,-0.0,0.0,0.0,0.0,0.0,0.0,0.0,0.0,0.0,0.0,0.0,0
1786495153,738594770,100.0,-1.718607250844137,-1.702054802571432,-1.1326540152179163,-4.6177828947650355,-4.890363637601034,0.6903868913650513,0.0,-0.0,0.0,0.0,0.0,0.0,0.0,0.0,0.0,0.0,0.0,0.0,0
1786495153,758548498,100.0,-1.7185710112201136,-1.702066723500387,-1.1327016989337366,-4.617770854626791,-4.890363637601034,0.6903988718986511,0.0,-0.0,0.0,0.0,0.0,0.0,0.0,0.0,0.0,0.0,0.0,0.0,0
1786495153,778427839,100.0,-1.7185590902911585,-1.702054802571432,-1.1327136198626917,-4.6177948156939905,-4.890327755604879,0.6904228329658508,0.0,-0.0,0.0,0.0,0.0,0.0,0.0,0.0,0.0,0.0,0.0,0.0,0
1786495153,798584938,100.0,-1.718595329915182,-1.702054802571432,-1.1326773802386683,-4.6177948156939905,-4.890351716672079,0.6903749108314514,0.0,-0.0,0.0,0.0,0.0,0.0,0.0,0.0,0.0,0.0,0.0,0.0,0
1786495153,818426609,100.0,-1.718607250844137,-1.7020791212665003,-1.1327374617206019,-4.617806855832235,-4.890363637601034,0.6903509497642517,0.0,-0.0,0.0,0.0,0.0,0.0,0.0,0.0,0.0,0.0,0.0,0.0,0
1786495153,838429689,100.0,-1.718619171773092,-1.7020309607135218,-1.1327016989337366,-4.6177948156939905,-4.890399638806478,0.690410852432251,0.0,-0.0,0.0,0.0,0.0,0.0,0.0,0.0,0.0,0.0,0.0,0.0,0
1786495153,858416318,100.0,-1.718595329915182,-1.7020910421954554,-1.1326773802386683,-4.617746893559591,-4.890423957501547,0.6903629302978516,0.0,-0.0,0.0,0.0,0.0,0.0,0.0,0.0,0.0,0.0,0.0,0.0,0
1786495153,878544569,100.0,-1.7185829321490687,-1.7020791212665003,-1.1326773802386683,-4.617770854626791,-4.890351716672079,0.6903509497642517,0.0,-0.0,0.0,0.0,0.0,0.0,0.0,0.0,0.0,0.0,0.0,0.0,0
1786495153,898688793,100.0,-1.7185590902911585,-1.702066723500387,-1.1326540152179163,-4.61781877676119,-4.890351716672079,0.690410852432251,0.0,-0.0,0.0,0.0,0.0,0.0,0.0,0.0,0.0,0.0,0.0,0.0,0
1786495153,918540239,100.0,-1.7185590902911585,-1.7020428816424769,-1.1326897780047815,-4.617758814488546,-4.890375677739279,0.6903749108314514,0.0,-0.0,0.0,0.0,0.0,0.0,0.0,0.0,0.0,0.0,0.0,0.0,0
1786495153,938460111,100.0,-1.7185829321490687,-1.7020910421954554,-1.1327136198626917,-4.617758814488546,-4.890363637601034,0.6904228329658508,0.0,-0.0,0.0,0.0,0.0,0.0,0.0,0.0,0.0,0.0,0.0,0.0,0
1786495153,958512544,100.0,-1.718619171773092,-1.702054802571432,-1.1327136198626917,-4.617806855832235,-4.890387598668234,0.6904348134994507,0.0,-0.0,0.0,0.0,0.0,0.0,0.0,0.0,0.0,0.0,0.0,0.0,0
1786495153,978523731,100.0,-1.7185590902911585,-1.702066723500387,-1.1327016989337366,-4.61781877676119,-4.890363637601034,0.6903629302978516,0.0,-0.0,0.0,0.0,0.0,0.0,0.0,0.0,0.0,0.0,0.0,0.0,0
1786495153,998631238,100.0,-1.718595329915182,-1.7020428816424769,-1.1326420942889612,-4.6177948156939905,-4.890363637601034,0.6903868913650513,0.0,-0.0,0.0,0.0,0.0,0.0,0.0,0.0,0.0,0.0,0.0,0.0,0
1786495154,18402099,100.0,-1.7185829321490687,-1.7020791212665003,-1.1327136198626917,-4.617758814488546,-4.890399638806478,0.6903629302978516,0.0,-0.0,0.0,0.0,0.0,0.0,0.0,0.0,0.0,0.0,0.0,0.0,0
1786495154,38432359,100.0,-1.7185590902911585,-1.702054802571432,-1.1326897780047815,-4.6177348534213465,-4.890339676533834,0.690410852432251,0.0,-0.0,0.0,0.0,0.0,0.0,0.0,0.0,0.0,0.0,0.0,0.0,0
1786495154,58356046,100.0,-1.718607250844137,-1.702054802571432,-1.1327136198626917,-4.617770854626791,-4.890387598668234,0.6903509497642517,0.0,-0.0,0.0,0.0,0.0,0.0,0.0,0.0,0.0,0.0,0.0,0.0,0
1786495154,78578233,100.0,-1.718607250844137,-1.7020791212665003,-1.1326897780047815,-4.617770854626791,-4.890387598668234,0.6903269290924072,0.0,-0.0,0.0,0.0,0.0,0.0,0.0,0.0,0.0,0.0,0.0,0.0,0
1786495154,98458051,100.0,-1.718595329915182,-1.7020791212665003,-1.1326897780047815,-4.6177948156939905,-4.890363637601034,0.6904228329658508,0.0,-0.0,0.0,0.0,0.0,0.0,0.0,0.0,0.0,0.0,0.0,0.0,0
1786495154,118593931,100.0,-1.7185710112201136,-1.7020791212665003,-1.1327016989337366,-4.6177828947650355,-4.890399638806478,0.6903629302978516,0.0,-0.0,0.0,0.0,0.0,0.0,0.0,0.0,0.0,0.0,0.0,0.0,0
1786495154,138351678,100.0,-1.7185710112201136,-1.7020791212665003,-1.1327136198626917,-4.617746893559591,-4.890387598668234,0.6904467940330505,0.0,-0.0,0.0,0.0,0.0,0.0,0.0,0.0,0.0,0.0,0.0,0.0,0
1786495154,158560752,100.0,-1.718607250844137,-1.7020428816424769,-1.1327016989337366,-4.617758814488546,-4.890387598668234,0.6903509497642517,0.0,-0.0,0.0,0.0,0.0,0.0,0.0,0.0,0.0,0.0,0.0,0.0,0
1786495154,178323268,100.0,-1.718595329915182,-1.7021148840533655,-1.1327255407916468,-4.61781877676119,-4.890375677739279,0.6903988718986511,0.0,-0.0,0.0,0.0,0.0,0.0,0.0,0.0,0.0,0.0,0.0,0.0,0
1786495154,198664426,100.0,-1.7185352484332483,-1.7020190397845667,-1.1326301733600062,-4.617758814488546,-4.890339676533834,0.6903749108314514,0.0,-0.0,0.0,0.0,0.0,0.0,0.0,0.0,0.0,0.0,0.0,0.0,0
1786495154,218438386,100.0,-1.718607250844137,-1.702066723500387,-1.1326301733600062,-4.6177828947650355,-4.890339676533834,0.6903509497642517,0.0,-0.0,0.0,0.0,0.0,0.0,0.0,0.0,0.0,0.0,0.0,0.0,0
1786495154,238533020,100.0,-1.7185829321490687,-1.7021029631244105,-1.1326897780047815,-4.617770854626791,-4.890351716672079,0.6903509497642517,0.0,-0.0,0.0,0.0,0.0,0.0,0.0,0.0,0.0,0.0,0.0,0.0,0
1786495154,258403301,100.0,-1.718619171773092,-1.702066723500387,-1.1326897780047815,-4.617758814488546,-4.890399638806478,0.6903509497642517,0.0,-0.0,0.0,0.0,0.0,0.0,0.0,0.0,0.0,0.0,0.0,0.0,0
1786495154,278519392,100.0,-1.718595329915182,-1.7020791212665003,-1.1327255407916468,-4.617746893559591,-4.890327755604879,0.6903749108314514,0.0,-0.0,0.0,0.0,0.0,0.0,0.0,0.0,0.0,0.0,0.0,0.0,0
1786495154,298874378,100.0,-1.718619171773092,-1.7020791212665003,-1.1327136198626917,-4.617806855832235,-4.890351716672079,0.6903389096260071,0.0,-0.0,0.0,0.0,0.0,0.0,0.0,0.0,0.0,0.0,0.0,0.0,0
1786495154,318544149,100.0,-1.718595329915182,-1.7021387259112757,-1.1327374617206019,-4.617770854626791,-4.890399638806478,0.6903868913650513,0.0,-0.0,0.0,0.0,0.0,0.0,0.0,0.0,0.0,0.0,0.0,0.0,0
1786495154,338361501,100.0,-1.7185829321490687,-1.702066723500387,-1.1326773802386683,-4.617770854626791,-4.890351716672079,0.6903749108314514,0.0,-0.0,0.0,0.0,0.0,0.0,0.0,0.0,0.0,0.0,0.0,0.0,0
1786495154,358551979,100.0,-1.7185471693622034,-1.7020190397845667,-1.1326540152179163,-4.6177348534213465,-4.890387598668234,0.6903749108314514,0.0,-0.0,0.0,0.0,0.0,0.0,0.0,0.0,0.0,0.0,0.0,0.0,0
1786495154,378388881,100.0,-1.7186310927020472,-1.7020910421954554,-1.1327136198626917,-4.6177948156939905,-4.890351716672079,0.6903629302978516,0.0,-0.0,0.0,0.0,0.0,0.0,0.0,0.0,0.0,0.0,0.0,0.0,0
1786495154,398822307,100.0,-1.7185590902911585,-1.7020309607135218,-1.1327016989337366,-4.617746893559591,-4.890399638806478,0.6903629302978516,0.0,-0.0,0.0,0.0,0.0,0.0,0.0,0.0,0.0,0.0,0.0,0.0,0
1786495154,418383121,100.0,-1.7185471693622034,-1.702054802571432,-1.1326420942889612,-4.617770854626791,-4.890399638806478,0.6903269290924072,0.0,-0.0,0.0,0.0,0.0,0.0,0.0,0.0,0.0,0.0,0.0,0.0,0
1786495154,438671588,100.0,-1.718595329915182,-1.7021029631244105,-1.1326773802386683,-4.6177828947650355,-4.890399638806478,0.6903988718986511,0.0,-0.0,0.0,0.0,0.0,0.0,0.0,0.0,0.0,0.0,0.0,0.0,0
1786495154,458302974,100.0,-1.718607250844137,-1.7020910421954554,-1.1326659361468714,-4.6177948156939905,-4.890412036572592,0.6903389096260071,0.0,-0.0,0.0,0.0,0.0,0.0,0.0,0.0,0.0,0.0,0.0,0.0,0
1786495154,478407621,100.0,-1.7185710112201136,-1.7020791212665003,-1.1326420942889612,-4.617770854626791,-4.890399638806478,0.6903389096260071,0.0,-0.0,0.0,0.0,0.0,0.0,0.0,0.0,0.0,0.0,0.0,0.0,0
1786495154,498575925,100.0,-1.718595329915182,-1.7020791212665003,-1.1326659361468714,-4.6177828947650355,-4.890412036572592,0.6903749108314514,0.0,-0.0,0.0,0.0,0.0,0.0,0.0,0.0,0.0,0.0,0.0,0.0,0
1786495154,518543958,100.0,-1.718595329915182,-1.7020309607135218,-1.1326659361468714,-4.6177828947650355,-4.890399638806478,0.6903868913650513,0.0,-0.0,0.0,0.0,0.0,0.0,0.0,0.0,0.0,0.0,0.0,0.0,0
1786495154,538341045,100.0,-1.7185710112201136,-1.7020910421954554,-1.1326540152179163,-4.617758814488546,-4.890351716672079,0.6903509497642517,0.0,-0.0,0.0,0.0,0.0,0.0,0.0,0.0,0.0,0.0,0.0,0.0,0
1786495154,558529853,100.0,-1.718607250844137,-1.7020791212665003,-1.1326659361468714,-4.617758814488546,-4.890351716672079,0.6903868913650513,0.0,-0.0,0.0,0.0,0.0,0.0,0.0,0.0,0.0,0.0,0.0,0.0,0
1786495154,578372001,100.0,-1.7185471693622034,-1.7021506468402308,-1.1326420942889612,-4.617746893559591,-4.890351716672079,0.6903629302978516,0.0,-0.0,0.0,0.0,0.0,0.0,0.0,0.0,0.0,0.0,0.0,0.0,0
1786495154,598636627,100.0,-1.718595329915182,-1.7021148840533655,-1.1326773802386683,-4.617806855832235,-4.890363637601034,0.6903749108314514,0.0,-0.0,0.0,0.0,0.0,0.0,0.0,0.0,0.0,0.0,0.0,0.0,0
1786495154,618404626,100.0,-1.718595329915182,-1.7020428816424769,-1.1326659361468714,-4.617758814488546,-4.890363637601034,0.6903509497642517,0.0,-0.0,0.0,0.0,0.0,0.0,0.0,0.0,0.0,0.0,0.0,0.0,0
1786495154,638422489,100.0,-1.7185829321490687,-1.702054802571432,-1.1327374617206019,-4.617806855832235,-4.890351716672079,0.6903629302978516,0.0,-0.0,0.0,0.0,0.0,0.0,0.0,0.0,0.0,0.0,0.0,0.0,0
1786495154,658520460,100.0,-1.7186310927020472,-1.7020309607135218,-1.1327016989337366,-4.617722932492391,-4.890375677739279,0.6903749108314514,0.0,-0.0,0.0,0.0,0.0,0.0,0.0,0.0,0.0,0.0,0.0,0.0,0
1786495154,678617715,100.0,-1.7185471693622034,-1.7020190397845667,-1.1326659361468714,-4.617806855832235,-4.890399638806478,0.690410852432251,0.0,-0.0,0.0,0.0,0.0,0.0,0.0,0.0,0.0,0.0,0.0,0.0,0
1786495154,698594093,100.0,-1.7185471693622034,-1.702066723500387,-1.1326773802386683,-4.617758814488546,-4.890351716672079,0.6903868913650513,0.0,-0.0,0.0,0.0,0.0,0.0,0.0,0.0,0.0,0.0,0.0,0.0,0
1786495154,718542814,100.0,-1.7185710112201136,-1.7020791212665003,-1.1326897780047815,-4.617758814488546,-4.8903037945376795,0.6903868913650513,0.0,-0.0,0.0,0.0,0.0,0.0,0.0,0.0,0.0,0.0,0.0,0.0,0
1786495154,738409042,100.0,-1.7185710112201136,-1.7021148840533655,-1.1327136198626917,-4.617722932492391,-4.890387598668234,0.6903749108314514,0.0,-0.0,0.0,0.0,0.0,0.0,0.0,0.0,0.0,0.0,0.0,0.0,0
1786495154,758527994,100.0,-1.7186549345599573,-1.7020910421954554,-1.1327016989337366,-4.617758814488546,-4.890351716672079,0.6903629302978516,0.0,-0.0,0.0,0.0,0.0,0.0,0.0,0.0,0.0,0.0,0.0,0.0,0
1786495154,778388977,100.0,-1.718607250844137,-1.7021029631244105,-1.1327255407916468,-4.6177828947650355,-4.890375677739279,0.6903629302978516,0.0,-0.0,0.0,0.0,0.0,0.0,0.0,0.0,0.0,0.0,0.0,0.0,0
1786495154,798554182,100.0,-1.718595329915182,-1.702054802571432,-1.1326773802386683,-4.617758814488546,-4.890387598668234,0.6903868913650513,0.0,-0.0,0.0,0.0,0.0,0.0,0.0,0.0,0.0,0.0,0.0,0.0,0
1786495154,818361043,100.0,-1.7185710112201136,-1.7020910421954554,-1.1326773802386683,-4.617758814488546,-4.890339676533834,0.6903389096260071,0.0,-0.0,0.0,0.0,0.0,0.0,0.0,0.0,0.0,0.0,0.0,0.0,0
1786495154,838581800,100.0,-1.7185710112201136,-1.7020910421954554,-1.1327016989337366,-4.6177348534213465,-4.890351716672079,0.6903509497642517,0.0,-0.0,0.0,0.0,0.0,0.0,0.0,0.0,0.0,0.0,0.0,0.0,0
1786495154,858509778,100.0,-1.7185829321490687,-1.702054802571432,-1.1326659361468714,-4.6177348534213465,-4.890375677739279,0.6903988718986511,0.0,-0.0,0.0,0.0,0.0,0.0,0.0,0.0,0.0,0.0,0.0,0.0,0
1786495154,878457784,100.0,-1.7185471693622034,-1.7020910421954554,-1.1326897780047815,-4.6177348534213465,-4.890351716672079,0.6903509497642517,0.0,-0.0,0.0,0.0,0.0,0.0,0.0,0.0,0.0,0.0,0.0,0.0,0
1786495154,898591756,100.0,-1.718619171773092,-1.702054802571432,-1.1327016989337366,-4.617770854626791,-4.890375677739279,0.6904228329658508,0.0,-0.0,0.0,0.0,0.0,0.0,0.0,0.0,0.0,0.0,0.0,0.0,0
1786495154,918695211,100.0,-1.7185710112201136,-1.7021148840533655,-1.1327136198626917,-4.617746893559591,-4.890387598668234,0.6903988718986511,0.0,-0.0,0.0,0.0,0.0,0.0,0.0,0.0,0.0,0.0,0.0,0.0,0
1786495154,938420772,100.0,-1.7185829321490687,-1.702066723500387,-1.1326773802386683,-4.617722932492391,-4.890399638806478,0.6903749108314514,0.0,-0.0,0.0,0.0,0.0,0.0,0.0,0.0,0.0,0.0,0.0,0.0,0
1786495154,958407878,100.0,-1.7185710112201136,-1.7020428816424769,-1.1326420942889612,-4.6177828947650355,-4.890351716672079,0.6903868913650513,0.0,-0.0,0.0,0.0,0.0,0.0,0.0,0.0,0.0,0.0,0.0,0.0,0
1786495154,978362560,100.0,-1.718619171773092,-1.7020190397845667,-1.1327255407916468,-4.6177348534213465,-4.890363637601034,0.6903629302978516,0.0,-0.0,0.0,0.0,0.0,0.0,0.0,0.0,0.0,0.0,0.0,0.0,0
1786495154,998644828,100.0,-1.7185590902911585,-1.7020910421954554,-1.1326897780047815,-4.6177348534213465,-4.890339676533834,0.6903389096260071,0.0,-0.0,0.0,0.0,0.0,0.0,0.0,0.0,0.0,0.0,0.0,0.0,0
1786495155,18343210,100.0,-1.7185471693622034,-1.702066723500387,-1.1326897780047815,-4.617758814488546,-4.890363637601034,0.690410852432251,0.0,-0.0,0.0,0.0,0.0,0.0,0.0,0.0,0.0,0.0,0.0,0.0,0
1786495155,38545846,100.0,-1.718595329915182,-1.7020791212665003,-1.1327016989337366,-4.617806855832235,-4.890375677739279,0.6903629302978516,0.0,-0.0,0.0,0.0,0.0,0.0,0.0,0.0,0.0,0.0,0.0,0.0,0
1786495155,58371305,100.0,-1.7185233275042933,-1.7020190397845667,-1.1326659361468714,-4.6177828947650355,-4.890387598668234,0.6903988718986511,0.0,-0.0,0.0,0.0,0.0,0.0,0.0,0.0,0.0,0.0,0.0,0.0,0
1786495155,78588247,100.0,-1.7185710112201136,-1.7020428816424769,-1.1326659361468714,-4.617746893559591,-4.890363637601034,0.6903629302978516,0.0,-0.0,0.0,0.0,0.0,0.0,0.0,0.0,0.0,0.0,0.0,0.0,0
1786495155,98330259,100.0,-1.7185114065753382,-1.702054802571432,-1.1326773802386683,-4.6177948156939905,-4.890351716672079,0.690410852432251,0.0,-0.0,0.0,0.0,0.0,0.0,0.0,0.0,0.0,0.0,0.0,0.0,0
1786495155,118566036,100.0,-1.7186310927020472,-1.7020428816424769,-1.1326659361468714,-4.6177348534213465,-4.890327755604879,0.6903868913650513,0.0,-0.0,0.0,0.0,0.0,0.0,0.0,0.0,0.0,0.0,0.0,0.0,0
1786495155,138442039,100.0,-1.718607250844137,-1.7021029631244105,-1.1326540152179163,-4.6177348534213465,-4.890399638806478,0.6903868913650513,0.0,-0.0,0.0,0.0,0.0,0.0,0.0,0.0,0.0,0.0,0.0,0.0,0
1786495155,158430576,100.0,-1.7186430136310022,-1.7020791212665003,-1.1327016989337366,-4.6177948156939905,-4.890387598668234,0.6904228329658508,0.0,-0.0,0.0,0.0,0.0,0.0,0.0,0.0,0.0,0.0,0.0,0.0,0
1786495155,178400754,100.0,-1.7185829321490687,-1.7020910421954554,-1.1327136198626917,-4.617770854626791,-4.890375677739279,0.6903988718986511,0.0,-0.0,0.0,0.0,0.0,0.0,0.0,0.0,0.0,0.0,0.0,0.0,0
1786495155,198566198,100.0,-1.718595329915182,-1.7020910421954554,-1.1326540152179163,-4.617770854626791,-4.890327755604879,0.6903629302978516,0.0,-0.0,0.0,0.0,0.0,0.0,0.0,0.0,0.0,0.0,0.0,0.0,0
1786495155,218418598,100.0,-1.718595329915182,-1.702066723500387,-1.1326659361468714,-4.617770854626791,-4.890387598668234,0.6903988718986511,0.0,-0.0,0.0,0.0,0.0,0.0,0.0,0.0,0.0,0.0,0.0,0.0,0
1786495155,238578796,100.0,-1.718595329915182,-1.7021268049823206,-1.1327136198626917,-4.6177348534213465,-4.890327755604879,0.6903749108314514,0.0,-0.0,0.0,0.0,0.0,0.0,0.0,0.0,0.0,0.0,0.0,0.0,0
1786495155,258407592,100.0,-1.7185710112201136,-1.7020428816424769,-1.1326659361468714,-4.617806855832235,-4.890387598668234,0.6903389096260071,0.0,-0.0,0.0,0.0,0.0,0.0,0.0,0.0,0.0,0.0,0.0,0.0,0
1786495155,278587102,100.0,-1.7185829321490687,-1.7020309607135218,-1.1326659361468714,-4.617770854626791,-4.890387598668234,0.6903988718986511,0.0,-0.0,0.0,0.0,0.0,0.0,0.0,0.0,0.0,0.0,0.0,0.0,0
1786495155,298630952,100.0,-1.7185710112201136,-1.7020910421954554,-1.1326773802386683,-4.617758814488546,-4.890327755604879,0.6903749108314514,0.0,-0.0,0.0,0.0,0.0,0.0,0.0,0.0,0.0,0.0,0.0,0.0,0
1786495155,318409681,100.0,-1.7185829321490687,-1.702066723500387,-1.1327016989337366,-4.617806855832235,-4.890375677739279,0.6903868913650513,0.0,-0.0,0.0,0.0,0.0,0.0,0.0,0.0,0.0,0.0,0.0,0.0,0
1786495155,338368177,100.0,-1.718607250844137,-1.7021148840533655,-1.1327255407916468,-4.61781877676119,-4.890363637601034,0.6903389096260071,0.0,-0.0,0.0,0.0,0.0,0.0,0.0,0.0,0.0,0.0,0.0,0.0,0
1786495155,358592033,100.0,-1.7185710112201136,-1.7020910421954554,-1.1326540152179163,-4.6177828947650355,-4.890387598668234,0.6903389096260071,0.0,-0.0,0.0,0.0,0.0,0.0,0.0,0.0,0.0,0.0,0.0,0.0,0
1786495155,378396272,100.0,-1.7186310927020472,-1.702066723500387,-1.1327255407916468,-4.6177348534213465,-4.890327755604879,0.6903749108314514,0.0,-0.0,0.0,0.0,0.0,0.0,0.0,0.0,0.0,0.0,0.0,0.0,0
1786495155,398572444,100.0,-1.718607250844137,-1.7020309607135218,-1.1327016989337366,-4.6177828947650355,-4.890339676533834,0.6903629302978516,0.0,-0.0,0.0,0.0,0.0,0.0,0.0,0.0,0.0,0.0,0.0,0.0,0
1786495155,418915510,100.0,-1.7185829321490687,-1.702066723500387,-1.1326540152179163,-4.6177948156939905,-4.890363637601034,0.6903629302978516,0.0,-0.0,0.0,0.0,0.0,0.0,0.0,0.0,0.0,0.0,0.0,0.0,0
1786495155,438561439,100.0,-1.7185710112201136,-1.7021148840533655,-1.1326540152179163,-4.617770854626791,-4.890339676533834,0.6903269290924072,0.0,-0.0,0.0,0.0,0.0,0.0,0.0,0.0,0.0,0.0,0.0,0.0,0
1786495155,458406686,100.0,-1.718607250844137,-1.702066723500387,-1.1326773802386683,-4.617758814488546,-4.890327755604879,0.690410852432251,0.0,-0.0,0.0,0.0,0.0,0.0,0.0,0.0,0.0,0.0,0.0,0.0,0
1786495155,478529214,100.0,-1.718595329915182,-1.702054802571432,-1.1326773802386683,-4.617770854626791,-4.890351716672079,0.6903509497642517,0.0,-0.0,0.0,0.0,0.0,0.0,0.0,0.0,0.0,0.0,0.0,0.0,0
1786495155,498643636,100.0,-1.718607250844137,-1.702054802571432,-1.1326659361468714,-4.617830816899435,-4.890363637601034,0.6903749108314514,0.0,-0.0,0.0,0.0,0.0,0.0,0.0,0.0,0.0,0.0,0.0,0.0,0
1786495155,518545389,100.0,-1.718595329915182,-1.7020910421954554,-1.1326773802386683,-4.617770854626791,-4.890387598668234,0.6903988718986511,0.0,-0.0,0.0,0.0,0.0,0.0,0.0,0.0,0.0,0.0,0.0,0.0,0
1786495155,538382291,100.0,-1.7185710112201136,-1.702054802571432,-1.1326659361468714,-4.6177948156939905,-4.890363637601034,0.6903868913650513,0.0,-0.0,0.0,0.0,0.0,0.0,0.0,0.0,0.0,0.0,0.0,0.0,0
1786495155,558375358,100.0,-1.718595329915182,-1.7020309607135218,-1.1326540152179163,-4.6177348534213465,-4.890375677739279,0.6903629302978516,0.0,-0.0,0.0,0.0,0.0,0.0,0.0,0.0,0.0,0.0,0.0,0.0,0
1786495155,578574419,100.0,-1.7186310927020472,-1.7021029631244105,-1.1326773802386683,-4.617758814488546,-4.890339676533834,0.6903749108314514,0.0,-0.0,0.0,0.0,0.0,0.0,0.0,0.0,0.0,0.0,0.0,0.0,0
1786495155,598613977,100.0,-1.718607250844137,-1.702066723500387,-1.1326773802386683,-4.617770854626791,-4.890339676533834,0.6903749108314514,0.0,-0.0,0.0,0.0,0.0,0.0,0.0,0.0,0.0,0.0,0.0,0.0,0
1786495155,618404865,100.0,-1.718607250844137,-1.7020791212665003,-1.1326659361468714,-4.617770854626791,-4.890375677739279,0.6903868913650513,0.0,-0.0,0.0,0.0,0.0,0.0,0.0,0.0,0.0,0.0,0.0,0.0,0
1786495155,638565063,100.0,-1.7186430136310022,-1.702054802571432,-1.1326540152179163,-4.617746893559591,-4.890387598668234,0.6903389096260071,0.0,-0.0,0.0,0.0,0.0,0.0,0.0,0.0,0.0,0.0,0.0,0.0,0
1786495155,658368587,100.0,-1.7185829321490687,-1.7020428816424769,-1.1327016989337366,-4.617758814488546,-4.890363637601034,0.6904228329658508,0.0,-0.0,0.0,0.0,0.0,0.0,0.0,0.0,0.0,0.0,0.0,0.0,0
1786495155,678434371,100.0,-1.7185829321490687,-1.7021029631244105,-1.1326420942889612,-4.61781877676119,-4.890387598668234,0.6903629302978516,0.0,-0.0,0.0,0.0,0.0,0.0,0.0,0.0,0.0,0.0,0.0,0.0,0
1786495155,698457956,100.0,-1.718607250844137,-1.7020428816424769,-1.1326897780047815,-4.61781877676119,-4.890399638806478,0.6903868913650513,0.0,-0.0,0.0,0.0,0.0,0.0,0.0,0.0,0.0,0.0,0.0,0.0,0
1786495155,718567132,100.0,-1.7185590902911585,-1.7020910421954554,-1.1326897780047815,-4.617770854626791,-4.890351716672079,0.6903509497642517,0.0,-0.0,0.0,0.0,0.0,0.0,0.0,0.0,0.0,0.0,0.0,0.0,0
1786495155,738402366,100.0,-1.7185829321490687,-1.702066723500387,-1.1327255407916468,-4.617770854626791,-4.890339676533834,0.690410852432251,0.0,-0.0,0.0,0.0,0.0,0.0,0.0,0.0,0.0,0.0,0.0,0.0,0
1786495155,758508682,100.0,-1.7185590902911585,-1.7020190397845667,-1.1326420942889612,-4.617758814488546,-4.890339676533834,0.6903749108314514,0.0,-0.0,0.0,0.0,0.0,0.0,0.0,0.0,0.0,0.0,0.0,0.0,0
1786495155,778414249,100.0,-1.7185829321490687,-1.702054802571432,-1.1326420942889612,-4.617746893559591,-4.890375677739279,0.6904228329658508,0.0,-0.0,0.0,0.0,0.0,0.0,0.0,0.0,0.0,0.0,0.0,0.0,0
1786495155,798642635,100.0,-1.7185471693622034,-1.7020791212665003,-1.1326773802386683,-4.617770854626791,-4.890387598668234,0.6903988718986511,0.0,-0.0,0.0,0.0,0.0,0.0,0.0,0.0,0.0,0.0,0.0,0.0,0
1786495155,818454980,100.0,-1.718595329915182,-1.7020910421954554,-1.1326773802386683,-4.6177948156939905,-4.890339676533834,0.6903868913650513,0.0,-0.0,0.0,0.0,0.0,0.0,0.0,0.0,0.0,0.0,0.0,0.0,0
1786495155,838447332,100.0,-1.7185829321490687,-1.702066723500387,-1.1327136198626917,-4.617758814488546,-4.890399638806478,0.6903868913650513,0.0,-0.0,0.0,0.0,0.0,0.0,0.0,0.0,0.0,0.0,0.0,0.0,0
1786495155,858394861,100.0,-1.7185590902911585,-1.7021148840533655,-1.1326897780047815,-4.617746893559591,-4.890351716672079,0.690410852432251,0.0,-0.0,0.0,0.0,0.0,0.0,0.0,0.0,0.0,0.0,0.0,0.0,0
1786495155,878554344,100.0,-1.7185710112201136,-1.7021029631244105,-1.1327136198626917,-4.6177948156939905,-4.890339676533834,0.6903868913650513,0.0,-0.0,0.0,0.0,0.0,0.0,0.0,0.0,0.0,0.0,0.0,0.0,0
1786495155,898520469,100.0,-1.7186310927020472,-1.702066723500387,-1.1326540152179163,-4.617746893559591,-4.890363637601034,0.6903988718986511,0.0,-0.0,0.0,0.0,0.0,0.0,0.0,0.0,0.0,0.0,0.0,0.0,0
1786495155,918453216,100.0,-1.7185471693622034,-1.702066723500387,-1.1326540152179163,-4.617770854626791,-4.890375677739279,0.6903868913650513,0.0,-0.0,0.0,0.0,0.0,0.0,0.0,0.0,0.0,0.0,0.0,0.0,0
1786495155,938365459,100.0,-1.7185471693622034,-1.7021029631244105,-1.1326659361468714,-4.61781877676119,-4.890351716672079,0.6903749108314514,0.0,-0.0,0.0,0.0,0.0,0.0,0.0,0.0,0.0,0.0,0.0,0.0,0
1786495155,958595752,100.0,-1.7185352484332483,-1.7020910421954554,-1.1326540152179163,-4.6177828947650355,-4.890327755604879,0.6903269290924072,0.0,-0.0,0.0,0.0,0.0,0.0,0.0,0.0,0.0,0.0,0.0,0.0,0
1786495155,978368997,100.0,-1.7186549345599573,-1.7021029631244105,-1.1326773802386683,-4.617758814488546,-4.890351716672079,0.6903629302978516,0.0,-0.0,0.0,0.0,0.0,0.0,0.0,0.0,0.0,0.0,0.0,0.0,0
1786495155,998502492,100.0,-1.718595329915182,-1.7021268049823206,-1.1326301733600062,-4.6177828947650355,-4.890387598668234,0.6903988718986511,0.0,-0.0,0.0,0.0,0.0,0.0,0.0,0.0,0.0,0.0,0.0,0.0,0
1786495156,18361806,100.0,-1.7185590902911585,-1.7020791212665003,-1.1326897780047815,-4.617770854626791,-4.890399638806478,0.6903988718986511,0.0,-0.0,0.0,0.0,0.0,0.0,0.0,0.0,0.0,0.0,0.0,0.0,0
1786495156,38687705,100.0,-1.7185471693622034,-1.7020791212665003,-1.1327136198626917,-4.6177828947650355,-4.890363637601034,0.6903749108314514,0.0,-0.0,0.0,0.0,0.0,0.0,0.0,0.0,0.0,0.0,0.0,0.0,0
1786495156,58374166,100.0,-1.7185590902911585,-1.7021506468402308,-1.1326773802386683,-4.61781877676119,-4.890375677739279,0.6903509497642517,0.0,-0.0,0.0,0.0,0.0,0.0,0.0,0.0,0.0,0.0,0.0,0.0,0
1786495156,78435182,100.0,-1.7185471693622034,-1.7021029631244105,-1.1326773802386683,-4.617758814488546,-4.890327755604879,0.6903868913650513,0.0,-0.0,0.0,0.0,0.0,0.0,0.0,0.0,0.0,0.0,0.0,0.0,0
1786495156,98523378,100.0,-1.7185829321490687,-1.702054802571432,-1.1326659361468714,-4.61781877676119,-4.890375677739279,0.6903749108314514,0.0,-0.0,0.0,0.0,0.0,0.0,0.0,0.0,0.0,0.0,0.0,0.0,0
1786495156,118577480,100.0,-1.718595329915182,-1.7020791212665003,-1.1326659361468714,-4.617770854626791,-4.890339676533834,0.6903749108314514,0.0,-0.0,0.0,0.0,0.0,0.0,0.0,0.0,0.0,0.0,0.0,0.0,0
1786495156,138374090,100.0,-1.718595329915182,-1.7020791212665003,-1.1326897780047815,-4.6177828947650355,-4.890327755604879,0.6903269290924072,0.0,-0.0,0.0,0.0,0.0,0.0,0.0,0.0,0.0,0.0,0.0,0.0,0
1786495156,158549785,100.0,-1.718607250844137,-1.702066723500387,-1.1326420942889612,-4.6177948156939905,-4.890351716672079,0.6903868913650513,0.0,-0.0,0.0,0.0,0.0,0.0,0.0,0.0,0.0,0.0,0.0,0.0,0
1786495156,178337335,100.0,-1.7185590902911585,-1.702054802571432,-1.1326773802386683,-4.6177948156939905,-4.890412036572592,0.690410852432251,0.0,-0.0,0.0,0.0,0.0,0.0,0.0,0.0,0.0,0.0,0.0,0.0,0
1786495156,198684930,100.0,-1.7185233275042933,-1.702066723500387,-1.1326773802386683,-4.617758814488546,-4.890399638806478,0.6904228329658508,0.0,-0.0,0.0,0.0,0.0,0.0,0.0,0.0,0.0,0.0,0.0,0.0,0
1786495156,218413352,100.0,-1.7185710112201136,-1.7020428816424769,-1.1326897780047815,-4.617770854626791,-4.890351716672079,0.6903629302978516,0.0,-0.0,0.0,0.0,0.0,0.0,0.0,0.0,0.0,0.0,0.0,0.0,0
1786495156,238449573,100.0,-1.718607250844137,-1.7020190397845667,-1.1326773802386683,-4.617758814488546,-4.890339676533834,0.6903509497642517,0.0,-0.0,0.0,0.0,0.0,0.0,0.0,0.0,0.0,0.0,0.0,0.0,0
1786495156,258415222,100.0,-1.718619171773092,-1.702066723500387,-1.1326420942889612,-4.617758814488546,-4.890375677739279,0.6903988718986511,0.0,-0.0,0.0,0.0,0.0,0.0,0.0,0.0,0.0,0.0,0.0,0.0,0
1786495156,278610467,100.0,-1.7185710112201136,-1.702054802571432,-1.1326540152179163,-4.617770854626791,-4.890387598668234,0.6904228329658508,0.0,-0.0,0.0,0.0,0.0,0.0,0.0,0.0,0.0,0.0,0.0,0.0,0
1786495156,298618316,100.0,-1.7185471693622034,-1.702066723500387,-1.1327136198626917,-4.617806855832235,-4.890363637601034,0.690410852432251,0.0,-0.0,0.0,0.0,0.0,0.0,0.0,0.0,0.0,0.0,0.0,0.0,0
1786495156,318548202,100.0,-1.7185829321490687,-1.702066723500387,-1.1327255407916468,-4.617770854626791,-4.890339676533834,0.6903988718986511,0.0,-0.0,0.0,0.0,0.0,0.0,0.0,0.0,0.0,0.0,0.0,0.0,0
1786495156,338355541,100.0,-1.718595329915182,-1.7020910421954554,-1.1327255407916468,-4.617770854626791,-4.890351716672079,0.6903749108314514,0.0,-0.0,0.0,0.0,0.0,0.0,0.0,0.0,0.0,0.0,0.0,0.0,0
1786495156,358607530,100.0,-1.7185590902911585,-1.7020428816424769,-1.1326659361468714,-4.6177948156939905,-4.890375677739279,0.6903629302978516,0.0,-0.0,0.0,0.0,0.0,0.0,0.0,0.0,0.0,0.0,0.0,0.0,0
1786495156,378345966,100.0,-1.718595329915182,-1.702066723500387,-1.1326773802386683,-4.6177948156939905,-4.890412036572592,0.6903749108314514,0.0,-0.0,0.0,0.0,0.0,0.0,0.0,0.0,0.0,0.0,0.0,0.0,0
1786495156,398587942,100.0,-1.7185471693622034,-1.702066723500387,-1.1326659361468714,-4.617770854626791,-4.890351716672079,0.6903629302978516,0.0,-0.0,0.0,0.0,0.0,0.0,0.0,0.0,0.0,0.0,0.0,0.0,0
1786495156,418298006,100.0,-1.7185710112201136,-1.7020791212665003,-1.1326773802386683,-4.6177828947650355,-4.890375677739279,0.6903629302978516,0.0,-0.0,0.0,0.0,0.0,0.0,0.0,0.0,0.0,0.0,0.0,0.0,0
1786495156,438550472,100.0,-1.7185829321490687,-1.7020791212665003,-1.1326773802386683,-4.6177948156939905,-4.890339676533834,0.6903629302978516,0.0,-0.0,0.0,0.0,0.0,0.0,0.0,0.0,0.0,0.0,0.0,0.0,0
1786495156,458384990,100.0,-1.7185829321490687,-1.7021029631244105,-1.1326659361468714,-4.617746893559591,-4.890363637601034,0.6903269290924072,0.0,-0.0,0.0,0.0,0.0,0.0,0.0,0.0,0.0,0.0,0.0,0.0,0
1786495156,478492498,100.0,-1.7185829321490687,-1.7020910421954554,-1.1326897780047815,-4.61781877676119,-4.890351716672079,0.6903988718986511,0.0,-0.0,0.0,0.0,0.0,0.0,0.0,0.0,0.0,0.0,0.0,0.0,0
1786495156,498594522,100.0,-1.718619171773092,-1.7020791212665003,-1.1326773802386683,-4.617758814488546,-4.890375677739279,0.6903389096260071,0.0,-0.0,0.0,0.0,0.0,0.0,0.0,0.0,0.0,0.0,0.0,0.0,0
1786495156,518426895,100.0,-1.7185710112201136,-1.7020910421954554,-1.1326540152179163,-4.617758814488546,-4.890387598668234,0.6904228329658508,0.0,-0.0,0.0,0.0,0.0,0.0,0.0,0.0,0.0,0.0,0.0,0.0,0
1786495156,538455247,100.0,-1.7185710112201136,-1.7021029631244105,-1.1327136198626917,-4.6177948156939905,-4.890399638806478,0.6903509497642517,0.0,-0.0,0.0,0.0,0.0,0.0,0.0,0.0,0.0,0.0,0.0,0.0,0
1786495156,558520555,100.0,-1.718595329915182,-1.7021029631244105,-1.1327016989337366,-4.61781877676119,-4.890327755604879,0.6903988718986511,0.0,-0.0,0.0,0.0,0.0,0.0,0.0,0.0,0.0,0.0,0.0,0.0,0
1786495156,578392982,100.0,-1.718595329915182,-1.702054802571432,-1.1327016989337366,-4.617770854626791,-4.890315715466635,0.6903868913650513,0.0,-0.0,0.0,0.0,0.0,0.0,0.0,0.0,0.0,0.0,0.0,0.0,0
1786495156,598633289,100.0,-1.7185471693622034,-1.7020309607135218,-1.1327016989337366,-4.617770854626791,-4.890387598668234,0.6903629302978516,0.0,-0.0,0.0,0.0,0.0,0.0,0.0,0.0,0.0,0.0,0.0,0.0,0
1786495156,618412971,100.0,-1.7185710112201136,-1.7020791212665003,-1.1326420942889612,-4.61781877676119,-4.890399638806478,0.6903389096260071,0.0,-0.0,0.0,0.0,0.0,0.0,0.0,0.0,0.0,0.0,0.0,0.0,0
1786495156,638549566,100.0,-1.7185829321490687,-1.7020791212665003,-1.1326540152179163,-4.617770854626791,-4.890412036572592,0.6903629302978516,0.0,-0.0,0.0,0.0,0.0,0.0,0.0,0.0,0.0,0.0,0.0,0.0,0
1786495156,658344268,100.0,-1.7185471693622034,-1.7020791212665003,-1.1326897780047815,-4.617770854626791,-4.890339676533834,0.6903629302978516,0.0,-0.0,0.0,0.0,0.0,0.0,0.0,0.0,0.0,0.0,0.0,0.0,0
1786495156,678575515,100.0,-1.7185590902911585,-1.7020791212665003,-1.1326773802386683,-4.617770854626791,-4.890375677739279,0.690410852432251,0.0,-0.0,0.0,0.0,0.0,0.0,0.0,0.0,0.0,0.0,0.0,0.0,0
1786495156,698734521,100.0,-1.7185829321490687,-1.7020428816424769,-1.1326897780047815,-4.617758814488546,-4.890339676533834,0.6903629302978516,0.0,-0.0,0.0,0.0,0.0,0.0,0.0,0.0,0.0,0.0,0.0,0.0,0
1786495156,718524217,100.0,-1.7185471693622034,-1.7020791212665003,-1.1326659361468714,-4.617770854626791,-4.890363637601034,0.6904348134994507,0.0,-0.0,0.0,0.0,0.0,0.0,0.0,0.0,0.0,0.0,0.0,0.0,0
1786495156,738402128,100.0,-1.718595329915182,-1.7020791212665003,-1.1326540152179163,-4.6177828947650355,-4.890351716672079,0.6903868913650513,0.0,-0.0,0.0,0.0,0.0,0.0,0.0,0.0,0.0,0.0,0.0,0.0,0
1786495156,758922338,100.0,-1.7185590902911585,-1.7021029631244105,-1.1326659361468714,-4.6177948156939905,-4.890339676533834,0.6903389096260071,0.0,-0.0,0.0,0.0,0.0,0.0,0.0,0.0,0.0,0.0,0.0,0.0,0
1786495156,778308391,100.0,-1.7185829321490687,-1.7020428816424769,-1.1326897780047815,-4.617770854626791,-4.890351716672079,0.6903629302978516,0.0,-0.0,0.0,0.0,0.0,0.0,0.0,0.0,0.0,0.0,0.0,0.0,0
1786495156,798624753,100.0,-1.7185590902911585,-1.7020428816424769,-1.1326659361468714,-4.617758814488546,-4.890351716672079,0.6903868913650513,0.0,-0.0,0.0,0.0,0.0,0.0,0.0,0.0,0.0,0.0,0.0,0.0,0
1786495156,818347692,100.0,-1.7185710112201136,-1.7020791212665003,-1.1327255407916468,-4.6177828947650355,-4.890351716672079,0.6903749108314514,0.0,-0.0,0.0,0.0,0.0,0.0,0.0,0.0,0.0,0.0,0.0,0.0,0
1786495156,838576316,100.0,-1.718595329915182,-1.702054802571432,-1.1327255407916468,-4.617758814488546,-4.890339676533834,0.6903509497642517,0.0,-0.0,0.0,0.0,0.0,0.0,0.0,0.0,0.0,0.0,0.0,0.0,0
1786495156,858366250,100.0,-1.718595329915182,-1.7020910421954554,-1.1326773802386683,-4.6177828947650355,-4.890375677739279,0.6903868913650513,0.0,-0.0,0.0,0.0,0.0,0.0,0.0,0.0,0.0,0.0,0.0,0.0,0
1786495156,878431320,100.0,-1.7185590902911585,-1.702054802571432,-1.1327136198626917,-4.617770854626791,-4.890375677739279,0.6903509497642517,0.0,-0.0,0.0,0.0,0.0,0.0,0.0,0.0,0.0,0.0,0.0,0.0,0
1786495156,898460865,100.0,-1.7185710112201136,-1.7021148840533655,-1.1327016989337366,-4.617770854626791,-4.890351716672079,0.6903509497642517,0.0,-0.0,0.0,0.0,0.0,0.0,0.0,0.0,0.0,0.0,0.0,0.0,0
1786495156,918536424,100.0,-1.718595329915182,-1.7020910421954554,-1.1326659361468714,-4.6177828947650355,-4.890351716672079,0.6903269290924072,0.0,-0.0,0.0,0.0,0.0,0.0,0.0,0.0,0.0,0.0,0.0,0.0,0
1786495156,938363075,100.0,-1.7185710112201136,-1.7020309607135218,-1.1326897780047815,-4.61784273782839,-4.890351716672079,0.6903988718986511,0.0,-0.0,0.0,0.0,0.0,0.0,0.0,0.0,0.0,0.0,0.0,0.0,0
1786495156,958611011,100.0,-1.718595329915182,-1.702066723500387,-1.1326540152179163,-4.617770854626791,-4.890375677739279,0.6903988718986511,0.0,-0.0,0.0,0.0,0.0,0.0,0.0,0.0,0.0,0.0,0.0,0.0,0
1786495156,978409290,100.0,-1.718595329915182,-1.7020791212665003,-1.1326540152179163,-4.6177948156939905,-4.890375677739279,0.6903749108314514,0.0,-0.0,0.0,0.0,0.0,0.0,0.0,0.0,0.0,0.0,0.0,0.0,0
1786495156,998551607,100.0,-1.7185352484332483,-1.7020910421954554,-1.1327255407916468,-4.6177348534213465,-4.890387598668234,0.6903749108314514,0.0,-0.0,0.0,0.0,0.0,0.0,0.0,0.0,0.0,0.0,0.0,0.0,0
1786495157,18305540,100.0,-1.718619171773092,-1.702066723500387,-1.1326659361468714,-4.6177948156939905,-4.890327755604879,0.6903509497642517,0.0,-0.0,0.0,0.0,0.0,0.0,0.0,0.0,0.0,0.0,0.0,0.0,0
1786495157,38461446,100.0,-1.7185590902911585,-1.702054802571432,-1.1326659361468714,-4.617758814488546,-4.890375677739279,0.6903509497642517,0.0,-0.0,0.0,0.0,0.0,0.0,0.0,0.0,0.0,0.0,0.0,0.0,0
1786495157,58314800,100.0,-1.7185590902911585,-1.7020791212665003,-1.1326897780047815,-4.6177948156939905,-4.890363637601034,0.6903629302978516,0.0,-0.0,0.0,0.0,0.0,0.0,0.0,0.0,0.0,0.0,0.0,0.0,0
1786495157,78556776,100.0,-1.718595329915182,-1.7020791212665003,-1.1327016989337366,-4.617770854626791,-4.890327755604879,0.690410852432251,0.0,-0.0,0.0,0.0,0.0,0.0,0.0,0.0,0.0,0.0,0.0,0.0,0
1786495157,98532438,100.0,-1.718595329915182,-1.7021029631244105,-1.1326773802386683,-4.617758814488546,-4.890387598668234,0.6903868913650513,0.0,-0.0,0.0,0.0,0.0,0.0,0.0,0.0,0.0,0.0,0.0,0.0,0
1786495157,118519306,100.0,-1.7185590902911585,-1.7021029631244105,-1.1326773802386683,-4.617806855832235,-4.890375677739279,0.6903629302978516,0.0,-0.0,0.0,0.0,0.0,0.0,0.0,0.0,0.0,0.0,0.0,0.0,0
1786495157,138390779,100.0,-1.7185710112201136,-1.7020791212665003,-1.1326773802386683,-4.617770854626791,-4.890423957501547,0.6903629302978516,0.0,-0.0,0.0,0.0,0.0,0.0,0.0,0.0,0.0,0.0,0.0,0.0,0
1786495157,158407926,100.0,-1.718595329915182,-1.7021029631244105,-1.1326301733600062,-4.617770854626791,-4.890327755604879,0.6903629302978516,0.0,-0.0,0.0,0.0,0.0,0.0,0.0,0.0,0.0,0.0,0.0,0.0,0
1786495157,178367137,100.0,-1.7185710112201136,-1.702054802571432,-1.1326540152179163,-4.617770854626791,-4.890339676533834,0.6903509497642517,0.0,-0.0,0.0,0.0,0.0,0.0,0.0,0.0,0.0,0.0,0.0,0.0,0
1786495157,198593616,100.0,-1.718619171773092,-1.7021148840533655,-1.1326897780047815,-4.617746893559591,-4.890375677739279,0.6903749108314514,0.0,-0.0,0.0,0.0,0.0,0.0,0.0,0.0,0.0,0.0,0.0,0.0,0
1786495157,218395471,100.0,-1.7185590902911585,-1.7021029631244105,-1.1326420942889612,-4.6177828947650355,-4.890327755604879,0.6903988718986511,0.0,-0.0,0.0,0.0,0.0,0.0,0.0,0.0,0.0,0.0,0.0,0.0,0
1786495157,238540172,100.0,-1.7185471693622034,-1.7020791212665003,-1.1326659361468714,-4.617758814488546,-4.890387598668234,0.6903629302978516,0.0,-0.0,0.0,0.0,0.0,0.0,0.0,0.0,0.0,0.0,0.0,0.0,0
1786495157,258335828,100.0,-1.718595329915182,-1.702054802571432,-1.1326773802386683,-4.6177948156939905,-4.890363637601034,0.6903868913650513,0.0,-0.0,0.0,0.0,0.0,0.0,0.0,0.0,0.0,0.0,0.0,0.0,0
1786495157,278572082,100.0,-1.7185471693622034,-1.702066723500387,-1.1326897780047815,-4.617746893559591,-4.890351716672079,0.6903988718986511,0.0,-0.0,0.0,0.0,0.0,0.0,0.0,0.0,0.0,0.0,0.0,0.0,0
1786495157,298541307,100.0,-1.718595329915182,-1.7021029631244105,-1.1327016989337366,-4.617758814488546,-4.890351716672079,0.6903629302978516,0.0,-0.0,0.0,0.0,0.0,0.0,0.0,0.0,0.0,0.0,0.0,0.0,0
1786495157,318523883,100.0,-1.7185829321490687,-1.702066723500387,-1.1326897780047815,-4.617770854626791,-4.890351716672079,0.6903749108314514,0.0,-0.0,0.0,0.0,0.0,0.0,0.0,0.0,0.0,0.0,0.0,0.0,0
1786495157,338403224,100.0,-1.718595329915182,-1.7020910421954554,-1.1326773802386683,-4.617746893559591,-4.890351716672079,0.6903389096260071,0.0,-0.0,0.0,0.0,0.0,0.0,0.0,0.0,0.0,0.0,0.0,0.0,0
1786495157,358530998,100.0,-1.7185590902911585,-1.7021029631244105,-1.1326773802386683,-4.6177948156939905,-4.890387598668234,0.690410852432251,0.0,-0.0,0.0,0.0,0.0,0.0,0.0,0.0,0.0,0.0,0.0,0.0,0
1786495157,378517389,100.0,-1.718595329915182,-1.7020910421954554,-1.1326897780047815,-4.6177828947650355,-4.890351716672079,0.690410852432251,0.0,-0.0,0.0,0.0,0.0,0.0,0.0,0.0,0.0,0.0,0.0,0.0,0
1786495157,398653507,100.0,-1.7185710112201136,-1.7020910421954554,-1.1326659361468714,-4.617758814488546,-4.890363637601034,0.6903749108314514,0.0,-0.0,0.0,0.0,0.0,0.0,0.0,0.0,0.0,0.0,0.0,0.0,0
1786495157,418501615,100.0,-1.718595329915182,-1.7020428816424769,-1.1326659361468714,-4.6177948156939905,-4.890412036572592,0.6903749108314514,0.0,-0.0,0.0,0.0,0.0,0.0,0.0,0.0,0.0,0.0,0.0,0.0,0
1786495157,438580989,100.0,-1.7185710112201136,-1.7020190397845667,-1.1326773802386683,-4.617758814488546,-4.890375677739279,0.6903629302978516,0.0,-0.0,0.0,0.0,0.0,0.0,0.0,0.0,0.0,0.0,0.0,0.0,0
1786495157,458421707,100.0,-1.7185352484332483,-1.7020791212665003,-1.1326897780047815,-4.617770854626791,-4.890339676533834,0.6903749108314514,0.0,-0.0,0.0,0.0,0.0,0.0,0.0,0.0,0.0,0.0,0.0,0.0,0
1786495157,478445768,100.0,-1.7185829321490687,-1.702054802571432,-1.1327136198626917,-4.6177828947650355,-4.890315715466635,0.690410852432251,0.0,-0.0,0.0,0.0,0.0,0.0,0.0,0.0,0.0,0.0,0.0,0.0,0
1786495157,498782873,100.0,-1.7185710112201136,-1.7020910421954554,-1.1326540152179163,-4.6177828947650355,-4.890399638806478,0.6903988718986511,0.0,-0.0,0.0,0.0,0.0,0.0,0.0,0.0,0.0,0.0,0.0,0.0,0
1786495157,518520116,100.0,-1.7185829321490687,-1.7020309607135218,-1.1326773802386683,-4.617758814488546,-4.890327755604879,0.6903868913650513,0.0,-0.0,0.0,0.0,0.0,0.0,0.0,0.0,0.0,0.0,0.0,0.0,0
1786495157,538412809,100.0,-1.7185471693622034,-1.7020910421954554,-1.1326659361468714,-4.617806855832235,-4.890351716672079,0.6903749108314514,0.0,-0.0,0.0,0.0,0.0,0.0,0.0,0.0,0.0,0.0,0.0,0.0,0
1786495157,558436393,100.0,-1.7185590902911585,-1.7020071188556116,-1.1327016989337366,-4.617758814488546,-4.890375677739279,0.6903629302978516,0.0,-0.0,0.0,0.0,0.0,0.0,0.0,0.0,0.0,0.0,0.0,0.0,0
1786495157,578341722,100.0,-1.7186310927020472,-1.702054802571432,-1.1327016989337366,-4.617746893559591,-4.890327755604879,0.6903988718986511,0.0,-0.0,0.0,0.0,0.0,0.0,0.0,0.0,0.0,0.0,0.0,0.0,0
1786495157,598593235,100.0,-1.718595329915182,-1.702054802571432,-1.1326301733600062,-4.617770854626791,-4.890327755604879,0.6903629302978516,0.0,-0.0,0.0,0.0,0.0,0.0,0.0,0.0,0.0,0.0,0.0,0.0,0
1786495157,618332624,100.0,-1.7185829321490687,-1.702066723500387,-1.1326659361468714,-4.6177828947650355,-4.890339676533834,0.6903629302978516,0.0,-0.0,0.0,0.0,0.0,0.0,0.0,0.0,0.0,0.0,0.0,0.0,0
1786495157,638632297,100.0,-1.7185590902911585,-1.7021148840533655,-1.1327016989337366,-4.6177948156939905,-4.890387598668234,0.6903988718986511,0.0,-0.0,0.0,0.0,0.0,0.0,0.0,0.0,0.0,0.0,0.0,0.0,0
1786495157,658552646,100.0,-1.7185590902911585,-1.7020190397845667,-1.1326659361468714,-4.61781877676119,-4.890351716672079,0.6903629302978516,0.0,-0.0,0.0,0.0,0.0,0.0,0.0,0.0,0.0,0.0,0.0,0.0,0
1786495157,678446292,100.0,-1.718595329915182,-1.7021148840533655,-1.1326659361468714,-4.617758814488546,-4.890351716672079,0.690410852432251,0.0,-0.0,0.0,0.0,0.0,0.0,0.0,0.0,0.0,0.0,0.0,0.0,0
1786495157,698732137,100.0,-1.7185590902911585,-1.7020910421954554,-1.1326773802386683,-4.617770854626791,-4.890363637601034,0.6903988718986511,0.0,-0.0,0.0,0.0,0.0,0.0,0.0,0.0,0.0,0.0,0.0,0.0,0
1786495157,718656778,100.0,-1.7185710112201136,-1.7020791212665003,-1.1326773802386683,-4.617746893559591,-4.890339676533834,0.6903629302978516,0.0,-0.0,0.0,0.0,0.0,0.0,0.0,0.0,0.0,0.0,0.0,0.0,0
1786495157,738419294,100.0,-1.7185590902911585,-1.7020791212665003,-1.1326659361468714,-4.617758814488546,-4.890399638806478,0.6903629302978516,0.0,-0.0,0.0,0.0,0.0,0.0,0.0,0.0,0.0,0.0,0.0,0.0,0
1786495157,758428096,100.0,-1.7185590902911585,-1.702054802571432,-1.1326659361468714,-4.617746893559591,-4.890339676533834,0.6903868913650513,0.0,-0.0,0.0,0.0,0.0,0.0,0.0,0.0,0.0,0.0,0.0,0.0,0
1786495157,778522253,100.0,-1.7185590902911585,-1.7020910421954554,-1.1326659361468714,-4.617806855832235,-4.890412036572592,0.6903269290924072,0.0,-0.0,0.0,0.0,0.0,0.0,0.0,0.0,0.0,0.0,0.0,0.0,0
1786495157,798587560,100.0,-1.7185471693622034,-1.7020309607135218,-1.1326301733600062,-4.617758814488546,-4.890387598668234,0.6903509497642517,0.0,-0.0,0.0,0.0,0.0,0.0,0.0,0.0,0.0,0.0,0.0,0.0,0
1786495157,818363904,100.0,-1.718607250844137,-1.702054802571432,-1.1327136198626917,-4.6177828947650355,-4.890327755604879,0.6903269290924072,0.0,-0.0,0.0,0.0,0.0,0.0,0.0,0.0,0.0,0.0,0.0,0.0,0
1786495157,838510990,100.0,-1.7185829321490687,-1.702066723500387,-1.1326897780047815,-4.617758814488546,-4.890327755604879,0.6903629302978516,0.0,-0.0,0.0,0.0,0.0,0.0,0.0,0.0,0.0,0.0,0.0,0.0,0
1786495157,858826160,100.0,-1.7185829321490687,-1.7021029631244105,-1.1326773802386683,-4.6177348534213465,-4.890327755604879,0.6903749108314514,0.0,-0.0,0.0,0.0,0.0,0.0,0.0,0.0,0.0,0.0,0.0,0.0,0
1786495157,878576278,100.0,-1.7185829321490687,-1.7020791212665003,-1.1326659361468714,-4.6177948156939905,-4.890399638806478,0.6903749108314514,0.0,-0.0,0.0,0.0,0.0,0.0,0.0,0.0,0.0,0.0,0.0,0.0,0
1786495157,898976087,100.0,-1.718595329915182,-1.7020309607135218,-1.1326301733600062,-4.6177348534213465,-4.890363637601034,0.690410852432251,0.0,-0.0,0.0,0.0,0.0,0.0,0.0,0.0,0.0,0.0,0.0,0.0,0
1786495157,918583393,100.0,-1.7185471693622034,-1.702054802571432,-1.1327016989337366,-4.617746893559591,-4.890387598668234,0.6903988718986511,0.0,-0.0,0.0,0.0,0.0,0.0,0.0,0.0,0.0,0.0,0.0,0.0,0
1786495157,938418388,100.0,-1.7185829321490687,-1.7020910421954554,-1.1326659361468714,-4.617722932492391,-4.890351716672079,0.6903749108314514,0.0,-0.0,0.0,0.0,0.0,0.0,0.0,0.0,0.0,0.0,0.0,0.0,0
1786495157,958546876,100.0,-1.718607250844137,-1.702066723500387,-1.1326659361468714,-4.6177828947650355,-4.890351716672079,0.6903389096260071,0.0,-0.0,0.0,0.0,0.0,0.0,0.0,0.0,0.0,0.0,0.0,0.0,0
1786495157,978532791,100.0,-1.7185590902911585,-1.702066723500387,-1.1327136198626917,-4.6177348534213465,-4.890327755604879,0.690410852432251,0.0,-0.0,0.0,0.0,0.0,0.0,0.0,0.0,0.0,0.0,0.0,0.0,0
1786495157,998569965,100.0,-1.718595329915182,-1.7020190397845667,-1.1326897780047815,-4.6177948156939905,-4.890375677739279,0.6903988718986511,0.0,-0.0,0.0,0.0,0.0,0.0,0.0,0.0,0.0,0.0,0.0,0.0,0
1786495158,18369674,100.0,-1.718619171773092,-1.702066723500387,-1.1327016989337366,-4.61781877676119,-4.890412036572592,0.6903629302978516,0.0,-0.0,0.0,0.0,0.0,0.0,0.0,0.0,0.0,0.0,0.0,0.0,0
1786495158,38620471,100.0,-1.718595329915182,-1.7020791212665003,-1.1327016989337366,-4.617770854626791,-4.890315715466635,0.6903749108314514,0.0,-0.0,0.0,0.0,0.0,0.0,0.0,0.0,0.0,0.0,0.0,0.0,0
1786495158,58369398,100.0,-1.7185829321490687,-1.7020190397845667,-1.1326897780047815,-4.617770854626791,-4.890339676533834,0.6903389096260071,0.0,-0.0,0.0,0.0,0.0,0.0,0.0,0.0,0.0,0.0,0.0,0.0,0
1786495158,78548669,100.0,-1.718619171773092,-1.702066723500387,-1.1327016989337366,-4.617746893559591,-4.890339676533834,0.690410852432251,0.0,-0.0,0.0,0.0,0.0,0.0,0.0,0.0,0.0,0.0,0.0,0.0,0
1786495158,98576545,100.0,-1.718607250844137,-1.702066723500387,-1.1327255407916468,-4.617758814488546,-4.890363637601034,0.6903988718986511,0.0,-0.0,0.0,0.0,0.0,0.0,0.0,0.0,0.0,0.0,0.0,0.0,0
1786495158,118534803,100.0,-1.7185352484332483,-1.7021029631244105,-1.1326773802386683,-4.617770854626791,-4.890375677739279,0.6903749108314514,0.0,-0.0,0.0,0.0,0.0,0.0,0.0,0.0,0.0,0.0,0.0,0.0,0
1786495158,138517141,100.0,-1.7185233275042933,-1.7020190397845667,-1.1326659361468714,-4.6177948156939905,-4.890315715466635,0.6903868913650513,0.0,-0.0,0.0,0.0,0.0,0.0,0.0,0.0,0.0,0.0,0.0,0.0,0
1786495158,158585786,100.0,-1.7185710112201136,-1.7020428816424769,-1.1326540152179163,-4.617746893559591,-4.890339676533834,0.6903269290924072,0.0,-0.0,0.0,0.0,0.0,0.0,0.0,0.0,0.0,0.0,0.0,0.0,0
1786495158,178416490,100.0,-1.718619171773092,-1.7021268049823206,-1.1327136198626917,-4.617722932492391,-4.890375677739279,0.6903509497642517,0.0,-0.0,0.0,0.0,0.0,0.0,0.0,0.0,0.0,0.0,0.0,0.0,0
1786495158,198573827,100.0,-1.7185710112201136,-1.7020190397845667,-1.1327016989337366,-4.6177828947650355,-4.890399638806478,0.6903389096260071,0.0,-0.0,0.0,0.0,0.0,0.0,0.0,0.0,0.0,0.0,0.0,0.0,0
1786495158,218354701,100.0,-1.7185710112201136,-1.702066723500387,-1.1327016989337366,-4.617806855832235,-4.890339676533834,0.6903629302978516,0.0,-0.0,0.0,0.0,0.0,0.0,0.0,0.0,0.0,0.0,0.0,0.0,0
1786495158,238542079,100.0,-1.718619171773092,-1.7020791212665003,-1.1327016989337366,-4.6177828947650355,-4.890351716672079,0.690410852432251,0.0,-0.0,0.0,0.0,0.0,0.0,0.0,0.0,0.0,0.0,0.0,0.0,0
1786495158,258347749,100.0,-1.718607250844137,-1.7020910421954554,-1.1326540152179163,-4.6177828947650355,-4.890387598668234,0.6903749108314514,0.0,-0.0,0.0,0.0,0.0,0.0,0.0,0.0,0.0,0.0,0.0,0.0,0
1786495158,278531074,100.0,-1.718619171773092,-1.7020791212665003,-1.1326659361468714,-4.617770854626791,-4.890351716672079,0.6903868913650513,0.0,-0.0,0.0,0.0,0.0,0.0,0.0,0.0,0.0,0.0,0.0,0.0,0
1786495158,298576831,100.0,-1.718595329915182,-1.7020190397845667,-1.1326659361468714,-4.6177348534213465,-4.890375677739279,0.690410852432251,0.0,-0.0,0.0,0.0,0.0,0.0,0.0,0.0,0.0,0.0,0.0,0.0,0
1786495158,318461656,100.0,-1.718595329915182,-1.7020791212665003,-1.1326540152179163,-4.6177828947650355,-4.890363637601034,0.6903389096260071,0.0,-0.0,0.0,0.0,0.0,0.0,0.0,0.0,0.0,0.0,0.0,0.0,0
1786495158,338540554,100.0,-1.7185829321490687,-1.702066723500387,-1.1326897780047815,-4.617770854626791,-4.890327755604879,0.6903509497642517,0.0,-0.0,0.0,0.0,0.0,0.0,0.0,0.0,0.0,0.0,0.0,0.0,0
1786495158,358565092,100.0,-1.7185471693622034,-1.7021029631244105,-1.1327374617206019,-4.6177348534213465,-4.890351716672079,0.6903629302978516,0.0,-0.0,0.0,0.0,0.0,0.0,0.0,0.0,0.0,0.0,0.0,0.0,0
1786495158,378411531,100.0,-1.718595329915182,-1.702054802571432,-1.1326897780047815,-4.6177348534213465,-4.890363637601034,0.6903269290924072,0.0,-0.0,0.0,0.0,0.0,0.0,0.0,0.0,0.0,0.0,0.0,0.0,0
1786495158,398560523,100.0,-1.718619171773092,-1.7020791212665003,-1.1327136198626917,-4.6177828947650355,-4.890375677739279,0.690410852432251,0.0,-0.0,0.0,0.0,0.0,0.0,0.0,0.0,0.0,0.0,0.0,0.0,0
1786495158,418396949,100.0,-1.7185590902911585,-1.702066723500387,-1.1326540152179163,-4.617806855832235,-4.890399638806478,0.6903749108314514,0.0,-0.0,0.0,0.0,0.0,0.0,0.0,0.0,0.0,0.0,0.0,0.0,0
1786495158,438603401,100.0,-1.7185710112201136,-1.7020428816424769,-1.1326540152179163,-4.6177948156939905,-4.890363637601034,0.6903629302978516,0.0,-0.0,0.0,0.0,0.0,0.0,0.0,0.0,0.0,0.0,0.0,0.0,0
1786495158,458336353,100.0,-1.7185829321490687,-1.7020428816424769,-1.1326540152179163,-4.617758814488546,-4.890339676533834,0.6903269290924072,0.0,-0.0,0.0,0.0,0.0,0.0,0.0,0.0,0.0,0.0,0.0,0.0,0
1786495158,478433370,100.0,-1.7185590902911585,-1.7020428816424769,-1.1326540152179163,-4.6177948156939905,-4.890327755604879,0.6904348134994507,0.0,-0.0,0.0,0.0,0.0,0.0,0.0,0.0,0.0,0.0,0.0,0.0,0
1786495158,498603582,100.0,-1.7185471693622034,-1.702066723500387,-1.1326659361468714,-4.61781877676119,-4.890375677739279,0.6903629302978516,0.0,-0.0,0.0,0.0,0.0,0.0,0.0,0.0,0.0,0.0,0.0,0.0,0
1786495158,518520593,100.0,-1.7185829321490687,-1.702066723500387,-1.1326773802386683,-4.617758814488546,-4.890351716672079,0.6903868913650513,0.0,-0.0,0.0,0.0,0.0,0.0,0.0,0.0,0.0,0.0,0.0,0.0,0
1786495158,538506984,100.0,-1.7185590902911585,-1.7021148840533655,-1.1326540152179163,-4.617770854626791,-4.890375677739279,0.6903749108314514,0.0,-0.0,0.0,0.0,0.0,0.0,0.0,0.0,0.0,0.0,0.0,0.0,0
1786495158,558619737,100.0,-1.718595329915182,-1.702066723500387,-1.1326897780047815,-4.61781877676119,-4.890387598668234,0.6904228329658508,0.0,-0.0,0.0,0.0,0.0,0.0,0.0,0.0,0.0,0.0,0.0,0.0,0
1786495158,578385353,100.0,-1.718607250844137,-1.7021148840533655,-1.1326897780047815,-4.617770854626791,-4.890327755604879,0.6903389096260071,0.0,-0.0,0.0,0.0,0.0,0.0,0.0,0.0,0.0,0.0,0.0,0.0,0
1786495158,598584413,100.0,-1.718595329915182,-1.7020910421954554,-1.1326897780047815,-4.617770854626791,-4.890327755604879,0.6903509497642517,0.0,-0.0,0.0,0.0,0.0,0.0,0.0,0.0,0.0,0.0,0.0,0.0,0
1786495158,618390083,100.0,-1.718607250844137,-1.702054802571432,-1.1326773802386683,-4.617758814488546,-4.890412036572592,0.6903749108314514,0.0,-0.0,0.0,0.0,0.0,0.0,0.0,0.0,0.0,0.0,0.0,0.0,0
1786495158,638613462,100.0,-1.718595329915182,-1.7021029631244105,-1.1327136198626917,-4.617770854626791,-4.890399638806478,0.6903629302978516,0.0,-0.0,0.0,0.0,0.0,0.0,0.0,0.0,0.0,0.0,0.0,0.0,0
1786495158,658410310,100.0,-1.7185471693622034,-1.7020791212665003,-1.1326897780047815,-4.6177348534213465,-4.890387598668234,0.6904228329658508,0.0,-0.0,0.0,0.0,0.0,0.0,0.0,0.0,0.0,0.0,0.0,0.0,0
1786495158,678458690,100.0,-1.7185829321490687,-1.702066723500387,-1.1326897780047815,-4.6177828947650355,-4.890351716672079,0.6903389096260071,0.0,-0.0,0.0,0.0,0.0,0.0,0.0,0.0,0.0,0.0,0.0,0.0,0
1786495158,698696374,100.0,-1.7185590902911585,-1.7020910421954554,-1.1326897780047815,-4.617758814488546,-4.890375677739279,0.6903988718986511,0.0,-0.0,0.0,0.0,0.0,0.0,0.0,0.0,0.0,0.0,0.0,0.0,0
1786495158,718638181,100.0,-1.7185352484332483,-1.7021268049823206,-1.1326659361468714,-4.617758814488546,-4.890363637601034,0.6903988718986511,0.0,-0.0,0.0,0.0,0.0,0.0,0.0,0.0,0.0,0.0,0.0,0.0,0
1786495158,738365888,100.0,-1.718607250844137,-1.7020791212665003,-1.1327255407916468,-4.617770854626791,-4.890327755604879,0.6903629302978516,0.0,-0.0,0.0,0.0,0.0,0.0,0.0,0.0,0.0,0.0,0.0,0.0,0
1786495158,758401393,100.0,-1.718607250844137,-1.7021029631244105,-1.1327016989337366,-4.6177948156939905,-4.890363637601034,0.6903749108314514,0.0,-0.0,0.0,0.0,0.0,0.0,0.0,0.0,0.0,0.0,0.0,0.0,0
1786495158,778337001,100.0,-1.7185471693622034,-1.702066723500387,-1.1326897780047815,-4.617746893559591,-4.890339676533834,0.6903988718986511,0.0,-0.0,0.0,0.0,0.0,0.0,0.0,0.0,0.0,0.0,0.0,0.0,0
1786495158,798691987,100.0,-1.7185471693622034,-1.702054802571432,-1.1326301733600062,-4.61781877676119,-4.890387598668234,0.6903629302978516,0.0,-0.0,0.0,0.0,0.0,0.0,0.0,0.0,0.0,0.0,0.0,0.0,0
1786495158,818423986,100.0,-1.7185352484332483,-1.7020309607135218,-1.1326659361468714,-4.617746893559591,-4.890351716672079,0.6903868913650513,0.0,-0.0,0.0,0.0,0.0,0.0,0.0,0.0,0.0,0.0,0.0,0.0,0
1786495158,838635921,100.0,-1.7185710112201136,-1.702066723500387,-1.1326773802386683,-4.6177948156939905,-4.890339676533834,0.6903749108314514,0.0,-0.0,0.0,0.0,0.0,0.0,0.0,0.0,0.0,0.0,0.0,0.0,0
1786495158,858316183,100.0,-1.718619171773092,-1.7020791212665003,-1.1326773802386683,-4.6177948156939905,-4.890375677739279,0.6903509497642517,0.0,-0.0,0.0,0.0,0.0,0.0,0.0,0.0,0.0,0.0,0.0,0.0,0
1786495158,878450632,100.0,-1.7185590902911585,-1.7020309607135218,-1.1327016989337366,-4.617758814488546,-4.890339676533834,0.6903629302978516,0.0,-0.0,0.0,0.0,0.0,0.0,0.0,0.0,0.0,0.0,0.0,0.0,0
1786495158,898716449,100.0,-1.718595329915182,-1.7020910421954554,-1.1326659361468714,-4.617758814488546,-4.890375677739279,0.6903629302978516,0.0,-0.0,0.0,0.0,0.0,0.0,0.0,0.0,0.0,0.0,0.0,0.0,0
1786495158,918580532,100.0,-1.7185352484332483,-1.7020910421954554,-1.1326773802386683,-4.617746893559591,-4.890387598668234,0.6904228329658508,0.0,-0.0,0.0,0.0,0.0,0.0,0.0,0.0,0.0,0.0,0.0,0.0,0
1786495158,938407182,100.0,-1.7186310927020472,-1.702066723500387,-1.1326897780047815,-4.617770854626791,-4.890351716672079,0.6903749108314514,0.0,-0.0,0.0,0.0,0.0,0.0,0.0,0.0,0.0,0.0,0.0,0.0,0
1786495158,958500385,100.0,-1.7185590902911585,-1.7021029631244105,-1.1327136198626917,-4.617746893559591,-4.890375677739279,0.6903509497642517,0.0,-0.0,0.0,0.0,0.0,0.0,0.0,0.0,0.0,0.0,0.0,0.0,0
1786495158,978364229,100.0,-1.718619171773092,-1.702054802571432,-1.1326540152179163,-4.617722932492391,-4.890327755604879,0.6903868913650513,0.0,-0.0,0.0,0.0,0.0,0.0,0.0,0.0,0.0,0.0,0.0,0.0,0
1786495158,998605012,100.0,-1.718607250844137,-1.7020910421954554,-1.1326897780047815,-4.617770854626791,-4.890351716672079,0.6903509497642517,0.0,-0.0,0.0,0.0,0.0,0.0,0.0,0.0,0.0,0.0,0.0,0.0,0
1786495159,18539190,100.0,-1.7185829321490687,-1.7020428816424769,-1.1326773802386683,-4.617758814488546,-4.890375677739279,0.6903868913650513,0.0,-0.0,0.0,0.0,0.0,0.0,0.0,0.0,0.0,0.0,0.0,0.0,0
1786495159,38571596,100.0,-1.718619171773092,-1.7020309607135218,-1.1326659361468714,-4.6177828947650355,-4.890375677739279,0.690410852432251,0.0,-0.0,0.0,0.0,0.0,0.0,0.0,0.0,0.0,0.0,0.0,0.0,0
1786495159,58362483,100.0,-1.7186310927020472,-1.702054802571432,-1.1326540152179163,-4.617758814488546,-4.890399638806478,0.6903868913650513,0.0,-0.0,0.0,0.0,0.0,0.0,0.0,0.0,0.0,0.0,0.0,0.0,0
1786495159,78446626,100.0,-1.7185710112201136,-1.7020428816424769,-1.1327016989337366,-4.6177948156939905,-4.890351716672079,0.6903509497642517,0.0,-0.0,0.0,0.0,0.0,0.0,0.0,0.0,0.0,0.0,0.0,0.0,0
1786495159,98966598,100.0,-1.7185710112201136,-1.702066723500387,-1.1326773802386683,-4.617758814488546,-4.890399638806478,0.6903509497642517,0.0,-0.0,0.0,0.0,0.0,0.0,0.0,0.0,0.0,0.0,0.0,0.0,0
1786495159,118524074,100.0,-1.718619171773092,-1.7020428816424769,-1.1327016989337366,-4.6177348534213465,-4.890375677739279,0.6903629302978516,0.0,-0.0,0.0,0.0,0.0,0.0,0.0,0.0,0.0,0.0,0.0,0.0,0
1786495159,138402223,100.0,-1.7185829321490687,-1.702066723500387,-1.1326773802386683,-4.617758814488546,-4.890387598668234,0.6903269290924072,0.0,-0.0,0.0,0.0,0.0,0.0,0.0,0.0,0.0,0.0,0.0,0.0,0
1786495159,158515930,100.0,-1.7185590902911585,-1.7020910421954554,-1.1326659361468714,-4.617770854626791,-4.890339676533834,0.690410852432251,0.0,-0.0,0.0,0.0,0.0,0.0,0.0,0.0,0.0,0.0,0.0,0.0,0
1786495159,178404808,100.0,-1.718619171773092,-1.702066723500387,-1.1326659361468714,-4.6177948156939905,-4.890375677739279,0.6903988718986511,0.0,-0.0,0.0,0.0,0.0,0.0,0.0,0.0,0.0,0.0,0.0,0.0,0
1786495159,198948860,100.0,-1.718619171773092,-1.7020428816424769,-1.1326897780047815,-4.617758814488546,-4.890339676533834,0.6903749108314514,0.0,-0.0,0.0,0.0,0.0,0.0,0.0,0.0,0.0,0.0,0.0,0.0,0
1786495159,218363761,100.0,-1.7185829321490687,-1.7021029631244105,-1.1326659361468714,-4.6177948156939905,-4.890339676533834,0.6903749108314514,0.0,-0.0,0.0,0.0,0.0,0.0,0.0,0.0,0.0,0.0,0.0,0.0,0
1786495159,238590240,100.0,-1.7185590902911585,-1.7021268049823206,-1.1326897780047815,-4.6177348534213465,-4.890351716672079,0.6903389096260071,0.0,-0.0,0.0,0.0,0.0,0.0,0.0,0.0,0.0,0.0,0.0,0.0,0
1786495159,258455514,100.0,-1.718607250844137,-1.7020791212665003,-1.1326773802386683,-4.6177948156939905,-4.890399638806478,0.6903509497642517,0.0,-0.0,0.0,0.0,0.0,0.0,0.0,0.0,0.0,0.0,0.0,0.0,0
1786495159,278582572,100.0,-1.7186430136310022,-1.702066723500387,-1.1326659361468714,-4.6177948156939905,-4.890363637601034,0.6903389096260071,0.0,-0.0,0.0,0.0,0.0,0.0,0.0,0.0,0.0,0.0,0.0,0.0,0
1786495159,298399686,100.0,-1.7185710112201136,-1.7020190397845667,-1.1326773802386683,-4.6177828947650355,-4.890351716672079,0.6903868913650513,0.0,-0.0,0.0,0.0,0.0,0.0,0.0,0.0,0.0,0.0,0.0,0.0,0
1786495159,318660259,100.0,-1.7185471693622034,-1.702054802571432,-1.1327136198626917,-4.6177948156939905,-4.890363637601034,0.6903988718986511,0.0,-0.0,0.0,0.0,0.0,0.0,0.0,0.0,0.0,0.0,0.0,0.0,0
1786495159,338417053,100.0,-1.7186430136310022,-1.7020791212665003,-1.1326540152179163,-4.617770854626791,-4.890375677739279,0.6903988718986511,0.0,-0.0,0.0,0.0,0.0,0.0,0.0,0.0,0.0,0.0,0.0,0.0,0
1786495159,358401775,100.0,-1.7185590902911585,-1.7021148840533655,-1.1326659361468714,-4.617770854626791,-4.890387598668234,0.6903868913650513,0.0,-0.0,0.0,0.0,0.0,0.0,0.0,0.0,0.0,0.0,0.0,0.0,0
1786495159,378446578,100.0,-1.718595329915182,-1.7020910421954554,-1.1327016989337366,-4.617770854626791,-4.890339676533834,0.6903749108314514,0.0,-0.0,0.0,0.0,0.0,0.0,0.0,0.0,0.0,0.0,0.0,0.0,0
1786495159,398606061,100.0,-1.7185471693622034,-1.7020309607135218,-1.1327016989337366,-4.617758814488546,-4.890327755604879,0.6903509497642517,0.0,-0.0,0.0,0.0,0.0,0.0,0.0,0.0,0.0,0.0,0.0,0.0,0
1786495159,418445825,100.0,-1.7185829321490687,-1.7020428816424769,-1.1326773802386683,-4.6177348534213465,-4.890375677739279,0.6903509497642517,0.0,-0.0,0.0,0.0,0.0,0.0,0.0,0.0,0.0,0.0,0.0,0.0,0
1786495159,438584327,100.0,-1.7185710112201136,-1.7020791212665003,-1.1327016989337366,-4.6177948156939905,-4.890387598668234,0.6903749108314514,0.0,-0.0,0.0,0.0,0.0,0.0,0.0,0.0,0.0,0.0,0.0,0.0,0
1786495159,458282947,100.0,-1.7185590902911585,-1.7020428816424769,-1.1327136198626917,-4.617770854626791,-4.890375677739279,0.6903629302978516,0.0,-0.0,0.0,0.0,0.0,0.0,0.0,0.0,0.0,0.0,0.0,0.0,0
1786495159,478633642,100.0,-1.7185710112201136,-1.702066723500387,-1.1326420942889612,-4.617758814488546,-4.890351716672079,0.6903629302978516,0.0,-0.0,0.0,0.0,0.0,0.0,0.0,0.0,0.0,0.0,0.0,0.0,0
1786495159,498453617,100.0,-1.718619171773092,-1.7020428816424769,-1.1326773802386683,-4.617758814488546,-4.890363637601034,0.6903749108314514,0.0,-0.0,0.0,0.0,0.0,0.0,0.0,0.0,0.0,0.0,0.0,0.0,0
1786495159,518424510,100.0,-1.7185471693622034,-1.7020428816424769,-1.1326301733600062,-4.617806855832235,-4.890363637601034,0.6903509497642517,0.0,-0.0,0.0,0.0,0.0,0.0,0.0,0.0,0.0,0.0,0.0,0.0,0
1786495159,538377285,100.0,-1.7185471693622034,-1.7020309607135218,-1.1327016989337366,-4.6177828947650355,-4.890387598668234,0.6903868913650513,0.0,-0.0,0.0,0.0,0.0,0.0,0.0,0.0,0.0,0.0,0.0,0.0,0
1786495159,558537721,100.0,-1.7185710112201136,-1.7021029631244105,-1.1326897780047815,-4.6177828947650355,-4.890363637601034,0.6904228329658508,0.0,-0.0,0.0,0.0,0.0,0.0,0.0,0.0,0.0,0.0,0.0,0.0,0
1786495159,578364133,100.0,-1.718595329915182,-1.7020791212665003,-1.1326420942889612,-4.617758814488546,-4.890339676533834,0.690410852432251,0.0,-0.0,0.0,0.0,0.0,0.0,0.0,0.0,0.0,0.0,0.0,0.0,0
1786495159,598650932,100.0,-1.7185710112201136,-1.7020910421954554,-1.1326659361468714,-4.617758814488546,-4.890375677739279,0.6903988718986511,0.0,-0.0,0.0,0.0,0.0,0.0,0.0,0.0,0.0,0.0,0.0,0.0,0
1786495159,618407011,100.0,-1.7185829321490687,-1.7020071188556116,-1.1326897780047815,-4.617758814488546,-4.890363637601034,0.6903988718986511,0.0,-0.0,0.0,0.0,0.0,0.0,0.0,0.0,0.0,0.0,0.0,0.0,0
1786495159,638607978,100.0,-1.7185471693622034,-1.7020428816424769,-1.1326773802386683,-4.617770854626791,-4.890339676533834,0.6903749108314514,0.0,-0.0,0.0,0.0,0.0,0.0,0.0,0.0,0.0,0.0,0.0,0.0,0
1786495159,658309936,100.0,-1.7185829321490687,-1.7021029631244105,-1.1327136198626917,-4.6177948156939905,-4.890363637601034,0.6903868913650513,0.0,-0.0,0.0,0.0,0.0,0.0,0.0,0.0,0.0,0.0,0.0,0.0,0
1786495159,678422689,100.0,-1.7185829321490687,-1.702054802571432,-1.1327016989337366,-4.617770854626791,-4.890387598668234,0.6904228329658508,0.0,-0.0,0.0,0.0,0.0,0.0,0.0,0.0,0.0,0.0,0.0,0.0,0
1786495159,699023246,100.0,-1.718607250844137,-1.7021148840533655,-1.1326897780047815,-4.617758814488546,-4.890387598668234,0.690410852432251,0.0,-0.0,0.0,0.0,0.0,0.0,0.0,0.0,0.0,0.0,0.0,0.0,0
1786495159,718763113,100.0,-1.7185829321490687,-1.702066723500387,-1.1326420942889612,-4.6177948156939905,-4.890399638806478,0.6903509497642517,0.0,-0.0,0.0,0.0,0.0,0.0,0.0,0.0,0.0,0.0,0.0,0.0,0
1786495159,738352537,100.0,-1.718619171773092,-1.7020791212665003,-1.1326659361468714,-4.6177348534213465,-4.890399638806478,0.6903988718986511,0.0,-0.0,0.0,0.0,0.0,0.0,0.0,0.0,0.0,0.0,0.0,0.0,0
1786495159,758445739,100.0,-1.7185710112201136,-1.7020428816424769,-1.1326420942889612,-4.617746893559591,-4.890339676533834,0.6903629302978516,0.0,-0.0,0.0,0.0,0.0,0.0,0.0,0.0,0.0,0.0,0.0,0.0,0
1786495159,778327226,100.0,-1.7185710112201136,-1.7020190397845667,-1.1326773802386683,-4.617758814488546,-4.890363637601034,0.6903629302978516,0.0,-0.0,0.0,0.0,0.0,0.0,0.0,0.0,0.0,0.0,0.0,0.0,0
1786495159,798613309,100.0,-1.718595329915182,-1.7020910421954554,-1.1327136198626917,-4.6177828947650355,-4.890375677739279,0.6903988718986511,0.0,-0.0,0.0,0.0,0.0,0.0,0.0,0.0,0.0,0.0,0.0,0.0,0
1786495159,818585395,100.0,-1.7185590902911585,-1.7021148840533655,-1.1326897780047815,-4.617722932492391,-4.890351716672079,0.6903868913650513,0.0,-0.0,0.0,0.0,0.0,0.0,0.0,0.0,0.0,0.0,0.0,0.0,0
1786495159,838433980,100.0,-1.7185471693622034,-1.7020309607135218,-1.1326301733600062,-4.617806855832235,-4.890363637601034,0.6903629302978516,0.0,-0.0,0.0,0.0,0.0,0.0,0.0,0.0,0.0,0.0,0.0,0.0,0
1786495159,858291864,100.0,-1.7185710112201136,-1.7020910421954554,-1.1326659361468714,-4.617770854626791,-4.890327755604879,0.6903868913650513,0.0,-0.0,0.0,0.0,0.0,0.0,0.0,0.0,0.0,0.0,0.0,0.0,0
1786495159,878586769,100.0,-1.7185829321490687,-1.702066723500387,-1.1326773802386683,-4.617722932492391,-4.890327755604879,0.690410852432251,0.0,-0.0,0.0,0.0,0.0,0.0,0.0,0.0,0.0,0.0,0.0,0.0,0
1786495159,898513555,100.0,-1.7185829321490687,-1.7020910421954554,-1.1326773802386683,-4.617758814488546,-4.890375677739279,0.6903629302978516,0.0,-0.0,0.0,0.0,0.0,0.0,0.0,0.0,0.0,0.0,0.0,0.0,0
1786495159,918438911,100.0,-1.718607250844137,-1.702066723500387,-1.1326420942889612,-4.617770854626791,-4.890315715466635,0.6903629302978516,0.0,-0.0,0.0,0.0,0.0,0.0,0.0,0.0,0.0,0.0,0.0,0.0,0
1786495159,938421726,100.0,-1.7185829321490687,-1.7021029631244105,-1.1326540152179163,-4.6177828947650355,-4.890375677739279,0.6903749108314514,0.0,-0.0,0.0,0.0,0.0,0.0,0.0,0.0,0.0,0.0,0.0,0.0,0
1786495159,958567619,100.0,-1.718607250844137,-1.7020791212665003,-1.1326897780047815,-4.617758814488546,-4.890399638806478,0.6903868913650513,0.0,-0.0,0.0,0.0,0.0,0.0,0.0,0.0,0.0,0.0,0.0,0.0,0
1786495159,978367567,100.0,-1.7185352484332483,-1.7020190397845667,-1.1326659361468714,-4.617770854626791,-4.890339676533834,0.6903629302978516,0.0,-0.0,0.0,0.0,0.0,0.0,0.0,0.0,0.0,0.0,0.0,0.0,0
1786495159,998582124,100.0,-1.718607250844137,-1.7020910421954554,-1.1326659361468714,-4.617758814488546,-4.890339676533834,0.6903629302978516,0.0,-0.0,0.0,0.0,0.0,0.0,0.0,0.0,0.0,0.0,0.0,0.0,0
1786495160,18327951,100.0,-1.718595329915182,-1.702054802571432,-1.1326420942889612,-4.617758814488546,-4.890351716672079,0.6903988718986511,0.0,-0.0,0.0,0.0,0.0,0.0,0.0,0.0,0.0,0.0,0.0,0.0,0
1786495160,38529872,100.0,-1.7185590902911585,-1.7020428816424769,-1.1326659361468714,-4.617806855832235,-4.890351716672079,0.6903868913650513,0.0,-0.0,0.0,0.0,0.0,0.0,0.0,0.0,0.0,0.0,0.0,0.0,0
1786495160,58375120,100.0,-1.718607250844137,-1.7021148840533655,-1.1326773802386683,-4.617770854626791,-4.890363637601034,0.6903629302978516,0.0,-0.0,0.0,0.0,0.0,0.0,0.0,0.0,0.0,0.0,0.0,0.0,0
1786495160,78433513,100.0,-1.718595329915182,-1.7020910421954554,-1.1326540152179163,-4.6177948156939905,-4.890339676533834,0.6903749108314514,0.0,-0.0,0.0,0.0,0.0,0.0,0.0,0.0,0.0,0.0,0.0,0.0,0
1786495160,98544359,100.0,-1.7185829321490687,-1.7020791212665003,-1.1326540152179163,-4.617758814488546,-4.890399638806478,0.6903988718986511,0.0,-0.0,0.0,0.0,0.0,0.0,0.0,0.0,0.0,0.0,0.0,0.0,0
1786495160,118583202,100.0,-1.7185590902911585,-1.7020910421954554,-1.1326773802386683,-4.6177828947650355,-4.890315715466635,0.6903749108314514,0.0,-0.0,0.0,0.0,0.0,0.0,0.0,0.0,0.0,0.0,0.0,0.0,0
1786495160,138521671,100.0,-1.718607250844137,-1.702066723500387,-1.1326301733600062,-4.617746893559591,-4.890375677739279,0.690410852432251,0.0,-0.0,0.0,0.0,0.0,0.0,0.0,0.0,0.0,0.0,0.0,0.0,0
1786495160,158647537,100.0,-1.718607250844137,-1.7021148840533655,-1.1326773802386683,-4.617770854626791,-4.890363637601034,0.6903389096260071,0.0,-0.0,0.0,0.0,0.0,0.0,0.0,0.0,0.0,0.0,0.0,0.0,0
1786495160,178544998,100.0,-1.7185471693622034,-1.7021029631244105,-1.1326659361468714,-4.6177348534213465,-4.890351716672079,0.6903868913650513,0.0,-0.0,0.0,0.0,0.0,0.0,0.0,0.0,0.0,0.0,0.0,0.0,0
1786495160,198595523,100.0,-1.7185829321490687,-1.702066723500387,-1.1326540152179163,-4.6177948156939905,-4.890363637601034,0.690410852432251,0.0,-0.0,0.0,0.0,0.0,0.0,0.0,0.0,0.0,0.0,0.0,0.0,0
1786495160,218414306,100.0,-1.718595329915182,-1.7021029631244105,-1.1326773802386683,-4.6177828947650355,-4.890339676533834,0.6903629302978516,0.0,-0.0,0.0,0.0,0.0,0.0,0.0,0.0,0.0,0.0,0.0,0.0,0
1786495160,238524913,100.0,-1.7185710112201136,-1.7020428816424769,-1.1326773802386683,-4.617806855832235,-4.890399638806478,0.6903509497642517,0.0,-0.0,0.0,0.0,0.0,0.0,0.0,0.0,0.0,0.0,0.0,0.0,0
1786495160,258407831,100.0,-1.7185829321490687,-1.7021148840533655,-1.1326897780047815,-4.6177948156939905,-4.890327755604879,0.6903988718986511,0.0,-0.0,0.0,0.0,0.0,0.0,0.0,0.0,0.0,0.0,0.0,0.0,0
1786495160,278558015,100.0,-1.7185590902911585,-1.7020791212665003,-1.1327255407916468,-4.6177948156939905,-4.890339676533834,0.6903749108314514,0.0,-0.0,0.0,0.0,0.0,0.0,0.0,0.0,0.0,0.0,0.0,0.0,0
1786495160,299368381,100.0,-1.7185829321490687,-1.702054802571432,-1.1326540152179163,-4.617746893559591,-4.890375677739279,0.6903509497642517,0.0,-0.0,0.0,0.0,0.0,0.0,0.0,0.0,0.0,0.0,0.0,0.0,0
1786495160,318504095,100.0,-1.718595329915182,-1.7020309607135218,-1.1326897780047815,-4.6177828947650355,-4.890399638806478,0.6903868913650513,0.0,-0.0,0.0,0.0,0.0,0.0,0.0,0.0,0.0,0.0,0.0,0.0,0
1786495160,338418006,100.0,-1.718619171773092,-1.7021268049823206,-1.1326540152179163,-4.6177348534213465,-4.890339676533834,0.6903629302978516,0.0,-0.0,0.0,0.0,0.0,0.0,0.0,0.0,0.0,0.0,0.0,0.0,0
1786495160,358437538,100.0,-1.718595329915182,-1.7020910421954554,-1.1326897780047815,-4.617806855832235,-4.890363637601034,0.690410852432251,0.0,-0.0,0.0,0.0,0.0,0.0,0.0,0.0,0.0,0.0,0.0,0.0,0
1786495160,378384590,100.0,-1.718595329915182,-1.7021148840533655,-1.1326773802386683,-4.6177828947650355,-4.890399638806478,0.6903868913650513,0.0,-0.0,0.0,0.0,0.0,0.0,0.0,0.0,0.0,0.0,0.0,0.0,0
1786495160,398681879,100.0,-1.7185710112201136,-1.7020428816424769,-1.1326773802386683,-4.617770854626791,-4.890399638806478,0.6903629302978516,0.0,-0.0,0.0,0.0,0.0,0.0,0.0,0.0,0.0,0.0,0.0,0.0,0
1786495160,418419599,100.0,-1.718607250844137,-1.7020910421954554,-1.1326659361468714,-4.6177348534213465,-4.890387598668234,0.6903389096260071,0.0,-0.0,0.0,0.0,0.0,0.0,0.0,0.0,0.0,0.0,0.0,0.0,0
1786495160,438400745,100.0,-1.7185590902911585,-1.702054802571432,-1.1326659361468714,-4.617746893559591,-4.890339676533834,0.6903629302978516,0.0,-0.0,0.0,0.0,0.0,0.0,0.0,0.0,0.0,0.0,0.0,0.0,0
1786495160,458400726,100.0,-1.718607250844137,-1.702066723500387,-1.1326659361468714,-4.617758814488546,-4.890327755604879,0.6903629302978516,0.0,-0.0,0.0,0.0,0.0,0.0,0.0,0.0,0.0,0.0,0.0,0.0,0
1786495160,478590726,100.0,-1.7185829321490687,-1.702066723500387,-1.1326659361468714,-4.617758814488546,-4.890375677739279,0.6903868913650513,0.0,-0.0,0.0,0.0,0.0,0.0,0.0,0.0,0.0,0.0,0.0,0.0,0
1786495160,498508453,100.0,-1.7185710112201136,-1.702066723500387,-1.1326773802386683,-4.617758814488546,-4.890363637601034,0.6904228329658508,0.0,-0.0,0.0,0.0,0.0,0.0,0.0,0.0,0.0,0.0,0.0,0.0,0
1786495160,518452882,100.0,-1.7185471693622034,-1.7020428816424769,-1.1326897780047815,-4.617806855832235,-4.890375677739279,0.6903629302978516,0.0,-0.0,0.0,0.0,0.0,0.0,0.0,0.0,0.0,0.0,0.0,0.0,0
1786495160,538364648,100.0,-1.7185829321490687,-1.7021148840533655,-1.1327255407916468,-4.617758814488546,-4.890387598668234,0.690410852432251,0.0,-0.0,0.0,0.0,0.0,0.0,0.0,0.0,0.0,0.0,0.0,0.0,0
1786495160,558430910,100.0,-1.718595329915182,-1.7020791212665003,-1.1326773802386683,-4.617770854626791,-4.890351716672079,0.6903868913650513,0.0,-0.0,0.0,0.0,0.0,0.0,0.0,0.0,0.0,0.0,0.0,0.0,0
1786495160,578399896,100.0,-1.718619171773092,-1.7020791212665003,-1.1326540152179163,-4.617806855832235,-4.890387598668234,0.6903749108314514,0.0,-0.0,0.0,0.0,0.0,0.0,0.0,0.0,0.0,0.0,0.0,0.0,0
1786495160,598660707,100.0,-1.7185590902911585,-1.7020910421954554,-1.1326897780047815,-4.617722932492391,-4.890327755604879,0.6903868913650513,0.0,-0.0,0.0,0.0,0.0,0.0,0.0,0.0,0.0,0.0,0.0,0.0,0
1786495160,618517160,100.0,-1.7185710112201136,-1.7021148840533655,-1.1327136198626917,-4.6177828947650355,-4.890363637601034,0.690410852432251,0.0,-0.0,0.0,0.0,0.0,0.0,0.0,0.0,0.0,0.0,0.0,0.0,0
1786495160,638504743,100.0,-1.7185233275042933,-1.702066723500387,-1.1327016989337366,-4.6177828947650355,-4.890375677739279,0.6903629302978516,0.0,-0.0,0.0,0.0,0.0,0.0,0.0,0.0,0.0,0.0,0.0,0.0,0
1786495160,658348798,100.0,-1.7185352484332483,-1.7021148840533655,-1.1326773802386683,-4.6177828947650355,-4.890387598668234,0.6904228329658508,0.0,-0.0,0.0,0.0,0.0,0.0,0.0,0.0,0.0,0.0,0.0,0.0,0
1786495160,678434133,100.0,-1.7185710112201136,-1.7020428816424769,-1.1326773802386683,-4.617746893559591,-4.890387598668234,0.6903988718986511,0.0,-0.0,0.0,0.0,0.0,0.0,0.0,0.0,0.0,0.0,0.0,0.0,0
1786495160,698650121,100.0,-1.718607250844137,-1.7020190397845667,-1.1326773802386683,-4.6177948156939905,-4.890339676533834,0.6903629302978516,0.0,-0.0,0.0,0.0,0.0,0.0,0.0,0.0,0.0,0.0,0.0,0.0,0
1786495160,718421459,100.0,-1.718595329915182,-1.7021029631244105,-1.1327016989337366,-4.6177948156939905,-4.890351716672079,0.6903868913650513,0.0,-0.0,0.0,0.0,0.0,0.0,0.0,0.0,0.0,0.0,0.0,0.0,0
1786495160,738521099,100.0,-1.7185471693622034,-1.702054802571432,-1.1327255407916468,-4.6177828947650355,-4.890351716672079,0.6903749108314514,0.0,-0.0,0.0,0.0,0.0,0.0,0.0,0.0,0.0,0.0,0.0,0.0,0
1786495160,758536815,100.0,-1.7185352484332483,-1.7020791212665003,-1.1326540152179163,-4.6177348534213465,-4.890363637601034,0.6903389096260071,0.0,-0.0,0.0,0.0,0.0,0.0,0.0,0.0,0.0,0.0,0.0,0.0,0
1786495160,778507709,100.0,-1.718607250844137,-1.702054802571432,-1.1326659361468714,-4.617770854626791,-4.890339676533834,0.6903749108314514,0.0,-0.0,0.0,0.0,0.0,0.0,0.0,0.0,0.0,0.0,0.0,0.0,0
1786495160,798577547,100.0,-1.718595329915182,-1.7020428816424769,-1.1326897780047815,-4.617770854626791,-4.890375677739279,0.6903509497642517,0.0,-0.0,0.0,0.0,0.0,0.0,0.0,0.0,0.0,0.0,0.0,0.0,0
1786495160,818414688,100.0,-1.718595329915182,-1.702054802571432,-1.1327136198626917,-4.6177828947650355,-4.890339676533834,0.6903629302978516,0.0,-0.0,0.0,0.0,0.0,0.0,0.0,0.0,0.0,0.0,0.0,0.0,0
1786495160,838665962,100.0,-1.718607250844137,-1.7020190397845667,-1.1326540152179163,-4.617758814488546,-4.890363637601034,0.6903988718986511,0.0,-0.0,0.0,0.0,0.0,0.0,0.0,0.0,0.0,0.0,0.0,0.0,0
1786495160,858416795,100.0,-1.7185590902911585,-1.7020791212665003,-1.1326773802386683,-4.617770854626791,-4.890327755604879,0.6903749108314514,0.0,-0.0,0.0,0.0,0.0,0.0,0.0,0.0,0.0,0.0,0.0,0.0,0
1786495160,878459930,100.0,-1.718607250844137,-1.702066723500387,-1.1326659361468714,-4.617758814488546,-4.890327755604879,0.6903988718986511,0.0,-0.0,0.0,0.0,0.0,0.0,0.0,0.0,0.0,0.0,0.0,0.0,0
1786495160,898928165,100.0,-1.7186310927020472,-1.702066723500387,-1.1326420942889612,-4.6177348534213465,-4.890375677739279,0.6903749108314514,0.0,-0.0,0.0,0.0,0.0,0.0,0.0,0.0,0.0,0.0,0.0,0.0,0
1786495160,918609142,100.0,-1.718619171773092,-1.7021029631244105,-1.1326897780047815,-4.6177348534213465,-4.890375677739279,0.6903749108314514,0.0,-0.0,0.0,0.0,0.0,0.0,0.0,0.0,0.0,0.0,0.0,0.0,0
1786495160,938370466,100.0,-1.7185710112201136,-1.7020791212665003,-1.1326301733600062,-4.6177348534213465,-4.890387598668234,0.6903629302978516,0.0,-0.0,0.0,0.0,0.0,0.0,0.0,0.0,0.0,0.0,0.0,0.0,0
1786495160,958530664,100.0,-1.718619171773092,-1.7020791212665003,-1.1326773802386683,-4.617806855832235,-4.890327755604879,0.6903868913650513,0.0,-0.0,0.0,0.0,0.0,0.0,0.0,0.0,0.0,0.0,0.0,0.0,0
1786495160,978388786,100.0,-1.7185829321490687,-1.702066723500387,-1.1326540152179163,-4.6177948156939905,-4.890375677739279,0.6903868913650513,0.0,-0.0,0.0,0.0,0.0,0.0,0.0,0.0,0.0,0.0,0.0,0.0,0
1786495160,998611688,100.0,-1.7185829321490687,-1.702054802571432,-1.1326420942889612,-4.61781877676119,-4.890339676533834,0.6903749108314514,0.0,-0.0,0.0,0.0,0.0,0.0,0.0,0.0,0.0,0.0,0.0,0.0,0
1786495161,18586158,100.0,-1.7185710112201136,-1.7020309607135218,-1.1326659361468714,-4.6177948156939905,-4.890375677739279,0.6903509497642517,0.0,-0.0,0.0,0.0,0.0,0.0,0.0,0.0,0.0,0.0,0.0,0.0,0
1786495161,38547754,100.0,-1.7185352484332483,-1.702066723500387,-1.1326897780047815,-4.617758814488546,-4.890375677739279,0.6903629302978516,0.0,-0.0,0.0,0.0,0.0,0.0,0.0,0.0,0.0,0.0,0.0,0.0,0
1786495161,58327913,100.0,-1.718595329915182,-1.7020190397845667,-1.1326773802386683,-4.6177948156939905,-4.890387598668234,0.6903509497642517,0.0,-0.0,0.0,0.0,0.0,0.0,0.0,0.0,0.0,0.0,0.0,0.0,0
1786495161,78681945,100.0,-1.7185471693622034,-1.702066723500387,-1.1326058546649378,-4.617770854626791,-4.890327755604879,0.6903868913650513,0.0,-0.0,0.0,0.0,0.0,0.0,0.0,0.0,0.0,0.0,0.0,0.0,0
1786495161,98634243,100.0,-1.718595329915182,-1.702054802571432,-1.1327136198626917,-4.617770854626791,-4.890327755604879,0.6903629302978516,0.0,-0.0,0.0,0.0,0.0,0.0,0.0,0.0,0.0,0.0,0.0,0.0,0
1786495161,118444681,100.0,-1.7185829321490687,-1.7020309607135218,-1.1326540152179163,-4.617758814488546,-4.890351716672079,0.690410852432251,0.0,-0.0,0.0,0.0,0.0,0.0,0.0,0.0,0.0,0.0,0.0,0.0,0
1786495161,138414621,100.0,-1.718619171773092,-1.7021148840533655,-1.1326540152179163,-4.6177948156939905,-4.890412036572592,0.6903509497642517,0.0,-0.0,0.0,0.0,0.0,0.0,0.0,0.0,0.0,0.0,0.0,0.0,0
1786495161,158411264,100.0,-1.7185829321490687,-1.7020428816424769,-1.1326420942889612,-4.617758814488546,-4.890363637601034,0.6903509497642517,0.0,-0.0,0.0,0.0,0.0,0.0,0.0,0.0,0.0,0.0,0.0,0.0,0
1786495161,178379774,100.0,-1.7185710112201136,-1.7021506468402308,-1.1327255407916468,-4.617722932492391,-4.890351716672079,0.6903629302978516,0.0,-0.0,0.0,0.0,0.0,0.0,0.0,0.0,0.0,0.0,0.0,0.0,0
1786495161,198594808,100.0,-1.718595329915182,-1.7020428816424769,-1.1326659361468714,-4.617758814488546,-4.890399638806478,0.6903509497642517,0.0,-0.0,0.0,0.0,0.0,0.0,0.0,0.0,0.0,0.0,0.0,0.0,0
1786495161,218430042,100.0,-1.7185829321490687,-1.7020791212665003,-1.1327016989337366,-4.617758814488546,-4.890327755604879,0.6903988718986511,0.0,-0.0,0.0,0.0,0.0,0.0,0.0,0.0,0.0,0.0,0.0,0.0,0
1786495161,238512039,100.0,-1.718619171773092,-1.7020791212665003,-1.1326897780047815,-4.617806855832235,-4.890363637601034,0.6904348134994507,0.0,-0.0,0.0,0.0,0.0,0.0,0.0,0.0,0.0,0.0,0.0,0.0,0
1786495161,258345365,100.0,-1.7185471693622034,-1.7020428816424769,-1.1327136198626917,-4.617770854626791,-4.890363637601034,0.690410852432251,0.0,-0.0,0.0,0.0,0.0,0.0,0.0,0.0,0.0,0.0,0.0,0.0,0
1786495161,278576135,100.0,-1.718595329915182,-1.7020428816424769,-1.1327136198626917,-4.617806855832235,-4.890351716672079,0.6903868913650513,0.0,-0.0,0.0,0.0,0.0,0.0,0.0,0.0,0.0,0.0,0.0,0.0,0
1786495161,298402309,100.0,-1.7185471693622034,-1.7020309607135218,-1.1326773802386683,-4.617758814488546,-4.890363637601034,0.6903509497642517,0.0,-0.0,0.0,0.0,0.0,0.0,0.0,0.0,0.0,0.0,0.0,0.0,0
1786495161,318597555,100.0,-1.718607250844137,-1.7021029631244105,-1.1326773802386683,-4.617830816899435,-4.890327755604879,0.6903509497642517,0.0,-0.0,0.0,0.0,0.0,0.0,0.0,0.0,0.0,0.0,0.0,0.0,0
1786495161,338343143,100.0,-1.7185590902911585,-1.7020428816424769,-1.1327255407916468,-4.6177948156939905,-4.890363637601034,0.6903509497642517,0.0,-0.0,0.0,0.0,0.0,0.0,0.0,0.0,0.0,0.0,0.0,0.0,0
1786495161,358506679,100.0,-1.7185710112201136,-1.702054802571432,-1.1326897780047815,-4.617758814488546,-4.890363637601034,0.690410852432251,0.0,-0.0,0.0,0.0,0.0,0.0,0.0,0.0,0.0,0.0,0.0,0.0,0
1786495161,378369331,100.0,-1.7185829321490687,-1.7020428816424769,-1.1326897780047815,-4.617746893559591,-4.890387598668234,0.690410852432251,0.0,-0.0,0.0,0.0,0.0,0.0,0.0,0.0,0.0,0.0,0.0,0.0,0
1786495161,398638486,100.0,-1.7186430136310022,-1.702054802571432,-1.1326773802386683,-4.617806855832235,-4.890363637601034,0.6903749108314514,0.0,-0.0,0.0,0.0,0.0,0.0,0.0,0.0,0.0,0.0,0.0,0.0,0
1786495161,418374538,100.0,-1.7185829321490687,-1.7019708792315882,-1.1327136198626917,-4.61781877676119,-4.890327755604879,0.6903509497642517,0.0,-0.0,0.0,0.0,0.0,0.0,0.0,0.0,0.0,0.0,0.0,0.0,0
1786495161,438521862,100.0,-1.718607250844137,-1.702066723500387,-1.1326659361468714,-4.617758814488546,-4.890351716672079,0.6903629302978516,0.0,-0.0,0.0,0.0,0.0,0.0,0.0,0.0,0.0,0.0,0.0,0.0,0
1786495161,458341836,100.0,-1.7185829321490687,-1.702066723500387,-1.1326659361468714,-4.617758814488546,-4.890351716672079,0.6903988718986511,0.0,-0.0,0.0,0.0,0.0,0.0,0.0,0.0,0.0,0.0,0.0,0.0,0
1786495161,478501796,100.0,-1.7185710112201136,-1.7020309607135218,-1.1327136198626917,-4.6177948156939905,-4.890339676533834,0.6903629302978516,0.0,-0.0,0.0,0.0,0.0,0.0,0.0,0.0,0.0,0.0,0.0,0.0,0
1786495161,498449802,100.0,-1.718595329915182,-1.7020910421954554,-1.1326773802386683,-4.617806855832235,-4.890339676533834,0.6903868913650513,0.0,-0.0,0.0,0.0,0.0,0.0,0.0,0.0,0.0,0.0,0.0,0.0,0
1786495161,518618345,100.0,-1.718607250844137,-1.7020910421954554,-1.1326773802386683,-4.617806855832235,-4.890339676533834,0.6903868913650513,0.0,-0.0,0.0,0.0,0.0,0.0,0.0,0.0,0.0,0.0,0.0,0.0,0
1786495161,538404464,100.0,-1.718607250844137,-1.702054802571432,-1.1327016989337366,-4.617770854626791,-4.890399638806478,0.6903868913650513,0.0,-0.0,0.0,0.0,0.0,0.0,0.0,0.0,0.0,0.0,0.0,0.0,0
1786495161,558533191,100.0,-1.7185710112201136,-1.7020791212665003,-1.1326897780047815,-4.6177828947650355,-4.890339676533834,0.6903749108314514,0.0,-0.0,0.0,0.0,0.0,0.0,0.0,0.0,0.0,0.0,0.0,0.0,0
1786495161,578447818,100.0,-1.718595329915182,-1.7020910421954554,-1.1326420942889612,-4.6177828947650355,-4.890399638806478,0.6903868913650513,0.0,-0.0,0.0,0.0,0.0,0.0,0.0,0.0,0.0,0.0,0.0,0.0,0
1786495161,598633289,100.0,-1.7185590902911585,-1.7020791212665003,-1.1327136198626917,-4.6177828947650355,-4.890363637601034,0.6903629302978516,0.0,-0.0,0.0,0.0,0.0,0.0,0.0,0.0,0.0,0.0,0.0,0.0,0
1786495161,618414878,100.0,-1.7185829321490687,-1.7020791212665003,-1.1327016989337366,-4.617806855832235,-4.890387598668234,0.6904348134994507,0.0,-0.0,0.0,0.0,0.0,0.0,0.0,0.0,0.0,0.0,0.0,0.0,0
1786495161,638525485,100.0,-1.718607250844137,-1.7020791212665003,-1.1326659361468714,-4.6177348534213465,-4.890351716672079,0.690410852432251,0.0,-0.0,0.0,0.0,0.0,0.0,0.0,0.0,0.0,0.0,0.0,0.0,0
1786495161,658344268,100.0,-1.7185710112201136,-1.702054802571432,-1.1326773802386683,-4.6177828947650355,-4.890399638806478,0.690410852432251,0.0,-0.0,0.0,0.0,0.0,0.0,0.0,0.0,0.0,0.0,0.0,0.0,0
1786495161,678577899,100.0,-1.718607250844137,-1.7020910421954554,-1.1326659361468714,-4.6177348534213465,-4.890399638806478,0.6903988718986511,0.0,-0.0,0.0,0.0,0.0,0.0,0.0,0.0,0.0,0.0,0.0,0.0,0
1786495161,698522090,100.0,-1.718607250844137,-1.7020190397845667,-1.1326773802386683,-4.617806855832235,-4.890327755604879,0.6904348134994507,0.0,-0.0,0.0,0.0,0.0,0.0,0.0,0.0,0.0,0.0,0.0,0.0,0
1786495161,718566179,100.0,-1.7185590902911585,-1.7020791212665003,-1.1326897780047815,-4.617746893559591,-4.890339676533834,0.6903868913650513,0.0,-0.0,0.0,0.0,0.0,0.0,0.0,0.0,0.0,0.0,0.0,0.0,0
1786495161,738414764,100.0,-1.718619171773092,-1.7021029631244105,-1.1326773802386683,-4.617806855832235,-4.890351716672079,0.6903749108314514,0.0,-0.0,0.0,0.0,0.0,0.0,0.0,0.0,0.0,0.0,0.0,0.0,0
1786495161,758399724,100.0,-1.718595329915182,-1.7020791212665003,-1.1326897780047815,-4.6177348534213465,-4.890375677739279,0.6903509497642517,0.0,-0.0,0.0,0.0,0.0,0.0,0.0,0.0,0.0,0.0,0.0,0.0,0
1786495161,778454542,100.0,-1.718607250844137,-1.7020309607135218,-1.1326773802386683,-4.617770854626791,-4.890351716672079,0.6903749108314514,0.0,-0.0,0.0,0.0,0.0,0.0,0.0,0.0,0.0,0.0,0.0,0.0,0
1786495161,798666000,100.0,-1.7185710112201136,-1.7020428816424769,-1.1327136198626917,-4.617758814488546,-4.890399638806478,0.6903868913650513,0.0,-0.0,0.0,0.0,0.0,0.0,0.0,0.0,0.0,0.0,0.0,0.0,0
1786495161,818324327,100.0,-1.7185590902911585,-1.7020309607135218,-1.1326301733600062,-4.6177348534213465,-4.890399638806478,0.690410852432251,0.0,-0.0,0.0,0.0,0.0,0.0,0.0,0.0,0.0,0.0,0.0,0.0,0
1786495161,838503837,100.0,-1.7185590902911585,-1.7020428816424769,-1.1327255407916468,-4.6177828947650355,-4.890387598668234,0.690410852432251,0.0,-0.0,0.0,0.0,0.0,0.0,0.0,0.0,0.0,0.0,0.0,0.0,0
1786495161,858303546,100.0,-1.718595329915182,-1.7020428816424769,-1.1327255407916468,-4.6177828947650355,-4.890315715466635,0.6903389096260071,0.0,-0.0,0.0,0.0,0.0,0.0,0.0,0.0,0.0,0.0,0.0,0.0,0
1786495161,878606319,100.0,-1.7185710112201136,-1.7020910421954554,-1.132618252431051,-4.617758814488546,-4.890399638806478,0.6903988718986511,0.0,-0.0,0.0,0.0,0.0,0.0,0.0,0.0,0.0,0.0,0.0,0.0,0
1786495161,898445367,100.0,-1.7185710112201136,-1.702066723500387,-1.1326540152179163,-4.617746893559591,-4.890399638806478,0.6903868913650513,0.0,-0.0,0.0,0.0,0.0,0.0,0.0,0.0,0.0,0.0,0.0,0.0,0
1786495161,918590068,100.0,-1.718607250844137,-1.7020791212665003,-1.1326659361468714,-4.61781877676119,-4.890387598668234,0.690410852432251,0.0,-0.0,0.0,0.0,0.0,0.0,0.0,0.0,0.0,0.0,0.0,0.0,0
1786495161,938346385,100.0,-1.7185352484332483,-1.7020791212665003,-1.1326897780047815,-4.617722932492391,-4.890351716672079,0.6903509497642517,0.0,-0.0,0.0,0.0,0.0,0.0,0.0,0.0,0.0,0.0,0.0,0.0,0
1786495161,958425283,100.0,-1.7185233275042933,-1.702066723500387,-1.1327016989337366,-4.617806855832235,-4.890387598668234,0.6903629302978516,0.0,-0.0,0.0,0.0,0.0,0.0,0.0,0.0,0.0,0.0,0.0,0.0,0
1786495161,978374004,100.0,-1.7185710112201136,-1.702054802571432,-1.1327016989337366,-4.6177948156939905,-4.890375677739279,0.690410852432251,0.0,-0.0,0.0,0.0,0.0,0.0,0.0,0.0,0.0,0.0,0.0,0.0,0
1786495161,998647451,100.0,-1.7185829321490687,-1.702066723500387,-1.1326659361468714,-4.617806855832235,-4.890351716672079,0.6903988718986511,0.0,-0.0,0.0,0.0,0.0,0.0,0.0,0.0,0.0,0.0,0.0,0.0,0
1786495162,18409252,100.0,-1.718619171773092,-1.702054802571432,-1.1326897780047815,-4.617758814488546,-4.890375677739279,0.6904228329658508,0.0,-0.0,0.0,0.0,0.0,0.0,0.0,0.0,0.0,0.0,0.0,0.0,0
1786495162,38570404,100.0,-1.718607250844137,-1.7020910421954554,-1.1327255407916468,-4.617770854626791,-4.890375677739279,0.6903988718986511,0.0,-0.0,0.0,0.0,0.0,0.0,0.0,0.0,0.0,0.0,0.0,0.0,0
1786495162,58387756,100.0,-1.7185829321490687,-1.7020910421954554,-1.1326659361468714,-4.6177828947650355,-4.890363637601034,0.6903509497642517,0.0,-0.0,0.0,0.0,0.0,0.0,0.0,0.0,0.0,0.0,0.0,0.0,0
1786495162,78432798,100.0,-1.7185710112201136,-1.7020910421954554,-1.1326420942889612,-4.6177948156939905,-4.890351716672079,0.6903509497642517,0.0,-0.0,0.0,0.0,0.0,0.0,0.0,0.0,0.0,0.0,0.0,0.0,0
1786495162,98859786,100.0,-1.7185471693622034,-1.702066723500387,-1.1326897780047815,-4.617710892354147,-4.890363637601034,0.6903629302978516,0.0,-0.0,0.0,0.0,0.0,0.0,0.0,0.0,0.0,0.0,0.0,0.0,0
1786495162,118518352,100.0,-1.7185829321490687,-1.7020791212665003,-1.1326659361468714,-4.6177948156939905,-4.890363637601034,0.6904228329658508,0.0,-0.0,0.0,0.0,0.0,0.0,0.0,0.0,0.0,0.0,0.0,0.0,0
1786495162,138368844,100.0,-1.718595329915182,-1.7020791212665003,-1.1326773802386683,-4.617758814488546,-4.890351716672079,0.6903988718986511,0.0,-0.0,0.0,0.0,0.0,0.0,0.0,0.0,0.0,0.0,0.0,0.0,0
1786495162,158449172,100.0,-1.718595329915182,-1.702066723500387,-1.1326659361468714,-4.617770854626791,-4.890387598668234,0.6903868913650513,0.0,-0.0,0.0,0.0,0.0,0.0,0.0,0.0,0.0,0.0,0.0,0.0,0
1786495162,178342342,100.0,-1.718619171773092,-1.7020791212665003,-1.1327136198626917,-4.6177828947650355,-4.890387598668234,0.6903749108314514,0.0,-0.0,0.0,0.0,0.0,0.0,0.0,0.0,0.0,0.0,0.0,0.0,0
1786495162,198723793,100.0,-1.7185590902911585,-1.702066723500387,-1.1327016989337366,-4.6177948156939905,-4.890363637601034,0.6903629302978516,0.0,-0.0,0.0,0.0,0.0,0.0,0.0,0.0,0.0,0.0,0.0,0.0,0
1786495162,218409776,100.0,-1.7185590902911585,-1.7020428816424769,-1.1327136198626917,-4.617806855832235,-4.890387598668234,0.6903868913650513,0.0,-0.0,0.0,0.0,0.0,0.0,0.0,0.0,0.0,0.0,0.0,0.0,0
1786495162,238595008,100.0,-1.718595329915182,-1.7020910421954554,-1.1327255407916468,-4.617806855832235,-4.890375677739279,0.690410852432251,0.0,-0.0,0.0,0.0,0.0,0.0,0.0,0.0,0.0,0.0,0.0,0.0,0
1786495162,258456945,100.0,-1.718595329915182,-1.702054802571432,-1.1327016989337366,-4.617806855832235,-4.890351716672079,0.6903868913650513,0.0,-0.0,0.0,0.0,0.0,0.0,0.0,0.0,0.0,0.0,0.0,0.0,0
1786495162,278551340,100.0,-1.7185710112201136,-1.7020910421954554,-1.1327016989337366,-4.617758814488546,-4.890387598668234,0.6903509497642517,0.0,-0.0,0.0,0.0,0.0,0.0,0.0,0.0,0.0,0.0,0.0,0.0,0
1786495162,298978090,100.0,-1.718595329915182,-1.702054802571432,-1.1326773802386683,-4.617806855832235,-4.890351716672079,0.6903988718986511,0.0,-0.0,0.0,0.0,0.0,0.0,0.0,0.0,0.0,0.0,0.0,0.0,0
1786495162,318438768,100.0,-1.718607250844137,-1.7020910421954554,-1.1327016989337366,-4.617770854626791,-4.890375677739279,0.6903749108314514,0.0,-0.0,0.0,0.0,0.0,0.0,0.0,0.0,0.0,0.0,0.0,0.0,0
1786495162,338410139,100.0,-1.718619171773092,-1.7020309607135218,-1.1327255407916468,-4.617830816899435,-4.890339676533834,0.6903868913650513,0.0,-0.0,0.0,0.0,0.0,0.0,0.0,0.0,0.0,0.0,0.0,0.0,0
1786495162,358568668,100.0,-1.7185829321490687,-1.7020309607135218,-1.1327016989337366,-4.617770854626791,-4.890363637601034,0.6903629302978516,0.0,-0.0,0.0,0.0,0.0,0.0,0.0,0.0,0.0,0.0,0.0,0.0,0
1786495162,378527641,100.0,-1.7185590902911585,-1.7020791212665003,-1.1326659361468714,-4.6177828947650355,-4.890327755604879,0.6903749108314514,0.0,-0.0,0.0,0.0,0.0,0.0,0.0,0.0,0.0,0.0,0.0,0.0,0
1786495162,398597002,100.0,-1.718595329915182,-1.702054802571432,-1.1326659361468714,-4.6177948156939905,-4.890375677739279,0.6903868913650513,0.0,-0.0,0.0,0.0,0.0,0.0,0.0,0.0,0.0,0.0,0.0,0.0,0
1786495162,418434619,100.0,-1.7185829321490687,-1.7020910421954554,-1.1326659361468714,-4.6177348534213465,-4.890387598668234,0.6904467940330505,0.0,-0.0,0.0,0.0,0.0,0.0,0.0,0.0,0.0,0.0,0.0,0.0,0
1786495162,438456535,100.0,-1.718595329915182,-1.702054802571432,-1.1326659361468714,-4.617806855832235,-4.890327755604879,0.6903988718986511,0.0,-0.0,0.0,0.0,0.0,0.0,0.0,0.0,0.0,0.0,0.0,0.0,0
1786495162,458402633,100.0,-1.7186310927020472,-1.7020791212665003,-1.1326773802386683,-4.6177948156939905,-4.890375677739279,0.6903749108314514,0.0,-0.0,0.0,0.0,0.0,0.0,0.0,0.0,0.0,0.0,0.0,0.0,0
1786495162,478492498,100.0,-1.7185710112201136,-1.7020910421954554,-1.1326540152179163,-4.61781877676119,-4.890399638806478,0.6904228329658508,0.0,-0.0,0.0,0.0,0.0,0.0,0.0,0.0,0.0,0.0,0.0,0.0,0
1786495162,498596906,100.0,-1.718619171773092,-1.7020791212665003,-1.1326773802386683,-4.617770854626791,-4.890375677739279,0.6903509497642517,0.0,-0.0,0.0,0.0,0.0,0.0,0.0,0.0,0.0,0.0,0.0,0.0,0
1786495162,518597364,100.0,-1.718595329915182,-1.7020910421954554,-1.1326773802386683,-4.6177948156939905,-4.890387598668234,0.6903749108314514,0.0,-0.0,0.0,0.0,0.0,0.0,0.0,0.0,0.0,0.0,0.0,0.0,0
1786495162,538429260,100.0,-1.7185829321490687,-1.7020190397845667,-1.1326420942889612,-4.617806855832235,-4.890351716672079,0.690410852432251,0.0,-0.0,0.0,0.0,0.0,0.0,0.0,0.0,0.0,0.0,0.0,0.0,0
1786495162,558455705,100.0,-1.718595329915182,-1.7020910421954554,-1.1326773802386683,-4.617758814488546,-4.890351716672079,0.6903749108314514,0.0,-0.0,0.0,0.0,0.0,0.0,0.0,0.0,0.0,0.0,0.0,0.0,0
1786495162,578383207,100.0,-1.7185829321490687,-1.7020791212665003,-1.1326540152179163,-4.617770854626791,-4.890339676533834,0.6903868913650513,0.0,-0.0,0.0,0.0,0.0,0.0,0.0,0.0,0.0,0.0,0.0,0.0,0
1786495162,598723173,100.0,-1.718595329915182,-1.702066723500387,-1.1326897780047815,-4.617806855832235,-4.890339676533834,0.6903868913650513,0.0,-0.0,0.0,0.0,0.0,0.0,0.0,0.0,0.0,0.0,0.0,0.0,0
1786495162,618366956,100.0,-1.7185352484332483,-1.7020309607135218,-1.1326773802386683,-4.6177948156939905,-4.890363637601034,0.6903988718986511,0.0,-0.0,0.0,0.0,0.0,0.0,0.0,0.0,0.0,0.0,0.0,0.0,0
1786495162,638504505,100.0,-1.7185710112201136,-1.7020910421954554,-1.1326659361468714,-4.6177948156939905,-4.890423957501547,0.6903868913650513,0.0,-0.0,0.0,0.0,0.0,0.0,0.0,0.0,0.0,0.0,0.0,0.0,0
1786495162,658325195,100.0,-1.718595329915182,-1.702054802571432,-1.1326659361468714,-4.617770854626791,-4.890399638806478,0.6903629302978516,0.0,-0.0,0.0,0.0,0.0,0.0,0.0,0.0,0.0,0.0,0.0,0.0,0
1786495162,678622722,100.0,-1.7185471693622034,-1.7020190397845667,-1.1326659361468714,-4.617770854626791,-4.890423957501547,0.6903749108314514,0.0,-0.0,0.0,0.0,0.0,0.0,0.0,0.0,0.0,0.0,0.0,0.0,0
1786495162,698585748,100.0,-1.7185471693622034,-1.7021029631244105,-1.1326659361468714,-4.6177948156939905,-4.890375677739279,0.6903149485588074,0.0,-0.0,0.0,0.0,0.0,0.0,0.0,0.0,0.0,0.0,0.0,0.0,0
1786495162,718437194,100.0,-1.7185710112201136,-1.7020910421954554,-1.1326659361468714,-4.617770854626791,-4.890363637601034,0.6903868913650513,0.0,-0.0,0.0,0.0,0.0,0.0,0.0,0.0,0.0,0.0,0.0,0.0,0
1786495162,738429546,100.0,-1.718619171773092,-1.702054802571432,-1.1326773802386683,-4.6177828947650355,-4.890399638806478,0.6903749108314514,0.0,-0.0,0.0,0.0,0.0,0.0,0.0,0.0,0.0,0.0,0.0,0.0,0
1786495162,758458852,100.0,-1.718607250844137,-1.7020791212665003,-1.1326659361468714,-4.6177828947650355,-4.890351716672079,0.6903988718986511,0.0,-0.0,0.0,0.0,0.0,0.0,0.0,0.0,0.0,0.0,0.0,0.0,0
1786495162,778376102,100.0,-1.7185829321490687,-1.702054802571432,-1.1326773802386683,-4.617758814488546,-4.890363637601034,0.6904348134994507,0.0,-0.0,0.0,0.0,0.0,0.0,0.0,0.0,0.0,0.0,0.0,0.0,0
1786495162,798614501,100.0,-1.718619171773092,-1.7021029631244105,-1.1326659361468714,-4.6177948156939905,-4.890351716672079,0.6903868913650513,0.0,-0.0,0.0,0.0,0.0,0.0,0.0,0.0,0.0,0.0,0.0,0.0,0
1786495162,818447351,100.0,-1.7186310927020472,-1.7020190397845667,-1.1326897780047815,-4.617806855832235,-4.890375677739279,0.6903868913650513,0.0,-0.0,0.0,0.0,0.0,0.0,0.0,0.0,0.0,0.0,0.0,0.0,0
1786495162,838573932,100.0,-1.718595329915182,-1.702054802571432,-1.1327136198626917,-4.6177828947650355,-4.890375677739279,0.6903988718986511,0.0,-0.0,0.0,0.0,0.0,0.0,0.0,0.0,0.0,0.0,0.0,0.0,0
1786495162,858343839,100.0,-1.7185829321490687,-1.702066723500387,-1.1326659361468714,-4.6177348534213465,-4.890387598668234,0.6903629302978516,0.0,-0.0,0.0,0.0,0.0,0.0,0.0,0.0,0.0,0.0,0.0,0.0,0
1786495162,878425121,100.0,-1.718607250844137,-1.702066723500387,-1.1326897780047815,-4.6177348534213465,-4.890399638806478,0.6903629302978516,0.0,-0.0,0.0,0.0,0.0,0.0,0.0,0.0,0.0,0.0,0.0,0.0,0
1786495162,898514509,100.0,-1.7185352484332483,-1.7020190397845667,-1.1326659361468714,-4.6177948156939905,-4.890327755604879,0.6903389096260071,0.0,-0.0,0.0,0.0,0.0,0.0,0.0,0.0,0.0,0.0,0.0,0.0,0
1786495162,918574810,100.0,-1.7185829321490687,-1.702066723500387,-1.1326540152179163,-4.617758814488546,-4.890375677739279,0.6903988718986511,0.0,-0.0,0.0,0.0,0.0,0.0,0.0,0.0,0.0,0.0,0.0,0.0,0
1786495162,938781976,100.0,-1.718607250844137,-1.7020428816424769,-1.1326773802386683,-4.6177828947650355,-4.890387598668234,0.6903749108314514,0.0,-0.0,0.0,0.0,0.0,0.0,0.0,0.0,0.0,0.0,0.0,0.0,0
1786495162,958397150,100.0,-1.7185710112201136,-1.7020428816424769,-1.1327016989337366,-4.6177828947650355,-4.890351716672079,0.690410852432251,0.0,-0.0,0.0,0.0,0.0,0.0,0.0,0.0,0.0,0.0,0.0,0.0,0
1786495162,978538990,100.0,-1.7185471693622034,-1.7020428816424769,-1.1326420942889612,-4.617806855832235,-4.890363637601034,0.6903988718986511,0.0,-0.0,0.0,0.0,0.0,0.0,0.0,0.0,0.0,0.0,0.0,0.0,0
1786495162,998594284,100.0,-1.7185829321490687,-1.702066723500387,-1.1326420942889612,-4.617770854626791,-4.890327755604879,0.6903868913650513,0.0,-0.0,0.0,0.0,0.0,0.0,0.0,0.0,0.0,0.0,0.0,0.0,0
1786495163,18353223,100.0,-1.718619171773092,-1.7020791212665003,-1.1326540152179163,-4.617758814488546,-4.890363637601034,0.6903749108314514,0.0,-0.0,0.0,0.0,0.0,0.0,0.0,0.0,0.0,0.0,0.0,0.0,0
1786495163,38578033,100.0,-1.7185710112201136,-1.7020428816424769,-1.1327136198626917,-4.617806855832235,-4.890339676533834,0.6903749108314514,0.0,-0.0,0.0,0.0,0.0,0.0,0.0,0.0,0.0,0.0,0.0,0.0,0
1786495163,58375120,100.0,-1.7185829321490687,-1.702066723500387,-1.1327016989337366,-4.617746893559591,-4.890363637601034,0.6903629302978516,0.0,-0.0,0.0,0.0,0.0,0.0,0.0,0.0,0.0,0.0,0.0,0.0,0
1786495163,78583717,100.0,-1.7185352484332483,-1.7020910421954554,-1.1326540152179163,-4.6177828947650355,-4.890375677739279,0.6903988718986511,0.0,-0.0,0.0,0.0,0.0,0.0,0.0,0.0,0.0,0.0,0.0,0.0,0
1786495163,98527908,100.0,-1.7185590902911585,-1.7020309607135218,-1.1327016989337366,-4.6177948156939905,-4.890387598668234,0.6903988718986511,0.0,-0.0,0.0,0.0,0.0,0.0,0.0,0.0,0.0,0.0,0.0,0.0,0
1786495163,118442058,100.0,-1.7185710112201136,-1.702066723500387,-1.1326773802386683,-4.6177948156939905,-4.890351716672079,0.6903988718986511,0.0,-0.0,0.0,0.0,0.0,0.0,0.0,0.0,0.0,0.0,0.0,0.0,0
1786495163,138611793,100.0,-1.718607250844137,-1.702066723500387,-1.1327016989337366,-4.6177348534213465,-4.890412036572592,0.6903509497642517,0.0,-0.0,0.0,0.0,0.0,0.0,0.0,0.0,0.0,0.0,0.0,0.0,0
1786495163,158610582,100.0,-1.7185590902911585,-1.7020791212665003,-1.1326659361468714,-4.6177348534213465,-4.890387598668234,0.6903868913650513,0.0,-0.0,0.0,0.0,0.0,0.0,0.0,0.0,0.0,0.0,0.0,0.0,0
1786495163,178415060,100.0,-1.7185829321490687,-1.7020791212665003,-1.1326659361468714,-4.617806855832235,-4.890375677739279,0.6903868913650513,0.0,-0.0,0.0,0.0,0.0,0.0,0.0,0.0,0.0,0.0,0.0,0.0,0
1786495163,198622703,100.0,-1.718595329915182,-1.7020910421954554,-1.1327016989337366,-4.6177348534213465,-4.890351716672079,0.6903389096260071,0.0,-0.0,0.0,0.0,0.0,0.0,0.0,0.0,0.0,0.0,0.0,0.0,0
1786495163,218393087,100.0,-1.7185233275042933,-1.7020190397845667,-1.1326540152179163,-4.617770854626791,-4.890351716672079,0.6903749108314514,0.0,-0.0,0.0,0.0,0.0,0.0,0.0,0.0,0.0,0.0,0.0,0.0,0
1786495163,238575696,100.0,-1.7185710112201136,-1.7020428816424769,-1.1326773802386683,-4.617758814488546,-4.890399638806478,0.6903868913650513,0.0,-0.0,0.0,0.0,0.0,0.0,0.0,0.0,0.0,0.0,0.0,0.0,0
1786495163,258435487,100.0,-1.7185471693622034,-1.702054802571432,-1.1326659361468714,-4.617770854626791,-4.890375677739279,0.6903629302978516,0.0,-0.0,0.0,0.0,0.0,0.0,0.0,0.0,0.0,0.0,0.0,0.0,0
1786495163,278527021,100.0,-1.7185590902911585,-1.7021029631244105,-1.1326540152179163,-4.617770854626791,-4.890375677739279,0.690410852432251,0.0,-0.0,0.0,0.0,0.0,0.0,0.0,0.0,0.0,0.0,0.0,0.0,0
1786495163,298434495,100.0,-1.7185590902911585,-1.7020910421954554,-1.1326659361468714,-4.6177348534213465,-4.890327755604879,0.6903509497642517,0.0,-0.0,0.0,0.0,0.0,0.0,0.0,0.0,0.0,0.0,0.0,0.0,0
1786495163,318616390,100.0,-1.7185352484332483,-1.7020910421954554,-1.1326540152179163,-4.617770854626791,-4.890387598668234,0.6903988718986511,0.0,-0.0,0.0,0.0,0.0,0.0,0.0,0.0,0.0,0.0,0.0,0.0,0
1786495163,338385343,100.0,-1.7185590902911585,-1.7020428816424769,-1.1326773802386683,-4.6177948156939905,-4.890399638806478,0.6903509497642517,0.0,-0.0,0.0,0.0,0.0,0.0,0.0,0.0,0.0,0.0,0.0,0.0,0
1786495163,358411550,100.0,-1.7185829321490687,-1.702054802571432,-1.1326659361468714,-4.617746893559591,-4.890375677739279,0.6903629302978516,0.0,-0.0,0.0,0.0,0.0,0.0,0.0,0.0,0.0,0.0,0.0,0.0,0
1786495163,378408670,100.0,-1.718595329915182,-1.702054802571432,-1.1327136198626917,-4.6177348534213465,-4.890399638806478,0.690410852432251,0.0,-0.0,0.0,0.0,0.0,0.0,0.0,0.0,0.0,0.0,0.0,0.0,0
1786495163,398648262,100.0,-1.7185233275042933,-1.702054802571432,-1.1327136198626917,-4.617770854626791,-4.890375677739279,0.6903988718986511,0.0,-0.0,0.0,0.0,0.0,0.0,0.0,0.0,0.0,0.0,0.0,0.0,0
1786495163,418363809,100.0,-1.718619171773092,-1.702066723500387,-1.1326773802386683,-4.6177948156939905,-4.890375677739279,0.6903629302978516,0.0,-0.0,0.0,0.0,0.0,0.0,0.0,0.0,0.0,0.0,0.0,0.0,0
1786495163,438592195,100.0,-1.7185829321490687,-1.702054802571432,-1.1326897780047815,-4.6177948156939905,-4.890375677739279,0.6904348134994507,0.0,-0.0,0.0,0.0,0.0,0.0,0.0,0.0,0.0,0.0,0.0,0.0,0
1786495163,458384037,100.0,-1.718619171773092,-1.702066723500387,-1.1327016989337366,-4.6177828947650355,-4.890327755604879,0.6903629302978516,0.0,-0.0,0.0,0.0,0.0,0.0,0.0,0.0,0.0,0.0,0.0,0.0,0
1786495163,478612184,100.0,-1.7185710112201136,-1.7021029631244105,-1.1326659361468714,-4.617746893559591,-4.890387598668234,0.6903749108314514,0.0,-0.0,0.0,0.0,0.0,0.0,0.0,0.0,0.0,0.0,0.0,0.0,0
1786495163,498587608,100.0,-1.7185829321490687,-1.7020910421954554,-1.1327136198626917,-4.617746893559591,-4.890327755604879,0.6903149485588074,0.0,-0.0,0.0,0.0,0.0,0.0,0.0,0.0,0.0,0.0,0.0,0.0,0
1786495163,518509864,100.0,-1.7185233275042933,-1.7020428816424769,-1.1326773802386683,-4.6177948156939905,-4.890375677739279,0.6903509497642517,0.0,-0.0,0.0,0.0,0.0,0.0,0.0,0.0,0.0,0.0,0.0,0.0,0
1786495163,538679361,100.0,-1.7185710112201136,-1.7020309607135218,-1.1326773802386683,-4.617758814488546,-4.890339676533834,0.6903629302978516,0.0,-0.0,0.0,0.0,0.0,0.0,0.0,0.0,0.0,0.0,0.0,0.0,0
1786495163,558605194,100.0,-1.7185471693622034,-1.702066723500387,-1.1326659361468714,-4.617806855832235,-4.890339676533834,0.6903749108314514,0.0,-0.0,0.0,0.0,0.0,0.0,0.0,0.0,0.0,0.0,0.0,0.0,0
1786495163,578426361,100.0,-1.718595329915182,-1.7020309607135218,-1.1326540152179163,-4.617770854626791,-4.890351716672079,0.6904228329658508,0.0,-0.0,0.0,0.0,0.0,0.0,0.0,0.0,0.0,0.0,0.0,0.0,0
1786495163,598648071,100.0,-1.718595329915182,-1.7020309607135218,-1.1326897780047815,-4.6177948156939905,-4.890351716672079,0.6904228329658508,0.0,-0.0,0.0,0.0,0.0,0.0,0.0,0.0,0.0,0.0,0.0,0.0,0
1786495163,618401288,100.0,-1.718595329915182,-1.7020791212665003,-1.1326540152179163,-4.617770854626791,-4.890363637601034,0.6903269290924072,0.0,-0.0,0.0,0.0,0.0,0.0,0.0,0.0,0.0,0.0,0.0,0.0,0
1786495163,638828992,100.0,-1.7185471693622034,-1.7020910421954554,-1.1326659361468714,-4.6177828947650355,-4.890412036572592,0.6903868913650513,0.0,-0.0,0.0,0.0,0.0,0.0,0.0,0.0,0.0,0.0,0.0,0.0,0
1786495163,658299922,100.0,-1.7185710112201136,-1.702066723500387,-1.1326659361468714,-4.6177948156939905,-4.890387598668234,0.6903749108314514,0.0,-0.0,0.0,0.0,0.0,0.0,0.0,0.0,0.0,0.0,0.0,0.0,0
1786495163,678569793,100.0,-1.7185829321490687,-1.7020428816424769,-1.1327136198626917,-4.6177348534213465,-4.890399638806478,0.6903629302978516,0.0,-0.0,0.0,0.0,0.0,0.0,0.0,0.0,0.0,0.0,0.0,0.0,0
1786495163,698645830,100.0,-1.718595329915182,-1.7020791212665003,-1.1326897780047815,-4.6177348534213465,-4.890375677739279,0.6903749108314514,0.0,-0.0,0.0,0.0,0.0,0.0,0.0,0.0,0.0,0.0,0.0,0.0,0
1786495163,718451023,100.0,-1.7185829321490687,-1.7020910421954554,-1.1326897780047815,-4.617746893559591,-4.890375677739279,0.6903629302978516,0.0,-0.0,0.0,0.0,0.0,0.0,0.0,0.0,0.0,0.0,0.0,0.0,0
1786495163,738442182,100.0,-1.7185590902911585,-1.7020309607135218,-1.132618252431051,-4.617770854626791,-4.890351716672079,0.6903749108314514,0.0,-0.0,0.0,0.0,0.0,0.0,0.0,0.0,0.0,0.0,0.0,0.0,0
1786495163,758412837,100.0,-1.718595329915182,-1.7020910421954554,-1.1326659361468714,-4.6177828947650355,-4.890387598668234,0.6903629302978516,0.0,-0.0,0.0,0.0,0.0,0.0,0.0,0.0,0.0,0.0,0.0,0.0,0
1786495163,778364658,100.0,-1.7185471693622034,-1.702066723500387,-1.1327016989337366,-4.617758814488546,-4.890387598668234,0.6903629302978516,0.0,-0.0,0.0,0.0,0.0,0.0,0.0,0.0,0.0,0.0,0.0,0.0,0
1786495163,798596382,100.0,-1.718595329915182,-1.702066723500387,-1.1326897780047815,-4.6177948156939905,-4.890375677739279,0.6903749108314514,0.0,-0.0,0.0,0.0,0.0,0.0,0.0,0.0,0.0,0.0,0.0,0.0,0
1786495163,818349838,100.0,-1.7185590902911585,-1.7020428816424769,-1.1327255407916468,-4.617758814488546,-4.890327755604879,0.6904228329658508,0.0,-0.0,0.0,0.0,0.0,0.0,0.0,0.0,0.0,0.0,0.0,0.0,0
1786495163,838673830,100.0,-1.718595329915182,-1.7020190397845667,-1.1327016989337366,-4.6177348534213465,-4.890351716672079,0.6903868913650513,0.0,-0.0,0.0,0.0,0.0,0.0,0.0,0.0,0.0,0.0,0.0,0.0,0
1786495163,858336687,100.0,-1.718595329915182,-1.7020071188556116,-1.1326659361468714,-4.6177948156939905,-4.890351716672079,0.6903988718986511,0.0,-0.0,0.0,0.0,0.0,0.0,0.0,0.0,0.0,0.0,0.0,0.0,0
1786495163,878551006,100.0,-1.7185829321490687,-1.7020190397845667,-1.1326773802386683,-4.617746893559591,-4.890375677739279,0.6903629302978516,0.0,-0.0,0.0,0.0,0.0,0.0,0.0,0.0,0.0,0.0,0.0,0.0,0
1786495163,898616075,100.0,-1.718607250844137,-1.7021029631244105,-1.1327016989337366,-4.617806855832235,-4.890387598668234,0.6903988718986511,0.0,-0.0,0.0,0.0,0.0,0.0,0.0,0.0,0.0,0.0,0.0,0.0,0
1786495163,918598890,100.0,-1.7185471693622034,-1.7020309607135218,-1.1326659361468714,-4.617746893559591,-4.890363637601034,0.6903749108314514,0.0,-0.0,0.0,0.0,0.0,0.0,0.0,0.0,0.0,0.0,0.0,0.0,0
1786495163,938420534,100.0,-1.7185471693622034,-1.7020071188556116,-1.1326659361468714,-4.6177948156939905,-4.890339676533834,0.6903749108314514,0.0,-0.0,0.0,0.0,0.0,0.0,0.0,0.0,0.0,0.0,0.0,0.0,0
1786495163,958583354,100.0,-1.7185471693622034,-1.702054802571432,-1.1326773802386683,-4.6177348534213465,-4.890351716672079,0.6904228329658508,0.0,-0.0,0.0,0.0,0.0,0.0,0.0,0.0,0.0,0.0,0.0,0.0,0
1786495163,978367805,100.0,-1.7185829321490687,-1.702054802571432,-1.132749382649557,-4.617746893559591,-4.890399638806478,0.6903868913650513,0.0,-0.0,0.0,0.0,0.0,0.0,0.0,0.0,0.0,0.0,0.0,0.0,0
1786495163,998589992,100.0,-1.7185710112201136,-1.7020428816424769,-1.1327136198626917,-4.617770854626791,-4.890363637601034,0.6903389096260071,0.0,-0.0,0.0,0.0,0.0,0.0,0.0,0.0,0.0,0.0,0.0,0.0,0
1786495164,18420219,100.0,-1.718595329915182,-1.7020791212665003,-1.1326897780047815,-4.617770854626791,-4.890387598668234,0.6903749108314514,0.0,-0.0,0.0,0.0,0.0,0.0,0.0,0.0,0.0,0.0,0.0,0.0,0
1786495164,38461208,100.0,-1.7186310927020472,-1.7020791212665003,-1.1326897780047815,-4.6177948156939905,-4.890339676533834,0.690410852432251,0.0,-0.0,0.0,0.0,0.0,0.0,0.0,0.0,0.0,0.0,0.0,0.0,0
1786495164,58310031,100.0,-1.7185590902911585,-1.7020791212665003,-1.1326540152179163,-4.617758814488546,-4.890339676533834,0.6903629302978516,0.0,-0.0,0.0,0.0,0.0,0.0,0.0,0.0,0.0,0.0,0.0,0.0,0
1786495164,79114913,100.0,-1.7185352484332483,-1.702054802571432,-1.1327136198626917,-4.61781877676119,-4.890399638806478,0.6903868913650513,0.0,-0.0,0.0,0.0,0.0,0.0,0.0,0.0,0.0,0.0,0.0,0.0,0
1786495164,98427534,100.0,-1.7185710112201136,-1.702054802571432,-1.1326659361468714,-4.6177828947650355,-4.890351716672079,0.6903509497642517,0.0,-0.0,0.0,0.0,0.0,0.0,0.0,0.0,0.0,0.0,0.0,0.0,0
1786495164,118604898,100.0,-1.7185590902911585,-1.7020309607135218,-1.1326659361468714,-4.617758814488546,-4.890399638806478,0.6903868913650513,0.0,-0.0,0.0,0.0,0.0,0.0,0.0,0.0,0.0,0.0,0.0,0.0,0
1786495164,138338565,100.0,-1.7186310927020472,-1.702054802571432,-1.1326773802386683,-4.617770854626791,-4.890363637601034,0.6903509497642517,0.0,-0.0,0.0,0.0,0.0,0.0,0.0,0.0,0.0,0.0,0.0,0.0,0
1786495164,158437013,100.0,-1.7185590902911585,-1.7020791212665003,-1.1326659361468714,-4.617746893559591,-4.890327755604879,0.6903389096260071,0.0,-0.0,0.0,0.0,0.0,0.0,0.0,0.0,0.0,0.0,0.0,0.0,0
1786495164,178369760,100.0,-1.7185829321490687,-1.7021029631244105,-1.1327016989337366,-4.617770854626791,-4.890363637601034,0.690410852432251,0.0,-0.0,0.0,0.0,0.0,0.0,0.0,0.0,0.0,0.0,0.0,0.0,0
1786495164,198570966,100.0,-1.7185710112201136,-1.702066723500387,-1.1326659361468714,-4.61781877676119,-4.890412036572592,0.6903509497642517,0.0,-0.0,0.0,0.0,0.0,0.0,0.0,0.0,0.0,0.0,0.0,0.0,0
1786495164,218526601,100.0,-1.7185710112201136,-1.7020309607135218,-1.1326058546649378,-4.617746893559591,-4.890351716672079,0.6903868913650513,0.0,-0.0,0.0,0.0,0.0,0.0,0.0,0.0,0.0,0.0,0.0,0.0,0
1786495164,238590478,100.0,-1.7185710112201136,-1.7020190397845667,-1.1327136198626917,-4.6177828947650355,-4.890387598668234,0.6903749108314514,0.0,-0.0,0.0,0.0,0.0,0.0,0.0,0.0,0.0,0.0,0.0,0.0,0
1786495164,258322238,100.0,-1.718595329915182,-1.702054802571432,-1.1326540152179163,-4.6177828947650355,-4.890375677739279,0.6903629302978516,0.0,-0.0,0.0,0.0,0.0,0.0,0.0,0.0,0.0,0.0,0.0,0.0,0
1786495164,278460741,100.0,-1.718595329915182,-1.7020791212665003,-1.1326773802386683,-4.6177828947650355,-4.890363637601034,0.6903868913650513,0.0,-0.0,0.0,0.0,0.0,0.0,0.0,0.0,0.0,0.0,0.0,0.0,0
1786495164,298552513,100.0,-1.718607250844137,-1.7020428816424769,-1.1326540152179163,-4.617770854626791,-4.890339676533834,0.6903629302978516,0.0,-0.0,0.0,0.0,0.0,0.0,0.0,0.0,0.0,0.0,0.0,0.0,0
1786495164,318532705,100.0,-1.7185471693622034,-1.7020910421954554,-1.1326773802386683,-4.61781877676119,-4.890363637601034,0.6903509497642517,0.0,-0.0,0.0,0.0,0.0,0.0,0.0,0.0,0.0,0.0,0.0,0.0,0
1786495164,338366746,100.0,-1.7185471693622034,-1.7020910421954554,-1.1326897780047815,-4.6177948156939905,-4.890351716672079,0.690410852432251,0.0,-0.0,0.0,0.0,0.0,0.0,0.0,0.0,0.0,0.0,0.0,0.0,0
1786495164,358451604,100.0,-1.7185710112201136,-1.7020309607135218,-1.1326773802386683,-4.617746893559591,-4.890375677739279,0.6903629302978516,0.0,-0.0,0.0,0.0,0.0,0.0,0.0,0.0,0.0,0.0,0.0,0.0,0
1786495164,378417968,100.0,-1.7185829321490687,-1.7021029631244105,-1.1327016989337366,-4.61781877676119,-4.890339676533834,0.6903509497642517,0.0,-0.0,0.0,0.0,0.0,0.0,0.0,0.0,0.0,0.0,0.0,0.0,0
1786495164,398648738,100.0,-1.718607250844137,-1.7020190397845667,-1.1326659361468714,-4.6177948156939905,-4.890315715466635,0.690410852432251,0.0,-0.0,0.0,0.0,0.0,0.0,0.0,0.0,0.0,0.0,0.0,0.0,0
1786495164,418373584,100.0,-1.7185829321490687,-1.7020791212665003,-1.1326773802386683,-4.617758814488546,-4.890339676533834,0.690410852432251,0.0,-0.0,0.0,0.0,0.0,0.0,0.0,0.0,0.0,0.0,0.0,0.0,0
1786495164,438561439,100.0,-1.7185590902911585,-1.702066723500387,-1.1327136198626917,-4.6177948156939905,-4.890412036572592,0.6903749108314514,0.0,-0.0,0.0,0.0,0.0,0.0,0.0,0.0,0.0,0.0,0.0,0.0,0
1786495164,458378314,100.0,-1.7185829321490687,-1.7020910421954554,-1.1326773802386683,-4.6177948156939905,-4.890375677739279,0.690410852432251,0.0,-0.0,0.0,0.0,0.0,0.0,0.0,0.0,0.0,0.0,0.0,0.0,0
1786495164,478527069,100.0,-1.7185829321490687,-1.7020309607135218,-1.1327016989337366,-4.6177348534213465,-4.890327755604879,0.6903749108314514,0.0,-0.0,0.0,0.0,0.0,0.0,0.0,0.0,0.0,0.0,0.0,0.0,0
1786495164,498447656,100.0,-1.7185829321490687,-1.7021029631244105,-1.1326773802386683,-4.61781877676119,-4.890399638806478,0.6903988718986511,0.0,-0.0,0.0,0.0,0.0,0.0,0.0,0.0,0.0,0.0,0.0,0.0,0
1786495164,518651962,100.0,-1.7185471693622034,-1.7020910421954554,-1.1326659361468714,-4.617770854626791,-4.890363637601034,0.6903749108314514,0.0,-0.0,0.0,0.0,0.0,0.0,0.0,0.0,0.0,0.0,0.0,0.0,0
1786495164,538422107,100.0,-1.718595329915182,-1.7020791212665003,-1.1326659361468714,-4.6177828947650355,-4.890375677739279,0.6903749108314514,0.0,-0.0,0.0,0.0,0.0,0.0,0.0,0.0,0.0,0.0,0.0,0.0,0
1786495164,558419227,100.0,-1.718595329915182,-1.7021029631244105,-1.1327255407916468,-4.617806855832235,-4.890375677739279,0.6903749108314514,0.0,-0.0,0.0,0.0,0.0,0.0,0.0,0.0,0.0,0.0,0.0,0.0,0
1786495164,578373908,100.0,-1.7185829321490687,-1.7020791212665003,-1.1327016989337366,-4.6177348534213465,-4.890399638806478,0.6903629302978516,0.0,-0.0,0.0,0.0,0.0,0.0,0.0,0.0,0.0,0.0,0.0,0.0,0
1786495164,598601818,100.0,-1.7185829321490687,-1.702054802571432,-1.1327136198626917,-4.6177948156939905,-4.890339676533834,0.6903749108314514,0.0,-0.0,0.0,0.0,0.0,0.0,0.0,0.0,0.0,0.0,0.0,0.0,0
1786495164,618380784,100.0,-1.7185710112201136,-1.7020309607135218,-1.1326773802386683,-4.617770854626791,-4.890363637601034,0.690410852432251,0.0,-0.0,0.0,0.0,0.0,0.0,0.0,0.0,0.0,0.0,0.0,0.0,0
1786495164,638590812,100.0,-1.7185829321490687,-1.7020910421954554,-1.1326420942889612,-4.617746893559591,-4.890327755604879,0.6903749108314514,0.0,-0.0,0.0,0.0,0.0,0.0,0.0,0.0,0.0,0.0,0.0,0.0,0
1786495164,658519029,100.0,-1.7185710112201136,-1.7020309607135218,-1.1326540152179163,-4.6177828947650355,-4.890363637601034,0.6903749108314514,0.0,-0.0,0.0,0.0,0.0,0.0,0.0,0.0,0.0,0.0,0.0,0.0,0
1786495164,678557634,100.0,-1.718595329915182,-1.7020910421954554,-1.1327255407916468,-4.6177828947650355,-4.890412036572592,0.6903988718986511,0.0,-0.0,0.0,0.0,0.0,0.0,0.0,0.0,0.0,0.0,0.0,0.0,0
1786495164,698449373,100.0,-1.7185352484332483,-1.7020791212665003,-1.1326659361468714,-4.6177828947650355,-4.890363637601034,0.6903509497642517,0.0,-0.0,0.0,0.0,0.0,0.0,0.0,0.0,0.0,0.0,0.0,0.0,0
1786495164,718558311,100.0,-1.718619171773092,-1.7021029631244105,-1.1326897780047815,-4.617806855832235,-4.890375677739279,0.6903988718986511,0.0,-0.0,0.0,0.0,0.0,0.0,0.0,0.0,0.0,0.0,0.0,0.0,0
1786495164,738304138,100.0,-1.718619171773092,-1.7020791212665003,-1.1326659361468714,-4.6177948156939905,-4.890327755604879,0.6903629302978516,0.0,-0.0,0.0,0.0,0.0,0.0,0.0,0.0,0.0,0.0,0.0,0.0,0
1786495164,758572816,100.0,-1.7185710112201136,-1.7020428816424769,-1.1327016989337366,-4.6177828947650355,-4.890363637601034,0.6903988718986511,0.0,-0.0,0.0,0.0,0.0,0.0,0.0,0.0,0.0,0.0,0.0,0.0,0
1786495164,778412342,100.0,-1.7185590902911585,-1.7020910421954554,-1.1326659361468714,-4.617806855832235,-4.890339676533834,0.6903988718986511,0.0,-0.0,0.0,0.0,0.0,0.0,0.0,0.0,0.0,0.0,0.0,0.0,0
1786495164,798578262,100.0,-1.7185471693622034,-1.7019951979266565,-1.1326897780047815,-4.617770854626791,-4.890399638806478,0.6903868913650513,0.0,-0.0,0.0,0.0,0.0,0.0,0.0,0.0,0.0,0.0,0.0,0.0,0
1786495164,818377256,100.0,-1.718595329915182,-1.7020791212665003,-1.1326540152179163,-4.617758814488546,-4.890399638806478,0.6903509497642517,0.0,-0.0,0.0,0.0,0.0,0.0,0.0,0.0,0.0,0.0,0.0,0.0,0
1786495164,838588476,100.0,-1.7185471693622034,-1.702066723500387,-1.1326420942889612,-4.6177948156939905,-4.890363637601034,0.6903868913650513,0.0,-0.0,0.0,0.0,0.0,0.0,0.0,0.0,0.0,0.0,0.0,0.0,0
1786495164,858397483,100.0,-1.7185710112201136,-1.7020910421954554,-1.1326897780047815,-4.617758814488546,-4.890387598668234,0.6903509497642517,0.0,-0.0,0.0,0.0,0.0,0.0,0.0,0.0,0.0,0.0,0.0,0.0,0
1786495164,878543853,100.0,-1.7185710112201136,-1.702066723500387,-1.1326540152179163,-4.6177828947650355,-4.890339676533834,0.6903749108314514,0.0,-0.0,0.0,0.0,0.0,0.0,0.0,0.0,0.0,0.0,0.0,0.0,0
1786495164,898553848,100.0,-1.7185710112201136,-1.702054802571432,-1.1327374617206019,-4.617806855832235,-4.890351716672079,0.6903749108314514,0.0,-0.0,0.0,0.0,0.0,0.0,0.0,0.0,0.0,0.0,0.0,0.0,0
1786495164,918539762,100.0,-1.7185710112201136,-1.702054802571432,-1.1326773802386683,-4.617770854626791,-4.890375677739279,0.6903509497642517,0.0,-0.0,0.0,0.0,0.0,0.0,0.0,0.0,0.0,0.0,0.0,0.0,0
1786495164,938511133,100.0,-1.7186430136310022,-1.7020190397845667,-1.1326420942889612,-4.61781877676119,-4.890363637601034,0.6903509497642517,0.0,-0.0,0.0,0.0,0.0,0.0,0.0,0.0,0.0,0.0,0.0,0.0,0
1786495164,958459138,100.0,-1.7185710112201136,-1.7020428816424769,-1.1326773802386683,-4.6177948156939905,-4.890375677739279,0.6903629302978516,0.0,-0.0,0.0,0.0,0.0,0.0,0.0,0.0,0.0,0.0,0.0,0.0,0
1786495164,978410243,100.0,-1.7185829321490687,-1.7020309607135218,-1.1326659361468714,-4.6177948156939905,-4.890399638806478,0.6903868913650513,0.0,-0.0,0.0,0.0,0.0,0.0,0.0,0.0,0.0,0.0,0.0,0.0,0
1786495164,998598337,100.0,-1.718595329915182,-1.7020910421954554,-1.1326659361468714,-4.6177828947650355,-4.890375677739279,0.6903509497642517,0.0,-0.0,0.0,0.0,0.0,0.0,0.0,0.0,0.0,0.0,0.0,0.0,0
1786495165,18357992,100.0,-1.7185471693622034,-1.7021029631244105,-1.1326659361468714,-4.617770854626791,-4.890399638806478,0.6903868913650513,0.0,-0.0,0.0,0.0,0.0,0.0,0.0,0.0,0.0,0.0,0.0,0.0,0
1786495165,38579940,100.0,-1.7185710112201136,-1.7020910421954554,-1.1327016989337366,-4.6177348534213465,-4.890375677739279,0.6903269290924072,0.0,-0.0,0.0,0.0,0.0,0.0,0.0,0.0,0.0,0.0,0.0,0.0,0
1786495165,58352231,100.0,-1.7185471693622034,-1.702066723500387,-1.1326420942889612,-4.6177828947650355,-4.890339676533834,0.6904228329658508,0.0,-0.0,0.0,0.0,0.0,0.0,0.0,0.0,0.0,0.0,0.0,0.0,0
1786495165,78507661,100.0,-1.7185114065753382,-1.7020428816424769,-1.1326420942889612,-4.6177948156939905,-4.890363637601034,0.6903269290924072,0.0,-0.0,0.0,0.0,0.0,0.0,0.0,0.0,0.0,0.0,0.0,0.0,0
1786495165,98460912,100.0,-1.718607250844137,-1.7020791212665003,-1.1326773802386683,-4.617770854626791,-4.890351716672079,0.6903988718986511,0.0,-0.0,0.0,0.0,0.0,0.0,0.0,0.0,0.0,0.0,0.0,0.0,0
1786495165,118565559,100.0,-1.7185590902911585,-1.7020791212665003,-1.1326540152179163,-4.617746893559591,-4.890363637601034,0.6903629302978516,0.0,-0.0,0.0,0.0,0.0,0.0,0.0,0.0,0.0,0.0,0.0,0.0,0
1786495165,138370275,100.0,-1.7185710112201136,-1.7020910421954554,-1.1327016989337366,-4.6177948156939905,-4.890375677739279,0.690410852432251,0.0,-0.0,0.0,0.0,0.0,0.0,0.0,0.0,0.0,0.0,0.0,0.0,0
1786495165,158519029,100.0,-1.718619171773092,-1.7020071188556116,-1.1326540152179163,-4.6177828947650355,-4.890399638806478,0.6903629302978516,0.0,-0.0,0.0,0.0,0.0,0.0,0.0,0.0,0.0,0.0,0.0,0.0,0
1786495165,178407669,100.0,-1.718607250844137,-1.7020428816424769,-1.1327016989337366,-4.6177828947650355,-4.890375677739279,0.6903749108314514,0.0,-0.0,0.0,0.0,0.0,0.0,0.0,0.0,0.0,0.0,0.0,0.0,0
1786495165,198665380,100.0,-1.7185829321490687,-1.702054802571432,-1.1326897780047815,-4.617746893559591,-4.890375677739279,0.6903749108314514,0.0,-0.0,0.0,0.0,0.0,0.0,0.0,0.0,0.0,0.0,0.0,0.0,0
1786495165,218412637,100.0,-1.7185829321490687,-1.7020791212665003,-1.1326301733600062,-4.617758814488546,-4.890339676533834,0.6903868913650513,0.0,-0.0,0.0,0.0,0.0,0.0,0.0,0.0,0.0,0.0,0.0,0.0,0
1786495165,238515615,100.0,-1.7185829321490687,-1.7020910421954554,-1.1326773802386683,-4.617758814488546,-4.890387598668234,0.690410852432251,0.0,-0.0,0.0,0.0,0.0,0.0,0.0,0.0,0.0,0.0,0.0,0.0,0
1786495165,258357286,100.0,-1.718595329915182,-1.702054802571432,-1.1326897780047815,-4.6177348534213465,-4.890399638806478,0.6903988718986511,0.0,-0.0,0.0,0.0,0.0,0.0,0.0,0.0,0.0,0.0,0.0,0.0,0
1786495165,278642892,100.0,-1.718607250844137,-1.702066723500387,-1.1327136198626917,-4.6177948156939905,-4.890375677739279,0.6903629302978516,0.0,-0.0,0.0,0.0,0.0,0.0,0.0,0.0,0.0,0.0,0.0,0.0,0
1786495165,298421859,100.0,-1.718595329915182,-1.7020791212665003,-1.1327374617206019,-4.617770854626791,-4.890327755604879,0.6903988718986511,0.0,-0.0,0.0,0.0,0.0,0.0,0.0,0.0,0.0,0.0,0.0,0.0,0
1786495165,318525552,100.0,-1.7185233275042933,-1.7021148840533655,-1.1326420942889612,-4.617746893559591,-4.890327755604879,0.6903749108314514,0.0,-0.0,0.0,0.0,0.0,0.0,0.0,0.0,0.0,0.0,0.0,0.0,0
1786495165,338417291,100.0,-1.7185590902911585,-1.7020428816424769,-1.1326773802386683,-4.6177948156939905,-4.890339676533834,0.6903988718986511,0.0,-0.0,0.0,0.0,0.0,0.0,0.0,0.0,0.0,0.0,0.0,0.0,0
1786495165,358439683,100.0,-1.7185352484332483,-1.7020791212665003,-1.1326420942889612,-4.617722932492391,-4.890375677739279,0.6903868913650513,0.0,-0.0,0.0,0.0,0.0,0.0,0.0,0.0,0.0,0.0,0.0,0.0,0
1786495165,378460407,100.0,-1.7185352484332483,-1.7020910421954554,-1.1326773802386683,-4.61781877676119,-4.890351716672079,0.6903509497642517,0.0,-0.0,0.0,0.0,0.0,0.0,0.0,0.0,0.0,0.0,0.0,0.0,0
1786495165,398674488,100.0,-1.7186310927020472,-1.7020309607135218,-1.1326420942889612,-4.6177348534213465,-4.890399638806478,0.6903629302978516,0.0,-0.0,0.0,0.0,0.0,0.0,0.0,0.0,0.0,0.0,0.0,0.0,0
1786495165,418352842,100.0,-1.7185710112201136,-1.7020190397845667,-1.1326659361468714,-4.617722932492391,-4.890327755604879,0.6903988718986511,0.0,-0.0,0.0,0.0,0.0,0.0,0.0,0.0,0.0,0.0,0.0,0.0,0
1786495165,438542604,100.0,-1.7185710112201136,-1.7020190397845667,-1.1326540152179163,-4.617758814488546,-4.890327755604879,0.6903269290924072,0.0,-0.0,0.0,0.0,0.0,0.0,0.0,0.0,0.0,0.0,0.0,0.0,0
1786495165,458415985,100.0,-1.7186310927020472,-1.702054802571432,-1.1326773802386683,-4.61781877676119,-4.890327755604879,0.6903868913650513,0.0,-0.0,0.0,0.0,0.0,0.0,0.0,0.0,0.0,0.0,0.0,0.0,0
1786495165,478461027,100.0,-1.7185829321490687,-1.702054802571432,-1.1326659361468714,-4.617770854626791,-4.890339676533834,0.6903988718986511,0.0,-0.0,0.0,0.0,0.0,0.0,0.0,0.0,0.0,0.0,0.0,0.0,0
1786495165,498546123,100.0,-1.718595329915182,-1.7020190397845667,-1.1326773802386683,-4.6177948156939905,-4.890387598668234,0.6903749108314514,0.0,-0.0,0.0,0.0,0.0,0.0,0.0,0.0,0.0,0.0,0.0,0.0,0
1786495165,518600940,100.0,-1.7185829321490687,-1.7020791212665003,-1.1326540152179163,-4.617758814488546,-4.890399638806478,0.6903988718986511,0.0,-0.0,0.0,0.0,0.0,0.0,0.0,0.0,0.0,0.0,0.0,0.0,0
1786495165,538404464,100.0,-1.7185590902911585,-1.702054802571432,-1.1326540152179163,-4.6177828947650355,-4.890327755604879,0.690410852432251,0.0,-0.0,0.0,0.0,0.0,0.0,0.0,0.0,0.0,0.0,0.0,0.0,0
1786495165,558402776,100.0,-1.7185710112201136,-1.702066723500387,-1.1327016989337366,-4.6177948156939905,-4.890315715466635,0.6903868913650513,0.0,-0.0,0.0,0.0,0.0,0.0,0.0,0.0,0.0,0.0,0.0,0.0,0
1786495165,578505992,100.0,-1.7185233275042933,-1.702066723500387,-1.1327016989337366,-4.617770854626791,-4.890387598668234,0.690410852432251,0.0,-0.0,0.0,0.0,0.0,0.0,0.0,0.0,0.0,0.0,0.0,0.0,0
1786495165,598623275,100.0,-1.718595329915182,-1.702054802571432,-1.1326540152179163,-4.617758814488546,-4.890339676533834,0.690410852432251,0.0,-0.0,0.0,0.0,0.0,0.0,0.0,0.0,0.0,0.0,0.0,0.0,0
1786495165,618316650,100.0,-1.718619171773092,-1.7020071188556116,-1.1326773802386683,-4.617806855832235,-4.890363637601034,0.6904228329658508,0.0,-0.0,0.0,0.0,0.0,0.0,0.0,0.0,0.0,0.0,0.0,0.0,0
1786495165,638458013,100.0,-1.7185829321490687,-1.7020428816424769,-1.1327016989337366,-4.6177828947650355,-4.890412036572592,0.6903629302978516,0.0,-0.0,0.0,0.0,0.0,0.0,0.0,0.0,0.0,0.0,0.0,0.0,0
1786495165,658313512,100.0,-1.718595329915182,-1.702066723500387,-1.1326773802386683,-4.617770854626791,-4.890351716672079,0.6903389096260071,0.0,-0.0,0.0,0.0,0.0,0.0,0.0,0.0,0.0,0.0,0.0,0.0,0
1786495165,678547620,100.0,-1.718607250844137,-1.7021029631244105,-1.1326659361468714,-4.617770854626791,-4.890387598668234,0.6903749108314514,0.0,-0.0,0.0,0.0,0.0,0.0,0.0,0.0,0.0,0.0,0.0,0.0,0
1786495165,698950290,100.0,-1.7185471693622034,-1.702066723500387,-1.1327016989337366,-4.6177948156939905,-4.890351716672079,0.6903509497642517,0.0,-0.0,0.0,0.0,0.0,0.0,0.0,0.0,0.0,0.0,0.0,0.0,0
1786495165,718501091,100.0,-1.7185471693622034,-1.7020910421954554,-1.1327016989337366,-4.6177828947650355,-4.890375677739279,0.6903629302978516,0.0,-0.0,0.0,0.0,0.0,0.0,0.0,0.0,0.0,0.0,0.0,0.0,0
1786495165,738511085,100.0,-1.7185590902911585,-1.7020309607135218,-1.1326897780047815,-4.617746893559591,-4.890351716672079,0.6903749108314514,0.0,-0.0,0.0,0.0,0.0,0.0,0.0,0.0,0.0,0.0,0.0,0.0,0
1786495165,758504867,100.0,-1.7185352484332483,-1.702054802571432,-1.1326773802386683,-4.617758814488546,-4.890315715466635,0.6903988718986511,0.0,-0.0,0.0,0.0,0.0,0.0,0.0,0.0,0.0,0.0,0.0,0.0,0
1786495165,778410196,100.0,-1.718607250844137,-1.7020791212665003,-1.1326773802386683,-4.617806855832235,-4.890327755604879,0.6903629302978516,0.0,-0.0,0.0,0.0,0.0,0.0,0.0,0.0,0.0,0.0,0.0,0.0,0
1786495165,798551797,100.0,-1.7185710112201136,-1.702066723500387,-1.1327016989337366,-4.617806855832235,-4.890351716672079,0.6903629302978516,0.0,-0.0,0.0,0.0,0.0,0.0,0.0,0.0,0.0,0.0,0.0,0.0,0
1786495165,818346738,100.0,-1.7185829321490687,-1.702054802571432,-1.1326897780047815,-4.617770854626791,-4.890375677739279,0.6903149485588074,0.0,-0.0,0.0,0.0,0.0,0.0,0.0,0.0,0.0,0.0,0.0,0.0,0
1786495165,838597774,100.0,-1.718595329915182,-1.7020190397845667,-1.1326659361468714,-4.6177948156939905,-4.890327755604879,0.690410852432251,0.0,-0.0,0.0,0.0,0.0,0.0,0.0,0.0,0.0,0.0,0.0,0.0,0
1786495165,858348846,100.0,-1.718607250844137,-1.702054802571432,-1.1326897780047815,-4.6177948156939905,-4.890363637601034,0.6903629302978516,0.0,-0.0,0.0,0.0,0.0,0.0,0.0,0.0,0.0,0.0,0.0,0.0,0
1786495165,878541231,100.0,-1.7185710112201136,-1.7020910421954554,-1.1327374617206019,-4.6177948156939905,-4.890315715466635,0.6903749108314514,0.0,-0.0,0.0,0.0,0.0,0.0,0.0,0.0,0.0,0.0,0.0,0.0,0
1786495165,898601531,100.0,-1.718607250844137,-1.7020791212665003,-1.1326659361468714,-4.61781877676119,-4.890351716672079,0.6903868913650513,0.0,-0.0,0.0,0.0,0.0,0.0,0.0,0.0,0.0,0.0,0.0,0.0,0
1786495165,918561935,100.0,-1.7186310927020472,-1.702054802571432,-1.1327016989337366,-4.6177948156939905,-4.890327755604879,0.6903629302978516,0.0,-0.0,0.0,0.0,0.0,0.0,0.0,0.0,0.0,0.0,0.0,0.0,0
1786495165,938327312,100.0,-1.7185710112201136,-1.7021029631244105,-1.1326659361468714,-4.6177948156939905,-4.890327755604879,0.6903868913650513,0.0,-0.0,0.0,0.0,0.0,0.0,0.0,0.0,0.0,0.0,0.0,0.0,0
1786495165,958439111,100.0,-1.7185590902911585,-1.7020428816424769,-1.1326773802386683,-4.617758814488546,-4.890375677739279,0.6903749108314514,0.0,-0.0,0.0,0.0,0.0,0.0,0.0,0.0,0.0,0.0,0.0,0.0,0
1786495165,978410959,100.0,-1.7185710112201136,-1.7020428816424769,-1.1326420942889612,-4.6177828947650355,-4.890399638806478,0.6903868913650513,0.0,-0.0,0.0,0.0,0.0,0.0,0.0,0.0,0.0,0.0,0.0,0.0,0
1786495165,998583078,100.0,-1.718595329915182,-1.7020791212665003,-1.1326897780047815,-4.617806855832235,-4.890363637601034,0.6903749108314514,0.0,-0.0,0.0,0.0,0.0,0.0,0.0,0.0,0.0,0.0,0.0,0.0,0
1786495166,18429517,100.0,-1.7185590902911585,-1.7020910421954554,-1.1327136198626917,-4.617770854626791,-4.890375677739279,0.6903389096260071,0.0,-0.0,0.0,0.0,0.0,0.0,0.0,0.0,0.0,0.0,0.0,0.0,0
1786495166,38436412,100.0,-1.7185829321490687,-1.7020309607135218,-1.1326897780047815,-4.617758814488546,-4.890327755604879,0.6903749108314514,0.0,-0.0,0.0,0.0,0.0,0.0,0.0,0.0,0.0,0.0,0.0,0.0,0
1786495166,58326721,100.0,-1.7185471693622034,-1.7020791212665003,-1.1326659361468714,-4.6177828947650355,-4.890351716672079,0.6903629302978516,0.0,-0.0,0.0,0.0,0.0,0.0,0.0,0.0,0.0,0.0,0.0,0.0,0
1786495166,78428268,100.0,-1.7186310927020472,-1.702054802571432,-1.132749382649557,-4.617722932492391,-4.890363637601034,0.6903629302978516,0.0,-0.0,0.0,0.0,0.0,0.0,0.0,0.0,0.0,0.0,0.0,0.0,0
1786495166,98542928,100.0,-1.7185829321490687,-1.702054802571432,-1.1326420942889612,-4.6177828947650355,-4.890351716672079,0.6903749108314514,0.0,-0.0,0.0,0.0,0.0,0.0,0.0,0.0,0.0,0.0,0.0,0.0,0
1786495166,118588209,100.0,-1.718595329915182,-1.702054802571432,-1.1326301733600062,-4.6177948156939905,-4.890339676533834,0.6903389096260071,0.0,-0.0,0.0,0.0,0.0,0.0,0.0,0.0,0.0,0.0,0.0,0.0,0
1786495166,138448476,100.0,-1.7185710112201136,-1.702066723500387,-1.1326420942889612,-4.6177948156939905,-4.890351716672079,0.6903389096260071,0.0,-0.0,0.0,0.0,0.0,0.0,0.0,0.0,0.0,0.0,0.0,0.0,0
1786495166,158515214,100.0,-1.718607250844137,-1.702066723500387,-1.1326659361468714,-4.6177828947650355,-4.890375677739279,0.6903868913650513,0.0,-0.0,0.0,0.0,0.0,0.0,0.0,0.0,0.0,0.0,0.0,0.0,0
1786495166,178301811,100.0,-1.7185710112201136,-1.7021029631244105,-1.1326773802386683,-4.6177948156939905,-4.890387598668234,0.6903509497642517,0.0,-0.0,0.0,0.0,0.0,0.0,0.0,0.0,0.0,0.0,0.0,0.0,0
1786495166,198709011,100.0,-1.7185114065753382,-1.7020791212665003,-1.1326897780047815,-4.617770854626791,-4.890327755604879,0.6903988718986511,0.0,-0.0,0.0,0.0,0.0,0.0,0.0,0.0,0.0,0.0,0.0,0.0,0
1786495166,218371152,100.0,-1.718595329915182,-1.7020428816424769,-1.1326420942889612,-4.6177348534213465,-4.890375677739279,0.6903868913650513,0.0,-0.0,0.0,0.0,0.0,0.0,0.0,0.0,0.0,0.0,0.0,0.0,0
1786495166,238383769,100.0,-1.7185710112201136,-1.702066723500387,-1.1327255407916468,-4.617806855832235,-4.890387598668234,0.6903629302978516,0.0,-0.0,0.0,0.0,0.0,0.0,0.0,0.0,0.0,0.0,0.0,0.0,0
1786495166,258399009,100.0,-1.7185471693622034,-1.7020791212665003,-1.1327136198626917,-4.617770854626791,-4.890351716672079,0.6904228329658508,0.0,-0.0,0.0,0.0,0.0,0.0,0.0,0.0,0.0,0.0,0.0,0.0,0
1786495166,278377294,100.0,-1.718595329915182,-1.7021029631244105,-1.1326773802386683,-4.617746893559591,-4.890375677739279,0.6903629302978516,0.0,-0.0,0.0,0.0,0.0,0.0,0.0,0.0,0.0,0.0,0.0,0.0,0
1786495166,298444986,100.0,-1.718595329915182,-1.702066723500387,-1.1326897780047815,-4.617746893559591,-4.890351716672079,0.6904228329658508,0.0,-0.0,0.0,0.0,0.0,0.0,0.0,0.0,0.0,0.0,0.0,0.0,0
1786495166,318544387,100.0,-1.718595329915182,-1.7020791212665003,-1.1326659361468714,-4.6177948156939905,-4.890363637601034,0.6903389096260071,0.0,-0.0,0.0,0.0,0.0,0.0,0.0,0.0,0.0,0.0,0.0,0.0,0
1786495166,338397741,100.0,-1.7185710112201136,-1.7020910421954554,-1.1326420942889612,-4.617770854626791,-4.890327755604879,0.6903149485588074,0.0,-0.0,0.0,0.0,0.0,0.0,0.0,0.0,0.0,0.0,0.0,0.0,0
1786495166,358638763,100.0,-1.718595329915182,-1.7020190397845667,-1.1327136198626917,-4.617758814488546,-4.890363637601034,0.6903868913650513,0.0,-0.0,0.0,0.0,0.0,0.0,0.0,0.0,0.0,0.0,0.0,0.0,0
1786495166,378398656,100.0,-1.7185352484332483,-1.7020791212665003,-1.1326301733600062,-4.6177828947650355,-4.890351716672079,0.6903868913650513,0.0,-0.0,0.0,0.0,0.0,0.0,0.0,0.0,0.0,0.0,0.0,0.0,0
1786495166,398590564,100.0,-1.7185590902911585,-1.7020428816424769,-1.132618252431051,-4.6177828947650355,-4.890399638806478,0.6904228329658508,0.0,-0.0,0.0,0.0,0.0,0.0,0.0,0.0,0.0,0.0,0.0,0.0,0
1786495166,418452501,100.0,-1.7185829321490687,-1.7020190397845667,-1.1326773802386683,-4.61784273782839,-4.890339676533834,0.6903749108314514,0.0,-0.0,0.0,0.0,0.0,0.0,0.0,0.0,0.0,0.0,0.0,0.0,0
1786495166,438645362,100.0,-1.7185710112201136,-1.7020428816424769,-1.1326897780047815,-4.617830816899435,-4.890339676533834,0.6903629302978516,0.0,-0.0,0.0,0.0,0.0,0.0,0.0,0.0,0.0,0.0,0.0,0.0,0
1786495166,458334684,100.0,-1.7185829321490687,-1.7020428816424769,-1.1326897780047815,-4.6177948156939905,-4.890351716672079,0.6903629302978516,0.0,-0.0,0.0,0.0,0.0,0.0,0.0,0.0,0.0,0.0,0.0,0.0,0
1786495166,478459358,100.0,-1.718595329915182,-1.702054802571432,-1.1326420942889612,-4.617770854626791,-4.890339676533834,0.6903389096260071,0.0,-0.0,0.0,0.0,0.0,0.0,0.0,0.0,0.0,0.0,0.0,0.0,0
1786495166,498516082,100.0,-1.718607250844137,-1.7020791212665003,-1.1326659361468714,-4.6177828947650355,-4.890375677739279,0.6903629302978516,0.0,-0.0,0.0,0.0,0.0,0.0,0.0,0.0,0.0,0.0,0.0,0.0,0
1786495166,518636226,100.0,-1.718619171773092,-1.7021029631244105,-1.1326773802386683,-4.6177348534213465,-4.890327755604879,0.6903988718986511,0.0,-0.0,0.0,0.0,0.0,0.0,0.0,0.0,0.0,0.0,0.0,0.0,0
1786495166,538329601,100.0,-1.718595329915182,-1.7021029631244105,-1.1327016989337366,-4.6177948156939905,-4.890387598668234,0.6903389096260071,0.0,-0.0,0.0,0.0,0.0,0.0,0.0,0.0,0.0,0.0,0.0,0.0,0
1786495166,558430671,100.0,-1.718595329915182,-1.702054802571432,-1.1326540152179163,-4.6177828947650355,-4.890315715466635,0.6903269290924072,0.0,-0.0,0.0,0.0,0.0,0.0,0.0,0.0,0.0,0.0,0.0,0.0,0
1786495166,578439950,100.0,-1.7185471693622034,-1.7020428816424769,-1.1327136198626917,-4.617770854626791,-4.890351716672079,0.6903269290924072,0.0,-0.0,0.0,0.0,0.0,0.0,0.0,0.0,0.0,0.0,0.0,0.0,0
1786495166,598667860,100.0,-1.7185710112201136,-1.7020071188556116,-1.1326659361468714,-4.617722932492391,-4.890375677739279,0.6903868913650513,0.0,-0.0,0.0,0.0,0.0,0.0,0.0,0.0,0.0,0.0,0.0,0.0,0
1786495166,618444204,100.0,-1.7185590902911585,-1.702054802571432,-1.1326301733600062,-4.617722932492391,-4.890339676533834,0.6903988718986511,0.0,-0.0,0.0,0.0,0.0,0.0,0.0,0.0,0.0,0.0,0.0,0.0,0
1786495166,638576269,100.0,-1.718607250844137,-1.702054802571432,-1.1327016989337366,-4.617758814488546,-4.890387598668234,0.6903389096260071,0.0,-0.0,0.0,0.0,0.0,0.0,0.0,0.0,0.0,0.0,0.0,0.0,0
1786495166,658342838,100.0,-1.7185471693622034,-1.7020428816424769,-1.1327016989337366,-4.6177828947650355,-4.890351716672079,0.6903629302978516,0.0,-0.0,0.0,0.0,0.0,0.0,0.0,0.0,0.0,0.0,0.0,0.0,0
1786495166,678449869,100.0,-1.7185710112201136,-1.7020428816424769,-1.1326659361468714,-4.617722932492391,-4.890412036572592,0.6903868913650513,0.0,-0.0,0.0,0.0,0.0,0.0,0.0,0.0,0.0,0.0,0.0,0.0,0
1786495166,698547124,100.0,-1.718619171773092,-1.7020791212665003,-1.1326897780047815,-4.617770854626791,-4.890375677739279,0.690410852432251,0.0,-0.0,0.0,0.0,0.0,0.0,0.0,0.0,0.0,0.0,0.0,0.0,0
1786495166,718560695,100.0,-1.7185590902911585,-1.7020910421954554,-1.1326897780047815,-4.6177948156939905,-4.890351716672079,0.6903868913650513,0.0,-0.0,0.0,0.0,0.0,0.0,0.0,0.0,0.0,0.0,0.0,0.0,0
1786495166,738360643,100.0,-1.718595329915182,-1.7021029631244105,-1.1326773802386683,-4.617758814488546,-4.890399638806478,0.6903269290924072,0.0,-0.0,0.0,0.0,0.0,0.0,0.0,0.0,0.0,0.0,0.0,0.0,0
1786495166,758417606,100.0,-1.718595329915182,-1.702054802571432,-1.1326659361468714,-4.6177828947650355,-4.890363637601034,0.6903749108314514,0.0,-0.0,0.0,0.0,0.0,0.0,0.0,0.0,0.0,0.0,0.0,0.0,0
1786495166,778357505,100.0,-1.718595329915182,-1.7020910421954554,-1.1326540152179163,-4.617758814488546,-4.890351716672079,0.6903509497642517,0.0,-0.0,0.0,0.0,0.0,0.0,0.0,0.0,0.0,0.0,0.0,0.0,0
1786495166,798578739,100.0,-1.7185590902911585,-1.702066723500387,-1.1326420942889612,-4.617746893559591,-4.890399638806478,0.6903749108314514,0.0,-0.0,0.0,0.0,0.0,0.0,0.0,0.0,0.0,0.0,0.0,0.0,0
1786495166,818454980,100.0,-1.7185471693622034,-1.7021029631244105,-1.1326420942889612,-4.617806855832235,-4.890327755604879,0.6903749108314514,0.0,-0.0,0.0,0.0,0.0,0.0,0.0,0.0,0.0,0.0,0.0,0.0,0
1786495166,838565587,100.0,-1.7185710112201136,-1.7021148840533655,-1.1326659361468714,-4.617758814488546,-4.890363637601034,0.6903509497642517,0.0,-0.0,0.0,0.0,0.0,0.0,0.0,0.0,0.0,0.0,0.0,0.0,0
1786495166,858417987,100.0,-1.7185710112201136,-1.7020910421954554,-1.1326897780047815,-4.61781877676119,-4.890339676533834,0.6903509497642517,0.0,-0.0,0.0,0.0,0.0,0.0,0.0,0.0,0.0,0.0,0.0,0.0,0
1786495166,878561019,100.0,-1.7185710112201136,-1.7020791212665003,-1.1327016989337366,-4.6177948156939905,-4.890375677739279,0.6903988718986511,0.0,-0.0,0.0,0.0,0.0,0.0,0.0,0.0,0.0,0.0,0.0,0.0,0
1786495166,898560523,100.0,-1.7185829321490687,-1.7020910421954554,-1.1327016989337366,-4.617806855832235,-4.890399638806478,0.6903868913650513,0.0,-0.0,0.0,0.0,0.0,0.0,0.0,0.0,0.0,0.0,0.0,0.0,0
1786495166,918631792,100.0,-1.7185829321490687,-1.7020910421954554,-1.1327255407916468,-4.617758814488546,-4.890363637601034,0.6903988718986511,0.0,-0.0,0.0,0.0,0.0,0.0,0.0,0.0,0.0,0.0,0.0,0.0,0
1786495166,938348770,100.0,-1.7185829321490687,-1.7020190397845667,-1.1327136198626917,-4.617806855832235,-4.890399638806478,0.6903988718986511,0.0,-0.0,0.0,0.0,0.0,0.0,0.0,0.0,0.0,0.0,0.0,0.0,0
1786495166,958520174,100.0,-1.7185710112201136,-1.7020190397845667,-1.1326659361468714,-4.6177828947650355,-4.890387598668234,0.6903269290924072,0.0,-0.0,0.0,0.0,0.0,0.0,0.0,0.0,0.0,0.0,0.0,0.0,0
1786495166,978414058,100.0,-1.7185471693622034,-1.7020428816424769,-1.1326897780047815,-4.617746893559591,-4.890327755604879,0.6903868913650513,0.0,-0.0,0.0,0.0,0.0,0.0,0.0,0.0,0.0,0.0,0.0,0.0,0
1786495166,998573303,100.0,-1.7185471693622034,-1.7020071188556116,-1.1326773802386683,-4.617770854626791,-4.890339676533834,0.6903749108314514,0.0,-0.0,0.0,0.0,0.0,0.0,0.0,0.0,0.0,0.0,0.0,0.0,0
1786495167,18615484,100.0,-1.718607250844137,-1.7021148840533655,-1.1326897780047815,-4.617758814488546,-4.890375677739279,0.6903509497642517,0.0,-0.0,0.0,0.0,0.0,0.0,0.0,0.0,0.0,0.0,0.0,0.0,0
1786495167,38592338,100.0,-1.7185710112201136,-1.7020910421954554,-1.1327136198626917,-4.617770854626791,-4.890387598668234,0.6903629302978516,0.0,-0.0,0.0,0.0,0.0,0.0,0.0,0.0,0.0,0.0,0.0,0.0,0
1786495167,58448076,100.0,-1.7185829321490687,-1.7020791212665003,-1.1327016989337366,-4.617830816899435,-4.890327755604879,0.6903509497642517,0.0,-0.0,0.0,0.0,0.0,0.0,0.0,0.0,0.0,0.0,0.0,0.0,0
1786495167,78503131,100.0,-1.7185710112201136,-1.7020791212665003,-1.1326897780047815,-4.617722932492391,-4.890387598668234,0.6903389096260071,0.0,-0.0,0.0,0.0,0.0,0.0,0.0,0.0,0.0,0.0,0.0,0.0,0
1786495167,98438501,100.0,-1.7185829321490687,-1.7020309607135218,-1.1326897780047815,-4.617758814488546,-4.890363637601034,0.6903749108314514,0.0,-0.0,0.0,0.0,0.0,0.0,0.0,0.0,0.0,0.0,0.0,0.0,0
1786495167,118552923,100.0,-1.718595329915182,-1.702054802571432,-1.1326897780047815,-4.617770854626791,-4.890339676533834,0.6903629302978516,0.0,-0.0,0.0,0.0,0.0,0.0,0.0,0.0,0.0,0.0,0.0,0.0,0
1786495167,138417959,100.0,-1.7186310927020472,-1.7020910421954554,-1.1327016989337366,-4.617770854626791,-4.890387598668234,0.6903389096260071,0.0,-0.0,0.0,0.0,0.0,0.0,0.0,0.0,0.0,0.0,0.0,0.0,0
1786495167,158541202,100.0,-1.7185471693622034,-1.7020910421954554,-1.1326773802386683,-4.6177828947650355,-4.890327755604879,0.6903988718986511,0.0,-0.0,0.0,0.0,0.0,0.0,0.0,0.0,0.0,0.0,0.0,0.0,0
1786495167,178544998,100.0,-1.7185471693622034,-1.7020428816424769,-1.1326659361468714,-4.617758814488546,-4.890327755604879,0.6903868913650513,0.0,-0.0,0.0,0.0,0.0,0.0,0.0,0.0,0.0,0.0,0.0,0.0,0
1786495167,198633193,100.0,-1.7185829321490687,-1.7020910421954554,-1.1326659361468714,-4.617746893559591,-4.890375677739279,0.690410852432251,0.0,-0.0,0.0,0.0,0.0,0.0,0.0,0.0,0.0,0.0,0.0,0.0,0
1786495167,218369245,100.0,-1.718595329915182,-1.7020190397845667,-1.1326897780047815,-4.6177948156939905,-4.890351716672079,0.6903988718986511,0.0,-0.0,0.0,0.0,0.0,0.0,0.0,0.0,0.0,0.0,0.0,0.0,0
1786495167,238588333,100.0,-1.7185471693622034,-1.702066723500387,-1.1326659361468714,-4.617770854626791,-4.890315715466635,0.690410852432251,0.0,-0.0,0.0,0.0,0.0,0.0,0.0,0.0,0.0,0.0,0.0,0.0,0
1786495167,258549928,100.0,-1.7185710112201136,-1.702054802571432,-1.1326540152179163,-4.6177948156939905,-4.890339676533834,0.6903509497642517,0.0,-0.0,0.0,0.0,0.0,0.0,0.0,0.0,0.0,0.0,0.0,0.0,0
1786495167,278611660,100.0,-1.7185590902911585,-1.7020791212665003,-1.1326659361468714,-4.617770854626791,-4.890387598668234,0.6903269290924072,0.0,-0.0,0.0,0.0,0.0,0.0,0.0,0.0,0.0,0.0,0.0,0.0,0
1786495167,298547506,100.0,-1.7185471693622034,-1.7020791212665003,-1.1326773802386683,-4.6177948156939905,-4.890339676533834,0.690410852432251,0.0,-0.0,0.0,0.0,0.0,0.0,0.0,0.0,0.0,0.0,0.0,0.0,0
1786495167,318591117,100.0,-1.718607250844137,-1.7020791212665003,-1.1326301733600062,-4.617758814488546,-4.890412036572592,0.6903629302978516,0.0,-0.0,0.0,0.0,0.0,0.0,0.0,0.0,0.0,0.0,0.0,0.0,0
1786495167,338403701,100.0,-1.718607250844137,-1.7020309607135218,-1.1326659361468714,-4.617758814488546,-4.890387598668234,0.6903629302978516,0.0,-0.0,0.0,0.0,0.0,0.0,0.0,0.0,0.0,0.0,0.0,0.0,0
1786495167,358500957,100.0,-1.7185590902911585,-1.702054802571432,-1.1327016989337366,-4.6177348534213465,-4.890375677739279,0.6903629302978516,0.0,-0.0,0.0,0.0,0.0,0.0,0.0,0.0,0.0,0.0,0.0,0.0,0
1786495167,378426074,100.0,-1.718595329915182,-1.7020791212665003,-1.1327016989337366,-4.6177828947650355,-4.890375677739279,0.6903269290924072,0.0,-0.0,0.0,0.0,0.0,0.0,0.0,0.0,0.0,0.0,0.0,0.0,0
1786495167,398578643,100.0,-1.7185829321490687,-1.7020791212665003,-1.1326773802386683,-4.617806855832235,-4.890363637601034,0.6904348134994507,0.0,-0.0,0.0,0.0,0.0,0.0,0.0,0.0,0.0,0.0,0.0,0.0,0
1786495167,418415069,100.0,-1.718595329915182,-1.7020791212665003,-1.1326897780047815,-4.617758814488546,-4.890387598668234,0.6903749108314514,0.0,-0.0,0.0,0.0,0.0,0.0,0.0,0.0,0.0,0.0,0.0,0.0,0
1786495167,438420534,100.0,-1.718595329915182,-1.702054802571432,-1.1326659361468714,-4.617770854626791,-4.890387598668234,0.6904228329658508,0.0,-0.0,0.0,0.0,0.0,0.0,0.0,0.0,0.0,0.0,0.0,0.0,0
1786495167,458360671,100.0,-1.7185829321490687,-1.7021268049823206,-1.1326540152179163,-4.617770854626791,-4.890327755604879,0.6904467940330505,0.0,-0.0,0.0,0.0,0.0,0.0,0.0,0.0,0.0,0.0,0.0,0.0,0
1786495167,478532314,100.0,-1.718595329915182,-1.702066723500387,-1.1326420942889612,-4.617746893559591,-4.890399638806478,0.6903509497642517,0.0,-0.0,0.0,0.0,0.0,0.0,0.0,0.0,0.0,0.0,0.0,0.0,0
1786495167,498586177,100.0,-1.7185471693622034,-1.7020791212665003,-1.1326659361468714,-4.617746893559591,-4.890387598668234,0.6904228329658508,0.0,-0.0,0.0,0.0,0.0,0.0,0.0,0.0,0.0,0.0,0.0,0.0,0
1786495167,518589735,100.0,-1.718607250844137,-1.702054802571432,-1.1326301733600062,-4.6177828947650355,-4.890399638806478,0.690410852432251,0.0,-0.0,0.0,0.0,0.0,0.0,0.0,0.0,0.0,0.0,0.0,0.0,0
1786495167,538370609,100.0,-1.718607250844137,-1.702066723500387,-1.1326773802386683,-4.6177348534213465,-4.890327755604879,0.6903988718986511,0.0,-0.0,0.0,0.0,0.0,0.0,0.0,0.0,0.0,0.0,0.0,0.0,0
1786495167,558519601,100.0,-1.7185471693622034,-1.7021148840533655,-1.1326540152179163,-4.617806855832235,-4.890387598668234,0.6904348134994507,0.0,-0.0,0.0,0.0,0.0,0.0,0.0,0.0,0.0,0.0,0.0,0.0,0
1786495167,578383922,100.0,-1.718607250844137,-1.702066723500387,-1.1327136198626917,-4.617770854626791,-4.890351716672079,0.6903988718986511,0.0,-0.0,0.0,0.0,0.0,0.0,0.0,0.0,0.0,0.0,0.0,0.0,0
1786495167,598710536,100.0,-1.718595329915182,-1.7021387259112757,-1.1326540152179163,-4.6177948156939905,-4.890387598668234,0.690410852432251,0.0,-0.0,0.0,0.0,0.0,0.0,0.0,0.0,0.0,0.0,0.0,0.0,0
1786495167,618339300,100.0,-1.7186430136310022,-1.7020309607135218,-1.1326773802386683,-4.61781877676119,-4.890351716672079,0.6903269290924072,0.0,-0.0,0.0,0.0,0.0,0.0,0.0,0.0,0.0,0.0,0.0,0.0,0
1786495167,638448238,100.0,-1.7185471693622034,-1.7020428816424769,-1.1327016989337366,-4.617770854626791,-4.890339676533834,0.6903509497642517,0.0,-0.0,0.0,0.0,0.0,0.0,0.0,0.0,0.0,0.0,0.0,0.0,0
1786495167,658373832,100.0,-1.718595329915182,-1.7020071188556116,-1.1326659361468714,-4.617758814488546,-4.890387598668234,0.6903749108314514,0.0,-0.0,0.0,0.0,0.0,0.0,0.0,0.0,0.0,0.0,0.0,0.0,0
1786495167,678531646,100.0,-1.7185471693622034,-1.702054802571432,-1.1326773802386683,-4.617758814488546,-4.890375677739279,0.6903749108314514,0.0,-0.0,0.0,0.0,0.0,0.0,0.0,0.0,0.0,0.0,0.0,0.0,0
1786495167,698899984,100.0,-1.7185710112201136,-1.7020428816424769,-1.1326897780047815,-4.617770854626791,-4.890339676533834,0.6903389096260071,0.0,-0.0,0.0,0.0,0.0,0.0,0.0,0.0,0.0,0.0,0.0,0.0,0
1786495167,718449592,100.0,-1.7185710112201136,-1.7020910421954554,-1.1326659361468714,-4.6177828947650355,-4.890363637601034,0.6903629302978516,0.0,-0.0,0.0,0.0,0.0,0.0,0.0,0.0,0.0,0.0,0.0,0.0,0
1786495167,738456249,100.0,-1.718595329915182,-1.7021029631244105,-1.1327016989337366,-4.617722932492391,-4.890351716672079,0.6903749108314514,0.0,-0.0,0.0,0.0,0.0,0.0,0.0,0.0,0.0,0.0,0.0,0.0,0
1786495167,758552074,100.0,-1.7185471693622034,-1.7020428816424769,-1.1326540152179163,-4.617758814488546,-4.890339676533834,0.6903629302978516,0.0,-0.0,0.0,0.0,0.0,0.0,0.0,0.0,0.0,0.0,0.0,0.0,0
1786495167,778338193,100.0,-1.718595329915182,-1.702066723500387,-1.1326540152179163,-4.6177348534213465,-4.890339676533834,0.6903868913650513,0.0,-0.0,0.0,0.0,0.0,0.0,0.0,0.0,0.0,0.0,0.0,0.0,0
1786495167,798665523,100.0,-1.718595329915182,-1.702066723500387,-1.1326659361468714,-4.617770854626791,-4.890327755604879,0.6903749108314514,0.0,-0.0,0.0,0.0,0.0,0.0,0.0,0.0,0.0,0.0,0.0,0.0,0
1786495167,818370819,100.0,-1.7185471693622034,-1.702066723500387,-1.1326773802386683,-4.617758814488546,-4.890363637601034,0.6903389096260071,0.0,-0.0,0.0,0.0,0.0,0.0,0.0,0.0,0.0,0.0,0.0,0.0,0
1786495167,838560581,100.0,-1.7185233275042933,-1.702066723500387,-1.1326659361468714,-4.617770854626791,-4.890387598668234,0.6903389096260071,0.0,-0.0,0.0,0.0,0.0,0.0,0.0,0.0,0.0,0.0,0.0,0.0,0
1786495167,858371496,100.0,-1.7185829321490687,-1.7020791212665003,-1.1326897780047815,-4.617746893559591,-4.890351716672079,0.6903509497642517,0.0,-0.0,0.0,0.0,0.0,0.0,0.0,0.0,0.0,0.0,0.0,0.0,0
1786495167,878513813,100.0,-1.7185710112201136,-1.702054802571432,-1.1326773802386683,-4.6177828947650355,-4.890399638806478,0.6903509497642517,0.0,-0.0,0.0,0.0,0.0,0.0,0.0,0.0,0.0,0.0,0.0,0.0,0
1786495167,898722410,100.0,-1.7185710112201136,-1.7020910421954554,-1.1326659361468714,-4.617758814488546,-4.890351716672079,0.6903988718986511,0.0,-0.0,0.0,0.0,0.0,0.0,0.0,0.0,0.0,0.0,0.0,0.0,0
1786495167,918462038,100.0,-1.718595329915182,-1.7020309607135218,-1.1327016989337366,-4.6177948156939905,-4.890399638806478,0.6903988718986511,0.0,-0.0,0.0,0.0,0.0,0.0,0.0,0.0,0.0,0.0,0.0,0.0,0
1786495167,938394784,100.0,-1.718619171773092,-1.7020791212665003,-1.1326897780047815,-4.617770854626791,-4.890363637601034,0.6903868913650513,0.0,-0.0,0.0,0.0,0.0,0.0,0.0,0.0,0.0,0.0,0.0,0.0,0
1786495167,958590030,100.0,-1.718595329915182,-1.7020428816424769,-1.1326540152179163,-4.6177828947650355,-4.890399638806478,0.6903988718986511,0.0,-0.0,0.0,0.0,0.0,0.0,0.0,0.0,0.0,0.0,0.0,0.0,0
1786495167,978385925,100.0,-1.7185710112201136,-1.702066723500387,-1.1327136198626917,-4.617758814488546,-4.890351716672079,0.6903749108314514,0.0,-0.0,0.0,0.0,0.0,0.0,0.0,0.0,0.0,0.0,0.0,0.0,0
1786495167,998635530,100.0,-1.7185471693622034,-1.702054802571432,-1.1327136198626917,-4.61781877676119,-4.890363637601034,0.6903749108314514,0.0,-0.0,0.0,0.0,0.0,0.0,0.0,0.0,0.0,0.0,0.0,0.0,0
1786495168,18319368,100.0,-1.718595329915182,-1.7020190397845667,-1.1326773802386683,-4.617770854626791,-4.890339676533834,0.6904228329658508,0.0,-0.0,0.0,0.0,0.0,0.0,0.0,0.0,0.0,0.0,0.0,0.0,0
1786495168,38604021,100.0,-1.7185829321490687,-1.7020791212665003,-1.1326540152179163,-4.617758814488546,-4.890375677739279,0.690410852432251,0.0,-0.0,0.0,0.0,0.0,0.0,0.0,0.0,0.0,0.0,0.0,0.0,0
1786495168,58522224,100.0,-1.7185710112201136,-1.702054802571432,-1.1326540152179163,-4.6177948156939905,-4.890387598668234,0.6903629302978516,0.0,-0.0,0.0,0.0,0.0,0.0,0.0,0.0,0.0,0.0,0.0,0.0,0
1786495168,78615903,100.0,-1.7185471693622034,-1.7021148840533655,-1.1326659361468714,-4.6177828947650355,-4.890412036572592,0.6903868913650513,0.0,-0.0,0.0,0.0,0.0,0.0,0.0,0.0,0.0,0.0,0.0,0.0,0
1786495168,98523139,100.0,-1.7185710112201136,-1.702054802571432,-1.1326897780047815,-4.617746893559591,-4.890327755604879,0.6903749108314514,0.0,-0.0,0.0,0.0,0.0,0.0,0.0,0.0,0.0,0.0,0.0,0.0,0
1786495168,118501663,100.0,-1.7185471693622034,-1.7020910421954554,-1.1326659361468714,-4.6177948156939905,-4.890399638806478,0.6903389096260071,0.0,-0.0,0.0,0.0,0.0,0.0,0.0,0.0,0.0,0.0,0.0,0.0,0
1786495168,138409614,100.0,-1.7185590902911585,-1.7021268049823206,-1.1326540152179163,-4.6177828947650355,-4.890375677739279,0.6903389096260071,0.0,-0.0,0.0,0.0,0.0,0.0,0.0,0.0,0.0,0.0,0.0,0.0,0
1786495168,158456325,100.0,-1.7185829321490687,-1.702054802571432,-1.1327136198626917,-4.61781877676119,-4.890351716672079,0.6903509497642517,0.0,-0.0,0.0,0.0,0.0,0.0,0.0,0.0,0.0,0.0,0.0,0.0,0
1786495168,178410053,100.0,-1.7185829321490687,-1.7020791212665003,-1.1326897780047815,-4.617758814488546,-4.890351716672079,0.6903868913650513,0.0,-0.0,0.0,0.0,0.0,0.0,0.0,0.0,0.0,0.0,0.0,0.0,0
1786495168,198653697,100.0,-1.7185710112201136,-1.7020910421954554,-1.1326540152179163,-4.6177948156939905,-4.890387598668234,0.6903389096260071,0.0,-0.0,0.0,0.0,0.0,0.0,0.0,0.0,0.0,0.0,0.0,0.0,0
1786495168,218554258,100.0,-1.718595329915182,-1.7020910421954554,-1.1326659361468714,-4.6177948156939905,-4.890363637601034,0.6903868913650513,0.0,-0.0,0.0,0.0,0.0,0.0,0.0,0.0,0.0,0.0,0.0,0.0,0
1786495168,238446950,100.0,-1.718595329915182,-1.7021029631244105,-1.1326773802386683,-4.6177828947650355,-4.890327755604879,0.6903389096260071,0.0,-0.0,0.0,0.0,0.0,0.0,0.0,0.0,0.0,0.0,0.0,0.0,0
1786495168,258343696,100.0,-1.7185590902911585,-1.702054802571432,-1.1326540152179163,-4.617758814488546,-4.890363637601034,0.6903509497642517,0.0,-0.0,0.0,0.0,0.0,0.0,0.0,0.0,0.0,0.0,0.0,0.0,0
1786495168,278583049,100.0,-1.718619171773092,-1.7020910421954554,-1.1326540152179163,-4.6177348534213465,-4.890363637601034,0.6903629302978516,0.0,-0.0,0.0,0.0,0.0,0.0,0.0,0.0,0.0,0.0,0.0,0.0,0
1786495168,298460245,100.0,-1.718619171773092,-1.702066723500387,-1.1326659361468714,-4.617746893559591,-4.890375677739279,0.6903868913650513,0.0,-0.0,0.0,0.0,0.0,0.0,0.0,0.0,0.0,0.0,0.0,0.0,0
1786495168,318458318,100.0,-1.7185471693622034,-1.702066723500387,-1.1326897780047815,-4.617770854626791,-4.890339676533834,0.6903749108314514,0.0,-0.0,0.0,0.0,0.0,0.0,0.0,0.0,0.0,0.0,0.0,0.0,0
1786495168,338372707,100.0,-1.7185590902911585,-1.7020428816424769,-1.1326540152179163,-4.6177948156939905,-4.890363637601034,0.6903868913650513,0.0,-0.0,0.0,0.0,0.0,0.0,0.0,0.0,0.0,0.0,0.0,0.0,0
1786495168,358516931,100.0,-1.7185710112201136,-1.7021268049823206,-1.1326659361468714,-4.617770854626791,-4.890351716672079,0.6903868913650513,0.0,-0.0,0.0,0.0,0.0,0.0,0.0,0.0,0.0,0.0,0.0,0.0,0
1786495168,378405332,100.0,-1.7185710112201136,-1.702054802571432,-1.1326897780047815,-4.617746893559591,-4.890399638806478,0.6903389096260071,0.0,-0.0,0.0,0.0,0.0,0.0,0.0,0.0,0.0,0.0,0.0,0.0,0
1786495168,398605585,100.0,-1.7185710112201136,-1.702066723500387,-1.1326773802386683,-4.617758814488546,-4.890327755604879,0.6903629302978516,0.0,-0.0,0.0,0.0,0.0,0.0,0.0,0.0,0.0,0.0,0.0,0.0,0
1786495168,418435335,100.0,-1.7185710112201136,-1.702066723500387,-1.1326659361468714,-4.617806855832235,-4.890399638806478,0.690410852432251,0.0,-0.0,0.0,0.0,0.0,0.0,0.0,0.0,0.0,0.0,0.0,0.0,0
1786495168,438533544,100.0,-1.718595329915182,-1.702066723500387,-1.1327016989337366,-4.617758814488546,-4.890387598668234,0.6903269290924072,0.0,-0.0,0.0,0.0,0.0,0.0,0.0,0.0,0.0,0.0,0.0,0.0,0
1786495168,458384275,100.0,-1.7185829321490687,-1.7021029631244105,-1.1326659361468714,-4.6177828947650355,-4.890339676533834,0.6903988718986511,0.0,-0.0,0.0,0.0,0.0,0.0,0.0,0.0,0.0,0.0,0.0,0.0,0
1786495168,478584766,100.0,-1.7185590902911585,-1.7020071188556116,-1.1327255407916468,-4.617806855832235,-4.890363637601034,0.6903988718986511,0.0,-0.0,0.0,0.0,0.0,0.0,0.0,0.0,0.0,0.0,0.0,0.0,0
1786495168,498541831,100.0,-1.7185829321490687,-1.702066723500387,-1.1327136198626917,-4.6177828947650355,-4.890339676533834,0.690410852432251,0.0,-0.0,0.0,0.0,0.0,0.0,0.0,0.0,0.0,0.0,0.0,0.0,0
1786495168,518437147,100.0,-1.7185829321490687,-1.7020428816424769,-1.1326773802386683,-4.6177348534213465,-4.890351716672079,0.690410852432251,0.0,-0.0,0.0,0.0,0.0,0.0,0.0,0.0,0.0,0.0,0.0,0.0,0
1786495168,538360834,100.0,-1.718619171773092,-1.7021029631244105,-1.1327136198626917,-4.617758814488546,-4.890375677739279,0.6903509497642517,0.0,-0.0,0.0,0.0,0.0,0.0,0.0,0.0,0.0,0.0,0.0,0.0,0
1786495168,558442354,100.0,-1.718607250844137,-1.702054802571432,-1.1326897780047815,-4.6177828947650355,-4.890387598668234,0.6903868913650513,0.0,-0.0,0.0,0.0,0.0,0.0,0.0,0.0,0.0,0.0,0.0,0.0,0
1786495168,578409910,100.0,-1.7185114065753382,-1.7020071188556116,-1.1327016989337366,-4.6177348534213465,-4.890339676533834,0.6903389096260071,0.0,-0.0,0.0,0.0,0.0,0.0,0.0,0.0,0.0,0.0,0.0,0.0,0
1786495168,598654031,100.0,-1.7185710112201136,-1.7020428816424769,-1.1326659361468714,-4.6177828947650355,-4.890387598668234,0.6903868913650513,0.0,-0.0,0.0,0.0,0.0,0.0,0.0,0.0,0.0,0.0,0.0,0.0,0
1786495168,618399381,100.0,-1.7185710112201136,-1.7020791212665003,-1.1327016989337366,-4.61781877676119,-4.890399638806478,0.6903629302978516,0.0,-0.0,0.0,0.0,0.0,0.0,0.0,0.0,0.0,0.0,0.0,0.0,0
1786495168,638517856,100.0,-1.7185471693622034,-1.7020309607135218,-1.1326897780047815,-4.617758814488546,-4.890375677739279,0.6903629302978516,0.0,-0.0,0.0,0.0,0.0,0.0,0.0,0.0,0.0,0.0,0.0,0.0,0
1786495168,658445119,100.0,-1.7185710112201136,-1.7020309607135218,-1.1326659361468714,-4.617758814488546,-4.890351716672079,0.6903868913650513,0.0,-0.0,0.0,0.0,0.0,0.0,0.0,0.0,0.0,0.0,0.0,0.0,0
1786495168,678591251,100.0,-1.7185114065753382,-1.7020791212665003,-1.132618252431051,-4.6177948156939905,-4.890399638806478,0.690410852432251,0.0,-0.0,0.0,0.0,0.0,0.0,0.0,0.0,0.0,0.0,0.0,0.0,0
1786495168,698441267,100.0,-1.7185352484332483,-1.7020428816424769,-1.1326659361468714,-4.617746893559591,-4.890375677739279,0.690410852432251,0.0,-0.0,0.0,0.0,0.0,0.0,0.0,0.0,0.0,0.0,0.0,0.0,0
1786495168,718399524,100.0,-1.7185590902911585,-1.702054802571432,-1.1327136198626917,-4.617758814488546,-4.890327755604879,0.6903988718986511,0.0,-0.0,0.0,0.0,0.0,0.0,0.0,0.0,0.0,0.0,0.0,0.0,0
1786495168,738334178,100.0,-1.7185710112201136,-1.702054802571432,-1.1326773802386683,-4.6177948156939905,-4.890327755604879,0.6903868913650513,0.0,-0.0,0.0,0.0,0.0,0.0,0.0,0.0,0.0,0.0,0.0,0.0,0
1786495168,758559703,100.0,-1.7185710112201136,-1.702066723500387,-1.1327016989337366,-4.6177828947650355,-4.890399638806478,0.6903509497642517,0.0,-0.0,0.0,0.0,0.0,0.0,0.0,0.0,0.0,0.0,0.0,0.0,0
1786495168,778423309,100.0,-1.718607250844137,-1.7020190397845667,-1.1327016989337366,-4.617746893559591,-4.890351716672079,0.6903988718986511,0.0,-0.0,0.0,0.0,0.0,0.0,0.0,0.0,0.0,0.0,0.0,0.0,0
1786495168,798698186,100.0,-1.7185829321490687,-1.7021029631244105,-1.1327255407916468,-4.6177948156939905,-4.890339676533834,0.6903749108314514,0.0,-0.0,0.0,0.0,0.0,0.0,0.0,0.0,0.0,0.0,0.0,0.0,0
1786495168,818371534,100.0,-1.718607250844137,-1.7020791212665003,-1.1326540152179163,-4.61781877676119,-4.890375677739279,0.6903749108314514,0.0,-0.0,0.0,0.0,0.0,0.0,0.0,0.0,0.0,0.0,0.0,0.0,0
1786495168,838578224,100.0,-1.7185710112201136,-1.702054802571432,-1.1327136198626917,-4.6177828947650355,-4.890351716672079,0.6903868913650513,0.0,-0.0,0.0,0.0,0.0,0.0,0.0,0.0,0.0,0.0,0.0,0.0,0
1786495168,858438730,100.0,-1.7185710112201136,-1.7020791212665003,-1.1326773802386683,-4.6177948156939905,-4.890399638806478,0.6903629302978516,0.0,-0.0,0.0,0.0,0.0,0.0,0.0,0.0,0.0,0.0,0.0,0.0,0
1786495168,878567457,100.0,-1.7185471693622034,-1.702054802571432,-1.1326659361468714,-4.617806855832235,-4.890375677739279,0.6904228329658508,0.0,-0.0,0.0,0.0,0.0,0.0,0.0,0.0,0.0,0.0,0.0,0.0,0
1786495168,898705244,100.0,-1.718607250844137,-1.7020791212665003,-1.1327016989337366,-4.617758814488546,-4.890327755604879,0.690410852432251,0.0,-0.0,0.0,0.0,0.0,0.0,0.0,0.0,0.0,0.0,0.0,0.0,0
1786495168,918424844,100.0,-1.718607250844137,-1.7021029631244105,-1.1326773802386683,-4.617746893559591,-4.890387598668234,0.6904228329658508,0.0,-0.0,0.0,0.0,0.0,0.0,0.0,0.0,0.0,0.0,0.0,0.0,0
1786495168,938447952,100.0,-1.7185710112201136,-1.7020428816424769,-1.1326773802386683,-4.617758814488546,-4.890375677739279,0.6903629302978516,0.0,-0.0,0.0,0.0,0.0,0.0,0.0,0.0,0.0,0.0,0.0,0.0,0
1786495168,958603858,100.0,-1.7185829321490687,-1.7020791212665003,-1.1327255407916468,-4.617770854626791,-4.890351716672079,0.6903988718986511,0.0,-0.0,0.0,0.0,0.0,0.0,0.0,0.0,0.0,0.0,0.0,0.0,0
1786495168,978381395,100.0,-1.718619171773092,-1.702054802571432,-1.1326659361468714,-4.617770854626791,-4.890399638806478,0.6903749108314514,0.0,-0.0,0.0,0.0,0.0,0.0,0.0,0.0,0.0,0.0,0.0,0.0,0
1786495168,998589992,100.0,-1.7185471693622034,-1.7020910421954554,-1.1327016989337366,-4.617770854626791,-4.890327755604879,0.6903868913650513,0.0,-0.0,0.0,0.0,0.0,0.0,0.0,0.0,0.0,0.0,0.0,0.0,0
1786495169,18347978,100.0,-1.7185829321490687,-1.7021268049823206,-1.1326897780047815,-4.617758814488546,-4.890327755604879,0.6903988718986511,0.0,-0.0,0.0,0.0,0.0,0.0,0.0,0.0,0.0,0.0,0.0,0.0,0
1786495169,38450717,100.0,-1.7185710112201136,-1.702054802571432,-1.1326540152179163,-4.6177348534213465,-4.890339676533834,0.6904228329658508,0.0,-0.0,0.0,0.0,0.0,0.0,0.0,0.0,0.0,0.0,0.0,0.0,0
1786495169,58428525,100.0,-1.7185829321490687,-1.7020428816424769,-1.1326897780047815,-4.617806855832235,-4.890387598668234,0.6903749108314514,0.0,-0.0,0.0,0.0,0.0,0.0,0.0,0.0,0.0,0.0,0.0,0.0,0
1786495169,78516244,100.0,-1.718607250844137,-1.7021029631244105,-1.1327016989337366,-4.6177828947650355,-4.890363637601034,0.6903389096260071,0.0,-0.0,0.0,0.0,0.0,0.0,0.0,0.0,0.0,0.0,0.0,0.0,0
1786495169,98839998,100.0,-1.718607250844137,-1.7020791212665003,-1.1326897780047815,-4.6177948156939905,-4.890412036572592,0.6903509497642517,0.0,-0.0,0.0,0.0,0.0,0.0,0.0,0.0,0.0,0.0,0.0,0.0,0
1786495169,118620634,100.0,-1.7185710112201136,-1.702054802571432,-1.1326540152179163,-4.617830816899435,-4.890387598668234,0.6903749108314514,0.0,-0.0,0.0,0.0,0.0,0.0,0.0,0.0,0.0,0.0,0.0,0.0,0
1786495169,138359785,100.0,-1.7185829321490687,-1.7020791212665003,-1.1326897780047815,-4.617758814488546,-4.890399638806478,0.6903629302978516,0.0,-0.0,0.0,0.0,0.0,0.0,0.0,0.0,0.0,0.0,0.0,0.0,0
1786495169,158460378,100.0,-1.7185233275042933,-1.7020309607135218,-1.1327255407916468,-4.617722932492391,-4.890327755604879,0.6903868913650513,0.0,-0.0,0.0,0.0,0.0,0.0,0.0,0.0,0.0,0.0,0.0,0.0,0
1786495169,178372144,100.0,-1.718595329915182,-1.702054802571432,-1.1327136198626917,-4.6177828947650355,-4.890387598668234,0.6903868913650513,0.0,-0.0,0.0,0.0,0.0,0.0,0.0,0.0,0.0,0.0,0.0,0.0,0
1786495169,198720932,100.0,-1.7185710112201136,-1.7020428816424769,-1.1326420942889612,-4.61781877676119,-4.890387598668234,0.6903629302978516,0.0,-0.0,0.0,0.0,0.0,0.0,0.0,0.0,0.0,0.0,0.0,0.0,0
1786495169,218331336,100.0,-1.7185710112201136,-1.7021029631244105,-1.1326540152179163,-4.617770854626791,-4.890375677739279,0.690410852432251,0.0,-0.0,0.0,0.0,0.0,0.0,0.0,0.0,0.0,0.0,0.0,0.0,0
1786495169,238392591,100.0,-1.7185710112201136,-1.702066723500387,-1.1327255407916468,-4.617770854626791,-4.890339676533834,0.6903988718986511,0.0,-0.0,0.0,0.0,0.0,0.0,0.0,0.0,0.0,0.0,0.0,0.0,0
1786495169,258327007,100.0,-1.7185829321490687,-1.702054802571432,-1.1326420942889612,-4.617722932492391,-4.890375677739279,0.6903868913650513,0.0,-0.0,0.0,0.0,0.0,0.0,0.0,0.0,0.0,0.0,0.0,0.0,0
1786495169,278589487,100.0,-1.7185829321490687,-1.7021029631244105,-1.1327016989337366,-4.617746893559591,-4.890387598668234,0.6903868913650513,0.0,-0.0,0.0,0.0,0.0,0.0,0.0,0.0,0.0,0.0,0.0,0.0,0
1786495169,298545837,100.0,-1.7185710112201136,-1.7020910421954554,-1.1326897780047815,-4.617722932492391,-4.890387598668234,0.6903629302978516,0.0,-0.0,0.0,0.0,0.0,0.0,0.0,0.0,0.0,0.0,0.0,0.0,0
1786495169,318407773,100.0,-1.7185829321490687,-1.7020910421954554,-1.1326540152179163,-4.617770854626791,-4.890375677739279,0.690410852432251,0.0,-0.0,0.0,0.0,0.0,0.0,0.0,0.0,0.0,0.0,0.0,0.0,0
1786495169,338430166,100.0,-1.718595329915182,-1.702054802571432,-1.1326420942889612,-4.617758814488546,-4.890375677739279,0.6903629302978516,0.0,-0.0,0.0,0.0,0.0,0.0,0.0,0.0,0.0,0.0,0.0,0.0,0
1786495169,358519315,100.0,-1.7185710112201136,-1.7020791212665003,-1.1326659361468714,-4.617758814488546,-4.890339676533834,0.6903629302978516,0.0,-0.0,0.0,0.0,0.0,0.0,0.0,0.0,0.0,0.0,0.0,0.0,0
1786495169,378385066,100.0,-1.7185471693622034,-1.702066723500387,-1.1326301733600062,-4.6177828947650355,-4.890327755604879,0.6903988718986511,0.0,-0.0,0.0,0.0,0.0,0.0,0.0,0.0,0.0,0.0,0.0,0.0,0
1786495169,398681879,100.0,-1.718595329915182,-1.702066723500387,-1.1326659361468714,-4.617758814488546,-4.890339676533834,0.6903629302978516,0.0,-0.0,0.0,0.0,0.0,0.0,0.0,0.0,0.0,0.0,0.0,0.0,0
1786495169,418531656,100.0,-1.7185471693622034,-1.702066723500387,-1.1326301733600062,-4.6177828947650355,-4.890387598668234,0.6903868913650513,0.0,-0.0,0.0,0.0,0.0,0.0,0.0,0.0,0.0,0.0,0.0,0.0,0
1786495169,438432216,100.0,-1.7185829321490687,-1.7020190397845667,-1.1327136198626917,-4.6177348534213465,-4.890363637601034,0.6903629302978516,0.0,-0.0,0.0,0.0,0.0,0.0,0.0,0.0,0.0,0.0,0.0,0.0,0
1786495169,458295583,100.0,-1.7185590902911585,-1.7020428816424769,-1.1326897780047815,-4.6177948156939905,-4.890363637601034,0.6903629302978516,0.0,-0.0,0.0,0.0,0.0,0.0,0.0,0.0,0.0,0.0,0.0,0.0,0
1786495169,478562593,100.0,-1.7185471693622034,-1.7020791212665003,-1.1327016989337366,-4.617830816899435,-4.890363637601034,0.6903988718986511,0.0,-0.0,0.0,0.0,0.0,0.0,0.0,0.0,0.0,0.0,0.0,0.0,0
1786495169,498608589,100.0,-1.718595329915182,-1.7020791212665003,-1.1326659361468714,-4.61781877676119,-4.890375677739279,0.6903629302978516,0.0,-0.0,0.0,0.0,0.0,0.0,0.0,0.0,0.0,0.0,0.0,0.0,0
1786495169,518414497,100.0,-1.7185829321490687,-1.702054802571432,-1.1327016989337366,-4.617746893559591,-4.890375677739279,0.6903868913650513,0.0,-0.0,0.0,0.0,0.0,0.0,0.0,0.0,0.0,0.0,0.0,0.0,0
1786495169,538361787,100.0,-1.718619171773092,-1.7021029631244105,-1.1327374617206019,-4.617806855832235,-4.890351716672079,0.690410852432251,0.0,-0.0,0.0,0.0,0.0,0.0,0.0,0.0,0.0,0.0,0.0,0.0,0
1786495169,558501958,100.0,-1.7185590902911585,-1.7020791212665003,-1.1326773802386683,-4.6177828947650355,-4.890327755604879,0.6903509497642517,0.0,-0.0,0.0,0.0,0.0,0.0,0.0,0.0,0.0,0.0,0.0,0.0,0
1786495169,578405380,100.0,-1.7185710112201136,-1.702066723500387,-1.1326540152179163,-4.617758814488546,-4.890327755604879,0.6903988718986511,0.0,-0.0,0.0,0.0,0.0,0.0,0.0,0.0,0.0,0.0,0.0,0.0,0
1786495169,598671674,100.0,-1.7185829321490687,-1.7020428816424769,-1.1327255407916468,-4.617758814488546,-4.890327755604879,0.6903509497642517,0.0,-0.0,0.0,0.0,0.0,0.0,0.0,0.0,0.0,0.0,0.0,0.0,0
1786495169,618400573,100.0,-1.7185471693622034,-1.7020791212665003,-1.1326659361468714,-4.617830816899435,-4.890399638806478,0.690410852432251,0.0,-0.0,0.0,0.0,0.0,0.0,0.0,0.0,0.0,0.0,0.0,0.0,0
1786495169,638425350,100.0,-1.7185590902911585,-1.7020791212665003,-1.1327255407916468,-4.617710892354147,-4.890387598668234,0.6903749108314514,0.0,-0.0,0.0,0.0,0.0,0.0,0.0,0.0,0.0,0.0,0.0,0.0,0
1786495169,658400297,100.0,-1.7185829321490687,-1.7021387259112757,-1.1327136198626917,-4.6177948156939905,-4.890387598668234,0.6903269290924072,0.0,-0.0,0.0,0.0,0.0,0.0,0.0,0.0,0.0,0.0,0.0,0.0,0
1786495169,678595781,100.0,-1.7186430136310022,-1.7020910421954554,-1.1326420942889612,-4.6177348534213465,-4.890399638806478,0.690410852432251,0.0,-0.0,0.0,0.0,0.0,0.0,0.0,0.0,0.0,0.0,0.0,0.0,0
1786495169,698425531,100.0,-1.7185829321490687,-1.702054802571432,-1.1326773802386683,-4.6177948156939905,-4.890339676533834,0.6903509497642517,0.0,-0.0,0.0,0.0,0.0,0.0,0.0,0.0,0.0,0.0,0.0,0.0,0
1786495169,718387603,100.0,-1.7185471693622034,-1.702066723500387,-1.1327016989337366,-4.6177828947650355,-4.890327755604879,0.690410852432251,0.0,-0.0,0.0,0.0,0.0,0.0,0.0,0.0,0.0,0.0,0.0,0.0,0
1786495169,738377332,100.0,-1.7186549345599573,-1.7020791212665003,-1.1326659361468714,-4.61781877676119,-4.890363637601034,0.6903749108314514,0.0,-0.0,0.0,0.0,0.0,0.0,0.0,0.0,0.0,0.0,0.0,0.0,0
1786495169,758441686,100.0,-1.7186310927020472,-1.7021029631244105,-1.1327016989337366,-4.617722932492391,-4.890339676533834,0.6903629302978516,0.0,-0.0,0.0,0.0,0.0,0.0,0.0,0.0,0.0,0.0,0.0,0.0,0
1786495169,778419256,100.0,-1.718619171773092,-1.7019951979266565,-1.1327255407916468,-4.6177828947650355,-4.890351716672079,0.6903988718986511,0.0,-0.0,0.0,0.0,0.0,0.0,0.0,0.0,0.0,0.0,0.0,0.0,0
1786495169,798758745,100.0,-1.718595329915182,-1.7021387259112757,-1.1326058546649378,-4.617758814488546,-4.890387598668234,0.6903749108314514,0.0,-0.0,0.0,0.0,0.0,0.0,0.0,0.0,0.0,0.0,0.0,0.0,0
1786495169,818340301,100.0,-1.7185590902911585,-1.7020071188556116,-1.1326659361468714,-4.6177828947650355,-4.890375677739279,0.6903749108314514,0.0,-0.0,0.0,0.0,0.0,0.0,0.0,0.0,0.0,0.0,0.0,0.0,0
1786495169,838580846,100.0,-1.7185471693622034,-1.7020910421954554,-1.1326897780047815,-4.617770854626791,-4.890351716672079,0.6903149485588074,0.0,-0.0,0.0,0.0,0.0,0.0,0.0,0.0,0.0,0.0,0.0,0.0,0
1786495169,858323574,100.0,-1.7186310927020472,-1.7020071188556116,-1.1326420942889612,-4.6177948156939905,-4.890412036572592,0.6903868913650513,0.0,-0.0,0.0,0.0,0.0,0.0,0.0,0.0,0.0,0.0,0.0,0.0,0
1786495169,878460645,100.0,-1.718595329915182,-1.7020910421954554,-1.1327016989337366,-4.617758814488546,-4.890351716672079,0.6903749108314514,0.0,-0.0,0.0,0.0,0.0,0.0,0.0,0.0,0.0,0.0,0.0,0.0,0
1786495169,898598670,100.0,-1.7185352484332483,-1.7021029631244105,-1.1326773802386683,-4.6177948156939905,-4.890399638806478,0.6903629302978516,0.0,-0.0,0.0,0.0,0.0,0.0,0.0,0.0,0.0,0.0,0.0,0.0,0
1786495169,918694972,100.0,-1.7185710112201136,-1.7020791212665003,-1.1327016989337366,-4.617758814488546,-4.890363637601034,0.6903749108314514,0.0,-0.0,0.0,0.0,0.0,0.0,0.0,0.0,0.0,0.0,0.0,0.0,0
1786495169,938325405,100.0,-1.7185352484332483,-1.702054802571432,-1.1326897780047815,-4.617770854626791,-4.890339676533834,0.6904348134994507,0.0,-0.0,0.0,0.0,0.0,0.0,0.0,0.0,0.0,0.0,0.0,0.0,0
1786495169,958561182,100.0,-1.7185710112201136,-1.7020791212665003,-1.1327136198626917,-4.617746893559591,-4.890399638806478,0.6903868913650513,0.0,-0.0,0.0,0.0,0.0,0.0,0.0,0.0,0.0,0.0,0.0,0.0,0
1786495169,978509426,100.0,-1.718619171773092,-1.7020791212665003,-1.1327136198626917,-4.617770854626791,-4.890315715466635,0.6904348134994507,0.0,-0.0,0.0,0.0,0.0,0.0,0.0,0.0,0.0,0.0,0.0,0.0,0
1786495169,998680353,100.0,-1.7185471693622034,-1.7019951979266565,-1.1327016989337366,-4.617806855832235,-4.890351716672079,0.6903868913650513,0.0,-0.0,0.0,0.0,0.0,0.0,0.0,0.0,0.0,0.0,0.0,0.0,0
1786495170,18412351,100.0,-1.7185829321490687,-1.702066723500387,-1.1326659361468714,-4.617722932492391,-4.890387598668234,0.6903749108314514,0.0,-0.0,0.0,0.0,0.0,0.0,0.0,0.0,0.0,0.0,0.0,0.0,0
1786495170,38569211,100.0,-1.7185352484332483,-1.7020791212665003,-1.132618252431051,-4.617758814488546,-4.890339676533834,0.6903629302978516,0.0,-0.0,0.0,0.0,0.0,0.0,0.0,0.0,0.0,0.0,0.0,0.0,0
1786495170,58368206,100.0,-1.718595329915182,-1.702066723500387,-1.1326773802386683,-4.617770854626791,-4.890351716672079,0.6903749108314514,0.0,-0.0,0.0,0.0,0.0,0.0,0.0,0.0,0.0,0.0,0.0,0.0,0
1786495170,78523159,100.0,-1.7185829321490687,-1.702066723500387,-1.1326773802386683,-4.617770854626791,-4.890363637601034,0.6903988718986511,0.0,-0.0,0.0,0.0,0.0,0.0,0.0,0.0,0.0,0.0,0.0,0.0,0
1786495170,98550796,100.0,-1.7185590902911585,-1.7020910421954554,-1.1326659361468714,-4.617806855832235,-4.890327755604879,0.6903269290924072,0.0,-0.0,0.0,0.0,0.0,0.0,0.0,0.0,0.0,0.0,0.0,0.0,0
1786495170,118428707,100.0,-1.718619171773092,-1.7020428816424769,-1.1326897780047815,-4.617770854626791,-4.890351716672079,0.6903868913650513,0.0,-0.0,0.0,0.0,0.0,0.0,0.0,0.0,0.0,0.0,0.0,0.0,0
1786495170,138407945,100.0,-1.7185710112201136,-1.7020309607135218,-1.1326773802386683,-4.617746893559591,-4.890351716672079,0.6903988718986511,0.0,-0.0,0.0,0.0,0.0,0.0,0.0,0.0,0.0,0.0,0.0,0.0,0
1786495170,158564090,100.0,-1.718607250844137,-1.7020309607135218,-1.1326773802386683,-4.617758814488546,-4.890339676533834,0.6903749108314514,0.0,-0.0,0.0,0.0,0.0,0.0,0.0,0.0,0.0,0.0,0.0,0.0,0
1786495170,178401947,100.0,-1.718595329915182,-1.7020428816424769,-1.1326773802386683,-4.617770854626791,-4.890375677739279,0.6903988718986511,0.0,-0.0,0.0,0.0,0.0,0.0,0.0,0.0,0.0,0.0,0.0,0.0,0
1786495170,198548316,100.0,-1.7186430136310022,-1.7020910421954554,-1.1327255407916468,-4.617758814488546,-4.890375677739279,0.6903868913650513,0.0,-0.0,0.0,0.0,0.0,0.0,0.0,0.0,0.0,0.0,0.0,0.0,0
1786495170,218443155,100.0,-1.718607250844137,-1.7021029631244105,-1.1326773802386683,-4.617770854626791,-4.890363637601034,0.6903988718986511,0.0,-0.0,0.0,0.0,0.0,0.0,0.0,0.0,0.0,0.0,0.0,0.0,0
1786495170,238452672,100.0,-1.7185352484332483,-1.7020309607135218,-1.1326897780047815,-4.6177348534213465,-4.890351716672079,0.6903988718986511,0.0,-0.0,0.0,0.0,0.0,0.0,0.0,0.0,0.0,0.0,0.0,0.0,0
1786495170,258395195,100.0,-1.7185710112201136,-1.7020309607135218,-1.1327136198626917,-4.6177348534213465,-4.890387598668234,0.6904228329658508,0.0,-0.0,0.0,0.0,0.0,0.0,0.0,0.0,0.0,0.0,0.0,0.0,0
1786495170,278610229,100.0,-1.7185352484332483,-1.702054802571432,-1.1327016989337366,-4.617722932492391,-4.890351716672079,0.6903868913650513,0.0,-0.0,0.0,0.0,0.0,0.0,0.0,0.0,0.0,0.0,0.0,0.0,0
1786495170,298520088,100.0,-1.718607250844137,-1.7020428816424769,-1.132749382649557,-4.617758814488546,-4.890351716672079,0.6903868913650513,0.0,-0.0,0.0,0.0,0.0,0.0,0.0,0.0,0.0,0.0,0.0,0.0,0
1786495170,318398952,100.0,-1.7185710112201136,-1.702066723500387,-1.1326540152179163,-4.617770854626791,-4.890351716672079,0.6903988718986511,0.0,-0.0,0.0,0.0,0.0,0.0,0.0,0.0,0.0,0.0,0.0,0.0,0
1786495170,338371515,100.0,-1.7185233275042933,-1.702054802571432,-1.1326773802386683,-4.617806855832235,-4.890339676533834,0.6903868913650513,0.0,-0.0,0.0,0.0,0.0,0.0,0.0,0.0,0.0,0.0,0.0,0.0,0
1786495170,358577489,100.0,-1.7185352484332483,-1.7020910421954554,-1.1326773802386683,-4.617746893559591,-4.890387598668234,0.6903749108314514,0.0,-0.0,0.0,0.0,0.0,0.0,0.0,0.0,0.0,0.0,0.0,0.0,0
1786495170,378400802,100.0,-1.7185590902911585,-1.702054802571432,-1.1326540152179163,-4.617770854626791,-4.890375677739279,0.690410852432251,0.0,-0.0,0.0,0.0,0.0,0.0,0.0,0.0,0.0,0.0,0.0,0.0,0
1786495170,398575544,100.0,-1.718607250844137,-1.7021029631244105,-1.1326897780047815,-4.617746893559591,-4.890351716672079,0.6903629302978516,0.0,-0.0,0.0,0.0,0.0,0.0,0.0,0.0,0.0,0.0,0.0,0.0,0
1786495170,418428897,100.0,-1.718595329915182,-1.702054802571432,-1.1326540152179163,-4.617806855832235,-4.890351716672079,0.6904348134994507,0.0,-0.0,0.0,0.0,0.0,0.0,0.0,0.0,0.0,0.0,0.0,0.0,0
1786495170,438562631,100.0,-1.718595329915182,-1.7020791212665003,-1.1326773802386683,-4.6177948156939905,-4.890399638806478,0.6903389096260071,0.0,-0.0,0.0,0.0,0.0,0.0,0.0,0.0,0.0,0.0,0.0,0.0,0
1786495170,458376646,100.0,-1.718595329915182,-1.7020910421954554,-1.1327016989337366,-4.617710892354147,-4.890351716672079,0.6903988718986511,0.0,-0.0,0.0,0.0,0.0,0.0,0.0,0.0,0.0,0.0,0.0,0.0,0
1786495170,478591203,100.0,-1.718595329915182,-1.7020910421954554,-1.1327016989337366,-4.61784273782839,-4.890327755604879,0.690410852432251,0.0,-0.0,0.0,0.0,0.0,0.0,0.0,0.0,0.0,0.0,0.0,0.0,0
1786495170,498638868,100.0,-1.7185710112201136,-1.702054802571432,-1.1326540152179163,-4.6177948156939905,-4.890339676533834,0.6903629302978516,0.0,-0.0,0.0,0.0,0.0,0.0,0.0,0.0,0.0,0.0,0.0,0.0,0
1786495170,518457412,100.0,-1.7185590902911585,-1.7020791212665003,-1.1327016989337366,-4.617746893559591,-4.890375677739279,0.6903509497642517,0.0,-0.0,0.0,0.0,0.0,0.0,0.0,0.0,0.0,0.0,0.0,0.0,0
1786495170,538433074,100.0,-1.718619171773092,-1.7020910421954554,-1.1326659361468714,-4.617758814488546,-4.890351716672079,0.6903509497642517,0.0,-0.0,0.0,0.0,0.0,0.0,0.0,0.0,0.0,0.0,0.0,0.0,0
1786495170,558506727,100.0,-1.7185829321490687,-1.7021387259112757,-1.1326773802386683,-4.6177828947650355,-4.890375677739279,0.690410852432251,0.0,-0.0,0.0,0.0,0.0,0.0,0.0,0.0,0.0,0.0,0.0,0.0,0
1786495170,578388214,100.0,-1.7185829321490687,-1.7020428816424769,-1.1327136198626917,-4.617770854626791,-4.890339676533834,0.6903988718986511,0.0,-0.0,0.0,0.0,0.0,0.0,0.0,0.0,0.0,0.0,0.0,0.0,0
1786495170,598608732,100.0,-1.7185352484332483,-1.7020910421954554,-1.1327255407916468,-4.6177348534213465,-4.890339676533834,0.6903868913650513,0.0,-0.0,0.0,0.0,0.0,0.0,0.0,0.0,0.0,0.0,0.0,0.0,0
1786495170,618404388,100.0,-1.718607250844137,-1.702066723500387,-1.1327016989337366,-4.61781877676119,-4.890351716672079,0.6903988718986511,0.0,-0.0,0.0,0.0,0.0,0.0,0.0,0.0,0.0,0.0,0.0,0.0,0
1786495170,638581991,100.0,-1.718595329915182,-1.702054802571432,-1.1327016989337366,-4.617806855832235,-4.890375677739279,0.6903868913650513,0.0,-0.0,0.0,0.0,0.0,0.0,0.0,0.0,0.0,0.0,0.0,0.0,0
1786495170,658377647,100.0,-1.718619171773092,-1.7020791212665003,-1.1327136198626917,-4.617770854626791,-4.890351716672079,0.690410852432251,0.0,-0.0,0.0,0.0,0.0,0.0,0.0,0.0,0.0,0.0,0.0,0.0,0
1786495170,678506851,100.0,-1.718607250844137,-1.7021029631244105,-1.1326773802386683,-4.6177828947650355,-4.890423957501547,0.6903988718986511,0.0,-0.0,0.0,0.0,0.0,0.0,0.0,0.0,0.0,0.0,0.0,0.0,0
1786495170,698447704,100.0,-1.718595329915182,-1.7020428816424769,-1.1326659361468714,-4.617770854626791,-4.890399638806478,0.6903509497642517,0.0,-0.0,0.0,0.0,0.0,0.0,0.0,0.0,0.0,0.0,0.0,0.0,0
1786495170,718633651,100.0,-1.7185471693622034,-1.7020910421954554,-1.1326540152179163,-4.61781877676119,-4.890363637601034,0.6903629302978516,0.0,-0.0,0.0,0.0,0.0,0.0,0.0,0.0,0.0,0.0,0.0,0.0,0
1786495170,738394975,100.0,-1.718595329915182,-1.7020910421954554,-1.1326540152179163,-4.617758814488546,-4.890375677739279,0.6903868913650513,0.0,-0.0,0.0,0.0,0.0,0.0,0.0,0.0,0.0,0.0,0.0,0.0,0
1786495170,758455514,100.0,-1.7185829321490687,-1.7020428816424769,-1.1326773802386683,-4.6177948156939905,-4.890375677739279,0.6903389096260071,0.0,-0.0,0.0,0.0,0.0,0.0,0.0,0.0,0.0,0.0,0.0,0.0,0
1786495170,778532981,100.0,-1.718607250844137,-1.7020428816424769,-1.1326897780047815,-4.617758814488546,-4.890351716672079,0.6903749108314514,0.0,-0.0,0.0,0.0,0.0,0.0,0.0,0.0,0.0,0.0,0.0,0.0,0
1786495170,798743724,100.0,-1.7185710112201136,-1.7020309607135218,-1.1326540152179163,-4.6177948156939905,-4.890339676533834,0.6903629302978516,0.0,-0.0,0.0,0.0,0.0,0.0,0.0,0.0,0.0,0.0,0.0,0.0,0
1786495170,818388223,100.0,-1.7185829321490687,-1.7020910421954554,-1.1326773802386683,-4.61781877676119,-4.890351716672079,0.6904228329658508,0.0,-0.0,0.0,0.0,0.0,0.0,0.0,0.0,0.0,0.0,0.0,0.0,0
1786495170,838531255,100.0,-1.7185710112201136,-1.7020910421954554,-1.1326659361468714,-4.6177828947650355,-4.890351716672079,0.6904348134994507,0.0,-0.0,0.0,0.0,0.0,0.0,0.0,0.0,0.0,0.0,0.0,0.0,0
1786495170,858372211,100.0,-1.718619171773092,-1.7020428816424769,-1.1326897780047815,-4.6177948156939905,-4.890339676533834,0.6903389096260071,0.0,-0.0,0.0,0.0,0.0,0.0,0.0,0.0,0.0,0.0,0.0,0.0,0
1786495170,878521680,100.0,-1.7185710112201136,-1.702054802571432,-1.1326659361468714,-4.617758814488546,-4.890351716672079,0.6903509497642517,0.0,-0.0,0.0,0.0,0.0,0.0,0.0,0.0,0.0,0.0,0.0,0.0,0
1786495170,898713111,100.0,-1.7185471693622034,-1.7020071188556116,-1.1326773802386683,-4.617758814488546,-4.890351716672079,0.6903868913650513,0.0,-0.0,0.0,0.0,0.0,0.0,0.0,0.0,0.0,0.0,0.0,0.0,0
1786495170,918543577,100.0,-1.7185829321490687,-1.7020910421954554,-1.1326897780047815,-4.617746893559591,-4.890315715466635,0.6903629302978516,0.0,-0.0,0.0,0.0,0.0,0.0,0.0,0.0,0.0,0.0,0.0,0.0,0
1786495170,938406467,100.0,-1.718619171773092,-1.7020910421954554,-1.1326540152179163,-4.6177828947650355,-4.890399638806478,0.6903868913650513,0.0,-0.0,0.0,0.0,0.0,0.0,0.0,0.0,0.0,0.0,0.0,0.0,0
1786495170,958588600,100.0,-1.7185829321490687,-1.7020910421954554,-1.1326540152179163,-4.617806855832235,-4.890351716672079,0.6903868913650513,0.0,-0.0,0.0,0.0,0.0,0.0,0.0,0.0,0.0,0.0,0.0,0.0,0
1786495170,978399991,100.0,-1.7185829321490687,-1.702066723500387,-1.1327016989337366,-4.617746893559591,-4.890351716672079,0.6903988718986511,0.0,-0.0,0.0,0.0,0.0,0.0,0.0,0.0,0.0,0.0,0.0,0.0,0
1786495170,998673915,100.0,-1.718595329915182,-1.702066723500387,-1.1326540152179163,-4.617758814488546,-4.890339676533834,0.690410852432251,0.0,-0.0,0.0,0.0,0.0,0.0,0.0,0.0,0.0,0.0,0.0,0.0,0
1786495171,18423557,100.0,-1.718595329915182,-1.7020910421954554,-1.1327016989337366,-4.6177348534213465,-4.890399638806478,0.6903509497642517,0.0,-0.0,0.0,0.0,0.0,0.0,0.0,0.0,0.0,0.0,0.0,0.0,0
1786495171,38580179,100.0,-1.7185710112201136,-1.7020309607135218,-1.1326897780047815,-4.6177348534213465,-4.890363637601034,0.6903868913650513,0.0,-0.0,0.0,0.0,0.0,0.0,0.0,0.0,0.0,0.0,0.0,0.0,0
1786495171,58347702,100.0,-1.718607250844137,-1.7020791212665003,-1.1326897780047815,-4.617746893559591,-4.890339676533834,0.6903749108314514,0.0,-0.0,0.0,0.0,0.0,0.0,0.0,0.0,0.0,0.0,0.0,0.0,0
1786495171,78557014,100.0,-1.718595329915182,-1.702054802571432,-1.1326420942889612,-4.61781877676119,-4.890387598668234,0.6903749108314514,0.0,-0.0,0.0,0.0,0.0,0.0,0.0,0.0,0.0,0.0,0.0,0.0,0
1786495171,98590373,100.0,-1.7185233275042933,-1.702054802571432,-1.1326659361468714,-4.617758814488546,-4.890375677739279,0.6903988718986511,0.0,-0.0,0.0,0.0,0.0,0.0,0.0,0.0,0.0,0.0,0.0,0.0,0
1786495171,118403434,100.0,-1.718595329915182,-1.7020910421954554,-1.1326540152179163,-4.6177828947650355,-4.890327755604879,0.6903988718986511,0.0,-0.0,0.0,0.0,0.0,0.0,0.0,0.0,0.0,0.0,0.0,0.0,0
1786495171,138416290,100.0,-1.7185710112201136,-1.7020190397845667,-1.1326659361468714,-4.6177828947650355,-4.890412036572592,0.6903389096260071,0.0,-0.0,0.0,0.0,0.0,0.0,0.0,0.0,0.0,0.0,0.0,0.0,0
1786495171,158436536,100.0,-1.718607250844137,-1.7020428816424769,-1.1326659361468714,-4.617770854626791,-4.890387598668234,0.6903269290924072,0.0,-0.0,0.0,0.0,0.0,0.0,0.0,0.0,0.0,0.0,0.0,0.0,0
1786495171,178552389,100.0,-1.7185710112201136,-1.7020428816424769,-1.1326659361468714,-4.617746893559591,-4.890351716672079,0.6903749108314514,0.0,-0.0,0.0,0.0,0.0,0.0,0.0,0.0,0.0,0.0,0.0,0.0,0
1786495171,198541879,100.0,-1.7186310927020472,-1.702054802571432,-1.1326540152179163,-4.6177948156939905,-4.890387598668234,0.6903868913650513,0.0,-0.0,0.0,0.0,0.0,0.0,0.0,0.0,0.0,0.0,0.0,0.0,0
1786495171,218331336,100.0,-1.718607250844137,-1.702054802571432,-1.1326540152179163,-4.617758814488546,-4.890351716672079,0.6903629302978516,0.0,-0.0,0.0,0.0,0.0,0.0,0.0,0.0,0.0,0.0,0.0,0.0,0
1786495171,238555908,100.0,-1.7185829321490687,-1.7020791212665003,-1.1326897780047815,-4.617806855832235,-4.890351716672079,0.690410852432251,0.0,-0.0,0.0,0.0,0.0,0.0,0.0,0.0,0.0,0.0,0.0,0.0,0
1786495171,258384704,100.0,-1.7185710112201136,-1.7020309607135218,-1.1326659361468714,-4.617806855832235,-4.890327755604879,0.6903629302978516,0.0,-0.0,0.0,0.0,0.0,0.0,0.0,0.0,0.0,0.0,0.0,0.0,0
1786495171,278633832,100.0,-1.718619171773092,-1.7020428816424769,-1.1326773802386683,-4.617770854626791,-4.890351716672079,0.6903749108314514,0.0,-0.0,0.0,0.0,0.0,0.0,0.0,0.0,0.0,0.0,0.0,0.0,0
1786495171,298508405,100.0,-1.718607250844137,-1.7020791212665003,-1.1326897780047815,-4.617758814488546,-4.890375677739279,0.6903868913650513,0.0,-0.0,0.0,0.0,0.0,0.0,0.0,0.0,0.0,0.0,0.0,0.0,0
1786495171,318577766,100.0,-1.7185710112201136,-1.7021148840533655,-1.1326897780047815,-4.617758814488546,-4.890351716672079,0.6903749108314514,0.0,-0.0,0.0,0.0,0.0,0.0,0.0,0.0,0.0,0.0,0.0,0.0,0
1786495171,338404655,100.0,-1.7185829321490687,-1.702054802571432,-1.1326659361468714,-4.6177948156939905,-4.890375677739279,0.6903868913650513,0.0,-0.0,0.0,0.0,0.0,0.0,0.0,0.0,0.0,0.0,0.0,0.0,0
1786495171,358421802,100.0,-1.718595329915182,-1.7020190397845667,-1.1326773802386683,-4.6177948156939905,-4.890375677739279,0.6903868913650513,0.0,-0.0,0.0,0.0,0.0,0.0,0.0,0.0,0.0,0.0,0.0,0.0,0
1786495171,378428936,100.0,-1.7185710112201136,-1.7020190397845667,-1.1326897780047815,-4.6177828947650355,-4.890375677739279,0.6903389096260071,0.0,-0.0,0.0,0.0,0.0,0.0,0.0,0.0,0.0,0.0,0.0,0.0,0
1786495171,398762464,100.0,-1.718607250844137,-1.7020428816424769,-1.1326659361468714,-4.617806855832235,-4.890375677739279,0.6903509497642517,0.0,-0.0,0.0,0.0,0.0,0.0,0.0,0.0,0.0,0.0,0.0,0.0,0
1786495171,418546438,100.0,-1.7185829321490687,-1.702054802571432,-1.1327136198626917,-4.6177948156939905,-4.890339676533834,0.6903988718986511,0.0,-0.0,0.0,0.0,0.0,0.0,0.0,0.0,0.0,0.0,0.0,0.0,0
1786495171,438621520,100.0,-1.718607250844137,-1.7020791212665003,-1.1326301733600062,-4.6177948156939905,-4.890375677739279,0.6903629302978516,0.0,-0.0,0.0,0.0,0.0,0.0,0.0,0.0,0.0,0.0,0.0,0.0,0
1786495171,458451747,100.0,-1.7185829321490687,-1.702054802571432,-1.1326540152179163,-4.6177948156939905,-4.890387598668234,0.6904228329658508,0.0,-0.0,0.0,0.0,0.0,0.0,0.0,0.0,0.0,0.0,0.0,0.0,0
1786495171,478504896,100.0,-1.718607250844137,-1.702054802571432,-1.1327136198626917,-4.617746893559591,-4.890351716672079,0.6903389096260071,0.0,-0.0,0.0,0.0,0.0,0.0,0.0,0.0,0.0,0.0,0.0,0.0,0
1786495171,498440265,100.0,-1.718607250844137,-1.702054802571432,-1.1326773802386683,-4.617758814488546,-4.890375677739279,0.6903509497642517,0.0,-0.0,0.0,0.0,0.0,0.0,0.0,0.0,0.0,0.0,0.0,0.0,0
1786495171,518612623,100.0,-1.7185829321490687,-1.702066723500387,-1.1326659361468714,-4.617770854626791,-4.890399638806478,0.6903868913650513,0.0,-0.0,0.0,0.0,0.0,0.0,0.0,0.0,0.0,0.0,0.0,0.0,0
1786495171,538356304,100.0,-1.7185471693622034,-1.7020190397845667,-1.1326773802386683,-4.61781877676119,-4.890351716672079,0.6903868913650513,0.0,-0.0,0.0,0.0,0.0,0.0,0.0,0.0,0.0,0.0,0.0,0.0,0
1786495171,558423042,100.0,-1.718595329915182,-1.7021029631244105,-1.1326420942889612,-4.6177828947650355,-4.890339676533834,0.6903509497642517,0.0,-0.0,0.0,0.0,0.0,0.0,0.0,0.0,0.0,0.0,0.0,0.0,0
1786495171,578413963,100.0,-1.718607250844137,-1.7020428816424769,-1.1326773802386683,-4.6177948156939905,-4.890351716672079,0.6903509497642517,0.0,-0.0,0.0,0.0,0.0,0.0,0.0,0.0,0.0,0.0,0.0,0.0,0
1786495171,598626375,100.0,-1.718607250844137,-1.702054802571432,-1.1326659361468714,-4.617806855832235,-4.890375677739279,0.6904228329658508,0.0,-0.0,0.0,0.0,0.0,0.0,0.0,0.0,0.0,0.0,0.0,0.0,0
1786495171,618322372,100.0,-1.718595329915182,-1.7020071188556116,-1.1326659361468714,-4.6177948156939905,-4.890363637601034,0.6903749108314514,0.0,-0.0,0.0,0.0,0.0,0.0,0.0,0.0,0.0,0.0,0.0,0.0,0
1786495171,638633728,100.0,-1.7185233275042933,-1.7020428816424769,-1.1326659361468714,-4.6177948156939905,-4.890339676533834,0.6903749108314514,0.0,-0.0,0.0,0.0,0.0,0.0,0.0,0.0,0.0,0.0,0.0,0.0,0
1786495171,658436298,100.0,-1.7185710112201136,-1.7020190397845667,-1.1326659361468714,-4.617770854626791,-4.890351716672079,0.6903868913650513,0.0,-0.0,0.0,0.0,0.0,0.0,0.0,0.0,0.0,0.0,0.0,0.0,0
1786495171,678612947,100.0,-1.7185829321490687,-1.702054802571432,-1.1326420942889612,-4.6177948156939905,-4.890363637601034,0.6903629302978516,0.0,-0.0,0.0,0.0,0.0,0.0,0.0,0.0,0.0,0.0,0.0,0.0,0
1786495171,698537588,100.0,-1.7185590902911585,-1.7020309607135218,-1.1326659361468714,-4.617806855832235,-4.890327755604879,0.6903988718986511,0.0,-0.0,0.0,0.0,0.0,0.0,0.0,0.0,0.0,0.0,0.0,0.0,0
1786495171,718613386,100.0,-1.718607250844137,-1.702066723500387,-1.1326897780047815,-4.617806855832235,-4.890387598668234,0.6903749108314514,0.0,-0.0,0.0,0.0,0.0,0.0,0.0,0.0,0.0,0.0,0.0,0.0,0
1786495171,738409996,100.0,-1.7185710112201136,-1.702054802571432,-1.1326773802386683,-4.6177948156939905,-4.890363637601034,0.6903868913650513,0.0,-0.0,0.0,0.0,0.0,0.0,0.0,0.0,0.0,0.0,0.0,0.0,0
1786495171,758404016,100.0,-1.7185590902911585,-1.7021148840533655,-1.1326897780047815,-4.617770854626791,-4.890351716672079,0.6903629302978516,0.0,-0.0,0.0,0.0,0.0,0.0,0.0,0.0,0.0,0.0,0.0,0.0,0
1786495171,778383016,100.0,-1.718619171773092,-1.7020428816424769,-1.1326659361468714,-4.617806855832235,-4.890375677739279,0.690410852432251,0.0,-0.0,0.0,0.0,0.0,0.0,0.0,0.0,0.0,0.0,0.0,0.0,0
1786495171,798668861,100.0,-1.7185829321490687,-1.7020910421954554,-1.1326773802386683,-4.6177948156939905,-4.890339676533834,0.6903988718986511,0.0,-0.0,0.0,0.0,0.0,0.0,0.0,0.0,0.0,0.0,0.0,0.0,0
1786495171,818382024,100.0,-1.7185114065753382,-1.7020791212665003,-1.1327255407916468,-4.6177348534213465,-4.890387598668234,0.6903269290924072,0.0,-0.0,0.0,0.0,0.0,0.0,0.0,0.0,0.0,0.0,0.0,0.0,0
1786495171,838543415,100.0,-1.718619171773092,-1.702054802571432,-1.1326897780047815,-4.617770854626791,-4.890387598668234,0.690410852432251,0.0,-0.0,0.0,0.0,0.0,0.0,0.0,0.0,0.0,0.0,0.0,0.0,0
1786495171,858443737,100.0,-1.718619171773092,-1.7020428816424769,-1.1326301733600062,-4.6177948156939905,-4.890387598668234,0.6903629302978516,0.0,-0.0,0.0,0.0,0.0,0.0,0.0,0.0,0.0,0.0,0.0,0.0,0
1786495171,878625392,100.0,-1.7185590902911585,-1.7021029631244105,-1.1326540152179163,-4.6177828947650355,-4.890327755604879,0.6903988718986511,0.0,-0.0,0.0,0.0,0.0,0.0,0.0,0.0,0.0,0.0,0.0,0.0,0
1786495171,898513317,100.0,-1.7185710112201136,-1.702054802571432,-1.1326897780047815,-4.6177828947650355,-4.890363637601034,0.6903868913650513,0.0,-0.0,0.0,0.0,0.0,0.0,0.0,0.0,0.0,0.0,0.0,0.0,0
1786495171,918557405,100.0,-1.718595329915182,-1.7020428816424769,-1.1327016989337366,-4.6177348534213465,-4.890387598668234,0.6903868913650513,0.0,-0.0,0.0,0.0,0.0,0.0,0.0,0.0,0.0,0.0,0.0,0.0,0
1786495171,938340187,100.0,-1.7185710112201136,-1.702054802571432,-1.1327136198626917,-4.6177828947650355,-4.890387598668234,0.6903749108314514,0.0,-0.0,0.0,0.0,0.0,0.0,0.0,0.0,0.0,0.0,0.0,0.0,0
1786495171,958425521,100.0,-1.7185352484332483,-1.7020190397845667,-1.1326659361468714,-4.617758814488546,-4.890327755604879,0.6903629302978516,0.0,-0.0,0.0,0.0,0.0,0.0,0.0,0.0,0.0,0.0,0.0,0.0,0
1786495171,978445529,100.0,-1.718607250844137,-1.702054802571432,-1.1327136198626917,-4.617770854626791,-4.890351716672079,0.6903629302978516,0.0,-0.0,0.0,0.0,0.0,0.0,0.0,0.0,0.0,0.0,0.0,0.0,0
1786495171,998666763,100.0,-1.7185352484332483,-1.702054802571432,-1.1326540152179163,-4.617770854626791,-4.890387598668234,0.6903629302978516,0.0,-0.0,0.0,0.0,0.0,0.0,0.0,0.0,0.0,0.0,0.0,0.0,0
1786495172,18383979,100.0,-1.7186430136310022,-1.702066723500387,-1.1327016989337366,-4.617770854626791,-4.890363637601034,0.6903629302978516,0.0,-0.0,0.0,0.0,0.0,0.0,0.0,0.0,0.0,0.0,0.0,0.0,0
1786495172,38452625,100.0,-1.7185590902911585,-1.702066723500387,-1.1326540152179163,-4.6177948156939905,-4.890399638806478,0.6903868913650513,0.0,-0.0,0.0,0.0,0.0,0.0,0.0,0.0,0.0,0.0,0.0,0.0,0
1786495172,58414936,100.0,-1.7185471693622034,-1.7021029631244105,-1.1326659361468714,-4.6177948156939905,-4.890387598668234,0.6903749108314514,0.0,-0.0,0.0,0.0,0.0,0.0,0.0,0.0,0.0,0.0,0.0,0.0,0
1786495172,78546524,100.0,-1.718595329915182,-1.702066723500387,-1.1326659361468714,-4.617770854626791,-4.890351716672079,0.6903988718986511,0.0,-0.0,0.0,0.0,0.0,0.0,0.0,0.0,0.0,0.0,0.0,0.0,0
1786495172,98531007,100.0,-1.7185590902911585,-1.7020071188556116,-1.1326659361468714,-4.617746893559591,-4.890339676533834,0.6903149485588074,0.0,-0.0,0.0,0.0,0.0,0.0,0.0,0.0,0.0,0.0,0.0,0.0,0
1786495172,118564367,100.0,-1.7185471693622034,-1.702054802571432,-1.1327136198626917,-4.617830816899435,-4.890375677739279,0.6903389096260071,0.0,-0.0,0.0,0.0,0.0,0.0,0.0,0.0,0.0,0.0,0.0,0.0,0
1786495172,138456106,100.0,-1.7185590902911585,-1.702054802571432,-1.1326897780047815,-4.617746893559591,-4.890375677739279,0.6903509497642517,0.0,-0.0,0.0,0.0,0.0,0.0,0.0,0.0,0.0,0.0,0.0,0.0,0
1786495172,158444643,100.0,-1.718595329915182,-1.702066723500387,-1.1327255407916468,-4.617770854626791,-4.890363637601034,0.6903749108314514,0.0,-0.0,0.0,0.0,0.0,0.0,0.0,0.0,0.0,0.0,0.0,0.0,0
1786495172,178317070,100.0,-1.7185590902911585,-1.702066723500387,-1.1326897780047815,-4.6177948156939905,-4.890387598668234,0.6904228329658508,0.0,-0.0,0.0,0.0,0.0,0.0,0.0,0.0,0.0,0.0,0.0,0.0,0
1786495172,198568105,100.0,-1.7185471693622034,-1.7021506468402308,-1.1327016989337366,-4.617758814488546,-4.890327755604879,0.6903988718986511,0.0,-0.0,0.0,0.0,0.0,0.0,0.0,0.0,0.0,0.0,0.0,0.0,0
1786495172,218392610,100.0,-1.7185710112201136,-1.7020428816424769,-1.1327016989337366,-4.617770854626791,-4.890399638806478,0.6903988718986511,0.0,-0.0,0.0,0.0,0.0,0.0,0.0,0.0,0.0,0.0,0.0,0.0,0
1786495172,238414525,100.0,-1.7185829321490687,-1.7020791212665003,-1.1326659361468714,-4.6177828947650355,-4.890375677739279,0.6903749108314514,0.0,-0.0,0.0,0.0,0.0,0.0,0.0,0.0,0.0,0.0,0.0,0.0,0
1786495172,258382558,100.0,-1.7185710112201136,-1.7020309607135218,-1.1326659361468714,-4.6177828947650355,-4.890387598668234,0.6903988718986511,0.0,-0.0,0.0,0.0,0.0,0.0,0.0,0.0,0.0,0.0,0.0,0.0,0
1786495172,278566598,100.0,-1.7185471693622034,-1.7020791212665003,-1.1326659361468714,-4.617722932492391,-4.890387598668234,0.6903868913650513,0.0,-0.0,0.0,0.0,0.0,0.0,0.0,0.0,0.0,0.0,0.0,0.0,0
1786495172,298510313,100.0,-1.7185710112201136,-1.702054802571432,-1.1326420942889612,-4.6177948156939905,-4.890399638806478,0.6903749108314514,0.0,-0.0,0.0,0.0,0.0,0.0,0.0,0.0,0.0,0.0,0.0,0.0,0
1786495172,318624496,100.0,-1.718607250844137,-1.7021029631244105,-1.1326773802386683,-4.6177348534213465,-4.890339676533834,0.6903749108314514,0.0,-0.0,0.0,0.0,0.0,0.0,0.0,0.0,0.0,0.0,0.0,0.0,0
1786495172,338413476,100.0,-1.7185829321490687,-1.7020428816424769,-1.1326540152179163,-4.617770854626791,-4.890387598668234,0.6903269290924072,0.0,-0.0,0.0,0.0,0.0,0.0,0.0,0.0,0.0,0.0,0.0,0.0,0
1786495172,358438491,100.0,-1.7185829321490687,-1.7020190397845667,-1.1326897780047815,-4.6177948156939905,-4.890315715466635,0.6903389096260071,0.0,-0.0,0.0,0.0,0.0,0.0,0.0,0.0,0.0,0.0,0.0,0.0,0
1786495172,378363132,100.0,-1.7185471693622034,-1.7020190397845667,-1.1326773802386683,-4.617758814488546,-4.890339676533834,0.6903749108314514,0.0,-0.0,0.0,0.0,0.0,0.0,0.0,0.0,0.0,0.0,0.0,0.0,0
1786495172,398657560,100.0,-1.718607250844137,-1.7020071188556116,-1.132749382649557,-4.6177828947650355,-4.890387598668234,0.6903509497642517,0.0,-0.0,0.0,0.0,0.0,0.0,0.0,0.0,0.0,0.0,0.0,0.0,0
1786495172,418386459,100.0,-1.7185471693622034,-1.7020428816424769,-1.1326540152179163,-4.617746893559591,-4.890375677739279,0.6903629302978516,0.0,-0.0,0.0,0.0,0.0,0.0,0.0,0.0,0.0,0.0,0.0,0.0,0
1786495172,438560485,100.0,-1.7185710112201136,-1.7020910421954554,-1.1326773802386683,-4.617746893559591,-4.890327755604879,0.6903749108314514,0.0,-0.0,0.0,0.0,0.0,0.0,0.0,0.0,0.0,0.0,0.0,0.0,0
1786495172,458323240,100.0,-1.7185829321490687,-1.7021029631244105,-1.1327016989337366,-4.617758814488546,-4.890327755604879,0.6903509497642517,0.0,-0.0,0.0,0.0,0.0,0.0,0.0,0.0,0.0,0.0,0.0,0.0,0
1786495172,478567838,100.0,-1.7185471693622034,-1.702054802571432,-1.1327255407916468,-4.617770854626791,-4.890412036572592,0.6903389096260071,0.0,-0.0,0.0,0.0,0.0,0.0,0.0,0.0,0.0,0.0,0.0,0.0,0
1786495172,498934030,100.0,-1.7185710112201136,-1.702054802571432,-1.1326420942889612,-4.6177828947650355,-4.890363637601034,0.6903749108314514,0.0,-0.0,0.0,0.0,0.0,0.0,0.0,0.0,0.0,0.0,0.0,0.0,0
1786495172,518435478,100.0,-1.7185829321490687,-1.7021268049823206,-1.1326897780047815,-4.6177348534213465,-4.890351716672079,0.6904228329658508,0.0,-0.0,0.0,0.0,0.0,0.0,0.0,0.0,0.0,0.0,0.0,0.0,0
1786495172,538388967,100.0,-1.7185352484332483,-1.7020309607135218,-1.1326540152179163,-4.6177948156939905,-4.890399638806478,0.6903868913650513,0.0,-0.0,0.0,0.0,0.0,0.0,0.0,0.0,0.0,0.0,0.0,0.0,0
1786495172,558419942,100.0,-1.7185829321490687,-1.7020791212665003,-1.1326540152179163,-4.6177348534213465,-4.890387598668234,0.6903868913650513,0.0,-0.0,0.0,0.0,0.0,0.0,0.0,0.0,0.0,0.0,0.0,0.0,0
1786495172,578891277,100.0,-1.7185829321490687,-1.7020309607135218,-1.1327016989337366,-4.6177828947650355,-4.890339676533834,0.6904228329658508,0.0,-0.0,0.0,0.0,0.0,0.0,0.0,0.0,0.0,0.0,0.0,0.0,0
1786495172,598658084,100.0,-1.7185471693622034,-1.7020910421954554,-1.1327136198626917,-4.6177348534213465,-4.890375677739279,0.6903389096260071,0.0,-0.0,0.0,0.0,0.0,0.0,0.0,0.0,0.0,0.0,0.0,0.0,0
1786495172,618364810,100.0,-1.7185829321490687,-1.702054802571432,-1.1327136198626917,-4.6177948156939905,-4.890351716672079,0.6903629302978516,0.0,-0.0,0.0,0.0,0.0,0.0,0.0,0.0,0.0,0.0,0.0,0.0,0
1786495172,638529300,100.0,-1.7185471693622034,-1.7020910421954554,-1.1327016989337366,-4.617746893559591,-4.890351716672079,0.6903988718986511,0.0,-0.0,0.0,0.0,0.0,0.0,0.0,0.0,0.0,0.0,0.0,0.0,0
1786495172,658352613,100.0,-1.718619171773092,-1.702066723500387,-1.1326659361468714,-4.617758814488546,-4.890387598668234,0.6903749108314514,0.0,-0.0,0.0,0.0,0.0,0.0,0.0,0.0,0.0,0.0,0.0,0.0,0
1786495172,678606986,100.0,-1.718619171773092,-1.7020190397845667,-1.1326659361468714,-4.617806855832235,-4.890363637601034,0.6904228329658508,0.0,-0.0,0.0,0.0,0.0,0.0,0.0,0.0,0.0,0.0,0.0,0.0,0
1786495172,698446989,100.0,-1.718595329915182,-1.7020791212665003,-1.1326773802386683,-4.6177948156939905,-4.890363637601034,0.6903269290924072,0.0,-0.0,0.0,0.0,0.0,0.0,0.0,0.0,0.0,0.0,0.0,0.0,0
1786495172,718608617,100.0,-1.7185829321490687,-1.7020309607135218,-1.1326773802386683,-4.6177948156939905,-4.890327755604879,0.6903509497642517,0.0,-0.0,0.0,0.0,0.0,0.0,0.0,0.0,0.0,0.0,0.0,0.0,0
1786495172,738406181,100.0,-1.7185590902911585,-1.7020791212665003,-1.1326659361468714,-4.6177948156939905,-4.890327755604879,0.6903629302978516,0.0,-0.0,0.0,0.0,0.0,0.0,0.0,0.0,0.0,0.0,0.0,0.0,0
1786495172,758388757,100.0,-1.7185710112201136,-1.702066723500387,-1.1326659361468714,-4.6177948156939905,-4.890363637601034,0.6903749108314514,0.0,-0.0,0.0,0.0,0.0,0.0,0.0,0.0,0.0,0.0,0.0,0.0,0
1786495172,778319597,100.0,-1.7185710112201136,-1.7020791212665003,-1.1327136198626917,-4.61781877676119,-4.890351716672079,0.6903749108314514,0.0,-0.0,0.0,0.0,0.0,0.0,0.0,0.0,0.0,0.0,0.0,0.0,0
1786495173,774686574,100.0,-1.7185710112201136,-1.7020791212665003,-1.1327136198626917,-4.61781877676119,-4.890351716672079,0.6903749108314514,0.0,0.0,0.0,0.0,0.0,0.0,0.0,0.0,0.0,0.0,0.0,0.0,0
1786495173,782943725,100.0,-1.7185829321490687,-1.702054802571432,-1.1326540152179163,-4.6177828947650355,-4.890339676533834,0.6903868913650513,0.0,-0.0,0.0,0.0,0.0,0.0,0.0,0.0,0.0,0.0,0.0,0.0,0
1786495173,799540996,100.0,-1.718595329915182,-1.7020428816424769,-1.1326540152179163,-4.617770854626791,-4.890351716672079,0.6904348134994507,0.0,-0.0,0.0,0.0,0.0,0.0,0.0,0.0,0.0,0.0,0.0,0.0,0
1786495173,818520784,100.0,-1.7185829321490687,-1.7020309607135218,-1.1326420942889612,-4.617830816899435,-4.890339676533834,0.6903629302978516,0.0,-0.0,0.0,0.0,0.0,0.0,0.0,0.0,0.0,0.0,0.0,0.0,0
1786495173,838411092,100.0,-1.7185471693622034,-1.702066723500387,-1.1326659361468714,-4.6177828947650355,-4.890351716672079,0.6903988718986511,0.0,-0.0,0.0,0.0,0.0,0.0,0.0,0.0,0.0,0.0,0.0,0.0,0
1786495173,858247518,100.0,-1.7185710112201136,-1.7020428816424769,-1.1326659361468714,-4.617770854626791,-4.890412036572592,0.6903868913650513,0.0,-0.0,0.0,0.0,0.0,0.0,0.0,0.0,0.0,0.0,0.0,0.0,0
1786495173,878433942,100.0,-1.7185590902911585,-1.7020428816424769,-1.1326659361468714,-4.617758814488546,-4.890387598668234,0.6903629302978516,0.0,-0.0,0.0,0.0,0.0,0.0,0.0,0.0,0.0,0.0,0.0,0.0,0
1786495173,898555755,100.0,-1.7185471693622034,-1.702054802571432,-1.1326540152179163,-4.617758814488546,-4.890351716672079,0.6903269290924072,0.0,-0.0,0.0,0.0,0.0,0.0,0.0,0.0,0.0,0.0,0.0,0.0,0
1786495173,918619632,100.0,-1.7185710112201136,-1.7020910421954554,-1.1326540152179163,-4.6177828947650355,-4.890399638806478,0.6903988718986511,0.0,-0.0,0.0,0.0,0.0,0.0,0.0,0.0,0.0,0.0,0.0,0.0,0
1786495173,938395977,100.0,-1.7185471693622034,-1.7020309607135218,-1.1326659361468714,-4.617806855832235,-4.890339676533834,0.6903749108314514,0.0,-0.0,0.0,0.0,0.0,0.0,0.0,0.0,0.0,0.0,0.0,0.0,0
1786495173,958452939,100.0,-1.7185352484332483,-1.7020791212665003,-1.1326897780047815,-4.617758814488546,-4.890339676533834,0.6903988718986511,0.0,-0.0,0.0,0.0,0.0,0.0,0.0,0.0,0.0,0.0,0.0,0.0,0
1786495173,978314161,100.0,-1.7185710112201136,-1.7020309607135218,-1.1326420942889612,-4.617758814488546,-4.890387598668234,0.6903389096260071,0.0,-0.0,0.0,0.0,0.0,0.0,0.0,0.0,0.0,0.0,0.0,0.0,0
1786495173,998683452,100.0,-1.7185710112201136,-1.7021029631244105,-1.1326773802386683,-4.617758814488546,-4.890375677739279,0.6904228329658508,0.0,-0.0,0.0,0.0,0.0,0.0,0.0,0.0,0.0,0.0,0.0,0.0,0
1786495174,18287181,100.0,-1.718595329915182,-1.702066723500387,-1.1326897780047815,-4.617806855832235,-4.890375677739279,0.6904228329658508,0.0,-0.0,0.0,0.0,0.0,0.0,0.0,0.0,0.0,0.0,0.0,0.0,0
1786495174,38527965,100.0,-1.718595329915182,-1.7020791212665003,-1.1326897780047815,-4.61781877676119,-4.890327755604879,0.6903509497642517,0.0,-0.0,0.0,0.0,0.0,0.0,0.0,0.0,0.0,0.0,0.0,0.0,0
1786495174,58395385,100.0,-1.7185829321490687,-1.7020309607135218,-1.1326301733600062,-4.617806855832235,-4.890387598668234,0.6903629302978516,0.0,-0.0,0.0,0.0,0.0,0.0,0.0,0.0,0.0,0.0,0.0,0.0,0
1786495174,78365325,100.0,-1.718595329915182,-1.7020791212665003,-1.1327136198626917,-4.617770854626791,-4.890363637601034,0.6903629302978516,0.0,-0.0,0.0,0.0,0.0,0.0,0.0,0.0,0.0,0.0,0.0,0.0,0
1786495174,98458528,100.0,-1.718595329915182,-1.7020190397845667,-1.1327016989337366,-4.617770854626791,-4.890363637601034,0.6903629302978516,0.0,-0.0,0.0,0.0,0.0,0.0,0.0,0.0,0.0,0.0,0.0,0.0,0
1786495174,118656396,100.0,-1.718607250844137,-1.7020309607135218,-1.1326773802386683,-4.617746893559591,-4.890399638806478,0.6903629302978516,0.0,-0.0,0.0,0.0,0.0,0.0,0.0,0.0,0.0,0.0,0.0,0.0,0
1786495174,138313293,100.0,-1.7185710112201136,-1.7020910421954554,-1.1326540152179163,-4.617746893559591,-4.890363637601034,0.6903389096260071,0.0,-0.0,0.0,0.0,0.0,0.0,0.0,0.0,0.0,0.0,0.0,0.0,0
1786495174,158460378,100.0,-1.7185829321490687,-1.7020190397845667,-1.1327016989337366,-4.617806855832235,-4.890387598668234,0.6903868913650513,0.0,-0.0,0.0,0.0,0.0,0.0,0.0,0.0,0.0,0.0,0.0,0.0,0
1786495174,178266286,100.0,-1.7185829321490687,-1.7020071188556116,-1.1326897780047815,-4.61781877676119,-4.890375677739279,0.6903749108314514,0.0,-0.0,0.0,0.0,0.0,0.0,0.0,0.0,0.0,0.0,0.0,0.0,0
1786495174,198711156,100.0,-1.7185114065753382,-1.7020190397845667,-1.1326773802386683,-4.617746893559591,-4.890327755604879,0.6903629302978516,0.0,-0.0,0.0,0.0,0.0,0.0,0.0,0.0,0.0,0.0,0.0,0.0,0
1786495174,218525886,100.0,-1.7185829321490687,-1.7020428816424769,-1.1326540152179163,-4.617758814488546,-4.890363637601034,0.690410852432251,0.0,-0.0,0.0,0.0,0.0,0.0,0.0,0.0,0.0,0.0,0.0,0.0,0
1786495174,238403320,100.0,-1.7185829321490687,-1.702054802571432,-1.1326420942889612,-4.6177828947650355,-4.890351716672079,0.6903389096260071,0.0,-0.0,0.0,0.0,0.0,0.0,0.0,0.0,0.0,0.0,0.0,0.0,0
1786495174,258415699,100.0,-1.7185710112201136,-1.7020791212665003,-1.1326773802386683,-4.617770854626791,-4.890363637601034,0.6903868913650513,0.0,-0.0,0.0,0.0,0.0,0.0,0.0,0.0,0.0,0.0,0.0,0.0,0
1786495174,278539657,100.0,-1.7185710112201136,-1.7020910421954554,-1.1326773802386683,-4.617722932492391,-4.890327755604879,0.6903629302978516,0.0,-0.0,0.0,0.0,0.0,0.0,0.0,0.0,0.0,0.0,0.0,0.0,0
1786495174,298504590,100.0,-1.7185710112201136,-1.702066723500387,-1.132749382649557,-4.617770854626791,-4.890351716672079,0.6903749108314514,0.0,-0.0,0.0,0.0,0.0,0.0,0.0,0.0,0.0,0.0,0.0,0.0,0
1786495174,318395853,100.0,-1.718595329915182,-1.7020791212665003,-1.1326897780047815,-4.617770854626791,-4.890339676533834,0.6903749108314514,0.0,-0.0,0.0,0.0,0.0,0.0,0.0,0.0,0.0,0.0,0.0,0.0,0
1786495174,338344335,100.0,-1.718595329915182,-1.7020791212665003,-1.1327255407916468,-4.6177828947650355,-4.890363637601034,0.6903868913650513,0.0,-0.0,0.0,0.0,0.0,0.0,0.0,0.0,0.0,0.0,0.0,0.0,0
1786495174,358558893,100.0,-1.7185829321490687,-1.702054802571432,-1.1326659361468714,-4.6177828947650355,-4.890363637601034,0.6903988718986511,0.0,-0.0,0.0,0.0,0.0,0.0,0.0,0.0,0.0,0.0,0.0,0.0,0
1786495174,378369092,100.0,-1.7185829321490687,-1.7020910421954554,-1.1327136198626917,-4.6177828947650355,-4.890351716672079,0.6903029680252075,0.0,-0.0,0.0,0.0,0.0,0.0,0.0,0.0,0.0,0.0,0.0,0.0,0
1786495174,398731708,100.0,-1.7185471693622034,-1.702054802571432,-1.1326540152179163,-4.617806855832235,-4.890315715466635,0.6903389096260071,0.0,-0.0,0.0,0.0,0.0,0.0,0.0,0.0,0.0,0.0,0.0,0.0,0
1786495174,418407678,100.0,-1.7185829321490687,-1.7020791212665003,-1.1326301733600062,-4.6177828947650355,-4.890363637601034,0.6903629302978516,0.0,-0.0,0.0,0.0,0.0,0.0,0.0,0.0,0.0,0.0,0.0,0.0,0
1786495174,438584089,100.0,-1.7185829321490687,-1.7021148840533655,-1.1326773802386683,-4.617770854626791,-4.890351716672079,0.6903509497642517,0.0,-0.0,0.0,0.0,0.0,0.0,0.0,0.0,0.0,0.0,0.0,0.0,0
1786495174,458385705,100.0,-1.718607250844137,-1.7020428816424769,-1.1326540152179163,-4.6177948156939905,-4.890339676533834,0.6903629302978516,0.0,-0.0,0.0,0.0,0.0,0.0,0.0,0.0,0.0,0.0,0.0,0.0,0
1786495174,478433370,100.0,-1.7185710112201136,-1.7020910421954554,-1.1326659361468714,-4.6177348534213465,-4.890387598668234,0.6903749108314514,0.0,-0.0,0.0,0.0,0.0,0.0,0.0,0.0,0.0,0.0,0.0,0.0,0
1786495174,498660564,100.0,-1.7185590902911585,-1.7020910421954554,-1.1327136198626917,-4.617746893559591,-4.890387598668234,0.6903749108314514,0.0,-0.0,0.0,0.0,0.0,0.0,0.0,0.0,0.0,0.0,0.0,0.0,0
1786495174,518604993,100.0,-1.7185471693622034,-1.7020791212665003,-1.1326301733600062,-4.617770854626791,-4.890375677739279,0.6903868913650513,0.0,-0.0,0.0,0.0,0.0,0.0,0.0,0.0,0.0,0.0,0.0,0.0,0
1786495174,538342475,100.0,-1.7185590902911585,-1.7020428816424769,-1.1327016989337366,-4.6177948156939905,-4.890399638806478,0.6903988718986511,0.0,-0.0,0.0,0.0,0.0,0.0,0.0,0.0,0.0,0.0,0.0,0.0,0
1786495174,558430433,100.0,-1.7185471693622034,-1.702066723500387,-1.1327136198626917,-4.617806855832235,-4.890375677739279,0.6904228329658508,0.0,-0.0,0.0,0.0,0.0,0.0,0.0,0.0,0.0,0.0,0.0,0.0,0
1786495174,578389644,100.0,-1.7185829321490687,-1.7020910421954554,-1.1326773802386683,-4.6177348534213465,-4.890339676533834,0.6903629302978516,0.0,-0.0,0.0,0.0,0.0,0.0,0.0,0.0,0.0,0.0,0.0,0.0,0
1786495174,598606348,100.0,-1.7185590902911585,-1.7020910421954554,-1.1327016989337366,-4.6177828947650355,-4.890399638806478,0.6903868913650513,0.0,-0.0,0.0,0.0,0.0,0.0,0.0,0.0,0.0,0.0,0.0,0.0,0
1786495174,618379592,100.0,-1.718607250844137,-1.702066723500387,-1.1326659361468714,-4.617758814488546,-4.890351716672079,0.6903749108314514,0.0,-0.0,0.0,0.0,0.0,0.0,0.0,0.0,0.0,0.0,0.0,0.0,0
1786495174,638599634,100.0,-1.7185829321490687,-1.7020910421954554,-1.1327136198626917,-4.617806855832235,-4.890387598668234,0.6903749108314514,0.0,-0.0,0.0,0.0,0.0,0.0,0.0,0.0,0.0,0.0,0.0,0.0,0
1786495174,658352613,100.0,-1.718595329915182,-1.7020309607135218,-1.1327016989337366,-4.617770854626791,-4.890351716672079,0.6903749108314514,0.0,-0.0,0.0,0.0,0.0,0.0,0.0,0.0,0.0,0.0,0.0,0.0,0
1786495174,678437948,100.0,-1.7186310927020472,-1.702066723500387,-1.1327016989337366,-4.617746893559591,-4.890351716672079,0.6903988718986511,0.0,-0.0,0.0,0.0,0.0,0.0,0.0,0.0,0.0,0.0,0.0,0.0,0
1786495174,698505878,100.0,-1.718595329915182,-1.7020791212665003,-1.1326301733600062,-4.617806855832235,-4.890351716672079,0.6903509497642517,0.0,-0.0,0.0,0.0,0.0,0.0,0.0,0.0,0.0,0.0,0.0,0.0,0
1786495174,718359947,100.0,-1.7185471693622034,-1.702066723500387,-1.1326659361468714,-4.61781877676119,-4.890339676533834,0.6903868913650513,0.0,-0.0,0.0,0.0,0.0,0.0,0.0,0.0,0.0,0.0,0.0,0.0,0
1786495174,738341331,100.0,-1.7186310927020472,-1.7020428816424769,-1.1327136198626917,-4.6177948156939905,-4.890375677739279,0.6903749108314514,0.0,-0.0,0.0,0.0,0.0,0.0,0.0,0.0,0.0,0.0,0.0,0.0,0
1786495174,758556604,100.0,-1.7185710112201136,-1.702054802571432,-1.1327016989337366,-4.617770854626791,-4.890339676533834,0.6903749108314514,0.0,-0.0,0.0,0.0,0.0,0.0,0.0,0.0,0.0,0.0,0.0,0.0,0
1786495174,778367996,100.0,-1.7185471693622034,-1.7020428816424769,-1.1326659361468714,-4.6177948156939905,-4.890399638806478,0.6903988718986511,0.0,-0.0,0.0,0.0,0.0,0.0,0.0,0.0,0.0,0.0,0.0,0.0,0
1786495174,798557758,100.0,-1.7185829321490687,-1.702066723500387,-1.1326540152179163,-4.617746893559591,-4.890339676533834,0.6903389096260071,0.0,-0.0,0.0,0.0,0.0,0.0,0.0,0.0,0.0,0.0,0.0,0.0,0
1786495174,818282842,100.0,-1.7185471693622034,-1.7020910421954554,-1.1326773802386683,-4.617770854626791,-4.890387598668234,0.690410852432251,0.0,-0.0,0.0,0.0,0.0,0.0,0.0,0.0,0.0,0.0,0.0,0.0,0
1786495174,838461399,100.0,-1.7185829321490687,-1.7020910421954554,-1.1326897780047815,-4.617758814488546,-4.890387598668234,0.6903509497642517,0.0,-0.0,0.0,0.0,0.0,0.0,0.0,0.0,0.0,0.0,0.0,0.0,0
1786495174,858417034,100.0,-1.7185829321490687,-1.7020791212665003,-1.1326897780047815,-4.6177948156939905,-4.890363637601034,0.6903868913650513,0.0,-0.0,0.0,0.0,0.0,0.0,0.0,0.0,0.0,0.0,0.0,0.0,0
1786495174,878411531,100.0,-1.718619171773092,-1.7021268049823206,-1.1326659361468714,-4.617770854626791,-4.890375677739279,0.690410852432251,0.0,-0.0,0.0,0.0,0.0,0.0,0.0,0.0,0.0,0.0,0.0,0.0,0
1786495174,898658514,100.0,-1.7185471693622034,-1.7020791212665003,-1.1326420942889612,-4.617722932492391,-4.890387598668234,0.6903988718986511,0.0,-0.0,0.0,0.0,0.0,0.0,0.0,0.0,0.0,0.0,0.0,0.0,0
1786495174,918581008,100.0,-1.7185710112201136,-1.7020791212665003,-1.1326897780047815,-4.617770854626791,-4.890351716672079,0.6903389096260071,0.0,-0.0,0.0,0.0,0.0,0.0,0.0,0.0,0.0,0.0,0.0,0.0,0
1786495174,938436031,100.0,-1.7185590902911585,-1.7020428816424769,-1.1327016989337366,-4.6177948156939905,-4.890363637601034,0.6903988718986511,0.0,-0.0,0.0,0.0,0.0,0.0,0.0,0.0,0.0,0.0,0.0,0.0,0
1786495174,958371400,100.0,-1.718619171773092,-1.7021029631244105,-1.1326420942889612,-4.617758814488546,-4.890363637601034,0.6903749108314514,0.0,-0.0,0.0,0.0,0.0,0.0,0.0,0.0,0.0,0.0,0.0,0.0,0
1786495174,978544712,100.0,-1.718619171773092,-1.7020428816424769,-1.1326773802386683,-4.6177828947650355,-4.890387598668234,0.690410852432251,0.0,-0.0,0.0,0.0,0.0,0.0,0.0,0.0,0.0,0.0,0.0,0.0,0
1786495174,998560190,100.0,-1.7185829321490687,-1.7020791212665003,-1.1326773802386683,-4.617830816899435,-4.890327755604879,0.6903389096260071,0.0,-0.0,0.0,0.0,0.0,0.0,0.0,0.0,0.0,0.0,0.0,0.0,0
1786495175,18308639,100.0,-1.7185471693622034,-1.7021029631244105,-1.1326773802386683,-4.6177948156939905,-4.890387598668234,0.690410852432251,0.0,-0.0,0.0,0.0,0.0,0.0,0.0,0.0,0.0,0.0,0.0,0.0,0
1786495175,38411855,100.0,-1.7185829321490687,-1.7020428816424769,-1.1326897780047815,-4.6177348534213465,-4.890315715466635,0.6903749108314514,0.0,-0.0,0.0,0.0,0.0,0.0,0.0,0.0,0.0,0.0,0.0,0.0,0
1786495175,58782815,100.0,-1.718619171773092,-1.7020190397845667,-1.1326659361468714,-4.6177948156939905,-4.890399638806478,0.6904228329658508,0.0,-0.0,0.0,0.0,0.0,0.0,0.0,0.0,0.0,0.0,0.0,0.0,0
1786495175,78411579,100.0,-1.7185471693622034,-1.7020791212665003,-1.1326540152179163,-4.6177948156939905,-4.890339676533834,0.6903749108314514,0.0,-0.0,0.0,0.0,0.0,0.0,0.0,0.0,0.0,0.0,0.0,0.0,0
1786495175,98716497,100.0,-1.7185710112201136,-1.7021029631244105,-1.1326773802386683,-4.617746893559591,-4.890412036572592,0.6903629302978516,0.0,-0.0,0.0,0.0,0.0,0.0,0.0,0.0,0.0,0.0,0.0,0.0,0
1786495175,118531465,100.0,-1.718619171773092,-1.702054802571432,-1.1326897780047815,-4.617746893559591,-4.890375677739279,0.6903389096260071,0.0,-0.0,0.0,0.0,0.0,0.0,0.0,0.0,0.0,0.0,0.0,0.0,0
1786495175,138426303,100.0,-1.7185471693622034,-1.7020428816424769,-1.1326659361468714,-4.617806855832235,-4.890375677739279,0.690410852432251,0.0,-0.0,0.0,0.0,0.0,0.0,0.0,0.0,0.0,0.0,0.0,0.0,0
1786495175,158505439,100.0,-1.7185829321490687,-1.702066723500387,-1.1327016989337366,-4.617806855832235,-4.890375677739279,0.6903509497642517,0.0,-0.0,0.0,0.0,0.0,0.0,0.0,0.0,0.0,0.0,0.0,0.0,0
1786495175,178345918,100.0,-1.7185829321490687,-1.7020791212665003,-1.1326420942889612,-4.617806855832235,-4.890375677739279,0.690410852432251,0.0,-0.0,0.0,0.0,0.0,0.0,0.0,0.0,0.0,0.0,0.0,0.0,0
1786495175,198587894,100.0,-1.7185710112201136,-1.7020428816424769,-1.1327255407916468,-4.617806855832235,-4.890387598668234,0.6904348134994507,0.0,-0.0,0.0,0.0,0.0,0.0,0.0,0.0,0.0,0.0,0.0,0.0,0
1786495175,218601942,100.0,-1.718607250844137,-1.7020309607135218,-1.1327255407916468,-4.6177948156939905,-4.890339676533834,0.6903749108314514,0.0,-0.0,0.0,0.0,0.0,0.0,0.0,0.0,0.0,0.0,0.0,0.0,0
1786495175,238391876,100.0,-1.7185710112201136,-1.7020309607135218,-1.1326420942889612,-4.617758814488546,-4.890339676533834,0.6904228329658508,0.0,-0.0,0.0,0.0,0.0,0.0,0.0,0.0,0.0,0.0,0.0,0.0,0
1786495175,258264780,100.0,-1.7186430136310022,-1.7020910421954554,-1.1326773802386683,-4.617806855832235,-4.890387598668234,0.6904228329658508,0.0,-0.0,0.0,0.0,0.0,0.0,0.0,0.0,0.0,0.0,0.0,0.0,0
1786495175,278564691,100.0,-1.7185590902911585,-1.7020791212665003,-1.1326659361468714,-4.6177948156939905,-4.890387598668234,0.6903868913650513,0.0,-0.0,0.0,0.0,0.0,0.0,0.0,0.0,0.0,0.0,0.0,0.0,0
1786495175,298919200,100.0,-1.7185590902911585,-1.702054802571432,-1.1326897780047815,-4.617722932492391,-4.890351716672079,0.6903868913650513,0.0,-0.0,0.0,0.0,0.0,0.0,0.0,0.0,0.0,0.0,0.0,0.0,0
1786495175,318566322,100.0,-1.7185590902911585,-1.7020910421954554,-1.1326897780047815,-4.617746893559591,-4.890351716672079,0.6903988718986511,0.0,-0.0,0.0,0.0,0.0,0.0,0.0,0.0,0.0,0.0,0.0,0.0,0
1786495175,338265657,100.0,-1.7186310927020472,-1.7020910421954554,-1.1326773802386683,-4.6177828947650355,-4.890351716672079,0.6903749108314514,0.0,-0.0,0.0,0.0,0.0,0.0,0.0,0.0,0.0,0.0,0.0,0.0,0
1786495175,358554363,100.0,-1.718595329915182,-1.7020791212665003,-1.1326659361468714,-4.61781877676119,-4.890339676533834,0.6903509497642517,0.0,-0.0,0.0,0.0,0.0,0.0,0.0,0.0,0.0,0.0,0.0,0.0,0
1786495175,378375053,100.0,-1.7186310927020472,-1.7020428816424769,-1.1327016989337366,-4.617746893559591,-4.890363637601034,0.6903629302978516,0.0,-0.0,0.0,0.0,0.0,0.0,0.0,0.0,0.0,0.0,0.0,0.0,0
1786495175,398598909,100.0,-1.718607250844137,-1.702054802571432,-1.1326659361468714,-4.6177948156939905,-4.890315715466635,0.6903868913650513,0.0,-0.0,0.0,0.0,0.0,0.0,0.0,0.0,0.0,0.0,0.0,0.0,0
1786495175,418740749,100.0,-1.7185829321490687,-1.7020190397845667,-1.1326897780047815,-4.617758814488546,-4.890375677739279,0.6903868913650513,0.0,-0.0,0.0,0.0,0.0,0.0,0.0,0.0,0.0,0.0,0.0,0.0,0
1786495175,438558101,100.0,-1.7185710112201136,-1.702054802571432,-1.1327016989337366,-4.617806855832235,-4.890363637601034,0.6903988718986511,0.0,-0.0,0.0,0.0,0.0,0.0,0.0,0.0,0.0,0.0,0.0,0.0,0
1786495175,458388566,100.0,-1.7185710112201136,-1.702054802571432,-1.1327016989337366,-4.61781877676119,-4.890363637601034,0.6903269290924072,0.0,-0.0,0.0,0.0,0.0,0.0,0.0,0.0,0.0,0.0,0.0,0.0,0
1786495175,478507995,100.0,-1.7185471693622034,-1.7020428816424769,-1.1327016989337366,-4.6177828947650355,-4.890351716672079,0.690410852432251,0.0,-0.0,0.0,0.0,0.0,0.0,0.0,0.0,0.0,0.0,0.0,0.0,0
1786495175,499051570,100.0,-1.7185471693622034,-1.7020910421954554,-1.1326540152179163,-4.6177948156939905,-4.890399638806478,0.6903629302978516,0.0,-0.0,0.0,0.0,0.0,0.0,0.0,0.0,0.0,0.0,0.0,0.0,0
1786495175,518440008,100.0,-1.7185352484332483,-1.7020190397845667,-1.1326897780047815,-4.617758814488546,-4.890387598668234,0.6903269290924072,0.0,-0.0,0.0,0.0,0.0,0.0,0.0,0.0,0.0,0.0,0.0,0.0,0
1786495175,538518190,100.0,-1.718595329915182,-1.7020910421954554,-1.1326773802386683,-4.617770854626791,-4.890363637601034,0.6903749108314514,0.0,-0.0,0.0,0.0,0.0,0.0,0.0,0.0,0.0,0.0,0.0,0.0,0
1786495175,558427572,100.0,-1.718607250844137,-1.7020428816424769,-1.1326540152179163,-4.617758814488546,-4.890327755604879,0.6903749108314514,0.0,-0.0,0.0,0.0,0.0,0.0,0.0,0.0,0.0,0.0,0.0,0.0,0
1786495175,578400850,100.0,-1.7186310927020472,-1.702066723500387,-1.1327016989337366,-4.6177948156939905,-4.890339676533834,0.6903629302978516,0.0,-0.0,0.0,0.0,0.0,0.0,0.0,0.0,0.0,0.0,0.0,0.0,0
1786495175,598618507,100.0,-1.7185590902911585,-1.7020791212665003,-1.1326659361468714,-4.6177828947650355,-4.890339676533834,0.6904228329658508,0.0,-0.0,0.0,0.0,0.0,0.0,0.0,0.0,0.0,0.0,0.0,0.0,0
1786495175,618274927,100.0,-1.7185352484332483,-1.7020309607135218,-1.1327255407916468,-4.617770854626791,-4.890363637601034,0.6903629302978516,0.0,-0.0,0.0,0.0,0.0,0.0,0.0,0.0,0.0,0.0,0.0,0.0,0
1786495175,638507843,100.0,-1.7185471693622034,-1.7020309607135218,-1.1326659361468714,-4.617758814488546,-4.890412036572592,0.6903389096260071,0.0,-0.0,0.0,0.0,0.0,0.0,0.0,0.0,0.0,0.0,0.0,0.0,0
1786495175,658427953,100.0,-1.7185710112201136,-1.7020910421954554,-1.1327136198626917,-4.617770854626791,-4.890399638806478,0.6903749108314514,0.0,-0.0,0.0,0.0,0.0,0.0,0.0,0.0,0.0,0.0,0.0,0.0,0
1786495175,678451061,100.0,-1.7185352484332483,-1.7020190397845667,-1.1326659361468714,-4.6177348534213465,-4.890351716672079,0.6903389096260071,0.0,-0.0,0.0,0.0,0.0,0.0,0.0,0.0,0.0,0.0,0.0,0.0,0
1786495175,699326515,100.0,-1.718595329915182,-1.7020910421954554,-1.1327255407916468,-4.617758814488546,-4.890339676533834,0.6903629302978516,0.0,-0.0,0.0,0.0,0.0,0.0,0.0,0.0,0.0,0.0,0.0,0.0,0
1786495175,718429327,100.0,-1.7185352484332483,-1.702054802571432,-1.1326420942889612,-4.6177948156939905,-4.890387598668234,0.6903629302978516,0.0,-0.0,0.0,0.0,0.0,0.0,0.0,0.0,0.0,0.0,0.0,0.0,0
1786495175,738403320,100.0,-1.7185710112201136,-1.7021268049823206,-1.1326540152179163,-4.6177828947650355,-4.890399638806478,0.6903629302978516,0.0,-0.0,0.0,0.0,0.0,0.0,0.0,0.0,0.0,0.0,0.0,0.0,0
1786495175,758597850,100.0,-1.718619171773092,-1.702054802571432,-1.1327255407916468,-4.617722932492391,-4.890351716672079,0.6903988718986511,0.0,-0.0,0.0,0.0,0.0,0.0,0.0,0.0,0.0,0.0,0.0,0.0,0
1786495175,778386831,100.0,-1.7185590902911585,-1.7021029631244105,-1.1327016989337366,-4.6177828947650355,-4.890387598668234,0.6903509497642517,0.0,-0.0,0.0,0.0,0.0,0.0,0.0,0.0,0.0,0.0,0.0,0.0,0
1786495175,798610925,100.0,-1.7185829321490687,-1.7020190397845667,-1.1326773802386683,-4.6177948156939905,-4.890351716672079,0.6903868913650513,0.0,-0.0,0.0,0.0,0.0,0.0,0.0,0.0,0.0,0.0,0.0,0.0,0
1786495175,818340301,100.0,-1.7185471693622034,-1.702054802571432,-1.1326773802386683,-4.6177828947650355,-4.890339676533834,0.6903988718986511,0.0,-0.0,0.0,0.0,0.0,0.0,0.0,0.0,0.0,0.0,0.0,0.0,0
1786495175,838562250,100.0,-1.718595329915182,-1.7020309607135218,-1.1326420942889612,-4.617746893559591,-4.890375677739279,0.6903749108314514,0.0,-0.0,0.0,0.0,0.0,0.0,0.0,0.0,0.0,0.0,0.0,0.0,0
1786495175,858324050,100.0,-1.7185471693622034,-1.702054802571432,-1.1326420942889612,-4.617770854626791,-4.890339676533834,0.6904228329658508,0.0,-0.0,0.0,0.0,0.0,0.0,0.0,0.0,0.0,0.0,0.0,0.0,0
1786495175,878459215,100.0,-1.7185829321490687,-1.702066723500387,-1.1327136198626917,-4.617770854626791,-4.890375677739279,0.6903629302978516,0.0,-0.0,0.0,0.0,0.0,0.0,0.0,0.0,0.0,0.0,0.0,0.0,0
1786495175,898666143,100.0,-1.718607250844137,-1.702066723500387,-1.1326897780047815,-4.617746893559591,-4.890351716672079,0.6903629302978516,0.0,-0.0,0.0,0.0,0.0,0.0,0.0,0.0,0.0,0.0,0.0,0.0,0
1786495175,918604612,100.0,-1.7185829321490687,-1.702066723500387,-1.1326659361468714,-4.6177348534213465,-4.890375677739279,0.6903629302978516,0.0,-0.0,0.0,0.0,0.0,0.0,0.0,0.0,0.0,0.0,0.0,0.0,0
1786495175,938279867,100.0,-1.7185829321490687,-1.7020910421954554,-1.1327016989337366,-4.6177828947650355,-4.890423957501547,0.6903629302978516,0.0,-0.0,0.0,0.0,0.0,0.0,0.0,0.0,0.0,0.0,0.0,0.0,0
1786495175,958415031,100.0,-1.718595329915182,-1.7020910421954554,-1.1327374617206019,-4.617806855832235,-4.890351716672079,0.6903868913650513,0.0,-0.0,0.0,0.0,0.0,0.0,0.0,0.0,0.0,0.0,0.0,0.0,0
1786495175,978338003,100.0,-1.7185710112201136,-1.7020791212665003,-1.1326897780047815,-4.6177828947650355,-4.890412036572592,0.6903629302978516,0.0,-0.0,0.0,0.0,0.0,0.0,0.0,0.0,0.0,0.0,0.0,0.0,0
1786495175,998655557,100.0,-1.718595329915182,-1.702054802571432,-1.1326773802386683,-4.6177828947650355,-4.890375677739279,0.6903749108314514,0.0,-0.0,0.0,0.0,0.0,0.0,0.0,0.0,0.0,0.0,0.0,0.0,0
1786495176,18310546,100.0,-1.7185590902911585,-1.7020910421954554,-1.1327016989337366,-4.617806855832235,-4.890327755604879,0.6903749108314514,0.0,-0.0,0.0,0.0,0.0,0.0,0.0,0.0,0.0,0.0,0.0,0.0,0
1786495176,38396358,100.0,-1.718595329915182,-1.7020428816424769,-1.1326897780047815,-4.6177348534213465,-4.890387598668234,0.6903509497642517,0.0,-0.0,0.0,0.0,0.0,0.0,0.0,0.0,0.0,0.0,0.0,0.0,0
1786495176,58243989,100.0,-1.718595329915182,-1.702054802571432,-1.1326540152179163,-4.6177828947650355,-4.890351716672079,0.6903629302978516,0.0,-0.0,0.0,0.0,0.0,0.0,0.0,0.0,0.0,0.0,0.0,0.0,0
1786495176,78414916,100.0,-1.7185710112201136,-1.702054802571432,-1.1327255407916468,-4.617770854626791,-4.890351716672079,0.690410852432251,0.0,-0.0,0.0,0.0,0.0,0.0,0.0,0.0,0.0,0.0,0.0,0.0,0
