timestamp_sec,timestamp_nanosec,trust_score,shoulder_pan_pos,shoulder_lift_pos,elbow_pos,wrist_1_pos,wrist_2_pos,wrist_3_pos,shoulder_pan_vel,shoulder_lift_vel,elbow_vel,wrist_1_vel,wrist_2_vel,wrist_3_vel,imu_ax_raw,imu_ay_raw,imu_az_raw,imu_ax_ema,imu_ay_ema,imu_az_ema,attack_active
1785980507,289495229,100.0,-1.7199624220477503,-1.7037809530841272,-1.132761303578512,-4.617770854626791,-4.890399638806478,0.6930350065231323,0.0,-0.0,0.0,0.0,0.0,0.0,0.0,0.0,0.0,0.0,0.0,0.0,0
1785980507,309906721,100.0,-1.7200105826007288,-1.703757111226217,-1.1327136198626917,-4.6177348534213465,-4.890399638806478,0.6930350065231323,0.0,-0.0,0.0,0.0,0.0,0.0,0.0,0.0,0.0,0.0,0.0,0.0,0
1785980507,329540252,100.0,-1.7199862639056605,-1.7038167158709925,-1.1327136198626917,-4.6177828947650355,-4.890375677739279,0.6929990649223328,0.0,-0.0,0.0,0.0,0.0,0.0,0.0,0.0,0.0,0.0,0.0,0.0,0
1785980507,349810361,100.0,-1.7200105826007288,-1.7038167158709925,-1.132749382649557,-4.6177948156939905,-4.890435997639791,0.6930709481239319,0.0,-0.0,0.0,0.0,0.0,0.0,0.0,0.0,0.0,0.0,0.0,0.0,0
1785980507,369634151,100.0,-1.7199624220477503,-1.7037690321551722,-1.1327374617206019,-4.617758814488546,-4.890423957501547,0.6930469870567322,0.0,-0.0,0.0,0.0,0.0,0.0,0.0,0.0,0.0,0.0,0.0,0.0,0
1785980507,389782190,100.0,-1.719926659260885,-1.7037690321551722,-1.132749382649557,-4.617806855832235,-4.890387598668234,0.6930110454559326,0.0,-0.0,0.0,0.0,0.0,0.0,0.0,0.0,0.0,0.0,0.0,0.0,0
1785980507,409832954,100.0,-1.7200225035296839,-1.7038291136371058,-1.132749382649557,-4.6177828947650355,-4.890423957501547,0.6929990649223328,0.0,-0.0,0.0,0.0,0.0,0.0,0.0,0.0,0.0,0.0,0.0,0.0,0
1785980507,429813146,100.0,-1.7199624220477503,-1.7037928740130823,-1.1327374617206019,-4.617770854626791,-4.890447918568746,0.6929870843887329,0.0,-0.0,0.0,0.0,0.0,0.0,0.0,0.0,0.0,0.0,0.0,0.0,0
1785980507,449680566,100.0,-1.7199743429767054,-1.7038052717791956,-1.1327737013446253,-4.6177828947650355,-4.890423957501547,0.6929870843887329,0.0,-0.0,0.0,0.0,0.0,0.0,0.0,0.0,0.0,0.0,0.0,0.0,0
1785980507,469711303,100.0,-1.7200225035296839,-1.703852955495016,-1.132749382649557,-4.617746893559591,-4.890399638806478,0.693058967590332,0.0,-0.0,0.0,0.0,0.0,0.0,0.0,0.0,0.0,0.0,0.0,0.0,0
1785980507,489632368,100.0,-1.7200105826007288,-1.7037809530841272,-1.1327255407916468,-4.617806855832235,-4.890459958706991,0.6930110454559326,0.0,-0.0,0.0,0.0,0.0,0.0,0.0,0.0,0.0,0.0,0.0,0.0,0
1785980507,509843349,100.0,-1.7200225035296839,-1.7037928740130823,-1.1327016989337366,-4.617770854626791,-4.890375677739279,0.6930469870567322,0.0,-0.0,0.0,0.0,0.0,0.0,0.0,0.0,0.0,0.0,0.0,0.0,0
1785980507,529556274,100.0,-1.7199743429767054,-1.7038052717791956,-1.132749382649557,-4.617746893559591,-4.890412036572592,0.6930230259895325,0.0,-0.0,0.0,0.0,0.0,0.0,0.0,0.0,0.0,0.0,0.0,0.0,0
1785980507,549822568,100.0,-1.7200105826007288,-1.7037928740130823,-1.1327136198626917,-4.6177828947650355,-4.890399638806478,0.6930469870567322,0.0,-0.0,0.0,0.0,0.0,0.0,0.0,0.0,0.0,0.0,0.0,0.0,0
1785980507,569608926,100.0,-1.7200225035296839,-1.7037809530841272,-1.1327016989337366,-4.617770854626791,-4.890423957501547,0.6930110454559326,0.0,-0.0,0.0,0.0,0.0,0.0,0.0,0.0,0.0,0.0,0.0,0.0,0
1785980507,589761972,100.0,-1.720034424458639,-1.7038291136371058,-1.1327374617206019,-4.617770854626791,-4.890399638806478,0.6930350065231323,0.0,-0.0,0.0,0.0,0.0,0.0,0.0,0.0,0.0,0.0,0.0,0.0,0
1785980507,609925985,100.0,-1.7199862639056605,-1.7037809530841272,-1.1327016989337366,-4.617770854626791,-4.890387598668234,0.6930469870567322,0.0,-0.0,0.0,0.0,0.0,0.0,0.0,0.0,0.0,0.0,0.0,0.0,0
1785980507,629809617,100.0,-1.7199743429767054,-1.7038052717791956,-1.1327856222735804,-4.6177348534213465,-4.890375677739279,0.6930469870567322,0.0,-0.0,0.0,0.0,0.0,0.0,0.0,0.0,0.0,0.0,0.0,0.0,0
1785980507,649588108,100.0,-1.7200105826007288,-1.7038167158709925,-1.132761303578512,-4.6177948156939905,-4.890435997639791,0.6930469870567322,0.0,-0.0,0.0,0.0,0.0,0.0,0.0,0.0,0.0,0.0,0.0,0.0,0
1785980507,669786691,100.0,-1.7199743429767054,-1.7038167158709925,-1.1327975432025355,-4.6177348534213465,-4.890423957501547,0.693058967590332,0.0,-0.0,0.0,0.0,0.0,0.0,0.0,0.0,0.0,0.0,0.0,0.0,0
1785980507,689566373,100.0,-1.720046345387594,-1.7037809530841272,-1.1327136198626917,-4.6177948156939905,-4.890387598668234,0.6930350065231323,0.0,-0.0,0.0,0.0,0.0,0.0,0.0,0.0,0.0,0.0,0.0,0.0,0
1785980507,709885597,100.0,-1.7199624220477503,-1.703757111226217,-1.1327255407916468,-4.617758814488546,-4.890399638806478,0.6930230259895325,0.0,-0.0,0.0,0.0,0.0,0.0,0.0,0.0,0.0,0.0,0.0,0.0,0
1785980507,729614257,100.0,-1.7200105826007288,-1.7037809530841272,-1.1327374617206019,-4.617746893559591,-4.890412036572592,0.693058967590332,0.0,-0.0,0.0,0.0,0.0,0.0,0.0,0.0,0.0,0.0,0.0,0.0,0
1785980507,749770164,100.0,-1.7200105826007288,-1.7038052717791956,-1.1327136198626917,-4.6177348534213465,-4.890399638806478,0.6930350065231323,0.0,-0.0,0.0,0.0,0.0,0.0,0.0,0.0,0.0,0.0,0.0,0.0,0
1785980507,769755601,100.0,-1.7199862639056605,-1.7037928740130823,-1.1327975432025355,-4.617746893559591,-4.890399638806478,0.6930350065231323,0.0,-0.0,0.0,0.0,0.0,0.0,0.0,0.0,0.0,0.0,0.0,0.0,0
1785980507,789803981,100.0,-1.7199862639056605,-1.7037809530841272,-1.132761303578512,-4.617758814488546,-4.890447918568746,0.6930350065231323,0.0,-0.0,0.0,0.0,0.0,0.0,0.0,0.0,0.0,0.0,0.0,0.0,0
1785980507,809767246,100.0,-1.7200225035296839,-1.703864876423971,-1.1326897780047815,-4.6177828947650355,-4.890412036572592,0.6930350065231323,0.0,-0.0,0.0,0.0,0.0,0.0,0.0,0.0,0.0,0.0,0.0,0.0,0
1785980507,829835176,100.0,-1.7199624220477503,-1.7037928740130823,-1.1327374617206019,-4.617770854626791,-4.890435997639791,0.693058967590332,0.0,-0.0,0.0,0.0,0.0,0.0,0.0,0.0,0.0,0.0,0.0,0.0,0
1785980507,849842071,100.0,-1.7199505011187952,-1.7037928740130823,-1.1327016989337366,-4.617770854626791,-4.890375677739279,0.6929990649223328,0.0,-0.0,0.0,0.0,0.0,0.0,0.0,0.0,0.0,0.0,0.0,0.0,0
1785980507,869755744,100.0,-1.720034424458639,-1.7038052717791956,-1.132761303578512,-4.617758814488546,-4.890375677739279,0.6930350065231323,0.0,-0.0,0.0,0.0,0.0,0.0,0.0,0.0,0.0,0.0,0.0,0.0,0
1785980507,889629602,100.0,-1.7200225035296839,-1.7037928740130823,-1.132761303578512,-4.617770854626791,-4.890399638806478,0.6930350065231323,0.0,-0.0,0.0,0.0,0.0,0.0,0.0,0.0,0.0,0.0,0.0,0.0,0
1785980507,909889936,100.0,-1.7199624220477503,-1.7037809530841272,-1.132761303578512,-4.6177948156939905,-4.890471879635946,0.6930350065231323,0.0,-0.0,0.0,0.0,0.0,0.0,0.0,0.0,0.0,0.0,0.0,0.0,0
1785980507,929646253,100.0,-1.7199624220477503,-1.7038052717791956,-1.1328094641314905,-4.6177948156939905,-4.890459958706991,0.6930230259895325,0.0,-0.0,0.0,0.0,0.0,0.0,0.0,0.0,0.0,0.0,0.0,0.0,0
1785980507,949796676,100.0,-1.7199624220477503,-1.7037928740130823,-1.1327374617206019,-4.6177828947650355,-4.890399638806478,0.693058967590332,0.0,-0.0,0.0,0.0,0.0,0.0,0.0,0.0,0.0,0.0,0.0,0.0,0
1785980507,969696521,100.0,-1.720046345387594,-1.7037928740130823,-1.1327255407916468,-4.617758814488546,-4.890447918568746,0.6929870843887329,0.0,-0.0,0.0,0.0,0.0,0.0,0.0,0.0,0.0,0.0,0.0,0.0,0
1785980507,989750862,100.0,-1.7199862639056605,-1.7037690321551722,-1.1326897780047815,-4.617806855832235,-4.890399638806478,0.6930350065231323,0.0,-0.0,0.0,0.0,0.0,0.0,0.0,0.0,0.0,0.0,0.0,0.0,0
1785980508,9710788,100.0,-1.7200225035296839,-1.7038167158709925,-1.132749382649557,-4.617770854626791,-4.890375677739279,0.6930709481239319,0.0,-0.0,0.0,0.0,0.0,0.0,0.0,0.0,0.0,0.0,0.0,0.0,0
1785980508,29762983,100.0,-1.7200225035296839,-1.7038052717791956,-1.132749382649557,-4.617770854626791,-4.890399638806478,0.6930350065231323,0.0,-0.0,0.0,0.0,0.0,0.0,0.0,0.0,0.0,0.0,0.0,0.0,0
1785980508,49695253,100.0,-1.7199862639056605,-1.7038052717791956,-1.132749382649557,-4.617758814488546,-4.890412036572592,0.693058967590332,0.0,-0.0,0.0,0.0,0.0,0.0,0.0,0.0,0.0,0.0,0.0,0.0,0
1785980508,69847345,100.0,-1.720034424458639,-1.7037928740130823,-1.1327136198626917,-4.617758814488546,-4.890387598668234,0.693058967590332,0.0,-0.0,0.0,0.0,0.0,0.0,0.0,0.0,0.0,0.0,0.0,0.0,0
1785980508,89597702,100.0,-1.7199862639056605,-1.7038410345660608,-1.1327255407916468,-4.6177348534213465,-4.890399638806478,0.6930110454559326,0.0,-0.0,0.0,0.0,0.0,0.0,0.0,0.0,0.0,0.0,0.0,0.0,0
1785980508,109839439,100.0,-1.7200105826007288,-1.7038052717791956,-1.1327374617206019,-4.617806855832235,-4.890447918568746,0.693058967590332,0.0,-0.0,0.0,0.0,0.0,0.0,0.0,0.0,0.0,0.0,0.0,0.0,0
1785980508,129674673,100.0,-1.7200225035296839,-1.703852955495016,-1.1327136198626917,-4.617758814488546,-4.890435997639791,0.6930110454559326,0.0,-0.0,0.0,0.0,0.0,0.0,0.0,0.0,0.0,0.0,0.0,0.0,0
1785980508,149821758,100.0,-1.7200225035296839,-1.7037809530841272,-1.1327016989337366,-4.61781877676119,-4.890447918568746,0.6930469870567322,0.0,-0.0,0.0,0.0,0.0,0.0,0.0,0.0,0.0,0.0,0.0,0.0,0
1785980508,169636011,100.0,-1.7200701872455042,-1.7037809530841272,-1.132761303578512,-4.617758814488546,-4.890412036572592,0.6929990649223328,0.0,-0.0,0.0,0.0,0.0,0.0,0.0,0.0,0.0,0.0,0.0,0.0,0
1785980508,189776659,100.0,-1.7199981848346155,-1.7038291136371058,-1.1327856222735804,-4.617806855832235,-4.890399638806478,0.6930469870567322,0.0,-0.0,0.0,0.0,0.0,0.0,0.0,0.0,0.0,0.0,0.0,0.0,0
1785980508,209773778,100.0,-1.7200105826007288,-1.7038052717791956,-1.1327374617206019,-4.617770854626791,-4.890423957501547,0.6930110454559326,0.0,-0.0,0.0,0.0,0.0,0.0,0.0,0.0,0.0,0.0,0.0,0.0,0
1785980508,229895114,100.0,-1.7199862639056605,-1.7037809530841272,-1.1327136198626917,-4.6177828947650355,-4.890399638806478,0.6930230259895325,0.0,-0.0,0.0,0.0,0.0,0.0,0.0,0.0,0.0,0.0,0.0,0.0,0
1785980508,249627590,100.0,-1.7200225035296839,-1.7037809530841272,-1.132749382649557,-4.617758814488546,-4.890387598668234,0.6929990649223328,-2.5566347176209092e-05,-0.0,0.0,0.0,0.0,0.0,0.0,0.0,0.0,0.0,0.0,0.0,0
1785980508,269738197,100.0,-1.7199981848346155,-1.7038410345660608,-1.1326897780047815,-4.617770854626791,-4.890387598668234,0.6929990649223328,-2.5566347176209092e-05,-0.0,0.0,0.0,0.0,0.0,0.0,0.0,0.0,0.0,0.0,0.0,0
1785980508,289575338,100.0,-1.7200105826007288,-1.7038167158709925,-1.1327374617206019,-4.6177828947650355,-4.890387598668234,0.6930230259895325,-2.5566347176209092e-05,-0.0,0.0,0.0,0.0,0.0,0.0,0.0,0.0,0.0,0.0,0.0,0
1785980508,309858798,100.0,-1.7199862639056605,-1.7038052717791956,-1.1327374617206019,-4.617746893559591,-4.890387598668234,0.6929990649223328,-2.5566347176209092e-05,-0.0,0.0,0.0,0.0,0.0,0.0,0.0,0.0,0.0,0.0,0.0,0
1785980508,329545736,100.0,-1.7200225035296839,-1.7037809530841272,-1.132761303578512,-4.617770854626791,-4.890375677739279,0.693058967590332,-2.5566347176209092e-05,-0.0,0.0,0.0,0.0,0.0,0.0,0.0,0.0,0.0,0.0,0.0,0
1785980508,349881410,100.0,-1.720034424458639,-1.703864876423971,-1.132761303578512,-4.617746893559591,-4.890447918568746,0.6930350065231323,-2.5566347176209092e-05,-0.0,0.0,0.0,0.0,0.0,0.0,0.0,0.0,0.0,0.0,0.0,0
1785980508,369495153,100.0,-1.7200105826007288,-1.703757111226217,-1.1327136198626917,-4.617710892354147,-4.890375677739279,0.6930110454559326,-2.5566347176209092e-05,-0.0,0.0,0.0,0.0,0.0,0.0,0.0,0.0,0.0,0.0,0.0,0
1785980508,389805793,100.0,-1.7200105826007288,-1.7038291136371058,-1.132761303578512,-4.6177828947650355,-4.890423957501547,0.6930230259895325,-2.5566347176209092e-05,-0.0,0.0,0.0,0.0,0.0,0.0,0.0,0.0,0.0,0.0,0.0,0
1785980508,409754276,100.0,-1.7199624220477503,-1.7038291136371058,-1.1327737013446253,-4.617770854626791,-4.890423957501547,0.6930110454559326,-2.5566347176209092e-05,-0.0,0.0,0.0,0.0,0.0,0.0,0.0,0.0,0.0,0.0,0.0,0
1785980508,429762601,100.0,-1.7199981848346155,-1.703757111226217,-1.132749382649557,-4.6177828947650355,-4.890447918568746,0.6930110454559326,-2.5566347176209092e-05,-0.0,0.0,0.0,0.0,0.0,0.0,0.0,0.0,0.0,0.0,0.0,0
1785980508,449775934,100.0,-1.7199862639056605,-1.703757111226217,-1.1327374617206019,-4.6177948156939905,-4.890412036572592,0.6930110454559326,-2.5566347176209092e-05,-0.0,0.0,0.0,0.0,0.0,0.0,0.0,0.0,0.0,0.0,0.0,0
1785980508,469753026,100.0,-1.720034424458639,-1.703757111226217,-1.1326773802386683,-4.6177948156939905,-4.890387598668234,0.6930110454559326,-2.5566347176209092e-05,-0.0,0.0,0.0,0.0,0.0,0.0,0.0,0.0,0.0,0.0,0.0,0
1785980508,489780902,100.0,-1.720034424458639,-1.703852955495016,-1.132749382649557,-4.617758814488546,-4.890423957501547,0.6930949091911316,-2.5566347176209092e-05,-0.0,0.0,0.0,0.0,0.0,0.0,0.0,0.0,0.0,0.0,0.0,0
1785980508,509817123,100.0,-1.7200701872455042,-1.703852955495016,-1.1327016989337366,-4.617746893559591,-4.890447918568746,0.6930110454559326,-2.5566347176209092e-05,-0.0,0.0,0.0,0.0,0.0,0.0,0.0,0.0,0.0,0.0,0.0,0
1785980508,529606580,100.0,-1.7200105826007288,-1.7038410345660608,-1.1327136198626917,-4.617746893559591,-4.890399638806478,0.6930350065231323,-2.5566347176209092e-05,-0.0,0.0,0.0,0.0,0.0,0.0,0.0,0.0,0.0,0.0,0.0,0
1785980508,549824953,100.0,-1.7200105826007288,-1.7037809530841272,-1.1327374617206019,-4.617710892354147,-4.890375677739279,0.6930350065231323,-2.5566347176209092e-05,-0.0,0.0,0.0,0.0,0.0,0.0,0.0,0.0,0.0,0.0,0.0,0
1785980508,569612264,100.0,-1.720034424458639,-1.7037809530841272,-1.1327737013446253,-4.617758814488546,-4.890447918568746,0.6930110454559326,-2.5566347176209092e-05,-0.0,0.0,0.0,0.0,0.0,0.0,0.0,0.0,0.0,0.0,0.0,0
1785980508,589914798,100.0,-1.7200105826007288,-1.7038291136371058,-1.1327255407916468,-4.617746893559591,-4.890399638806478,0.6930350065231323,-2.5566347176209092e-05,-0.0,0.0,0.0,0.0,0.0,0.0,0.0,0.0,0.0,0.0,0.0,0
1785980508,609718561,100.0,-1.7199981848346155,-1.7037928740130823,-1.1327136198626917,-4.617758814488546,-4.890447918568746,0.6930469870567322,-2.5566347176209092e-05,-0.0,0.0,0.0,0.0,0.0,0.0,0.0,0.0,0.0,0.0,0.0,0
1785980508,629856109,100.0,-1.7200225035296839,-1.7038167158709925,-1.132749382649557,-4.617806855832235,-4.890375677739279,0.6930350065231323,-2.5566347176209092e-05,-0.0,0.0,0.0,0.0,0.0,0.0,0.0,0.0,0.0,0.0,0.0,0
1785980508,649583339,100.0,-1.7200225035296839,-1.7038167158709925,-1.1327374617206019,-4.6177348534213465,-4.890435997639791,0.693058967590332,-2.5566347176209092e-05,-0.0,0.0,0.0,0.0,0.0,0.0,0.0,0.0,0.0,0.0,0.0,0
1785980508,669801950,100.0,-1.720046345387594,-1.7037809530841272,-1.132761303578512,-4.61781877676119,-4.890387598668234,0.6930110454559326,-2.5566347176209092e-05,-0.0,0.0,0.0,0.0,0.0,0.0,0.0,0.0,0.0,0.0,0.0,0
1785980508,689708471,100.0,-1.7200105826007288,-1.7038167158709925,-1.1327016989337366,-4.617746893559591,-4.890412036572592,0.6929990649223328,-2.5566347176209092e-05,-0.0,0.0,0.0,0.0,0.0,0.0,0.0,0.0,0.0,0.0,0.0,0
1785980508,709817409,100.0,-1.7199743429767054,-1.7037928740130823,-1.1327737013446253,-4.6177948156939905,-4.890435997639791,0.6930350065231323,-2.5566347176209092e-05,-0.0,0.0,0.0,0.0,0.0,0.0,0.0,0.0,0.0,0.0,0.0,0
1785980508,729708194,100.0,-1.7200105826007288,-1.7037928740130823,-1.132761303578512,-4.617770854626791,-4.890412036572592,0.6930469870567322,-2.5566347176209092e-05,-0.0,0.0,0.0,0.0,0.0,0.0,0.0,0.0,0.0,0.0,0.0,0
1785980508,749862194,100.0,-1.7199862639056605,-1.703757111226217,-1.132761303578512,-4.617758814488546,-4.890399638806478,0.6930350065231323,-2.5566347176209092e-05,-0.0,0.0,0.0,0.0,0.0,0.0,0.0,0.0,0.0,0.0,0.0,0
1785980508,769634723,100.0,-1.7199981848346155,-1.7037928740130823,-1.132749382649557,-4.6177828947650355,-4.890423957501547,0.6930709481239319,-2.5566347176209092e-05,-0.0,0.0,0.0,0.0,0.0,0.0,0.0,0.0,0.0,0.0,0.0,0
1785980508,789740324,100.0,-1.7199981848346155,-1.7038410345660608,-1.132749382649557,-4.6177948156939905,-4.890399638806478,0.6930350065231323,-2.5566347176209092e-05,-0.0,0.0,0.0,0.0,0.0,0.0,0.0,0.0,0.0,0.0,0.0,0
1785980508,809723854,100.0,-1.7199981848346155,-1.7038052717791956,-1.132749382649557,-4.6177948156939905,-4.890399638806478,0.6930110454559326,-2.5566347176209092e-05,-0.0,0.0,0.0,0.0,0.0,0.0,0.0,0.0,0.0,0.0,0.0,0
1785980508,829757213,100.0,-1.7199981848346155,-1.7038291136371058,-1.132749382649557,-4.6177828947650355,-4.890447918568746,0.6930469870567322,-2.5566347176209092e-05,-0.0,0.0,0.0,0.0,0.0,0.0,0.0,0.0,0.0,0.0,0.0,0
1785980508,849598884,100.0,-1.720034424458639,-1.7038167158709925,-1.132761303578512,-4.6177948156939905,-4.890447918568746,0.693058967590332,-2.5566347176209092e-05,-0.0,0.0,0.0,0.0,0.0,0.0,0.0,0.0,0.0,0.0,0.0,0
1785980508,869831323,100.0,-1.7200225035296839,-1.703852955495016,-1.132749382649557,-4.6177948156939905,-4.890435997639791,0.6929990649223328,-2.5566347176209092e-05,-0.0,0.0,0.0,0.0,0.0,0.0,0.0,0.0,0.0,0.0,0.0,0
1785980508,889620542,100.0,-1.7199862639056605,-1.7037690321551722,-1.1327016989337366,-4.6177948156939905,-4.890412036572592,0.6930350065231323,-2.5566347176209092e-05,-0.0,0.0,0.0,0.0,0.0,0.0,0.0,0.0,0.0,0.0,0.0,0
1785980508,909819602,100.0,-1.7200225035296839,-1.7038052717791956,-1.1327737013446253,-4.6177828947650355,-4.890387598668234,0.6930469870567322,-2.5566347176209092e-05,-0.0,0.0,0.0,0.0,0.0,0.0,0.0,0.0,0.0,0.0,0.0,0
1785980508,929690122,100.0,-1.7200225035296839,-1.7038052717791956,-1.132749382649557,-4.617758814488546,-4.890435997639791,0.6930230259895325,-2.5566347176209092e-05,-0.0,0.0,0.0,0.0,0.0,0.0,0.0,0.0,0.0,0.0,0.0,0
1785980508,949732542,100.0,-1.7200105826007288,-1.7038052717791956,-1.1327255407916468,-4.617770854626791,-4.890412036572592,0.6930469870567322,-2.5566347176209092e-05,-0.0,0.0,0.0,0.0,0.0,0.0,0.0,0.0,0.0,0.0,0.0,0
1785980508,969703435,100.0,-1.7199505011187952,-1.7037928740130823,-1.1327737013446253,-4.617770854626791,-4.890412036572592,0.6930350065231323,-2.5566347176209092e-05,-0.0,0.0,0.0,0.0,0.0,0.0,0.0,0.0,0.0,0.0,0.0,0
1785980508,989747285,100.0,-1.7199981848346155,-1.7038410345660608,-1.132761303578512,-4.6177948156939905,-4.890387598668234,0.6930709481239319,-2.5566347176209092e-05,-0.0,0.0,0.0,0.0,0.0,0.0,0.0,0.0,0.0,0.0,0.0,0
1785980509,9695291,100.0,-1.7200105826007288,-1.7037928740130823,-1.1327136198626917,-4.6177828947650355,-4.890399638806478,0.6929990649223328,-2.5566347176209092e-05,-0.0,0.0,0.0,0.0,0.0,0.0,0.0,0.0,0.0,0.0,0.0,0
1785980509,29897689,100.0,-1.720046345387594,-1.7037690321551722,-1.132749382649557,-4.617746893559591,-4.890375677739279,0.6930709481239319,-2.5566347176209092e-05,-0.0,0.0,0.0,0.0,0.0,0.0,0.0,0.0,0.0,0.0,0.0,0
1785980509,49650192,100.0,-1.720034424458639,-1.7037928740130823,-1.132761303578512,-4.6177948156939905,-4.890423957501547,0.6930469870567322,-2.5566347176209092e-05,-0.0,0.0,0.0,0.0,0.0,0.0,0.0,0.0,0.0,0.0,0.0,0
1785980509,69812536,100.0,-1.7199743429767054,-1.703757111226217,-1.1327737013446253,-4.6177948156939905,-4.890375677739279,0.6930350065231323,-2.5566347176209092e-05,-0.0,0.0,0.0,0.0,0.0,0.0,0.0,0.0,0.0,0.0,0.0,0
1785980509,89581727,100.0,-1.7200582663165491,-1.7038052717791956,-1.1327016989337366,-4.6177828947650355,-4.890447918568746,0.6930469870567322,-2.5566347176209092e-05,-0.0,0.0,0.0,0.0,0.0,0.0,0.0,0.0,0.0,0.0,0.0,0
1785980509,109892368,100.0,-1.7199624220477503,-1.7038167158709925,-1.132749382649557,-4.617746893559591,-4.890447918568746,0.6930350065231323,-2.5566347176209092e-05,-0.0,0.0,0.0,0.0,0.0,0.0,0.0,0.0,0.0,0.0,0.0,0
1785980509,129614591,100.0,-1.7200225035296839,-1.7038291136371058,-1.1327136198626917,-4.61781877676119,-4.890435997639791,0.6930110454559326,-2.5566347176209092e-05,-0.0,0.0,0.0,0.0,0.0,0.0,0.0,0.0,0.0,0.0,0.0,0
1785980509,149740695,100.0,-1.7200225035296839,-1.703757111226217,-1.1327016989337366,-4.617770854626791,-4.890447918568746,0.6930230259895325,-2.5566347176209092e-05,-0.0,0.0,0.0,0.0,0.0,0.0,0.0,0.0,0.0,0.0,0.0,0
1785980509,169647455,100.0,-1.7199862639056605,-1.7038052717791956,-1.1327737013446253,-4.617806855832235,-4.890435997639791,0.6929990649223328,-2.5566347176209092e-05,-0.0,0.0,0.0,0.0,0.0,0.0,0.0,0.0,0.0,0.0,0.0,0
1785980509,189727067,100.0,-1.7199981848346155,-1.703757111226217,-1.1326773802386683,-4.6177828947650355,-4.890375677739279,0.6929990649223328,-2.5566347176209092e-05,-0.0,0.0,0.0,0.0,0.0,0.0,0.0,0.0,0.0,0.0,0.0,0
1785980509,209696054,100.0,-1.720046345387594,-1.7038410345660608,-1.1327136198626917,-4.617746893559591,-4.890399638806478,0.6930949091911316,-2.5566347176209092e-05,-0.0,0.0,0.0,0.0,0.0,0.0,0.0,0.0,0.0,0.0,0.0,0
1785980509,229799509,100.0,-1.7199624220477503,-1.7038291136371058,-1.132749382649557,-4.617758814488546,-4.890423957501547,0.6930709481239319,-2.5566347176209092e-05,-0.0,0.0,0.0,0.0,0.0,0.0,0.0,0.0,0.0,0.0,0.0,0
1785980509,249616861,100.0,-1.720046345387594,-1.7037809530841272,-1.1326897780047815,-4.617746893559591,-4.890412036572592,0.6930350065231323,-2.5566347176209092e-05,-0.0,0.0,0.0,0.0,0.0,0.0,0.0,0.0,0.0,0.0,0.0,0
1785980509,269782543,100.0,-1.7199862639056605,-1.7038291136371058,-1.1327136198626917,-4.617770854626791,-4.890399638806478,0.6929990649223328,-2.5566347176209092e-05,-0.0,0.0,0.0,0.0,0.0,0.0,0.0,0.0,0.0,0.0,0.0,0
1785980509,289593458,100.0,-1.7199743429767054,-1.7038052717791956,-1.1327374617206019,-4.617770854626791,-4.890459958706991,0.6930350065231323,-2.5566347176209092e-05,-0.0,0.0,0.0,0.0,0.0,0.0,0.0,0.0,0.0,0.0,0.0,0
1785980509,309894084,100.0,-1.720034424458639,-1.7038410345660608,-1.132761303578512,-4.617806855832235,-4.890435997639791,0.6930469870567322,-2.5566347176209092e-05,-0.0,0.0,0.0,0.0,0.0,0.0,0.0,0.0,0.0,0.0,0.0,0
1785980509,329594373,100.0,-1.7199743429767054,-1.7038167158709925,-1.1327016989337366,-4.6177828947650355,-4.890435997639791,0.6930350065231323,-2.5566347176209092e-05,-0.0,0.0,0.0,0.0,0.0,0.0,0.0,0.0,0.0,0.0,0.0,0
1785980509,349737644,100.0,-1.7200225035296839,-1.7038291136371058,-1.132749382649557,-4.6177948156939905,-4.890423957501547,0.6930469870567322,-2.5566347176209092e-05,-0.0,0.0,0.0,0.0,0.0,0.0,0.0,0.0,0.0,0.0,0.0,0
1785980509,369663953,100.0,-1.7200225035296839,-1.7038291136371058,-1.1327255407916468,-4.617770854626791,-4.890412036572592,0.6929990649223328,-2.5566347176209092e-05,-0.0,0.0,0.0,0.0,0.0,0.0,0.0,0.0,0.0,0.0,0.0,0
1785980509,389766931,100.0,-1.7200225035296839,-1.7037809530841272,-1.132761303578512,-4.6177348534213465,-4.890399638806478,0.6930469870567322,-2.5566347176209092e-05,-0.0,0.0,0.0,0.0,0.0,0.0,0.0,0.0,0.0,0.0,0.0,0
1785980509,409752130,100.0,-1.7200225035296839,-1.703876797352926,-1.1327737013446253,-4.617746893559591,-4.890435997639791,0.6930230259895325,-2.5566347176209092e-05,-0.0,0.0,0.0,0.0,0.0,0.0,0.0,0.0,0.0,0.0,0.0,0
1785980509,429812192,100.0,-1.7200225035296839,-1.7038167158709925,-1.132749382649557,-4.6177828947650355,-4.890435997639791,0.6930469870567322,-2.5566347176209092e-05,-0.0,0.0,0.0,0.0,0.0,0.0,0.0,0.0,0.0,0.0,0.0,0
1785980509,449712991,100.0,-1.7200225035296839,-1.7038291136371058,-1.1327136198626917,-4.6177828947650355,-4.890423957501547,0.6929990649223328,-2.5566347176209092e-05,-0.0,0.0,0.0,0.0,0.0,0.0,0.0,0.0,0.0,0.0,0.0,0
1785980509,469755649,100.0,-1.720046345387594,-1.7038052717791956,-1.1327737013446253,-4.617758814488546,-4.890423957501547,0.6930110454559326,-2.5566347176209092e-05,-0.0,0.0,0.0,0.0,0.0,0.0,0.0,0.0,0.0,0.0,0.0,0
1785980509,489583730,100.0,-1.7200582663165491,-1.7038167158709925,-1.132761303578512,-4.617806855832235,-4.890412036572592,0.6930110454559326,-2.5566347176209092e-05,-0.0,0.0,0.0,0.0,0.0,0.0,0.0,0.0,0.0,0.0,0.0,0
1785980509,509868383,100.0,-1.7199862639056605,-1.7037809530841272,-1.1327136198626917,-4.6177948156939905,-4.890412036572592,0.6930469870567322,-2.5566347176209092e-05,-0.0,0.0,0.0,0.0,0.0,0.0,0.0,0.0,0.0,0.0,0.0,0
1785980509,529624938,100.0,-1.7200225035296839,-1.7038167158709925,-1.1327856222735804,-4.6177948156939905,-4.890447918568746,0.6930350065231323,-2.5566347176209092e-05,-0.0,0.0,0.0,0.0,0.0,0.0,0.0,0.0,0.0,0.0,0.0,0
1785980509,549844980,100.0,-1.7200582663165491,-1.7037809530841272,-1.132761303578512,-4.6177828947650355,-4.890399638806478,0.6930709481239319,-2.5566347176209092e-05,-0.0,0.0,0.0,0.0,0.0,0.0,0.0,0.0,0.0,0.0,0.0,0
1785980509,569650650,100.0,-1.7199862639056605,-1.7038052717791956,-1.1327255407916468,-4.6177828947650355,-4.890423957501547,0.6930709481239319,-2.5566347176209092e-05,-0.0,0.0,0.0,0.0,0.0,0.0,0.0,0.0,0.0,0.0,0.0,0
1785980509,589778661,100.0,-1.720034424458639,-1.7038167158709925,-1.132749382649557,-4.617770854626791,-4.890387598668234,0.6929990649223328,-2.5566347176209092e-05,-0.0,0.0,0.0,0.0,0.0,0.0,0.0,0.0,0.0,0.0,0.0,0
1785980509,609748125,100.0,-1.7200105826007288,-1.7038410345660608,-1.1327136198626917,-4.617806855832235,-4.890423957501547,0.6930350065231323,-2.5566347176209092e-05,-0.0,0.0,0.0,0.0,0.0,0.0,0.0,0.0,0.0,0.0,0.0,0
1785980509,629764318,100.0,-1.7200105826007288,-1.7037690321551722,-1.132749382649557,-4.617770854626791,-4.890423957501547,0.6930949091911316,-2.5566347176209092e-05,-0.0,0.0,0.0,0.0,0.0,0.0,0.0,0.0,0.0,0.0,0.0,0
1785980509,649762153,100.0,-1.7200105826007288,-1.703852955495016,-1.132749382649557,-4.6177948156939905,-4.890399638806478,0.6930709481239319,-2.5566347176209092e-05,-0.0,0.0,0.0,0.0,0.0,0.0,0.0,0.0,0.0,0.0,0.0,0
1785980509,669749259,100.0,-1.7199981848346155,-1.7037928740130823,-1.132749382649557,-4.617758814488546,-4.890447918568746,0.693058967590332,-2.5566347176209092e-05,-0.0,0.0,0.0,0.0,0.0,0.0,0.0,0.0,0.0,0.0,0.0,0
1785980509,689568519,100.0,-1.7199862639056605,-1.7037690321551722,-1.1327374617206019,-4.6177348534213465,-4.890423957501547,0.6930469870567322,-2.5566347176209092e-05,-0.0,0.0,0.0,0.0,0.0,0.0,0.0,0.0,0.0,0.0,0.0,0
1785980509,709884405,100.0,-1.7200225035296839,-1.7037809530841272,-1.132749382649557,-4.617758814488546,-4.890435997639791,0.6930230259895325,-2.5566347176209092e-05,-0.0,0.0,0.0,0.0,0.0,0.0,0.0,0.0,0.0,0.0,0.0,0
1785980509,729668855,100.0,-1.7200105826007288,-1.7038052717791956,-1.1327374617206019,-4.6177348534213465,-4.890435997639791,0.6929990649223328,-1.2783173588104546e-05,-0.0,0.0,0.0,0.0,0.0,0.0,0.0,0.0,0.0,0.0,0.0,0
1785980509,749756813,100.0,-1.7200105826007288,-1.7038167158709925,-1.1327255407916468,-4.6177828947650355,-4.890423957501547,0.6930350065231323,-1.2783173588104546e-05,-0.0,0.0,0.0,0.0,0.0,0.0,0.0,0.0,0.0,0.0,0.0,0
1785980509,769555091,100.0,-1.7199981848346155,-1.7037809530841272,-1.132761303578512,-4.617746893559591,-4.890423957501547,0.693058967590332,-1.2783173588104546e-05,-0.0,0.0,0.0,0.0,0.0,0.0,0.0,0.0,0.0,0.0,0.0,0
1785980509,789793729,100.0,-1.720034424458639,-1.7037928740130823,-1.1327374617206019,-4.617770854626791,-4.890423957501547,0.6930110454559326,-1.2783173588104546e-05,-0.0,0.0,0.0,0.0,0.0,0.0,0.0,0.0,0.0,0.0,0.0,0
1785980509,809701919,100.0,-1.7200225035296839,-1.7037690321551722,-1.1326897780047815,-4.617746893559591,-4.890412036572592,0.6930110454559326,-1.2783173588104546e-05,-0.0,0.0,0.0,0.0,0.0,0.0,0.0,0.0,0.0,0.0,0.0,0
1785980509,829770326,100.0,-1.7200105826007288,-1.7037928740130823,-1.132749382649557,-4.6177948156939905,-4.890375677739279,0.6930230259895325,-1.2783173588104546e-05,-0.0,0.0,0.0,0.0,0.0,0.0,0.0,0.0,0.0,0.0,0.0,0
1785980509,849642992,100.0,-1.7200105826007288,-1.7038052717791956,-1.1327255407916468,-4.617806855832235,-4.890412036572592,0.693058967590332,-1.2783173588104546e-05,-0.0,0.0,0.0,0.0,0.0,0.0,0.0,0.0,0.0,0.0,0.0,0
1785980509,869844436,100.0,-1.720046345387594,-1.703757111226217,-1.1327016989337366,-4.6177828947650355,-4.890387598668234,0.693058967590332,-1.2783173588104546e-05,-0.0,0.0,0.0,0.0,0.0,0.0,0.0,0.0,0.0,0.0,0.0,0
1785980509,889591217,100.0,-1.720034424458639,-1.7037809530841272,-1.1327016989337366,-4.617758814488546,-4.890363637601034,0.6930949091911316,-1.2783173588104546e-05,-0.0,0.0,0.0,0.0,0.0,0.0,0.0,0.0,0.0,0.0,0.0,0
1785980509,909886837,100.0,-1.7200225035296839,-1.7038410345660608,-1.1327737013446253,-4.6177348534213465,-4.890375677739279,0.6930230259895325,-1.2783173588104546e-05,-0.0,0.0,0.0,0.0,0.0,0.0,0.0,0.0,0.0,0.0,0.0,0
1785980509,929663419,100.0,-1.720034424458639,-1.7038167158709925,-1.1327374617206019,-4.617806855832235,-4.890435997639791,0.6930469870567322,-1.2783173588104546e-05,-0.0,0.0,0.0,0.0,0.0,0.0,0.0,0.0,0.0,0.0,0.0,0
1785980509,949816226,100.0,-1.7200582663165491,-1.7037809530841272,-1.132761303578512,-4.617806855832235,-4.890447918568746,0.6930110454559326,-1.2783173588104546e-05,-0.0,0.0,0.0,0.0,0.0,0.0,0.0,0.0,0.0,0.0,0.0,0
1785980509,969570636,100.0,-1.7200105826007288,-1.703757111226217,-1.1327016989337366,-4.61781877676119,-4.890387598668234,0.6930469870567322,-1.2783173588104546e-05,-0.0,0.0,0.0,0.0,0.0,0.0,0.0,0.0,0.0,0.0,0.0,0
1785980509,989852428,100.0,-1.720046345387594,-1.7038291136371058,-1.132749382649557,-4.617806855832235,-4.890423957501547,0.6929990649223328,-1.2783173588104546e-05,-0.0,0.0,0.0,0.0,0.0,0.0,0.0,0.0,0.0,0.0,0.0,0
1785980510,9716987,100.0,-1.7200105826007288,-1.7038291136371058,-1.1327136198626917,-4.617770854626791,-4.890387598668234,0.6930709481239319,-1.2783173588104546e-05,-0.0,0.0,0.0,0.0,0.0,0.0,0.0,0.0,0.0,0.0,0.0,0
1785980510,29849529,100.0,-1.720034424458639,-1.7037928740130823,-1.132749382649557,-4.6177948156939905,-4.890375677739279,0.6930230259895325,-1.2783173588104546e-05,-0.0,0.0,0.0,0.0,0.0,0.0,0.0,0.0,0.0,0.0,0.0,0
1785980510,49550294,100.0,-1.7199862639056605,-1.7038167158709925,-1.1327374617206019,-4.617770854626791,-4.890447918568746,0.6929990649223328,-1.2783173588104546e-05,-0.0,0.0,0.0,0.0,0.0,0.0,0.0,0.0,0.0,0.0,0.0,0
1785980510,69801807,100.0,-1.7200105826007288,-1.703757111226217,-1.1327374617206019,-4.617722932492391,-4.890459958706991,0.6930469870567322,-1.2783173588104546e-05,-0.0,0.0,0.0,0.0,0.0,0.0,0.0,0.0,0.0,0.0,0.0,0
1785980510,89683771,100.0,-1.7199743429767054,-1.7038167158709925,-1.1326897780047815,-4.617746893559591,-4.890423957501547,0.6930230259895325,-1.2783173588104546e-05,-0.0,0.0,0.0,0.0,0.0,0.0,0.0,0.0,0.0,0.0,0.0,0
1785980510,109829425,100.0,-1.7199743429767054,-1.7038052717791956,-1.1327255407916468,-4.6177828947650355,-4.890435997639791,0.6930230259895325,-1.2783173588104546e-05,-0.0,0.0,0.0,0.0,0.0,0.0,0.0,0.0,0.0,0.0,0.0,0
1785980510,129602909,100.0,-1.720046345387594,-1.7038167158709925,-1.1327136198626917,-4.617758814488546,-4.890435997639791,0.6930230259895325,-1.2783173588104546e-05,-0.0,0.0,0.0,0.0,0.0,0.0,0.0,0.0,0.0,0.0,0.0,0
1785980510,149725675,100.0,-1.7199743429767054,-1.7038052717791956,-1.132749382649557,-4.6177948156939905,-4.890423957501547,0.6930230259895325,-1.2783173588104546e-05,-0.0,0.0,0.0,0.0,0.0,0.0,0.0,0.0,0.0,0.0,0.0,0
1785980510,169543981,100.0,-1.7200225035296839,-1.7038167158709925,-1.132749382649557,-4.6177828947650355,-4.890423957501547,0.6930469870567322,-1.2783173588104546e-05,-0.0,0.0,0.0,0.0,0.0,0.0,0.0,0.0,0.0,0.0,0.0,0
1785980510,189833879,100.0,-1.7200105826007288,-1.703852955495016,-1.1327374617206019,-4.61781877676119,-4.890435997639791,0.6930110454559326,-1.2783173588104546e-05,-0.0,0.0,0.0,0.0,0.0,0.0,0.0,0.0,0.0,0.0,0.0,0
1785980510,209616661,100.0,-1.7199862639056605,-1.7037928740130823,-1.1327374617206019,-4.6177948156939905,-4.890387598668234,0.6930110454559326,-1.2783173588104546e-05,-0.0,0.0,0.0,0.0,0.0,0.0,0.0,0.0,0.0,0.0,0.0,0
1785980510,229789733,100.0,-1.7200225035296839,-1.7037809530841272,-1.1327136198626917,-4.617806855832235,-4.890423957501547,0.693058967590332,-1.2783173588104546e-05,-0.0,0.0,0.0,0.0,0.0,0.0,0.0,0.0,0.0,0.0,0.0,0
1785980510,249689340,100.0,-1.7200105826007288,-1.7038291136371058,-1.1327016989337366,-4.6177828947650355,-4.890399638806478,0.693058967590332,-1.2783173588104546e-05,-0.0,0.0,0.0,0.0,0.0,0.0,0.0,0.0,0.0,0.0,0.0,0
1785980510,269731283,100.0,-1.720046345387594,-1.7038052717791956,-1.132761303578512,-4.617746893559591,-4.890412036572592,0.6929990649223328,-1.2783173588104546e-05,-0.0,0.0,0.0,0.0,0.0,0.0,0.0,0.0,0.0,0.0,0.0,0
1785980510,289611339,100.0,-1.7200225035296839,-1.7038167158709925,-1.1327255407916468,-4.617806855832235,-4.890435997639791,0.6930469870567322,-1.2783173588104546e-05,-0.0,0.0,0.0,0.0,0.0,0.0,0.0,0.0,0.0,0.0,0.0,0
1785980510,309838533,100.0,-1.720046345387594,-1.703876797352926,-1.1327255407916468,-4.6177348534213465,-4.890375677739279,0.6930110454559326,-1.2783173588104546e-05,-0.0,0.0,0.0,0.0,0.0,0.0,0.0,0.0,0.0,0.0,0.0,0
1785980510,329636573,100.0,-1.720034424458639,-1.7038291136371058,-1.1327374617206019,-4.617806855832235,-4.890399638806478,0.6930230259895325,-1.2783173588104546e-05,-0.0,0.0,0.0,0.0,0.0,0.0,0.0,0.0,0.0,0.0,0.0,0
1785980510,349718332,100.0,-1.7200582663165491,-1.7038291136371058,-1.1327737013446253,-4.617758814488546,-4.890423957501547,0.6930469870567322,-1.2783173588104546e-05,-0.0,0.0,0.0,0.0,0.0,0.0,0.0,0.0,0.0,0.0,0.0,0
1785980510,369575977,100.0,-1.7200701872455042,-1.7038410345660608,-1.1327374617206019,-4.617770854626791,-4.890435997639791,0.6930350065231323,-1.2783173588104546e-05,-0.0,0.0,0.0,0.0,0.0,0.0,0.0,0.0,0.0,0.0,0.0,0
1785980510,389805793,100.0,-1.7200105826007288,-1.7037809530841272,-1.1327975432025355,-4.61784273782839,-4.890423957501547,0.6930110454559326,-1.2783173588104546e-05,-0.0,0.0,0.0,0.0,0.0,0.0,0.0,0.0,0.0,0.0,0.0,0
1785980510,409715652,100.0,-1.7200821081744593,-1.7038167158709925,-1.1327737013446253,-4.6177828947650355,-4.890423957501547,0.6930350065231323,-1.2783173588104546e-05,-0.0,0.0,0.0,0.0,0.0,0.0,0.0,0.0,0.0,0.0,0.0,0
1785980510,429866790,100.0,-1.7199862639056605,-1.7038052717791956,-1.1327374617206019,-4.617830816899435,-4.890423957501547,0.6929870843887329,-1.2783173588104546e-05,-0.0,0.0,0.0,0.0,0.0,0.0,0.0,0.0,0.0,0.0,0.0,0
1785980510,449637174,100.0,-1.7199981848346155,-1.703745190297262,-1.132761303578512,-4.617770854626791,-4.890412036572592,0.6929990649223328,-1.2783173588104546e-05,-0.0,0.0,0.0,0.0,0.0,0.0,0.0,0.0,0.0,0.0,0.0,0
1785980510,469757080,100.0,-1.7199743429767054,-1.7038291136371058,-1.1326897780047815,-4.617770854626791,-4.890412036572592,0.6930469870567322,-1.2783173588104546e-05,-0.0,0.0,0.0,0.0,0.0,0.0,0.0,0.0,0.0,0.0,0.0,0
1785980510,489696741,100.0,-1.7200582663165491,-1.7037928740130823,-1.132761303578512,-4.617746893559591,-4.890387598668234,0.6930110454559326,-1.2783173588104546e-05,-0.0,0.0,0.0,0.0,0.0,0.0,0.0,0.0,0.0,0.0,0.0,0
1785980510,509787797,100.0,-1.720046345387594,-1.7038167158709925,-1.132749382649557,-4.617758814488546,-4.890412036572592,0.6930110454559326,-1.2783173588104546e-05,-0.0,0.0,0.0,0.0,0.0,0.0,0.0,0.0,0.0,0.0,0.0,0
1785980510,529633522,100.0,-1.720046345387594,-1.703852955495016,-1.132749382649557,-4.617758814488546,-4.890399638806478,0.6930110454559326,-1.2783173588104546e-05,-0.0,0.0,0.0,0.0,0.0,0.0,0.0,0.0,0.0,0.0,0.0,0
1785980510,549791812,100.0,-1.7199981848346155,-1.7037809530841272,-1.1327737013446253,-4.617758814488546,-4.890459958706991,0.6930469870567322,-1.2783173588104546e-05,-0.0,0.0,0.0,0.0,0.0,0.0,0.0,0.0,0.0,0.0,0.0,0
1785980510,569617509,100.0,-1.7200701872455042,-1.703852955495016,-1.132749382649557,-4.617746893559591,-4.890412036572592,0.6930469870567322,-1.2783173588104546e-05,-0.0,0.0,0.0,0.0,0.0,0.0,0.0,0.0,0.0,0.0,0.0,0
1785980510,589760541,100.0,-1.7200105826007288,-1.7037809530841272,-1.132749382649557,-4.617770854626791,-4.890387598668234,0.6930110454559326,-1.2783173588104546e-05,-0.0,0.0,0.0,0.0,0.0,0.0,0.0,0.0,0.0,0.0,0.0,0
1785980510,609639167,100.0,-1.720046345387594,-1.7038291136371058,-1.132749382649557,-4.617746893559591,-4.890459958706991,0.6930230259895325,-1.2783173588104546e-05,-0.0,0.0,0.0,0.0,0.0,0.0,0.0,0.0,0.0,0.0,0.0,0
1785980510,629775762,100.0,-1.7200225035296839,-1.7037809530841272,-1.1327255407916468,-4.6177948156939905,-4.890399638806478,0.6930709481239319,-1.2783173588104546e-05,-0.0,0.0,0.0,0.0,0.0,0.0,0.0,0.0,0.0,0.0,0.0,0
1785980510,649666070,100.0,-1.7200225035296839,-1.7038291136371058,-1.132749382649557,-4.617722932492391,-4.890447918568746,0.6930110454559326,-1.2783173588104546e-05,-0.0,0.0,0.0,0.0,0.0,0.0,0.0,0.0,0.0,0.0,0.0,0
1785980510,669803619,100.0,-1.7199981848346155,-1.7038052717791956,-1.1327136198626917,-4.617806855832235,-4.890375677739279,0.6930469870567322,-1.2783173588104546e-05,-0.0,0.0,0.0,0.0,0.0,0.0,0.0,0.0,0.0,0.0,0.0,0
1785980510,689621210,100.0,-1.7200225035296839,-1.7037809530841272,-1.1327255407916468,-4.617758814488546,-4.890399638806478,0.693058967590332,-1.2783173588104546e-05,-0.0,0.0,0.0,0.0,0.0,0.0,0.0,0.0,0.0,0.0,0.0,0
1785980510,709834337,100.0,-1.7200225035296839,-1.7038291136371058,-1.132749382649557,-4.617758814488546,-4.890387598668234,0.6930230259895325,-1.2783173588104546e-05,-0.0,0.0,0.0,0.0,0.0,0.0,0.0,0.0,0.0,0.0,0.0,0
1785980510,729692459,100.0,-1.7200821081744593,-1.7038052717791956,-1.1327136198626917,-4.61781877676119,-4.890412036572592,0.6930350065231323,-1.2783173588104546e-05,-0.0,0.0,0.0,0.0,0.0,0.0,0.0,0.0,0.0,0.0,0.0,0
1785980510,749817848,100.0,-1.7200225035296839,-1.7038052717791956,-1.1327374617206019,-4.617806855832235,-4.890375677739279,0.6929990649223328,-1.2783173588104546e-05,-0.0,0.0,0.0,0.0,0.0,0.0,0.0,0.0,0.0,0.0,0.0,0
1785980510,769605875,100.0,-1.7200701872455042,-1.7037928740130823,-1.1327255407916468,-4.6177948156939905,-4.890459958706991,0.6929990649223328,-1.2783173588104546e-05,-0.0,0.0,0.0,0.0,0.0,0.0,0.0,0.0,0.0,0.0,0.0,0
1785980510,789838075,100.0,-1.720034424458639,-1.7038410345660608,-1.132749382649557,-4.6177948156939905,-4.890412036572592,0.693058967590332,-1.2783173588104546e-05,-0.0,0.0,0.0,0.0,0.0,0.0,0.0,0.0,0.0,0.0,0.0,0
1785980510,809646129,100.0,-1.7200105826007288,-1.7037809530841272,-1.132761303578512,-4.6177828947650355,-4.890435997639791,0.6930350065231323,-1.2783173588104546e-05,-0.0,0.0,0.0,0.0,0.0,0.0,0.0,0.0,0.0,0.0,0.0,0
1785980510,829725265,100.0,-1.720046345387594,-1.703757111226217,-1.1327255407916468,-4.61781877676119,-4.890423957501547,0.6930469870567322,-1.2783173588104546e-05,-0.0,0.0,0.0,0.0,0.0,0.0,0.0,0.0,0.0,0.0,0.0,0
1785980510,849603176,100.0,-1.720046345387594,-1.7038052717791956,-1.1327374617206019,-4.6177828947650355,-4.890375677739279,0.6930350065231323,-1.2783173588104546e-05,-0.0,0.0,0.0,0.0,0.0,0.0,0.0,0.0,0.0,0.0,0.0,0
1785980510,869821786,100.0,-1.7200821081744593,-1.703852955495016,-1.1327136198626917,-4.6177828947650355,-4.890399638806478,0.6930949091911316,-1.2783173588104546e-05,-0.0,0.0,0.0,0.0,0.0,0.0,0.0,0.0,0.0,0.0,0.0,0
1785980510,889636278,100.0,-1.7200225035296839,-1.7038167158709925,-1.1327136198626917,-4.617770854626791,-4.890399638806478,0.693058967590332,-1.2783173588104546e-05,-0.0,0.0,0.0,0.0,0.0,0.0,0.0,0.0,0.0,0.0,0.0,0
1785980510,909877777,100.0,-1.7199862639056605,-1.7038167158709925,-1.1327374617206019,-4.6177828947650355,-4.890412036572592,0.6930469870567322,-1.2783173588104546e-05,-0.0,0.0,0.0,0.0,0.0,0.0,0.0,0.0,0.0,0.0,0.0,0
1785980510,929651260,100.0,-1.7200701872455042,-1.703757111226217,-1.1327374617206019,-4.6177948156939905,-4.890412036572592,0.6930110454559326,-1.2783173588104546e-05,-0.0,0.0,0.0,0.0,0.0,0.0,0.0,0.0,0.0,0.0,0.0,0
1785980510,949737787,100.0,-1.720046345387594,-1.7037809530841272,-1.1327856222735804,-4.6177828947650355,-4.890399638806478,0.6930230259895325,-1.2783173588104546e-05,-0.0,0.0,0.0,0.0,0.0,0.0,0.0,0.0,0.0,0.0,0.0,0
1785980510,969697237,100.0,-1.7200225035296839,-1.7038052717791956,-1.132749382649557,-4.6177348534213465,-4.890423957501547,0.6930230259895325,-1.2783173588104546e-05,-0.0,0.0,0.0,0.0,0.0,0.0,0.0,0.0,0.0,0.0,0.0,0
1785980510,989765882,100.0,-1.720034424458639,-1.7038167158709925,-1.132761303578512,-4.6177828947650355,-4.890435997639791,0.6930469870567322,-1.2783173588104546e-05,-0.0,0.0,0.0,0.0,0.0,0.0,0.0,0.0,0.0,0.0,0.0,0
1785980511,9684562,100.0,-1.720046345387594,-1.7038052717791956,-1.132749382649557,-4.6177828947650355,-4.890447918568746,0.6930709481239319,-1.2783173588104546e-05,-0.0,0.0,0.0,0.0,0.0,0.0,0.0,0.0,0.0,0.0,0.0,0
1785980511,29799461,100.0,-1.7200945059405726,-1.703852955495016,-1.132749382649557,-4.61781877676119,-4.890399638806478,0.6930350065231323,-1.2783173588104546e-05,-0.0,0.0,0.0,0.0,0.0,0.0,0.0,0.0,0.0,0.0,0.0,0
1785980511,49635648,100.0,-1.7200821081744593,-1.703745190297262,-1.1327255407916468,-4.617770854626791,-4.890399638806478,0.6929990649223328,-1.2783173588104546e-05,-0.0,0.0,0.0,0.0,0.0,0.0,0.0,0.0,0.0,0.0,0.0,0
1785980511,69765567,100.0,-1.7200701872455042,-1.7037690321551722,-1.1327374617206019,-4.617770854626791,-4.890447918568746,0.6930709481239319,-1.2783173588104546e-05,-0.0,0.0,0.0,0.0,0.0,0.0,0.0,0.0,0.0,0.0,0.0,0
1785980511,89618206,100.0,-1.7199862639056605,-1.7038410345660608,-1.132761303578512,-4.6177948156939905,-4.890399638806478,0.6929990649223328,-1.2783173588104546e-05,-0.0,0.0,0.0,0.0,0.0,0.0,0.0,0.0,0.0,0.0,0.0,0
1785980511,109936237,100.0,-1.7200701872455042,-1.7038167158709925,-1.1327737013446253,-4.61781877676119,-4.890435997639791,0.6930949091911316,-1.2783173588104546e-05,-0.0,0.0,0.0,0.0,0.0,0.0,0.0,0.0,0.0,0.0,0.0,0
1785980511,129614591,100.0,-1.7199981848346155,-1.7038410345660608,-1.1327737013446253,-4.6177828947650355,-4.890423957501547,0.6930709481239319,-1.2783173588104546e-05,-0.0,0.0,0.0,0.0,0.0,0.0,0.0,0.0,0.0,0.0,0.0,0
1785980511,149731874,100.0,-1.720034424458639,-1.703745190297262,-1.132761303578512,-4.617758814488546,-4.890387598668234,0.6930469870567322,-1.2783173588104546e-05,-0.0,0.0,0.0,0.0,0.0,0.0,0.0,0.0,0.0,0.0,0.0,0
1785980511,169662237,100.0,-1.7199981848346155,-1.7038052717791956,-1.1327136198626917,-4.61781877676119,-4.890447918568746,0.6930350065231323,-1.2783173588104546e-05,-0.0,0.0,0.0,0.0,0.0,0.0,0.0,0.0,0.0,0.0,0.0,0
1785980511,189842700,100.0,-1.7200105826007288,-1.7037690321551722,-1.1327136198626917,-4.6177348534213465,-4.890423957501547,0.6930230259895325,-1.2783173588104546e-05,-0.0,0.0,0.0,0.0,0.0,0.0,0.0,0.0,0.0,0.0,0.0,0
1785980511,209672927,100.0,-1.720034424458639,-1.7037809530841272,-1.1327374617206019,-4.617746893559591,-4.890412036572592,0.6930350065231323,0.0,-0.0,0.0,0.0,0.0,0.0,0.0,0.0,0.0,0.0,0.0,0.0,0
1785980511,229719400,100.0,-1.7200225035296839,-1.7037928740130823,-1.1327136198626917,-4.617770854626791,-4.890399638806478,0.6930469870567322,0.0,-0.0,0.0,0.0,0.0,0.0,0.0,0.0,0.0,0.0,0.0,0.0,0
1785980511,249558210,100.0,-1.720046345387594,-1.7037690321551722,-1.132749382649557,-4.617770854626791,-4.890363637601034,0.6929751038551331,0.0,-0.0,0.0,0.0,0.0,0.0,0.0,0.0,0.0,0.0,0.0,0.0,0
1785980511,269809007,100.0,-1.7200582663165491,-1.7038167158709925,-1.132749382649557,-4.617770854626791,-4.890435997639791,0.6930230259895325,0.0,-0.0,0.0,0.0,0.0,0.0,0.0,0.0,0.0,0.0,0.0,0.0,0
1785980511,289591789,100.0,-1.7199981848346155,-1.703757111226217,-1.132749382649557,-4.617770854626791,-4.890435997639791,0.6929990649223328,0.0,-0.0,0.0,0.0,0.0,0.0,0.0,0.0,0.0,0.0,0.0,0.0,0
1785980511,309883117,100.0,-1.720034424458639,-1.7037928740130823,-1.1327255407916468,-4.6177348534213465,-4.890399638806478,0.6930469870567322,0.0,-0.0,0.0,0.0,0.0,0.0,0.0,0.0,0.0,0.0,0.0,0.0,0
1785980511,329635858,100.0,-1.7200945059405726,-1.7038167158709925,-1.132749382649557,-4.6177948156939905,-4.890459958706991,0.6929990649223328,0.0,-0.0,0.0,0.0,0.0,0.0,0.0,0.0,0.0,0.0,0.0,0.0,0
1785980511,349782228,100.0,-1.7200105826007288,-1.7038291136371058,-1.132761303578512,-4.6177828947650355,-4.890399638806478,0.6929990649223328,0.0,-0.0,0.0,0.0,0.0,0.0,0.0,0.0,0.0,0.0,0.0,0.0,0
1785980511,369592905,100.0,-1.7200225035296839,-1.7038291136371058,-1.1327856222735804,-4.617758814488546,-4.890447918568746,0.6929870843887329,0.0,-0.0,0.0,0.0,0.0,0.0,0.0,0.0,0.0,0.0,0.0,0.0,0
1785980511,389810323,100.0,-1.720034424458639,-1.703852955495016,-1.1327255407916468,-4.617770854626791,-4.890447918568746,0.6929990649223328,0.0,-0.0,0.0,0.0,0.0,0.0,0.0,0.0,0.0,0.0,0.0,0.0,0
1785980511,409730672,100.0,-1.7200225035296839,-1.7038052717791956,-1.1327856222735804,-4.617746893559591,-4.890412036572592,0.6930350065231323,0.0,-0.0,0.0,0.0,0.0,0.0,0.0,0.0,0.0,0.0,0.0,0.0,0
1785980511,429754972,100.0,-1.720034424458639,-1.7038052717791956,-1.132749382649557,-4.617758814488546,-4.890363637601034,0.693058967590332,0.0,-0.0,0.0,0.0,0.0,0.0,0.0,0.0,0.0,0.0,0.0,0.0,0
1785980511,449629545,100.0,-1.7200582663165491,-1.7037809530841272,-1.1327255407916468,-4.617758814488546,-4.890399638806478,0.6930230259895325,0.0,-0.0,0.0,0.0,0.0,0.0,0.0,0.0,0.0,0.0,0.0,0.0,0
1785980511,469754695,100.0,-1.720034424458639,-1.7037809530841272,-1.1327737013446253,-4.6177348534213465,-4.890412036572592,0.6930469870567322,0.0,-0.0,0.0,0.0,0.0,0.0,0.0,0.0,0.0,0.0,0.0,0.0,0
1785980511,489835023,100.0,-1.720034424458639,-1.7037928740130823,-1.1327374617206019,-4.617758814488546,-4.890435997639791,0.6930350065231323,0.0,-0.0,0.0,0.0,0.0,0.0,0.0,0.0,0.0,0.0,0.0,0.0,0
1785980511,509817361,100.0,-1.7200105826007288,-1.7038291136371058,-1.1327255407916468,-4.6177948156939905,-4.890387598668234,0.693058967590332,0.0,-0.0,0.0,0.0,0.0,0.0,0.0,0.0,0.0,0.0,0.0,0.0,0
1785980511,529640436,100.0,-1.720034424458639,-1.7038167158709925,-1.1327255407916468,-4.6177828947650355,-4.890399638806478,0.6930110454559326,0.0,-0.0,0.0,0.0,0.0,0.0,0.0,0.0,0.0,0.0,0.0,0.0,0
1785980511,549773216,100.0,-1.7199862639056605,-1.7037928740130823,-1.132761303578512,-4.617770854626791,-4.890412036572592,0.6930230259895325,0.0,-0.0,0.0,0.0,0.0,0.0,0.0,0.0,0.0,0.0,0.0,0.0,0
1785980511,569730997,100.0,-1.720046345387594,-1.7038052717791956,-1.1327136198626917,-4.6177828947650355,-4.890447918568746,0.6929990649223328,0.0,-0.0,0.0,0.0,0.0,0.0,0.0,0.0,0.0,0.0,0.0,0.0,0
1785980511,589768886,100.0,-1.7200225035296839,-1.703757111226217,-1.1327016989337366,-4.617770854626791,-4.890423957501547,0.6930350065231323,0.0,-0.0,0.0,0.0,0.0,0.0,0.0,0.0,0.0,0.0,0.0,0.0,0
1785980511,609625577,100.0,-1.7200701872455042,-1.7038167158709925,-1.1327374617206019,-4.617758814488546,-4.890435997639791,0.6930110454559326,0.0,-0.0,0.0,0.0,0.0,0.0,0.0,0.0,0.0,0.0,0.0,0.0,0
1785980511,629835367,100.0,-1.720046345387594,-1.7037928740130823,-1.1326897780047815,-4.6177948156939905,-4.890412036572592,0.6930469870567322,0.0,-0.0,0.0,0.0,0.0,0.0,0.0,0.0,0.0,0.0,0.0,0.0,0
1785980511,649606943,100.0,-1.7200225035296839,-1.7037928740130823,-1.132749382649557,-4.617758814488546,-4.890399638806478,0.6929990649223328,0.0,-0.0,0.0,0.0,0.0,0.0,0.0,0.0,0.0,0.0,0.0,0.0,0
1785980511,669717550,100.0,-1.720046345387594,-1.7037809530841272,-1.1327374617206019,-4.6177828947650355,-4.890435997639791,0.6930469870567322,0.0,-0.0,0.0,0.0,0.0,0.0,0.0,0.0,0.0,0.0,0.0,0.0,0
1785980511,689549207,100.0,-1.720046345387594,-1.7038167158709925,-1.1327856222735804,-4.617758814488546,-4.890423957501547,0.693058967590332,0.0,-0.0,0.0,0.0,0.0,0.0,0.0,0.0,0.0,0.0,0.0,0.0,0
1785980511,709877014,100.0,-1.7200105826007288,-1.7037928740130823,-1.132749382649557,-4.6177828947650355,-4.890399638806478,0.693058967590332,0.0,-0.0,0.0,0.0,0.0,0.0,0.0,0.0,0.0,0.0,0.0,0.0,0
1785980511,729611635,100.0,-1.720046345387594,-1.7037809530841272,-1.1327016989337366,-4.6177948156939905,-4.890423957501547,0.6930469870567322,0.0,-0.0,0.0,0.0,0.0,0.0,0.0,0.0,0.0,0.0,0.0,0.0,0
1785980511,749798774,100.0,-1.7200225035296839,-1.7037928740130823,-1.1327374617206019,-4.617770854626791,-4.890375677739279,0.6930110454559326,0.0,-0.0,0.0,0.0,0.0,0.0,0.0,0.0,0.0,0.0,0.0,0.0,0
1785980511,769659996,100.0,-1.7200582663165491,-1.7038291136371058,-1.1327255407916468,-4.617770854626791,-4.890412036572592,0.6930110454559326,0.0,-0.0,0.0,0.0,0.0,0.0,0.0,0.0,0.0,0.0,0.0,0.0,0
1785980511,789818763,100.0,-1.7200105826007288,-1.703757111226217,-1.1327255407916468,-4.6177828947650355,-4.890387598668234,0.693058967590332,0.0,-0.0,0.0,0.0,0.0,0.0,0.0,0.0,0.0,0.0,0.0,0.0,0
1785980511,809802532,100.0,-1.7200105826007288,-1.703852955495016,-1.1326897780047815,-4.6177948156939905,-4.890447918568746,0.6930350065231323,0.0,-0.0,0.0,0.0,0.0,0.0,0.0,0.0,0.0,0.0,0.0,0.0,0
1785980511,829826354,100.0,-1.7199981848346155,-1.7037690321551722,-1.132761303578512,-4.6177948156939905,-4.890399638806478,0.6929990649223328,0.0,-0.0,0.0,0.0,0.0,0.0,0.0,0.0,0.0,0.0,0.0,0.0,0
1785980511,849632740,100.0,-1.7200701872455042,-1.7037928740130823,-1.1327255407916468,-4.617758814488546,-4.890435997639791,0.6930110454559326,0.0,-0.0,0.0,0.0,0.0,0.0,0.0,0.0,0.0,0.0,0.0,0.0,0
1785980511,869730710,100.0,-1.720034424458639,-1.7037690321551722,-1.1327255407916468,-4.6177948156939905,-4.890423957501547,0.6930469870567322,0.0,-0.0,0.0,0.0,0.0,0.0,0.0,0.0,0.0,0.0,0.0,0.0,0
1785980511,889709472,100.0,-1.720046345387594,-1.703852955495016,-1.1327856222735804,-4.617806855832235,-4.890399638806478,0.693058967590332,0.0,-0.0,0.0,0.0,0.0,0.0,0.0,0.0,0.0,0.0,0.0,0.0,0
1785980511,909888267,100.0,-1.7200105826007288,-1.7038052717791956,-1.1327255407916468,-4.617758814488546,-4.890423957501547,0.6930469870567322,0.0,-0.0,0.0,0.0,0.0,0.0,0.0,0.0,0.0,0.0,0.0,0.0,0
1785980511,929646492,100.0,-1.7200225035296839,-1.7038167158709925,-1.132749382649557,-4.6177828947650355,-4.890435997639791,0.6930469870567322,0.0,-0.0,0.0,0.0,0.0,0.0,0.0,0.0,0.0,0.0,0.0,0.0,0
1785980511,949775218,100.0,-1.7199862639056605,-1.7037690321551722,-1.1327255407916468,-4.61784273782839,-4.890399638806478,0.6930829286575317,0.0,-0.0,0.0,0.0,0.0,0.0,0.0,0.0,0.0,0.0,0.0,0.0,0
1785980511,969627618,100.0,-1.720046345387594,-1.7037928740130823,-1.1327374617206019,-4.6177948156939905,-4.890399638806478,0.6930709481239319,0.0,-0.0,0.0,0.0,0.0,0.0,0.0,0.0,0.0,0.0,0.0,0.0,0
1785980511,989811182,100.0,-1.7200225035296839,-1.7037928740130823,-1.1327255407916468,-4.61781877676119,-4.890435997639791,0.6930949091911316,0.0,-0.0,0.0,0.0,0.0,0.0,0.0,0.0,0.0,0.0,0.0,0.0,0
1785980512,9682655,100.0,-1.7200225035296839,-1.7038167158709925,-1.132749382649557,-4.617758814488546,-4.890399638806478,0.6930230259895325,0.0,-0.0,0.0,0.0,0.0,0.0,0.0,0.0,0.0,0.0,0.0,0.0,0
1785980512,29877424,100.0,-1.7200701872455042,-1.7037809530841272,-1.1327374617206019,-4.6177828947650355,-4.890412036572592,0.693058967590332,0.0,-0.0,0.0,0.0,0.0,0.0,0.0,0.0,0.0,0.0,0.0,0.0,0
1785980512,49615859,100.0,-1.7200582663165491,-1.7038410345660608,-1.132749382649557,-4.617806855832235,-4.890375677739279,0.6930110454559326,0.0,-0.0,0.0,0.0,0.0,0.0,0.0,0.0,0.0,0.0,0.0,0.0,0
1785980512,69839477,100.0,-1.7200582663165491,-1.7037809530841272,-1.1327255407916468,-4.617722932492391,-4.890412036572592,0.6930469870567322,0.0,-0.0,0.0,0.0,0.0,0.0,0.0,0.0,0.0,0.0,0.0,0.0,0
1785980512,89695215,100.0,-1.7199743429767054,-1.7037690321551722,-1.132761303578512,-4.617758814488546,-4.890375677739279,0.6930469870567322,0.0,-0.0,0.0,0.0,0.0,0.0,0.0,0.0,0.0,0.0,0.0,0.0,0
1785980512,109829425,100.0,-1.720034424458639,-1.7037928740130823,-1.132749382649557,-4.617806855832235,-4.890423957501547,0.6929990649223328,0.0,-0.0,0.0,0.0,0.0,0.0,0.0,0.0,0.0,0.0,0.0,0.0,0
1785980512,129648923,100.0,-1.7200701872455042,-1.7037928740130823,-1.1327374617206019,-4.617770854626791,-4.890387598668234,0.6930469870567322,0.0,-0.0,0.0,0.0,0.0,0.0,0.0,0.0,0.0,0.0,0.0,0.0,0
1785980512,149789094,100.0,-1.7200105826007288,-1.7038052717791956,-1.1327737013446253,-4.617746893559591,-4.890435997639791,0.6929990649223328,0.0,-0.0,0.0,0.0,0.0,0.0,0.0,0.0,0.0,0.0,0.0,0.0,0
1785980512,169724941,100.0,-1.7199981848346155,-1.7037809530841272,-1.1327255407916468,-4.6177348534213465,-4.890423957501547,0.6930469870567322,0.0,-0.0,0.0,0.0,0.0,0.0,0.0,0.0,0.0,0.0,0.0,0.0,0
1785980512,189827919,100.0,-1.720034424458639,-1.7038291136371058,-1.1327737013446253,-4.617770854626791,-4.890423957501547,0.6930709481239319,0.0,-0.0,0.0,0.0,0.0,0.0,0.0,0.0,0.0,0.0,0.0,0.0,0
1785980512,209587097,100.0,-1.7200821081744593,-1.7037690321551722,-1.1327856222735804,-4.617746893559591,-4.890423957501547,0.6930469870567322,0.0,-0.0,0.0,0.0,0.0,0.0,0.0,0.0,0.0,0.0,0.0,0.0,0
1785980512,229796886,100.0,-1.720046345387594,-1.7037690321551722,-1.132749382649557,-4.6177948156939905,-4.890363637601034,0.6930230259895325,0.0,-0.0,0.0,0.0,0.0,0.0,0.0,0.0,0.0,0.0,0.0,0.0,0
1785980512,249710083,100.0,-1.7200225035296839,-1.7038410345660608,-1.132749382649557,-4.617806855832235,-4.890447918568746,0.6930350065231323,0.0,-0.0,0.0,0.0,0.0,0.0,0.0,0.0,0.0,0.0,0.0,0.0,0
1785980512,269729375,100.0,-1.7199862639056605,-1.7037690321551722,-1.1327374617206019,-4.6177348534213465,-4.890459958706991,0.6930829286575317,0.0,-0.0,0.0,0.0,0.0,0.0,0.0,0.0,0.0,0.0,0.0,0.0,0
1785980512,289845466,100.0,-1.720046345387594,-1.7037928740130823,-1.1328094641314905,-4.617758814488546,-4.890399638806478,0.693058967590332,0.0,-0.0,0.0,0.0,0.0,0.0,0.0,0.0,0.0,0.0,0.0,0.0,0
1785980512,309808731,100.0,-1.7200225035296839,-1.7038167158709925,-1.1327255407916468,-4.617758814488546,-4.890447918568746,0.693058967590332,0.0,-0.0,0.0,0.0,0.0,0.0,0.0,0.0,0.0,0.0,0.0,0.0,0
1785980512,329672336,100.0,-1.720046345387594,-1.7038052717791956,-1.1327374617206019,-4.6177828947650355,-4.890447918568746,0.6930469870567322,0.0,-0.0,0.0,0.0,0.0,0.0,0.0,0.0,0.0,0.0,0.0,0.0,0
1785980512,349726915,100.0,-1.720046345387594,-1.7038167158709925,-1.1327374617206019,-4.617758814488546,-4.890387598668234,0.6930469870567322,0.0,-0.0,0.0,0.0,0.0,0.0,0.0,0.0,0.0,0.0,0.0,0.0,0
1785980512,369649887,100.0,-1.720046345387594,-1.7038052717791956,-1.132749382649557,-4.617806855832235,-4.890447918568746,0.6930110454559326,0.0,-0.0,0.0,0.0,0.0,0.0,0.0,0.0,0.0,0.0,0.0,0.0,0
1785980512,389769792,100.0,-1.7200105826007288,-1.7037928740130823,-1.1327737013446253,-4.617770854626791,-4.890412036572592,0.6930829286575317,0.0,-0.0,0.0,0.0,0.0,0.0,0.0,0.0,0.0,0.0,0.0,0.0,0
1785980512,409749507,100.0,-1.7200225035296839,-1.7037690321551722,-1.1327374617206019,-4.6177348534213465,-4.890387598668234,0.6930469870567322,0.0,-0.0,0.0,0.0,0.0,0.0,0.0,0.0,0.0,0.0,0.0,0.0,0
1785980512,429883956,100.0,-1.720034424458639,-1.7037809530841272,-1.1327374617206019,-4.6177828947650355,-4.890387598668234,0.6930230259895325,0.0,-0.0,0.0,0.0,0.0,0.0,0.0,0.0,0.0,0.0,0.0,0.0,0
1785980512,449816942,100.0,-1.7200582663165491,-1.7038167158709925,-1.132761303578512,-4.617806855832235,-4.890412036572592,0.6929990649223328,0.0,-0.0,0.0,0.0,0.0,0.0,0.0,0.0,0.0,0.0,0.0,0.0,0
1785980512,469831228,100.0,-1.720046345387594,-1.7038167158709925,-1.1327136198626917,-4.617806855832235,-4.890375677739279,0.6930469870567322,0.0,-0.0,0.0,0.0,0.0,0.0,0.0,0.0,0.0,0.0,0.0,0.0,0
1785980512,489641904,100.0,-1.7199981848346155,-1.703757111226217,-1.1327374617206019,-4.6177948156939905,-4.890375677739279,0.6930110454559326,0.0,-0.0,0.0,0.0,0.0,0.0,0.0,0.0,0.0,0.0,0.0,0.0,0
1785980512,509786844,100.0,-1.7200225035296839,-1.703745190297262,-1.1327374617206019,-4.617806855832235,-4.890387598668234,0.693058967590332,0.0,-0.0,0.0,0.0,0.0,0.0,0.0,0.0,0.0,0.0,0.0,0.0,0
1785980512,529549121,100.0,-1.7200225035296839,-1.7038052717791956,-1.132761303578512,-4.617770854626791,-4.890399638806478,0.6930350065231323,0.0,-0.0,0.0,0.0,0.0,0.0,0.0,0.0,0.0,0.0,0.0,0.0,0
1785980512,549711704,100.0,-1.7199981848346155,-1.7037809530841272,-1.132749382649557,-4.617806855832235,-4.890435997639791,0.6930469870567322,0.0,-0.0,0.0,0.0,0.0,0.0,0.0,0.0,0.0,0.0,0.0,0.0,0
1785980512,569537162,100.0,-1.720046345387594,-1.7038167158709925,-1.1327255407916468,-4.6177948156939905,-4.890423957501547,0.6930469870567322,0.0,-0.0,0.0,0.0,0.0,0.0,0.0,0.0,0.0,0.0,0.0,0.0,0
1785980512,589734554,100.0,-1.7200701872455042,-1.7037809530841272,-1.1327737013446253,-4.617746893559591,-4.890435997639791,0.6930350065231323,0.0,-0.0,0.0,0.0,0.0,0.0,0.0,0.0,0.0,0.0,0.0,0.0,0
1785980512,609590768,100.0,-1.720046345387594,-1.7037928740130823,-1.132749382649557,-4.6177948156939905,-4.890447918568746,0.6930469870567322,0.0,-0.0,0.0,0.0,0.0,0.0,0.0,0.0,0.0,0.0,0.0,0.0,0
1785980512,629688501,100.0,-1.7200105826007288,-1.7038291136371058,-1.1327737013446253,-4.617770854626791,-4.890435997639791,0.6930949091911316,0.0,-0.0,0.0,0.0,0.0,0.0,0.0,0.0,0.0,0.0,0.0,0.0,0
1785980512,649622201,100.0,-1.7200225035296839,-1.703852955495016,-1.1327255407916468,-4.617758814488546,-4.890399638806478,0.6930230259895325,0.0,-0.0,0.0,0.0,0.0,0.0,0.0,0.0,0.0,0.0,0.0,0.0,0
1785980512,669726610,100.0,-1.7200105826007288,-1.7037809530841272,-1.1327136198626917,-4.617770854626791,-4.890435997639791,0.6930350065231323,0.0,-0.0,0.0,0.0,0.0,0.0,0.0,0.0,0.0,0.0,0.0,0.0,0
1785980512,689580917,100.0,-1.7200701872455042,-1.7037809530841272,-1.1327255407916468,-4.6177828947650355,-4.890423957501547,0.6930829286575317,0.0,-0.0,0.0,0.0,0.0,0.0,0.0,0.0,0.0,0.0,0.0,0.0,0
1785980512,709745883,100.0,-1.720046345387594,-1.7038291136371058,-1.132761303578512,-4.61781877676119,-4.890423957501547,0.6930350065231323,0.0,-0.0,0.0,0.0,0.0,0.0,0.0,0.0,0.0,0.0,0.0,0.0,0
1785980512,729561090,100.0,-1.720046345387594,-1.7038291136371058,-1.1327255407916468,-4.617746893559591,-4.890412036572592,0.6930469870567322,0.0,-0.0,0.0,0.0,0.0,0.0,0.0,0.0,0.0,0.0,0.0,0.0,0
1785980512,749720096,100.0,-1.7200821081744593,-1.7038410345660608,-1.1327374617206019,-4.6177828947650355,-4.890412036572592,0.6930829286575317,0.0,-0.0,0.0,0.0,0.0,0.0,0.0,0.0,0.0,0.0,0.0,0.0,0
1785980512,769612550,100.0,-1.7200945059405726,-1.7037928740130823,-1.1327374617206019,-4.617770854626791,-4.890435997639791,0.6930469870567322,0.0,-0.0,0.0,0.0,0.0,0.0,0.0,0.0,0.0,0.0,0.0,0.0,0
1785980512,789746522,100.0,-1.7200582663165491,-1.7038410345660608,-1.1327737013446253,-4.617770854626791,-4.890399638806478,0.6930230259895325,0.0,-0.0,0.0,0.0,0.0,0.0,0.0,0.0,0.0,0.0,0.0,0.0,0
1785980512,809618473,100.0,-1.7200105826007288,-1.7038291136371058,-1.1327374617206019,-4.61784273782839,-4.890412036572592,0.6930709481239319,0.0,-0.0,0.0,0.0,0.0,0.0,0.0,0.0,0.0,0.0,0.0,0.0,0
1785980512,829778432,100.0,-1.7200945059405726,-1.7037928740130823,-1.132761303578512,-4.617770854626791,-4.890412036572592,0.6930110454559326,0.0,-0.0,0.0,0.0,0.0,0.0,0.0,0.0,0.0,0.0,0.0,0.0,0
1785980512,849585294,100.0,-1.7200701872455042,-1.7038052717791956,-1.1327136198626917,-4.6177948156939905,-4.890387598668234,0.6930110454559326,0.0,-0.0,0.0,0.0,0.0,0.0,0.0,0.0,0.0,0.0,0.0,0.0,0
1785980512,869686603,100.0,-1.7200821081744593,-1.703852955495016,-1.132749382649557,-4.617770854626791,-4.890399638806478,0.6930350065231323,0.0,-0.0,0.0,0.0,0.0,0.0,0.0,0.0,0.0,0.0,0.0,0.0,0
1785980512,889675378,100.0,-1.7200701872455042,-1.7037928740130823,-1.1327136198626917,-4.617746893559591,-4.890435997639791,0.6930469870567322,0.0,-0.0,0.0,0.0,0.0,0.0,0.0,0.0,0.0,0.0,0.0,0.0,0
1785980512,909789800,100.0,-1.720034424458639,-1.7037928740130823,-1.132761303578512,-4.6177948156939905,-4.890423957501547,0.6930709481239319,0.0,-0.0,0.0,0.0,0.0,0.0,0.0,0.0,0.0,0.0,0.0,0.0,0
1785980512,929696559,100.0,-1.720034424458639,-1.7038052717791956,-1.1327016989337366,-4.6177948156939905,-4.890399638806478,0.693058967590332,0.0,-0.0,0.0,0.0,0.0,0.0,0.0,0.0,0.0,0.0,0.0,0.0,0
1785980512,949833154,100.0,-1.7200225035296839,-1.7038052717791956,-1.132749382649557,-4.617746893559591,-4.890387598668234,0.6930350065231323,0.0,-0.0,0.0,0.0,0.0,0.0,0.0,0.0,0.0,0.0,0.0,0.0,0
1785980512,969583034,100.0,-1.7200225035296839,-1.7037928740130823,-1.1327136198626917,-4.617758814488546,-4.890423957501547,0.6930230259895325,0.0,-0.0,0.0,0.0,0.0,0.0,0.0,0.0,0.0,0.0,0.0,0.0,0
1785980512,989737749,100.0,-1.7200105826007288,-1.7037928740130823,-1.1326897780047815,-4.617770854626791,-4.890399638806478,0.6930110454559326,0.0,-0.0,0.0,0.0,0.0,0.0,0.0,0.0,0.0,0.0,0.0,0.0,0
1785980513,9626388,100.0,-1.7200225035296839,-1.7038291136371058,-1.1327136198626917,-4.617770854626791,-4.890423957501547,0.6930230259895325,0.0,-0.0,0.0,0.0,0.0,0.0,0.0,0.0,0.0,0.0,0.0,0.0,0
1785980513,29681682,100.0,-1.7200945059405726,-1.7038410345660608,-1.1327737013446253,-4.6177828947650355,-4.890375677739279,0.6929990649223328,0.0,-0.0,0.0,0.0,0.0,0.0,0.0,0.0,0.0,0.0,0.0,0.0,0
1785980513,49621343,100.0,-1.7200225035296839,-1.7038052717791956,-1.132749382649557,-4.6177948156939905,-4.890387598668234,0.6929990649223328,0.0,-0.0,0.0,0.0,0.0,0.0,0.0,0.0,0.0,0.0,0.0,0.0,0
1785980513,69752216,100.0,-1.7200225035296839,-1.7037809530841272,-1.1327374617206019,-4.6177948156939905,-4.890447918568746,0.693058967590332,0.0,-0.0,0.0,0.0,0.0,0.0,0.0,0.0,0.0,0.0,0.0,0.0,0
1785980513,89585781,100.0,-1.7200225035296839,-1.7038291136371058,-1.132761303578512,-4.6177828947650355,-4.890435997639791,0.6930709481239319,0.0,-0.0,0.0,0.0,0.0,0.0,0.0,0.0,0.0,0.0,0.0,0.0,0
1785980513,109764814,100.0,-1.7200225035296839,-1.7037809530841272,-1.1327255407916468,-4.617758814488546,-4.890399638806478,0.6929990649223328,0.0,-0.0,0.0,0.0,0.0,0.0,0.0,0.0,0.0,0.0,0.0,0.0,0
1785980513,129616498,100.0,-1.7200582663165491,-1.7038167158709925,-1.1327374617206019,-4.6177828947650355,-4.890435997639791,0.6930709481239319,0.0,-0.0,0.0,0.0,0.0,0.0,0.0,0.0,0.0,0.0,0.0,0.0,0
1785980513,149736881,100.0,-1.720046345387594,-1.7037928740130823,-1.1327016989337366,-4.6177948156939905,-4.890387598668234,0.6930350065231323,0.0,-0.0,0.0,0.0,0.0,0.0,0.0,0.0,0.0,0.0,0.0,0.0,0
1785980513,169638156,100.0,-1.720034424458639,-1.7038052717791956,-1.1327374617206019,-4.6177948156939905,-4.890375677739279,0.6930110454559326,0.0,-0.0,0.0,0.0,0.0,0.0,0.0,0.0,0.0,0.0,0.0,0.0,0
1785980513,189665079,100.0,-1.7200225035296839,-1.7038052717791956,-1.132761303578512,-4.617770854626791,-4.890435997639791,0.6930829286575317,0.0,-0.0,0.0,0.0,0.0,0.0,0.0,0.0,0.0,0.0,0.0,0.0,0
1785980513,209591388,100.0,-1.7200582663165491,-1.7037690321551722,-1.1327856222735804,-4.617746893559591,-4.890447918568746,0.6930350065231323,0.0,-0.0,0.0,0.0,0.0,0.0,0.0,0.0,0.0,0.0,0.0,0.0,0
1785980513,229687213,100.0,-1.720046345387594,-1.7038167158709925,-1.132749382649557,-4.6177828947650355,-4.890375677739279,0.6929990649223328,0.0,-0.0,0.0,0.0,0.0,0.0,0.0,0.0,0.0,0.0,0.0,0.0,0
1785980513,249561786,100.0,-1.7200105826007288,-1.7038052717791956,-1.1326897780047815,-4.617770854626791,-4.890423957501547,0.6930110454559326,0.0,-0.0,0.0,0.0,0.0,0.0,0.0,0.0,0.0,0.0,0.0,0.0,0
1785980513,269675493,100.0,-1.7200582663165491,-1.7038052717791956,-1.1327255407916468,-4.617746893559591,-4.890423957501547,0.6930829286575317,0.0,-0.0,0.0,0.0,0.0,0.0,0.0,0.0,0.0,0.0,0.0,0.0,0
1785980513,289611577,100.0,-1.720046345387594,-1.7038410345660608,-1.1326897780047815,-4.6177348534213465,-4.890387598668234,0.6930350065231323,0.0,-0.0,0.0,0.0,0.0,0.0,0.0,0.0,0.0,0.0,0.0,0.0,0
1785980513,309683561,100.0,-1.7200582663165491,-1.703852955495016,-1.1327016989337366,-4.617758814488546,-4.890412036572592,0.6930469870567322,0.0,-0.0,0.0,0.0,0.0,0.0,0.0,0.0,0.0,0.0,0.0,0.0,0
1785980513,329524278,100.0,-1.720034424458639,-1.7038887182818812,-1.1327255407916468,-4.6177828947650355,-4.890435997639791,0.693058967590332,0.0,-0.0,0.0,0.0,0.0,0.0,0.0,0.0,0.0,0.0,0.0,0.0,0
1785980513,349679470,100.0,-1.720046345387594,-1.7038887182818812,-1.1327016989337366,-4.617770854626791,-4.890363637601034,0.6929870843887329,0.0,-0.0,0.0,0.0,0.0,0.0,0.0,0.0,0.0,0.0,0.0,0.0,0
1785980513,369544029,100.0,-1.7199862639056605,-1.7037690321551722,-1.1327975432025355,-4.617758814488546,-4.890375677739279,0.6930230259895325,0.0,-0.0,0.0,0.0,0.0,0.0,0.0,0.0,0.0,0.0,0.0,0.0,0
1785980513,389721870,100.0,-1.720046345387594,-1.7038167158709925,-1.1327016989337366,-4.617758814488546,-4.890412036572592,0.6930230259895325,0.0,-0.0,0.0,0.0,0.0,0.0,0.0,0.0,0.0,0.0,0.0,0.0,0
1785980513,409629583,100.0,-1.720046345387594,-1.7037809530841272,-1.1327856222735804,-4.617746893559591,-4.890412036572592,0.6930350065231323,0.0,-0.0,0.0,0.0,0.0,0.0,0.0,0.0,0.0,0.0,0.0,0.0,0
1785980513,429663181,100.0,-1.7200105826007288,-1.703745190297262,-1.1327136198626917,-4.617758814488546,-4.890459958706991,0.6930709481239319,0.0,-0.0,0.0,0.0,0.0,0.0,0.0,0.0,0.0,0.0,0.0,0.0,0
1785980513,449608087,100.0,-1.7200582663165491,-1.7037690321551722,-1.132749382649557,-4.617746893559591,-4.890387598668234,0.6930709481239319,0.0,-0.0,0.0,0.0,0.0,0.0,0.0,0.0,0.0,0.0,0.0,0.0,0
1785980513,469701051,100.0,-1.7199743429767054,-1.7037809530841272,-1.132761303578512,-4.617806855832235,-4.890435997639791,0.693058967590332,0.0,-0.0,0.0,0.0,0.0,0.0,0.0,0.0,0.0,0.0,0.0,0.0,0
1785980513,489585399,100.0,-1.7199862639056605,-1.7038410345660608,-1.132749382649557,-4.617746893559591,-4.890387598668234,0.6930469870567322,0.0,-0.0,0.0,0.0,0.0,0.0,0.0,0.0,0.0,0.0,0.0,0.0,0
1785980513,509692430,100.0,-1.7200225035296839,-1.7038410345660608,-1.1327255407916468,-4.617758814488546,-4.890375677739279,0.693058967590332,0.0,-0.0,0.0,0.0,0.0,0.0,0.0,0.0,0.0,0.0,0.0,0.0,0
1785980513,529578924,100.0,-1.7200225035296839,-1.703864876423971,-1.1327374617206019,-4.6177828947650355,-4.890435997639791,0.6930110454559326,0.0,-0.0,0.0,0.0,0.0,0.0,0.0,0.0,0.0,0.0,0.0,0.0,0
1785980513,549675941,100.0,-1.7200582663165491,-1.7037809530841272,-1.132761303578512,-4.617806855832235,-4.890435997639791,0.6930469870567322,0.0,-0.0,0.0,0.0,0.0,0.0,0.0,0.0,0.0,0.0,0.0,0.0,0
1785980513,569525718,100.0,-1.7200582663165491,-1.7037809530841272,-1.1327136198626917,-4.617770854626791,-4.890447918568746,0.6930230259895325,0.0,-0.0,0.0,0.0,0.0,0.0,0.0,0.0,0.0,0.0,0.0,0.0,0
1785980513,589687585,100.0,-1.7200582663165491,-1.7037690321551722,-1.1327136198626917,-4.617758814488546,-4.890423957501547,0.6930110454559326,0.0,-0.0,0.0,0.0,0.0,0.0,0.0,0.0,0.0,0.0,0.0,0.0,0
1785980513,609600067,100.0,-1.7200225035296839,-1.7038410345660608,-1.1327737013446253,-4.617758814488546,-4.890399638806478,0.6930829286575317,0.0,-0.0,0.0,0.0,0.0,0.0,0.0,0.0,0.0,0.0,0.0,0.0,0
1785980513,629733085,100.0,-1.7200821081744593,-1.7037928740130823,-1.1326897780047815,-4.6177828947650355,-4.890412036572592,0.6929990649223328,0.0,-0.0,0.0,0.0,0.0,0.0,0.0,0.0,0.0,0.0,0.0,0.0,0
1785980513,649600505,100.0,-1.7200105826007288,-1.7038167158709925,-1.132749382649557,-4.617770854626791,-4.890375677739279,0.6929870843887329,0.0,-0.0,0.0,0.0,0.0,0.0,0.0,0.0,0.0,0.0,0.0,0.0,0
1785980513,669672966,100.0,-1.7200225035296839,-1.7038167158709925,-1.132761303578512,-4.617770854626791,-4.890399638806478,0.693058967590332,0.0,-0.0,0.0,0.0,0.0,0.0,0.0,0.0,0.0,0.0,0.0,0.0,0
1785980513,689595460,100.0,-1.720046345387594,-1.703757111226217,-1.1327255407916468,-4.617758814488546,-4.890459958706991,0.6930350065231323,0.0,-0.0,0.0,0.0,0.0,0.0,0.0,0.0,0.0,0.0,0.0,0.0,0
1785980513,709697246,100.0,-1.7200225035296839,-1.7037809530841272,-1.1327255407916468,-4.6177348534213465,-4.890387598668234,0.6930829286575317,0.0,-0.0,0.0,0.0,0.0,0.0,0.0,0.0,0.0,0.0,0.0,0.0,0
1785980513,729549407,100.0,-1.7200701872455042,-1.7037690321551722,-1.132749382649557,-4.6177948156939905,-4.890435997639791,0.6930469870567322,0.0,-0.0,0.0,0.0,0.0,0.0,0.0,0.0,0.0,0.0,0.0,0.0,0
1785980513,749689102,100.0,-1.720034424458639,-1.7038052717791956,-1.1327374617206019,-4.6177948156939905,-4.890435997639791,0.6929990649223328,0.0,-0.0,0.0,0.0,0.0,0.0,0.0,0.0,0.0,0.0,0.0,0.0,0
1785980513,769531965,100.0,-1.7200225035296839,-1.703757111226217,-1.1327737013446253,-4.6177828947650355,-4.890412036572592,0.6929511427879333,0.0,-0.0,0.0,0.0,0.0,0.0,0.0,0.0,0.0,0.0,0.0,0.0,0
1785980513,789679050,100.0,-1.7199862639056605,-1.7038410345660608,-1.1327255407916468,-4.6177828947650355,-4.890423957501547,0.6930469870567322,0.0,-0.0,0.0,0.0,0.0,0.0,0.0,0.0,0.0,0.0,0.0,0.0,0
1785980513,809586763,100.0,-1.7199862639056605,-1.7038291136371058,-1.1327737013446253,-4.6177948156939905,-4.890387598668234,0.6930350065231323,0.0,-0.0,0.0,0.0,0.0,0.0,0.0,0.0,0.0,0.0,0.0,0.0,0
1785980513,829669475,100.0,-1.7200582663165491,-1.7038410345660608,-1.1327255407916468,-4.61781877676119,-4.890423957501547,0.6930230259895325,0.0,-0.0,0.0,0.0,0.0,0.0,0.0,0.0,0.0,0.0,0.0,0.0,0
1785980513,849589109,100.0,-1.7200582663165491,-1.703852955495016,-1.132749382649557,-4.617770854626791,-4.890412036572592,0.6929870843887329,0.0,-0.0,0.0,0.0,0.0,0.0,0.0,0.0,0.0,0.0,0.0,0.0,0
1785980513,869767904,100.0,-1.7200105826007288,-1.7038052717791956,-1.1327737013446253,-4.617770854626791,-4.890435997639791,0.6930469870567322,0.0,-0.0,0.0,0.0,0.0,0.0,0.0,0.0,0.0,0.0,0.0,0.0,0
1785980513,889606475,100.0,-1.720046345387594,-1.7037690321551722,-1.132749382649557,-4.6177828947650355,-4.890447918568746,0.6930350065231323,0.0,-0.0,0.0,0.0,0.0,0.0,0.0,0.0,0.0,0.0,0.0,0.0,0
1785980513,909712791,100.0,-1.7200225035296839,-1.703852955495016,-1.132749382649557,-4.617746893559591,-4.890375677739279,0.6929990649223328,0.0,-0.0,0.0,0.0,0.0,0.0,0.0,0.0,0.0,0.0,0.0,0.0,0
1785980513,929654121,100.0,-1.7200105826007288,-1.703864876423971,-1.1327136198626917,-4.6177948156939905,-4.890447918568746,0.6930350065231323,0.0,-0.0,0.0,0.0,0.0,0.0,0.0,0.0,0.0,0.0,0.0,0.0,0
1785980513,949764013,100.0,-1.7199981848346155,-1.7037928740130823,-1.132749382649557,-4.617746893559591,-4.890399638806478,0.6930709481239319,0.0,-0.0,0.0,0.0,0.0,0.0,0.0,0.0,0.0,0.0,0.0,0.0,0
1785980513,969559907,100.0,-1.7200225035296839,-1.7037809530841272,-1.1327856222735804,-4.617758814488546,-4.890412036572592,0.6930469870567322,0.0,-0.0,0.0,0.0,0.0,0.0,0.0,0.0,0.0,0.0,0.0,0.0,0
1785980513,989641427,100.0,-1.7200821081744593,-1.7038167158709925,-1.132761303578512,-4.617770854626791,-4.890435997639791,0.6929631233215332,0.0,-0.0,0.0,0.0,0.0,0.0,0.0,0.0,0.0,0.0,0.0,0.0,0
1785980514,9577751,100.0,-1.720046345387594,-1.7038052717791956,-1.1327136198626917,-4.6177948156939905,-4.890399638806478,0.6930110454559326,0.0,-0.0,0.0,0.0,0.0,0.0,0.0,0.0,0.0,0.0,0.0,0.0,0
1785980514,29756069,100.0,-1.720034424458639,-1.7037928740130823,-1.1327856222735804,-4.617770854626791,-4.890435997639791,0.6930350065231323,0.0,-0.0,0.0,0.0,0.0,0.0,0.0,0.0,0.0,0.0,0.0,0.0,0
1785980514,49552202,100.0,-1.7200945059405726,-1.7038052717791956,-1.132749382649557,-4.6177948156939905,-4.890447918568746,0.6930829286575317,0.0,-0.0,0.0,0.0,0.0,0.0,0.0,0.0,0.0,0.0,0.0,0.0,0
1785980514,69731473,100.0,-1.7200105826007288,-1.7037809530841272,-1.132749382649557,-4.617770854626791,-4.890387598668234,0.693058967590332,0.0,-0.0,0.0,0.0,0.0,0.0,0.0,0.0,0.0,0.0,0.0,0.0,0
1785980514,89609622,100.0,-1.7200225035296839,-1.7038167158709925,-1.1327374617206019,-4.617770854626791,-4.890399638806478,0.693058967590332,0.0,-0.0,0.0,0.0,0.0,0.0,0.0,0.0,0.0,0.0,0.0,0.0,0
1785980514,109764575,100.0,-1.720034424458639,-1.7037809530841272,-1.132749382649557,-4.617806855832235,-4.890447918568746,0.6930350065231323,0.0,-0.0,0.0,0.0,0.0,0.0,0.0,0.0,0.0,0.0,0.0,0.0,0
1785980514,129592657,100.0,-1.7200225035296839,-1.7037928740130823,-1.1327255407916468,-4.6177948156939905,-4.890387598668234,0.6930709481239319,0.0,-0.0,0.0,0.0,0.0,0.0,0.0,0.0,0.0,0.0,0.0,0.0,0
1785980514,149715185,100.0,-1.7200105826007288,-1.7037809530841272,-1.1327255407916468,-4.617746893559591,-4.890375677739279,0.6930230259895325,0.0,-0.0,0.0,0.0,0.0,0.0,0.0,0.0,0.0,0.0,0.0,0.0,0
1785980514,169601440,100.0,-1.720046345387594,-1.7038052717791956,-1.132749382649557,-4.617806855832235,-4.890399638806478,0.6930469870567322,0.0,-0.0,0.0,0.0,0.0,0.0,0.0,0.0,0.0,0.0,0.0,0.0,0
1785980514,189664840,100.0,-1.7200105826007288,-1.703864876423971,-1.1327374617206019,-4.617770854626791,-4.890399638806478,0.6930350065231323,0.0,-0.0,0.0,0.0,0.0,0.0,0.0,0.0,0.0,0.0,0.0,0.0,0
1785980514,209590435,100.0,-1.7199981848346155,-1.7038052717791956,-1.132749382649557,-4.617758814488546,-4.890399638806478,0.6929990649223328,0.0,-0.0,0.0,0.0,0.0,0.0,0.0,0.0,0.0,0.0,0.0,0.0,0
1785980514,229703187,100.0,-1.7200225035296839,-1.7038410345660608,-1.1327136198626917,-4.61781877676119,-4.890399638806478,0.6930350065231323,0.0,-0.0,0.0,0.0,0.0,0.0,0.0,0.0,0.0,0.0,0.0,0.0,0
1785980514,249580383,100.0,-1.7200225035296839,-1.7038410345660608,-1.1327016989337366,-4.617770854626791,-4.890387598668234,0.6930110454559326,0.0,-0.0,0.0,0.0,0.0,0.0,0.0,0.0,0.0,0.0,0.0,0.0,0
1785980514,269647598,100.0,-1.7200225035296839,-1.7037928740130823,-1.1327374617206019,-4.6177948156939905,-4.890399638806478,0.6930350065231323,0.0,-0.0,0.0,0.0,0.0,0.0,0.0,0.0,0.0,0.0,0.0,0.0,0
1785980514,289595365,100.0,-1.720046345387594,-1.7037928740130823,-1.1327255407916468,-4.617746893559591,-4.890459958706991,0.6930709481239319,0.0,-0.0,0.0,0.0,0.0,0.0,0.0,0.0,0.0,0.0,0.0,0.0,0
1785980514,309668540,100.0,-1.7200105826007288,-1.7037809530841272,-1.1326897780047815,-4.617758814488546,-4.890399638806478,0.6930350065231323,0.0,-0.0,0.0,0.0,0.0,0.0,0.0,0.0,0.0,0.0,0.0,0.0,0
1785980514,329684972,100.0,-1.7200701872455042,-1.7038167158709925,-1.1327737013446253,-4.6177828947650355,-4.890399638806478,0.693058967590332,0.0,-0.0,0.0,0.0,0.0,0.0,0.0,0.0,0.0,0.0,0.0,0.0,0
1785980514,349622488,100.0,-1.7200105826007288,-1.703852955495016,-1.1327374617206019,-4.6177828947650355,-4.890412036572592,0.6929870843887329,0.0,-0.0,0.0,0.0,0.0,0.0,0.0,0.0,0.0,0.0,0.0,0.0,0
1785980514,369569778,100.0,-1.720034424458639,-1.703757111226217,-1.1327255407916468,-4.617746893559591,-4.890447918568746,0.6930350065231323,0.0,-0.0,0.0,0.0,0.0,0.0,0.0,0.0,0.0,0.0,0.0,0.0,0
1785980514,389701366,100.0,-1.7200105826007288,-1.7038410345660608,-1.1327016989337366,-4.6177948156939905,-4.890435997639791,0.6930110454559326,0.0,-0.0,0.0,0.0,0.0,0.0,0.0,0.0,0.0,0.0,0.0,0.0,0
1785980514,409596204,100.0,-1.720034424458639,-1.7038052717791956,-1.132749382649557,-4.617758814488546,-4.890435997639791,0.6930230259895325,0.0,-0.0,0.0,0.0,0.0,0.0,0.0,0.0,0.0,0.0,0.0,0.0,0
1785980514,429711818,100.0,-1.720034424458639,-1.7037690321551722,-1.1327136198626917,-4.61781877676119,-4.890399638806478,0.6930110454559326,0.0,-0.0,0.0,0.0,0.0,0.0,0.0,0.0,0.0,0.0,0.0,0.0,0
1785980514,449615955,100.0,-1.7200105826007288,-1.7037809530841272,-1.1327136198626917,-4.6177948156939905,-4.890447918568746,0.6930829286575317,0.0,-0.0,0.0,0.0,0.0,0.0,0.0,0.0,0.0,0.0,0.0,0.0,0
1785980514,469681262,100.0,-1.7200225035296839,-1.7037690321551722,-1.1327374617206019,-4.617806855832235,-4.890387598668234,0.6930949091911316,0.0,-0.0,0.0,0.0,0.0,0.0,0.0,0.0,0.0,0.0,0.0,0.0,0
1785980514,489661455,100.0,-1.720034424458639,-1.7037809530841272,-1.1327856222735804,-4.6177948156939905,-4.890399638806478,0.693058967590332,0.0,-0.0,0.0,0.0,0.0,0.0,0.0,0.0,0.0,0.0,0.0,0.0,0
1785980514,509731531,100.0,-1.720046345387594,-1.703876797352926,-1.1327255407916468,-4.61781877676119,-4.890399638806478,0.693058967590332,0.0,-0.0,0.0,0.0,0.0,0.0,0.0,0.0,0.0,0.0,0.0,0.0,0
1785980514,529628276,100.0,-1.7200225035296839,-1.7038052717791956,-1.1327136198626917,-4.6177828947650355,-4.890375677739279,0.6930350065231323,0.0,-0.0,0.0,0.0,0.0,0.0,0.0,0.0,0.0,0.0,0.0,0.0,0
1785980514,549748182,100.0,-1.7200701872455042,-1.7038410345660608,-1.1327737013446253,-4.617770854626791,-4.890423957501547,0.6930469870567322,0.0,-0.0,0.0,0.0,0.0,0.0,0.0,0.0,0.0,0.0,0.0,0.0,0
1785980514,569566488,100.0,-1.720046345387594,-1.7038410345660608,-1.1327374617206019,-4.617770854626791,-4.890375677739279,0.6930110454559326,0.0,-0.0,0.0,0.0,0.0,0.0,0.0,0.0,0.0,0.0,0.0,0.0,0
1785980514,589701890,100.0,-1.720034424458639,-1.7038291136371058,-1.132749382649557,-4.6177948156939905,-4.890399638806478,0.6930469870567322,0.0,-0.0,0.0,0.0,0.0,0.0,0.0,0.0,0.0,0.0,0.0,0.0,0
1785980514,609660148,100.0,-1.7200105826007288,-1.7038052717791956,-1.132749382649557,-4.617770854626791,-4.890423957501547,0.6930709481239319,0.0,-0.0,0.0,0.0,0.0,0.0,0.0,0.0,0.0,0.0,0.0,0.0,0
1785980514,629734039,100.0,-1.7200225035296839,-1.7038167158709925,-1.1326897780047815,-4.617758814488546,-4.890423957501547,0.6930709481239319,0.0,-0.0,0.0,0.0,0.0,0.0,0.0,0.0,0.0,0.0,0.0,0.0,0
1785980514,649595499,100.0,-1.7200701872455042,-1.703757111226217,-1.132761303578512,-4.6177948156939905,-4.890435997639791,0.6930230259895325,0.0,-0.0,0.0,0.0,0.0,0.0,0.0,0.0,0.0,0.0,0.0,0.0,0
1785980514,669825077,100.0,-1.720034424458639,-1.7037928740130823,-1.1327255407916468,-4.6177828947650355,-4.890399638806478,0.6930110454559326,0.0,-0.0,0.0,0.0,0.0,0.0,0.0,0.0,0.0,0.0,0.0,0.0,0
1785980514,689639091,100.0,-1.720034424458639,-1.7038052717791956,-1.132749382649557,-4.617830816899435,-4.890375677739279,0.6930350065231323,0.0,-0.0,0.0,0.0,0.0,0.0,0.0,0.0,0.0,0.0,0.0,0.0,0
1785980514,709761381,100.0,-1.720034424458639,-1.7038052717791956,-1.132749382649557,-4.617830816899435,-4.890375677739279,0.6930350065231323,0.0,-0.0,0.0,0.0,0.0,0.0,0.0,0.0,0.0,0.0,0.0,0.0,0
1785980514,729649066,100.0,-1.720034424458639,-1.7038052717791956,-1.132749382649557,-4.617830816899435,-4.890375677739279,0.6930350065231323,0.0,-0.0,0.0,0.0,0.0,0.0,0.0,0.0,0.0,0.0,0.0,0.0,0
1785980514,749728679,100.0,-1.720034424458639,-1.7038052717791956,-1.132749382649557,-4.617830816899435,-4.890375677739279,0.6930350065231323,0.0,-0.0,0.0,0.0,0.0,0.0,0.0,0.0,0.0,0.0,0.0,0.0,0
1785980514,769939422,100.0,-1.7200225035296839,-1.7037690321551722,-1.132749382649557,-4.6177348534213465,-4.890363637601034,0.6930469870567322,0.0,-0.0,0.0,0.0,0.0,0.0,0.0,0.0,0.0,0.0,0.0,0.0,0
1785980514,789696216,100.0,-1.7200701872455042,-1.7038167158709925,-1.132749382649557,-4.6177828947650355,-4.890423957501547,0.6929990649223328,0.0,-0.0,0.0,0.0,0.0,0.0,0.0,0.0,0.0,0.0,0.0,0.0,0
1785980514,809644699,100.0,-1.7199981848346155,-1.7037928740130823,-1.1327136198626917,-4.617746893559591,-4.890435997639791,0.6929990649223328,0.0,-0.0,0.0,0.0,0.0,0.0,0.0,0.0,0.0,0.0,0.0,0.0,0
1785980514,829695940,100.0,-1.7200225035296839,-1.7038052717791956,-1.1327737013446253,-4.6177948156939905,-4.890435997639791,0.693058967590332,0.0,-0.0,0.0,0.0,0.0,0.0,0.0,0.0,0.0,0.0,0.0,0.0,0
1785980514,849490404,100.0,-1.7200225035296839,-1.703757111226217,-1.132761303578512,-4.617830816899435,-4.890375677739279,0.6930350065231323,0.0,-0.0,0.0,0.0,0.0,0.0,0.0,0.0,0.0,0.0,0.0,0.0,0
1785980514,869753360,100.0,-1.720046345387594,-1.7037928740130823,-1.1327136198626917,-4.61781877676119,-4.890399638806478,0.6930709481239319,0.0,-0.0,0.0,0.0,0.0,0.0,0.0,0.0,0.0,0.0,0.0,0.0,0
1785980514,889605283,100.0,-1.7200821081744593,-1.7038410345660608,-1.1326897780047815,-4.617770854626791,-4.890399638806478,0.6930350065231323,0.0,-0.0,0.0,0.0,0.0,0.0,0.0,0.0,0.0,0.0,0.0,0.0,0
1785980514,909885168,100.0,-1.720046345387594,-1.7037213484393519,-1.1327016989337366,-4.617758814488546,-4.890423957501547,0.6930469870567322,0.0,-0.0,0.0,0.0,0.0,0.0,0.0,0.0,0.0,0.0,0.0,0.0,0
1785980514,929624080,100.0,-1.7200582663165491,-1.703757111226217,-1.132749382649557,-4.617758814488546,-4.890399638806478,0.6929990649223328,0.0,-0.0,0.0,0.0,0.0,0.0,0.0,0.0,0.0,0.0,0.0,0.0,0
1785980514,949743032,100.0,-1.720034424458639,-1.7038410345660608,-1.1327136198626917,-4.6177828947650355,-4.890412036572592,0.6929751038551331,0.0,-0.0,0.0,0.0,0.0,0.0,0.0,0.0,0.0,0.0,0.0,0.0,0
1785980514,969717979,100.0,-1.7200225035296839,-1.7038052717791956,-1.132761303578512,-4.6177828947650355,-4.890423957501547,0.6930110454559326,0.0,-0.0,0.0,0.0,0.0,0.0,0.0,0.0,0.0,0.0,0.0,0.0,0
1785980514,989907979,100.0,-1.7200582663165491,-1.7037928740130823,-1.1327856222735804,-4.6177948156939905,-4.890375677739279,0.6930350065231323,0.0,-0.0,0.0,0.0,0.0,0.0,0.0,0.0,0.0,0.0,0.0,0.0,0
1785980515,9695768,100.0,-1.7200701872455042,-1.7038291136371058,-1.1327856222735804,-4.617770854626791,-4.890387598668234,0.6930110454559326,0.0,-0.0,0.0,0.0,0.0,0.0,0.0,0.0,0.0,0.0,0.0,0.0,0
1785980515,29756307,100.0,-1.7200582663165491,-1.7038167158709925,-1.132749382649557,-4.617758814488546,-4.890399638806478,0.6930469870567322,0.0,-0.0,0.0,0.0,0.0,0.0,0.0,0.0,0.0,0.0,0.0,0.0,0
1785980515,49835443,100.0,-1.7200225035296839,-1.7037928740130823,-1.1327255407916468,-4.617758814488546,-4.890412036572592,0.6930709481239319,0.0,-0.0,0.0,0.0,0.0,0.0,0.0,0.0,0.0,0.0,0.0,0.0,0
1785980515,69720268,100.0,-1.7200105826007288,-1.7037928740130823,-1.1327374617206019,-4.6177828947650355,-4.890387598668234,0.6930350065231323,0.0,-0.0,0.0,0.0,0.0,0.0,0.0,0.0,0.0,0.0,0.0,0.0,0
1785980515,89873075,100.0,-1.7200582663165491,-1.7038052717791956,-1.1327374617206019,-4.617806855832235,-4.890399638806478,0.6930469870567322,0.0,-0.0,0.0,0.0,0.0,0.0,0.0,0.0,0.0,0.0,0.0,0.0,0
1785980515,109679937,100.0,-1.7200582663165491,-1.7038052717791956,-1.1327136198626917,-4.617770854626791,-4.890363637601034,0.6930350065231323,0.0,-0.0,0.0,0.0,0.0,0.0,0.0,0.0,0.0,0.0,0.0,0.0,0
1785980515,129691362,100.0,-1.7200701872455042,-1.7038167158709925,-1.132749382649557,-4.617806855832235,-4.890412036572592,0.6930350065231323,0.0,-0.0,0.0,0.0,0.0,0.0,0.0,0.0,0.0,0.0,0.0,0.0,0
1785980515,149741411,100.0,-1.7200105826007288,-1.7037690321551722,-1.1327255407916468,-4.617746893559591,-4.890387598668234,0.693058967590332,0.0,-0.0,0.0,0.0,0.0,0.0,0.0,0.0,0.0,0.0,0.0,0.0,0
1785980515,169684410,100.0,-1.7200821081744593,-1.7038052717791956,-1.132749382649557,-4.6177948156939905,-4.890423957501547,0.6930469870567322,0.0,-0.0,0.0,0.0,0.0,0.0,0.0,0.0,0.0,0.0,0.0,0.0,0
1785980515,190808534,100.0,-1.720046345387594,-1.7038167158709925,-1.1327136198626917,-4.6177828947650355,-4.890435997639791,0.6930350065231323,0.0,-0.0,0.0,0.0,0.0,0.0,0.0,0.0,0.0,0.0,0.0,0.0,0
1785980515,209780216,100.0,-1.7199862639056605,-1.7038052717791956,-1.1327016989337366,-4.61781877676119,-4.890412036572592,0.6930469870567322,0.0,-0.0,0.0,0.0,0.0,0.0,0.0,0.0,0.0,0.0,0.0,0.0,0
1785980515,229763984,100.0,-1.7200225035296839,-1.7037928740130823,-1.132761303578512,-4.617722932492391,-4.890447918568746,0.6930350065231323,0.0,-0.0,0.0,0.0,0.0,0.0,0.0,0.0,0.0,0.0,0.0,0.0,0
1785980515,249951601,100.0,-1.7200701872455042,-1.7037928740130823,-1.132761303578512,-4.61781877676119,-4.890423957501547,0.6930350065231323,0.0,-0.0,0.0,0.0,0.0,0.0,0.0,0.0,0.0,0.0,0.0,0.0,0
1785980515,269757747,100.0,-1.7200225035296839,-1.7038052717791956,-1.1327016989337366,-4.617806855832235,-4.890399638806478,0.6930469870567322,0.0,-0.0,0.0,0.0,0.0,0.0,0.0,0.0,0.0,0.0,0.0,0.0,0
1785980515,289992094,100.0,-1.720046345387594,-1.7038291136371058,-1.132749382649557,-4.617770854626791,-4.890435997639791,0.6930469870567322,0.0,-0.0,0.0,0.0,0.0,0.0,0.0,0.0,0.0,0.0,0.0,0.0,0
1785980515,309700012,100.0,-1.7200582663165491,-1.7038291136371058,-1.132749382649557,-4.617758814488546,-4.890459958706991,0.6930230259895325,0.0,-0.0,0.0,0.0,0.0,0.0,0.0,0.0,0.0,0.0,0.0,0.0,0
1785980515,329599857,100.0,-1.720034424458639,-1.7037809530841272,-1.1327136198626917,-4.617770854626791,-4.890423957501547,0.6930350065231323,0.0,-0.0,0.0,0.0,0.0,0.0,0.0,0.0,0.0,0.0,0.0,0.0,0
1785980515,349716663,100.0,-1.720046345387594,-1.7038167158709925,-1.1327737013446253,-4.617758814488546,-4.890387598668234,0.6930350065231323,0.0,-0.0,0.0,0.0,0.0,0.0,0.0,0.0,0.0,0.0,0.0,0.0,0
1785980515,370102167,100.0,-1.7200105826007288,-1.7038167158709925,-1.1327374617206019,-4.61781877676119,-4.890435997639791,0.6930350065231323,0.0,-0.0,0.0,0.0,0.0,0.0,0.0,0.0,0.0,0.0,0.0,0.0,0
1785980515,389742851,100.0,-1.720046345387594,-1.7038167158709925,-1.1327374617206019,-4.61784273782839,-4.890423957501547,0.6929990649223328,0.0,-0.0,0.0,0.0,0.0,0.0,0.0,0.0,0.0,0.0,0.0,0.0,0
1785980515,409701347,100.0,-1.7199981848346155,-1.7037809530841272,-1.132749382649557,-4.61781877676119,-4.890399638806478,0.6930110454559326,0.0,-0.0,0.0,0.0,0.0,0.0,0.0,0.0,0.0,0.0,0.0,0.0,0
1785980515,429725170,100.0,-1.7200225035296839,-1.703852955495016,-1.132749382649557,-4.617770854626791,-4.890447918568746,0.693058967590332,0.0,-0.0,0.0,0.0,0.0,0.0,0.0,0.0,0.0,0.0,0.0,0.0,0
1785980515,449694156,100.0,-1.720034424458639,-1.7038167158709925,-1.1327374617206019,-4.617758814488546,-4.890447918568746,0.6930350065231323,0.0,-0.0,0.0,0.0,0.0,0.0,0.0,0.0,0.0,0.0,0.0,0.0,0
1785980515,469798326,100.0,-1.7200225035296839,-1.7038052717791956,-1.1327737013446253,-4.617758814488546,-4.890459958706991,0.6930230259895325,0.0,-0.0,0.0,0.0,0.0,0.0,0.0,0.0,0.0,0.0,0.0,0.0,0
1785980515,489557504,100.0,-1.720046345387594,-1.7038052717791956,-1.1327374617206019,-4.617770854626791,-4.890399638806478,0.6929751038551331,0.0,-0.0,0.0,0.0,0.0,0.0,0.0,0.0,0.0,0.0,0.0,0.0,0
1785980515,509721040,100.0,-1.720034424458639,-1.7037809530841272,-1.132749382649557,-4.617830816899435,-4.890435997639791,0.6930110454559326,0.0,-0.0,0.0,0.0,0.0,0.0,0.0,0.0,0.0,0.0,0.0,0.0,0
1785980515,529628992,100.0,-1.7200225035296839,-1.7037690321551722,-1.132749382649557,-4.61781877676119,-4.890447918568746,0.6930709481239319,0.0,-0.0,0.0,0.0,0.0,0.0,0.0,0.0,0.0,0.0,0.0,0.0,0
1785980515,549689769,100.0,-1.720046345387594,-1.7038167158709925,-1.1327975432025355,-4.6177828947650355,-4.890387598668234,0.6930469870567322,0.0,-0.0,0.0,0.0,0.0,0.0,0.0,0.0,0.0,0.0,0.0,0.0,0
1785980515,569624900,100.0,-1.7200105826007288,-1.7038052717791956,-1.132749382649557,-4.6177828947650355,-4.890387598668234,0.6930469870567322,0.0,-0.0,0.0,0.0,0.0,0.0,0.0,0.0,0.0,0.0,0.0,0.0,0
1785980515,589725017,100.0,-1.7200225035296839,-1.7037928740130823,-1.1327374617206019,-4.617746893559591,-4.890423957501547,0.6930829286575317,0.0,-0.0,0.0,0.0,0.0,0.0,0.0,0.0,0.0,0.0,0.0,0.0,0
1785980515,611250877,100.0,-1.7200105826007288,-1.7037809530841272,-1.1327374617206019,-4.617770854626791,-4.890399638806478,0.6929990649223328,0.0,-0.0,0.0,0.0,0.0,0.0,0.0,0.0,0.0,0.0,0.0,0.0,0
1785980515,629704952,100.0,-1.7199981848346155,-1.7037928740130823,-1.1327737013446253,-4.6177948156939905,-4.890399638806478,0.6930350065231323,0.0,-0.0,0.0,0.0,0.0,0.0,0.0,0.0,0.0,0.0,0.0,0.0,0
1785980515,649764776,100.0,-1.7200105826007288,-1.7038052717791956,-1.132749382649557,-4.617722932492391,-4.890363637601034,0.6930469870567322,0.0,-0.0,0.0,0.0,0.0,0.0,0.0,0.0,0.0,0.0,0.0,0.0,0
1785980515,669725179,100.0,-1.720046345387594,-1.7038052717791956,-1.1327374617206019,-4.6177948156939905,-4.890435997639791,0.693058967590332,0.0,-0.0,0.0,0.0,0.0,0.0,0.0,0.0,0.0,0.0,0.0,0.0,0
1785980515,689679145,100.0,-1.7200225035296839,-1.7038052717791956,-1.1327255407916468,-4.61781877676119,-4.890447918568746,0.6930469870567322,0.0,-0.0,0.0,0.0,0.0,0.0,0.0,0.0,0.0,0.0,0.0,0.0,0
1785980515,709748268,100.0,-1.7199981848346155,-1.7038052717791956,-1.132749382649557,-4.617770854626791,-4.890399638806478,0.6930949091911316,0.0,-0.0,0.0,0.0,0.0,0.0,0.0,0.0,0.0,0.0,0.0,0.0,0
1785980515,729892253,100.0,-1.7200105826007288,-1.7038167158709925,-1.1327136198626917,-4.617770854626791,-4.890435997639791,0.6930469870567322,0.0,-0.0,0.0,0.0,0.0,0.0,0.0,0.0,0.0,0.0,0.0,0.0,0
1785980515,749723672,100.0,-1.720046345387594,-1.7037809530841272,-1.132761303578512,-4.6177828947650355,-4.890412036572592,0.6930709481239319,0.0,-0.0,0.0,0.0,0.0,0.0,0.0,0.0,0.0,0.0,0.0,0.0,0
1785980515,769689083,100.0,-1.720034424458639,-1.703745190297262,-1.132749382649557,-4.617806855832235,-4.890423957501547,0.6930949091911316,0.0,-0.0,0.0,0.0,0.0,0.0,0.0,0.0,0.0,0.0,0.0,0.0,0
1785980515,789758205,100.0,-1.7200582663165491,-1.7038052717791956,-1.132749382649557,-4.6177948156939905,-4.890399638806478,0.6930110454559326,0.0,-0.0,0.0,0.0,0.0,0.0,0.0,0.0,0.0,0.0,0.0,0.0,0
1785980515,809712409,100.0,-1.7200821081744593,-1.7038052717791956,-1.1327374617206019,-4.6177948156939905,-4.890387598668234,0.6930350065231323,0.0,-0.0,0.0,0.0,0.0,0.0,0.0,0.0,0.0,0.0,0.0,0.0,0
1785980515,829671621,100.0,-1.720034424458639,-1.7037928740130823,-1.132749382649557,-4.6177828947650355,-4.890435997639791,0.6930469870567322,0.0,-0.0,0.0,0.0,0.0,0.0,0.0,0.0,0.0,0.0,0.0,0.0,0
1785980515,849661588,100.0,-1.7200821081744593,-1.703852955495016,-1.1326897780047815,-4.617746893559591,-4.890399638806478,0.6930230259895325,0.0,-0.0,0.0,0.0,0.0,0.0,0.0,0.0,0.0,0.0,0.0,0.0,0
1785980515,869729280,100.0,-1.720046345387594,-1.703757111226217,-1.1327856222735804,-4.6177828947650355,-4.890447918568746,0.6930709481239319,0.0,-0.0,0.0,0.0,0.0,0.0,0.0,0.0,0.0,0.0,0.0,0.0,0
1785980515,889622688,100.0,-1.7200582663165491,-1.703852955495016,-1.1327856222735804,-4.617758814488546,-4.890387598668234,0.6930350065231323,0.0,-0.0,0.0,0.0,0.0,0.0,0.0,0.0,0.0,0.0,0.0,0.0,0
1785980515,909774541,100.0,-1.720046345387594,-1.703757111226217,-1.1327136198626917,-4.617770854626791,-4.890459958706991,0.6930230259895325,0.0,-0.0,0.0,0.0,0.0,0.0,0.0,0.0,0.0,0.0,0.0,0.0,0
1785980515,929677963,100.0,-1.7200582663165491,-1.7038052717791956,-1.1326897780047815,-4.617770854626791,-4.890399638806478,0.693058967590332,0.0,-0.0,0.0,0.0,0.0,0.0,0.0,0.0,0.0,0.0,0.0,0.0,0
1785980515,949720382,100.0,-1.720034424458639,-1.7037213484393519,-1.1327016989337366,-4.617746893559591,-4.890447918568746,0.6930350065231323,0.0,-0.0,0.0,0.0,0.0,0.0,0.0,0.0,0.0,0.0,0.0,0.0,0
1785980515,969533205,100.0,-1.7200225035296839,-1.7038167158709925,-1.132761303578512,-4.617758814488546,-4.890387598668234,0.693058967590332,0.0,-0.0,0.0,0.0,0.0,0.0,0.0,0.0,0.0,0.0,0.0,0.0,0
1785980515,989809036,100.0,-1.7199862639056605,-1.7038410345660608,-1.132749382649557,-4.617806855832235,-4.890435997639791,0.6930469870567322,0.0,-0.0,0.0,0.0,0.0,0.0,0.0,0.0,0.0,0.0,0.0,0.0,0
1785980516,9703636,100.0,-1.720046345387594,-1.7038052717791956,-1.132749382649557,-4.6177948156939905,-4.890447918568746,0.6930829286575317,0.0,-0.0,0.0,0.0,0.0,0.0,0.0,0.0,0.0,0.0,0.0,0.0,0
1785980516,29760837,100.0,-1.7200701872455042,-1.7038291136371058,-1.132749382649557,-4.617806855832235,-4.890399638806478,0.6930230259895325,0.0,-0.0,0.0,0.0,0.0,0.0,0.0,0.0,0.0,0.0,0.0,0.0,0
1785980516,49636840,100.0,-1.720034424458639,-1.7037809530841272,-1.1327136198626917,-4.617758814488546,-4.890412036572592,0.6930230259895325,0.0,-0.0,0.0,0.0,0.0,0.0,0.0,0.0,0.0,0.0,0.0,0.0,0
1785980516,69784641,100.0,-1.7200105826007288,-1.703757111226217,-1.132749382649557,-4.6177348534213465,-4.890423957501547,0.6930469870567322,0.0,-0.0,0.0,0.0,0.0,0.0,0.0,0.0,0.0,0.0,0.0,0.0,0
1785980516,89633226,100.0,-1.7200701872455042,-1.7038167158709925,-1.1327255407916468,-4.617806855832235,-4.890447918568746,0.6930709481239319,0.0,-0.0,0.0,0.0,0.0,0.0,0.0,0.0,0.0,0.0,0.0,0.0,0
1785980516,109837293,100.0,-1.7199981848346155,-1.7038167158709925,-1.1327374617206019,-4.617770854626791,-4.890423957501547,0.6930230259895325,0.0,-0.0,0.0,0.0,0.0,0.0,0.0,0.0,0.0,0.0,0.0,0.0,0
1785980516,129603385,100.0,-1.720046345387594,-1.703757111226217,-1.132749382649557,-4.61781877676119,-4.890399638806478,0.6930709481239319,0.0,-0.0,0.0,0.0,0.0,0.0,0.0,0.0,0.0,0.0,0.0,0.0,0
1785980516,149831533,100.0,-1.7199981848346155,-1.7038167158709925,-1.1327016989337366,-4.6177828947650355,-4.890375677739279,0.6929990649223328,0.0,-0.0,0.0,0.0,0.0,0.0,0.0,0.0,0.0,0.0,0.0,0.0,0
1785980516,169516086,100.0,-1.720034424458639,-1.7038167158709925,-1.1327255407916468,-4.617758814488546,-4.890459958706991,0.6930350065231323,0.0,-0.0,0.0,0.0,0.0,0.0,0.0,0.0,0.0,0.0,0.0,0.0,0
1785980516,189812183,100.0,-1.7200582663165491,-1.7038167158709925,-1.132761303578512,-4.617806855832235,-4.890387598668234,0.6930230259895325,0.0,-0.0,0.0,0.0,0.0,0.0,0.0,0.0,0.0,0.0,0.0,0.0,0
1785980516,209690570,100.0,-1.7200105826007288,-1.7037809530841272,-1.1327016989337366,-4.617770854626791,-4.890412036572592,0.6930230259895325,0.0,-0.0,0.0,0.0,0.0,0.0,0.0,0.0,0.0,0.0,0.0,0.0,0
1785980516,229736804,100.0,-1.720046345387594,-1.7038410345660608,-1.1327255407916468,-4.617770854626791,-4.890412036572592,0.6931068897247314,0.0,-0.0,0.0,0.0,0.0,0.0,0.0,0.0,0.0,0.0,0.0,0.0,0
1785980516,249682903,100.0,-1.720034424458639,-1.7038291136371058,-1.1327255407916468,-4.617806855832235,-4.890423957501547,0.6930350065231323,0.0,-0.0,0.0,0.0,0.0,0.0,0.0,0.0,0.0,0.0,0.0,0.0,0
1785980516,269782781,100.0,-1.7200701872455042,-1.7038291136371058,-1.1327016989337366,-4.617758814488546,-4.890435997639791,0.6930829286575317,0.0,-0.0,0.0,0.0,0.0,0.0,0.0,0.0,0.0,0.0,0.0,0.0,0
1785980516,289682388,100.0,-1.7200105826007288,-1.7038410345660608,-1.1327374617206019,-4.6177948156939905,-4.890459958706991,0.6929990649223328,0.0,-0.0,0.0,0.0,0.0,0.0,0.0,0.0,0.0,0.0,0.0,0.0,0
1785980516,309828042,100.0,-1.7199981848346155,-1.703864876423971,-1.132749382649557,-4.6177828947650355,-4.890423957501547,0.6930350065231323,0.0,-0.0,0.0,0.0,0.0,0.0,0.0,0.0,0.0,0.0,0.0,0.0,0
1785980516,329600811,100.0,-1.7200105826007288,-1.7038410345660608,-1.1327737013446253,-4.617758814488546,-4.890412036572592,0.6930469870567322,0.0,-0.0,0.0,0.0,0.0,0.0,0.0,0.0,0.0,0.0,0.0,0.0,0
1785980516,349781036,100.0,-1.720046345387594,-1.7037928740130823,-1.132749382649557,-4.617806855832235,-4.890399638806478,0.6930350065231323,0.0,-0.0,0.0,0.0,0.0,0.0,0.0,0.0,0.0,0.0,0.0,0.0,0
1785980516,369573593,100.0,-1.720034424458639,-1.7037928740130823,-1.1327737013446253,-4.617722932492391,-4.890387598668234,0.6930350065231323,0.0,-0.0,0.0,0.0,0.0,0.0,0.0,0.0,0.0,0.0,0.0,0.0,0
1785980516,389846563,100.0,-1.720046345387594,-1.7038052717791956,-1.1327136198626917,-4.617806855832235,-4.890435997639791,0.6930110454559326,0.0,-0.0,0.0,0.0,0.0,0.0,0.0,0.0,0.0,0.0,0.0,0.0,0
1785980516,409755706,100.0,-1.720034424458639,-1.7037809530841272,-1.1327737013446253,-4.61781877676119,-4.890447918568746,0.6930350065231323,0.0,-0.0,0.0,0.0,0.0,0.0,0.0,0.0,0.0,0.0,0.0,0.0,0
1785980516,429781436,100.0,-1.7200582663165491,-1.7038410345660608,-1.1327737013446253,-4.617770854626791,-4.890447918568746,0.6930110454559326,0.0,-0.0,0.0,0.0,0.0,0.0,0.0,0.0,0.0,0.0,0.0,0.0,0
1785980516,449673414,100.0,-1.720046345387594,-1.7038052717791956,-1.132749382649557,-4.6177828947650355,-4.890399638806478,0.6930709481239319,0.0,-0.0,0.0,0.0,0.0,0.0,0.0,0.0,0.0,0.0,0.0,0.0,0
1785980516,469725131,100.0,-1.720046345387594,-1.7038167158709925,-1.1327016989337366,-4.617758814488546,-4.890412036572592,0.6930709481239319,0.0,-0.0,0.0,0.0,0.0,0.0,0.0,0.0,0.0,0.0,0.0,0.0,0
1785980516,489645481,100.0,-1.720034424458639,-1.7037809530841272,-1.1327737013446253,-4.61781877676119,-4.890399638806478,0.6930350065231323,0.0,-0.0,0.0,0.0,0.0,0.0,0.0,0.0,0.0,0.0,0.0,0.0,0
1785980516,509754657,100.0,-1.7200105826007288,-1.7038052717791956,-1.1327737013446253,-4.617806855832235,-4.890375677739279,0.6930709481239319,0.0,-0.0,0.0,0.0,0.0,0.0,0.0,0.0,0.0,0.0,0.0,0.0,0
1785980516,529557704,100.0,-1.7200582663165491,-1.7038052717791956,-1.1327374617206019,-4.617758814488546,-4.890412036572592,0.6930350065231323,0.0,-0.0,0.0,0.0,0.0,0.0,0.0,0.0,0.0,0.0,0.0,0.0,0
1785980516,549753427,100.0,-1.720046345387594,-1.7038052717791956,-1.1327016989337366,-4.617806855832235,-4.890375677739279,0.6929870843887329,0.0,-0.0,0.0,0.0,0.0,0.0,0.0,0.0,0.0,0.0,0.0,0.0,0
1785980516,569532871,100.0,-1.720046345387594,-1.7038410345660608,-1.1326897780047815,-4.617770854626791,-4.890375677739279,0.6930469870567322,0.0,-0.0,0.0,0.0,0.0,0.0,0.0,0.0,0.0,0.0,0.0,0.0,0
1785980516,589772939,100.0,-1.7199862639056605,-1.7037809530841272,-1.1326897780047815,-4.6177828947650355,-4.890459958706991,0.6929870843887329,0.0,-0.0,0.0,0.0,0.0,0.0,0.0,0.0,0.0,0.0,0.0,0.0,0
1785980516,609702587,100.0,-1.7200582663165491,-1.703864876423971,-1.132749382649557,-4.617770854626791,-4.890399638806478,0.6930230259895325,0.0,-0.0,0.0,0.0,0.0,0.0,0.0,0.0,0.0,0.0,0.0,0.0,0
1785980516,629756927,100.0,-1.720034424458639,-1.7037809530841272,-1.1327255407916468,-4.6177828947650355,-4.890387598668234,0.6930110454559326,0.0,-0.0,0.0,0.0,0.0,0.0,0.0,0.0,0.0,0.0,0.0,0.0,0
1785980516,649694204,100.0,-1.7200945059405726,-1.7038167158709925,-1.1327374617206019,-4.617806855832235,-4.890399638806478,0.6929990649223328,0.0,-0.0,0.0,0.0,0.0,0.0,0.0,0.0,0.0,0.0,0.0,0.0,0
1785980516,669785499,100.0,-1.7200225035296839,-1.7037809530841272,-1.1327374617206019,-4.6177828947650355,-4.890412036572592,0.6930829286575317,0.0,-0.0,0.0,0.0,0.0,0.0,0.0,0.0,0.0,0.0,0.0,0.0,0
1785980516,689612865,100.0,-1.720046345387594,-1.7038167158709925,-1.1327136198626917,-4.61784273782839,-4.890387598668234,0.6930110454559326,0.0,-0.0,0.0,0.0,0.0,0.0,0.0,0.0,0.0,0.0,0.0,0.0,0
1785980516,709781646,100.0,-1.720046345387594,-1.7037690321551722,-1.132749382649557,-4.617758814488546,-4.890375677739279,0.6930230259895325,0.0,-0.0,0.0,0.0,0.0,0.0,0.0,0.0,0.0,0.0,0.0,0.0,0
1785980516,729641914,100.0,-1.7200701872455042,-1.7038052717791956,-1.1327016989337366,-4.61781877676119,-4.890375677739279,0.6930230259895325,0.0,-0.0,0.0,0.0,0.0,0.0,0.0,0.0,0.0,0.0,0.0,0.0,0
1785980516,749778270,100.0,-1.7200225035296839,-1.703757111226217,-1.132761303578512,-4.617770854626791,-4.890387598668234,0.6930709481239319,0.0,-0.0,0.0,0.0,0.0,0.0,0.0,0.0,0.0,0.0,0.0,0.0,0
1785980516,769675970,100.0,-1.720046345387594,-1.7037928740130823,-1.132749382649557,-4.6177828947650355,-4.890423957501547,0.6930230259895325,0.0,-0.0,0.0,0.0,0.0,0.0,0.0,0.0,0.0,0.0,0.0,0.0,0
1785980516,789847135,100.0,-1.7200105826007288,-1.7037928740130823,-1.132749382649557,-4.617758814488546,-4.890399638806478,0.6930110454559326,0.0,-0.0,0.0,0.0,0.0,0.0,0.0,0.0,0.0,0.0,0.0,0.0,0
1785980516,809916734,100.0,-1.7200225035296839,-1.7038291136371058,-1.132761303578512,-4.617854777966635,-4.890435997639791,0.6930469870567322,0.0,-0.0,0.0,0.0,0.0,0.0,0.0,0.0,0.0,0.0,0.0,0.0,0
1785980516,830156087,100.0,-1.7200582663165491,-1.7037809530841272,-1.132749382649557,-4.617746893559591,-4.890435997639791,0.693058967590332,0.0,-0.0,0.0,0.0,0.0,0.0,0.0,0.0,0.0,0.0,0.0,0.0,0
1785980516,849864959,100.0,-1.720046345387594,-1.7038052717791956,-1.1327016989337366,-4.617746893559591,-4.890351716672079,0.6930709481239319,0.0,-0.0,0.0,0.0,0.0,0.0,0.0,0.0,0.0,0.0,0.0,0.0,0
1785980516,870079994,100.0,-1.7200582663165491,-1.7038291136371058,-1.1327255407916468,-4.6177828947650355,-4.890412036572592,0.693058967590332,0.0,-0.0,0.0,0.0,0.0,0.0,0.0,0.0,0.0,0.0,0.0,0.0,0
1785980516,889870643,100.0,-1.720046345387594,-1.7037690321551722,-1.132761303578512,-4.617746893559591,-4.890387598668234,0.6930110454559326,0.0,-0.0,0.0,0.0,0.0,0.0,0.0,0.0,0.0,0.0,0.0,0.0,0
1785980516,909916877,100.0,-1.7200105826007288,-1.703852955495016,-1.1327136198626917,-4.617770854626791,-4.890375677739279,0.6930469870567322,0.0,-0.0,0.0,0.0,0.0,0.0,0.0,0.0,0.0,0.0,0.0,0.0,0
1785980516,929741621,100.0,-1.720046345387594,-1.7038052717791956,-1.132761303578512,-4.61784273782839,-4.890435997639791,0.6929990649223328,0.0,-0.0,0.0,0.0,0.0,0.0,0.0,0.0,0.0,0.0,0.0,0.0,0
1785980516,950079441,100.0,-1.7200105826007288,-1.7038052717791956,-1.132761303578512,-4.6177828947650355,-4.890412036572592,0.6930110454559326,0.0,-0.0,0.0,0.0,0.0,0.0,0.0,0.0,0.0,0.0,0.0,0.0,0
1785980516,969933509,100.0,-1.7200105826007288,-1.7038167158709925,-1.132749382649557,-4.617758814488546,-4.890387598668234,0.6930230259895325,0.0,-0.0,0.0,0.0,0.0,0.0,0.0,0.0,0.0,0.0,0.0,0.0,0
1785980516,989960432,100.0,-1.7200105826007288,-1.7037928740130823,-1.1326897780047815,-4.6177828947650355,-4.890412036572592,0.6930829286575317,0.0,-0.0,0.0,0.0,0.0,0.0,0.0,0.0,0.0,0.0,0.0,0.0,0
1785980517,10099649,100.0,-1.720046345387594,-1.7037690321551722,-1.1327374617206019,-4.617806855832235,-4.890399638806478,0.693058967590332,0.0,-0.0,0.0,0.0,0.0,0.0,0.0,0.0,0.0,0.0,0.0,0.0,0
1785980517,29700279,100.0,-1.720046345387594,-1.7038052717791956,-1.1327374617206019,-4.6177948156939905,-4.890447918568746,0.6930709481239319,0.0,-0.0,0.0,0.0,0.0,0.0,0.0,0.0,0.0,0.0,0.0,0.0,0
1785980517,49604654,100.0,-1.720034424458639,-1.7038167158709925,-1.132749382649557,-4.617806855832235,-4.890423957501547,0.6930469870567322,0.0,-0.0,0.0,0.0,0.0,0.0,0.0,0.0,0.0,0.0,0.0,0.0,0
1785980517,69747447,100.0,-1.7200225035296839,-1.703757111226217,-1.1327737013446253,-4.617758814488546,-4.890387598668234,0.6930709481239319,0.0,-0.0,0.0,0.0,0.0,0.0,0.0,0.0,0.0,0.0,0.0,0.0,0
1785980517,89528322,100.0,-1.720046345387594,-1.7038052717791956,-1.132749382649557,-4.617758814488546,-4.890412036572592,0.6930709481239319,0.0,-0.0,0.0,0.0,0.0,0.0,0.0,0.0,0.0,0.0,0.0,0.0,0
1785980517,109888792,100.0,-1.7200582663165491,-1.7037690321551722,-1.132749382649557,-4.617770854626791,-4.890387598668234,0.6930469870567322,0.0,-0.0,0.0,0.0,0.0,0.0,0.0,0.0,0.0,0.0,0.0,0.0,0
1785980517,129772663,100.0,-1.720046345387594,-1.7038167158709925,-1.1327737013446253,-4.617806855832235,-4.890399638806478,0.6930230259895325,0.0,-0.0,0.0,0.0,0.0,0.0,0.0,0.0,0.0,0.0,0.0,0.0,0
1785980517,149745702,100.0,-1.7200105826007288,-1.7038291136371058,-1.1327255407916468,-4.6177828947650355,-4.890447918568746,0.693058967590332,0.0,-0.0,0.0,0.0,0.0,0.0,0.0,0.0,0.0,0.0,0.0,0.0,0
1785980517,169614553,100.0,-1.7200225035296839,-1.7037928740130823,-1.132749382649557,-4.6177348534213465,-4.890435997639791,0.6930110454559326,0.0,-0.0,0.0,0.0,0.0,0.0,0.0,0.0,0.0,0.0,0.0,0.0,0
1785980517,189697742,100.0,-1.720046345387594,-1.7038167158709925,-1.132749382649557,-4.617770854626791,-4.890387598668234,0.6930469870567322,0.0,-0.0,0.0,0.0,0.0,0.0,0.0,0.0,0.0,0.0,0.0,0.0,0
1785980517,209575414,100.0,-1.7200105826007288,-1.7037809530841272,-1.132749382649557,-4.6177948156939905,-4.890412036572592,0.6930110454559326,0.0,-0.0,0.0,0.0,0.0,0.0,0.0,0.0,0.0,0.0,0.0,0.0,0
1785980517,229659080,100.0,-1.7200821081744593,-1.703852955495016,-1.132749382649557,-4.6177828947650355,-4.890412036572592,0.6930469870567322,0.0,-0.0,0.0,0.0,0.0,0.0,0.0,0.0,0.0,0.0,0.0,0.0,0
1785980517,249881744,100.0,-1.720046345387594,-1.7037928740130823,-1.1327016989337366,-4.6177828947650355,-4.890399638806478,0.6930350065231323,0.0,-0.0,0.0,0.0,0.0,0.0,0.0,0.0,0.0,0.0,0.0,0.0,0
1785980517,269677400,100.0,-1.7200225035296839,-1.7037928740130823,-1.132749382649557,-4.6177828947650355,-4.890375677739279,0.6930469870567322,0.0,-0.0,0.0,0.0,0.0,0.0,0.0,0.0,0.0,0.0,0.0,0.0,0
1785980517,289842128,100.0,-1.720046345387594,-1.7038167158709925,-1.1327255407916468,-4.617746893559591,-4.890387598668234,0.6930829286575317,0.0,-0.0,0.0,0.0,0.0,0.0,0.0,0.0,0.0,0.0,0.0,0.0,0
1785980517,309739112,100.0,-1.720034424458639,-1.7038291136371058,-1.1327374617206019,-4.6177948156939905,-4.890412036572592,0.6929990649223328,0.0,-0.0,0.0,0.0,0.0,0.0,0.0,0.0,0.0,0.0,0.0,0.0,0
1785980517,329650402,100.0,-1.7200105826007288,-1.703745190297262,-1.1327737013446253,-4.617770854626791,-4.890399638806478,0.6929990649223328,0.0,-0.0,0.0,0.0,0.0,0.0,0.0,0.0,0.0,0.0,0.0,0.0,0
1785980517,349724531,100.0,-1.7200821081744593,-1.7038167158709925,-1.132749382649557,-4.617770854626791,-4.890375677739279,0.6930469870567322,0.0,-0.0,0.0,0.0,0.0,0.0,0.0,0.0,0.0,0.0,0.0,0.0,0
1785980517,369609832,100.0,-1.720046345387594,-1.7037809530841272,-1.1327255407916468,-4.61781877676119,-4.890423957501547,0.6930230259895325,0.0,-0.0,0.0,0.0,0.0,0.0,0.0,0.0,0.0,0.0,0.0,0.0,0
1785980517,389820814,100.0,-1.7200225035296839,-1.7037809530841272,-1.1327856222735804,-4.617746893559591,-4.890447918568746,0.693058967590332,0.0,-0.0,0.0,0.0,0.0,0.0,0.0,0.0,0.0,0.0,0.0,0.0,0
1785980517,409708976,100.0,-1.7200105826007288,-1.7037690321551722,-1.132749382649557,-4.617746893559591,-4.890375677739279,0.6929870843887329,0.0,-0.0,0.0,0.0,0.0,0.0,0.0,0.0,0.0,0.0,0.0,0.0,0
1785980517,429759263,100.0,-1.7200701872455042,-1.7037928740130823,-1.1327016989337366,-4.617758814488546,-4.890399638806478,0.6930469870567322,0.0,-0.0,0.0,0.0,0.0,0.0,0.0,0.0,0.0,0.0,0.0,0.0,0
1785980517,449580192,100.0,-1.7200225035296839,-1.7037809530841272,-1.1327255407916468,-4.61781877676119,-4.890435997639791,0.6930469870567322,0.0,-0.0,0.0,0.0,0.0,0.0,0.0,0.0,0.0,0.0,0.0,0.0,0
1785980517,469702959,100.0,-1.7200105826007288,-1.7037690321551722,-1.132761303578512,-4.6177948156939905,-4.890387598668234,0.6930469870567322,0.0,-0.0,0.0,0.0,0.0,0.0,0.0,0.0,0.0,0.0,0.0,0.0,0
1785980517,490001916,100.0,-1.720046345387594,-1.7038052717791956,-1.132749382649557,-4.6177948156939905,-4.890435997639791,0.6930230259895325,0.0,-0.0,0.0,0.0,0.0,0.0,0.0,0.0,0.0,0.0,0.0,0.0,0
1785980517,509680986,100.0,-1.7200701872455042,-1.7038052717791956,-1.1327255407916468,-4.61781877676119,-4.890399638806478,0.6930469870567322,0.0,-0.0,0.0,0.0,0.0,0.0,0.0,0.0,0.0,0.0,0.0,0.0,0
1785980517,529656887,100.0,-1.7200225035296839,-1.7037690321551722,-1.1327016989337366,-4.617806855832235,-4.890447918568746,0.6930949091911316,0.0,-0.0,0.0,0.0,0.0,0.0,0.0,0.0,0.0,0.0,0.0,0.0,0
1785980517,549766063,100.0,-1.7200701872455042,-1.7037809530841272,-1.132749382649557,-4.617770854626791,-4.890459958706991,0.6930230259895325,0.0,-0.0,0.0,0.0,0.0,0.0,0.0,0.0,0.0,0.0,0.0,0.0,0
1785980517,569593191,100.0,-1.7200225035296839,-1.7038410345660608,-1.132761303578512,-4.617758814488546,-4.890423957501547,0.6930350065231323,0.0,-0.0,0.0,0.0,0.0,0.0,0.0,0.0,0.0,0.0,0.0,0.0,0
1785980517,589856147,100.0,-1.7200701872455042,-1.7038052717791956,-1.1327016989337366,-4.617758814488546,-4.890387598668234,0.6930350065231323,0.0,-0.0,0.0,0.0,0.0,0.0,0.0,0.0,0.0,0.0,0.0,0.0,0
1785980517,609681844,100.0,-1.720046345387594,-1.7037928740130823,-1.1326897780047815,-4.617770854626791,-4.890363637601034,0.6930469870567322,0.0,-0.0,0.0,0.0,0.0,0.0,0.0,0.0,0.0,0.0,0.0,0.0,0
1785980517,629713058,100.0,-1.720046345387594,-1.7037809530841272,-1.1327255407916468,-4.61781877676119,-4.890423957501547,0.6930469870567322,0.0,-0.0,0.0,0.0,0.0,0.0,0.0,0.0,0.0,0.0,0.0,0.0,0
1785980517,649662971,100.0,-1.7200582663165491,-1.7038167158709925,-1.1326897780047815,-4.61781877676119,-4.890423957501547,0.6930230259895325,0.0,-0.0,0.0,0.0,0.0,0.0,0.0,0.0,0.0,0.0,0.0,0.0,0
1785980517,669722795,100.0,-1.720046345387594,-1.7037809530841272,-1.1327374617206019,-4.6177828947650355,-4.890412036572592,0.6930709481239319,0.0,-0.0,0.0,0.0,0.0,0.0,0.0,0.0,0.0,0.0,0.0,0.0,0
1785980517,689624071,100.0,-1.7200582663165491,-1.7038167158709925,-1.132749382649557,-4.617758814488546,-4.890423957501547,0.6930709481239319,0.0,-0.0,0.0,0.0,0.0,0.0,0.0,0.0,0.0,0.0,0.0,0.0,0
1785980517,709798812,100.0,-1.7199981848346155,-1.7038410345660608,-1.1327136198626917,-4.6177828947650355,-4.890399638806478,0.6929990649223328,0.0,-0.0,0.0,0.0,0.0,0.0,0.0,0.0,0.0,0.0,0.0,0.0,0
1785980517,729616880,100.0,-1.720046345387594,-1.7037809530841272,-1.132749382649557,-4.617758814488546,-4.890423957501547,0.6930230259895325,0.0,-0.0,0.0,0.0,0.0,0.0,0.0,0.0,0.0,0.0,0.0,0.0,0
1785980517,749773740,100.0,-1.720034424458639,-1.703757111226217,-1.132761303578512,-4.6177828947650355,-4.890423957501547,0.6930469870567322,0.0,-0.0,0.0,0.0,0.0,0.0,0.0,0.0,0.0,0.0,0.0,0.0,0
1785980517,769891500,100.0,-1.7200105826007288,-1.7038410345660608,-1.1327255407916468,-4.617830816899435,-4.890375677739279,0.6930230259895325,0.0,-0.0,0.0,0.0,0.0,0.0,0.0,0.0,0.0,0.0,0.0,0.0,0
1785980517,789745092,100.0,-1.720046345387594,-1.7038052717791956,-1.1326897780047815,-4.6177828947650355,-4.890399638806478,0.6929990649223328,0.0,-0.0,0.0,0.0,0.0,0.0,0.0,0.0,0.0,0.0,0.0,0.0,0
1785980517,809616327,100.0,-1.7200701872455042,-1.7038291136371058,-1.1327255407916468,-4.617758814488546,-4.890412036572592,0.693058967590332,0.0,-0.0,0.0,0.0,0.0,0.0,0.0,0.0,0.0,0.0,0.0,0.0,0
1785980517,829716205,100.0,-1.7200945059405726,-1.7037809530841272,-1.1326773802386683,-4.6177948156939905,-4.890423957501547,0.693058967590332,0.0,-0.0,0.0,0.0,0.0,0.0,0.0,0.0,0.0,0.0,0.0,0.0,0
1785980517,849581480,100.0,-1.720046345387594,-1.7037928740130823,-1.132761303578512,-4.617758814488546,-4.890447918568746,0.6930469870567322,0.0,-0.0,0.0,0.0,0.0,0.0,0.0,0.0,0.0,0.0,0.0,0.0,0
1785980517,869666814,100.0,-1.720046345387594,-1.703757111226217,-1.132749382649557,-4.617806855832235,-4.890435997639791,0.6929990649223328,0.0,-0.0,0.0,0.0,0.0,0.0,0.0,0.0,0.0,0.0,0.0,0.0,0
1785980517,889567375,100.0,-1.7199981848346155,-1.7038052717791956,-1.1327016989337366,-4.617758814488546,-4.890387598668234,0.6930110454559326,0.0,-0.0,0.0,0.0,0.0,0.0,0.0,0.0,0.0,0.0,0.0,0.0,0
1785980517,909674644,100.0,-1.7200701872455042,-1.7038410345660608,-1.132749382649557,-4.617758814488546,-4.890387598668234,0.6930230259895325,0.0,-0.0,0.0,0.0,0.0,0.0,0.0,0.0,0.0,0.0,0.0,0.0,0
1785980517,929566621,100.0,-1.7200225035296839,-1.7038167158709925,-1.1327374617206019,-4.617770854626791,-4.890387598668234,0.6930230259895325,0.0,-0.0,0.0,0.0,0.0,0.0,0.0,0.0,0.0,0.0,0.0,0.0,0
1785980517,949613571,100.0,-1.7200225035296839,-1.7038410345660608,-1.1327856222735804,-4.617746893559591,-4.890399638806478,0.6930469870567322,0.0,-0.0,0.0,0.0,0.0,0.0,0.0,0.0,0.0,0.0,0.0,0.0,0
1785980517,969586849,100.0,-1.7199743429767054,-1.7038167158709925,-1.1327856222735804,-4.61781877676119,-4.890447918568746,0.6930230259895325,0.0,-0.0,0.0,0.0,0.0,0.0,0.0,0.0,0.0,0.0,0.0,0.0,0
1785980517,989685058,100.0,-1.7200701872455042,-1.7038052717791956,-1.132749382649557,-4.61781877676119,-4.890412036572592,0.6930350065231323,0.0,-0.0,0.0,0.0,0.0,0.0,0.0,0.0,0.0,0.0,0.0,0.0,0
1785980518,9613990,100.0,-1.720046345387594,-1.703864876423971,-1.132761303578512,-4.6177828947650355,-4.890423957501547,0.6930350065231323,0.0,-0.0,0.0,0.0,0.0,0.0,0.0,0.0,0.0,0.0,0.0,0.0,0
1785980518,29718637,100.0,-1.7200225035296839,-1.7037928740130823,-1.1327374617206019,-4.6177948156939905,-4.890423957501547,0.6929990649223328,0.0,-0.0,0.0,0.0,0.0,0.0,0.0,0.0,0.0,0.0,0.0,0.0,0
1785980518,49585342,100.0,-1.7199862639056605,-1.703745190297262,-1.132749382649557,-4.617806855832235,-4.890447918568746,0.6930350065231323,0.0,-0.0,0.0,0.0,0.0,0.0,0.0,0.0,0.0,0.0,0.0,0.0,0
1785980518,69658517,100.0,-1.7200582663165491,-1.7038291136371058,-1.132749382649557,-4.617770854626791,-4.890435997639791,0.6929990649223328,0.0,-0.0,0.0,0.0,0.0,0.0,0.0,0.0,0.0,0.0,0.0,0.0,0
1785980518,89586973,100.0,-1.7200225035296839,-1.7038052717791956,-1.1327737013446253,-4.6177948156939905,-4.890375677739279,0.6930230259895325,0.0,-0.0,0.0,0.0,0.0,0.0,0.0,0.0,0.0,0.0,0.0,0.0,0
1785980518,109710931,100.0,-1.720034424458639,-1.7038167158709925,-1.1327374617206019,-4.617770854626791,-4.890399638806478,0.6929990649223328,0.0,-0.0,0.0,0.0,0.0,0.0,0.0,0.0,0.0,0.0,0.0,0.0,0
1785980518,129569530,100.0,-1.7200225035296839,-1.7037690321551722,-1.132761303578512,-4.617746893559591,-4.890423957501547,0.6930469870567322,0.0,-0.0,0.0,0.0,0.0,0.0,0.0,0.0,0.0,0.0,0.0,0.0,0
1785980518,149677991,100.0,-1.7200105826007288,-1.7038052717791956,-1.132761303578512,-4.617758814488546,-4.890399638806478,0.693058967590332,0.0,-0.0,0.0,0.0,0.0,0.0,0.0,0.0,0.0,0.0,0.0,0.0,0
1785980518,169586420,100.0,-1.7200582663165491,-1.7038052717791956,-1.1327255407916468,-4.61781877676119,-4.890423957501547,0.6930350065231323,0.0,-0.0,0.0,0.0,0.0,0.0,0.0,0.0,0.0,0.0,0.0,0.0,0
1785980518,189675807,100.0,-1.7200821081744593,-1.7038052717791956,-1.1328094641314905,-4.617806855832235,-4.890423957501547,0.693058967590332,0.0,-0.0,0.0,0.0,0.0,0.0,0.0,0.0,0.0,0.0,0.0,0.0,0
1785980518,209636449,100.0,-1.7200582663165491,-1.7038291136371058,-1.132749382649557,-4.617770854626791,-4.890423957501547,0.6929990649223328,0.0,-0.0,0.0,0.0,0.0,0.0,0.0,0.0,0.0,0.0,0.0,0.0,0
1785980518,229711771,100.0,-1.720046345387594,-1.7038291136371058,-1.1327374617206019,-4.6177828947650355,-4.890447918568746,0.6930230259895325,0.0,-0.0,0.0,0.0,0.0,0.0,0.0,0.0,0.0,0.0,0.0,0.0,0
1785980518,249601364,100.0,-1.7200701872455042,-1.7038410345660608,-1.132749382649557,-4.6177948156939905,-4.890435997639791,0.6929990649223328,0.0,-0.0,0.0,0.0,0.0,0.0,0.0,0.0,0.0,0.0,0.0,0.0,0
1785980518,269800901,100.0,-1.720034424458639,-1.7038167158709925,-1.1327136198626917,-4.617806855832235,-4.890399638806478,0.6930230259895325,0.0,-0.0,0.0,0.0,0.0,0.0,0.0,0.0,0.0,0.0,0.0,0.0,0
1785980518,289554119,100.0,-1.7199981848346155,-1.7037690321551722,-1.132749382649557,-4.617806855832235,-4.890412036572592,0.6930350065231323,0.0,-0.0,0.0,0.0,0.0,0.0,0.0,0.0,0.0,0.0,0.0,0.0,0
1785980518,309767723,100.0,-1.7200821081744593,-1.7037809530841272,-1.132749382649557,-4.617770854626791,-4.890375677739279,0.6930350065231323,0.0,-0.0,0.0,0.0,0.0,0.0,0.0,0.0,0.0,0.0,0.0,0.0,0
1785980518,329542875,100.0,-1.720034424458639,-1.7037690321551722,-1.132749382649557,-4.617758814488546,-4.890399638806478,0.6929990649223328,0.0,-0.0,0.0,0.0,0.0,0.0,0.0,0.0,0.0,0.0,0.0,0.0,0
1785980518,349743843,100.0,-1.7200105826007288,-1.7038052717791956,-1.1326897780047815,-4.617770854626791,-4.890399638806478,0.6930469870567322,0.0,-0.0,0.0,0.0,0.0,0.0,0.0,0.0,0.0,0.0,0.0,0.0,0
1785980518,369586229,100.0,-1.720046345387594,-1.7038167158709925,-1.132749382649557,-4.617770854626791,-4.890412036572592,0.6930469870567322,0.0,-0.0,0.0,0.0,0.0,0.0,0.0,0.0,0.0,0.0,0.0,0.0,0
1785980518,389706611,100.0,-1.7200582663165491,-1.7038167158709925,-1.132749382649557,-4.617758814488546,-4.890387598668234,0.693058967590332,0.0,-0.0,0.0,0.0,0.0,0.0,0.0,0.0,0.0,0.0,0.0,0.0,0
1785980518,409586906,100.0,-1.720034424458639,-1.7037809530841272,-1.132749382649557,-4.617806855832235,-4.890387598668234,0.6930709481239319,0.0,-0.0,0.0,0.0,0.0,0.0,0.0,0.0,0.0,0.0,0.0,0.0,0
1785980518,429729700,100.0,-1.7200105826007288,-1.7038410345660608,-1.1327255407916468,-4.6177828947650355,-4.890375677739279,0.6930469870567322,0.0,-0.0,0.0,0.0,0.0,0.0,0.0,0.0,0.0,0.0,0.0,0.0,0
1785980518,449628829,100.0,-1.7200225035296839,-1.7038052717791956,-1.1327374617206019,-4.6177348534213465,-4.890412036572592,0.6930230259895325,0.0,-0.0,0.0,0.0,0.0,0.0,0.0,0.0,0.0,0.0,0.0,0.0,0
1785980518,469702243,100.0,-1.7199981848346155,-1.703876797352926,-1.1327374617206019,-4.617746893559591,-4.890423957501547,0.6930469870567322,0.0,-0.0,0.0,0.0,0.0,0.0,0.0,0.0,0.0,0.0,0.0,0.0,0
1785980518,489559888,100.0,-1.7199981848346155,-1.7038410345660608,-1.1327374617206019,-4.6177348534213465,-4.890399638806478,0.6930469870567322,0.0,-0.0,0.0,0.0,0.0,0.0,0.0,0.0,0.0,0.0,0.0,0.0,0
1785980518,509703159,100.0,-1.720034424458639,-1.7037690321551722,-1.1327975432025355,-4.6177828947650355,-4.890399638806478,0.693058967590332,0.0,-0.0,0.0,0.0,0.0,0.0,0.0,0.0,0.0,0.0,0.0,0.0,0
1785980518,529621362,100.0,-1.7200582663165491,-1.7038167158709925,-1.1327016989337366,-4.6177828947650355,-4.890375677739279,0.693058967590332,0.0,-0.0,0.0,0.0,0.0,0.0,0.0,0.0,0.0,0.0,0.0,0.0,0
1785980518,549752950,100.0,-1.720034424458639,-1.7038167158709925,-1.132749382649557,-4.617806855832235,-4.890435997639791,0.6930829286575317,0.0,-0.0,0.0,0.0,0.0,0.0,0.0,0.0,0.0,0.0,0.0,0.0,0
1785980518,569639205,100.0,-1.720034424458639,-1.703745190297262,-1.1327255407916468,-4.6177948156939905,-4.890375677739279,0.6929990649223328,0.0,-0.0,0.0,0.0,0.0,0.0,0.0,0.0,0.0,0.0,0.0,0.0,0
1785980518,589738845,100.0,-1.720046345387594,-1.7037690321551722,-1.1327016989337366,-4.6177948156939905,-4.890375677739279,0.6930110454559326,0.0,-0.0,0.0,0.0,0.0,0.0,0.0,0.0,0.0,0.0,0.0,0.0,0
1785980518,609702825,100.0,-1.7200105826007288,-1.7038167158709925,-1.1327255407916468,-4.617806855832235,-4.890412036572592,0.693058967590332,0.0,-0.0,0.0,0.0,0.0,0.0,0.0,0.0,0.0,0.0,0.0,0.0,0
1785980518,629751920,100.0,-1.7200105826007288,-1.7038052717791956,-1.1327255407916468,-4.617758814488546,-4.890399638806478,0.6930829286575317,0.0,-0.0,0.0,0.0,0.0,0.0,0.0,0.0,0.0,0.0,0.0,0.0,0
1785980518,649608850,100.0,-1.7200105826007288,-1.7038052717791956,-1.1327374617206019,-4.6177948156939905,-4.890435997639791,0.6930709481239319,0.0,-0.0,0.0,0.0,0.0,0.0,0.0,0.0,0.0,0.0,0.0,0.0,0
1785980518,669741153,100.0,-1.7200225035296839,-1.7037928740130823,-1.1327374617206019,-4.617758814488546,-4.890375677739279,0.6930110454559326,0.0,-0.0,0.0,0.0,0.0,0.0,0.0,0.0,0.0,0.0,0.0,0.0,0
1785980518,689674854,100.0,-1.7200701872455042,-1.7038167158709925,-1.132749382649557,-4.617758814488546,-4.890423957501547,0.693058967590332,0.0,-0.0,0.0,0.0,0.0,0.0,0.0,0.0,0.0,0.0,0.0,0.0,0
1785980518,709732294,100.0,-1.7200225035296839,-1.703864876423971,-1.132761303578512,-4.6177348534213465,-4.890399638806478,0.693058967590332,0.0,-0.0,0.0,0.0,0.0,0.0,0.0,0.0,0.0,0.0,0.0,0.0,0
1785980518,729764699,100.0,-1.720034424458639,-1.703852955495016,-1.1327136198626917,-4.6177828947650355,-4.890412036572592,0.6930230259895325,0.0,-0.0,0.0,0.0,0.0,0.0,0.0,0.0,0.0,0.0,0.0,0.0,0
1785980518,749852180,100.0,-1.720046345387594,-1.7037809530841272,-1.1327856222735804,-4.617806855832235,-4.890399638806478,0.6930350065231323,0.0,-0.0,0.0,0.0,0.0,0.0,0.0,0.0,0.0,0.0,0.0,0.0,0
1785980518,769578933,100.0,-1.720046345387594,-1.7038052717791956,-1.132749382649557,-4.617806855832235,-4.890447918568746,0.6930469870567322,0.0,-0.0,0.0,0.0,0.0,0.0,0.0,0.0,0.0,0.0,0.0,0.0,0
1785980518,789813995,100.0,-1.7200105826007288,-1.7038291136371058,-1.1327374617206019,-4.617830816899435,-4.890375677739279,0.6930469870567322,0.0,-0.0,0.0,0.0,0.0,0.0,0.0,0.0,0.0,0.0,0.0,0.0,0
1785980518,809613943,100.0,-1.7200582663165491,-1.7038052717791956,-1.1327374617206019,-4.617770854626791,-4.890435997639791,0.6929990649223328,0.0,-0.0,0.0,0.0,0.0,0.0,0.0,0.0,0.0,0.0,0.0,0.0,0
1785980518,829833507,100.0,-1.7200701872455042,-1.7037928740130823,-1.132749382649557,-4.61781877676119,-4.890375677739279,0.6929870843887329,0.0,-0.0,0.0,0.0,0.0,0.0,0.0,0.0,0.0,0.0,0.0,0.0,0
1785980518,849618673,100.0,-1.7200225035296839,-1.7037690321551722,-1.132749382649557,-4.617770854626791,-4.890399638806478,0.6930829286575317,0.0,-0.0,0.0,0.0,0.0,0.0,0.0,0.0,0.0,0.0,0.0,0.0,0
1785980518,869719028,100.0,-1.7200821081744593,-1.7038410345660608,-1.132749382649557,-4.617758814488546,-4.890399638806478,0.6930469870567322,0.0,-0.0,0.0,0.0,0.0,0.0,0.0,0.0,0.0,0.0,0.0,0.0,0
1785980518,889548778,100.0,-1.7200225035296839,-1.7038167158709925,-1.132749382649557,-4.617770854626791,-4.890423957501547,0.6930350065231323,0.0,-0.0,0.0,0.0,0.0,0.0,0.0,0.0,0.0,0.0,0.0,0.0,0
1785980518,909727573,100.0,-1.7200701872455042,-1.7038052717791956,-1.1327374617206019,-4.61781877676119,-4.890423957501547,0.6930469870567322,0.0,-0.0,0.0,0.0,0.0,0.0,0.0,0.0,0.0,0.0,0.0,0.0,0
1785980518,929679155,100.0,-1.7200225035296839,-1.7038167158709925,-1.132749382649557,-4.6177828947650355,-4.890447918568746,0.693058967590332,0.0,-0.0,0.0,0.0,0.0,0.0,0.0,0.0,0.0,0.0,0.0,0.0,0
1785980518,949807405,100.0,-1.7200945059405726,-1.703852955495016,-1.132761303578512,-4.6177348534213465,-4.890435997639791,0.6930230259895325,0.0,-0.0,0.0,0.0,0.0,0.0,0.0,0.0,0.0,0.0,0.0,0.0,0
1785980518,969672918,100.0,-1.720046345387594,-1.7037690321551722,-1.1327016989337366,-4.6177828947650355,-4.890435997639791,0.6930709481239319,0.0,-0.0,0.0,0.0,0.0,0.0,0.0,0.0,0.0,0.0,0.0,0.0,0
1785980518,989732503,100.0,-1.7200701872455042,-1.7037809530841272,-1.1327374617206019,-4.617806855832235,-4.890447918568746,0.6930110454559326,0.0,-0.0,0.0,0.0,0.0,0.0,0.0,0.0,0.0,0.0,0.0,0.0,0
1785980519,9657859,100.0,-1.7199624220477503,-1.7037928740130823,-1.132749382649557,-4.617758814488546,-4.890387598668234,0.6930469870567322,0.0,-0.0,0.0,0.0,0.0,0.0,0.0,0.0,0.0,0.0,0.0,0.0,0
1785980519,29782533,100.0,-1.720046345387594,-1.7038167158709925,-1.1327374617206019,-4.617830816899435,-4.890412036572592,0.6930469870567322,0.0,-0.0,0.0,0.0,0.0,0.0,0.0,0.0,0.0,0.0,0.0,0.0,0
1785980519,49577236,100.0,-1.7200701872455042,-1.7038167158709925,-1.1327255407916468,-4.6177828947650355,-4.890435997639791,0.6930949091911316,0.0,-0.0,0.0,0.0,0.0,0.0,0.0,0.0,0.0,0.0,0.0,0.0,0
1785980519,70011138,100.0,-1.720046345387594,-1.7038052717791956,-1.132761303578512,-4.61781877676119,-4.890375677739279,0.6930709481239319,0.0,-0.0,0.0,0.0,0.0,0.0,0.0,0.0,0.0,0.0,0.0,0.0,0
1785980519,89529752,100.0,-1.7200225035296839,-1.7038052717791956,-1.1327374617206019,-4.617770854626791,-4.890399638806478,0.6930350065231323,0.0,-0.0,0.0,0.0,0.0,0.0,0.0,0.0,0.0,0.0,0.0,0.0,0
1785980519,109758138,100.0,-1.7200105826007288,-1.7038052717791956,-1.132761303578512,-4.617770854626791,-4.890435997639791,0.6930110454559326,0.0,-0.0,0.0,0.0,0.0,0.0,0.0,0.0,0.0,0.0,0.0,0.0,0
1785980519,129677057,100.0,-1.7200225035296839,-1.7037928740130823,-1.1327374617206019,-4.6177828947650355,-4.890412036572592,0.6930110454559326,0.0,-0.0,0.0,0.0,0.0,0.0,0.0,0.0,0.0,0.0,0.0,0.0,0
1785980519,149743795,100.0,-1.7200582663165491,-1.7038052717791956,-1.132749382649557,-4.6177828947650355,-4.890412036572592,0.6930350065231323,0.0,-0.0,0.0,0.0,0.0,0.0,0.0,0.0,0.0,0.0,0.0,0.0,0
1785980519,169580698,100.0,-1.7200225035296839,-1.7037809530841272,-1.1327255407916468,-4.617770854626791,-4.890447918568746,0.6930110454559326,0.0,-0.0,0.0,0.0,0.0,0.0,0.0,0.0,0.0,0.0,0.0,0.0,0
1785980519,189637660,100.0,-1.7200582663165491,-1.7037809530841272,-1.1327136198626917,-4.617770854626791,-4.890375677739279,0.6930230259895325,0.0,-0.0,0.0,0.0,0.0,0.0,0.0,0.0,0.0,0.0,0.0,0.0,0
1785980519,209535121,100.0,-1.7200225035296839,-1.7037690321551722,-1.1327737013446253,-4.61781877676119,-4.890412036572592,0.6930469870567322,0.0,-0.0,0.0,0.0,0.0,0.0,0.0,0.0,0.0,0.0,0.0,0.0,0
1785980519,229615449,100.0,-1.720034424458639,-1.7038167158709925,-1.1327737013446253,-4.617806855832235,-4.890387598668234,0.6930350065231323,0.0,-0.0,0.0,0.0,0.0,0.0,0.0,0.0,0.0,0.0,0.0,0.0,0
1785980519,249663114,100.0,-1.7199743429767054,-1.703852955495016,-1.132749382649557,-4.6177948156939905,-4.890387598668234,0.6930350065231323,0.0,-0.0,0.0,0.0,0.0,0.0,0.0,0.0,0.0,0.0,0.0,0.0,0
1785980519,269635438,100.0,-1.7200225035296839,-1.7037327925311487,-1.1327255407916468,-4.6177948156939905,-4.890447918568746,0.6930709481239319,0.0,-0.0,0.0,0.0,0.0,0.0,0.0,0.0,0.0,0.0,0.0,0.0,0
1785980519,289565801,100.0,-1.7200582663165491,-1.7038052717791956,-1.1327737013446253,-4.617746893559591,-4.890399638806478,0.6930469870567322,0.0,-0.0,0.0,0.0,0.0,0.0,0.0,0.0,0.0,0.0,0.0,0.0,0
1785980519,309660434,100.0,-1.7200105826007288,-1.7038167158709925,-1.1326773802386683,-4.617806855832235,-4.890412036572592,0.693058967590332,0.0,-0.0,0.0,0.0,0.0,0.0,0.0,0.0,0.0,0.0,0.0,0.0,0
1785980519,329541206,100.0,-1.7200701872455042,-1.7038167158709925,-1.1327136198626917,-4.617806855832235,-4.890399638806478,0.693058967590332,0.0,-0.0,0.0,0.0,0.0,0.0,0.0,0.0,0.0,0.0,0.0,0.0,0
1785980519,349780082,100.0,-1.7200701872455042,-1.7038291136371058,-1.1327016989337366,-4.617770854626791,-4.890447918568746,0.6930230259895325,0.0,-0.0,0.0,0.0,0.0,0.0,0.0,0.0,0.0,0.0,0.0,0.0,0
1785980519,369663715,100.0,-1.7200225035296839,-1.7038052717791956,-1.1327016989337366,-4.6177828947650355,-4.890447918568746,0.693058967590332,0.0,-0.0,0.0,0.0,0.0,0.0,0.0,0.0,0.0,0.0,0.0,0.0,0
1785980519,389820575,100.0,-1.720046345387594,-1.7038410345660608,-1.132749382649557,-4.617770854626791,-4.890399638806478,0.693058967590332,0.0,-0.0,0.0,0.0,0.0,0.0,0.0,0.0,0.0,0.0,0.0,0.0,0
1785980519,409878015,100.0,-1.7201064268695276,-1.703852955495016,-1.132749382649557,-4.617806855832235,-4.890435997639791,0.6929990649223328,0.0,-0.0,0.0,0.0,0.0,0.0,0.0,0.0,0.0,0.0,0.0,0.0,0
1785980519,429748296,100.0,-1.720046345387594,-1.7037809530841272,-1.132749382649557,-4.617770854626791,-4.890423957501547,0.6930110454559326,0.0,-0.0,0.0,0.0,0.0,0.0,0.0,0.0,0.0,0.0,0.0,0.0,0
1785980519,449597358,100.0,-1.7200105826007288,-1.7037690321551722,-1.1327374617206019,-4.6177828947650355,-4.890399638806478,0.6930110454559326,0.0,-0.0,0.0,0.0,0.0,0.0,0.0,0.0,0.0,0.0,0.0,0.0,0
1785980519,469901084,100.0,-1.7199981848346155,-1.7037690321551722,-1.1327255407916468,-4.617770854626791,-4.890435997639791,0.6930350065231323,0.0,-0.0,0.0,0.0,0.0,0.0,0.0,0.0,0.0,0.0,0.0,0.0,0
1785980519,489626884,100.0,-1.7200821081744593,-1.7038052717791956,-1.1327374617206019,-4.617806855832235,-4.890387598668234,0.6930110454559326,0.0,-0.0,0.0,0.0,0.0,0.0,0.0,0.0,0.0,0.0,0.0,0.0,0
1785980519,509687900,100.0,-1.7200582663165491,-1.7038291136371058,-1.132749382649557,-4.6177828947650355,-4.890375677739279,0.6930230259895325,0.0,-0.0,0.0,0.0,0.0,0.0,0.0,0.0,0.0,0.0,0.0,0.0,0
1785980519,529538631,100.0,-1.7200105826007288,-1.7038291136371058,-1.132761303578512,-4.617758814488546,-4.890423957501547,0.6929990649223328,0.0,-0.0,0.0,0.0,0.0,0.0,0.0,0.0,0.0,0.0,0.0,0.0,0
1785980519,549813985,100.0,-1.720034424458639,-1.7038291136371058,-1.1327016989337366,-4.617722932492391,-4.890399638806478,0.6929870843887329,0.0,-0.0,0.0,0.0,0.0,0.0,0.0,0.0,0.0,0.0,0.0,0.0,0
1785980519,569755077,100.0,-1.720034424458639,-1.7037928740130823,-1.1327374617206019,-4.6177948156939905,-4.890387598668234,0.6930709481239319,0.0,-0.0,0.0,0.0,0.0,0.0,0.0,0.0,0.0,0.0,0.0,0.0,0
1785980519,589720010,100.0,-1.7200582663165491,-1.7038167158709925,-1.132761303578512,-4.6177948156939905,-4.890435997639791,0.6930110454559326,0.0,-0.0,0.0,0.0,0.0,0.0,0.0,0.0,0.0,0.0,0.0,0.0,0
1785980519,609675168,100.0,-1.7200821081744593,-1.703852955495016,-1.1327255407916468,-4.617758814488546,-4.890399638806478,0.6930949091911316,0.0,-0.0,0.0,0.0,0.0,0.0,0.0,0.0,0.0,0.0,0.0,0.0,0
1785980519,629813671,100.0,-1.7200582663165491,-1.7037327925311487,-1.132749382649557,-4.61781877676119,-4.890387598668234,0.6930469870567322,0.0,-0.0,0.0,0.0,0.0,0.0,0.0,0.0,0.0,0.0,0.0,0.0,0
1785980519,649605274,100.0,-1.7199981848346155,-1.703852955495016,-1.1327016989337366,-4.617806855832235,-4.890435997639791,0.6930230259895325,0.0,-0.0,0.0,0.0,0.0,0.0,0.0,0.0,0.0,0.0,0.0,0.0,0
1785980519,669901847,100.0,-1.7200225035296839,-1.7037928740130823,-1.1327255407916468,-4.617746893559591,-4.890399638806478,0.6930469870567322,0.0,-0.0,0.0,0.0,0.0,0.0,0.0,0.0,0.0,0.0,0.0,0.0,0
1785980519,689635276,100.0,-1.7200225035296839,-1.7037928740130823,-1.1327856222735804,-4.6177828947650355,-4.890423957501547,0.6930350065231323,0.0,-0.0,0.0,0.0,0.0,0.0,0.0,0.0,0.0,0.0,0.0,0.0,0
1785980519,709691286,100.0,-1.7200225035296839,-1.703852955495016,-1.132761303578512,-4.617758814488546,-4.890412036572592,0.6930110454559326,0.0,-0.0,0.0,0.0,0.0,0.0,0.0,0.0,0.0,0.0,0.0,0.0,0
1785980519,729629039,100.0,-1.7200105826007288,-1.7038167158709925,-1.1327255407916468,-4.6177828947650355,-4.890423957501547,0.6930709481239319,0.0,-0.0,0.0,0.0,0.0,0.0,0.0,0.0,0.0,0.0,0.0,0.0,0
1785980519,749718427,100.0,-1.7200105826007288,-1.7038167158709925,-1.1327136198626917,-4.6177948156939905,-4.890447918568746,0.6930350065231323,0.0,-0.0,0.0,0.0,0.0,0.0,0.0,0.0,0.0,0.0,0.0,0.0,0
1785980519,769631862,100.0,-1.720046345387594,-1.7038167158709925,-1.132749382649557,-4.617758814488546,-4.890412036572592,0.6930350065231323,0.0,-0.0,0.0,0.0,0.0,0.0,0.0,0.0,0.0,0.0,0.0,0.0,0
1785980519,789734125,100.0,-1.720034424458639,-1.7038291136371058,-1.1327255407916468,-4.617758814488546,-4.890375677739279,0.6930110454559326,0.0,-0.0,0.0,0.0,0.0,0.0,0.0,0.0,0.0,0.0,0.0,0.0,0
1785980519,809643030,100.0,-1.720046345387594,-1.7038410345660608,-1.1327255407916468,-4.61784273782839,-4.890399638806478,0.6930350065231323,0.0,-0.0,0.0,0.0,0.0,0.0,0.0,0.0,0.0,0.0,0.0,0.0,0
1785980519,829796075,100.0,-1.720034424458639,-1.7038291136371058,-1.1327136198626917,-4.617758814488546,-4.890447918568746,0.6930709481239319,0.0,-0.0,0.0,0.0,0.0,0.0,0.0,0.0,0.0,0.0,0.0,0.0,0
1785980519,849683284,100.0,-1.7200582663165491,-1.7038410345660608,-1.1327975432025355,-4.6177948156939905,-4.890363637601034,0.693058967590332,0.0,-0.0,0.0,0.0,0.0,0.0,0.0,0.0,0.0,0.0,0.0,0.0,0
1785980519,869781017,100.0,-1.720046345387594,-1.7037809530841272,-1.1327374617206019,-4.6177828947650355,-4.890435997639791,0.6930110454559326,0.0,-0.0,0.0,0.0,0.0,0.0,0.0,0.0,0.0,0.0,0.0,0.0,0
1785980519,889628648,100.0,-1.7200225035296839,-1.7038052717791956,-1.1327737013446253,-4.617806855832235,-4.890375677739279,0.6930110454559326,0.0,-0.0,0.0,0.0,0.0,0.0,0.0,0.0,0.0,0.0,0.0,0.0,0
1785980519,909935712,100.0,-1.7200225035296839,-1.7038291136371058,-1.1327136198626917,-4.617806855832235,-4.890399638806478,0.6930350065231323,0.0,-0.0,0.0,0.0,0.0,0.0,0.0,0.0,0.0,0.0,0.0,0.0,0
1785980519,929687261,100.0,-1.720034424458639,-1.7038410345660608,-1.1327016989337366,-4.617806855832235,-4.890447918568746,0.6929990649223328,0.0,-0.0,0.0,0.0,0.0,0.0,0.0,0.0,0.0,0.0,0.0,0.0,0
1785980519,949913263,100.0,-1.7200701872455042,-1.7038052717791956,-1.132761303578512,-4.617770854626791,-4.890375677739279,0.6929990649223328,0.0,-0.0,0.0,0.0,0.0,0.0,0.0,0.0,0.0,0.0,0.0,0.0,0
1785980519,969673871,100.0,-1.7200225035296839,-1.7038410345660608,-1.1327136198626917,-4.617770854626791,-4.890423957501547,0.6930469870567322,0.0,-0.0,0.0,0.0,0.0,0.0,0.0,0.0,0.0,0.0,0.0,0.0,0
1785980519,989914894,100.0,-1.7200225035296839,-1.7037809530841272,-1.1327374617206019,-4.617806855832235,-4.890387598668234,0.6930110454559326,0.0,-0.0,0.0,0.0,0.0,0.0,0.0,0.0,0.0,0.0,0.0,0.0,0
1785980520,9760618,100.0,-1.7200225035296839,-1.7038291136371058,-1.1327374617206019,-4.617758814488546,-4.890399638806478,0.6930469870567322,0.0,-0.0,0.0,0.0,0.0,0.0,0.0,0.0,0.0,0.0,0.0,0.0,0
1785980520,29969453,100.0,-1.7200701872455042,-1.7038052717791956,-1.1327374617206019,-4.6177948156939905,-4.890399638806478,0.6930350065231323,0.0,-0.0,0.0,0.0,0.0,0.0,0.0,0.0,0.0,0.0,0.0,0.0,0
1785980520,49705028,100.0,-1.7200225035296839,-1.7038410345660608,-1.132749382649557,-4.617758814488546,-4.890423957501547,0.6930230259895325,0.0,-0.0,0.0,0.0,0.0,0.0,0.0,0.0,0.0,0.0,0.0,0.0,0
1785980520,69914579,100.0,-1.720034424458639,-1.7037928740130823,-1.132761303578512,-4.6177948156939905,-4.890399638806478,0.6930230259895325,0.0,-0.0,0.0,0.0,0.0,0.0,0.0,0.0,0.0,0.0,0.0,0.0,0
1785980520,89632272,100.0,-1.720046345387594,-1.7038291136371058,-1.132749382649557,-4.617806855832235,-4.890375677739279,0.6930230259895325,0.0,-0.0,0.0,0.0,0.0,0.0,0.0,0.0,0.0,0.0,0.0,0.0,0
1785980520,109897136,100.0,-1.7200105826007288,-1.7038167158709925,-1.132749382649557,-4.61781877676119,-4.890435997639791,0.6930469870567322,0.0,-0.0,0.0,0.0,0.0,0.0,0.0,0.0,0.0,0.0,0.0,0.0,0
1785980520,129679441,100.0,-1.7200105826007288,-1.7038410345660608,-1.1327374617206019,-4.61781877676119,-4.890412036572592,0.6930469870567322,0.0,-0.0,0.0,0.0,0.0,0.0,0.0,0.0,0.0,0.0,0.0,0.0,0
1785980520,149797439,100.0,-1.7200225035296839,-1.703745190297262,-1.1327374617206019,-4.617770854626791,-4.890387598668234,0.6930230259895325,0.0,-0.0,0.0,0.0,0.0,0.0,0.0,0.0,0.0,0.0,0.0,0.0,0
1785980520,169637203,100.0,-1.720046345387594,-1.7037690321551722,-1.1327737013446253,-4.617770854626791,-4.890399638806478,0.6930230259895325,0.0,-0.0,0.0,0.0,0.0,0.0,0.0,0.0,0.0,0.0,0.0,0.0,0
1785980520,189899206,100.0,-1.7200945059405726,-1.7038167158709925,-1.132761303578512,-4.6177828947650355,-4.890435997639791,0.693058967590332,0.0,-0.0,0.0,0.0,0.0,0.0,0.0,0.0,0.0,0.0,0.0,0.0,0
1785980520,209662199,100.0,-1.7200701872455042,-1.7038052717791956,-1.1327255407916468,-4.6177828947650355,-4.890412036572592,0.6929990649223328,0.0,-0.0,0.0,0.0,0.0,0.0,0.0,0.0,0.0,0.0,0.0,0.0,0
1785980520,229870796,100.0,-1.7200225035296839,-1.7038291136371058,-1.1327255407916468,-4.617758814488546,-4.890375677739279,0.6930350065231323,0.0,-0.0,0.0,0.0,0.0,0.0,0.0,0.0,0.0,0.0,0.0,0.0,0
1785980520,249712944,100.0,-1.7200582663165491,-1.7038410345660608,-1.1327255407916468,-4.617770854626791,-4.890412036572592,0.6929870843887329,0.0,-0.0,0.0,0.0,0.0,0.0,0.0,0.0,0.0,0.0,0.0,0.0,0
1785980520,269967555,100.0,-1.720034424458639,-1.7038167158709925,-1.1327255407916468,-4.617770854626791,-4.890399638806478,0.6930230259895325,0.0,-0.0,0.0,0.0,0.0,0.0,0.0,0.0,0.0,0.0,0.0,0.0,0
1785980520,289684534,100.0,-1.7200582663165491,-1.7038052717791956,-1.132761303578512,-4.617758814488546,-4.890387598668234,0.6930230259895325,0.0,-0.0,0.0,0.0,0.0,0.0,0.0,0.0,0.0,0.0,0.0,0.0,0
1785980520,309896469,100.0,-1.7200225035296839,-1.7038410345660608,-1.1327255407916468,-4.617806855832235,-4.890447918568746,0.6930350065231323,0.0,-0.0,0.0,0.0,0.0,0.0,0.0,0.0,0.0,0.0,0.0,0.0,0
1785980520,329626798,100.0,-1.7200701872455042,-1.7038052717791956,-1.1327136198626917,-4.6177828947650355,-4.890412036572592,0.6930110454559326,0.0,-0.0,0.0,0.0,0.0,0.0,0.0,0.0,0.0,0.0,0.0,0.0,0
1785980520,349756956,100.0,-1.7200821081744593,-1.7038052717791956,-1.132761303578512,-4.617770854626791,-4.890423957501547,0.6930469870567322,0.0,-0.0,0.0,0.0,0.0,0.0,0.0,0.0,0.0,0.0,0.0,0.0,0
1785980520,369593620,100.0,-1.7200225035296839,-1.7038410345660608,-1.132749382649557,-4.617770854626791,-4.890412036572592,0.6929751038551331,0.0,-0.0,0.0,0.0,0.0,0.0,0.0,0.0,0.0,0.0,0.0,0.0,0
1785980520,396646261,100.0,-1.7200225035296839,-1.7038410345660608,-1.132749382649557,-4.617770854626791,-4.890412036572592,0.6929751038551331,0.0,-0.0,0.0,0.0,0.0,0.0,0.0,0.0,0.0,0.0,0.0,0.0,0
1785980520,409796237,100.0,-1.720046345387594,-1.703745190297262,-1.1327136198626917,-4.617806855832235,-4.890423957501547,0.6930110454559326,0.0,-0.0,0.0,0.0,0.0,0.0,0.0,0.0,0.0,0.0,0.0,0.0,0
1785980520,429731607,100.0,-1.7200701872455042,-1.7038167158709925,-1.1327374617206019,-4.6177348534213465,-4.890435997639791,0.6930469870567322,0.0,-0.0,0.0,0.0,0.0,0.0,0.0,0.0,0.0,0.0,0.0,0.0,0
1785980520,449780464,100.0,-1.7200701872455042,-1.7038167158709925,-1.1327374617206019,-4.6177348534213465,-4.890435997639791,0.6930469870567322,0.0,-0.0,0.0,0.0,0.0,0.0,0.0,0.0,0.0,0.0,0.0,0.0,0
1785980520,469839334,100.0,-1.7200701872455042,-1.7038167158709925,-1.1327374617206019,-4.6177348534213465,-4.890435997639791,0.6930469870567322,0.0,-0.0,0.0,0.0,0.0,0.0,0.0,0.0,0.0,0.0,0.0,0.0,0
1785980520,489951372,100.0,-1.720034424458639,-1.7038167158709925,-1.1327016989337366,-4.617770854626791,-4.890375677739279,0.6929990649223328,0.0,-0.0,0.0,0.0,0.0,0.0,0.0,0.0,0.0,0.0,0.0,0.0,0
1785980520,509842395,100.0,-1.720034424458639,-1.7038167158709925,-1.1327016989337366,-4.617770854626791,-4.890375677739279,0.6929990649223328,0.0,-0.0,0.0,0.0,0.0,0.0,0.0,0.0,0.0,0.0,0.0,0.0,0
1785980520,529532432,100.0,-1.720034424458639,-1.703852955495016,-1.1327136198626917,-4.61781877676119,-4.890399638806478,0.6930110454559326,0.0,-0.0,0.0,0.0,0.0,0.0,0.0,0.0,0.0,0.0,0.0,0.0,0
1785980520,549748420,100.0,-1.720034424458639,-1.703757111226217,-1.1327374617206019,-4.617806855832235,-4.890399638806478,0.6930829286575317,0.0,-0.0,0.0,0.0,0.0,0.0,0.0,0.0,0.0,0.0,0.0,0.0,0
1785980520,569678544,100.0,-1.720046345387594,-1.7037809530841272,-1.132761303578512,-4.617770854626791,-4.890435997639791,0.6930230259895325,0.0,-0.0,0.0,0.0,0.0,0.0,0.0,0.0,0.0,0.0,0.0,0.0,0
1785980520,589667320,100.0,-1.7200821081744593,-1.703757111226217,-1.1327136198626917,-4.6177828947650355,-4.890399638806478,0.6930350065231323,0.0,-0.0,0.0,0.0,0.0,0.0,0.0,0.0,0.0,0.0,0.0,0.0,0
1785980520,609680175,100.0,-1.7200582663165491,-1.7037928740130823,-1.1327016989337366,-4.6177948156939905,-4.890447918568746,0.6930230259895325,0.0,-0.0,0.0,0.0,0.0,0.0,0.0,0.0,0.0,0.0,0.0,0.0,0
1785980520,629698753,100.0,-1.720034424458639,-1.7037928740130823,-1.1327374617206019,-4.617770854626791,-4.890423957501547,0.6929990649223328,0.0,-0.0,0.0,0.0,0.0,0.0,0.0,0.0,0.0,0.0,0.0,0.0,0
1785980520,649743080,100.0,-1.720034424458639,-1.7037928740130823,-1.1327255407916468,-4.61781877676119,-4.890447918568746,0.6930469870567322,0.0,-0.0,0.0,0.0,0.0,0.0,0.0,0.0,0.0,0.0,0.0,0.0,0
1785980520,669693231,100.0,-1.720046345387594,-1.7038291136371058,-1.1327016989337366,-4.617758814488546,-4.890412036572592,0.6929751038551331,0.0,-0.0,0.0,0.0,0.0,0.0,0.0,0.0,0.0,0.0,0.0,0.0,0
1785980520,689496278,100.0,-1.7200701872455042,-1.7037690321551722,-1.132749382649557,-4.617770854626791,-4.890399638806478,0.693058967590332,0.0,-0.0,0.0,0.0,0.0,0.0,0.0,0.0,0.0,0.0,0.0,0.0,0
1785980520,709683656,100.0,-1.720046345387594,-1.7038167158709925,-1.1327737013446253,-4.617746893559591,-4.890435997639791,0.6930230259895325,0.0,-0.0,0.0,0.0,0.0,0.0,0.0,0.0,0.0,0.0,0.0,0.0,0
1785980520,729732513,100.0,-1.7200105826007288,-1.7037809530841272,-1.132749382649557,-4.617746893559591,-4.890423957501547,0.6930469870567322,0.0,-0.0,0.0,0.0,0.0,0.0,0.0,0.0,0.0,0.0,0.0,0.0,0
1785980520,749776363,100.0,-1.720034424458639,-1.7038291136371058,-1.132749382649557,-4.617746893559591,-4.890435997639791,0.6929870843887329,0.0,-0.0,0.0,0.0,0.0,0.0,0.0,0.0,0.0,0.0,0.0,0.0,0
1785980520,769625902,100.0,-1.720046345387594,-1.703745190297262,-1.132749382649557,-4.6177828947650355,-4.890423957501547,0.6930230259895325,0.0,-0.0,0.0,0.0,0.0,0.0,0.0,0.0,0.0,0.0,0.0,0.0,0
1785980520,789778947,100.0,-1.720046345387594,-1.703745190297262,-1.132749382649557,-4.6177828947650355,-4.890423957501547,0.6930230259895325,0.0,-0.0,0.0,0.0,0.0,0.0,0.0,0.0,0.0,0.0,0.0,0.0,0
1785980520,809786558,100.0,-1.720034424458639,-1.7038167158709925,-1.1327255407916468,-4.6177948156939905,-4.890435997639791,0.6929990649223328,0.0,-0.0,0.0,0.0,0.0,0.0,0.0,0.0,0.0,0.0,0.0,0.0,0
1785980520,829783439,100.0,-1.7200225035296839,-1.7037928740130823,-1.132749382649557,-4.6177828947650355,-4.890459958706991,0.6930469870567322,0.0,-0.0,0.0,0.0,0.0,0.0,0.0,0.0,0.0,0.0,0.0,0.0,0
1785980520,849819660,100.0,-1.720034424458639,-1.703745190297262,-1.1327136198626917,-4.6177828947650355,-4.890435997639791,0.6929990649223328,0.0,-0.0,0.0,0.0,0.0,0.0,0.0,0.0,0.0,0.0,0.0,0.0,0
1785980520,869724988,100.0,-1.720034424458639,-1.7037928740130823,-1.1327016989337366,-4.617806855832235,-4.890423957501547,0.693058967590332,0.0,-0.0,0.0,0.0,0.0,0.0,0.0,0.0,0.0,0.0,0.0,0.0,0
1785980520,890655994,100.0,-1.7199981848346155,-1.7037809530841272,-1.1327374617206019,-4.617770854626791,-4.890375677739279,0.6930230259895325,0.0,-0.0,0.0,0.0,0.0,0.0,0.0,0.0,0.0,0.0,0.0,0.0,0
1785980520,909837484,100.0,-1.7200105826007288,-1.7037809530841272,-1.1327136198626917,-4.617770854626791,-4.890423957501547,0.6930709481239319,0.0,-0.0,0.0,0.0,0.0,0.0,0.0,0.0,0.0,0.0,0.0,0.0,0
1785980520,930418252,100.0,-1.7200225035296839,-1.7038167158709925,-1.132749382649557,-4.617758814488546,-4.890447918568746,0.6929990649223328,0.0,-0.0,0.0,0.0,0.0,0.0,0.0,0.0,0.0,0.0,0.0,0.0,0
1785980520,949699640,100.0,-1.7200225035296839,-1.7038410345660608,-1.132749382649557,-4.617830816899435,-4.890375677739279,0.693058967590332,0.0,-0.0,0.0,0.0,0.0,0.0,0.0,0.0,0.0,0.0,0.0,0.0,0
1785980520,970216035,100.0,-1.720046345387594,-1.7037928740130823,-1.1326897780047815,-4.617722932492391,-4.890351716672079,0.6930350065231323,0.0,-0.0,0.0,0.0,0.0,0.0,0.0,0.0,0.0,0.0,0.0,0.0,0
1785980520,989674568,100.0,-1.720046345387594,-1.7038167158709925,-1.1327374617206019,-4.61781877676119,-4.890375677739279,0.6930469870567322,0.0,-0.0,0.0,0.0,0.0,0.0,0.0,0.0,0.0,0.0,0.0,0.0,0
1785980521,10789871,100.0,-1.7200225035296839,-1.7038167158709925,-1.132749382649557,-4.6177948156939905,-4.890459958706991,0.6930230259895325,0.0,-0.0,0.0,0.0,0.0,0.0,0.0,0.0,0.0,0.0,0.0,0.0,0
1785980521,29799222,100.0,-1.720046345387594,-1.7037690321551722,-1.132761303578512,-4.6177948156939905,-4.890459958706991,0.693058967590332,0.0,-0.0,0.0,0.0,0.0,0.0,0.0,0.0,0.0,0.0,0.0,0.0,0
1785980521,49840688,100.0,-1.720034424458639,-1.7038167158709925,-1.1327374617206019,-4.6177828947650355,-4.890412036572592,0.6930469870567322,0.0,-0.0,0.0,0.0,0.0,0.0,0.0,0.0,0.0,0.0,0.0,0.0,0
1785980521,69842338,100.0,-1.7200701872455042,-1.7038052717791956,-1.132761303578512,-4.617806855832235,-4.890412036572592,0.6929870843887329,0.0,-0.0,0.0,0.0,0.0,0.0,0.0,0.0,0.0,0.0,0.0,0.0,0
1785980521,89787483,100.0,-1.7200582663165491,-1.703852955495016,-1.1327255407916468,-4.617758814488546,-4.890447918568746,0.6930350065231323,0.0,-0.0,0.0,0.0,0.0,0.0,0.0,0.0,0.0,0.0,0.0,0.0,0
1785980521,109740495,100.0,-1.7200225035296839,-1.7038291136371058,-1.1327016989337366,-4.617806855832235,-4.890412036572592,0.6929990649223328,0.0,-0.0,0.0,0.0,0.0,0.0,0.0,0.0,0.0,0.0,0.0,0.0,0
1785980521,130064487,100.0,-1.7200225035296839,-1.7037809530841272,-1.1327374617206019,-4.6177828947650355,-4.890412036572592,0.6929990649223328,0.0,-0.0,0.0,0.0,0.0,0.0,0.0,0.0,0.0,0.0,0.0,0.0,0
1785980521,149750232,100.0,-1.7200821081744593,-1.7037809530841272,-1.132749382649557,-4.617746893559591,-4.890375677739279,0.6930230259895325,0.0,-0.0,0.0,0.0,0.0,0.0,0.0,0.0,0.0,0.0,0.0,0.0,0
1785980521,169975996,100.0,-1.720046345387594,-1.7038052717791956,-1.1327136198626917,-4.617758814488546,-4.890435997639791,0.6930230259895325,0.0,-0.0,0.0,0.0,0.0,0.0,0.0,0.0,0.0,0.0,0.0,0.0,0
1785980521,189818143,100.0,-1.7200821081744593,-1.7038167158709925,-1.1327856222735804,-4.6177828947650355,-4.890423957501547,0.6930110454559326,0.0,-0.0,0.0,0.0,0.0,0.0,0.0,0.0,0.0,0.0,0.0,0.0,0
1785980521,209951400,100.0,-1.720046345387594,-1.7038291136371058,-1.1327737013446253,-4.6177348534213465,-4.890447918568746,0.6930350065231323,0.0,-0.0,0.0,0.0,0.0,0.0,0.0,0.0,0.0,0.0,0.0,0.0,0
1785980521,229746341,100.0,-1.720046345387594,-1.7037809530841272,-1.1327136198626917,-4.617746893559591,-4.890435997639791,0.6930350065231323,0.0,-0.0,0.0,0.0,0.0,0.0,0.0,0.0,0.0,0.0,0.0,0.0,0
1785980521,249584913,100.0,-1.7200105826007288,-1.7037928740130823,-1.1327374617206019,-4.617758814488546,-4.890423957501547,0.6930110454559326,0.0,-0.0,0.0,0.0,0.0,0.0,0.0,0.0,0.0,0.0,0.0,0.0,0
1785980521,269744396,100.0,-1.7200225035296839,-1.7038167158709925,-1.1327856222735804,-4.6177828947650355,-4.890447918568746,0.6930949091911316,0.0,-0.0,0.0,0.0,0.0,0.0,0.0,0.0,0.0,0.0,0.0,0.0,0
1785980521,289618968,100.0,-1.7200105826007288,-1.7037928740130823,-1.1327255407916468,-4.6177948156939905,-4.890423957501547,0.6930110454559326,0.0,-0.0,0.0,0.0,0.0,0.0,0.0,0.0,0.0,0.0,0.0,0.0,0
1785980521,309842348,100.0,-1.7200582663165491,-1.7037690321551722,-1.1327374617206019,-4.617806855832235,-4.890412036572592,0.6930350065231323,0.0,-0.0,0.0,0.0,0.0,0.0,0.0,0.0,0.0,0.0,0.0,0.0,0
1785980521,329576969,100.0,-1.7200225035296839,-1.7038410345660608,-1.1327016989337366,-4.617710892354147,-4.890399638806478,0.6929990649223328,0.0,-0.0,0.0,0.0,0.0,0.0,0.0,0.0,0.0,0.0,0.0,0.0,0
1785980521,349743604,100.0,-1.7199981848346155,-1.7038291136371058,-1.132749382649557,-4.617722932492391,-4.890412036572592,0.6930350065231323,0.0,-0.0,0.0,0.0,0.0,0.0,0.0,0.0,0.0,0.0,0.0,0.0,0
1785980521,369530916,100.0,-1.7200225035296839,-1.7038291136371058,-1.1327136198626917,-4.617770854626791,-4.890387598668234,0.6931189298629761,0.0,-0.0,0.0,0.0,0.0,0.0,0.0,0.0,0.0,0.0,0.0,0.0,0
1785980521,389842987,100.0,-1.7200701872455042,-1.7038052717791956,-1.1327737013446253,-4.617746893559591,-4.890435997639791,0.693058967590332,0.0,-0.0,0.0,0.0,0.0,0.0,0.0,0.0,0.0,0.0,0.0,0.0,0
1785980521,409664630,100.0,-1.720034424458639,-1.7038167158709925,-1.132749382649557,-4.617770854626791,-4.890375677739279,0.6930110454559326,0.0,-0.0,0.0,0.0,0.0,0.0,0.0,0.0,0.0,0.0,0.0,0.0,0
1785980521,429786443,100.0,-1.7200821081744593,-1.7037928740130823,-1.1327136198626917,-4.6177828947650355,-4.890423957501547,0.6930230259895325,0.0,-0.0,0.0,0.0,0.0,0.0,0.0,0.0,0.0,0.0,0.0,0.0,0
1785980521,449638366,100.0,-1.720034424458639,-1.7038167158709925,-1.1327374617206019,-4.617770854626791,-4.890387598668234,0.6930709481239319,0.0,-0.0,0.0,0.0,0.0,0.0,0.0,0.0,0.0,0.0,0.0,0.0,0
1785980521,469798088,100.0,-1.720034424458639,-1.7037928740130823,-1.132749382649557,-4.617758814488546,-4.890447918568746,0.6930230259895325,0.0,-0.0,0.0,0.0,0.0,0.0,0.0,0.0,0.0,0.0,0.0,0.0,0
1785980521,489665985,100.0,-1.720034424458639,-1.7038052717791956,-1.1328094641314905,-4.61784273782839,-4.890435997639791,0.6929990649223328,0.0,-0.0,0.0,0.0,0.0,0.0,0.0,0.0,0.0,0.0,0.0,0.0,0
1785980521,509852170,100.0,-1.720046345387594,-1.7037928740130823,-1.1327255407916468,-4.617770854626791,-4.890423957501547,0.6930469870567322,0.0,-0.0,0.0,0.0,0.0,0.0,0.0,0.0,0.0,0.0,0.0,0.0,0
1785980521,529650688,100.0,-1.7200225035296839,-1.7037928740130823,-1.1327374617206019,-4.617770854626791,-4.890435997639791,0.6930350065231323,0.0,-0.0,0.0,0.0,0.0,0.0,0.0,0.0,0.0,0.0,0.0,0.0,0
1785980521,549809694,100.0,-1.7200582663165491,-1.7038052717791956,-1.1327136198626917,-4.61781877676119,-4.890399638806478,0.6930350065231323,0.0,-0.0,0.0,0.0,0.0,0.0,0.0,0.0,0.0,0.0,0.0,0.0,0
1785980521,569624900,100.0,-1.7200225035296839,-1.7037809530841272,-1.1327374617206019,-4.6177828947650355,-4.890375677739279,0.6930829286575317,0.0,-0.0,0.0,0.0,0.0,0.0,0.0,0.0,0.0,0.0,0.0,0.0,0
1785980521,589766979,100.0,-1.7200225035296839,-1.7038052717791956,-1.132761303578512,-4.617830816899435,-4.890399638806478,0.693058967590332,0.0,-0.0,0.0,0.0,0.0,0.0,0.0,0.0,0.0,0.0,0.0,0.0,0
1785980521,609758615,100.0,-1.720034424458639,-1.703757111226217,-1.1327255407916468,-4.617770854626791,-4.890375677739279,0.6930110454559326,0.0,-0.0,0.0,0.0,0.0,0.0,0.0,0.0,0.0,0.0,0.0,0.0,0
1785980521,629824876,100.0,-1.720034424458639,-1.7038167158709925,-1.132749382649557,-4.6177828947650355,-4.890423957501547,0.6929990649223328,0.0,-0.0,0.0,0.0,0.0,0.0,0.0,0.0,0.0,0.0,0.0,0.0,0
1785980521,649663686,100.0,-1.7200105826007288,-1.7038291136371058,-1.1327136198626917,-4.61781877676119,-4.890399638806478,0.6929870843887329,0.0,-0.0,0.0,0.0,0.0,0.0,0.0,0.0,0.0,0.0,0.0,0.0,0
1785980521,669816970,100.0,-1.7200701872455042,-1.7038052717791956,-1.1327737013446253,-4.617770854626791,-4.890423957501547,0.6930110454559326,0.0,-0.0,0.0,0.0,0.0,0.0,0.0,0.0,0.0,0.0,0.0,0.0,0
1785980521,689718484,100.0,-1.720046345387594,-1.7038052717791956,-1.132749382649557,-4.617806855832235,-4.890423957501547,0.6930230259895325,0.0,-0.0,0.0,0.0,0.0,0.0,0.0,0.0,0.0,0.0,0.0,0.0,0
1785980521,709800004,100.0,-1.7200105826007288,-1.7038410345660608,-1.1327737013446253,-4.6177948156939905,-4.890447918568746,0.6930350065231323,0.0,-0.0,0.0,0.0,0.0,0.0,0.0,0.0,0.0,0.0,0.0,0.0,0
1785980521,729619026,100.0,-1.720046345387594,-1.7037809530841272,-1.1327136198626917,-4.617770854626791,-4.890459958706991,0.6930230259895325,0.0,-0.0,0.0,0.0,0.0,0.0,0.0,0.0,0.0,0.0,0.0,0.0,0
1785980521,749813318,100.0,-1.720034424458639,-1.7038167158709925,-1.1327136198626917,-4.6177948156939905,-4.890412036572592,0.6930350065231323,0.0,-0.0,0.0,0.0,0.0,0.0,0.0,0.0,0.0,0.0,0.0,0.0,0
1785980521,769611358,100.0,-1.7200582663165491,-1.7038167158709925,-1.132761303578512,-4.6177948156939905,-4.890375677739279,0.6930829286575317,0.0,-0.0,0.0,0.0,0.0,0.0,0.0,0.0,0.0,0.0,0.0,0.0,0
1785980521,789759159,100.0,-1.7200582663165491,-1.7037928740130823,-1.132761303578512,-4.6177948156939905,-4.890459958706991,0.6930110454559326,0.0,-0.0,0.0,0.0,0.0,0.0,0.0,0.0,0.0,0.0,0.0,0.0,0
1785980521,809669971,100.0,-1.720046345387594,-1.7038291136371058,-1.1327374617206019,-4.6177948156939905,-4.890423957501547,0.6930829286575317,0.0,-0.0,0.0,0.0,0.0,0.0,0.0,0.0,0.0,0.0,0.0,0.0,0
1785980521,829808235,100.0,-1.720034424458639,-1.7038167158709925,-1.132749382649557,-4.617770854626791,-4.890412036572592,0.6930829286575317,0.0,-0.0,0.0,0.0,0.0,0.0,0.0,0.0,0.0,0.0,0.0,0.0,0
1785980521,849631071,100.0,-1.7200582663165491,-1.7037690321551722,-1.132749382649557,-4.6177828947650355,-4.890447918568746,0.6930350065231323,0.0,-0.0,0.0,0.0,0.0,0.0,0.0,0.0,0.0,0.0,0.0,0.0,0
1785980521,869760274,100.0,-1.720034424458639,-1.703757111226217,-1.1327016989337366,-4.617758814488546,-4.890399638806478,0.6929870843887329,0.0,-0.0,0.0,0.0,0.0,0.0,0.0,0.0,0.0,0.0,0.0,0.0,0
1785980521,889746189,100.0,-1.720046345387594,-1.7038291136371058,-1.1327255407916468,-4.6177828947650355,-4.890423957501547,0.6930230259895325,0.0,-0.0,0.0,0.0,0.0,0.0,0.0,0.0,0.0,0.0,0.0,0.0,0
1785980521,909808874,100.0,-1.7200225035296839,-1.7037809530841272,-1.132749382649557,-4.6177948156939905,-4.890399638806478,0.6930469870567322,0.0,-0.0,0.0,0.0,0.0,0.0,0.0,0.0,0.0,0.0,0.0,0.0,0
1785980521,929626941,100.0,-1.7200105826007288,-1.7038291136371058,-1.1327374617206019,-4.6177828947650355,-4.890459958706991,0.6930110454559326,0.0,-0.0,0.0,0.0,0.0,0.0,0.0,0.0,0.0,0.0,0.0,0.0,0
1785980521,949790954,100.0,-1.7200701872455042,-1.7038291136371058,-1.132761303578512,-4.6177948156939905,-4.890387598668234,0.6929870843887329,0.0,-0.0,0.0,0.0,0.0,0.0,0.0,0.0,0.0,0.0,0.0,0.0,0
1785980521,969644308,100.0,-1.720046345387594,-1.7037928740130823,-1.1327374617206019,-4.6177948156939905,-4.890412036572592,0.6930469870567322,0.0,-0.0,0.0,0.0,0.0,0.0,0.0,0.0,0.0,0.0,0.0,0.0,0
1785980521,989794969,100.0,-1.720046345387594,-1.7037928740130823,-1.132749382649557,-4.617770854626791,-4.890375677739279,0.693058967590332,0.0,-0.0,0.0,0.0,0.0,0.0,0.0,0.0,0.0,0.0,0.0,0.0,0
1785980522,9743690,100.0,-1.7200225035296839,-1.7038167158709925,-1.1327374617206019,-4.6177828947650355,-4.890435997639791,0.6930110454559326,0.0,-0.0,0.0,0.0,0.0,0.0,0.0,0.0,0.0,0.0,0.0,0.0,0
1785980522,29802799,100.0,-1.7200225035296839,-1.7038167158709925,-1.132749382649557,-4.6177948156939905,-4.890447918568746,0.6930469870567322,0.0,-0.0,0.0,0.0,0.0,0.0,0.0,0.0,0.0,0.0,0.0,0.0,0
1785980522,49625158,100.0,-1.720034424458639,-1.7037928740130823,-1.1327255407916468,-4.617770854626791,-4.890375677739279,0.6930469870567322,0.0,-0.0,0.0,0.0,0.0,0.0,0.0,0.0,0.0,0.0,0.0,0.0,0
1785980522,69784164,100.0,-1.720046345387594,-1.7037809530841272,-1.1327737013446253,-4.61784273782839,-4.890399638806478,0.6930469870567322,0.0,-0.0,0.0,0.0,0.0,0.0,0.0,0.0,0.0,0.0,0.0,0.0,0
1785980522,89658260,100.0,-1.7200105826007288,-1.7038167158709925,-1.1327136198626917,-4.6177348534213465,-4.890412036572592,0.6930709481239319,0.0,-0.0,0.0,0.0,0.0,0.0,0.0,0.0,0.0,0.0,0.0,0.0,0
1785980522,109877347,100.0,-1.7200821081744593,-1.7037928740130823,-1.1327136198626917,-4.617770854626791,-4.890387598668234,0.6930110454559326,0.0,-0.0,0.0,0.0,0.0,0.0,0.0,0.0,0.0,0.0,0.0,0.0,0
1785980522,129626035,100.0,-1.7200225035296839,-1.7038052717791956,-1.1327255407916468,-4.617746893559591,-4.890423957501547,0.6930230259895325,0.0,-0.0,0.0,0.0,0.0,0.0,0.0,0.0,0.0,0.0,0.0,0.0,0
1785980522,149717092,100.0,-1.7200105826007288,-1.7037809530841272,-1.1327374617206019,-4.617758814488546,-4.890423957501547,0.6929990649223328,0.0,-0.0,0.0,0.0,0.0,0.0,0.0,0.0,0.0,0.0,0.0,0.0,0
1785980522,169679164,100.0,-1.720046345387594,-1.7038291136371058,-1.132749382649557,-4.617806855832235,-4.890447918568746,0.6929990649223328,0.0,-0.0,0.0,0.0,0.0,0.0,0.0,0.0,0.0,0.0,0.0,0.0,0
1785980522,189801931,100.0,-1.720046345387594,-1.7038052717791956,-1.1327856222735804,-4.617770854626791,-4.890399638806478,0.6930350065231323,0.0,-0.0,0.0,0.0,0.0,0.0,0.0,0.0,0.0,0.0,0.0,0.0,0
1785980522,209731578,100.0,-1.7200105826007288,-1.7037928740130823,-1.132749382649557,-4.6177948156939905,-4.890375677739279,0.6930350065231323,0.0,-0.0,0.0,0.0,0.0,0.0,0.0,0.0,0.0,0.0,0.0,0.0,0
1785980522,229829549,100.0,-1.7200582663165491,-1.7038410345660608,-1.1327255407916468,-4.61781877676119,-4.890423957501547,0.6930469870567322,0.0,-0.0,0.0,0.0,0.0,0.0,0.0,0.0,0.0,0.0,0.0,0.0,0
1785980522,249713182,100.0,-1.7200225035296839,-1.7038052717791956,-1.132749382649557,-4.617770854626791,-4.890412036572592,0.6930350065231323,0.0,-0.0,0.0,0.0,0.0,0.0,0.0,0.0,0.0,0.0,0.0,0.0,0
1785980522,269747018,100.0,-1.720034424458639,-1.7038167158709925,-1.132749382649557,-4.617758814488546,-4.890399638806478,0.6930110454559326,0.0,-0.0,0.0,0.0,0.0,0.0,0.0,0.0,0.0,0.0,0.0,0.0,0
1785980522,289623260,100.0,-1.720046345387594,-1.7038410345660608,-1.1327255407916468,-4.617806855832235,-4.890387598668234,0.6930350065231323,0.0,-0.0,0.0,0.0,0.0,0.0,0.0,0.0,0.0,0.0,0.0,0.0,0
1785980522,309831619,100.0,-1.720046345387594,-1.703852955495016,-1.1327255407916468,-4.6177828947650355,-4.890375677739279,0.6930469870567322,0.0,-0.0,0.0,0.0,0.0,0.0,0.0,0.0,0.0,0.0,0.0,0.0,0
1785980522,329608440,100.0,-1.7200105826007288,-1.7038052717791956,-1.1327016989337366,-4.617722932492391,-4.890423957501547,0.6930110454559326,0.0,-0.0,0.0,0.0,0.0,0.0,0.0,0.0,0.0,0.0,0.0,0.0,0
1785980522,349883317,100.0,-1.7200582663165491,-1.7038052717791956,-1.1327737013446253,-4.617758814488546,-4.890447918568746,0.6930110454559326,0.0,-0.0,0.0,0.0,0.0,0.0,0.0,0.0,0.0,0.0,0.0,0.0,0
1785980522,369598388,100.0,-1.7200225035296839,-1.703757111226217,-1.132761303578512,-4.617746893559591,-4.890412036572592,0.6930469870567322,0.0,-0.0,0.0,0.0,0.0,0.0,0.0,0.0,0.0,0.0,0.0,0.0,0
1785980522,389733552,100.0,-1.720034424458639,-1.7038410345660608,-1.1327374617206019,-4.617770854626791,-4.890423957501547,0.6930469870567322,0.0,-0.0,0.0,0.0,0.0,0.0,0.0,0.0,0.0,0.0,0.0,0.0,0
1785980522,409639120,100.0,-1.720034424458639,-1.7037809530841272,-1.1327374617206019,-4.6177948156939905,-4.890447918568746,0.6930350065231323,0.0,-0.0,0.0,0.0,0.0,0.0,0.0,0.0,0.0,0.0,0.0,0.0,0
1785980522,429788351,100.0,-1.7200225035296839,-1.7038167158709925,-1.1326659361468714,-4.6177348534213465,-4.890435997639791,0.6930709481239319,0.0,-0.0,0.0,0.0,0.0,0.0,0.0,0.0,0.0,0.0,0.0,0.0,0
1785980522,449645042,100.0,-1.720046345387594,-1.7037809530841272,-1.132749382649557,-4.617770854626791,-4.890387598668234,0.6930350065231323,0.0,-0.0,0.0,0.0,0.0,0.0,0.0,0.0,0.0,0.0,0.0,0.0,0
1785980522,469853639,100.0,-1.7199862639056605,-1.7037809530841272,-1.1327136198626917,-4.6177948156939905,-4.890399638806478,0.6930110454559326,0.0,-0.0,0.0,0.0,0.0,0.0,0.0,0.0,0.0,0.0,0.0,0.0,0
1785980522,489597082,100.0,-1.720034424458639,-1.7038052717791956,-1.1327374617206019,-4.617746893559591,-4.890423957501547,0.6930350065231323,0.0,-0.0,0.0,0.0,0.0,0.0,0.0,0.0,0.0,0.0,0.0,0.0,0
1785980522,509784460,100.0,-1.7200225035296839,-1.7038291136371058,-1.132749382649557,-4.617770854626791,-4.890399638806478,0.693058967590332,0.0,-0.0,0.0,0.0,0.0,0.0,0.0,0.0,0.0,0.0,0.0,0.0,0
1785980522,529706239,100.0,-1.720034424458639,-1.7038410345660608,-1.132749382649557,-4.6177948156939905,-4.890435997639791,0.6929990649223328,0.0,-0.0,0.0,0.0,0.0,0.0,0.0,0.0,0.0,0.0,0.0,0.0,0
1785980522,549757242,100.0,-1.7200105826007288,-1.7037809530841272,-1.1327136198626917,-4.617770854626791,-4.890412036572592,0.6930469870567322,0.0,-0.0,0.0,0.0,0.0,0.0,0.0,0.0,0.0,0.0,0.0,0.0,0
1785980522,569671154,100.0,-1.7200701872455042,-1.703745190297262,-1.1327374617206019,-4.617770854626791,-4.890363637601034,0.6930350065231323,0.0,-0.0,0.0,0.0,0.0,0.0,0.0,0.0,0.0,0.0,0.0,0.0,0
1785980522,589812517,100.0,-1.7200701872455042,-1.7037690321551722,-1.1327255407916468,-4.61781877676119,-4.890387598668234,0.6930110454559326,0.0,-0.0,0.0,0.0,0.0,0.0,0.0,0.0,0.0,0.0,0.0,0.0,0
1785980522,609678268,100.0,-1.7199862639056605,-1.7038167158709925,-1.1327016989337366,-4.617770854626791,-4.890375677739279,0.6930469870567322,0.0,-0.0,0.0,0.0,0.0,0.0,0.0,0.0,0.0,0.0,0.0,0.0,0
1785980522,629806756,100.0,-1.720046345387594,-1.7038052717791956,-1.1327374617206019,-4.617770854626791,-4.890435997639791,0.6930110454559326,0.0,-0.0,0.0,0.0,0.0,0.0,0.0,0.0,0.0,0.0,0.0,0.0,0
1785980522,649639368,100.0,-1.720046345387594,-1.7038167158709925,-1.1326773802386683,-4.6177948156939905,-4.890375677739279,0.6930469870567322,0.0,-0.0,0.0,0.0,0.0,0.0,0.0,0.0,0.0,0.0,0.0,0.0,0
1785980522,669836759,100.0,-1.7200105826007288,-1.7038052717791956,-1.132761303578512,-4.6177948156939905,-4.890423957501547,0.6930350065231323,0.0,-0.0,0.0,0.0,0.0,0.0,0.0,0.0,0.0,0.0,0.0,0.0,0
1785980522,689668178,100.0,-1.720046345387594,-1.7037213484393519,-1.1327255407916468,-4.6177828947650355,-4.890412036572592,0.6930230259895325,0.0,-0.0,0.0,0.0,0.0,0.0,0.0,0.0,0.0,0.0,0.0,0.0,0
1785980522,709770202,100.0,-1.7200105826007288,-1.7038052717791956,-1.1327737013446253,-4.6177828947650355,-4.890423957501547,0.6930230259895325,0.0,-0.0,0.0,0.0,0.0,0.0,0.0,0.0,0.0,0.0,0.0,0.0,0
1785980522,729617118,100.0,-1.7199981848346155,-1.7038052717791956,-1.1327136198626917,-4.617806855832235,-4.890412036572592,0.6929990649223328,0.0,-0.0,0.0,0.0,0.0,0.0,0.0,0.0,0.0,0.0,0.0,0.0,0
1785980522,749811649,100.0,-1.7200105826007288,-1.7038052717791956,-1.132749382649557,-4.617746893559591,-4.890423957501547,0.6930350065231323,0.0,-0.0,0.0,0.0,0.0,0.0,0.0,0.0,0.0,0.0,0.0,0.0,0
1785980522,769604444,100.0,-1.720046345387594,-1.7037809530841272,-1.1327255407916468,-4.6177948156939905,-4.890375677739279,0.693058967590332,0.0,-0.0,0.0,0.0,0.0,0.0,0.0,0.0,0.0,0.0,0.0,0.0,0
1785980522,789842367,100.0,-1.7200582663165491,-1.7037690321551722,-1.1327255407916468,-4.617770854626791,-4.890412036572592,0.6930230259895325,0.0,-0.0,0.0,0.0,0.0,0.0,0.0,0.0,0.0,0.0,0.0,0.0,0
1785980522,809755802,100.0,-1.7200225035296839,-1.7037809530841272,-1.1326773802386683,-4.61781877676119,-4.890387598668234,0.6930230259895325,0.0,-0.0,0.0,0.0,0.0,0.0,0.0,0.0,0.0,0.0,0.0,0.0,0
1785980522,829704999,100.0,-1.720034424458639,-1.7037809530841272,-1.132761303578512,-4.6177348534213465,-4.890459958706991,0.6930230259895325,0.0,-0.0,0.0,0.0,0.0,0.0,0.0,0.0,0.0,0.0,0.0,0.0,0
1785980522,849661588,100.0,-1.720046345387594,-1.7038167158709925,-1.1327374617206019,-4.617770854626791,-4.890387598668234,0.6930110454559326,0.0,-0.0,0.0,0.0,0.0,0.0,0.0,0.0,0.0,0.0,0.0,0.0,0
1785980522,869810104,100.0,-1.7200105826007288,-1.7038167158709925,-1.132761303578512,-4.6177348534213465,-4.890435997639791,0.6930469870567322,0.0,-0.0,0.0,0.0,0.0,0.0,0.0,0.0,0.0,0.0,0.0,0.0,0
1785980522,889714717,100.0,-1.720034424458639,-1.7037809530841272,-1.132749382649557,-4.617806855832235,-4.890412036572592,0.6930469870567322,0.0,-0.0,0.0,0.0,0.0,0.0,0.0,0.0,0.0,0.0,0.0,0.0,0
1785980522,909743070,100.0,-1.720046345387594,-1.7038167158709925,-1.132749382649557,-4.617758814488546,-4.890412036572592,0.6930350065231323,0.0,-0.0,0.0,0.0,0.0,0.0,0.0,0.0,0.0,0.0,0.0,0.0,0
1785980522,929593563,100.0,-1.7199862639056605,-1.7037809530841272,-1.1327136198626917,-4.6177948156939905,-4.890447918568746,0.6930230259895325,0.0,-0.0,0.0,0.0,0.0,0.0,0.0,0.0,0.0,0.0,0.0,0.0,0
1785980522,949841260,100.0,-1.720046345387594,-1.7037928740130823,-1.1327136198626917,-4.6177948156939905,-4.890375677739279,0.6929990649223328,0.0,-0.0,0.0,0.0,0.0,0.0,0.0,0.0,0.0,0.0,0.0,0.0,0
1785980522,969628095,100.0,-1.720046345387594,-1.703757111226217,-1.1327737013446253,-4.6177828947650355,-4.890412036572592,0.6930110454559326,0.0,-0.0,0.0,0.0,0.0,0.0,0.0,0.0,0.0,0.0,0.0,0.0,0
1785980522,989751100,100.0,-1.7200225035296839,-1.7037690321551722,-1.132749382649557,-4.6177948156939905,-4.890459958706991,0.6930350065231323,0.0,-0.0,0.0,0.0,0.0,0.0,0.0,0.0,0.0,0.0,0.0,0.0,0
1785980523,9667634,100.0,-1.720034424458639,-1.7038291136371058,-1.132749382649557,-4.617758814488546,-4.890423957501547,0.6930230259895325,0.0,-0.0,0.0,0.0,0.0,0.0,0.0,0.0,0.0,0.0,0.0,0.0,0
1785980523,29869794,100.0,-1.7199624220477503,-1.7037928740130823,-1.1327374617206019,-4.617770854626791,-4.890435997639791,0.6930709481239319,0.0,-0.0,0.0,0.0,0.0,0.0,0.0,0.0,0.0,0.0,0.0,0.0,0
1785980523,49657344,100.0,-1.7200105826007288,-1.7038291136371058,-1.132749382649557,-4.6177348534213465,-4.890412036572592,0.6930350065231323,0.0,-0.0,0.0,0.0,0.0,0.0,0.0,0.0,0.0,0.0,0.0,0.0,0
1785980523,69765090,100.0,-1.7200945059405726,-1.703757111226217,-1.132761303578512,-4.6177828947650355,-4.890447918568746,0.6930230259895325,0.0,-0.0,0.0,0.0,0.0,0.0,0.0,0.0,0.0,0.0,0.0,0.0,0
1785980523,89634418,100.0,-1.720034424458639,-1.7037928740130823,-1.132749382649557,-4.617770854626791,-4.890412036572592,0.6930469870567322,0.0,-0.0,0.0,0.0,0.0,0.0,0.0,0.0,0.0,0.0,0.0,0.0,0
1785980523,109825849,100.0,-1.7200582663165491,-1.7037928740130823,-1.132749382649557,-4.617758814488546,-4.890435997639791,0.6929990649223328,0.0,-0.0,0.0,0.0,0.0,0.0,0.0,0.0,0.0,0.0,0.0,0.0,0
1785980523,129609584,100.0,-1.720034424458639,-1.7038167158709925,-1.132761303578512,-4.6177828947650355,-4.890435997639791,0.6930230259895325,0.0,-0.0,0.0,0.0,0.0,0.0,0.0,0.0,0.0,0.0,0.0,0.0,0
1785980523,149800539,100.0,-1.7199862639056605,-1.703852955495016,-1.1327737013446253,-4.617758814488546,-4.890435997639791,0.6930469870567322,0.0,-0.0,0.0,0.0,0.0,0.0,0.0,0.0,0.0,0.0,0.0,0.0,0
1785980523,169676780,100.0,-1.7200821081744593,-1.7038410345660608,-1.1327016989337366,-4.6177828947650355,-4.890399638806478,0.6930230259895325,0.0,-0.0,0.0,0.0,0.0,0.0,0.0,0.0,0.0,0.0,0.0,0.0,0
1785980523,189766168,100.0,-1.720046345387594,-1.7038410345660608,-1.132749382649557,-4.617770854626791,-4.890423957501547,0.6930350065231323,0.0,-0.0,0.0,0.0,0.0,0.0,0.0,0.0,0.0,0.0,0.0,0.0,0
1785980523,209615945,100.0,-1.7200701872455042,-1.7038167158709925,-1.132749382649557,-4.617758814488546,-4.890435997639791,0.6930469870567322,0.0,-0.0,0.0,0.0,0.0,0.0,0.0,0.0,0.0,0.0,0.0,0.0,0
1785980523,229782104,100.0,-1.7200582663165491,-1.7037928740130823,-1.1327016989337366,-4.6177348534213465,-4.890387598668234,0.693058967590332,0.0,-0.0,0.0,0.0,0.0,0.0,0.0,0.0,0.0,0.0,0.0,0.0,0
1785980523,249689817,100.0,-1.7200945059405726,-1.7037928740130823,-1.1327255407916468,-4.6177948156939905,-4.890387598668234,0.6930110454559326,0.0,-0.0,0.0,0.0,0.0,0.0,0.0,0.0,0.0,0.0,0.0,0.0,0
1785980523,269809722,100.0,-1.7200225035296839,-1.7037809530841272,-1.1327255407916468,-4.6177948156939905,-4.890423957501547,0.6930110454559326,0.0,-0.0,0.0,0.0,0.0,0.0,0.0,0.0,0.0,0.0,0.0,0.0,0
1785980523,289621829,100.0,-1.7199981848346155,-1.7038291136371058,-1.1327374617206019,-4.6177948156939905,-4.890412036572592,0.6930469870567322,0.0,-0.0,0.0,0.0,0.0,0.0,0.0,0.0,0.0,0.0,0.0,0.0,0
1785980523,309801816,100.0,-1.7200105826007288,-1.7037327925311487,-1.132749382649557,-4.617758814488546,-4.890412036572592,0.6930230259895325,0.0,-0.0,0.0,0.0,0.0,0.0,0.0,0.0,0.0,0.0,0.0,0.0,0
1785980523,329606294,100.0,-1.720034424458639,-1.7038291136371058,-1.1327374617206019,-4.617770854626791,-4.890363637601034,0.6930230259895325,0.0,-0.0,0.0,0.0,0.0,0.0,0.0,0.0,0.0,0.0,0.0,0.0,0
1785980523,349831819,100.0,-1.720046345387594,-1.7038410345660608,-1.1327255407916468,-4.6177348534213465,-4.890387598668234,0.6930350065231323,0.0,-0.0,0.0,0.0,0.0,0.0,0.0,0.0,0.0,0.0,0.0,0.0,0
1785980523,369679689,100.0,-1.720034424458639,-1.7038410345660608,-1.132761303578512,-4.6177828947650355,-4.890423957501547,0.6930230259895325,0.0,-0.0,0.0,0.0,0.0,0.0,0.0,0.0,0.0,0.0,0.0,0.0,0
1785980523,389759540,100.0,-1.720046345387594,-1.7037928740130823,-1.132761303578512,-4.617806855832235,-4.890387598668234,0.6930110454559326,0.0,-0.0,0.0,0.0,0.0,0.0,0.0,0.0,0.0,0.0,0.0,0.0,0
1785980523,409682035,100.0,-1.7200105826007288,-1.7037928740130823,-1.1327136198626917,-4.617746893559591,-4.890399638806478,0.6930230259895325,0.0,-0.0,0.0,0.0,0.0,0.0,0.0,0.0,0.0,0.0,0.0,0.0,0
1785980523,429801702,100.0,-1.720034424458639,-1.703757111226217,-1.1327136198626917,-4.617770854626791,-4.890399638806478,0.6930230259895325,0.0,-0.0,0.0,0.0,0.0,0.0,0.0,0.0,0.0,0.0,0.0,0.0,0
1785980523,449707984,100.0,-1.7200701872455042,-1.7038167158709925,-1.1327255407916468,-4.6177348534213465,-4.890375677739279,0.6930350065231323,0.0,-0.0,0.0,0.0,0.0,0.0,0.0,0.0,0.0,0.0,0.0,0.0,0
1785980523,469798564,100.0,-1.720034424458639,-1.703852955495016,-1.132749382649557,-4.6177828947650355,-4.890423957501547,0.6930350065231323,0.0,-0.0,0.0,0.0,0.0,0.0,0.0,0.0,0.0,0.0,0.0,0.0,0
1785980523,489768028,100.0,-1.7200225035296839,-1.7038291136371058,-1.1327856222735804,-4.617806855832235,-4.890412036572592,0.6930110454559326,0.0,-0.0,0.0,0.0,0.0,0.0,0.0,0.0,0.0,0.0,0.0,0.0,0
1785980523,509799718,100.0,-1.7200225035296839,-1.7037928740130823,-1.1327374617206019,-4.617770854626791,-4.890399638806478,0.693058967590332,0.0,-0.0,0.0,0.0,0.0,0.0,0.0,0.0,0.0,0.0,0.0,0.0,0
1785980523,529632806,100.0,-1.7200105826007288,-1.7038052717791956,-1.1326897780047815,-4.617758814488546,-4.890399638806478,0.693058967590332,0.0,-0.0,0.0,0.0,0.0,0.0,0.0,0.0,0.0,0.0,0.0,0.0,0
1785980523,549723386,100.0,-1.720046345387594,-1.7037809530841272,-1.132749382649557,-4.6177828947650355,-4.890423957501547,0.693058967590332,0.0,-0.0,0.0,0.0,0.0,0.0,0.0,0.0,0.0,0.0,0.0,0.0,0
1785980523,569627285,100.0,-1.7200945059405726,-1.7037928740130823,-1.1327374617206019,-4.617758814488546,-4.890412036572592,0.6930709481239319,0.0,-0.0,0.0,0.0,0.0,0.0,0.0,0.0,0.0,0.0,0.0,0.0,0
1785980523,589824199,100.0,-1.7199981848346155,-1.7038291136371058,-1.1327374617206019,-4.617770854626791,-4.890447918568746,0.6930469870567322,0.0,-0.0,0.0,0.0,0.0,0.0,0.0,0.0,0.0,0.0,0.0,0.0,0
1785980523,609609365,100.0,-1.7200701872455042,-1.7038167158709925,-1.1327255407916468,-4.617758814488546,-4.890423957501547,0.693058967590332,0.0,-0.0,0.0,0.0,0.0,0.0,0.0,0.0,0.0,0.0,0.0,0.0,0
1785980523,629783868,100.0,-1.7199862639056605,-1.7038410345660608,-1.1327856222735804,-4.617770854626791,-4.890412036572592,0.6929751038551331,0.0,-0.0,0.0,0.0,0.0,0.0,0.0,0.0,0.0,0.0,0.0,0.0,0
1785980523,649708032,100.0,-1.7200582663165491,-1.7038052717791956,-1.1327374617206019,-4.6177348534213465,-4.890399638806478,0.6930469870567322,0.0,-0.0,0.0,0.0,0.0,0.0,0.0,0.0,0.0,0.0,0.0,0.0,0
1785980523,669820308,100.0,-1.7200105826007288,-1.7037928740130823,-1.132749382649557,-4.617806855832235,-4.890435997639791,0.6930350065231323,0.0,-0.0,0.0,0.0,0.0,0.0,0.0,0.0,0.0,0.0,0.0,0.0,0
1785980523,689725875,100.0,-1.7200105826007288,-1.7038167158709925,-1.132761303578512,-4.6177828947650355,-4.890412036572592,0.6930469870567322,0.0,-0.0,0.0,0.0,0.0,0.0,0.0,0.0,0.0,0.0,0.0,0.0,0
1785980523,709857225,100.0,-1.7199981848346155,-1.7037928740130823,-1.1327374617206019,-4.6177948156939905,-4.890423957501547,0.6930110454559326,0.0,-0.0,0.0,0.0,0.0,0.0,0.0,0.0,0.0,0.0,0.0,0.0,0
1785980523,729724645,100.0,-1.7200582663165491,-1.7037928740130823,-1.1327374617206019,-4.617770854626791,-4.890435997639791,0.6930829286575317,0.0,-0.0,0.0,0.0,0.0,0.0,0.0,0.0,0.0,0.0,0.0,0.0,0
1785980523,749779224,100.0,-1.720034424458639,-1.703852955495016,-1.132761303578512,-4.6177828947650355,-4.890412036572592,0.6930230259895325,0.0,-0.0,0.0,0.0,0.0,0.0,0.0,0.0,0.0,0.0,0.0,0.0,0
1785980523,769692182,100.0,-1.7200105826007288,-1.7038410345660608,-1.132749382649557,-4.617806855832235,-4.890399638806478,0.6930350065231323,0.0,-0.0,0.0,0.0,0.0,0.0,0.0,0.0,0.0,0.0,0.0,0.0,0
1785980523,789756059,100.0,-1.7200225035296839,-1.7037928740130823,-1.132749382649557,-4.617770854626791,-4.890423957501547,0.6929990649223328,0.0,-0.0,0.0,0.0,0.0,0.0,0.0,0.0,0.0,0.0,0.0,0.0,0
1785980523,809638261,100.0,-1.7200105826007288,-1.7037928740130823,-1.1327374617206019,-4.617770854626791,-4.890423957501547,0.6930350065231323,0.0,-0.0,0.0,0.0,0.0,0.0,0.0,0.0,0.0,0.0,0.0,0.0,0
1785980523,829821109,100.0,-1.7200582663165491,-1.7037809530841272,-1.1327737013446253,-4.617806855832235,-4.890423957501547,0.6930230259895325,0.0,-0.0,0.0,0.0,0.0,0.0,0.0,0.0,0.0,0.0,0.0,0.0,0
1785980523,849659681,100.0,-1.7200105826007288,-1.7038410345660608,-1.132749382649557,-4.617770854626791,-4.890435997639791,0.6930469870567322,0.0,-0.0,0.0,0.0,0.0,0.0,0.0,0.0,0.0,0.0,0.0,0.0,0
1785980523,869770526,100.0,-1.7200701872455042,-1.7038052717791956,-1.1327374617206019,-4.6177948156939905,-4.890399638806478,0.6930230259895325,0.0,-0.0,0.0,0.0,0.0,0.0,0.0,0.0,0.0,0.0,0.0,0.0,0
1785980523,889621973,100.0,-1.7200225035296839,-1.7038410345660608,-1.132761303578512,-4.61781877676119,-4.890412036572592,0.6929990649223328,0.0,-0.0,0.0,0.0,0.0,0.0,0.0,0.0,0.0,0.0,0.0,0.0,0
1785980523,909805297,100.0,-1.7200701872455042,-1.7038052717791956,-1.1327136198626917,-4.617806855832235,-4.890399638806478,0.6929990649223328,0.0,-0.0,0.0,0.0,0.0,0.0,0.0,0.0,0.0,0.0,0.0,0.0,0
1785980523,929772853,100.0,-1.7200225035296839,-1.7038410345660608,-1.1327016989337366,-4.617770854626791,-4.890447918568746,0.693058967590332,0.0,-0.0,0.0,0.0,0.0,0.0,0.0,0.0,0.0,0.0,0.0,0.0,0
1785980523,949963331,100.0,-1.720046345387594,-1.7037809530841272,-1.1327255407916468,-4.617758814488546,-4.890412036572592,0.6930350065231323,0.0,-0.0,0.0,0.0,0.0,0.0,0.0,0.0,0.0,0.0,0.0,0.0,0
1785980523,969671010,100.0,-1.7200582663165491,-1.7038291136371058,-1.1327374617206019,-4.617770854626791,-4.890412036572592,0.6930350065231323,0.0,-0.0,0.0,0.0,0.0,0.0,0.0,0.0,0.0,0.0,0.0,0.0,0
1785980523,989810466,100.0,-1.7200821081744593,-1.703852955495016,-1.1327374617206019,-4.6177948156939905,-4.890447918568746,0.6930350065231323,0.0,-0.0,0.0,0.0,0.0,0.0,0.0,0.0,0.0,0.0,0.0,0.0,0
1785980524,9656667,100.0,-1.7200225035296839,-1.7038052717791956,-1.132761303578512,-4.6177948156939905,-4.890423957501547,0.6930110454559326,0.0,-0.0,0.0,0.0,0.0,0.0,0.0,0.0,0.0,0.0,0.0,0.0,0
1785980524,29781818,100.0,-1.7199981848346155,-1.7037809530841272,-1.132761303578512,-4.6177828947650355,-4.890387598668234,0.6930350065231323,0.0,-0.0,0.0,0.0,0.0,0.0,0.0,0.0,0.0,0.0,0.0,0.0,0
1785980524,49696922,100.0,-1.7200701872455042,-1.703852955495016,-1.1327737013446253,-4.6177948156939905,-4.890412036572592,0.6930230259895325,0.0,-0.0,0.0,0.0,0.0,0.0,0.0,0.0,0.0,0.0,0.0,0.0,0
1785980524,69798469,100.0,-1.720046345387594,-1.7038291136371058,-1.1327136198626917,-4.617770854626791,-4.890423957501547,0.6929990649223328,0.0,-0.0,0.0,0.0,0.0,0.0,0.0,0.0,0.0,0.0,0.0,0.0,0
1785980524,89637517,100.0,-1.720046345387594,-1.7038052717791956,-1.1327016989337366,-4.617830816899435,-4.890423957501547,0.693058967590332,0.0,-0.0,0.0,0.0,0.0,0.0,0.0,0.0,0.0,0.0,0.0,0.0,0
1785980524,109790802,100.0,-1.7200701872455042,-1.7037928740130823,-1.1327255407916468,-4.617806855832235,-4.890423957501547,0.6930350065231323,0.0,-0.0,0.0,0.0,0.0,0.0,0.0,0.0,0.0,0.0,0.0,0.0,0
1785980524,129609823,100.0,-1.7200225035296839,-1.7038291136371058,-1.1327374617206019,-4.617806855832235,-4.890351716672079,0.6930110454559326,0.0,-0.0,0.0,0.0,0.0,0.0,0.0,0.0,0.0,0.0,0.0,0.0,0
1785980524,149770259,100.0,-1.7200582663165491,-1.7038410345660608,-1.1327737013446253,-4.617770854626791,-4.890387598668234,0.6930230259895325,0.0,-0.0,0.0,0.0,0.0,0.0,0.0,0.0,0.0,0.0,0.0,0.0,0
1785980524,169617891,100.0,-1.720034424458639,-1.703864876423971,-1.132749382649557,-4.6177948156939905,-4.890447918568746,0.6930469870567322,0.0,-0.0,0.0,0.0,0.0,0.0,0.0,0.0,0.0,0.0,0.0,0.0,0
1785980524,189827442,100.0,-1.7200225035296839,-1.7037809530841272,-1.132749382649557,-4.617746893559591,-4.890412036572592,0.6930230259895325,0.0,-0.0,0.0,0.0,0.0,0.0,0.0,0.0,0.0,0.0,0.0,0.0,0
1785980524,209689617,100.0,-1.7200225035296839,-1.7038052717791956,-1.1327737013446253,-4.617746893559591,-4.890399638806478,0.6930469870567322,0.0,-0.0,0.0,0.0,0.0,0.0,0.0,0.0,0.0,0.0,0.0,0.0,0
1785980524,229788303,100.0,-1.7200225035296839,-1.7037809530841272,-1.132761303578512,-4.6177948156939905,-4.890375677739279,0.693058967590332,0.0,-0.0,0.0,0.0,0.0,0.0,0.0,0.0,0.0,0.0,0.0,0.0,0
1785980524,249640941,100.0,-1.720034424458639,-1.7038291136371058,-1.132749382649557,-4.617770854626791,-4.890423957501547,0.6930350065231323,0.0,-0.0,0.0,0.0,0.0,0.0,0.0,0.0,0.0,0.0,0.0,0.0,0
1785980524,269748449,100.0,-1.720034424458639,-1.7038167158709925,-1.1327136198626917,-4.617806855832235,-4.890435997639791,0.6930230259895325,0.0,-0.0,0.0,0.0,0.0,0.0,0.0,0.0,0.0,0.0,0.0,0.0,0
1785980524,289640188,100.0,-1.7200105826007288,-1.703864876423971,-1.132749382649557,-4.617770854626791,-4.890412036572592,0.693058967590332,0.0,-0.0,0.0,0.0,0.0,0.0,0.0,0.0,0.0,0.0,0.0,0.0,0
1785980524,309739112,100.0,-1.720046345387594,-1.7037327925311487,-1.1327374617206019,-4.617770854626791,-4.890447918568746,0.6930350065231323,0.0,-0.0,0.0,0.0,0.0,0.0,0.0,0.0,0.0,0.0,0.0,0.0,0
1785980524,329592943,100.0,-1.720034424458639,-1.703852955495016,-1.1327255407916468,-4.617758814488546,-4.890412036572592,0.693058967590332,0.0,-0.0,0.0,0.0,0.0,0.0,0.0,0.0,0.0,0.0,0.0,0.0,0
1785980524,349811553,100.0,-1.7199624220477503,-1.7038167158709925,-1.1327255407916468,-4.617806855832235,-4.890412036572592,0.6930230259895325,0.0,-0.0,0.0,0.0,0.0,0.0,0.0,0.0,0.0,0.0,0.0,0.0,0
1785980524,369663953,100.0,-1.7200945059405726,-1.7038291136371058,-1.1327374617206019,-4.617770854626791,-4.890459958706991,0.6930110454559326,0.0,-0.0,0.0,0.0,0.0,0.0,0.0,0.0,0.0,0.0,0.0,0.0,0
1785980524,389760017,100.0,-1.720046345387594,-1.7038291136371058,-1.132749382649557,-4.617770854626791,-4.890447918568746,0.6930350065231323,0.0,-0.0,0.0,0.0,0.0,0.0,0.0,0.0,0.0,0.0,0.0,0.0,0
1785980524,409697532,100.0,-1.7200105826007288,-1.7038052717791956,-1.132749382649557,-4.617806855832235,-4.890375677739279,0.6930110454559326,0.0,-0.0,0.0,0.0,0.0,0.0,0.0,0.0,0.0,0.0,0.0,0.0,0
1785980524,429783105,100.0,-1.720046345387594,-1.7038167158709925,-1.132749382649557,-4.617806855832235,-4.890412036572592,0.6930110454559326,0.0,-0.0,0.0,0.0,0.0,0.0,0.0,0.0,0.0,0.0,0.0,0.0,0
1785980524,449657201,100.0,-1.7199981848346155,-1.7038167158709925,-1.1327856222735804,-4.617758814488546,-4.890423957501547,0.693058967590332,0.0,-0.0,0.0,0.0,0.0,0.0,0.0,0.0,0.0,0.0,0.0,0.0,0
1785980524,469855546,100.0,-1.7200225035296839,-1.7038167158709925,-1.132749382649557,-4.6177948156939905,-4.890435997639791,0.6930709481239319,0.0,-0.0,0.0,0.0,0.0,0.0,0.0,0.0,0.0,0.0,0.0,0.0,0
1785980524,489613056,100.0,-1.720046345387594,-1.7037690321551722,-1.1327374617206019,-4.617770854626791,-4.890447918568746,0.6929990649223328,0.0,-0.0,0.0,0.0,0.0,0.0,0.0,0.0,0.0,0.0,0.0,0.0,0
1785980524,509741783,100.0,-1.7200225035296839,-1.7038410345660608,-1.132749382649557,-4.6177348534213465,-4.890435997639791,0.6930709481239319,0.0,-0.0,0.0,0.0,0.0,0.0,0.0,0.0,0.0,0.0,0.0,0.0,0
1785980524,529639482,100.0,-1.720034424458639,-1.7037690321551722,-1.132749382649557,-4.6177348534213465,-4.890363637601034,0.6930230259895325,0.0,-0.0,0.0,0.0,0.0,0.0,0.0,0.0,0.0,0.0,0.0,0.0,0
1785980524,549754142,100.0,-1.7200821081744593,-1.7038167158709925,-1.132749382649557,-4.61781877676119,-4.890423957501547,0.693058967590332,0.0,-0.0,0.0,0.0,0.0,0.0,0.0,0.0,0.0,0.0,0.0,0.0,0
1785980524,569627761,100.0,-1.7200225035296839,-1.7038167158709925,-1.1327255407916468,-4.6177828947650355,-4.890399638806478,0.693058967590332,0.0,-0.0,0.0,0.0,0.0,0.0,0.0,0.0,0.0,0.0,0.0,0.0,0
1785980524,589865684,100.0,-1.720034424458639,-1.7038291136371058,-1.1327737013446253,-4.617758814488546,-4.890435997639791,0.693058967590332,0.0,-0.0,0.0,0.0,0.0,0.0,0.0,0.0,0.0,0.0,0.0,0.0,0
1785980524,609661102,100.0,-1.720034424458639,-1.7037690321551722,-1.1327737013446253,-4.617722932492391,-4.890375677739279,0.6929990649223328,0.0,-0.0,0.0,0.0,0.0,0.0,0.0,0.0,0.0,0.0,0.0,0.0,0
1785980524,629797220,100.0,-1.720034424458639,-1.7038291136371058,-1.132761303578512,-4.617746893559591,-4.890387598668234,0.6930350065231323,0.0,-0.0,0.0,0.0,0.0,0.0,0.0,0.0,0.0,0.0,0.0,0.0,0
1785980524,649698734,100.0,-1.720046345387594,-1.7037809530841272,-1.132761303578512,-4.6177948156939905,-4.890435997639791,0.693058967590332,0.0,-0.0,0.0,0.0,0.0,0.0,0.0,0.0,0.0,0.0,0.0,0.0,0
1785980524,669835090,100.0,-1.720046345387594,-1.703864876423971,-1.132749382649557,-4.6177948156939905,-4.890399638806478,0.6930350065231323,0.0,-0.0,0.0,0.0,0.0,0.0,0.0,0.0,0.0,0.0,0.0,0.0,0
1785980524,689578294,100.0,-1.7200582663165491,-1.7038167158709925,-1.1327255407916468,-4.617746893559591,-4.890399638806478,0.693058967590332,0.0,-0.0,0.0,0.0,0.0,0.0,0.0,0.0,0.0,0.0,0.0,0.0,0
1785980524,709765195,100.0,-1.7200582663165491,-1.7037809530841272,-1.132749382649557,-4.6177828947650355,-4.890423957501547,0.6930469870567322,0.0,-0.0,0.0,0.0,0.0,0.0,0.0,0.0,0.0,0.0,0.0,0.0,0
1785980524,729628324,100.0,-1.7200582663165491,-1.7038291136371058,-1.132749382649557,-4.6177948156939905,-4.890435997639791,0.6930230259895325,0.0,-0.0,0.0,0.0,0.0,0.0,0.0,0.0,0.0,0.0,0.0,0.0,0
1785980524,749765396,100.0,-1.7200701872455042,-1.7038167158709925,-1.132761303578512,-4.6177948156939905,-4.890363637601034,0.693058967590332,0.0,-0.0,0.0,0.0,0.0,0.0,0.0,0.0,0.0,0.0,0.0,0.0,0
1785980524,769816160,100.0,-1.7200582663165491,-1.7038052717791956,-1.1327136198626917,-4.617758814488546,-4.890423957501547,0.6930350065231323,0.0,-0.0,0.0,0.0,0.0,0.0,0.0,0.0,0.0,0.0,0.0,0.0,0
1785980524,789745569,100.0,-1.7200582663165491,-1.7037928740130823,-1.132749382649557,-4.6177948156939905,-4.890399638806478,0.6930469870567322,0.0,-0.0,0.0,0.0,0.0,0.0,0.0,0.0,0.0,0.0,0.0,0.0,0
1785980524,809639215,100.0,-1.7200582663165491,-1.7037809530841272,-1.1327856222735804,-4.617746893559591,-4.890412036572592,0.6930110454559326,0.0,-0.0,0.0,0.0,0.0,0.0,0.0,0.0,0.0,0.0,0.0,0.0,0
1785980524,829808712,100.0,-1.7200821081744593,-1.7038167158709925,-1.1327136198626917,-4.617806855832235,-4.890423957501547,0.6930230259895325,0.0,-0.0,0.0,0.0,0.0,0.0,0.0,0.0,0.0,0.0,0.0,0.0,0
1785980524,849631786,100.0,-1.720034424458639,-1.7038291136371058,-1.132749382649557,-4.6177948156939905,-4.890387598668234,0.6930230259895325,0.0,-0.0,0.0,0.0,0.0,0.0,0.0,0.0,0.0,0.0,0.0,0.0,0
1785980524,869820117,100.0,-1.7200582663165491,-1.7037928740130823,-1.1327255407916468,-4.617770854626791,-4.890375677739279,0.6930350065231323,0.0,-0.0,0.0,0.0,0.0,0.0,0.0,0.0,0.0,0.0,0.0,0.0,0
1785980524,889620780,100.0,-1.720034424458639,-1.7037928740130823,-1.1327136198626917,-4.617806855832235,-4.890447918568746,0.6930350065231323,0.0,-0.0,0.0,0.0,0.0,0.0,0.0,0.0,0.0,0.0,0.0,0.0,0
1785980524,909848213,100.0,-1.7200582663165491,-1.7038291136371058,-1.1327136198626917,-4.617806855832235,-4.890399638806478,0.6930110454559326,0.0,-0.0,0.0,0.0,0.0,0.0,0.0,0.0,0.0,0.0,0.0,0.0,0
1785980524,929566860,100.0,-1.7200105826007288,-1.7038167158709925,-1.132761303578512,-4.6177948156939905,-4.890423957501547,0.6930469870567322,0.0,-0.0,0.0,0.0,0.0,0.0,0.0,0.0,0.0,0.0,0.0,0.0,0
1785980524,949756145,100.0,-1.720046345387594,-1.7037809530841272,-1.1327255407916468,-4.617758814488546,-4.890399638806478,0.6930469870567322,0.0,-0.0,0.0,0.0,0.0,0.0,0.0,0.0,0.0,0.0,0.0,0.0,0
1785980524,969623804,100.0,-1.7200701872455042,-1.7038052717791956,-1.1327255407916468,-4.617806855832235,-4.890435997639791,0.6930469870567322,0.0,-0.0,0.0,0.0,0.0,0.0,0.0,0.0,0.0,0.0,0.0,0.0,0
1785980524,989777088,100.0,-1.7200582663165491,-1.7038410345660608,-1.132761303578512,-4.617770854626791,-4.890387598668234,0.6929990649223328,0.0,-0.0,0.0,0.0,0.0,0.0,0.0,0.0,0.0,0.0,0.0,0.0,0
1785980525,9657382,100.0,-1.720046345387594,-1.7038291136371058,-1.1327737013446253,-4.617770854626791,-4.890447918568746,0.6930350065231323,0.0,-0.0,0.0,0.0,0.0,0.0,0.0,0.0,0.0,0.0,0.0,0.0,0
1785980525,29743432,100.0,-1.720034424458639,-1.7038052717791956,-1.1327374617206019,-4.617770854626791,-4.890387598668234,0.693058967590332,0.0,-0.0,0.0,0.0,0.0,0.0,0.0,0.0,0.0,0.0,0.0,0.0,0
1785980525,49681901,100.0,-1.7200582663165491,-1.703852955495016,-1.132761303578512,-4.617770854626791,-4.890423957501547,0.6930110454559326,0.0,-0.0,0.0,0.0,0.0,0.0,0.0,0.0,0.0,0.0,0.0,0.0,0
1785980525,69811820,100.0,-1.720046345387594,-1.703757111226217,-1.132749382649557,-4.617746893559591,-4.890399638806478,0.6930469870567322,0.0,-0.0,0.0,0.0,0.0,0.0,0.0,0.0,0.0,0.0,0.0,0.0,0
1785980525,89650869,100.0,-1.720034424458639,-1.703745190297262,-1.132749382649557,-4.617806855832235,-4.890399638806478,0.693058967590332,0.0,-0.0,0.0,0.0,0.0,0.0,0.0,0.0,0.0,0.0,0.0,0.0,0
1785980525,109812498,100.0,-1.720046345387594,-1.7038052717791956,-1.1326773802386683,-4.61781877676119,-4.890399638806478,0.6930230259895325,0.0,-0.0,0.0,0.0,0.0,0.0,0.0,0.0,0.0,0.0,0.0,0.0,0
1785980525,129626512,100.0,-1.7200582663165491,-1.703745190297262,-1.132749382649557,-4.617758814488546,-4.890423957501547,0.6930469870567322,0.0,-0.0,0.0,0.0,0.0,0.0,0.0,0.0,0.0,0.0,0.0,0.0,0
1785980525,149808645,100.0,-1.7200582663165491,-1.7038167158709925,-1.1327255407916468,-4.617770854626791,-4.890459958706991,0.6930350065231323,0.0,-0.0,0.0,0.0,0.0,0.0,0.0,0.0,0.0,0.0,0.0,0.0,0
1785980525,169682979,100.0,-1.7200225035296839,-1.7038052717791956,-1.132761303578512,-4.6177948156939905,-4.890447918568746,0.6930469870567322,0.0,-0.0,0.0,0.0,0.0,0.0,0.0,0.0,0.0,0.0,0.0,0.0,0
1785980525,189785718,100.0,-1.7200225035296839,-1.7037690321551722,-1.1326773802386683,-4.6177828947650355,-4.890375677739279,0.6930350065231323,0.0,-0.0,0.0,0.0,0.0,0.0,0.0,0.0,0.0,0.0,0.0,0.0,0
1785980525,209645509,100.0,-1.7199981848346155,-1.7037690321551722,-1.1327136198626917,-4.617770854626791,-4.890375677739279,0.693058967590332,0.0,-0.0,0.0,0.0,0.0,0.0,0.0,0.0,0.0,0.0,0.0,0.0,0
1785980525,229775905,100.0,-1.7200582663165491,-1.7037809530841272,-1.1327255407916468,-4.617758814488546,-4.890447918568746,0.6929990649223328,0.0,-0.0,0.0,0.0,0.0,0.0,0.0,0.0,0.0,0.0,0.0,0.0,0
1785980525,249713659,100.0,-1.7200105826007288,-1.7037690321551722,-1.1327016989337366,-4.6177828947650355,-4.890447918568746,0.6929990649223328,0.0,-0.0,0.0,0.0,0.0,0.0,0.0,0.0,0.0,0.0,0.0,0.0,0
1785980525,269780635,100.0,-1.7200225035296839,-1.7038167158709925,-1.132761303578512,-4.6177828947650355,-4.890435997639791,0.6930230259895325,0.0,-0.0,0.0,0.0,0.0,0.0,0.0,0.0,0.0,0.0,0.0,0.0,0
1785980525,289584159,100.0,-1.7200105826007288,-1.7037809530841272,-1.132749382649557,-4.617758814488546,-4.890387598668234,0.6930469870567322,0.0,-0.0,0.0,0.0,0.0,0.0,0.0,0.0,0.0,0.0,0.0,0.0,0
1785980525,309723138,100.0,-1.720034424458639,-1.7038052717791956,-1.1327255407916468,-4.6177948156939905,-4.890423957501547,0.693058967590332,0.0,-0.0,0.0,0.0,0.0,0.0,0.0,0.0,0.0,0.0,0.0,0.0,0
1785980525,329651594,100.0,-1.7200945059405726,-1.7038410345660608,-1.132761303578512,-4.6177828947650355,-4.890399638806478,0.6930230259895325,0.0,-0.0,0.0,0.0,0.0,0.0,0.0,0.0,0.0,0.0,0.0,0.0,0
1785980525,349820852,100.0,-1.7200582663165491,-1.7038410345660608,-1.1327374617206019,-4.6177828947650355,-4.890399638806478,0.6930110454559326,0.0,-0.0,0.0,0.0,0.0,0.0,0.0,0.0,0.0,0.0,0.0,0.0,0
1785980525,369668722,100.0,-1.7200821081744593,-1.7038167158709925,-1.1327136198626917,-4.617806855832235,-4.890423957501547,0.6930110454559326,0.0,-0.0,0.0,0.0,0.0,0.0,0.0,0.0,0.0,0.0,0.0,0.0,0
1785980525,389777660,100.0,-1.720034424458639,-1.7038167158709925,-1.1326897780047815,-4.6177948156939905,-4.890423957501547,0.693058967590332,0.0,-0.0,0.0,0.0,0.0,0.0,0.0,0.0,0.0,0.0,0.0,0.0,0
1785980525,409684658,100.0,-1.720034424458639,-1.703757111226217,-1.1327255407916468,-4.6177828947650355,-4.890387598668234,0.6930469870567322,0.0,-0.0,0.0,0.0,0.0,0.0,0.0,0.0,0.0,0.0,0.0,0.0,0
1785980525,429752111,100.0,-1.7199624220477503,-1.7037928740130823,-1.132761303578512,-4.617758814488546,-4.890412036572592,0.6930949091911316,0.0,-0.0,0.0,0.0,0.0,0.0,0.0,0.0,0.0,0.0,0.0,0.0,0
1785980525,449667930,100.0,-1.7200701872455042,-1.7037809530841272,-1.132749382649557,-4.6177948156939905,-4.890399638806478,0.6930949091911316,0.0,-0.0,0.0,0.0,0.0,0.0,0.0,0.0,0.0,0.0,0.0,0.0,0
1785980525,469814777,100.0,-1.7200821081744593,-1.7038167158709925,-1.132749382649557,-4.6177948156939905,-4.890423957501547,0.6930110454559326,0.0,-0.0,0.0,0.0,0.0,0.0,0.0,0.0,0.0,0.0,0.0,0.0,0
1785980525,489625692,100.0,-1.720046345387594,-1.7037928740130823,-1.132761303578512,-4.6177948156939905,-4.890423957501547,0.693058967590332,0.0,-0.0,0.0,0.0,0.0,0.0,0.0,0.0,0.0,0.0,0.0,0.0,0
1785980525,509789705,100.0,-1.720046345387594,-1.703757111226217,-1.1327136198626917,-4.61781877676119,-4.890387598668234,0.6929631233215332,0.0,-0.0,0.0,0.0,0.0,0.0,0.0,0.0,0.0,0.0,0.0,0.0,0
1785980525,529545307,100.0,-1.7200225035296839,-1.7037928740130823,-1.1327374617206019,-4.617770854626791,-4.890387598668234,0.6930350065231323,0.0,-0.0,0.0,0.0,0.0,0.0,0.0,0.0,0.0,0.0,0.0,0.0,0
1785980525,549862146,100.0,-1.7200105826007288,-1.7037928740130823,-1.1327016989337366,-4.6177828947650355,-4.890399638806478,0.693058967590332,0.0,-0.0,0.0,0.0,0.0,0.0,0.0,0.0,0.0,0.0,0.0,0.0,0
1785980525,569657325,100.0,-1.7200945059405726,-1.703757111226217,-1.1327374617206019,-4.617806855832235,-4.890387598668234,0.6930350065231323,0.0,-0.0,0.0,0.0,0.0,0.0,0.0,0.0,0.0,0.0,0.0,0.0,0
1785980525,589751958,100.0,-1.7200945059405726,-1.7038052717791956,-1.132749382649557,-4.617758814488546,-4.890423957501547,0.693058967590332,0.0,-0.0,0.0,0.0,0.0,0.0,0.0,0.0,0.0,0.0,0.0,0.0,0
1785980525,609718799,100.0,-1.720046345387594,-1.7038052717791956,-1.1327136198626917,-4.6177348534213465,-4.890363637601034,0.6930230259895325,0.0,-0.0,0.0,0.0,0.0,0.0,0.0,0.0,0.0,0.0,0.0,0.0,0
1785980525,629769563,100.0,-1.7200582663165491,-1.7038410345660608,-1.1327136198626917,-4.617758814488546,-4.890435997639791,0.6930350065231323,0.0,-0.0,0.0,0.0,0.0,0.0,0.0,0.0,0.0,0.0,0.0,0.0,0
1785980525,649633169,100.0,-1.7200945059405726,-1.7038291136371058,-1.1327136198626917,-4.6177948156939905,-4.890387598668234,0.6930110454559326,0.0,-0.0,0.0,0.0,0.0,0.0,0.0,0.0,0.0,0.0,0.0,0.0,0
1785980525,669761896,100.0,-1.7200582663165491,-1.7037809530841272,-1.132761303578512,-4.617806855832235,-4.890423957501547,0.6930350065231323,0.0,-0.0,0.0,0.0,0.0,0.0,0.0,0.0,0.0,0.0,0.0,0.0,0
1785980525,689627170,100.0,-1.720034424458639,-1.7037928740130823,-1.132749382649557,-4.6177828947650355,-4.890399638806478,0.6929990649223328,0.0,-0.0,0.0,0.0,0.0,0.0,0.0,0.0,0.0,0.0,0.0,0.0,0
1785980525,709800243,100.0,-1.7200105826007288,-1.703757111226217,-1.1327255407916468,-4.617806855832235,-4.890423957501547,0.6930350065231323,0.0,-0.0,0.0,0.0,0.0,0.0,0.0,0.0,0.0,0.0,0.0,0.0,0
1785980525,729587793,100.0,-1.7200701872455042,-1.7038052717791956,-1.1327016989337366,-4.6177948156939905,-4.890423957501547,0.6930949091911316,0.0,-0.0,0.0,0.0,0.0,0.0,0.0,0.0,0.0,0.0,0.0,0.0,0
1785980525,749845981,100.0,-1.7200701872455042,-1.703852955495016,-1.1327374617206019,-4.617806855832235,-4.890423957501547,0.6930709481239319,0.0,-0.0,0.0,0.0,0.0,0.0,0.0,0.0,0.0,0.0,0.0,0.0,0
1785980525,769693136,100.0,-1.7200105826007288,-1.7038291136371058,-1.132761303578512,-4.6177948156939905,-4.890375677739279,0.6929990649223328,0.0,-0.0,0.0,0.0,0.0,0.0,0.0,0.0,0.0,0.0,0.0,0.0,0
1785980525,789836406,100.0,-1.7200225035296839,-1.7037809530841272,-1.132749382649557,-4.6177948156939905,-4.890447918568746,0.6929990649223328,0.0,-0.0,0.0,0.0,0.0,0.0,0.0,0.0,0.0,0.0,0.0,0.0,0
1785980525,809597492,100.0,-1.720034424458639,-1.7037928740130823,-1.1327374617206019,-4.6177948156939905,-4.890399638806478,0.6929990649223328,0.0,-0.0,0.0,0.0,0.0,0.0,0.0,0.0,0.0,0.0,0.0,0.0,0
1785980525,829728364,100.0,-1.720046345387594,-1.7038291136371058,-1.1327136198626917,-4.617746893559591,-4.890412036572592,0.6930469870567322,0.0,-0.0,0.0,0.0,0.0,0.0,0.0,0.0,0.0,0.0,0.0,0.0,0
1785980525,849682092,100.0,-1.7200701872455042,-1.7038167158709925,-1.1327856222735804,-4.617758814488546,-4.890375677739279,0.6930350065231323,0.0,-0.0,0.0,0.0,0.0,0.0,0.0,0.0,0.0,0.0,0.0,0.0,0
1785980525,869835615,100.0,-1.720034424458639,-1.703852955495016,-1.1327255407916468,-4.6177948156939905,-4.890423957501547,0.6929990649223328,0.0,-0.0,0.0,0.0,0.0,0.0,0.0,0.0,0.0,0.0,0.0,0.0,0
1785980525,889699935,100.0,-1.7200582663165491,-1.703876797352926,-1.132761303578512,-4.6177948156939905,-4.890412036572592,0.6930110454559326,0.0,-0.0,0.0,0.0,0.0,0.0,0.0,0.0,0.0,0.0,0.0,0.0,0
1785980525,909778356,100.0,-1.720046345387594,-1.7038052717791956,-1.1327016989337366,-4.617770854626791,-4.890435997639791,0.6929751038551331,0.0,-0.0,0.0,0.0,0.0,0.0,0.0,0.0,0.0,0.0,0.0,0.0,0
1785980525,929649829,100.0,-1.720034424458639,-1.703852955495016,-1.1327737013446253,-4.6177828947650355,-4.890375677739279,0.693058967590332,0.0,-0.0,0.0,0.0,0.0,0.0,0.0,0.0,0.0,0.0,0.0,0.0,0
1785980525,949802637,100.0,-1.7200105826007288,-1.7037928740130823,-1.132761303578512,-4.617806855832235,-4.890412036572592,0.6930469870567322,0.0,-0.0,0.0,0.0,0.0,0.0,0.0,0.0,0.0,0.0,0.0,0.0,0
1785980525,969626665,100.0,-1.720034424458639,-1.7038167158709925,-1.132749382649557,-4.6177828947650355,-4.890399638806478,0.693058967590332,0.0,-0.0,0.0,0.0,0.0,0.0,0.0,0.0,0.0,0.0,0.0,0.0,0
1785980525,989794254,100.0,-1.7199981848346155,-1.7037928740130823,-1.1327255407916468,-4.6177948156939905,-4.890375677739279,0.6930469870567322,0.0,-0.0,0.0,0.0,0.0,0.0,0.0,0.0,0.0,0.0,0.0,0.0,0
1785980526,9618759,100.0,-1.7200105826007288,-1.7037928740130823,-1.1327255407916468,-4.617746893559591,-4.890387598668234,0.6930469870567322,0.0,-0.0,0.0,0.0,0.0,0.0,0.0,0.0,0.0,0.0,0.0,0.0,0
1785980526,29756069,100.0,-1.7200582663165491,-1.7037809530841272,-1.1327016989337366,-4.617806855832235,-4.890435997639791,0.6930949091911316,0.0,-0.0,0.0,0.0,0.0,0.0,0.0,0.0,0.0,0.0,0.0,0.0,0
1785980526,49677371,100.0,-1.7200582663165491,-1.703852955495016,-1.1327136198626917,-4.6177948156939905,-4.890387598668234,0.6929990649223328,0.0,-0.0,0.0,0.0,0.0,0.0,0.0,0.0,0.0,0.0,0.0,0.0,0
1785980526,69818735,100.0,-1.7200821081744593,-1.7038410345660608,-1.1327737013446253,-4.6177828947650355,-4.890447918568746,0.6930230259895325,0.0,-0.0,0.0,0.0,0.0,0.0,0.0,0.0,0.0,0.0,0.0,0.0,0
1785980526,89659452,100.0,-1.7200225035296839,-1.7038167158709925,-1.1327136198626917,-4.617746893559591,-4.890423957501547,0.6930469870567322,0.0,-0.0,0.0,0.0,0.0,0.0,0.0,0.0,0.0,0.0,0.0,0.0,0
1785980526,109813451,100.0,-1.720046345387594,-1.7038291136371058,-1.132749382649557,-4.617806855832235,-4.890363637601034,0.6930350065231323,0.0,-0.0,0.0,0.0,0.0,0.0,0.0,0.0,0.0,0.0,0.0,0.0,0
1785980526,129648685,100.0,-1.7200821081744593,-1.703852955495016,-1.1327374617206019,-4.617746893559591,-4.890435997639791,0.6930469870567322,0.0,-0.0,0.0,0.0,0.0,0.0,0.0,0.0,0.0,0.0,0.0,0.0,0
1785980526,149780988,100.0,-1.7200582663165491,-1.7037327925311487,-1.1327136198626917,-4.617806855832235,-4.890423957501547,0.6930829286575317,0.0,-0.0,0.0,0.0,0.0,0.0,0.0,0.0,0.0,0.0,0.0,0.0,0
1785980526,169671773,100.0,-1.7200225035296839,-1.7038410345660608,-1.1327374617206019,-4.61781877676119,-4.890412036572592,0.6929751038551331,0.0,-0.0,0.0,0.0,0.0,0.0,0.0,0.0,0.0,0.0,0.0,0.0,0
1785980526,189828157,100.0,-1.7200701872455042,-1.7038167158709925,-1.132749382649557,-4.617746893559591,-4.890459958706991,0.6930829286575317,0.0,-0.0,0.0,0.0,0.0,0.0,0.0,0.0,0.0,0.0,0.0,0.0,0
1785980526,209615707,100.0,-1.7200821081744593,-1.7038410345660608,-1.1327856222735804,-4.617770854626791,-4.890387598668234,0.6930110454559326,0.0,-0.0,0.0,0.0,0.0,0.0,0.0,0.0,0.0,0.0,0.0,0.0,0
1785980526,229804515,100.0,-1.720046345387594,-1.7037928740130823,-1.1327255407916468,-4.6177948156939905,-4.890423957501547,0.6929751038551331,0.0,-0.0,0.0,0.0,0.0,0.0,0.0,0.0,0.0,0.0,0.0,0.0,0
1785980526,249894142,100.0,-1.7200701872455042,-1.7038167158709925,-1.1326773802386683,-4.617758814488546,-4.890435997639791,0.6929990649223328,0.0,-0.0,0.0,0.0,0.0,0.0,0.0,0.0,0.0,0.0,0.0,0.0,0
1785980526,269805669,100.0,-1.7200105826007288,-1.7038052717791956,-1.1327856222735804,-4.6177948156939905,-4.890399638806478,0.6930350065231323,0.0,-0.0,0.0,0.0,0.0,0.0,0.0,0.0,0.0,0.0,0.0,0.0,0
1785980526,289621591,100.0,-1.7200701872455042,-1.7038410345660608,-1.132749382649557,-4.617770854626791,-4.890375677739279,0.6930709481239319,0.0,-0.0,0.0,0.0,0.0,0.0,0.0,0.0,0.0,0.0,0.0,0.0,0
1785980526,309738636,100.0,-1.7201183477984827,-1.7037928740130823,-1.1327737013446253,-4.6177948156939905,-4.890423957501547,0.6930469870567322,0.0,-0.0,0.0,0.0,0.0,0.0,0.0,0.0,0.0,0.0,0.0,0.0,0
1785980526,329688549,100.0,-1.7200225035296839,-1.703757111226217,-1.132761303578512,-4.61781877676119,-4.890447918568746,0.6930110454559326,0.0,-0.0,0.0,0.0,0.0,0.0,0.0,0.0,0.0,0.0,0.0,0.0,0
1785980526,349857330,100.0,-1.7199981848346155,-1.7038052717791956,-1.1327136198626917,-4.6177828947650355,-4.890412036572592,0.6930350065231323,0.0,-0.0,0.0,0.0,0.0,0.0,0.0,0.0,0.0,0.0,0.0,0.0,0
1785980526,369662046,100.0,-1.7200225035296839,-1.7038052717791956,-1.132749382649557,-4.617770854626791,-4.890459958706991,0.6930230259895325,0.0,-0.0,0.0,0.0,0.0,0.0,0.0,0.0,0.0,0.0,0.0,0.0,0
1785980526,389727115,100.0,-1.720034424458639,-1.7037809530841272,-1.1326897780047815,-4.617770854626791,-4.890387598668234,0.6930230259895325,0.0,-0.0,0.0,0.0,0.0,0.0,0.0,0.0,0.0,0.0,0.0,0.0,0
1785980526,409631729,100.0,-1.7200701872455042,-1.7038052717791956,-1.132749382649557,-4.6177948156939905,-4.890387598668234,0.6930709481239319,0.0,-0.0,0.0,0.0,0.0,0.0,0.0,0.0,0.0,0.0,0.0,0.0,0
1785980526,429766654,100.0,-1.7200225035296839,-1.703757111226217,-1.132761303578512,-4.6177948156939905,-4.890412036572592,0.693058967590332,0.0,-0.0,0.0,0.0,0.0,0.0,0.0,0.0,0.0,0.0,0.0,0.0,0
1785980526,449637174,100.0,-1.720034424458639,-1.7038052717791956,-1.1327136198626917,-4.6177828947650355,-4.890387598668234,0.6930230259895325,0.0,-0.0,0.0,0.0,0.0,0.0,0.0,0.0,0.0,0.0,0.0,0.0,0
1785980526,469918251,100.0,-1.7200582663165491,-1.7037928740130823,-1.1327255407916468,-4.6177948156939905,-4.890375677739279,0.6930110454559326,0.0,-0.0,0.0,0.0,0.0,0.0,0.0,0.0,0.0,0.0,0.0,0.0,0
1785980526,489955186,100.0,-1.7199981848346155,-1.7038167158709925,-1.1327136198626917,-4.6177828947650355,-4.890375677739279,0.6930350065231323,0.0,-0.0,0.0,0.0,0.0,0.0,0.0,0.0,0.0,0.0,0.0,0.0,0
1785980526,509726047,100.0,-1.7200701872455042,-1.7038291136371058,-1.1327016989337366,-4.6177828947650355,-4.890412036572592,0.6929990649223328,0.0,-0.0,0.0,0.0,0.0,0.0,0.0,0.0,0.0,0.0,0.0,0.0,0
1785980526,529673099,100.0,-1.7199981848346155,-1.7037928740130823,-1.1327136198626917,-4.617806855832235,-4.890375677739279,0.6930110454559326,0.0,-0.0,0.0,0.0,0.0,0.0,0.0,0.0,0.0,0.0,0.0,0.0,0
1785980526,549854278,100.0,-1.720046345387594,-1.7038052717791956,-1.132749382649557,-4.61781877676119,-4.890435997639791,0.6929990649223328,0.0,-0.0,0.0,0.0,0.0,0.0,0.0,0.0,0.0,0.0,0.0,0.0,0
1785980526,569627761,100.0,-1.7200582663165491,-1.7038410345660608,-1.132761303578512,-4.6177828947650355,-4.890412036572592,0.6929990649223328,0.0,-0.0,0.0,0.0,0.0,0.0,0.0,0.0,0.0,0.0,0.0,0.0,0
1785980526,589764833,100.0,-1.7200225035296839,-1.7038167158709925,-1.132749382649557,-4.61781877676119,-4.890435997639791,0.693058967590332,0.0,-0.0,0.0,0.0,0.0,0.0,0.0,0.0,0.0,0.0,0.0,0.0,0
1785980526,609737873,100.0,-1.7200945059405726,-1.7037809530841272,-1.1327856222735804,-4.6177828947650355,-4.890387598668234,0.6930230259895325,0.0,-0.0,0.0,0.0,0.0,0.0,0.0,0.0,0.0,0.0,0.0,0.0,0
1785980526,629709720,100.0,-1.7200225035296839,-1.7037928740130823,-1.132761303578512,-4.617806855832235,-4.890412036572592,0.6929990649223328,0.0,-0.0,0.0,0.0,0.0,0.0,0.0,0.0,0.0,0.0,0.0,0.0,0
1785980526,649611234,100.0,-1.720034424458639,-1.7038052717791956,-1.132761303578512,-4.617758814488546,-4.890435997639791,0.6930469870567322,0.0,-0.0,0.0,0.0,0.0,0.0,0.0,0.0,0.0,0.0,0.0,0.0,0
1785980526,669861555,100.0,-1.7200582663165491,-1.7038052717791956,-1.1327255407916468,-4.617806855832235,-4.890435997639791,0.6930230259895325,0.0,-0.0,0.0,0.0,0.0,0.0,0.0,0.0,0.0,0.0,0.0,0.0,0
1785980526,689671754,100.0,-1.7200225035296839,-1.7038410345660608,-1.132761303578512,-4.617758814488546,-4.890459958706991,0.6930110454559326,0.0,-0.0,0.0,0.0,0.0,0.0,0.0,0.0,0.0,0.0,0.0,0.0,0
1785980526,709800481,100.0,-1.720034424458639,-1.703864876423971,-1.1327136198626917,-4.6177948156939905,-4.890363637601034,0.6930350065231323,0.0,-0.0,0.0,0.0,0.0,0.0,0.0,0.0,0.0,0.0,0.0,0.0,0
1785980526,729664087,100.0,-1.720046345387594,-1.7038167158709925,-1.1327255407916468,-4.6177828947650355,-4.890399638806478,0.6930350065231323,0.0,-0.0,0.0,0.0,0.0,0.0,0.0,0.0,0.0,0.0,0.0,0.0,0
1785980526,749784469,100.0,-1.720034424458639,-1.7037809530841272,-1.132761303578512,-4.617758814488546,-4.890387598668234,0.6930230259895325,0.0,-0.0,0.0,0.0,0.0,0.0,0.0,0.0,0.0,0.0,0.0,0.0,0
1785980526,769739151,100.0,-1.7199981848346155,-1.7037928740130823,-1.132749382649557,-4.6177828947650355,-4.890447918568746,0.6930110454559326,0.0,-0.0,0.0,0.0,0.0,0.0,0.0,0.0,0.0,0.0,0.0,0.0,0
1785980526,789757490,100.0,-1.720034424458639,-1.7037928740130823,-1.1327737013446253,-4.617806855832235,-4.890435997639791,0.6930469870567322,0.0,-0.0,0.0,0.0,0.0,0.0,0.0,0.0,0.0,0.0,0.0,0.0,0
1785980526,809676170,100.0,-1.7200701872455042,-1.7038052717791956,-1.1327255407916468,-4.617806855832235,-4.890399638806478,0.693058967590332,0.0,-0.0,0.0,0.0,0.0,0.0,0.0,0.0,0.0,0.0,0.0,0.0,0
1785980526,829829931,100.0,-1.720034424458639,-1.7037690321551722,-1.1327016989337366,-4.617770854626791,-4.890447918568746,0.6930110454559326,0.0,-0.0,0.0,0.0,0.0,0.0,0.0,0.0,0.0,0.0,0.0,0.0,0
1785980526,849683284,100.0,-1.7200701872455042,-1.7037928740130823,-1.1327737013446253,-4.61781877676119,-4.890399638806478,0.6930350065231323,0.0,-0.0,0.0,0.0,0.0,0.0,0.0,0.0,0.0,0.0,0.0,0.0,0
1785980526,869745731,100.0,-1.7199981848346155,-1.7038052717791956,-1.1327255407916468,-4.6177948156939905,-4.890399638806478,0.6930469870567322,0.0,-0.0,0.0,0.0,0.0,0.0,0.0,0.0,0.0,0.0,0.0,0.0,0
1785980526,889584541,100.0,-1.7200105826007288,-1.703757111226217,-1.1327255407916468,-4.6177948156939905,-4.890423957501547,0.6930469870567322,0.0,-0.0,0.0,0.0,0.0,0.0,0.0,0.0,0.0,0.0,0.0,0.0,0
1785980526,909735918,100.0,-1.7199981848346155,-1.703757111226217,-1.132761303578512,-4.6177828947650355,-4.890423957501547,0.6930230259895325,0.0,-0.0,0.0,0.0,0.0,0.0,0.0,0.0,0.0,0.0,0.0,0.0,0
1785980526,929661989,100.0,-1.7200582663165491,-1.7038052717791956,-1.1327136198626917,-4.617770854626791,-4.890435997639791,0.6930230259895325,0.0,-0.0,0.0,0.0,0.0,0.0,0.0,0.0,0.0,0.0,0.0,0.0,0
1785980526,949805736,100.0,-1.7200105826007288,-1.7038052717791956,-1.132761303578512,-4.617770854626791,-4.890423957501547,0.6930230259895325,0.0,-0.0,0.0,0.0,0.0,0.0,0.0,0.0,0.0,0.0,0.0,0.0,0
1785980526,969637870,100.0,-1.720034424458639,-1.7038410345660608,-1.1327255407916468,-4.617770854626791,-4.890399638806478,0.6930350065231323,0.0,-0.0,0.0,0.0,0.0,0.0,0.0,0.0,0.0,0.0,0.0,0.0,0
1785980526,989785909,100.0,-1.7200105826007288,-1.703757111226217,-1.1327255407916468,-4.617758814488546,-4.890423957501547,0.693058967590332,0.0,-0.0,0.0,0.0,0.0,0.0,0.0,0.0,0.0,0.0,0.0,0.0,0
1785980527,9678125,100.0,-1.7200701872455042,-1.7038291136371058,-1.1327016989337366,-4.617770854626791,-4.890399638806478,0.6930230259895325,0.0,-0.0,0.0,0.0,0.0,0.0,0.0,0.0,0.0,0.0,0.0,0.0,0
1785980527,29688596,100.0,-1.7199862639056605,-1.703757111226217,-1.132749382649557,-4.617830816899435,-4.890423957501547,0.6929870843887329,0.0,-0.0,0.0,0.0,0.0,0.0,0.0,0.0,0.0,0.0,0.0,0.0,0
1785980527,49776315,100.0,-1.7200225035296839,-1.7038167158709925,-1.132749382649557,-4.617806855832235,-4.890435997639791,0.6930230259895325,0.0,-0.0,0.0,0.0,0.0,0.0,0.0,0.0,0.0,0.0,0.0,0.0,0
1785980527,69796562,100.0,-1.720046345387594,-1.7038410345660608,-1.132761303578512,-4.617770854626791,-4.890459958706991,0.6930350065231323,0.0,-0.0,0.0,0.0,0.0,0.0,0.0,0.0,0.0,0.0,0.0,0.0,0
1785980527,89658260,100.0,-1.7200105826007288,-1.7037809530841272,-1.1327374617206019,-4.617770854626791,-4.890423957501547,0.6930350065231323,0.0,-0.0,0.0,0.0,0.0,0.0,0.0,0.0,0.0,0.0,0.0,0.0,0
1785980527,109754085,100.0,-1.7200582663165491,-1.7037327925311487,-1.132749382649557,-4.617830816899435,-4.890412036572592,0.6930110454559326,0.0,-0.0,0.0,0.0,0.0,0.0,0.0,0.0,0.0,0.0,0.0,0.0,0
1785980527,129593372,100.0,-1.720046345387594,-1.7037809530841272,-1.1327856222735804,-4.617758814488546,-4.890387598668234,0.6929990649223328,0.0,-0.0,0.0,0.0,0.0,0.0,0.0,0.0,0.0,0.0,0.0,0.0,0
1785980527,150001525,100.0,-1.7199862639056605,-1.7038291136371058,-1.1327016989337366,-4.617806855832235,-4.890459958706991,0.6930110454559326,0.0,-0.0,0.0,0.0,0.0,0.0,0.0,0.0,0.0,0.0,0.0,0.0,0
1785980527,169670104,100.0,-1.720034424458639,-1.703852955495016,-1.1327975432025355,-4.617770854626791,-4.890423957501547,0.6929990649223328,0.0,-0.0,0.0,0.0,0.0,0.0,0.0,0.0,0.0,0.0,0.0,0.0,0
1785980527,189779758,100.0,-1.720046345387594,-1.7037809530841272,-1.1327255407916468,-4.617770854626791,-4.890423957501547,0.6930829286575317,0.0,-0.0,0.0,0.0,0.0,0.0,0.0,0.0,0.0,0.0,0.0,0.0,0
1785980527,209605932,100.0,-1.7199981848346155,-1.7038052717791956,-1.1327374617206019,-4.617770854626791,-4.890459958706991,0.6930110454559326,0.0,-0.0,0.0,0.0,0.0,0.0,0.0,0.0,0.0,0.0,0.0,0.0,0
1785980527,229776620,100.0,-1.720046345387594,-1.7038410345660608,-1.1327856222735804,-4.6177948156939905,-4.890387598668234,0.6930469870567322,0.0,-0.0,0.0,0.0,0.0,0.0,0.0,0.0,0.0,0.0,0.0,0.0,0
1785980527,249658346,100.0,-1.7199981848346155,-1.7037809530841272,-1.1327374617206019,-4.617770854626791,-4.890399638806478,0.6930350065231323,0.0,-0.0,0.0,0.0,0.0,0.0,0.0,0.0,0.0,0.0,0.0,0.0,0
1785980527,269784927,100.0,-1.7200582663165491,-1.7038167158709925,-1.1327374617206019,-4.617770854626791,-4.890375677739279,0.6930350065231323,0.0,-0.0,0.0,0.0,0.0,0.0,0.0,0.0,0.0,0.0,0.0,0.0,0
1785980527,289666891,100.0,-1.7200582663165491,-1.7038167158709925,-1.1327016989337366,-4.6177828947650355,-4.890412036572592,0.693058967590332,0.0,-0.0,0.0,0.0,0.0,0.0,0.0,0.0,0.0,0.0,0.0,0.0,0
1785980527,309765338,100.0,-1.7200582663165491,-1.7037928740130823,-1.1327136198626917,-4.617758814488546,-4.890399638806478,0.6930230259895325,0.0,-0.0,0.0,0.0,0.0,0.0,0.0,0.0,0.0,0.0,0.0,0.0,0
1785980527,329638004,100.0,-1.720034424458639,-1.7038052717791956,-1.1327136198626917,-4.61781877676119,-4.890447918568746,0.6929870843887329,0.0,-0.0,0.0,0.0,0.0,0.0,0.0,0.0,0.0,0.0,0.0,0.0,0
1785980527,349778175,100.0,-1.720046345387594,-1.7038167158709925,-1.132761303578512,-4.61781877676119,-4.890363637601034,0.6930350065231323,0.0,-0.0,0.0,0.0,0.0,0.0,0.0,0.0,0.0,0.0,0.0,0.0,0
1785980527,369725942,100.0,-1.7199981848346155,-1.7038167158709925,-1.132749382649557,-4.617806855832235,-4.890435997639791,0.6930829286575317,0.0,-0.0,0.0,0.0,0.0,0.0,0.0,0.0,0.0,0.0,0.0,0.0,0
1785980527,389733076,100.0,-1.720034424458639,-1.7038052717791956,-1.132749382649557,-4.617830816899435,-4.890423957501547,0.6929990649223328,0.0,-0.0,0.0,0.0,0.0,0.0,0.0,0.0,0.0,0.0,0.0,0.0,0
1785980527,409610033,100.0,-1.7200582663165491,-1.7038410345660608,-1.1327374617206019,-4.6177828947650355,-4.890435997639791,0.6930469870567322,0.0,-0.0,0.0,0.0,0.0,0.0,0.0,0.0,0.0,0.0,0.0,0.0,0
1785980527,429711341,100.0,-1.720046345387594,-1.703745190297262,-1.1327737013446253,-4.617806855832235,-4.890399638806478,0.693058967590332,0.0,-0.0,0.0,0.0,0.0,0.0,0.0,0.0,0.0,0.0,0.0,0.0,0
1785980527,449640274,100.0,-1.720046345387594,-1.703852955495016,-1.1327016989337366,-4.617770854626791,-4.890435997639791,0.6930709481239319,0.0,-0.0,0.0,0.0,0.0,0.0,0.0,0.0,0.0,0.0,0.0,0.0,0
1785980527,469807147,100.0,-1.7200701872455042,-1.7038410345660608,-1.1327136198626917,-4.617806855832235,-4.890423957501547,0.6930230259895325,0.0,-0.0,0.0,0.0,0.0,0.0,0.0,0.0,0.0,0.0,0.0,0.0,0
1785980527,489616632,100.0,-1.720034424458639,-1.7038410345660608,-1.132761303578512,-4.6177948156939905,-4.890375677739279,0.6930110454559326,0.0,-0.0,0.0,0.0,0.0,0.0,0.0,0.0,0.0,0.0,0.0,0.0,0
1785980527,509799480,100.0,-1.7200945059405726,-1.7037809530841272,-1.132749382649557,-4.617722932492391,-4.890435997639791,0.6929990649223328,0.0,-0.0,0.0,0.0,0.0,0.0,0.0,0.0,0.0,0.0,0.0,0.0,0
1785980527,529673099,100.0,-1.7200225035296839,-1.7037809530841272,-1.1327255407916468,-4.617758814488546,-4.890435997639791,0.6930350065231323,0.0,-0.0,0.0,0.0,0.0,0.0,0.0,0.0,0.0,0.0,0.0,0.0,0
1785980527,549746036,100.0,-1.720046345387594,-1.7037690321551722,-1.1327255407916468,-4.61781877676119,-4.890435997639791,0.6930230259895325,0.0,-0.0,0.0,0.0,0.0,0.0,0.0,0.0,0.0,0.0,0.0,0.0,0
1785980527,569792032,100.0,-1.7200821081744593,-1.7037928740130823,-1.1327255407916468,-4.617806855832235,-4.890375677739279,0.693058967590332,0.0,-0.0,0.0,0.0,0.0,0.0,0.0,0.0,0.0,0.0,0.0,0.0,0
1785980527,589747905,100.0,-1.720046345387594,-1.7038410345660608,-1.132749382649557,-4.617806855832235,-4.890399638806478,0.6930110454559326,0.0,-0.0,0.0,0.0,0.0,0.0,0.0,0.0,0.0,0.0,0.0,0.0,0
1785980527,609738588,100.0,-1.7199981848346155,-1.7037327925311487,-1.1327016989337366,-4.6177348534213465,-4.890399638806478,0.6930350065231323,0.0,-0.0,0.0,0.0,0.0,0.0,0.0,0.0,0.0,0.0,0.0,0.0,0
1785980527,629865646,100.0,-1.720046345387594,-1.7037690321551722,-1.132761303578512,-4.6177948156939905,-4.890387598668234,0.6930469870567322,0.0,-0.0,0.0,0.0,0.0,0.0,0.0,0.0,0.0,0.0,0.0,0.0,0
1785980527,649636507,100.0,-1.720034424458639,-1.7038167158709925,-1.132749382649557,-4.61781877676119,-4.890423957501547,0.6930350065231323,0.0,-0.0,0.0,0.0,0.0,0.0,0.0,0.0,0.0,0.0,0.0,0.0,0
1785980527,669835567,100.0,-1.7200582663165491,-1.7038052717791956,-1.132749382649557,-4.617746893559591,-4.890423957501547,0.693058967590332,0.0,-0.0,0.0,0.0,0.0,0.0,0.0,0.0,0.0,0.0,0.0,0.0,0
1785980527,689626693,100.0,-1.720034424458639,-1.7038052717791956,-1.1327374617206019,-4.617770854626791,-4.890387598668234,0.6930230259895325,0.0,-0.0,0.0,0.0,0.0,0.0,0.0,0.0,0.0,0.0,0.0,0.0,0
1785980527,709780693,100.0,-1.720046345387594,-1.7037809530841272,-1.132761303578512,-4.617770854626791,-4.890412036572592,0.6930230259895325,0.0,-0.0,0.0,0.0,0.0,0.0,0.0,0.0,0.0,0.0,0.0,0.0,0
1785980527,729625940,100.0,-1.720034424458639,-1.7038052717791956,-1.132761303578512,-4.6177948156939905,-4.890387598668234,0.6930230259895325,0.0,-0.0,0.0,0.0,0.0,0.0,0.0,0.0,0.0,0.0,0.0,0.0,0
1785980527,749846458,100.0,-1.7200821081744593,-1.7038291136371058,-1.1327255407916468,-4.6177828947650355,-4.890423957501547,0.6930709481239319,0.0,-0.0,0.0,0.0,0.0,0.0,0.0,0.0,0.0,0.0,0.0,0.0,0
1785980527,769568681,100.0,-1.7200945059405726,-1.7038052717791956,-1.132749382649557,-4.6177948156939905,-4.890423957501547,0.6930230259895325,0.0,-0.0,0.0,0.0,0.0,0.0,0.0,0.0,0.0,0.0,0.0,0.0,0
1785980527,789889335,100.0,-1.7200225035296839,-1.7038052717791956,-1.132761303578512,-4.6177828947650355,-4.890399638806478,0.6930110454559326,0.0,-0.0,0.0,0.0,0.0,0.0,0.0,0.0,0.0,0.0,0.0,0.0,0
1785980527,809627056,100.0,-1.7200701872455042,-1.7037809530841272,-1.1327136198626917,-4.617770854626791,-4.890423957501547,0.6930350065231323,0.0,-0.0,0.0,0.0,0.0,0.0,0.0,0.0,0.0,0.0,0.0,0.0,0
1785980527,829782009,100.0,-1.720046345387594,-1.703864876423971,-1.1327016989337366,-4.6177948156939905,-4.890375677739279,0.6930469870567322,0.0,-0.0,0.0,0.0,0.0,0.0,0.0,0.0,0.0,0.0,0.0,0.0,0
1785980527,849739313,100.0,-1.7200701872455042,-1.7038167158709925,-1.1327856222735804,-4.617770854626791,-4.890423957501547,0.6930230259895325,0.0,-0.0,0.0,0.0,0.0,0.0,0.0,0.0,0.0,0.0,0.0,0.0,0
1785980527,869757890,100.0,-1.720034424458639,-1.7037690321551722,-1.1327136198626917,-4.6177828947650355,-4.890447918568746,0.6930350065231323,0.0,-0.0,0.0,0.0,0.0,0.0,0.0,0.0,0.0,0.0,0.0,0.0,0
1785980527,889612436,100.0,-1.7200582663165491,-1.7038291136371058,-1.132749382649557,-4.6177948156939905,-4.890435997639791,0.6930350065231323,0.0,-0.0,0.0,0.0,0.0,0.0,0.0,0.0,0.0,0.0,0.0,0.0,0
1785980527,909931659,100.0,-1.7200701872455042,-1.7037928740130823,-1.1327374617206019,-4.6177828947650355,-4.890387598668234,0.6930110454559326,0.0,-0.0,0.0,0.0,0.0,0.0,0.0,0.0,0.0,0.0,0.0,0.0,0
1785980527,929873943,100.0,-1.720046345387594,-1.7038052717791956,-1.132749382649557,-4.6177948156939905,-4.890412036572592,0.6930469870567322,0.0,-0.0,0.0,0.0,0.0,0.0,0.0,0.0,0.0,0.0,0.0,0.0,0
1785980527,949731588,100.0,-1.7200105826007288,-1.7038291136371058,-1.1327374617206019,-4.617758814488546,-4.890399638806478,0.6929990649223328,0.0,-0.0,0.0,0.0,0.0,0.0,0.0,0.0,0.0,0.0,0.0,0.0,0
1785980527,969716310,100.0,-1.7200582663165491,-1.7038052717791956,-1.1327374617206019,-4.6177828947650355,-4.890387598668234,0.6930469870567322,0.0,-0.0,0.0,0.0,0.0,0.0,0.0,0.0,0.0,0.0,0.0,0.0,0
1785980527,989783763,100.0,-1.720046345387594,-1.7038291136371058,-1.1327016989337366,-4.61784273782839,-4.890375677739279,0.6930709481239319,0.0,-0.0,0.0,0.0,0.0,0.0,0.0,0.0,0.0,0.0,0.0,0.0,0
1785980528,9623765,100.0,-1.7200225035296839,-1.7037809530841272,-1.132761303578512,-4.617806855832235,-4.890423957501547,0.6930469870567322,0.0,-0.0,0.0,0.0,0.0,0.0,0.0,0.0,0.0,0.0,0.0,0.0,0
1785980528,29816627,100.0,-1.7200701872455042,-1.7037928740130823,-1.1327737013446253,-4.617806855832235,-4.890412036572592,0.6930110454559326,0.0,-0.0,0.0,0.0,0.0,0.0,0.0,0.0,0.0,0.0,0.0,0.0,0
1785980528,49660444,100.0,-1.7200225035296839,-1.7037690321551722,-1.1327737013446253,-4.6177948156939905,-4.890375677739279,0.6930230259895325,0.0,-0.0,0.0,0.0,0.0,0.0,0.0,0.0,0.0,0.0,0.0,0.0,0
1785980528,69809436,100.0,-1.7200105826007288,-1.7037928740130823,-1.132749382649557,-4.617770854626791,-4.890375677739279,0.6929990649223328,0.0,-0.0,0.0,0.0,0.0,0.0,0.0,0.0,0.0,0.0,0.0,0.0,0
1785980528,89604854,100.0,-1.720034424458639,-1.7038052717791956,-1.132749382649557,-4.617758814488546,-4.890412036572592,0.6930230259895325,0.0,-0.0,0.0,0.0,0.0,0.0,0.0,0.0,0.0,0.0,0.0,0.0,0
1785980528,109778881,100.0,-1.7200225035296839,-1.7038167158709925,-1.132749382649557,-4.617806855832235,-4.890423957501547,0.6929990649223328,0.0,-0.0,0.0,0.0,0.0,0.0,0.0,0.0,0.0,0.0,0.0,0.0,0
1785980528,129721164,100.0,-1.7200225035296839,-1.7038167158709925,-1.132749382649557,-4.617758814488546,-4.890387598668234,0.6930829286575317,0.0,-0.0,0.0,0.0,0.0,0.0,0.0,0.0,0.0,0.0,0.0,0.0,0
1785980528,149741172,100.0,-1.7199981848346155,-1.7037809530841272,-1.1327255407916468,-4.61781877676119,-4.890471879635946,0.6929990649223328,0.0,-0.0,0.0,0.0,0.0,0.0,0.0,0.0,0.0,0.0,0.0,0.0,0
1785980528,169710159,100.0,-1.720046345387594,-1.7038167158709925,-1.1327136198626917,-4.6177948156939905,-4.890423957501547,0.693058967590332,0.0,-0.0,0.0,0.0,0.0,0.0,0.0,0.0,0.0,0.0,0.0,0.0,0
1785980528,189728260,100.0,-1.7200225035296839,-1.703757111226217,-1.1326897780047815,-4.617830816899435,-4.890423957501547,0.6930230259895325,0.0,-0.0,0.0,0.0,0.0,0.0,0.0,0.0,0.0,0.0,0.0,0.0,0
1785980528,209593772,100.0,-1.720046345387594,-1.7038052717791956,-1.1327374617206019,-4.617722932492391,-4.890423957501547,0.6930709481239319,0.0,-0.0,0.0,0.0,0.0,0.0,0.0,0.0,0.0,0.0,0.0,0.0,0
1785980528,229784488,100.0,-1.7200582663165491,-1.7038291136371058,-1.132749382649557,-4.617770854626791,-4.890399638806478,0.693058967590332,0.0,-0.0,0.0,0.0,0.0,0.0,0.0,0.0,0.0,0.0,0.0,0.0,0
1785980528,249667644,100.0,-1.720034424458639,-1.7037928740130823,-1.1327136198626917,-4.617770854626791,-4.890447918568746,0.6930469870567322,0.0,-0.0,0.0,0.0,0.0,0.0,0.0,0.0,0.0,0.0,0.0,0.0,0
1785980528,269753456,100.0,-1.720046345387594,-1.7038410345660608,-1.132749382649557,-4.617770854626791,-4.890387598668234,0.6930469870567322,0.0,-0.0,0.0,0.0,0.0,0.0,0.0,0.0,0.0,0.0,0.0,0.0,0
1785980528,289607286,100.0,-1.7200945059405726,-1.703852955495016,-1.132761303578512,-4.6177348534213465,-4.890423957501547,0.6930469870567322,0.0,-0.0,0.0,0.0,0.0,0.0,0.0,0.0,0.0,0.0,0.0,0.0,0
1785980528,309915542,100.0,-1.720046345387594,-1.7037928740130823,-1.132761303578512,-4.61781877676119,-4.890459958706991,0.693058967590332,0.0,-0.0,0.0,0.0,0.0,0.0,0.0,0.0,0.0,0.0,0.0,0.0,0
1785980528,329595088,100.0,-1.7200582663165491,-1.7037809530841272,-1.1327374617206019,-4.617746893559591,-4.890375677739279,0.6930709481239319,0.0,-0.0,0.0,0.0,0.0,0.0,0.0,0.0,0.0,0.0,0.0,0.0,0
1785980528,349797964,100.0,-1.7200105826007288,-1.7038052717791956,-1.1327255407916468,-4.617758814488546,-4.890459958706991,0.6930829286575317,0.0,-0.0,0.0,0.0,0.0,0.0,0.0,0.0,0.0,0.0,0.0,0.0,0
1785980528,369631290,100.0,-1.7200105826007288,-1.7038052717791956,-1.1327136198626917,-4.61781877676119,-4.890423957501547,0.6930949091911316,0.0,-0.0,0.0,0.0,0.0,0.0,0.0,0.0,0.0,0.0,0.0,0.0,0
1785980528,389773607,100.0,-1.7200225035296839,-1.7038291136371058,-1.1327374617206019,-4.6177828947650355,-4.890399638806478,0.6930469870567322,0.0,-0.0,0.0,0.0,0.0,0.0,0.0,0.0,0.0,0.0,0.0,0.0,0
1785980528,409655570,100.0,-1.720046345387594,-1.7037809530841272,-1.1327136198626917,-4.6177948156939905,-4.890423957501547,0.6930110454559326,0.0,-0.0,0.0,0.0,0.0,0.0,0.0,0.0,0.0,0.0,0.0,0.0,0
1785980528,429910182,100.0,-1.720034424458639,-1.7038410345660608,-1.1327737013446253,-4.61781877676119,-4.890399638806478,0.6930709481239319,0.0,-0.0,0.0,0.0,0.0,0.0,0.0,0.0,0.0,0.0,0.0,0.0,0
1785980528,461771488,100.0,-1.7200105826007288,-1.7037809530841272,-1.1327374617206019,-4.617770854626791,-4.890447918568746,0.6930110454559326,0.0,-0.0,0.0,0.0,0.0,0.0,0.0,0.0,0.0,0.0,0.0,0.0,1
1785980528,469709873,100.0,-1.720046345387594,-1.7038052717791956,-1.1327374617206019,-4.6177348534213465,-4.890412036572592,0.6930469870567322,0.0,-0.0,0.0,0.0,0.0,0.0,0.0,0.0,0.0,0.0,0.0,0.0,1
1785980528,489542484,100.0,-1.7200105826007288,-1.7037690321551722,-1.1327136198626917,-4.617770854626791,-4.890375677739279,0.6930469870567322,0.0,-0.0,0.0,0.0,0.0,0.0,0.0,0.0,0.0,0.0,0.0,0.0,1
1785980528,509823322,100.0,-1.7200582663165491,-1.7038052717791956,-1.132749382649557,-4.61781877676119,-4.890435997639791,0.6929990649223328,0.0,-0.0,0.0,0.0,0.0,0.0,0.0,0.0,0.0,0.0,0.0,0.0,1
1785980528,529637098,100.0,-1.7200105826007288,-1.7038052717791956,-1.1327374617206019,-4.6177948156939905,-4.890412036572592,0.6930469870567322,0.0,-0.0,0.0,0.0,0.0,0.0,0.0,0.0,0.0,0.0,0.0,0.0,1
1785980528,549833297,100.0,-1.720046345387594,-1.7038410345660608,-1.1327374617206019,-4.617746893559591,-4.890399638806478,0.6929751038551331,0.0,-0.0,0.0,0.0,0.0,0.0,0.0,0.0,0.0,0.0,0.0,0.0,1
1785980528,569577932,100.0,-1.7200105826007288,-1.7037809530841272,-1.1327255407916468,-4.6177948156939905,-4.890459958706991,0.6930110454559326,0.0,-0.0,0.0,0.0,0.0,0.0,0.0,0.0,0.0,0.0,0.0,0.0,1
1785980528,589801311,100.0,-1.7200945059405726,-1.7038410345660608,-1.1327136198626917,-4.6177828947650355,-4.890363637601034,0.6930230259895325,0.0,-0.0,0.0,0.0,0.0,0.0,0.0,0.0,0.0,0.0,0.0,0.0,1
1785980528,609591484,100.0,-1.720034424458639,-1.7038410345660608,-1.1327255407916468,-4.617770854626791,-4.890423957501547,0.693058967590332,0.0,-0.0,0.0,0.0,0.0,0.0,0.0,0.0,0.0,0.0,0.0,0.0,1
1785980528,629853725,100.0,-1.7200821081744593,-1.7037928740130823,-1.132749382649557,-4.61784273782839,-4.890412036572592,0.6930350065231323,0.0,-0.0,0.0,0.0,0.0,0.0,0.0,0.0,0.0,0.0,0.0,0.0,1
1785980528,649662256,100.0,-1.7199862639056605,-1.7038410345660608,-1.1327255407916468,-4.6177948156939905,-4.890375677739279,0.6930230259895325,0.0,-0.0,0.0,0.0,0.0,0.0,0.0,0.0,0.0,0.0,0.0,0.0,1
1785980528,669770717,100.0,-1.7200225035296839,-1.7038167158709925,-1.1327374617206019,-4.617806855832235,-4.890363637601034,0.6930110454559326,0.0,-0.0,0.0,0.0,0.0,0.0,0.0,0.0,0.0,0.0,0.0,0.0,1
1785980528,689728260,100.0,-1.7200582663165491,-1.7038167158709925,-1.1327255407916468,-4.617770854626791,-4.890375677739279,0.6929990649223328,0.0,-0.0,0.0,0.0,0.0,0.0,0.0,0.0,0.0,0.0,0.0,0.0,1
1785980528,709743022,100.0,-1.7200105826007288,-1.7037809530841272,-1.132749382649557,-4.617806855832235,-4.890412036572592,0.6930350065231323,0.0,-0.0,0.0,0.0,0.0,0.0,0.0,0.0,0.0,0.0,0.0,0.0,1
1785980528,729662656,100.0,-1.7200225035296839,-1.7037690321551722,-1.132749382649557,-4.6177948156939905,-4.890363637601034,0.6930469870567322,0.0,-0.0,0.0,0.0,0.0,0.0,0.0,0.0,0.0,0.0,0.0,0.0,1
1785980528,749755859,100.0,-1.7200225035296839,-1.7038052717791956,-1.132749382649557,-4.6177948156939905,-4.890435997639791,0.6930350065231323,0.0,-0.0,0.0,0.0,0.0,0.0,0.0,0.0,0.0,0.0,0.0,0.0,1
1785980528,769650936,100.0,-1.7200105826007288,-1.7037928740130823,-1.132749382649557,-4.617746893559591,-4.890412036572592,0.6930709481239319,0.0,-0.0,0.0,0.0,0.0,0.0,0.0,0.0,0.0,0.0,0.0,0.0,1
1785980528,789782047,100.0,-1.7199981848346155,-1.703852955495016,-1.1327016989337366,-4.617746893559591,-4.890459958706991,0.6930230259895325,0.0,-0.0,0.0,0.0,0.0,0.0,0.0,0.0,0.0,0.0,0.0,0.0,1
1785980528,809652566,100.0,-1.720034424458639,-1.7038291136371058,-1.132761303578512,-4.617770854626791,-4.890387598668234,0.6930350065231323,0.0,-0.0,0.0,0.0,0.0,0.0,0.0,0.0,0.0,0.0,0.0,0.0,1
1785980528,829779386,100.0,-1.7200582663165491,-1.7038167158709925,-1.1327374617206019,-4.6177828947650355,-4.890423957501547,0.6930230259895325,0.0,-0.0,0.0,0.0,0.0,0.0,0.0,0.0,0.0,0.0,0.0,0.0,1
1785980528,849619626,100.0,-1.7200582663165491,-1.7037928740130823,-1.132749382649557,-4.6177948156939905,-4.890423957501547,0.6929990649223328,0.0,-0.0,0.0,0.0,0.0,0.0,0.0,0.0,0.0,0.0,0.0,0.0,1
1785980528,869727134,100.0,-1.720034424458639,-1.703864876423971,-1.1327255407916468,-4.617770854626791,-4.890387598668234,0.6930230259895325,0.0,-0.0,0.0,0.0,0.0,0.0,0.0,0.0,0.0,0.0,0.0,0.0,1
1785980528,889676570,100.0,-1.720046345387594,-1.7038052717791956,-1.1327975432025355,-4.617746893559591,-4.890435997639791,0.6930709481239319,0.0,-0.0,0.0,0.0,0.0,0.0,0.0,0.0,0.0,0.0,0.0,0.0,1
1785980528,909895181,100.0,-1.720046345387594,-1.7037809530841272,-1.1327136198626917,-4.6177948156939905,-4.890435997639791,0.6930110454559326,0.0,-0.0,0.0,0.0,0.0,0.0,0.0,0.0,0.0,0.0,0.0,0.0,1
1785980528,929632186,100.0,-1.7200225035296839,-1.7038167158709925,-1.1327856222735804,-4.617770854626791,-4.890447918568746,0.6929990649223328,0.0,-0.0,0.0,0.0,0.0,0.0,0.0,0.0,0.0,0.0,0.0,0.0,1
1785980528,949786424,100.0,-1.7200945059405726,-1.703757111226217,-1.1327136198626917,-4.617806855832235,-4.890399638806478,0.693058967590332,0.0,-0.0,0.0,0.0,0.0,0.0,0.0,0.0,0.0,0.0,0.0,0.0,1
1785980528,969622850,100.0,-1.7200225035296839,-1.7037928740130823,-1.132749382649557,-4.617758814488546,-4.890375677739279,0.6930350065231323,0.0,0.009945308789610863,0.0,0.0,0.0,0.0,0.0,0.0,0.0,0.0,0.0,0.0,1
1785980528,989866971,100.0,-1.7198665777789515,-1.703637425099508,-1.132761303578512,-4.617758814488546,-4.890412036572592,0.6926994323730469,0.0065833344124257565,0.01733398251235485,0.0,0.0,0.0,-0.024454211816191673,0.0,0.0,0.0,0.0,0.0,0.0,1
1785980529,9911537,100.0,-1.7195428053485315,-1.703073803578512,-1.1327136198626917,-4.617770854626791,-4.890399638806478,0.6919324398040771,0.02384061925113201,0.03051343560218811,0.0,0.0,0.0,-0.042031075805425644,0.0,0.0,0.0,0.0,0.0,0.0,1
1785980529,29793024,100.0,-1.7191227118121546,-1.7025464216815394,-1.132749382649557,-4.6177948156939905,-4.890447918568746,0.6911658644676208,0.029273467138409615,0.03682832419872284,0.0,0.0,0.0,-0.05536392331123352,0.0,0.0,0.0,0.0,0.0,0.0,1
1785980529,49652814,100.0,-1.7182472387896937,-1.7014678160296839,-1.132749382649557,-4.617758814488546,-4.890412036572592,0.6895603537559509,0.04158366471529007,0.05042961984872818,0.0,0.0,0.0,-0.0770186185836792,0.0,0.0,0.0,0.0,0.0,0.0,1
1785980529,69750070,100.0,-1.717407528554098,-1.7005446592914026,-1.1327374617206019,-4.6177348534213465,-4.890435997639791,0.6881341934204102,0.05039127171039581,0.057562630623579025,0.0,0.0,0.0,-0.09042816609144211,0.0,0.0,0.0,0.0,0.0,0.0,1
1785980529,89956283,100.0,-1.7160404364215296,-1.6990821997271937,-1.1327975432025355,-4.617758814488546,-4.890387598668234,0.6857497096061707,0.06096295267343521,0.0693359300494194,0.0,0.0,0.0,-0.10682898014783859,0.0,0.0,0.0,0.0,0.0,0.0,1
1785980529,109810829,100.0,-1.715081040059225,-1.697883431111471,-1.132761303578512,-4.6177948156939905,-4.890375677739279,0.6839644312858582,0.0671372264623642,0.08032946288585663,0.0,0.0,0.0,-0.11956102401018143,0.0,0.0,0.0,0.0,0.0,0.0,1
1785980529,129657268,100.0,-1.7133901754962366,-1.6958091894732874,-1.1327136198626917,-4.6177828947650355,-4.890399638806478,0.6808848977088928,0.07363107800483704,0.08953334391117096,0.0,0.0,0.0,-0.1345045566558838,0.0,0.0,0.0,0.0,0.0,0.0,1
1785980529,149720907,100.0,-1.712095085774557,-1.6943109671222132,-1.132761303578512,-4.617806855832235,-4.890447918568746,0.6786321997642517,0.08225972205400467,0.09419920295476913,0.0,0.0,0.0,-0.14810584485530853,0.0,0.0,0.0,0.0,0.0,0.0,1
1785980529,169680833,100.0,-1.7099722067462366,-1.6918538252459925,-1.1327136198626917,-4.617830816899435,-4.890435997639791,0.6748815178871155,0.0907093957066536,0.10589580982923508,0.0,0.0,0.0,-0.16393141448497772,0.0,0.0,0.0,0.0,0.0,0.0,1
1785980529,190116167,100.0,-1.7084615866290491,-1.6900790373431605,-1.1327255407916468,-4.617758814488546,-4.890399638806478,0.6722453832626343,0.09802137315273285,0.1152658760547638,0.0,0.0,0.0,-0.17516782879829407,0.0,0.0,0.0,0.0,0.0,0.0,1
1785980529,209619522,100.0,-1.7060506979571741,-1.687202278767721,-1.1327374617206019,-4.617758814488546,-4.890375677739279,0.6679074764251709,0.1056784987449646,0.12307639420032501,0.0,0.0,0.0,-0.19112122058868408,0.0,0.0,0.0,0.0,0.0,0.0,1
1785980529,229807138,100.0,-1.7043116728412073,-1.685164753590719,-1.1327136198626917,-4.6177948156939905,-4.890423957501547,0.6647922992706299,0.10961571335792542,0.13047784566879272,0.0,0.0,0.0,-0.20260052382946014,0.0,0.0,0.0,0.0,0.0,0.0,1
1785980529,249668836,100.0,-1.7016132513629358,-1.6819523016559046,-1.1327374617206019,-4.617806855832235,-4.890447918568746,0.6597716808319092,0.11737509816884995,0.1397072970867157,0.0,0.0,0.0,-0.21422041952610016,0.0,0.0,0.0,0.0,0.0,0.0,1
1785980529,269788503,100.0,-1.6996105352984827,-1.6796744505511683,-1.1327255407916468,-4.617758814488546,-4.890387598668234,0.6562247276306152,0.12426523119211197,0.1445649117231369,0.0,0.0,0.0,-0.22421686351299286,0.0,0.0,0.0,0.0,0.0,0.0,1
1785980529,289606809,100.0,-1.696552578602926,-1.6761382261859339,-1.1327374617206019,-4.617758814488546,-4.890435997639791,0.6506048440933228,0.1306440383195877,0.1550854593515396,0.0,0.0,0.0,-0.23498030006885529,0.0,0.0,0.0,0.0,0.0,0.0,1
1785980529,309757471,100.0,-1.694357697163717,-1.6736567656146448,-1.132761303578512,-4.617770854626791,-4.890423957501547,0.6466983556747437,0.13574451208114624,0.16192445158958435,0.0,0.0,0.0,-0.2485688030719757,0.0,0.0,0.0,0.0,0.0,0.0,1
1785980529,329650163,100.0,-1.6909759680377405,-1.6694729963885706,-1.132749382649557,-4.6177348534213465,-4.890412036572592,0.6406707167625427,0.14026975631713867,0.17051474750041962,0.0,0.0,0.0,-0.2597924470901489,0.0,0.0,0.0,0.0,0.0,0.0,1
1785980529,349759578,100.0,-1.6885774771319788,-1.6667521635638636,-1.1327856222735804,-4.6177948156939905,-4.890447918568746,0.6365009546279907,0.14678917825222015,0.1728157252073288,0.0,0.0,0.0,-0.26766687631607056,0.0,0.0,0.0,0.0,0.0,0.0,1
1785980529,369653701,100.0,-1.684932057057516,-1.662412468587057,-1.1327016989337366,-4.617722932492391,-4.890435997639791,0.629874050617218,0.15318076312541962,0.1814315766096115,0.0,0.0,0.0,-0.28186896443367004,0.0,0.0,0.0,0.0,0.0,0.0,1
1785980529,390144109,100.0,-1.682425324116842,-1.6594398657428187,-1.132749382649557,-4.6177948156939905,-4.890447918568746,0.6252488493919373,0.15697737038135529,0.18568837642669678,0.0,0.0,0.0,-0.28666266798973083,0.0,0.0,0.0,0.0,0.0,0.0,1
1785980529,409680366,100.0,-1.6785395781146448,-1.6548493544207972,-1.1327136198626917,-4.617746893559591,-4.890447918568746,0.6181426048278809,0.1633433848619461,0.19328157603740692,0.0,0.0,0.0,-0.2976178526878357,0.0,0.0,0.0,0.0,0.0,0.0,1
1785980529,429785251,100.0,-1.67588979402651,-1.6516364256488245,-1.132749382649557,-4.6177948156939905,-4.890435997639791,0.6132537722587585,0.17202316224575043,0.20051686465740204,0.0,0.0,0.0,-0.30632320046424866,0.0,0.0,0.0,0.0,0.0,0.0,1
1785980529,449593067,100.0,-1.6717761198626917,-1.6468051115619105,-1.1327255407916468,-4.6177948156939905,-4.890447918568746,0.6058598756790161,0.17569193243980408,0.20655052363872528,0.0,0.0,0.0,-0.3142104148864746,0.0,0.0,0.0,0.0,0.0,0.0,1
1785980529,469789743,90.0,-1.6689942518817347,-1.6434853712665003,-1.1327374617206019,-4.61784273782839,-4.890412036572592,0.600754976272583,0.18007656931877136,0.2092733383178711,0.0,0.0,0.0,-0.32208484411239624,0.0,0.0,0.0,0.0,0.0,0.0,1
1785980529,489605188,90.0,-1.6646412054644983,-1.638390843068258,-1.132749382649557,-4.6177828947650355,-4.890459958706991,0.5928577780723572,0.1825820654630661,0.21687932312488556,0.0,0.0,0.0,-0.3318895399570465,0.0,0.0,0.0,0.0,0.0,0.0,1
1785980529,509789228,90.0,-1.661619011555807,-1.6348546187030237,-1.132749382649557,-4.6177348534213465,-4.890375677739279,0.5874292850494385,0.18728627264499664,0.22084210813045502,0.0,0.0,0.0,-0.3400324285030365,0.0,0.0,0.0,0.0,0.0,0.0,1
1785980529,529603242,90.0,-1.6569421927081507,-1.6294124762164515,-1.1327136198626917,-4.617770854626791,-4.890447918568746,0.5793163180351257,0.19401022791862488,0.22711864113807678,0.0,0.0,0.0,-0.347472220659256,0.0,0.0,0.0,0.0,0.0,0.0,1
1785980529,549732208,90.0,-1.6537883917437952,-1.6257208029376429,-1.132749382649557,-4.6177828947650355,-4.890423957501547,0.5737316608428955,0.19484113156795502,0.2317589372396469,0.0,0.0,0.0,-0.3553850054740906,0.0,0.0,0.0,0.0,0.0,0.0,1
1785980529,569612741,90.0,-1.6490514914142054,-1.620098892842428,-1.1327374617206019,-4.61781877676119,-4.890387598668234,0.5651393532752991,0.19995440542697906,0.23565779626369476,0.0,0.0,0.0,-0.36409035325050354,0.0,0.0,0.0,0.0,0.0,0.0,1
1785980529,589792013,90.0,-1.6458500067340296,-1.6163352171527308,-1.1326897780047815,-4.617770854626791,-4.890447918568746,0.5592315196990967,0.20192301273345947,0.23940327763557434,0.0,0.0,0.0,-0.36866673827171326,0.0,0.0,0.0,0.0,0.0,0.0,1
1785980529,609684228,90.0,-1.6409929434405726,-1.6106417814837855,-1.1327255407916468,-4.6177828947650355,-4.890412036572592,0.550399124622345,0.20710019767284393,0.2468814253807068,0.0,0.0,0.0,-0.37357544898986816,0.0,0.0,0.0,0.0,0.0,0.0,1
1785980529,629754781,90.0,-1.6377432982074183,-1.606673542653219,-1.132761303578512,-4.6177948156939905,-4.890399638806478,0.54441899061203,0.21038547158241272,0.2471754401922226,0.0,0.0,0.0,-0.3804911673069,0.0,0.0,0.0,0.0,0.0,0.0,1
1785980529,649633646,90.0,-1.6326583067523401,-1.6005004088031214,-1.1327374617206019,-4.61781877676119,-4.890423957501547,0.5352990031242371,0.21443773806095123,0.2504862844944,0.0,0.0,0.0,-0.3911011815071106,0.0,0.0,0.0,0.0,0.0,0.0,1
1785980529,669703960,90.0,-1.6291449705706995,-1.5964496771441858,-1.1327016989337366,-4.617770854626791,-4.890435997639791,0.5290672183036804,0.2145911306142807,0.25414228439331055,0.0,0.0,0.0,-0.393235981464386,0.0,0.0,0.0,0.0,0.0,0.0,1
1785980529,689638376,90.0,-1.6238210836993616,-1.5903123060809534,-1.1327975432025355,-4.617770854626791,-4.890412036572592,0.5195996761322021,0.22017738223075867,0.2557273805141449,0.0,0.0,0.0,-0.3964956998825073,0.0,0.0,0.0,0.0,0.0,0.0,1
1785980529,709806680,90.0,-1.6201155821429651,-1.5862725416766565,-1.132761303578512,-4.617770854626791,-4.890459958706991,0.5133315324783325,0.22240164875984192,0.26049551367759705,0.0,0.0,0.0,-0.40113598108291626,0.0,0.0,0.0,0.0,0.0,0.0,1
1785980529,729572296,90.0,-1.6149113813983362,-1.580087963734762,-1.1327136198626917,-4.6177828947650355,-4.890459958706991,0.5036722421646118,0.22255505621433258,0.26656752824783325,0.0,0.0,0.0,-0.4096623659133911,0.0,0.0,0.0,0.0,0.0,0.0,1
1785980529,749822139,90.0,-1.6114218870746058,-1.5758326689349573,-1.132749382649557,-4.6177828947650355,-4.890435997639791,0.49716445803642273,0.22607041895389557,0.2657877504825592,0.0,0.0,0.0,-0.41129860281944275,0.0,0.0,0.0,0.0,0.0,0.0,1
1785980529,769682168,90.0,-1.6061933676349085,-1.5693724791156214,-1.132749382649557,-4.6177948156939905,-4.890435997639791,0.4873250424861908,0.22483044862747192,0.2679225206375122,0.0,0.0,0.0,-0.4125513732433319,0.0,0.0,0.0,0.0,0.0,0.0,1
1785980529,789733886,90.0,-1.6025603453265589,-1.5650933424579065,-1.1327374617206019,-4.6177828947650355,-4.890447918568746,0.4808408319950104,0.22773224115371704,0.2708243131637573,0.0,0.0,0.0,-0.4161945581436157,0.0,0.0,0.0,0.0,0.0,0.0,1
1785980529,809741497,90.0,-1.5969966093646448,-1.5585487524615687,-1.1327856222735804,-4.617770854626791,-4.890423957501547,0.4709051549434662,0.2327304631471634,0.27152737975120544,0.0,0.0,0.0,-0.42042580246925354,0.0,0.0,0.0,0.0,0.0,0.0,1
1785980529,829779624,90.0,-1.593159023915426,-1.554270092641012,-1.1327374617206019,-4.617806855832235,-4.890399638806478,0.46412208676338196,0.23224470019340515,0.27725425362586975,0.0,0.0,0.0,-0.423532098531723,0.0,0.0,0.0,0.0,0.0,0.0,1
1785980529,849697589,90.0,-1.5874035994159144,-1.5476177374469202,-1.1327737013446253,-4.617770854626791,-4.890447918568746,0.45400625467300415,0.23710229992866516,0.2787882387638092,0.0,0.0,0.0,-0.4250277280807495,0.0,0.0,0.0,0.0,0.0,0.0,1
1785980529,869885444,90.0,-1.583698574696676,-1.543206516896383,-1.1327016989337366,-4.6177948156939905,-4.890423957501547,0.4472344219684601,0.2347501963376999,0.2785453498363495,0.0,0.0,0.0,-0.42713695764541626,0.0,0.0,0.0,0.0,0.0,0.0,1
1785980529,889594793,90.0,-1.578254524861471,-1.5364826361285608,-1.132749382649557,-4.617830816899435,-4.890399638806478,0.436830997467041,0.23361249268054962,0.27753546833992004,0.0,0.0,0.0,-0.42256057262420654,0.0,0.0,0.0,0.0,0.0,0.0,1
1785980529,909878015,90.0,-1.5745857397662562,-1.5320237318622034,-1.1327136198626917,-4.6177948156939905,-4.890459958706991,0.4299992322921753,0.23409825563430786,0.2750683128833771,0.0,0.0,0.0,-0.42431187629699707,0.0,0.0,0.0,0.0,0.0,0.0,1
1785980529,929608821,90.0,-1.5690091292010706,-1.5254319349872034,-1.132749382649557,-4.617770854626791,-4.890423957501547,0.4198474884033203,0.23368918895721436,0.27679404616355896,0.0,0.0,0.0,-0.4209243357181549,0.0,0.0,0.0,0.0,0.0,0.0,1
1785980529,949790477,90.0,-1.5651724974261683,-1.5211289564715784,-1.1327374617206019,-4.617770854626791,-4.890435997639791,0.41306328773498535,0.2355683147907257,0.2785453498363495,0.0,0.0,0.0,-0.42362159490585327,0.0,0.0,0.0,0.0,0.0,0.0,1
1785980529,969581365,90.0,-1.559345547352926,-1.5144408384906214,-1.132749382649557,-4.6177948156939905,-4.890399638806478,0.4026474952697754,0.2381633073091507,0.2800537645816803,0.0,0.0,0.0,-0.42452919483184814,0.0,0.0,0.0,0.0,0.0,0.0,1
1785980529,989794969,90.0,-1.5555318037616175,-1.5099461714373987,-1.1327016989337366,-4.617770854626791,-4.890459958706991,0.39573147892951965,0.23601573705673218,0.28119146823883057,0.0,0.0,0.0,-0.42119279503822327,0.0,0.0,0.0,0.0,0.0,0.0,1
1785980530,9598493,90.0,-1.5500286261187952,-1.5032103697406214,-1.132749382649557,-4.617770854626791,-4.890447918568746,0.3855789601802826,0.238738551735878,0.28093579411506653,0.0,0.0,0.0,-0.4186105728149414,0.0,0.0,0.0,0.0,0.0,0.0,1
1785980530,29818534,90.0,-1.5463479200946253,-1.498847786580221,-1.1327975432025355,-4.617746893559591,-4.890412036572592,0.37877118587493896,0.23618191480636597,0.27679404616355896,0.0,0.0,0.0,-0.4206942319869995,0.0,0.0,0.0,0.0,0.0,0.0,1
1785980530,49672126,90.0,-1.5408199469195765,-1.4923279921161097,-1.1327255407916468,-4.617758814488546,-4.890435997639791,0.36854639649391174,0.2321040779352188,0.27765053510665894,0.0,0.0,0.0,-0.4161817729473114,0.0,0.0,0.0,0.0,0.0,0.0,1
1785980530,69768428,90.0,-1.5371149222003382,-1.4879291693316858,-1.1327255407916468,-4.6177828947650355,-4.890459958706991,0.36189401149749756,0.2338298112154007,0.27615490555763245,0.0,0.0,0.0,-0.41349729895591736,0.0,0.0,0.0,0.0,0.0,0.0,1
1785980530,89676380,90.0,-1.5314677397357386,-1.4813254515277308,-1.132749382649557,-4.6177948156939905,-4.890412036572592,0.3518853187561035,0.23127317428588867,0.2757969796657562,0.0,0.0,0.0,-0.41379132866859436,0.0,0.0,0.0,0.0,0.0,0.0,1
1785980530,109759092,90.0,-1.5276907126056116,-1.4767583052264612,-1.1327255407916468,-4.617758814488546,-4.890447918568746,0.34524455666542053,0.2327304631471634,0.27267786860466003,0.0,0.0,0.0,-0.41129860281944275,0.0,0.0,0.0,0.0,0.0,0.0,1
1785980530,129672527,90.0,-1.5220549742328089,-1.4702628294574183,-1.132749382649557,-4.6177948156939905,-4.890471879635946,0.33513960242271423,0.2316438853740692,0.26753902435302734,0.0,0.0,0.0,-0.4095472991466522,0.0,0.0,0.0,0.0,0.0,0.0,1
1785980530,149851560,90.0,-1.5184105078326624,-1.4659846464740198,-1.1327016989337366,-4.617758814488546,-4.890435997639791,0.3286306858062744,0.22939404845237732,0.26696380972862244,0.0,0.0,0.0,-0.4054950475692749,0.0,0.0,0.0,0.0,0.0,0.0,1
1785980530,169689416,90.0,-1.5130394140826624,-1.4596322218524378,-1.132761303578512,-4.6177948156939905,-4.890471879635946,0.31894516944885254,0.22555910050868988,0.2634228467941284,0.0,0.0,0.0,-0.4013277292251587,0.0,0.0,0.0,0.0,0.0,0.0,1
1785980530,189762830,90.0,-1.5095980803119105,-1.4554618040667933,-1.132749382649557,-4.617770854626791,-4.890447918568746,0.3125085234642029,0.22001120448112488,0.26297545433044434,0.0,0.0,0.0,-0.3964956998825073,0.0,0.0,0.0,0.0,0.0,0.0,1
1785980530,209643125,90.0,-1.504394833241598,-1.4492290655719202,-1.1327136198626917,-4.6177828947650355,-4.890423957501547,0.3028346300125122,0.21630407869815826,0.25986912846565247,0.0,0.0,0.0,-0.3956136405467987,0.0,0.0,0.0,0.0,0.0,0.0,1
1785980530,229819536,90.0,-1.5008452574359339,-1.4450104872332972,-1.1327016989337366,-4.6177828947650355,-4.890423957501547,0.29664888978004456,0.21873287856578827,0.2558935582637787,0.0,0.0,0.0,-0.39223888516426086,0.0,0.0,0.0,0.0,0.0,0.0,1
1785980530,249576330,90.0,-1.4955104033099573,-1.438826862965719,-1.1327374617206019,-4.617806855832235,-4.890483919774191,0.28737086057662964,0.21883514523506165,0.2530556917190552,0.0,0.0,0.0,-0.3896183371543884,0.0,0.0,0.0,0.0,0.0,0.0,1
1785980530,269779920,90.0,-1.4919613043414515,-1.4347394148456019,-1.1327016989337366,-4.6177948156939905,-4.890412036572592,0.28111323714256287,0.21556265652179718,0.2494380623102188,0.0,0.0,0.0,-0.3857194781303406,0.0,0.0,0.0,0.0,0.0,0.0,1
1785980530,289667844,90.0,-1.486877743397848,-1.4288433233844202,-1.1327136198626917,-4.617770854626791,-4.890447918568746,0.2719306945800781,0.21350456774234772,0.24589712917804718,0.0,0.0,0.0,-0.37888047099113464,0.0,0.0,0.0,0.0,0.0,0.0,1
1785980530,309813737,90.0,-1.4836285750018519,-1.4249361197101038,-1.1327136198626917,-4.6177828947650355,-4.890459958706991,0.26593706011772156,0.20689566433429718,0.24299535155296326,0.0,0.0,0.0,-0.3737033009529114,0.0,0.0,0.0,0.0,0.0,0.0,1
1785980530,329626560,90.0,-1.4788573423968714,-1.4192431608783167,-1.132761303578512,-4.617806855832235,-4.890423957501547,0.2571975886821747,0.19831815361976624,0.2385723739862442,0.0,0.0,0.0,-0.3661612272262573,0.0,0.0,0.0,0.0,0.0,0.0,1
1785980530,349752664,90.0,-1.4757636229144495,-1.4154203573810022,-1.1326897780047815,-4.6177948156939905,-4.890471879635946,0.2513713836669922,0.1975511610507965,0.2346351444721222,0.0,0.0,0.0,-0.3629142940044403,0.0,0.0,0.0,0.0,0.0,0.0,1
1785980530,369697093,81.0,-1.4708846251117151,-1.4097040335284632,-1.132749382649557,-4.6177828947650355,-4.890459958706991,0.2427760660648346,0.19452154636383057,0.2278217226266861,0.0,0.0,0.0,-0.3554617166519165,0.0,0.0,0.0,0.0,0.0,0.0,1
1785980530,389752388,81.0,-1.4677069822894495,-1.406048599873678,-1.1327374617206019,-4.61781877676119,-4.890459958706991,0.23711800575256348,0.19323045015335083,0.2274126559495926,0.0,0.0,0.0,-0.34669244289398193,0.0,0.0,0.0,0.0,0.0,0.0,1
1785980530,409663915,81.0,-1.4629834334002894,-1.400595490132467,-1.1327016989337366,-4.617770854626791,-4.890471879635946,0.22906161844730377,0.19278304278850555,0.21924421191215515,0.0,0.0,0.0,-0.3407866358757019,0.0,0.0,0.0,0.0,0.0,0.0,1
1785980530,429795742,81.0,-1.4599264303790491,-1.3971322218524378,-1.1327374617206019,-4.6177948156939905,-4.890459958706991,0.22369080781936646,0.18513870239257812,0.21762074530124664,0.0,0.0,0.0,-0.3360312879085541,0.0,0.0,0.0,0.0,0.0,0.0,1
1785980530,449710607,81.0,-1.4557059446917933,-1.3921106497394007,-1.1326897780047815,-4.61784273782839,-4.890423957501547,0.21576698124408722,0.17427299916744232,0.21027041971683502,0.0,0.0,0.0,-0.3243602514266968,0.0,0.0,0.0,0.0,0.0,0.0,1
1785980530,469778060,81.0,-1.4531047979937952,-1.3888991514789026,-1.132749382649557,-4.617806855832235,-4.890471879635946,0.2106354981660843,0.17175471782684326,0.20373821258544922,0.0,0.0,0.0,-0.3154120147228241,0.0,0.0,0.0,0.0,0.0,0.0,1
1785980530,489668130,81.0,-1.4491122404681605,-1.3839977423297327,-1.1327374617206019,-4.6177948156939905,-4.890412036572592,0.20327456295490265,0.1649540662765503,0.19539080560207367,0.0,0.0,0.0,-0.304137259721756,0.0,0.0,0.0,0.0,0.0,0.0,1
1785980530,509793758,81.0,-1.4464629332171839,-1.3808334509478968,-1.1326897780047815,-4.617806855832235,-4.890447918568746,0.19850333034992218,0.16256362199783325,0.192284494638443,0.0,0.0,0.0,-0.2988450229167938,0.0,0.0,0.0,0.0,0.0,0.0,1
1785980530,529674530,81.0,-1.4425304571734827,-1.3762200514422815,-1.1326897780047815,-4.617830816899435,-4.890483919774191,0.19158582389354706,0.1592911183834076,0.18603351712226868,0.0,0.0,0.0,-0.2871484160423279,0.0,0.0,0.0,0.0,0.0,0.0,1
1785980530,549744606,81.0,-1.4398449102984827,-1.3732712904559534,-1.1327255407916468,-4.6177948156939905,-4.890447918568746,0.18699435889720917,0.1571052074432373,0.1810225248336792,0.0,0.0,0.0,-0.2798875868320465,0.0,0.0,0.0,0.0,0.0,0.0,1
1785980530,569619178,81.0,-1.4360807577716272,-1.3690293470965784,-1.1327136198626917,-4.617770854626791,-4.890423957501547,0.18044835329055786,0.1486683040857315,0.17222769558429718,0.0,0.0,0.0,-0.26587721705436707,0.0,0.0,0.0,0.0,0.0,0.0,1
1785980530,589877605,81.0,-1.4337552229510706,-1.3663447538958948,-1.1327016989337366,-4.617746893559591,-4.890459958706991,0.17621605098247528,0.14020584523677826,0.16794534027576447,0.0,0.0,0.0,-0.25811782479286194,0.0,0.0,0.0,0.0,0.0,0.0,1
1785980530,609692335,81.0,-1.4305899778949183,-1.3625219503985804,-1.1327136198626917,-4.61781877676119,-4.890471879635946,0.17028160393238068,0.12866264581680298,0.1573352962732315,0.0,0.0,0.0,-0.2433149218559265,0.0,0.0,0.0,0.0,0.0,0.0,1
1785980530,629753351,81.0,-1.4285996595965784,-1.3600295225726526,-1.1327016989337366,-4.617770854626791,-4.890435997639791,0.16657735407352448,0.12459759414196014,0.1535770446062088,0.0,0.0,0.0,-0.23524874448776245,0.0,0.0,0.0,0.0,0.0,0.0,1
1785980530,649722337,81.0,-1.4258063475238245,-1.3564818541156214,-1.1327136198626917,-4.6177948156939905,-4.890471879635946,0.16106200218200684,0.12124840170145035,0.14211054146289825,0.0,0.0,0.0,-0.22153238952159882,0.0,0.0,0.0,0.0,0.0,0.0,1
1785980530,669795989,81.0,-1.4239123503314417,-1.354241196309225,-1.1326897780047815,-4.6177828947650355,-4.890447918568746,0.15760941803455353,0.1178097277879715,0.1364220231771469,0.0,0.0,0.0,-0.21098627150058746,0.0,0.0,0.0,0.0,0.0,0.0,1
1785980530,689692258,81.0,-1.4211786429034632,-1.3510296980487269,-1.1327016989337366,-4.617710892354147,-4.890435997639791,0.15256181359291077,0.11272202432155609,0.1257352977991104,0.0,0.0,0.0,-0.19780682027339935,0.0,0.0,0.0,0.0,0.0,0.0,1
1785980530,709774732,81.0,-1.4194286505328577,-1.3489802519427698,-1.1327136198626917,-4.617770854626791,-4.890412036572592,0.14954066276550293,0.10661166906356812,0.12219435721635818,0.0,0.0,0.0,-0.18566280603408813,0.0,0.0,0.0,0.0,0.0,0.0,1
1785980530,729607582,81.0,-1.4169829527484339,-1.3461516539203089,-1.1326773802386683,-4.617806855832235,-4.890423957501547,0.14520050585269928,0.09560535103082657,0.10921943187713623,0.0,0.0,0.0,-0.16921086609363556,0.0,0.0,0.0,0.0,0.0,0.0,1
1785980530,749784469,81.0,-1.4155085722552698,-1.3444746176349085,-1.1327255407916468,-4.617770854626791,-4.890423957501547,0.14252689480781555,0.09053043276071548,0.10261053591966629,0.0,0.0,0.0,-0.1592399924993515,0.0,0.0,0.0,0.0,0.0,0.0,1
1785980530,769608497,81.0,-1.4135783354388636,-1.3421977202044886,-1.132761303578512,-4.617758814488546,-4.890423957501547,0.13897806406021118,0.07839920371770859,0.09321489930152893,0.0,0.0,0.0,-0.14061491191387177,0.0,0.0,0.0,0.0,0.0,0.0,1
1785980530,789733886,81.0,-1.4123676458941858,-1.3407352606402796,-1.1327136198626917,-4.6177948156939905,-4.890423957501547,0.13680817186832428,0.07117670774459839,0.08514872193336487,0.0,0.0,0.0,-0.1331878900527954,0.0,0.0,0.0,0.0,0.0,0.0,1
1785980530,809650897,81.0,-1.4107373396502894,-1.3389137426959437,-1.1327255407916468,-4.617758814488546,-4.890471879635946,0.13382260501384735,0.06446554511785507,0.072915218770504,0.0,0.0,0.0,-0.11498464643955231,0.0,0.0,0.0,0.0,0.0,0.0,1
1785980530,829792737,81.0,-1.4097064177142542,-1.3377154509173792,-1.1327255407916468,-4.6177828947650355,-4.890399638806478,0.13220398128032684,0.05921166017651558,0.0677763894200325,0.0,0.0,0.0,-0.10578075796365738,0.0,0.0,0.0,0.0,0.0,0.0,1
1785980530,849649190,81.0,-1.4083755652057093,-1.3362410704242151,-1.132749382649557,-4.617770854626791,-4.890471879635946,0.12981799244880676,0.047578971832990646,0.0584702342748642,0.0,0.0,0.0,-0.08578787744045258,0.0,0.0,0.0,0.0,0.0,0.0,1
1785980530,869766950,81.0,-1.4076679388629358,-1.3354266325580042,-1.1327255407916468,-4.6177948156939905,-4.890435997639791,0.12855927646160126,0.04093172028660774,0.048703890293836594,0.0,0.0,0.0,-0.07263398915529251,0.0,0.0,0.0,0.0,0.0,0.0,1
1785980530,889701843,81.0,-1.4068768660174769,-1.3344557921039026,-1.1327016989337366,-4.6177948156939905,-4.890423957501547,0.12703652679920197,0.02660178393125534,0.03502589464187622,0.0,0.0,0.0,-0.05475033074617386,0.0,0.0,0.0,0.0,0.0,0.0,1
1785980530,909840822,81.0,-1.4065292517291468,-1.3339884916888636,-1.1326773802386683,-4.6177948156939905,-4.890471879635946,0.12628115713596344,0.018254371359944344,0.02449255995452404,0.0,0.0,0.0,-0.03961505368351936,0.0,0.0,0.0,0.0,0.0,0.0,1
1785980530,929656505,81.0,-1.4062297979937952,-1.333581272755758,-1.1327136198626917,-4.6177948156939905,-4.890483919774191,0.12557370960712433,0.007158576976507902,0.01273204106837511,0.0,0.0,0.0,-0.021347898989915848,0.0,0.0,0.0,0.0,0.0,0.0,1
1785980530,949781179,81.0,-1.4061701933490198,-1.333461109791891,-1.1327255407916468,-4.6177828947650355,-4.890483919774191,0.12536998093128204,0.006621683947741985,0.005790777504444122,0.0,0.0,0.0,-0.009472331963479519,0.0,0.0,0.0,0.0,0.0,0.0,1
1785980530,969738483,81.0,-1.40619403520693,-1.3335450331317347,-1.1326773802386683,-4.617758814488546,-4.8903037945376795,0.12534600496292114,-0.006033658050000668,-0.010571684688329697,0.0,0.0,0.057260628789663315,-0.009255018085241318,0.0,0.0,0.0,0.0,0.0,0.0,1
1785980530,989804506,81.0,-1.4064458052264612,-1.333796803151266,-1.132618252431051,-4.617830816899435,-4.889488402997152,0.1250699907541275,-0.021450165659189224,-0.020491426810622215,0.00846086349338293,-0.005081311333924532,0.060568276792764664,-0.025438515469431877,0.0,0.0,0.0,0.0,0.0,0.0,1
1785980531,9646177,81.0,-1.4070928732501429,-1.3343480269061487,-1.1323545614825647,-4.617950622235433,-4.887605849896566,0.1244468167424202,-0.034936413168907166,-0.03179175406694412,0.027659591287374496,-0.0038109836168587208,0.09783921390771866,-0.03347913175821304,0.0,0.0,0.0,0.0,0.0,0.0,1
1785980531,29788732,81.0,-1.4077637831317347,-1.3349955717669886,-1.1320908705340784,-4.618130747471945,-4.885722819958822,0.12376333773136139,-0.04568706080317497,-0.04151974618434906,0.026317359879612923,-0.021092236042022705,0.13621270656585693,-0.044370394200086594,0.0,0.0,0.0,0.0,0.0,0.0,1
1785980531,49641370,81.0,-1.4089987913714808,-1.33620530763735,-1.1316478888141077,-4.618250552807943,-4.881981436406271,0.12256454676389694,-0.05958237126469612,-0.058457452803850174,0.019654130563139915,-0.01176850963383913,0.1829511821269989,-0.05813787132501602,0.0,0.0,0.0,0.0,0.0,0.0,1
1785980531,69848299,81.0,-1.4101017157184046,-1.3372119108783167,-1.1312888304339808,-4.618502322827474,-4.878911677991049,0.12149757146835327,-0.07162412256002426,-0.0688757374882698,0.026197517290711403,-0.02581402100622654,0.2112818956375122,-0.06830049306154251,0.0,0.0,0.0,0.0,0.0,0.0,1
1785980531,89614391,81.0,-1.4119957129107874,-1.3389619032489222,-1.1307862440692347,-4.618789855633871,-4.873383108769552,0.11959133297204971,-0.0872451588511467,-0.08311619609594345,0.019606193527579308,-0.014381070621311665,0.25593510270118713,-0.08196570724248886,0.0,0.0,0.0,0.0,0.0,0.0,1
1785980531,110059738,81.0,-1.4134581724749964,-1.3403757254229944,-1.1303184668170374,-4.619077507649557,-4.868969980870382,0.1182243824005127,-0.09675583988428116,-0.09042816609144211,0.03003246895968914,-0.018503643572330475,0.2823004126548767,-0.09304872155189514,0.0,0.0,0.0,0.0,0.0,0.0,1
1785980531,129579544,81.0,-1.4159882704364222,-1.3427007834063929,-1.1295765081988733,-4.619329158459799,-4.861631099377767,0.11577810347080231,-0.11342509835958481,-0.10417008399963379,0.039619848132133484,-0.00846086349338293,0.316719114780426,-0.10519273579120636,0.0,0.0,0.0,0.0,0.0,0.0,1
1785980531,149773120,81.0,-1.4178579489337366,-1.3444746176349085,-1.12895375887026,-4.619664732609884,-4.856342379246847,0.11403963714838028,-0.12311474233865738,-0.11305438727140427,0.03959587961435318,-0.010282465256750584,0.3314357399940491,-0.11449888348579407,0.0,0.0,0.0,0.0,0.0,0.0,1
1785980531,169560909,81.0,-1.4209149519549769,-1.3473504225360315,-1.1279714743243616,-4.62027627626528,-4.848043624554769,0.1111023798584938,-0.13371199369430542,-0.12307639420032501,0.042759716510772705,-0.035305529832839966,0.38184139132499695,-0.12934015691280365,0.0,0.0,0.0,0.0,0.0,0.0,1
1785980531,189759254,81.0,-1.4230616728412073,-1.3494113127337855,-1.1272175947772425,-4.620684091244833,-4.841807667409078,0.10902836173772812,-0.14250682294368744,-0.13267655670642853,0.04539624601602554,-0.028905952349305153,0.41367149353027344,-0.13597461581230164,0.0,0.0,0.0,0.0,0.0,0.0,1
1785980531,209638833,81.0,-1.4265740553485315,-1.3528388182269495,-1.126235310231344,-4.621283713971273,-4.831063095723287,0.10562296956777573,-0.15728417038917542,-0.14320988953113556,0.048296429216861725,-0.024759409949183464,0.43974918127059937,-0.15154452621936798,0.0,0.0,0.0,0.0,0.0,0.0,1
1785980531,229823827,81.0,-1.429127041493551,-1.3552477995501917,-1.1254456678973597,-4.621751133595602,-4.823771778737203,0.10315309464931488,-0.1673828810453415,-0.14864274859428406,0.04858405143022537,-0.028186898678541183,0.45832473039627075,-0.1602243036031723,0.0,0.0,0.0,0.0,0.0,0.0,1
1785980531,249622583,72.9,-1.4332273642169397,-1.3589032332049769,-1.1240680853473108,-4.622482124959127,-4.812535111104147,0.0992806926369667,-0.17754550278186798,-0.15978966653347015,0.05826730281114578,-0.02804308757185936,0.5029539465904236,-0.17188255488872528,0.0,0.0,0.0,0.0,0.0,0.0,1
1785980531,269807100,72.9,-1.4360926787005823,-1.3615272680865687,-1.123157803212301,-4.622961942349569,-4.804164830838339,0.0964752584695816,-0.183617502450943,-0.16794534027576447,0.054000917822122574,-0.033196303993463516,0.522871732711792,-0.17652283608913422,0.0,0.0,0.0,0.0,0.0,0.0,1
1785980531,289679050,72.9,-1.4407923857318323,-1.3656976858722132,-1.1217454115497034,-4.623812739049093,-4.791237298642294,0.09203847497701645,-0.19618336856365204,-0.17960359156131744,0.06452307105064392,-0.035233624279499054,0.5474633574485779,-0.19210553169250488,0.0,0.0,0.0,0.0,0.0,0.0,1
1785980531,309776067,72.9,-1.4441130797015589,-1.368622128163473,-1.1207636038409632,-4.6244123617755335,-4.782495562230245,0.08899335563182831,-0.20327802002429962,-0.18782316148281097,0.06368417292833328,-0.03568902239203453,0.5772561430931091,-0.19401022791862488,0.0,0.0,0.0,0.0,0.0,0.0,1
1785980531,329665184,72.9,-1.4491360823260706,-1.3732355276690882,-1.1192906538592737,-4.625215355549948,-4.767733160649435,0.08413712680339813,-0.21098627150058746,-0.19897009432315826,0.06574545800685883,-0.03501790761947632,0.6056108474731445,-0.20555342733860016,0.0,0.0,0.0,0.0,0.0,0.0,1
1785980531,349778890,72.9,-1.4525769392596644,-1.3764594236956995,-1.1181772390948694,-4.625802580510275,-4.75792378584017,0.08081600069999695,-0.2180042415857315,-0.20637154579162598,0.07008375227451324,-0.041010018438100815,0.6234194040298462,-0.2099636197090149,0.0,0.0,0.0,0.0,0.0,0.0,1
1785980531,369662284,72.9,-1.4578283468829554,-1.3815048376666468,-1.1165722052203577,-4.626821939145223,-4.7426820437060755,0.07570809870958328,-0.22773224115371704,-0.21287818253040314,0.0692208856344223,-0.04206462949514389,0.6509830951690674,-0.21970440447330475,0.0,0.0,0.0,0.0,0.0,0.0,1
1785980531,389801502,72.9,-1.4614012877093714,-1.384956185017721,-1.1153629461871546,-4.627493445073263,-4.731985036526815,0.07219521701335907,-0.2347501963376999,-0.21556265652179718,0.07252853363752365,-0.03976365923881531,0.6624640226364136,-0.22964970767498016,0.0,0.0,0.0,0.0,0.0,0.0,1
1785980531,409590482,72.9,-1.4672396818744105,-1.39032489458193,-1.1135309378253382,-4.628428165112631,-4.716132108365194,0.06658398360013962,-0.24708595871925354,-0.22732317447662354,0.08288290351629257,-0.04340686276555061,0.704504668712616,-0.23802268505096436,0.0,0.0,0.0,0.0,0.0,0.0,1
1785980531,429823398,72.9,-1.4712560812579554,-1.3939321676837366,-1.1123698393451136,-4.629087750111715,-4.704259936009542,0.0626988485455513,-0.24831314384937286,-0.23316508531570435,0.08101336658000946,-0.044868938624858856,0.7100174427032471,-0.2420366108417511,0.0,0.0,0.0,0.0,0.0,0.0,1
1785980531,449746370,72.9,-1.4775384108172815,-1.3995650450335901,-1.1104539076434534,-4.63019031683077,-4.687219444905416,0.05676403269171715,-0.2604060173034668,-0.24346832931041718,0.0830506831407547,-0.04664260521531105,0.7406251430511475,-0.25038403272628784,0.0,0.0,0.0,0.0,0.0,0.0,1
1785980531,469821929,72.9,-1.4817708174334925,-1.4034960905658167,-1.1091960112201136,-4.630945626889364,-4.674999658261434,0.05274707078933716,-0.2692519724369049,-0.24708595871925354,0.08432100713253021,-0.04601942375302315,0.7569236755371094,-0.2563154101371765,0.0,0.0,0.0,0.0,0.0,0.0,1
1785980531,489696979,72.9,-1.4881609121905726,-1.4096558729754847,-1.1071246306048792,-4.63200027147402,-4.656975809727804,0.046596165746450424,-0.27476152777671814,-0.254001647233963,0.09551427513360977,-0.0469302274286747,0.7818029522895813,-0.26153093576431274,0.0,0.0,0.0,0.0,0.0,0.0,1
1785980531,509789705,72.9,-1.4925010840045374,-1.4138744513141077,-1.1058195273028772,-4.632791582738058,-4.6438568274127405,0.042423032224178314,-0.2823036015033722,-0.2596518099308014,0.0891147032380104,-0.053593456745147705,0.7973824143409729,-0.2697761058807373,0.0,0.0,0.0,0.0,0.0,0.0,1
1785980531,529690980,72.9,-1.499155346547262,-1.4202140013324183,-1.1035564581500452,-4.633930865918295,-4.624741975461141,0.03587665036320686,-0.28326234221458435,-0.26031655073165894,0.09788715094327927,-0.051124706864356995,0.8118833303451538,-0.278660386800766,0.0,0.0,0.0,0.0,0.0,0.0,1
1785980531,549840211,72.9,-1.5037830511676233,-1.4243486563311976,-1.102107350026266,-4.634781662617819,-4.611263457928793,0.03137994557619095,-0.2904592752456665,-0.26320552825927734,0.09129583090543747,-0.04776912182569504,0.8256651759147644,-0.2834029495716095,0.0,0.0,0.0,0.0,0.0,0.0,1
1785980531,569829225,72.9,-1.5108688513385218,-1.4307482878314417,-1.0999043623553675,-4.63602847257723,-4.5914886633502405,0.024497628211975098,-0.29608386754989624,-0.2732275426387787,0.09350092709064484,-0.05258678272366524,0.8468772768974304,-0.28795376420021057,0.0,0.0,0.0,0.0,0.0,0.0,1
1785980531,589742898,72.9,-1.5157249609576624,-1.4351351896869105,-1.0983718077289026,-4.6368194262134,-4.577302757893698,0.019881080836057663,-0.3038560450077057,-0.2818434238433838,0.09472331404685974,-0.050405651330947876,0.852965235710144,-0.289232075214386,0.0,0.0,0.0,0.0,0.0,0.0,1
1785980531,609603643,72.9,-1.5230029265033167,-1.4420025984393519,-1.096048657094137,-4.6380900780307215,-4.5566890875445765,0.012890158221125603,-0.3115898668766022,-0.28673937916755676,0.098102867603302,-0.052562814205884933,0.8748964071273804,-0.29688921570777893,0.0,0.0,0.0,0.0,0.0,0.0,1
1785980531,629800081,72.9,-1.5279906431781214,-1.4467480818377894,-1.094600025807516,-4.6388930718051355,-4.542467180882589,0.008202078752219677,-0.3162940740585327,-0.28997349739074707,0.09719207137823105,-0.05181979015469551,0.8816794753074646,-0.30110764503479004,0.0,0.0,0.0,0.0,0.0,0.0,1
1785980531,649639129,72.9,-1.5355566183673304,-1.453759495412008,-1.0921571890460413,-4.640212122594015,-4.521325890217916,0.0009235343313775957,-0.3119605779647827,-0.2868160605430603,0.0980549305677414,-0.05320996046066284,0.9052404761314392,-0.30822786688804626,0.0,0.0,0.0,0.0,0.0,0.0,1
1785980531,670322656,72.9,-1.540652100239889,-1.4583023230182093,-1.0904448668109339,-4.641123239194052,-4.506792489682333,-0.004112068806783498,-0.3181476294994354,-0.29210829734802246,0.10126670449972153,-0.057620156556367874,0.9026039242744446,-0.30925053358078003,0.0,0.0,0.0,0.0,0.0,0.0,1
1785980531,689579010,72.9,-1.5482896010028284,-1.4650738875018519,-1.0880616346942347,-4.642501417790548,-4.4847639242755335,-0.011570755635396779,-0.32294130325317383,-0.30089032649993896,0.10236925631761551,-0.057620156556367874,0.9245589971542358,-0.31422320008277893,0.0,0.0,0.0,0.0,0.0,0.0,1
1785980531,709760665,72.9,-1.5533979574786585,-1.4700830618487757,-1.0864093939410608,-4.64337665239443,-4.470170561467306,-0.016511265431539357,-0.3339604139328003,-0.304661363363266,0.10344783216714859,-0.05392901599407196,0.9396591186523438,-0.3155909776687622,0.0,0.0,0.0,0.0,0.0,0.0,1
1785980531,729672431,72.9,-1.5612996260272425,-1.4775617758380335,-1.084015194569723,-4.64474326768984,-4.447231237088339,-0.024077717457906544,-0.3353921175003052,-0.3080233633518219,0.10073939710855484,-0.058578893542289734,0.9389161467552185,-0.3218419551849365,0.0,0.0,0.0,0.0,0.0,0.0,1
1785980531,749778270,72.9,-1.566815201436178,-1.4825475851642054,-1.082254711781637,-4.645713988934652,-4.432493988667623,-0.029186073933736623,-0.33867740631103516,-0.3077165484428406,0.10380735993385315,-0.054552193731069565,0.9588099122047424,-0.32427075505256653,0.0,0.0,0.0,0.0,0.0,0.0,1
1785980531,769665479,72.9,-1.5749090353595179,-1.4899428526507776,-1.0798724333392542,-4.647068921719686,-4.409662906323568,-0.037112061177388966,-0.33791041374206543,-0.3089437484741211,0.10804977267980576,-0.06073605269193649,0.9600083827972412,-0.32618823647499084,0.0,0.0,0.0,0.0,0.0,0.0,1
1785980531,789821863,72.9,-1.5803044478045862,-1.4948566595660608,-1.078195873891012,-4.648087922726766,-4.393895093594686,-0.04228049913515264,-0.3422950506210327,-0.31348177790641785,0.10802580416202545,-0.05819539725780487,0.9720165729522705,-0.3247053921222687,0.0,0.0,0.0,0.0,0.0,0.0,1
1785980531,809616804,72.9,-1.588351074849264,-1.502371613179342,-1.0757649580584925,-4.649466101323263,-4.3708123604403895,-0.050098721181051076,-0.3445832133293152,-0.319004088640213,0.10598848760128021,-0.058890484273433685,0.9785359501838684,-0.3306240141391754,0.0,0.0,0.0,0.0,0.0,0.0,1
1785980531,829777717,72.9,-1.5939024130450647,-1.5073698202716272,-1.0739215056048792,-4.650413219128744,-4.354816381131307,-0.05542308488954717,-0.34437867999076843,-0.31851834058761597,0.11442538350820541,-0.059417787939310074,0.977001965045929,-0.3325158953666687,0.0,0.0,0.0,0.0,0.0,0.0,1
1785980531,849610567,72.9,-1.6022003332721155,-1.5150521437274378,-1.0712984243976038,-4.651851717625753,-4.331205908452169,-0.06339770952333623,-0.343662828207016,-0.31833937764167786,0.1089126393198967,-0.05637379735708237,0.9853670001029968,-0.3324008584022522,0.0,0.0,0.0,0.0,0.0,0.0,1
1785980531,869774580,72.9,-1.6077168623553675,-1.5201342741595667,-1.0695984999286097,-4.65271503130068,-4.315642182026998,-0.0687339941607874,-0.3451712429523468,-0.32260894775390625,0.11217235028743744,-0.047385625541210175,0.9867092370986938,-0.3330528140068054,0.0,0.0,0.0,0.0,0.0,0.0,1
1785980531,889589548,72.9,-1.61599046388735,-1.527780834828512,-1.0669639746295374,-4.654105488454,-4.291660968457357,-0.07670861879457647,-0.35532107949256897,-0.32398954033851624,0.11284346878528595,-0.06517022103071213,0.9871406555175781,-0.3322218954563141,0.0,0.0,0.0,0.0,0.0,0.0,1
1785980531,909843444,72.9,-1.6216142813311976,-1.5329583326922815,-1.0651801268206995,-4.655184094105856,-4.2759650389300745,-0.08202058473695928,-0.3484821021556854,-0.3284125030040741,0.10632404685020447,-0.06373210996389389,0.9971354603767395,-0.337424635887146,0.0,0.0,0.0,0.0,0.0,0.0,1
1785980531,929614067,72.9,-1.6300924460040491,-1.5408933798419397,-1.0625579992877405,-4.656658593808309,-4.25175649324526,-0.09013921419252569,-0.35126882791519165,-0.3238489031791687,0.11361045390367508,-0.06430735439062119,0.988267183303833,-0.3363892138004303,0.0,0.0,0.0,0.0,0.0,0.0,1
1785980531,949763774,72.9,-1.6356805006610315,-1.5460475126849573,-1.0607622305499476,-4.657593671475546,-4.235881153737203,-0.09558326402773076,-0.34437867999076843,-0.32173970341682434,0.10697119683027267,-0.06047240272164345,0.9920541644096375,-0.33296331763267517,0.0,0.0,0.0,0.0,0.0,0.0,1
1785980531,969730854,72.9,-1.6440027395831507,-1.5536940733539026,-1.0581639448748987,-4.659116093312399,-4.212320629750387,-0.10378629366029912,-0.34763839840888977,-0.3225194811820984,0.10435863584280014,-0.06109558045864105,0.9986454844474792,-0.33081573247909546,0.0,0.0,0.0,0.0,0.0,0.0,1
1785980531,989859104,72.9,-1.6495311895953577,-1.5588725248919886,-1.0564034620868128,-4.659991327916281,-4.195702139531271,-0.1091230551349085,-0.3509620428085327,-0.32335036993026733,0.11159710586071014,-0.05970541015267372,0.9816039204597473,-0.3303683400154114,0.0,0.0,0.0,0.0,0.0,0.0,1
1785980532,9698867,72.9,-1.6579855124102991,-1.5666278044330042,-1.0538056532489222,-4.661513630543844,-4.172057692204611,-0.1171334425555628,-0.34437867999076843,-0.32387447357177734,0.10982344299554825,-0.06248575076460838,0.9858223795890808,-0.33420330286026,0.0,0.0,0.0,0.0,0.0,0.0,1
1785980532,29791831,72.9,-1.6635854879962366,-1.5718172232257288,-1.052117172871725,-4.6625203529941,-4.156602446232931,-0.12254172960390264,-0.3459765911102295,-0.32232773303985596,0.11080614477396011,-0.05848301947116852,0.9833775758743286,-0.33224746584892273,0.0,0.0,0.0,0.0,0.0,0.0,1
1785980532,49700021,72.9,-1.6718962828265589,-1.579536263142721,-1.049614731465475,-4.66395885149111,-4.132718388234274,-0.1305764357196253,-0.3424100875854492,-0.31932368874549866,0.112531878054142,-0.05560680478811264,0.9750605225563049,-0.3294095993041992,0.0,0.0,0.0,0.0,0.0,0.0,1
1785980532,69813728,72.9,-1.6773770491229456,-1.5845349470721644,-1.0478304068194788,-4.664882008229391,-4.11735970178713,-0.13587743440736944,-0.34716543555259705,-0.31960490345954895,0.10804977267980576,-0.05994509533047676,0.9891539812088013,-0.32643112540245056,0.0,0.0,0.0,0.0,0.0,0.0,1
1785980532,89640617,72.9,-1.6856511274920862,-1.5921700636493128,-1.0452325979815882,-4.6663444677936,-4.094051901494161,-0.14376861253847295,-0.3433304727077484,-0.3182498812675476,0.11699000746011734,-0.05572664737701416,0.9822750687599182,-0.3302021622657776,0.0,0.0,0.0,0.0,0.0,0.0,1
1785980532,109792232,72.9,-1.69122821489443,-1.5972526709186,-1.0434959570514124,-4.667231265698568,-4.0783215204821985,-0.14902097383608037,-0.3410550653934479,-0.3181220591068268,0.10687532275915146,-0.06004096940159798,0.9765705466270447,-0.32825911045074463,0.0,0.0,0.0,0.0,0.0,0.0,1
1785980532,129575014,72.9,-1.6994546095477503,-1.6050198713885706,-1.0408743063556116,-4.668741647397177,-4.055302206669943,-0.15699607530702764,-0.33420330286026,-0.31253582239151,0.10560499131679535,-0.05951366201043129,0.9761391282081604,-0.32260894775390625,0.0,0.0,0.0,0.0,0.0,0.0,1
1785980532,149825811,72.9,-1.7049115339862269,-1.6100781599627894,-1.0392220656024378,-4.669556562100546,-4.039512221013204,-0.16218883195985967,-0.3348296582698822,-0.31493905186653137,0.10761834681034088,-0.05709284916520119,0.9534170627593994,-0.3180709183216095,0.0,0.0,0.0,0.0,0.0,0.0,1
1785980532,169591188,72.9,-1.712874714528219,-1.6174381414996546,-1.0366953055011194,-4.67100698152651,-4.016732756291525,-0.16986400285829717,-0.33365359902381897,-0.3063998818397522,0.10560499131679535,-0.055391088128089905,0.9538964033126831,-0.3143638074398041,0.0,0.0,0.0,0.0,0.0,0.0,1
1785980532,189742565,72.9,-1.7183430830584925,-1.6222565809832972,-1.0349352995501917,-4.671930138264791,-4.001542393361227,-0.17493707338442022,-0.3299081325531006,-0.30740976333618164,0.10335195809602737,-0.060328591614961624,0.9437097907066345,-0.3172144591808319,0.0,0.0,0.0,0.0,0.0,0.0,1
1785980532,209679126,72.9,-1.7261865774737757,-1.6296523253070276,-1.0324810186969202,-4.673248831425802,-3.978835169469015,-0.18238479295839483,-0.3206275701522827,-0.30361315608024597,0.10177004337310791,-0.049494851380586624,0.9266203045845032,-0.31198611855506897,0.0,0.0,0.0,0.0,0.0,0.0,1
1785980532,229786157,72.9,-1.7313554922686976,-1.634531323109762,-1.0307806173907679,-4.674003783856527,-3.9643645922290247,-0.18746930757631475,-0.3174956738948822,-0.3018362820148468,0.09925335645675659,-0.05917810648679733,0.9244152307510376,-0.3088926076889038,0.0,0.0,0.0,0.0,0.0,0.0,1
1785980532,249678611,72.9,-1.7388995329486292,-1.6417110602008265,-1.0283377806292933,-4.675490204487936,-3.941969935094015,-0.19488126436342412,-0.31717610359191895,-0.2944987416267395,0.09640111029148102,-0.0589863583445549,0.9014773964881897,-0.3042139708995819,0.0,0.0,0.0,0.0,0.0,0.0,1
1785980532,269863128,72.9,-1.7440803686725062,-1.6463378111468714,-1.0267098585711878,-4.676377121602194,-3.9277756849872034,-0.199714485798971,-0.3143638074398041,-0.2903825640678406,0.09584983438253403,-0.053233928978443146,0.9044015407562256,-0.30129939317703247,0.0,0.0,0.0,0.0,0.0,0.0,1
1785980532,289632320,72.9,-1.7515881697284144,-1.6532185713397425,-1.024374787007467,-4.6776960531817835,-3.906447950993673,-0.20697051683534795,-0.30833014845848083,-0.2849752902984619,0.09908557683229446,-0.054983627051115036,0.8834291696548462,-0.2983081340789795,0.0,0.0,0.0,0.0,0.0,0.0,1
1785980532,309734344,72.9,-1.7566254774676722,-1.6578214804278772,-1.022806469594137,-4.678606931363241,-3.892205778752462,-0.21161157289613897,-0.3010948598384857,-0.2840421199798584,0.09342902153730392,-0.05253884568810463,0.8747046589851379,-0.29411524534225464,0.0,0.0,0.0,0.0,0.0,0.0,1
1785980532,329627752,72.9,-1.7638333479510706,-1.6646903196917933,-1.0205915609942835,-4.679781738911764,-3.8715623060809534,-0.21856767336000615,-0.2955853343009949,-0.27690911293029785,0.0938604548573494,-0.050765179097652435,0.856776237487793,-0.2861129939556122,0.0,0.0,0.0,0.0,0.0,0.0,1
1785980532,349772214,72.9,-1.7686908880816858,-1.6691373030291956,-1.0191786924945276,-4.680524770413534,-3.8578477541552942,-0.2231968084918421,-0.2916225492954254,-0.2708243131637573,0.08794024586677551,-0.04920722916722298,0.8459664583206177,-0.2801049053668976,0.0,0.0,0.0,0.0,0.0,0.0,1
1785980532,369587182,72.9,-1.7755630652057093,-1.6756466070758265,-1.017083470021383,-4.681783143674032,-3.838067356740133,-0.2300813833819788,-0.2885417938232422,-0.2649056911468506,0.08949819207191467,-0.04659466817975044,0.8309622406959534,-0.2766534388065338,0.0,0.0,0.0,0.0,0.0,0.0,1
1785980532,389817714,72.9,-1.7800849119769495,-1.6798542181598108,-1.0156944433795374,-4.682586375867025,-3.8247128168689173,-0.23444682756532842,-0.2861257791519165,-0.25899988412857056,0.08858739584684372,-0.05325789749622345,0.807832658290863,-0.2716807723045349,0.0,0.0,0.0,0.0,0.0,0.0,1
1785980532,409693956,72.9,-1.7868731657611292,-1.6858838240252894,-1.0135510603534144,-4.6837608257876795,-3.805664364491598,-0.24076730409731084,-0.2723199427127838,-0.2557785212993622,0.08925851434469223,-0.046906258910894394,0.7925647497177124,-0.26476508378982544,0.0,0.0,0.0,0.0,0.0,0.0,1
1785980532,429847240,72.9,-1.791251007710592,-1.69000751176943,-1.0122583548175257,-4.684504214917318,-3.7928617636310022,-0.2448809782611292,-0.2701723575592041,-0.2501794993877411,0.08635833114385605,-0.04791293293237686,0.7727428674697876,-0.25893595814704895,0.0,0.0,0.0,0.0,0.0,0.0,1
1785980532,449738264,72.9,-1.797607723866598,-1.6959288755999964,-1.0101869742022913,-4.685595218335287,-3.774964157735006,-0.2509496847735804,-0.25876978039741516,-0.24166589975357056,0.08345814794301987,-0.04920722916722298,0.753663957118988,-0.25419339537620544,0.0,0.0,0.0,0.0,0.0,0.0,1
1785980532,469779729,72.9,-1.8017695585833948,-1.6998136679278772,-1.0088937918292444,-4.686338249837057,-3.7627127806292933,-0.25499135652651006,-0.25673726201057434,-0.2412824034690857,0.07979097217321396,-0.047817058861255646,0.731852650642395,-0.2510998845100403,0.0,0.0,0.0,0.0,0.0,0.0,1
1785980532,489661931,72.9,-1.8077190558062952,-1.7054713408099573,-1.0069897810565394,-4.687393252049581,-3.745643202458517,-0.26088029543031865,-0.24622948467731476,-0.225738063454628,0.08204400539398193,-0.03616839274764061,0.7119109034538269,-0.24201104044914246,0.0,0.0,0.0,0.0,0.0,0.0,1
1785980532,509734630,72.9,-1.8117130438434046,-1.7089718023883265,-1.005732838307516,-4.688064281140463,-3.734075371419088,-0.26469451585878545,-0.24184486269950867,-0.22269566357135773,0.07806524634361267,-0.04611529782414436,0.7024194002151489,-0.23431557416915894,0.0,0.0,0.0,0.0,0.0,0.0,1
1785980532,529660463,72.9,-1.817469898854391,-1.7141144911395472,-1.0038169066058558,-4.689154926930563,-3.7180004755603235,-0.27003175417055303,-0.23361249268054962,-0.21659809350967407,0.07983890920877457,-0.03868507966399193,0.6686958074569702,-0.225738063454628,0.0,0.0,0.0,0.0,0.0,0.0,1
1785980532,549793004,72.9,-1.821200195943014,-1.7175310293780726,-1.0026915709124964,-4.68971819082369,-3.7073918024646204,-0.2735217253314417,-0.22232495248317719,-0.21092236042022705,0.06658435612916946,-0.04007524996995926,0.6540031433105469,-0.2212895154953003,0.0,0.0,0.0,0.0,0.0,0.0,1
1785980532,569597482,72.9,-1.8266099135028284,-1.7224701086627405,-1.0009797255145472,-4.69066566625704,-3.691989008580343,-0.27876264253725225,-0.21831104159355164,-0.2049398422241211,0.07029946893453598,-0.037103161215782166,0.6157734394073486,-0.21422041952610016,0.0,0.0,0.0,0.0,0.0,0.0,1
1785980532,589697122,72.9,-1.8300040403949183,-1.7257545630084437,-0.9999378363238733,-4.691276852284567,-3.682542864476339,-0.2821453253375452,-0.21347899734973907,-0.19849711656570435,0.06653641909360886,-0.03657585754990578,0.608942449092865,-0.20571960508823395,0.0,0.0,0.0,0.0,0.0,0.0,1
1785980532,609652280,72.9,-1.8348258177386683,-1.7304299513446253,-0.9983814398394983,-4.6921038071261805,-3.6683505217181605,-0.2869184652911585,-0.19761507213115692,-0.1824670135974884,0.06205431744456291,-0.03362773731350899,0.5745477080345154,-0.19178594648838043,0.0,0.0,0.0,0.0,0.0,0.0,1
1785980532,629851341,72.9,-1.8378608862506312,-1.733307186757223,-0.9974001089679163,-4.692631069813864,-3.659480635319845,-0.2898929754840296,-0.19213110208511353,-0.17584533989429474,0.06155098229646683,-0.03544933721423149,0.5431730151176453,-0.1826332062482834,0.0,0.0,0.0,0.0,0.0,0.0,1
1785980532,649557590,72.9,-1.8422506491290491,-1.7372868696795862,-0.9959748427020472,-4.693410460148947,-3.6468587557422083,-0.2941630522357386,-0.18123982846736908,-0.1652480810880661,0.050645336508750916,-0.028330707922577858,0.5211939811706543,-0.1736849844455719,0.0,0.0,0.0,0.0,0.0,0.0,1
1785980532,669882059,72.9,-1.8450811545001429,-1.7398760954486292,-0.9951251188861292,-4.69393772283663,-3.6385400930987757,-0.2968857924090784,-0.17123061418533325,-0.15614646673202515,0.05030977725982666,-0.02605370618402958,0.49010688066482544,-0.16578496992588043,0.0,0.0,0.0,0.0,0.0,0.0,1
1785980532,689569711,72.9,-1.8492077032672327,-1.7435205618487757,-0.9938557783709925,-4.694512907658712,-3.627272669469015,-0.3007238546954554,-0.16522251069545746,-0.15093092620372772,0.04728975519537926,-0.022050974890589714,0.4578453600406647,-0.1570412814617157,0.0,0.0,0.0,0.0,0.0,0.0,1
1785980532,709698677,72.9,-1.8517983595477503,-1.7458823362933558,-0.9931014219867151,-4.694968406354086,-3.620260540639059,-0.3030627409564417,-0.1572202444076538,-0.14471830427646637,0.04896754398941994,-0.026509106159210205,0.4421939551830292,-0.149077370762825,0.0,0.0,0.0,0.0,0.0,0.0,1
1785980532,729643344,72.9,-1.8554208914386194,-1.7491191069232386,-0.9920595327960413,-4.695639912282125,-3.61007267633547,-0.30644494691957647,-0.13904257118701935,-0.1325998604297638,0.04081827029585838,-0.028354676440358162,0.40533047914505005,-0.13770034909248352,0.0,0.0,0.0,0.0,0.0,0.0,1
1785980532,749757528,72.9,-1.8575437704669397,-1.751181427632467,-0.9913414160357874,-4.695987407361166,-3.6038034597979944,-0.3085077444659632,-0.12666846811771393,-0.12100552022457123,0.03918841853737831,-0.025790052488446236,0.36932986974716187,-0.12836863100528717,0.0,0.0,0.0,0.0,0.0,0.0,1
1785980532,769656181,72.9,-1.8603747526751917,-1.753890339528219,-0.9904196898089808,-4.6965630690204065,-3.595473353062765,-0.31144601503481084,-0.11415374279022217,-0.10732752829790115,0.038780953735113144,-0.018503643572330475,0.3417181968688965,-0.11772024631500244,0.0,0.0,0.0,0.0,0.0,0.0,1
1785980532,789754390,72.9,-1.8620417753802698,-1.7556045691119593,-0.9898327032672327,-4.696874562894003,-3.59047514597048,-0.31323320070375615,-0.10443852841854095,-0.10030956566333771,0.036503951996564865,-0.023153522983193398,0.314178466796875,-0.10558900982141495,0.0,0.0,0.0,0.0,0.0,0.0,1
1785980532,809617042,72.9,-1.8644407431231897,-1.7578943411456507,-0.9891145865069788,-4.697126332913534,-3.5835707823382776,-0.3155720869647425,-0.09768901020288467,-0.08702784776687622,0.025478463619947433,-0.009731191210448742,0.27043601870536804,-0.09115681052207947,0.0,0.0,0.0,0.0,0.0,0.0,1
1785980532,829736232,72.9,-1.8658559958087366,-1.7591889540301722,-0.9886835257159632,-4.69746178785433,-3.579279963170187,-0.3169634977923792,-0.0895589143037796,-0.07772169262170792,0.021979069337248802,-0.010138655081391335,0.24716266989707947,-0.0819273591041565,0.0,0.0,0.0,0.0,0.0,0.0,1
1785980532,849582672,72.9,-1.8678353468524378,-1.760975186024801,-0.988192383443014,-4.697677556668417,-3.5740061442004603,-0.3188107649432581,-0.07407849282026291,-0.06570551544427872,0.016825852915644646,-0.008628642186522484,0.19215506315231323,-0.06753350794315338,0.0,0.0,0.0,0.0,0.0,0.0,1
1785980532,869768619,72.9,-1.8688667456256312,-1.7619345823871058,-0.9878934065448206,-4.698001090680258,-3.5710697809802454,-0.3197825590716761,-0.06036214530467987,-0.054916512221097946,0.01800030656158924,-0.01176850963383913,0.16984044015407562,-0.056182049214839935,0.0,0.0,0.0,0.0,0.0,0.0,1
1785980532,889545917,72.9,-1.8700903097735804,-1.76308519044985,-0.9875219503985804,-4.698097054158346,-3.567617956792013,-0.3209455649005335,-0.04439596086740494,-0.03840065374970436,0.013949638232588768,-0.006807039957493544,0.12626579403877258,-0.04062492400407791,0.0,0.0,0.0,0.0,0.0,0.0,1
1785980532,909810543,72.9,-1.8706300894366663,-1.7635529677020472,-0.9872944990741175,-4.6981568972217005,-3.565951649342672,-0.3214977423297327,-0.032111331820487976,-0.02876214124262333,0.008628642186522484,-0.009707222692668438,0.09486712515354156,-0.030896930024027824,0.0,0.0,0.0,0.0,0.0,0.0,1
1785980532,929623126,72.9,-1.871265713368551,-1.7641165892230433,-0.9870556036578577,-4.698252741490499,-3.564249579106466,-0.32209712663759404,-0.01504579558968544,-0.012962138280272484,0.00812530517578125,-0.002684466540813446,0.044197823852300644,-0.017282851040363312,0.0,0.0,0.0,0.0,0.0,0.0,1
1785980532,949844837,72.9,-1.871457878743307,-1.7641881147967737,-0.9870436827289026,-4.6982287804233,-3.5638302008258265,-0.3221929709063929,-0.009024920873343945,-0.007529288996011019,0.0,-0.0016058861510828137,0.018503643572330475,-0.008718124590814114,0.0,0.0,0.0,0.0,0.0,0.0,1
1785980532,969619750,72.9,-1.8713739554034632,-1.7640684286700647,-0.9870789686786097,-4.6982287804233,-3.564033810292379,-0.3221929709063929,0.014406636357307434,0.013307283632457256,0.0,-0.0010066749528050423,-0.046786416321992874,0.013089969754219055,0.0,0.0,0.0,0.0,0.0,0.0,1
1785980532,989759683,72.9,-1.8711817900287073,-1.7638409773456019,-0.9870789686786097,-4.698192898427145,-3.56468111673464,-0.32192927995790654,0.02274126559495926,0.022664567455649376,0.0,-0.0006471481756307185,-0.05438441410660744,0.023904534056782722,0.0,0.0,0.0,0.0,0.0,0.0,1
1785980533,9673357,72.9,-1.8705580870257776,-1.7631452719317835,-0.9871986548053187,-4.698168937359945,-3.566634718571798,-0.3212817350970667,0.035166509449481964,0.03268657624721527,-0.008700547739863396,0.0023728767409920692,-0.10922423005104065,0.033070068806409836,0.0,0.0,0.0,0.0,0.0,0.0,1
1785980533,29771804,59.05,-1.8698628584491175,-1.7625458876239222,-0.9873541037188929,-4.698085014020101,-3.568660084401266,-0.3206222693072718,0.04677363112568855,0.042746931314468384,-0.017377126961946487,0.005392901599407196,-0.1353738158941269,0.04392298310995102,0.0,0.0,0.0,0.0,0.0,0.0,1
1785980533,49633026,59.05,-1.8686030546771448,-1.761310879384176,-0.987713638936178,-4.697941247616903,-3.572580162678854,-0.3194945494281214,0.059850819408893585,0.05475033074617386,-0.014069480821490288,0.006807039957493544,-0.18266355991363525,0.059058260172605515,0.0,0.0,0.0,0.0,0.0,0.0,1
1785980533,69768428,59.05,-1.867547337208883,-1.760388199483053,-0.9880965391742151,-4.697689477597372,-3.575684372578756,-0.3184626738177698,0.07001344114542007,0.0659867450594902,-0.024327976629137993,0.018503643572330475,-0.20620058476924896,0.06978334486484528,0.0,0.0,0.0,0.0,0.0,0.0,1
1785980533,89634895,59.05,-1.8657720724688929,-1.758493725453512,-0.9888032118426722,-4.69748574892153,-3.581317726765768,-0.31654388109316045,0.08739855885505676,0.08133932948112488,-0.030128343030810356,0.010234528221189976,-0.2443583607673645,0.08500810712575912,0.0,0.0,0.0,0.0,0.0,0.0,1
1785980533,109784603,59.05,-1.8643086592303675,-1.7570789496051233,-0.989258114491598,-4.697150293980734,-3.5855370203601282,-0.31506854692568,0.09949143975973129,0.08984014391899109,-0.03123089112341404,0.016178704798221588,-0.2683747410774231,0.09329160302877426,0.0,0.0,0.0,0.0,0.0,0.0,1
1785980533,129584550,59.05,-1.8617776075946253,-1.7547534147845667,-0.9900839964496058,-4.696922604237692,-3.592548433934347,-0.3126457373248499,0.11655697971582413,0.1009998545050621,-0.03947603702545166,0.006471481639891863,-0.31333956122398376,0.10663723200559616,0.0,0.0,0.0,0.0,0.0,0.0,1
1785980533,149823665,59.05,-1.859870735798971,-1.7530511061297815,-0.9906471411334437,-4.6966708342181605,-3.597762409840719,-0.3109186331378382,0.12440584599971771,0.11163545399904251,-0.03839745745062828,0.010905644856393337,-0.34703919291496277,0.11631409823894501,0.0,0.0,0.0,0.0,0.0,0.0,1
1785980533,169639825,59.05,-1.856704060231344,-1.750174347554342,-0.9916165510760706,-4.695975367222921,-3.606704060231344,-0.307932202016012,0.13828836381435394,0.12269289791584015,-0.04494084417819977,0.03657585754990578,-0.37939661741256714,0.1296597272157669,0.0,0.0,0.0,0.0,0.0,0.0,1
1785980533,189756155,59.05,-1.8544967810260218,-1.748148266469137,-0.9923713842975062,-4.695555631314413,-3.6131652037249964,-0.3059175650226038,0.14290308952331543,0.13003043830394745,-0.044197823852300644,0.03636014088988304,-0.4000813663005829,0.13709953427314758,0.0,0.0,0.0,0.0,0.0,0.0,1
1785980533,209581136,59.05,-1.8509705702411097,-1.7448514143573206,-0.9935563246356409,-4.694968406354086,-3.6231613794909876,-0.3025105635272425,0.15673449635505676,0.14487171173095703,-0.04621117189526558,0.024663535878062248,-0.4399888515472412,0.15043239295482635,0.0,0.0,0.0,0.0,0.0,0.0,1
1785980533,229846477,59.05,-1.8483436743365687,-1.7425497213946741,-0.9943826834308069,-4.694477025662557,-3.6302931944476526,-0.30006391206850225,0.16372688114643097,0.15038125216960907,-0.05529521778225899,0.03043993189930916,-0.4719148278236389,0.1607995331287384,0.0,0.0,0.0,0.0,0.0,0.0,1
1785980533,249597072,59.05,-1.844217602406637,-1.7387855688678187,-0.9956515471087855,-4.693757955227987,-3.6421123186694544,-0.296178166066305,0.174950510263443,0.16211619973182678,-0.05548696219921112,0.029457226395606995,-0.4978247284889221,0.17309695482254028,0.0,0.0,0.0,0.0,0.0,0.0,1
1785980533,269762516,59.05,-1.8413389364825647,-1.7362921873675745,-0.9965255896197718,-4.693230692540304,-3.650442663823263,-0.29334766069521123,0.18295277655124664,0.16800925135612488,-0.05481584742665291,0.032645031809806824,-0.5140274167060852,0.17924566566944122,0.0,0.0,0.0,0.0,0.0,0.0,1
1785980533,289592981,59.05,-1.8367088476764124,-1.731988255177633,-0.9979742209063929,-4.692439262066976,-3.66311222711672,-0.2889936606036585,0.1995709091424942,0.1824670135974884,-0.06001700088381767,0.038061898201704025,-0.5597591996192932,0.19036701321601868,0.0,0.0,0.0,0.0,0.0,0.0,1
1785980533,309787273,59.05,-1.8335426489459437,-1.7289674917804163,-0.9990161100970667,-4.691864077244894,-3.6722705999957483,-0.28587514558901006,0.20655052363872528,0.18779760599136353,-0.06238987669348717,0.036072518676519394,-0.5724385380744934,0.19562090933322906,0.0,0.0,0.0,0.0,0.0,0.0,1
1785980533,329637527,59.05,-1.82863694826235,-1.7243278662311,-1.0004647413836878,-4.690941278134481,-3.6862831751452845,-0.28099376360048467,0.21113967895507812,0.19487948715686798,-0.06691991537809372,0.040051281452178955,-0.6060901880264282,0.20670391619205475,0.0,0.0,0.0,0.0,0.0,0.0,1
1785980533,349889755,59.05,-1.8251708189593714,-1.7211630980121058,-1.0016377607928675,-4.690354053174154,-3.6961005369769495,-0.27769548097719365,0.22293855249881744,0.20231929421424866,-0.07073089480400085,0.036503951996564865,-0.6298429369926453,0.208928182721138,0.0,0.0,0.0,0.0,0.0,0.0,1
1785980533,369618892,59.05,-1.819773022328512,-1.7161162535296839,-1.00336200395693,-4.689442459736959,-3.7117674986468714,-0.2725017706500452,0.22901055216789246,0.21278870105743408,-0.06668023020029068,0.03846936300396919,-0.6505277156829834,0.22136621177196503,0.0,0.0,0.0,0.0,0.0,0.0,1
1785980533,389726877,59.05,-1.8159831205951136,-1.712735954915182,-1.0044034163104456,-4.688735429440634,-3.7221718470202845,-0.26901179948915654,0.23289664089679718,0.21924421191215515,-0.0704432800412178,0.03815777227282524,-0.6768929958343506,0.23003320395946503,0.0,0.0,0.0,0.0,0.0,0.0,1
1785980533,409579515,59.05,-1.8099616209613245,-1.7074373404132288,-1.0062955061541956,-4.687848631535665,-3.738762442265646,-0.26347095171083623,0.2494380623102188,0.2291000336408615,-0.0728640928864479,0.04532434046268463,-0.6979133486747742,0.2367188036441803,0.0,0.0,0.0,0.0,0.0,0.0,1
1785980533,429819345,59.05,-1.8059676329242151,-1.7038052717791956,-1.0074923674212855,-4.687117163334982,-3.749850336705343,-0.2596214453326624,0.25187966227531433,0.23395764827728271,-0.07780159264802933,0.04182494804263115,-0.719365119934082,0.24395407736301422,0.0,0.0,0.0,0.0,0.0,0.0,1
1785980533,449621677,59.05,-1.7999704519854944,-1.6980269590960901,-1.0093606154071253,-4.686086599026815,-3.767531696950094,-0.2537444273578089,0.2641770541667938,0.24068158864974976,-0.0812530517578125,0.04304733872413635,-0.7435972094535828,0.251572847366333,0.0,0.0,0.0,0.0,0.0,0.0,1
1785980533,469773292,59.05,-1.7958086172686976,-1.6941073576556605,-1.0106537977801722,-4.685367528592245,-3.779675070439474,-0.24961835542787725,0.2634228467941284,0.24560311436653137,-0.08216384798288345,0.048176586627960205,-0.7550301551818848,0.25911492109298706,0.0,0.0,0.0,0.0,0.0,0.0,1
1785980533,489601135,59.05,-1.7894161383258265,-1.6880772749530237,-1.0127609411822718,-4.684204641972677,-3.798112455998556,-0.24340564409364873,0.2703513503074646,0.25089535117149353,-0.08899486064910889,0.04788896441459656,-0.7751396894454956,0.2639214098453522,0.0,0.0,0.0,0.0,0.0,0.0,1
1785980533,509742498,59.05,-1.7849424521075647,-1.6840737501727503,-1.0140422026263636,-4.683485213910238,-3.810747210179464,-0.23919612566103154,0.27753546833992004,0.25749146938323975,-0.0915115475654602,0.05155613645911217,-0.7936912775039673,0.26945650577545166,0.0,0.0,0.0,0.0,0.0,0.0,1
1785980533,529664039,59.05,-1.7780583540545862,-1.6778281370746058,-1.0161493460284632,-4.682346765195028,-3.830203119908468,-0.23273164430727178,0.28365862369537354,0.26684874296188354,-0.09225456416606903,0.04767324775457382,-0.809846043586731,0.2775226831436157,0.0,0.0,0.0,0.0,0.0,0.0,1
1785980533,549807786,59.05,-1.7733686606036585,-1.6735127607928675,-1.0176098982440394,-4.681543413792745,-3.8434622923480433,-0.22822267213930303,0.2964801490306854,0.2686639428138733,-0.0915115475654602,0.0511726438999176,-0.8249701261520386,0.28065457940101624,0.0,0.0,0.0,0.0,0.0,0.0,1
1785980533,569612503,59.05,-1.7663281599627894,-1.6668718496905726,-1.0198128859149378,-4.680261079465048,-3.8636260668383997,-0.22130185762514287,0.2932204306125641,0.27603983879089355,-0.0920867845416069,0.051963601261377335,-0.8432819843292236,0.284668505191803,0.0,0.0,0.0,0.0,0.0,0.0,1
1785980533,589782476,59.05,-1.761543099080221,-1.6623285452472132,-1.0213101545916956,-4.679457728062765,-3.876993004475729,-0.21661264101137334,0.3021303117275238,0.27979809045791626,-0.0975036546587944,0.0553431510925293,-0.8586697578430176,0.289002001285553,0.0,0.0,0.0,0.0,0.0,0.0,1
1785980533,609596252,59.05,-1.754202667866842,-1.6554959456073206,-1.0237043539630335,-4.6781994740115564,-3.898128334675924,-0.2095726172076624,0.297336608171463,0.28273823857307434,-0.09503490477800369,0.05445631965994835,-0.8719482421875,0.29336103796958923,0.0,0.0,0.0,0.0,0.0,0.0,1
1785980533,629833459,59.05,-1.7491777578936976,-1.650904957448141,-1.0252612272845667,-4.67733616033663,-3.911927048360006,-0.20488340059389287,0.30890539288520813,0.2858828902244568,-0.09994843602180481,0.05404885485768318,-0.8921297192573547,0.29683807492256165,0.0,0.0,0.0,0.0,0.0,0.0,1
1785980533,649666070,59.05,-1.7415855566607874,-1.6440003553973597,-1.027703587208883,-4.675969664250509,-3.933553997670309,-0.19765168825258428,0.31111687421798706,0.29378288984298706,-0.09875001758337021,0.05452822521328926,-0.8985292911529541,0.3051215708255768,0.0,0.0,0.0,0.0,0.0,0.0,1
1785980533,669731140,59.05,-1.7364767233477991,-1.639277760182516,-1.0293200651751917,-4.675094787274496,-3.9479404131518763,-0.19274646440614873,0.3234909772872925,0.2980397045612335,-0.1022733822464943,0.05548696219921112,-0.9158344864845276,0.3070518374443054,0.0,0.0,0.0,0.0,0.0,0.0,1
1785980533,689740180,59.05,-1.7287772337542933,-1.6320493857013147,-1.0317743460284632,-4.673728171979086,-3.970227305089132,-0.18515521684755498,0.3172144591808319,0.2994841933250427,-0.09949304163455963,0.06246178224682808,-0.9225935935974121,0.3142487406730652,0.0,0.0,0.0,0.0,0.0,0.0,1
1785980533,709738492,59.05,-1.7236560026751917,-1.627207104359762,-1.033438507710592,-4.672865335141317,-3.984985891972677,-0.1801541487323206,0.3243602514266968,0.3027183413505554,-0.10440657287836075,0.05388107895851135,-0.9287295341491699,0.31279146671295166,0.0,0.0,0.0,0.0,0.0,0.0,1
1785980533,729643583,59.05,-1.7156689802752894,-1.6200507322894495,-1.035917107258932,-4.671462837849752,-4.007452789937155,-0.17263442674745733,0.32098549604415894,0.3034725487232208,-0.09827064722776413,0.05963350459933281,-0.950468897819519,0.31798145174980164,0.0,0.0,0.0,0.0,0.0,0.0,1
1785980533,749744176,59.05,-1.71033221880068,-1.615136448537008,-1.0376055876361292,-4.670527640973226,-4.022931162511007,-0.1675499121295374,0.3336024880409241,0.30983856320381165,-0.10095511376857758,0.05800364911556244,-0.944932222366333,0.32052528858184814,0.0,0.0,0.0,0.0,0.0,0.0,1
1785980533,769627094,59.05,-1.7022607962237757,-1.607668701802389,-1.039999787007467,-4.669161144887106,-4.045662705098287,-0.15952665010561162,0.3334490954875946,0.3139803111553192,-0.10697119683027267,0.057452376931905746,-0.959648847579956,0.32065311074256897,0.0,0.0,0.0,0.0,0.0,0.0,1
1785980533,789818525,59.05,-1.696864430104391,-1.6024907271014612,-1.0416401068316858,-4.6681663433658045,-4.061092678700582,-0.15418941179384404,0.33925265073776245,0.31532254815101624,-0.09958891570568085,0.06164685636758804,-0.9640830159187317,0.3247053921222687,0.0,0.0,0.0,0.0,0.0,0.0,1
1785980533,809648752,59.05,-1.6886256376849573,-1.594903294240133,-1.0442145506488245,-4.666632000599996,-4.084448162709371,-0.14625102678407842,0.33508533239364624,0.3154120147228241,-0.10848120599985123,0.06298908591270447,-0.9724000692367554,0.32335036993026733,0.0,0.0,0.0,0.0,0.0,0.0,1
1785980533,829841136,59.05,-1.6830971876727503,-1.5897730032550257,-1.0459025541888636,-4.665780846272604,-4.099711243306295,-0.14103395143617803,0.33838337659835815,0.31589779257774353,-0.11188472807407379,0.05740443989634514,-0.9856066703796387,0.32695522904396057,0.0,0.0,0.0,0.0,0.0,0.0,1
1785980533,849674224,59.05,-1.6750381628619593,-1.5823171774493616,-1.0484774748431605,-4.66435426870455,-4.123174730931417,-0.13321477571596319,0.34520959854125977,0.3206275701522827,-0.10912835597991943,0.06370814144611359,-0.9858223795890808,0.3276582956314087,0.0,0.0,0.0,0.0,0.0,0.0,1
1785980533,869723081,59.05,-1.6695221106158655,-1.5772712866412562,-1.0501773993121546,-4.663467113171713,-4.13878566423525,-0.12784225145448858,0.34427642822265625,0.3227495551109314,-0.1131310909986496,0.0589863583445549,-0.9940915107727051,0.32799065113067627,0.0,0.0,0.0,0.0,0.0,0.0,1
1785980533,889655590,59.05,-1.6612351576434534,-1.5695036093341272,-1.0527637640582483,-4.661969010029928,-4.162513319646017,-0.11980754533876592,0.3462066948413849,0.32375943660736084,-0.11092598736286163,0.05567871034145355,-0.9971834421157837,0.33081573247909546,0.0,0.0,0.0,0.0,0.0,0.0,1
1785980533,909790992,59.05,-1.6556347052203577,-1.5643981138812464,-1.054523770009176,-4.660973970090048,-4.178544108067648,-0.11442310014833623,0.34306201338768005,0.32335036993026733,-0.1095358207821846,0.06229400262236595,-0.9889382719993591,0.33260539174079895,0.0,0.0,0.0,0.0,0.0,0.0,1
1785980533,929652214,59.05,-1.6472886244403284,-1.5566070715533655,-1.0571578184710901,-4.659487549458639,-4.202380482350485,-0.10642415681947881,0.350425124168396,0.32312026619911194,-0.10996725410223007,0.0583871454000473,-0.9954577088356018,0.3334490954875946,0.0,0.0,0.0,0.0,0.0,0.0,1
1785980533,949796676,53.14,-1.6417606512652796,-1.551476780568258,-1.0588820616351526,-4.658600751553671,-4.218687121068136,-0.10098010698427373,0.34946638345718384,0.3243602514266968,-0.10740263015031815,0.057979680597782135,-0.9880514740943909,0.33237528800964355,0.0,0.0,0.0,0.0,0.0,0.0,1
1785980533,969652891,53.14,-1.633294407521383,-1.5436981360064905,-1.0615876356707972,-4.6571858564959925,-4.242655579243795,-0.09298116365541631,0.35144779086112976,0.3243602514266968,-0.10641992092132568,0.060400497168302536,-0.988722562789917,0.3313015103340149,0.0,0.0,0.0,0.0,0.0,0.0,1
1785980533,989743709,53.14,-1.6277177969561976,-1.5384600798236292,-1.063324276600973,-4.656191174183981,-4.258099142705099,-0.08757287660707647,0.34284472465515137,0.32324811816215515,-0.11164504289627075,0.061407171189785004,-0.9972792863845825,0.33133986592292786,0.0,0.0,0.0,0.0,0.0,0.0,1
1785980534,9587764,53.14,-1.6193602720843714,-1.5306933561908167,-1.0659106413470667,-4.654728714619772,-4.2822845617877405,-0.07958633104433233,0.3443659245967865,0.32335036993026733,-0.10601245611906052,0.05728459730744362,-0.9850793480873108,0.33468905091285706,0.0,0.0,0.0,0.0,0.0,0.0,1
1785980534,29919385,53.14,-1.6138799826251429,-1.5255635420428675,-1.0676825682269495,-4.653853837643759,-4.29799205461611,-0.07427436510194951,0.34669244289398193,0.3194642961025238,-0.11080614477396011,0.0595855675637722,-0.9843123555183411,0.3318383991718292,0.0,0.0,0.0,0.0,0.0,0.0,1
1785980534,49769401,53.14,-1.605582062398092,-1.5179527441607874,-1.0701974073993128,-4.6523794571505945,-4.321553413067953,-0.06633550325502569,0.3475361466407776,0.32464146614074707,-0.1052934005856514,0.054863784462213516,-0.9902805089950562,0.33197900652885437,0.0,0.0,0.0,0.0,0.0,0.0,1
1785980534,69794893,53.14,-1.6000903288470667,-1.512906853352682,-1.0719931761371058,-4.651419941579,-4.337501351033346,-0.060987297688619435,0.34798353910446167,0.32023128867149353,-0.11090201884508133,0.05881857872009277,-0.9744613170623779,0.3300870954990387,0.0,0.0,0.0,0.0,0.0,0.0,1
1785980534,89722871,53.14,-1.5917323271380823,-1.505200211201803,-1.074508015309469,-4.650041762982504,-4.36075193086733,-0.05307323137392217,0.33659374713897705,0.31786638498306274,-0.11126154661178589,0.0589623898267746,-0.9757077097892761,0.3262649476528168,0.0,0.0,0.0,0.0,0.0,0.0,1
1785980534,109830856,53.14,-1.5863006750689905,-1.5001900831805628,-1.0761845747577112,-4.649154488240377,-4.376411978398458,-0.047844711934224904,0.3429214060306549,0.3165625035762787,-0.10804977267980576,0.0631808340549469,-0.9691163897514343,0.32774779200553894,0.0,0.0,0.0,0.0,0.0,0.0,1
1785980534,129626035,53.14,-1.5782783667193812,-1.4927228132831019,-1.078686539326803,-4.647704068814413,-4.39987820783724,-0.03996593156923467,0.33977675437927246,0.3178535997867584,-0.10677944868803024,0.06011287495493889,-0.9588099122047424,0.3253956735134125,0.0,0.0,0.0,0.0,0.0,0.0,1
1785980534,149731874,53.14,-1.5728467146502894,-1.4876893202411097,-1.0804107824908655,-4.646661464368002,-4.414867464696066,-0.0347979704486292,0.3415408432483673,0.313622385263443,-0.10632404685020447,0.058219365775585175,-0.9631003141403198,0.32319697737693787,0.0,0.0,0.0,0.0,0.0,0.0,1
1785980534,169645071,53.14,-1.5647767225848597,-1.4801743666278284,-1.0829489866839808,-4.645282570515768,-4.437686506901876,-0.027099434529439748,0.3317744731903076,0.31018370389938354,-0.10431069880723953,0.05373726785182953,-0.9501573443412781,0.31965604424476624,0.0,0.0,0.0,0.0,0.0,0.0,1
1785980534,189784049,53.14,-1.5593813101397913,-1.475117031727926,-1.084625546132223,-4.6444435755359095,-4.452675406132833,-0.021967236195699513,0.3294095993041992,0.30388161540031433,-0.10706707090139389,0.05531918257474899,-0.948215901851654,0.31602561473846436,0.0,0.0,0.0,0.0,0.0,0.0,1
1785980534,209599256,53.14,-1.5516474882708948,-1.4678061644183558,-1.0870683828936976,-4.6429811159717005,-4.475158993397848,-0.014496628438131154,0.32781168818473816,0.3025393784046173,-0.10165020078420639,0.05625395476818085,-0.9341703653335571,0.31493905186653137,0.0,0.0,0.0,0.0,0.0,0.0,1
1785980534,229881286,53.14,-1.5465033690081995,-1.463299576436178,-1.088780705128805,-4.6420820395099085,-4.490256134663717,-0.009484593068258107,0.329051673412323,0.2958154082298279,-0.10316020995378494,0.05611014366149902,-0.9226415157318115,0.3129193186759949,0.0,0.0,0.0,0.0,0.0,0.0,1
1785980534,249615192,53.14,-1.538746182118551,-1.456132713948385,-1.0912473837481897,-4.640811626111166,-4.511925045643942,-0.0020859877215784195,0.323861688375473,0.29562366008758545,-0.10037986934185028,0.058650799095630646,-0.9143964052200317,0.30660441517829895,0.0,0.0,0.0,0.0,0.0,0.0,1
1785980534,269808530,53.14,-1.533625904713766,-1.4513981978045862,-1.0929353872882288,-4.639864508305685,-4.526770536099569,0.002854118123650551,0.31591057777404785,0.2900629937648773,-0.09652095288038254,0.052634719759225845,-0.8993921279907227,0.3021303117275238,0.0,0.0,0.0,0.0,0.0,0.0,1
1785980534,289684772,53.14,-1.5260842482196253,-1.4443638960467737,-1.0953181425677698,-4.638569537793295,-4.54782754579653,0.009952524676918983,0.31121915578842163,0.2844511866569519,-0.09889382869005203,0.05313805490732193,-0.8907395601272583,0.29688921570777893,0.0,0.0,0.0,0.0,0.0,0.0,1
1785980534,309753179,53.14,-1.5211685339557093,-1.439737621937887,-1.0967910925494593,-4.637730542813436,-4.562049452458517,0.014677305705845356,0.3077165484428406,0.28365862369537354,-0.09486712515354156,0.05246694013476372,-0.8727632164955139,0.29562366008758545,0.0,0.0,0.0,0.0,0.0,0.0,1
1785980534,329678535,53.14,-1.5139382521258753,-1.4330499807940882,-1.098994557057516,-4.63644785085787,-4.582963053380148,0.021643510088324547,0.30440571904182434,0.2750683128833771,-0.0932852104306221,0.053281866014003754,-0.8543314337730408,0.2915586233139038,0.0,0.0,0.0,0.0,0.0,0.0,1
1785980534,349799156,53.14,-1.5091307798968714,-1.4287713209735315,-1.1004789511310022,-4.635644618664877,-4.596717182789938,0.02637990191578865,0.2976178526878357,0.2732275426387787,-0.09347695857286453,0.04987834766507149,-0.839590847492218,0.2866882383823395,0.0,0.0,0.0,0.0,0.0,0.0,1
1785980534,369659423,53.14,-1.5020926634417933,-1.422335449849264,-1.102694336568014,-4.634434167538778,-4.616779152547018,0.03314237669110298,0.29013967514038086,0.26730895042419434,-0.09172726422548294,0.04903944954276085,-0.8223575353622437,0.27967026829719543,0.0,0.0,0.0,0.0,0.0,0.0,1
1785980534,389713525,53.14,-1.497512165700094,-1.4180572668658655,-1.1039875189410608,-4.63366681734194,-4.629766647015707,0.037567175924777985,0.2839909791946411,0.2623107135295868,-0.09004946798086166,0.04915929213166237,-0.8062747120857239,0.27408403158187866,0.0,0.0,0.0,0.0,0.0,0.0,1
1785980534,409608125,53.14,-1.490798298512594,-1.4116814772235315,-1.1060951391803187,-4.632444087659017,-4.649169150982992,0.04399409145116806,0.27784228324890137,0.2557785212993622,-0.08714928478002548,0.05138835683465004,-0.7795738577842712,0.26835715770721436,0.0,0.0,0.0,0.0,0.0,0.0,1
1785980534,429864168,53.14,-1.486434284840719,-1.4075940291034144,-1.107471768056051,-4.631640736256735,-4.661484781895773,0.048094943165779114,0.2773820757865906,0.25095927715301514,-0.08868326991796494,0.04230431467294693,-0.7744206190109253,0.2641003727912903,0.0,0.0,0.0,0.0,0.0,0.0,1
1785980534,449676990,53.14,-1.479959789906637,-1.401614014302389,-1.1094597021686,-4.630573813115255,-4.679796282445089,0.05432973429560661,0.2639980912208557,0.24109065532684326,-0.08501609414815903,0.04549212008714676,-0.7499009370803833,0.25535666942596436,0.0,0.0,0.0,0.0,0.0,0.0,1
1785980534,469855785,53.14,-1.4757874647723597,-1.3978036085711878,-1.110800568257467,-4.629926625882284,-4.691476408635275,0.05833471566438675,0.2604060173034668,0.23583677411079407,-0.08580705523490906,0.04683435335755348,-0.7282813787460327,0.24987269937992096,0.0,0.0,0.0,0.0,0.0,0.0,1
1785980534,489599704,53.14,-1.4695895353900355,-1.3923147360431116,-1.1127646605121058,-4.628787700329916,-4.708828870450155,0.0642455592751503,0.24381347000598907,0.2291000336408615,-0.08460862934589386,0.042400188744068146,-0.7105447053909302,0.2405281960964203,0.0,0.0,0.0,0.0,0.0,0.0,1
1785980534,509832143,53.14,-1.465656582509176,-1.3887189070331019,-1.1139023939715784,-4.6281285921679896,-4.720233384762899,0.06810672581195831,0.23546606302261353,0.22612155973911285,-0.08027034252882004,0.04187288507819176,-0.6890450119972229,0.23431557416915894,0.0,0.0,0.0,0.0,0.0,0.0,1
1785980534,529647350,53.14,-1.4599745909320276,-1.3833144346820276,-1.115758244191305,-4.6271215120898646,-4.7362664381610315,0.07354981452226639,0.23363806307315826,0.21590779721736908,-0.07684285193681717,0.039571911096572876,-0.6699901223182678,0.22581475973129272,0.0,0.0,0.0,0.0,0.0,0.0,1
1785980534,549774169,53.14,-1.4563773314105433,-1.3798626104937952,-1.1169074217425745,-4.626522008572714,-4.747011009846823,0.07707542181015015,0.22806459665298462,0.20826345682144165,-0.07192932069301605,0.03940413147211075,-0.6464530825614929,0.21937203407287598,0.0,0.0,0.0,0.0,0.0,0.0,1
1785980534,569710731,53.14,-1.4509709517108362,-1.37492543855776,-1.1185477415667933,-4.6256107727633875,-4.761941138898031,0.08221890032291412,0.2205480933189392,0.2011304497718811,-0.07109042257070541,0.03779824823141098,-0.6274221539497375,0.21070504188537598,0.0,0.0,0.0,0.0,0.0,0.0,1
1785980534,589813232,53.14,-1.4475658575641077,-1.371821705495016,-1.1196497122394007,-4.624951664601461,-4.772062484418051,0.08548010885715485,0.2077777087688446,0.19521184265613556,-0.0674232542514801,0.033603768795728683,-0.5999543070793152,0.2029200941324234,0.0,0.0,0.0,0.0,0.0,0.0,1
1785980534,609575510,53.14,-1.4426263014422815,-1.3673995176898401,-1.1212666670428675,-4.6241483131991785,-4.786129419003622,0.0902281105518341,0.19533967971801758,0.18559889495372772,-0.060208749026060104,0.033196303993463516,-0.5655835270881653,0.19283416867256165,0.0,0.0,0.0,0.0,0.0,0.0,1
1785980534,629832267,53.14,-1.4394734541522425,-1.3644874731646937,-1.1222241560565394,-4.623668972645895,-4.794774834309713,0.09324963390827179,0.19036701321601868,0.17705973982810974,-0.06344448775053024,0.03197391331195831,-0.5478468537330627,0.185650035738945,0.0,0.0,0.0,0.0,0.0,0.0,1
1785980534,649660587,53.14,-1.434953514729635,-1.3603413740741175,-1.1236375013934534,-4.622818056737081,-4.8076306025134485,0.09760215133428574,0.1783636212348938,0.16995228826999664,-0.05397694930434227,0.035904739052057266,-0.5119181871414185,0.1736849844455719,0.0,0.0,0.0,0.0,0.0,0.0,1
1785980534,669756412,53.14,-1.432136360798971,-1.3577168623553675,-1.1245711485492151,-4.622386280690328,-4.815485421811239,0.10027575492858887,0.1717163771390915,0.1616687923669815,-0.057140786200761795,0.03564108535647392,-0.4947567582130432,0.1667437106370926,0.0,0.0,0.0,0.0,0.0,0.0,1
1785980534,689661502,53.14,-1.428312126790182,-1.3538935820208948,-1.1257684866534632,-4.621751133595602,-4.826745812092916,0.10402832180261612,0.16146425902843475,0.15059857070446014,-0.05086105316877365,0.02972087822854519,-0.464101105928421,0.15480422973632812,0.0,0.0,0.0,0.0,0.0,0.0,1
1785980534,709761857,53.14,-1.4257467428790491,-1.3515928427325647,-1.126571003590719,-4.621235791836874,-4.834144894276754,0.1064143031835556,0.15552008152008057,0.13909371197223663,-0.04700213298201561,0.024639567360281944,-0.4370407462120056,0.1484382152557373,0.0,0.0,0.0,0.0,0.0,0.0,1
1785980534,729663133,53.14,-1.4223421255694788,-1.3482969442950647,-1.1276004950152796,-4.620636169110433,-4.844278279935018,0.10979572683572769,0.14153529703617096,0.127409890294075,-0.04494084417819977,0.031039142981171608,-0.3899906575679779,0.13538658618927002,0.0,0.0,0.0,0.0,0.0,0.0,1
1785980534,749748706,53.14,-1.4202435652362269,-1.346344296132223,-1.1283553282367151,-4.620336238537924,-4.850142304097311,0.11186974495649338,0.13148772716522217,0.11887072771787643,-0.04175304248929024,0.02895388938486576,-0.37831804156303406,0.12776781618595123,0.0,0.0,0.0,0.0,0.0,0.0,1
1785980534,769658803,53.14,-1.4173548857318323,-1.3436835447894495,-1.1292889753924769,-4.619736973439352,-4.8585010210620325,0.1148189902305603,0.11775859445333481,0.10699516534805298,-0.03727094084024429,0.021595574915409088,-0.34102311730384827,0.11235131323337555,0.0,0.0,0.0,0.0,0.0,0.0,1
1785980534,789703369,53.14,-1.415520970021383,-1.341933552418844,-1.129815403615133,-4.6194250027285975,-4.863765422497885,0.11662973463535309,0.11100907623767853,0.09933803975582123,-0.030703585594892502,0.014381070621311665,-0.3146578073501587,0.10459192842245102,0.0,0.0,0.0,0.0,0.0,0.0,1
1785980534,809651851,53.14,-1.4130032698260706,-1.3398006598102015,-1.1305344740497034,-4.619149390851156,-4.870888892804281,0.11893182247877121,0.09982380270957947,0.08554499596357346,-0.02823483571410179,0.006807039957493544,-0.27242541313171387,0.07539515942335129,0.0,0.0,0.0,0.0,0.0,0.0,1
1785980534,829822778,47.83,-1.411492649708883,-1.338470760975973,-1.1310132185565394,-4.618873778973715,-4.875002090130941,0.12034633755683899,0.08828059583902359,0.07706975191831589,-0.025742115452885628,0.007190535310655832,-0.23786289989948273,0.08160778135061264,0.0,0.0,0.0,0.0,0.0,0.0,1
1785980534,849682331,47.83,-1.4095385710345667,-1.3367932478534144,-1.1315396467791956,-4.618538204823629,-4.880122725163595,0.12210877239704132,0.06827493011951447,0.06553933024406433,-0.021523669362068176,0.021763352677226067,-0.20128704607486725,0.06813431531190872,0.0,0.0,0.0,0.0,0.0,0.0,1
1785980534,869753837,47.83,-1.4085434118853968,-1.3357985655414026,-1.131815258656637,-4.618370477353231,-4.88295287290682,0.12309184670448303,0.05771602690219879,0.05687233805656433,-0.016682041808962822,0.005177185405045748,-0.17480191588401794,0.057012952864170074,0.0,0.0,0.0,0.0,0.0,0.0,1
1785980534,889621257,47.83,-1.4073203245746058,-1.3346598784076136,-1.1322105566607874,-4.618154708539144,-4.886430565510885,0.12431499361991882,0.0434500053524971,0.04117460176348686,-0.017496969550848007,0.003499393817037344,-0.1359969824552536,0.04182654246687889,0.0,0.0,0.0,0.0,0.0,0.0,1
1785980534,909761190,47.83,-1.4067567030536097,-1.3340724150287073,-1.1324265638934534,-4.618046824132101,-4.8883132378207605,0.12487825006246567,0.02960583008825779,0.02918398566544056,-0.012918994762003422,0.00860467366874218,-0.10042780637741089,0.03236699476838112,0.0,0.0,0.0,0.0,0.0,0.0,1
1785980534,929615497,47.83,-1.4062178770648401,-1.333569351826803,-1.1325462500201624,-4.6180588642703455,-4.890064064656393,0.1254538595676422,0.015224759466946125,0.015454856678843498,-0.005392901599407196,0.0020852552261203527,-0.04043477773666382,0.014687865972518921,0.0,0.0,0.0,0.0,0.0,0.0,1
1785980534,949874401,47.83,-1.406097714100973,-1.3334134260760706,-1.132594410573141,-4.618082825337545,-4.8905797640429896,0.1256576031446457,0.005790777504444122,0.005241101142019033,0.0,0.0013662016717717052,-0.01871936023235321,0.005023787263780832,0.0,0.0,0.0,0.0,0.0,0.0,1
1785980534,969632625,47.83,-1.4060857931720179,-1.333461109791891,-1.1325462500201624,-4.618070785199301,-4.890591684971945,0.12557370960712433,-0.004883172456175089,-0.0005113269435241818,0.0,0.0009108011145144701,0.011073424480855465,0.0012016183463856578,0.0,0.0,0.0,0.0,0.0,0.0,1
1785980534,989767313,47.83,-1.40619403520693,-1.3336170355426233,-1.1325820128070276,-4.618034545575277,-4.890567723904745,0.1256815642118454,-0.0008948221220634878,-0.00595695897936821,0.0,0.0007430219557136297,0.003403519978746772,0.004218447487801313,0.0,0.0,0.0,0.0,0.0,0.0,1
1785980535,9640693,47.83,-1.4064577261554163,-1.333796803151266,-1.1325700918780726,-4.618010584508077,-4.89050788084139,0.12608903646469116,-0.01769191212952137,-0.013179452158510685,0.0,0.0005752427969127893,0.0014860439114272594,0.025834793224930763,0.0,0.0,0.0,0.0,0.0,0.0,1
1785980535,29765844,47.83,-1.406672779713766,-1.3340724150287073,-1.1326058546649378,-4.618082825337545,-4.890459958706991,0.12648488581180573,-0.011031879112124443,-0.014751782640814781,0.0,0.0005033374764025211,0.0012223910307511687,0.025361815467476845,0.0,0.0,0.0,0.0,0.0,0.0,1
1785980535,49838542,47.83,-1.4069965521441858,-1.334480110798971,-1.1326058546649378,-4.618082825337545,-4.890412036572592,0.12712079286575317,-0.018510036170482635,-0.022421685978770256,0.0,0.0004074636672157794,0.003403519978746772,0.03359417989850044,0.0,0.0,0.0,0.0,0.0,0.0,1
1785980535,69739580,47.83,-1.407332722340719,-1.3348515669452112,-1.1325820128070276,-4.618070785199301,-4.890399638806478,0.12775595486164093,-0.021194500848650932,-0.02569417841732502,0.0,0.0003834952076431364,0.0018455707468092442,0.03901424631476402,0.0,0.0,0.0,0.0,0.0,0.0,1
1785980535,89614152,47.83,-1.407800022755758,-1.3355467955218714,-1.1325820128070276,-4.6180947462665,-4.890435997639791,0.12872706353664398,-0.023303724825382233,-0.031101461499929428,0.0,0.00033555831760168076,0.0010785802733153105,0.04863997548818588,0.0,0.0,0.0,0.0,0.0,0.0,1
1785980535,109789848,47.83,-1.4082196394549769,-1.3360498587237757,-1.1325820128070276,-4.6180588642703455,-4.890412036572592,0.12962624430656433,-0.027049195021390915,-0.03617637977004051,0.0,0.0003115898580290377,0.0008628642535768449,0.053037386387586594,0.0,0.0,0.0,0.0,0.0,0.0,1
1785980535,129655122,47.83,-1.4090469519244593,-1.3369963804828089,-1.1326301733600062,-4.618010584508077,-4.890399638806478,0.13101716339588165,-0.03326181694865227,-0.04168592765927315,0.0,0.0002636529679875821,0.0006471481756307185,0.061461497098207474,0.0,0.0,0.0,0.0,0.0,0.0,1
1785980535,149797201,47.83,-1.4096224943744105,-1.3377278486834925,-1.1326420942889612,-4.617950622235433,-4.890387598668234,0.13204818964004517,-0.03797880932688713,-0.04640292003750801,0.0,0.0041705104522407055,0.0005512743955478072,0.06616570800542831,0.0,0.0,0.0,0.0,0.0,0.0,1
1785980535,169576883,47.83,-1.410593334828512,-1.338841740285055,-1.132594410573141,-4.617878739033834,-4.890423957501547,0.133738711476326,-0.04320712760090828,-0.0504424013197422,0.0,0.0023009711876511574,0.00045540055725723505,0.0745898187160492,0.0,0.0,0.0,0.0,0.0,0.0,1
1785980535,189831972,47.83,-1.4113248030291956,-1.3396208922015589,-1.1325700918780726,-4.617878739033834,-4.890387598668234,0.1349494904279709,-0.04417864605784416,-0.05359984561800957,0.0,0.0019414444686844945,0.0004074636672157794,0.07940907031297684,0.0,0.0,0.0,0.0,0.0,0.0,1
1785980535,209676504,47.83,-1.4124873320208948,-1.340998951588766,-1.1325820128070276,-4.617854777966635,-4.890412036572592,0.13701190054416656,-0.04874224215745926,-0.058278489857912064,0.0,0.003595267655327916,0.00035952674807049334,0.08953334391117096,0.0,0.0,0.0,0.0,0.0,0.0,1
1785980535,229907035,47.83,-1.4132188002215784,-1.3419578711139124,-1.1325700918780726,-4.61781877676119,-4.890399638806478,0.1384144276380539,-0.050225090235471725,-0.060873471200466156,0.0,0.0018935076659545302,0.0003115898580290377,0.07539515942335129,0.0,0.0,0.0,0.0,0.0,0.0,1
1785980535,249629735,47.83,-1.4144771734820765,-1.3434918562518519,-1.1325820128070276,-4.617770854626791,-4.890399638806478,0.14075247943401337,-0.055581238120794296,-0.06654920428991318,0.0,0.0011025487910956144,0.00028762139845639467,0.10175406187772751,0.0,0.0,0.0,0.0,0.0,0.0,1
1785980535,269754171,47.83,-1.4154122511493128,-1.3446181456195276,-1.132594410573141,-4.61781877676119,-4.890399638806478,0.14235910773277283,-0.05955680459737778,-0.0702563226222992,0.0,0.0008628642535768449,0.0002636529679875821,0.10641992092132568,0.0,0.0,0.0,0.0,0.0,0.0,1
1785980535,289646148,47.83,-1.41687518755068,-1.3462961355792444,-1.132594410573141,-4.617770854626791,-4.890387598668234,0.14511623978614807,-0.0640181303024292,-0.07415518909692764,0.0,0.0006471481756307185,0.00023968450841493905,0.11428157240152359,0.0,0.0,0.0,0.0,0.0,0.0,1
1785980535,309750318,47.83,-1.4179061094867151,-1.3475058714496058,-1.132618252431051,-4.617830816899435,-4.890423957501547,0.14690300822257996,-0.06567994505167007,-0.07570195198059082,-2.3968450477696024e-05,0.0005512743955478072,0.00021571606339421123,0.11704273521900177,0.0,0.0,0.0,0.0,0.0,0.0,1
1785980535,329563379,47.83,-1.4195125738727015,-1.349459473286764,-1.1326897780047815,-4.617830816899435,-4.890423957501547,0.14978034794330597,-0.06893965601921082,-0.08150551468133926,-0.0023489082232117653,0.00045540055725723505,0.00021571606339421123,0.12395843118429184,0.0,0.0,0.0,0.0,0.0,0.0,1
1785980535,349834918,47.83,-1.420603100453512,-1.3508017698871058,-1.1327975432025355,-4.617806855832235,-4.890423957501547,0.15183039009571075,-0.06992395967245102,-0.08352525532245636,-0.00932372733950615,0.0004074636672157794,0.0001917476038215682,0.1267068088054657,0.0,0.0,0.0,0.0,0.0,0.0,1
1785980535,369611501,47.83,-1.4223540464984339,-1.3529227415667933,-1.132857624684469,-4.61781877676119,-4.890375677739279,0.15504328906536102,-0.07370778173208237,-0.0878843143582344,-0.0021092237439006567,0.00035952674807049334,0.00016777915880084038,0.13651150465011597,0.0,0.0,0.0,0.0,0.0,0.0,1
1785980535,389780521,47.83,-1.423492733632223,-1.3543131987201136,-1.1327975432025355,-4.617806855832235,-4.890423957501547,0.15729781985282898,-0.07539515942335129,-0.08743690699338913,-0.001390170189552009,0.0003115898580290377,0.00016777915880084038,0.13932380080223083,0.0,0.0,0.0,0.0,0.0,0.0,1
1785980535,409666061,47.83,-1.4253628889666956,-1.35655385652651,-1.132857624684469,-4.6177828947650355,-4.890423957501547,0.16064254939556122,-0.08163334429264069,-0.0942375585436821,-0.0009108011145144701,0.00028762139845639467,0.00016777915880084038,0.14329937100410461,0.0,0.0,0.0,0.0,0.0,0.0,1
1785980535,429862976,47.83,-1.4266818205462855,-1.3580639998065394,-1.1328333059894007,-4.617746893559591,-4.890423957501547,0.1630161702632904,-0.08519984781742096,-0.09609111398458481,-0.0007430219557136297,0.0002636529679875821,0.00014381069922819734,0.14870665967464447,0.0,0.0,0.0,0.0,0.0,0.0,1
1785980535,449629545,47.83,-1.4287436644183558,-1.3603532950030726,-1.1328814665423792,-4.617806855832235,-4.890399638806478,0.16668522357940674,-0.08906036615371704,-0.10051409155130386,-0.0005752427969127893,0.0002636529679875821,0.00014381069922819734,0.1559419333934784,0.0,0.0,0.0,0.0,0.0,0.0,1
1785980535,469800710,47.83,-1.4301822821246546,-1.362018887196676,-1.1327975432025355,-4.617758814488546,-4.890423957501547,0.1692146360874176,-0.09164257347583771,-0.10475810617208481,-0.0005033374764025211,0.0002636529679875821,0.00014381069922819734,0.16072283685207367,0.0,0.0,0.0,0.0,0.0,0.0,1
1785980535,489579677,47.83,-1.4324238936053675,-1.3645833174334925,-1.1328333059894007,-4.617746893559591,-4.890375677739279,0.17302711308002472,-0.09317655116319656,-0.10846522450447083,-0.0004074636672157794,0.0002636529679875821,0.00011984225420746952,0.1665264070034027,0.0,0.0,0.0,0.0,0.0,0.0,1
1785980535,509729862,47.83,-1.4339106718646448,-1.366357151662008,-1.132857624684469,-4.617806855832235,-4.890447918568746,0.17573630809783936,-0.09593771398067474,-0.10956458002328873,-0.0003834952076431364,0.0002636529679875821,0.00011984225420746952,0.17257283627986908,0.0,0.0,0.0,0.0,0.0,0.0,1
1785980535,529634237,47.83,-1.4362967650042933,-1.3690531889544886,-1.1328333059894007,-4.617758814488546,-4.890387598668234,0.17992067337036133,-0.09744612872600555,-0.11612235009670258,-0.00033555831760168076,0.0002636529679875821,0.00011984225420746952,0.17672736942768097,0.0,0.0,0.0,0.0,0.0,0.0,1
1785980535,549826145,47.83,-1.4378908316241663,-1.370910946522848,-1.1328333059894007,-4.6177828947650355,-4.890399638806478,0.18282197415828705,-0.09872444719076157,-0.11710665374994278,-0.0003115898580290377,0.0002636529679875821,0.00011984225420746952,0.1817767322063446,0.0,0.0,0.0,0.0,0.0,0.0,1
1785980535,569594144,47.83,-1.4402888456927698,-1.3737033049212855,-1.1328814665423792,-4.6177348534213465,-4.890375677739279,0.18722206354141235,-0.10158787667751312,-0.12062202394008636,-0.0002636529679875821,0.0002636529679875821,0.00011984225420746952,0.18566280603408813,0.0,0.0,0.0,0.0,0.0,0.0,1
1785980535,589756727,47.83,-1.4419549147235315,-1.375727955495016,-1.1328094641314905,-4.617770854626791,-4.890399638806478,0.19015932083129883,-0.10405503213405609,-0.1253262311220169,-0.00023968450841493905,0.0002636529679875821,9.58738019107841e-05,0.18792542815208435,0.0,0.0,0.0,0.0,0.0,0.0,1
1785980535,609596729,47.83,-1.4445679823504847,-1.3787487188922327,-1.1328333059894007,-4.6177948156939905,-4.890423957501547,0.19476276636123657,-0.10500098764896393,-0.1267068088054657,-0.00021571606339421123,0.0002636529679875821,9.58738019107841e-05,0.1937417834997177,0.0,0.0,0.0,0.0,0.0,0.0,1
1785980535,629788637,47.83,-1.4463189283954065,-1.3808096090899866,-1.1328814665423792,-4.6177348534213465,-4.890387598668234,0.19784383475780487,-0.10599807649850845,-0.12986426055431366,-0.00021571606339421123,0.0002636529679875821,9.58738019107841e-05,0.19614501297473907,0.0,0.0,0.0,0.0,0.0,0.0,1
1785980535,649750232,47.83,-1.448944393788473,-1.384033505116598,-1.1328213850604456,-4.617758814488546,-4.890412036572592,0.20260344445705414,-0.10910438746213913,-0.13157720863819122,-0.0001917476038215682,0.0002636529679875821,9.58738019107841e-05,0.20473530888557434,0.0,0.0,0.0,0.0,0.0,0.0,1
1785980535,669769287,47.83,-1.4507187048541468,-1.3861544767962855,-1.1329053084002894,-4.617746893559591,-4.890375677739279,0.20586389303207397,-0.11042105406522751,-0.13132153451442719,-0.0001917476038215682,0.0002636529679875821,9.58738019107841e-05,0.20780326426029205,0.0,0.0,0.0,0.0,0.0,0.0,1
1785980535,689634561,47.83,-1.4533446470843714,-1.3893540541278284,-1.1328695456134241,-4.6177348534213465,-4.890435997639791,0.21086356043815613,-0.1152658760547638,-0.13529710471630096,-0.00016777915880084038,0.00023968450841493905,9.58738019107841e-05,0.20857025682926178,0.0,0.0,0.0,0.0,0.0,0.0,1
1785980535,709736347,47.83,-1.4551423231707972,-1.3915236631976526,-1.132857624684469,-4.617710892354147,-4.890447918568746,0.21427981555461884,-0.11718335002660751,-0.13592348992824554,-0.00016777915880084038,0.00021571606339421123,9.58738019107841e-05,0.21411815285682678,0.0,0.0,0.0,0.0,0.0,0.0,1
1785980535,729581594,47.83,-1.457900349293844,-1.3948190847979944,-1.1328695456134241,-4.617722932492391,-4.890423957501547,0.21951916813850403,-0.12062202394008636,-0.14276248216629028,-0.00014381069922819734,0.00021571606339421123,7.190534961409867e-05,0.21854113042354584,0.0,0.0,0.0,0.0,0.0,0.0,1
1785980535,749830722,47.83,-1.4598663488971155,-1.3970602194415491,-1.132857624684469,-4.617710892354147,-4.890447918568746,0.2230077087879181,-0.12311474233865738,-0.14430925250053406,-0.00014381069922819734,0.0001917476038215682,7.190534961409867e-05,0.21906524896621704,0.0,0.0,0.0,0.0,0.0,0.0,1
1785980535,769606113,47.83,-1.4628637472735804,-1.4005597273456019,-1.1328213850604456,-4.6177348534213465,-4.890351716672079,0.22827064990997314,-0.1257352977991104,-0.14934581518173218,-0.00014381069922819734,0.0001917476038215682,7.190534961409867e-05,0.22605763375759125,0.0,0.0,0.0,0.0,0.0,0.0,1
1785980535,789834260,47.83,-1.4649017492877405,-1.4029329458819788,-1.1328333059894007,-4.617710892354147,-4.890399638806478,0.23186704516410828,-0.12889273464679718,-0.15010002255439758,-0.00014381069922819734,0.00016777915880084038,7.190534961409867e-05,0.2287548929452896,0.0,0.0,0.0,0.0,0.0,0.0,1
1785980535,809632539,47.83,-1.468078915272848,-1.406623665486471,-1.1328695456134241,-4.617746893559591,-4.890435997639791,0.23729777336120605,-0.12995374202728271,-0.153410866856575,-0.00011984225420746952,0.00016777915880084038,7.190534961409867e-05,0.2328455001115799,0.0,0.0,0.0,0.0,0.0,0.0,1
1785980535,829755544,47.83,-1.470224682484762,-1.4090927282916468,-1.1328333059894007,-4.617710892354147,-4.890435997639791,0.24102598428726196,-0.12793399393558502,-0.15038125216960907,-0.00011984225420746952,0.00014381069922819734,7.190534961409867e-05,0.23687221109867096,0.0,0.0,0.0,0.0,0.0,0.0,1
1785980535,849626541,47.83,-1.473342243825094,-1.412867848073141,-1.1328333059894007,-4.617686931286947,-4.890399638806478,0.24678029119968414,-0.1294296383857727,-0.1543823927640915,-0.00011984225420746952,0.00014381069922819734,7.190534961409867e-05,0.24109065532684326,0.0,0.0,0.0,0.0,0.0,0.0,1
1785980535,869771003,47.83,-1.4754403273211878,-1.4154084364520472,-1.132857624684469,-4.617722932492391,-4.890387598668234,0.25062835216522217,-0.12995374202728271,-0.15573740005493164,-0.00011984225420746952,0.00014381069922819734,7.190534961409867e-05,0.24096281826496124,0.0,0.0,0.0,0.0,0.0,0.0,1
1785980535,889698028,47.83,-1.4786055723773401,-1.4192073980914515,-1.132857624684469,-4.6177348534213465,-4.890423957501547,0.2564425766468048,-0.13281717896461487,-0.15661944448947906,-9.58738019107841e-05,0.00011984225420746952,7.190534961409867e-05,0.24160197377204895,0.0,0.0,0.0,0.0,0.0,0.0,1
1785980535,909782171,47.83,-1.4807990233050745,-1.4217241446124476,-1.1328333059894007,-4.617710892354147,-4.890363637601034,0.26036253571510315,-0.13490082323551178,-0.15776993334293365,-7.190534961409867e-05,0.00011984225420746952,7.190534961409867e-05,0.24548806250095367,0.0,0.0,0.0,0.0,0.0,0.0,1
1785980535,929628133,47.83,-1.4839642683612269,-1.4255355040179651,-1.1329172293292444,-4.617686931286947,-4.890375677739279,0.26623669266700745,-0.13507980108261108,-0.16078676283359528,-7.190534961409867e-05,0.00011984225420746952,7.190534961409867e-05,0.2517901659011841,0.0,0.0,0.0,0.0,0.0,0.0,1
1785980535,949850320,47.83,-1.4860623518573206,-1.4281118551837366,-1.1328695456134241,-4.617686931286947,-4.890399638806478,0.27022817730903625,-0.13744467496871948,-0.16161766648292542,-7.190534961409867e-05,0.00011984225420746952,4.793690095539205e-05,0.252429336309433,0.0,0.0,0.0,0.0,0.0,0.0,1
1785980535,969599962,47.83,-1.4893596808062952,-1.4320552984820765,-1.1328814665423792,-4.617710892354147,-4.890399638806478,0.27634239196777344,-0.14211054146289825,-0.16794534027576447,-7.190534961409867e-05,0.00011984225420746952,4.793690095539205e-05,0.252953439950943,0.0,0.0,0.0,0.0,0.0,0.0,1
1785980535,989860057,47.83,-1.4916375319110315,-1.4346798102008265,-1.1328933874713343,-4.617758814488546,-4.890399638806478,0.28042975068092346,-0.14604775607585907,-0.16869954764842987,-7.190534961409867e-05,9.58738019107841e-05,4.793690095539205e-05,0.2564176917076111,0.0,0.0,0.0,0.0,0.0,0.0,1
1785980536,9660243,47.83,-1.4950788656817835,-1.4387667814837855,-1.1328333059894007,-4.6177348534213465,-4.890412036572592,0.2866394519805908,-0.14487171173095703,-0.17208708822727203,-7.190534961409867e-05,9.58738019107841e-05,4.793690095539205e-05,0.25893595814704895,0.0,0.0,0.0,0.0,0.0,0.0,1
1785980536,29805898,47.83,-1.4974163214312952,-1.4414871374713343,-1.1328213850604456,-4.617722932492391,-4.890412036572592,0.2907271981239319,-0.14675083756446838,-0.17037414014339447,-7.190534961409867e-05,9.58738019107841e-05,4.793690095539205e-05,0.2635890245437622,0.0,0.0,0.0,0.0,0.0,0.0,1
1785980536,49612522,47.83,-1.5010135809527796,-1.4456575552569788,-1.132857624684469,-4.617710892354147,-4.890363637601034,0.29700881242752075,-0.14636734127998352,-0.17172914743423462,-7.190534961409867e-05,9.58738019107841e-05,4.793690095539205e-05,0.26488015055656433,0.0,0.0,0.0,0.0,0.0,0.0,1
1785980536,69890022,47.83,-1.503411595021383,-1.4485223929034632,-1.1328452269183558,-4.617662970219747,-4.890412036572592,0.30120402574539185,-0.14961425960063934,-0.17188255488872528,-7.190534961409867e-05,9.58738019107841e-05,4.793690095539205e-05,0.26500797271728516,0.0,0.0,0.0,0.0,0.0,0.0,1
1785980536,89701414,47.83,-1.5070083777057093,-1.4526451269732874,-1.1328452269183558,-4.617722932492391,-4.890387598668234,0.3076174557209015,-0.1461244523525238,-0.1710260808467865,-7.190534961409867e-05,9.58738019107841e-05,4.793690095539205e-05,0.26776912808418274,0.0,0.0,0.0,0.0,0.0,0.0,1
1785980536,109778642,47.83,-1.5093343893634241,-1.4553654829608362,-1.1328333059894007,-4.617698971425192,-4.890423957501547,0.3119564950466156,-0.1465846449136734,-0.1734548807144165,-7.190534961409867e-05,9.58738019107841e-05,4.793690095539205e-05,0.26776912808418274,0.0,0.0,0.0,0.0,0.0,0.0,1
1785980536,129678249,47.83,-1.5128472487079065,-1.4594643751727503,-1.132857624684469,-4.6177348534213465,-4.890387598668234,0.31851375102996826,-0.14810584485530853,-0.17405569553375244,-7.190534961409867e-05,7.190534961409867e-05,4.793690095539205e-05,0.26840829849243164,0.0,0.0,0.0,0.0,0.0,0.0,1
1785980536,149747133,47.83,-1.5151613394366663,-1.4623406569110315,-1.1328695456134241,-4.617758814488546,-4.890399638806478,0.3228651285171509,-0.14923076331615448,-0.17697025835514069,-7.190534961409867e-05,7.190534961409867e-05,4.793690095539205e-05,0.2710288465023041,0.0,0.0,0.0,0.0,0.0,0.0,1
1785980536,169703006,47.83,-1.518709961568014,-1.4665234724627894,-1.1328452269183558,-4.6177348534213465,-4.890399638806478,0.329409658908844,-0.15142947435379028,-0.17913061380386353,-7.190534961409867e-05,7.190534961409867e-05,4.793690095539205e-05,0.2711566686630249,0.0,0.0,0.0,0.0,0.0,0.0,1
1785980536,189866304,47.83,-1.521036450062887,-1.469435993825094,-1.1328452269183558,-4.617710892354147,-4.890412036572592,0.33378538489341736,-0.15222203731536865,-0.18016605079174042,0.00021571606339421123,7.190534961409867e-05,4.793690095539205e-05,0.27419906854629517,0.0,0.0,0.0,0.0,0.0,0.0,1
1785980536,209635019,47.83,-1.5247414747821253,-1.4738228956805628,-1.1328094641314905,-4.617746893559591,-4.890435997639791,0.34041377902030945,-0.15544338524341583,-0.182403102517128,0.00021571606339421123,7.190534961409867e-05,4.793690095539205e-05,0.2745569944381714,0.0,0.0,0.0,0.0,0.0,0.0,1
1785980536,229793071,47.83,-1.527271572743551,-1.4768183867083948,-1.1328333059894007,-4.6177348534213465,-4.890399638806478,0.3449808955192566,-0.15573740005493164,-0.18198125064373016,0.001270327833481133,7.190534961409867e-05,4.793690095539205e-05,0.2762443721294403,0.0,0.0,0.0,0.0,0.0,0.0,1
1785980536,249685525,47.83,-1.5310481230365198,-1.4812176863299769,-1.1327255407916468,-4.6177348534213465,-4.890435997639791,0.3516216576099396,-0.1572202444076538,-0.17937348783016205,0.007406251505017281,7.190534961409867e-05,4.793690095539205e-05,0.27523452043533325,0.0,0.0,0.0,0.0,0.0,0.0,1
1785980536,269781827,47.83,-1.5336859861956995,-1.4841416517840784,-1.1327255407916468,-4.617710892354147,-4.890423957501547,0.35609254240989685,-0.15273335576057434,-0.17960359156131744,0.0028762139845639467,7.190534961409867e-05,4.793690095539205e-05,0.27886492013931274,0.0,0.0,0.0,0.0,0.0,0.0,1
1785980536,289624214,47.83,-1.5374029318438929,-1.4884684721576136,-1.1327136198626917,-4.617698971425192,-4.890399638806478,0.3627452850341797,-0.15477865934371948,-0.1820579618215561,0.001390170189552009,7.190534961409867e-05,4.793690095539205e-05,0.27678126096725464,0.0,0.0,0.0,0.0,0.0,0.0,1
1785980536,309804201,47.83,-1.5398367086993616,-1.4912970701800745,-1.132761303578512,-4.617698971425192,-4.890399638806478,0.36719217896461487,-0.15237542986869812,-0.18031944334506989,0.0010306433541700244,7.190534961409867e-05,4.793690095539205e-05,0.2785069942474365,0.0,0.0,0.0,0.0,0.0,0.0,1
1785980536,329583406,47.83,-1.5434940497027796,-1.4954198042498987,-1.1327374617206019,-4.617770854626791,-4.890399638806478,0.37404826283454895,-0.15555843710899353,-0.18556053936481476,0.0007430219557136297,4.793690095539205e-05,4.793690095539205e-05,0.27979809045791626,0.0,0.0,0.0,0.0,0.0,0.0,1
1785980536,349872589,47.83,-1.5459044615374964,-1.4984281698810022,-1.132749382649557,-4.617698971425192,-4.890375677739279,0.3785914182662964,-0.1535770446062088,-0.1859312653541565,0.0006231797160580754,4.793690095539205e-05,4.793690095539205e-05,0.2792356312274933,0.0,0.0,0.0,0.0,0.0,0.0,1
1785980536,369598865,47.83,-1.5495732466327112,-1.5028989950763147,-1.1327255407916468,-4.617746893559591,-4.890412036572592,0.3855310380458832,-0.15752704441547394,-0.18543271720409393,0.0005033374764025211,4.793690095539205e-05,4.793690095539205e-05,0.2801688015460968,0.0,0.0,0.0,0.0,0.0,0.0,1
1785980536,389756441,47.83,-1.5519946257220667,-1.5057991186725062,-1.1327856222735804,-4.617746893559591,-4.890399638806478,0.3900981545448303,-0.15990471839904785,-0.18883304297924042,0.00043143212678842247,4.793690095539205e-05,2.3968450477696024e-05,0.28181785345077515,0.0,0.0,0.0,0.0,0.0,0.0,1
1785980536,409678220,47.83,-1.555795971547262,-1.5102937857257288,-1.1326897780047815,-4.617770854626791,-4.890339676533834,0.3968220353126526,-0.16146425902843475,-0.185522198677063,0.0003834952076431364,4.793690095539205e-05,2.3968450477696024e-05,0.27967026829719543,0.0,0.0,0.0,0.0,0.0,0.0,1
1785980536,429766178,47.83,-1.5583260695086878,-1.5133383909808558,-1.1326773802386683,-4.617758814488546,-4.890375677739279,0.4013651907444,-0.16024985909461975,-0.1861102283000946,0.00033555831760168076,4.793690095539205e-05,2.3968450477696024e-05,0.2772926092147827,0.0,0.0,0.0,0.0,0.0,0.0,1
1785980536,449657678,47.83,-1.562150780354635,-1.5177133719073694,-1.1326897780047815,-4.617758814488546,-4.890412036572592,0.4081849455833435,-0.15888206660747528,-0.18568837642669678,0.0003115898580290377,4.793690095539205e-05,2.3968450477696024e-05,0.27915894985198975,0.0,0.0,0.0,0.0,0.0,0.0,1
1785980536,469742059,47.83,-1.5647648016559046,-1.5205891768084925,-1.1327136198626917,-4.617686931286947,-4.890412036572592,0.4128236174583435,-0.15972575545310974,-0.1853560209274292,0.00028762139845639467,4.793690095539205e-05,2.3968450477696024e-05,0.28065457940101624,0.0,0.0,0.0,0.0,0.0,0.0,1
1785980536,489638805,47.83,-1.5686734358416956,-1.5250361601458948,-1.1326773802386683,-4.6177348534213465,-4.890375677739279,0.4195594787597656,-0.15697737038135529,-0.1875547170639038,0.00023968450841493905,4.793690095539205e-05,2.3968450477696024e-05,0.2818434238433838,0.0,0.0,0.0,0.0,0.0,0.0,1
1785980536,509807825,47.83,-1.5711920897113245,-1.5279725233661097,-1.132749382649557,-4.617758814488546,-4.890363637601034,0.4240303635597229,-0.15453578531742096,-0.18712009489536285,0.00023968450841493905,4.793690095539205e-05,2.3968450477696024e-05,0.28262317180633545,0.0,0.0,0.0,0.0,0.0,0.0,1
1785980536,529632329,47.83,-1.5748732725726526,-1.5325153509723108,-1.1327255407916468,-4.617746893559591,-4.890351716672079,0.4308740794658661,-0.15497040748596191,-0.1872095763683319,0.00021571606339421123,4.793690095539205e-05,2.3968450477696024e-05,0.28107643127441406,0.0,0.0,0.0,0.0,0.0,0.0,1
1785980536,549749612,47.83,-1.5773070494281214,-1.5354998747455042,-1.1326773802386683,-4.6177348534213465,-4.890363637601034,0.43534496426582336,-0.15578854084014893,-0.18660876154899597,0.0001917476038215682,4.793690095539205e-05,2.3968450477696024e-05,0.278660386800766,0.0,0.0,0.0,0.0,0.0,0.0,1
1785980536,569672822,47.83,-1.5809643904315394,-1.5400422255145472,-1.1327374617206019,-4.617758814488546,-4.890423957501547,0.4421643614768982,-0.15614646673202515,-0.18288886547088623,0.0001917476038215682,4.793690095539205e-05,2.3968450477696024e-05,0.28093579411506653,0.0,0.0,0.0,0.0,0.0,0.0,1
1785980536,589787483,47.83,-1.5833504835711878,-1.5429790655719202,-1.1327136198626917,-4.617710892354147,-4.890363637601034,0.44671911001205444,-0.15716911852359772,-0.18354080617427826,0.00016777915880084038,4.793690095539205e-05,2.3968450477696024e-05,0.2794145941734314,0.0,0.0,0.0,0.0,0.0,0.0,1
1785980536,609617948,47.83,-1.5870793501483362,-1.5473178068744105,-1.1327374617206019,-4.617758814488546,-4.890375677739279,0.45337072014808655,-0.15828125178813934,-0.18054954707622528,0.00016777915880084038,4.793690095539205e-05,2.3968450477696024e-05,0.2801688015460968,0.0,0.0,0.0,0.0,0.0,0.0,1
1785980536,629784345,47.83,-1.5897176901446741,-1.55019456544985,-1.132761303578512,-4.617758814488546,-4.890387598668234,0.4577696919441223,-0.15734808146953583,-0.18328514695167542,0.00016777915880084038,4.793690095539205e-05,2.3968450477696024e-05,0.2772926092147827,0.0,0.0,0.0,0.0,0.0,0.0,1
1785980536,649588823,47.83,-1.5934713522540491,-1.5545695463763636,-1.1327016989337366,-4.617758814488546,-4.890399638806478,0.4644097089767456,-0.15596750378608704,-0.18191733956336975,0.00014381069922819734,4.793690095539205e-05,2.3968450477696024e-05,0.27517059445381165,0.0,0.0,0.0,0.0,0.0,0.0,1
1785980536,669701337,47.83,-1.5960128943072718,-1.5573981443988245,-1.1327016989337366,-4.617770854626791,-4.890412036572592,0.46881988644599915,-0.15263108909130096,-0.183617502450943,0.00014381069922819734,4.793690095539205e-05,2.3968450477696024e-05,0.27753546833992004,0.0,0.0,0.0,0.0,0.0,0.0,1
1785980536,689621210,47.83,-1.5997303167926233,-1.5617969671832483,-1.132749382649557,-4.617722932492391,-4.890375677739279,0.475495845079422,-0.15087980031967163,-0.18485747277736664,0.00014381069922819734,4.793690095539205e-05,2.3968450477696024e-05,0.2789032757282257,0.0,0.0,0.0,0.0,0.0,0.0,1
1785980536,709745407,47.83,-1.6022122542010706,-1.5647814909564417,-1.1327136198626917,-4.617746893559591,-4.890387598668234,0.47989407181739807,-0.1521836817264557,-0.1816616803407669,0.00011984225420746952,4.793690095539205e-05,2.3968450477696024e-05,0.27904388308525085,0.0,0.0,0.0,0.0,0.0,0.0,1
1785980536,729608297,47.83,-1.6057975927936,-1.5690725485431116,-1.1327136198626917,-4.617746893559591,-4.890423957501547,0.48642584681510925,-0.15154452621936798,-0.18134209513664246,0.00011984225420746952,4.793690095539205e-05,2.3968450477696024e-05,0.2771519720554352,0.0,0.0,0.0,0.0,0.0,0.0,1
1785980536,749820232,47.83,-1.6081722418414515,-1.5719969908343714,-1.1326897780047815,-4.6177348534213465,-4.890375677739279,0.4907764792442322,-0.14879614114761353,-0.18022996187210083,0.00011984225420746952,4.793690095539205e-05,2.3968450477696024e-05,0.27419906854629517,0.0,0.0,0.0,0.0,0.0,0.0,1
1785980536,769608259,47.83,-1.6116974989520472,-1.5763004461871546,-1.1327136198626917,-4.617806855832235,-4.890351716672079,0.49728429317474365,-0.14971652626991272,-0.17652283608913422,0.00011984225420746952,4.793690095539205e-05,2.3968450477696024e-05,0.27262672781944275,0.0,0.0,0.0,0.0,0.0,0.0,1
1785980536,789781332,47.83,-1.6140478293048304,-1.5790932814227503,-1.1327255407916468,-4.617758814488546,-4.890375677739279,0.5016229748725891,-0.15171070396900177,-0.17434971034526825,9.58738019107841e-05,4.793690095539205e-05,2.3968450477696024e-05,0.27211540937423706,0.0,0.0,0.0,0.0,0.0,0.0,1
1785980536,809629917,47.83,-1.617669407521383,-1.5832045714007776,-1.1326773802386683,-4.6177348534213465,-4.890351716672079,0.5081783533096313,-0.150982066988945,-0.17405569553375244,9.58738019107841e-05,4.793690095539205e-05,2.3968450477696024e-05,0.2711438834667206,0.0,0.0,0.0,0.0,0.0,0.0,1
1785980536,829885959,47.83,-1.6200078169452112,-1.5859254042254847,-1.1327136198626917,-4.617722932492391,-4.890387598668234,0.512468695640564,-0.1476840078830719,-0.1750144213438034,9.58738019107841e-05,4.793690095539205e-05,2.3968450477696024e-05,0.2701723575592041,0.0,0.0,0.0,0.0,0.0,0.0,1
1785980536,849621772,47.83,-1.623641316090719,-1.5900724569903772,-1.1327016989337366,-4.6177348534213465,-4.890375677739279,0.5187723636627197,-0.1490134596824646,-0.17427299916744232,9.58738019107841e-05,4.793690095539205e-05,2.3968450477696024e-05,0.26500797271728516,0.0,0.0,0.0,0.0,0.0,0.0,1
1785980536,869827747,47.83,-1.626087490712301,-1.592865292225973,-1.1327016989337366,-4.617710892354147,-4.890351716672079,0.5229908227920532,-0.147735133767128,-0.17510391771793365,9.58738019107841e-05,4.793690095539205e-05,2.3968450477696024e-05,0.26379355788230896,0.0,0.0,0.0,0.0,0.0,0.0,1
1785980536,889601230,47.83,-1.6296370665179651,-1.5970967451678675,-1.1327136198626917,-4.617746893559591,-4.890375677739279,0.529246985912323,-0.14528076350688934,-0.1710260808467865,9.58738019107841e-05,4.793690095539205e-05,2.3968450477696024e-05,0.2607128322124481,0.0,0.0,0.0,0.0,0.0,0.0,1
1785980536,909790515,47.83,-1.631951157246725,-1.5998175779925745,-1.1326659361468714,-4.617758814488546,-4.890387598668234,0.5333815217018127,-0.14007800817489624,-0.1713712215423584,9.58738019107841e-05,4.793690095539205e-05,2.3968450477696024e-05,0.2601375877857208,0.0,0.0,0.0,0.0,0.0,0.0,1
1785980536,929598808,47.83,-1.6353204886065882,-1.603940788899557,-1.1327016989337366,-4.617746893559591,-4.890375677739279,0.5396133065223694,-0.13743190467357635,-0.16583611071109772,7.190534961409867e-05,4.793690095539205e-05,2.3968450477696024e-05,0.25934502482414246,0.0,0.0,0.0,0.0,0.0,0.0,1
1785980536,949745893,47.83,-1.6375516096698206,-1.6066134611712855,-1.1326897780047815,-4.617722932492391,-4.890435997639791,0.5436639785766602,-0.13828836381435394,-0.16464728116989136,7.190534961409867e-05,4.793690095539205e-05,2.3968450477696024e-05,0.25628983974456787,0.0,0.0,0.0,0.0,0.0,0.0,1
1785980536,969609737,47.83,-1.6408370176898401,-1.61049729982485,-1.1327016989337366,-4.617770854626791,-4.890387598668234,0.5497040748596191,-0.13856959342956543,-0.15990471839904785,7.190534961409867e-05,4.793690095539205e-05,2.3968450477696024e-05,0.2523270547389984,0.0,0.0,0.0,0.0,0.0,0.0,1
1785980536,989755630,47.83,-1.6430190245257776,-1.6130626837359827,-1.1327374617206019,-4.617770854626791,-4.890399638806478,0.5536109209060669,-0.1366521269083023,-0.15978966653347015,7.190534961409867e-05,4.793690095539205e-05,2.3968450477696024e-05,0.24789130687713623,0.0,0.0,0.0,0.0,0.0,0.0,1
1785980537,9648561,47.83,-1.6461613813983362,-1.6168387571917933,-1.1327374617206019,-4.617758814488546,-4.890412036572592,0.5595551133155823,-0.1352587640285492,-0.1595340073108673,7.190534961409867e-05,4.793690095539205e-05,2.3968450477696024e-05,0.24681751430034637,0.0,0.0,0.0,0.0,0.0,0.0,1
1785980537,29776334,47.83,-1.6483319441424769,-1.6193197409259241,-1.1327136198626917,-4.617806855832235,-4.890423957501547,0.5635574460029602,-0.13718901574611664,-0.1593550443649292,7.190534961409867e-05,4.793690095539205e-05,2.3968450477696024e-05,0.24519404768943787,0.0,0.0,0.0,0.0,0.0,0.0,1
1785980537,49595594,47.83,-1.6516054312335413,-1.6230114142047327,-1.1327016989337366,-4.6177348534213465,-4.890375677739279,0.569405734539032,-0.13463237881660461,-0.15752704441547394,7.190534961409867e-05,4.793690095539205e-05,2.3968450477696024e-05,0.24132074415683746,0.0,0.0,0.0,0.0,0.0,0.0,1
1785980537,69772005,47.83,-1.6537163893329065,-1.6255047957049769,-1.1327374617206019,-4.617770854626791,-4.890399638806478,0.5732283592224121,-0.1350286602973938,-0.15614646673202515,7.190534961409867e-05,4.793690095539205e-05,2.3968450477696024e-05,0.23824000358581543,0.0,0.0,0.0,0.0,0.0,0.0,1
1785980537,89578390,47.83,-1.6569183508502405,-1.6292088667498987,-1.1327016989337366,-4.617746893559591,-4.890387598668234,0.5787889957427979,-0.12917396426200867,-0.1535259187221527,7.190534961409867e-05,4.793690095539205e-05,2.3968450477696024e-05,0.23184841871261597,0.0,0.0,0.0,0.0,0.0,0.0,1
1785980537,109768390,47.83,-1.6589925924884241,-1.631714169179098,-1.1326897780047815,-4.6177348534213465,-4.890399638806478,0.5824318528175354,-0.12725649774074554,-0.15232428908348083,7.190534961409867e-05,4.793690095539205e-05,2.3968450477696024e-05,0.23172058165073395,0.0,0.0,0.0,0.0,0.0,0.0,1
1785980537,129602909,47.83,-1.6621463934527796,-1.6354063192950647,-1.132749382649557,-4.617722932492391,-4.890375677739279,0.5879086256027222,-0.1252111792564392,-0.14783740043640137,7.190534961409867e-05,4.793690095539205e-05,2.3968450477696024e-05,0.225738063454628,0.0,0.0,0.0,0.0,0.0,0.0,1
1785980537,149791002,47.83,-1.6640413443194788,-1.6377671400653284,-1.1327136198626917,-4.6177348534213465,-4.890339676533834,0.5915754437446594,-0.12118448317050934,-0.14528076350688934,4.793690095539205e-05,4.793690095539205e-05,2.3968450477696024e-05,0.2224527895450592,0.0,0.0,0.0,0.0,0.0,0.0,1
1785980537,169635534,47.83,-1.6669796148883265,-1.6411479155169886,-1.1327255407916468,-4.617758814488546,-4.890375677739279,0.5969563722610474,-0.11858949810266495,-0.14110067486763,4.793690095539205e-05,4.793690095539205e-05,2.3968450477696024e-05,0.21970440447330475,0.0,0.0,0.0,0.0,0.0,0.0,1
1785980537,189785718,47.83,-1.6688621679889124,-1.6433890501605433,-1.1327374617206019,-4.6177828947650355,-4.890399638806478,0.6003954410552979,-0.11599451303482056,-0.13951554894447327,4.793690095539205e-05,4.793690095539205e-05,2.3968450477696024e-05,0.21607397496700287,0.0,0.0,0.0,0.0,0.0,0.0,1
1785980537,209651708,47.83,-1.6716201941119593,-1.6466615835772913,-1.1326897780047815,-4.6177828947650355,-4.890339676533834,0.605500340461731,-0.11641635745763779,-0.1374574601650238,4.793690095539205e-05,4.793690095539205e-05,2.3968450477696024e-05,0.2086469531059265,0.0,0.0,0.0,0.0,0.0,0.0,1
1785980537,229789495,47.83,-1.6734674612628382,-1.648879353200094,-1.1327374617206019,-4.617770854626791,-4.890412036572592,0.6088555455207825,-0.11348901689052582,-0.13637089729309082,4.793690095539205e-05,4.793690095539205e-05,2.3968450477696024e-05,0.20738142728805542,0.0,0.0,0.0,0.0,0.0,0.0,1
1785980537,249659299,47.83,-1.676117245350973,-1.6520560423480433,-1.1327255407916468,-4.617710892354147,-4.890399638806478,0.6138409972190857,-0.11368076503276825,-0.1331878900527954,4.793690095539205e-05,4.793690095539205e-05,2.3968450477696024e-05,0.20524662733078003,0.0,0.0,0.0,0.0,0.0,0.0,1
1785980537,269816875,47.83,-1.677892033253805,-1.6542018095599573,-1.1327136198626917,-4.617758814488546,-4.890351716672079,0.6170883774757385,-0.11385972797870636,-0.13170503079891205,4.793690095539205e-05,4.793690095539205e-05,2.3968450477696024e-05,0.20077252388000488,0.0,0.0,0.0,0.0,0.0,0.0,1
1785980537,289615154,47.83,-1.6806266943561,-1.6572940985309046,-1.1327136198626917,-4.6177828947650355,-4.890339676533834,0.6218333840370178,-0.11003755778074265,-0.12845811247825623,4.793690095539205e-05,4.793690095539205e-05,2.3968450477696024e-05,0.19487948715686798,0.0,0.0,0.0,0.0,0.0,0.0,1
1785980537,309791088,47.83,-1.6823414007769983,-1.6594155470477503,-1.1326897780047815,-4.6177348534213465,-4.890412036572592,0.624961256980896,-0.10772380232810974,-0.12554354965686798,4.793690095539205e-05,4.793690095539205e-05,2.3968450477696024e-05,0.19213110208511353,0.0,0.0,0.0,0.0,0.0,0.0,1
1785980537,329607248,47.83,-1.6848719755755823,-1.6624606291400355,-1.1327016989337366,-4.617722932492391,-4.890363637601034,0.6295384764671326,-0.10599807649850845,-0.12463594228029251,4.793690095539205e-05,4.793690095539205e-05,2.3968450477696024e-05,0.1846657246351242,0.0,0.0,0.0,0.0,0.0,0.0,1
1785980537,349797964,47.83,-1.6865986029254358,-1.664438549672262,-1.1327136198626917,-4.617806855832235,-4.890375677739279,0.6324746012687683,-0.10206085443496704,-0.11737509816884995,4.793690095539205e-05,4.793690095539205e-05,2.3968450477696024e-05,0.18383482098579407,0.0,0.0,0.0,0.0,0.0,0.0,1
1785980537,369707584,47.83,-1.6890695730792444,-1.667231861745016,-1.1327255407916468,-4.617758814488546,-4.890363637601034,0.6368125081062317,-0.09791910648345947,-0.1157899871468544,4.793690095539205e-05,4.793690095539205e-05,2.3968450477696024e-05,0.17874711751937866,0.0,0.0,0.0,0.0,0.0,0.0,1
1785980537,389730930,47.83,-1.6906641165362757,-1.669077221547262,-1.1327136198626917,-4.6177348534213465,-4.890363637601034,0.6396284103393555,-0.09733108431100845,-0.11210843175649643,4.793690095539205e-05,4.793690095539205e-05,2.3968450477696024e-05,0.17487381398677826,0.0,0.0,0.0,0.0,0.0,0.0,1
1785980537,409654855,47.83,-1.6929786841021937,-1.6717389265643519,-1.132761303578512,-4.617710892354147,-4.890399638806478,0.643786609172821,-0.09171926975250244,-0.10541004687547684,4.793690095539205e-05,4.793690095539205e-05,2.3968450477696024e-05,0.16768966615200043,0.0,0.0,0.0,0.0,0.0,0.0,1
1785980537,429795026,47.83,-1.6945021788226526,-1.6734889189349573,-1.132749382649557,-4.617758814488546,-4.890399638806478,0.646362841129303,-0.0879993662238121,-0.1056784987449646,4.793690095539205e-05,4.793690095539205e-05,2.3968450477696024e-05,0.16412316262722015,0.0,0.0,0.0,0.0,0.0,0.0,1
1785980537,449678421,47.83,-1.696552578602926,-1.6759465376483362,-1.1327016989337366,-4.617722932492391,-4.890339676533834,0.6502813100814819,-0.08582622557878494,-0.10185632854700089,4.793690095539205e-05,4.793690095539205e-05,2.3968450477696024e-05,0.15650439262390137,0.0,0.0,0.0,0.0,0.0,0.0,1
1785980537,469874858,47.83,-1.6979559103595179,-1.6775525251971644,-1.1327255407916468,-4.6177828947650355,-4.890387598668234,0.6527736186981201,-0.08338464051485062,-0.09872444719076157,4.793690095539205e-05,4.793690095539205e-05,2.3968450477696024e-05,0.153410866856575,0.0,0.0,0.0,0.0,0.0,0.0,1
1785980537,489653587,47.83,-1.6998985449420374,-1.6798542181598108,-1.1326773802386683,-4.6177828947650355,-4.890412036572592,0.6564763784408569,-0.07915341109037399,-0.09667914360761642,4.793690095539205e-05,4.793690095539205e-05,2.3968450477696024e-05,0.14822089672088623,0.0,0.0,0.0,0.0,0.0,0.0,1
1785980537,509751796,47.83,-1.7011693159686487,-1.6814006010638636,-1.1327255407916468,-4.6177348534213465,-4.890412036572592,0.6588728427886963,-0.07751716673374176,-0.0948127955198288,4.793690095539205e-05,4.793690095539205e-05,2.3968450477696024e-05,0.14420698583126068,0.0,0.0,0.0,0.0,0.0,0.0,1
1785980537,529629707,47.83,-1.7030165831195276,-1.6835582892047327,-1.1327374617206019,-4.6177348534213465,-4.890399638806478,0.6622520089149475,-0.07582978159189224,-0.08980179578065872,4.793690095539205e-05,4.793690095539205e-05,2.3968450477696024e-05,0.1374574601650238,0.0,0.0,0.0,0.0,0.0,0.0,1
1785980537,549859285,47.83,-1.704252068196432,-1.6850445906268519,-1.1327136198626917,-4.617758814488546,-4.890339676533834,0.6643489003181458,-0.07345211505889893,-0.08863852173089981,4.793690095539205e-05,4.793690095539205e-05,2.3968450477696024e-05,0.13302169740200043,0.0,0.0,0.0,0.0,0.0,0.0,1
1785980537,569653511,47.83,-1.7059066931353968,-1.687070671712057,-1.1327255407916468,-4.617770854626791,-4.890387598668234,0.6674284934997559,-0.06854337453842163,-0.08536603301763535,4.793690095539205e-05,4.793690095539205e-05,2.3968450477696024e-05,0.12852202355861664,0.0,0.0,0.0,0.0,0.0,0.0,1
1785980537,589797019,47.83,-1.707033936177389,-1.6884129683123987,-1.1327136198626917,-4.617746893559591,-4.890327755604879,0.6694178581237793,-0.06845389306545258,-0.08039338141679764,4.793690095539205e-05,4.793690095539205e-05,2.3968450477696024e-05,0.12302526086568832,0.0,0.0,0.0,0.0,0.0,0.0,1
1785980537,609672546,47.83,-1.708569351826803,-1.6903556028949183,-1.1327136198626917,-4.6177348534213465,-4.890351716672079,0.6722933053970337,-0.06412039697170258,-0.07554855197668076,2.3968450477696024e-05,4.793690095539205e-05,2.3968450477696024e-05,0.11718335002660751,0.0,0.0,0.0,0.0,0.0,0.0,1
1785980537,629811525,47.83,-1.7095044294940394,-1.6915057341205042,-1.1327255407916468,-4.617722932492391,-4.890387598668234,0.6740789413452148,-0.06041327863931656,-0.07341376692056656,2.3968450477696024e-05,4.793690095539205e-05,2.3968450477696024e-05,0.1123768761754036,0.0,0.0,0.0,0.0,0.0,0.0,1
1785980537,649711370,47.83,-1.710991684590475,-1.6931360403644007,-1.1326659361468714,-4.617758814488546,-4.890412036572592,0.6766188740730286,-0.05784386023879051,-0.06890130788087845,2.3968450477696024e-05,4.793690095539205e-05,2.3968450477696024e-05,0.10443852841854095,0.0,0.0,0.0,0.0,0.0,0.0,1
1785980537,669797182,47.83,-1.711890999470846,-1.694275204335348,-1.1327255407916468,-4.617758814488546,-4.890327755604879,0.6782847046852112,-0.05591360107064247,-0.06463172286748886,2.3968450477696024e-05,2.3968450477696024e-05,2.3968450477696024e-05,0.09933803975582123,0.0,0.0,0.0,0.0,0.0,0.0,1
1785980537,689712524,47.83,-1.7132461706744593,-1.6957734266864222,-1.1327255407916468,-4.617758814488546,-4.890387598668234,0.6805732846260071,-0.052270397543907166,-0.05962071940302849,2.3968450477696024e-05,2.3968450477696024e-05,2.3968450477696024e-05,0.09170648455619812,0.0,0.0,0.0,0.0,0.0,0.0,1
1785980537,709838151,47.83,-1.7140496412860315,-1.69666034380068,-1.1327255407916468,-4.617722932492391,-4.890327755604879,0.6819874048233032,-0.04851214215159416,-0.05591360107064247,2.3968450477696024e-05,2.3968450477696024e-05,2.3968450477696024e-05,0.08681052923202515,0.0,0.0,0.0,0.0,0.0,0.0,1
1785980537,729618549,47.83,-1.7151172796832483,-1.6979554335223597,-1.1327255407916468,-4.617770854626791,-4.890399638806478,0.684036374092102,-0.044012464582920074,-0.05114547535777092,2.3968450477696024e-05,2.3968450477696024e-05,2.3968450477696024e-05,0.08057234436273575,0.0,0.0,0.0,0.0,0.0,0.0,1
1785980537,749764442,47.83,-1.7157891432391565,-1.6987584272967737,-1.1327136198626917,-4.6177828947650355,-4.890375677739279,0.6852344274520874,-0.03983236849308014,-0.04718269407749176,2.3968450477696024e-05,2.3968450477696024e-05,0.0,0.07466651499271393,0.0,0.0,0.0,0.0,0.0,0.0,1
1785980537,769603252,47.83,-1.7166765371905726,-1.699885670338766,-1.1327255407916468,-4.6177828947650355,-4.890412036572592,0.6869837045669556,-0.034693531692028046,-0.043066512793302536,2.3968450477696024e-05,2.3968450477696024e-05,0.0,0.06473398953676224,0.0,0.0,0.0,0.0,0.0,0.0,1
1785980537,789800882,47.83,-1.7173355261432093,-1.700484577809469,-1.1326897780047815,-4.617746893559591,-4.890351716672079,0.6879181265830994,-0.03130599111318588,-0.03875858336687088,2.3968450477696024e-05,2.3968450477696024e-05,0.0,0.060336578637361526,0.0,0.0,0.0,0.0,0.0,0.0,1
1785980537,809647560,47.83,-1.7180793921100062,-1.7013958136187952,-1.1327136198626917,-4.617758814488546,-4.890351716672079,0.6892966628074646,-0.027816185727715492,-0.03217524662613869,2.3968450477696024e-05,2.3968450477696024e-05,0.0,0.05008447542786598,0.0,0.0,0.0,0.0,0.0,0.0,1
1785980537,829752683,47.83,-1.7185114065753382,-1.7018874327289026,-1.1326773802386683,-4.6177348534213465,-4.890339676533834,0.6900992393493652,-0.022971361875534058,-0.02984870970249176,2.3968450477696024e-05,2.3968450477696024e-05,0.0,0.04729774221777916,0.0,0.0,0.0,0.0,0.0,0.0,1
1785980537,849601507,47.83,-1.7190149466144007,-1.7024505774127405,-1.1327255407916468,-4.617758814488546,-4.890399638806478,0.6911059021949768,-0.019455989822745323,-0.02208932302892208,2.3968450477696024e-05,2.3968450477696024e-05,0.0,0.03749304637312889,0.0,0.0,0.0,0.0,0.0,0.0,1
1785980537,869777917,47.83,-1.719290558491842,-1.7027862707721155,-1.1327374617206019,-4.617722932492391,-4.890387598668234,0.6916448473930359,-0.017730262130498886,-0.020721524953842163,2.3968450477696024e-05,2.3968450477696024e-05,0.0,0.03244369477033615,0.0,0.0,0.0,0.0,0.0,0.0,1
1785980537,889652967,47.83,-1.7196267286883753,-1.7032297293292444,-1.1327255407916468,-4.6177828947650355,-4.890339676533834,0.692315936088562,-0.011415373533964157,-0.014675083570182323,2.3968450477696024e-05,2.3968450477696024e-05,0.0,0.021220067515969276,0.0,0.0,0.0,0.0,0.0,0.0,1
1785980537,909739494,47.83,-1.7198308149920862,-1.7034695784198206,-1.1326897780047815,-4.617746893559591,-4.890399638806478,0.6926395297050476,-0.01031602080911398,-0.012080098502337933,2.3968450477696024e-05,2.3968450477696024e-05,0.0,0.0175640806555748,0.0,0.0,0.0,0.0,0.0,0.0,1
1785980537,929617643,47.83,-1.7199624220477503,-1.7037089506732386,-1.1326659361468714,-4.617746893559591,-4.890387598668234,0.6929751038551331,-0.00595695897936821,-0.006749515421688557,2.3968450477696024e-05,2.3968450477696024e-05,0.0,0.008897088468074799,0.0,0.0,0.0,0.0,0.0,0.0,1
1785980537,949842214,47.83,-1.7200105826007288,-1.7036612669574183,-1.1327136198626917,-4.6177828947650355,-4.890399638806478,0.6931189298629761,-0.0022114890161901712,-0.0019302591681480408,2.3968450477696024e-05,2.3968450477696024e-05,0.0,0.00424401368945837,0.0,0.0,0.0,0.0,0.0,0.0,1
1785980537,969618797,47.83,-1.719926659260885,-1.7037327925311487,-1.1327016989337366,-4.617746893559591,-4.890387598668234,0.6930469870567322,-0.000907605339307338,-0.0008564726449549198,2.3968450477696024e-05,2.3968450477696024e-05,0.0,-0.0006008091731928289,0.0,0.0,0.0,0.0,0.0,0.0,1
1785980537,989864587,47.83,-1.7199743429767054,-1.703637425099508,-1.1327136198626917,-4.617770854626791,-4.890387598668234,0.6930350065231323,-0.0007542072562500834,-0.0007286408799700439,2.3968450477696024e-05,2.3968450477696024e-05,0.0,-0.0006008091731928289,0.0,0.0,0.0,0.0,0.0,0.0,1
1785980538,10047435,47.83,-1.719926659260885,-1.7036851088153284,-1.1326773802386683,-4.617746893559591,-4.890351716672079,0.6930709481239319,0.00017896443023346364,-0.0004985437844879925,2.3968450477696024e-05,2.3968450477696024e-05,0.0,-0.0006008091731928289,0.0,0.0,0.0,0.0,0.0,0.0,1
1785980538,30040502,47.83,-1.7199505011187952,-1.7036731878863733,-1.1326773802386683,-4.617758814488546,-4.890399638806478,0.6929870843887329,0.00017896443023346364,-0.0003707120195031166,2.3968450477696024e-05,2.3968450477696024e-05,0.0,-0.0005496764788404107,0.0,0.0,0.0,0.0,0.0,0.0,1
1785980538,49941301,47.83,-1.7199624220477503,-1.7036851088153284,-1.1326897780047815,-4.6177348534213465,-4.890412036572592,0.6930350065231323,0.0004090615548193455,-0.00029401297797448933,2.3968450477696024e-05,2.3968450477696024e-05,0.0,-0.0004090615548193455,0.0,0.0,0.0,0.0,0.0,0.0,1
1785980538,69975614,47.83,-1.7199385801898401,-1.7036731878863733,-1.1327255407916468,-4.6177348534213465,-4.890339676533834,0.693058967590332,0.0004090615548193455,-0.00026844663079828024,2.3968450477696024e-05,2.3968450477696024e-05,0.0,-0.0003451456723269075,0.0,0.0,0.0,0.0,0.0,0.0,1
1785980538,89843988,47.83,-1.7199385801898401,-1.7036851088153284,-1.1326773802386683,-4.617746893559591,-4.890363637601034,0.6930230259895325,0.0004090615548193455,-0.00023009712458588183,2.3968450477696024e-05,2.3968450477696024e-05,0.0,-0.0002812298189383,0.0,0.0,0.0,0.0,0.0,0.0,1
1785980538,110126018,47.83,-1.7199385801898401,-1.7036493460284632,-1.1327016989337366,-4.6177348534213465,-4.890351716672079,0.6930230259895325,0.0004090615548193455,-0.00020453077740967274,2.3968450477696024e-05,2.3968450477696024e-05,0.0,-0.00024288029817398638,0.0,0.0,0.0,0.0,0.0,0.0,1
1785980538,129704952,47.83,-1.7199505011187952,-1.7036493460284632,-1.1327374617206019,-4.617770854626791,-4.890363637601034,0.6930230259895325,0.0004090615548193455,-0.00017896443023346364,2.3968450477696024e-05,2.3968450477696024e-05,0.0,-0.00021731395099777728,0.0,0.0,0.0,0.0,0.0,0.0,1
1785980538,149954319,47.83,-1.7199385801898401,-1.7036970297442835,-1.1327374617206019,-4.6177948156939905,-4.8903037945376795,0.6930949091911316,0.0003834952076431364,-0.0001661812566453591,2.3968450477696024e-05,2.3968450477696024e-05,0.0,-0.0001917476038215682,0.0,0.0,0.0,0.0,0.0,0.0,1
1785980538,169734954,47.83,-1.7199385801898401,-1.7036731878863733,-1.1326773802386683,-4.617746893559591,-4.890339676533834,0.6930110454559326,0.0,-0.00015339808305725455,2.3968450477696024e-05,2.3968450477696024e-05,0.0,-0.0001661812566453591,0.0,0.0,0.0,0.0,0.0,0.0,1
1785980538,189798116,47.83,-1.7199385801898401,-1.7036731878863733,-1.1326897780047815,-4.617746893559591,-4.890351716672079,0.6930350065231323,0.0,-0.00014061490946915,2.3968450477696024e-05,2.3968450477696024e-05,0.0,-0.00015339808305725455,0.0,0.0,0.0,0.0,0.0,0.0,1
1785980538,209546804,47.83,-1.7199862639056605,-1.7036851088153284,-1.1326897780047815,-4.617806855832235,-4.890387598668234,0.6930110454559326,0.0,-0.00012783173588104546,2.3968450477696024e-05,2.3968450477696024e-05,0.0,-0.00014061490946915,0.0,0.0,0.0,0.0,0.0,0.0,1
1785980538,229677677,47.83,-1.7198665777789515,-1.7037327925311487,-1.1326659361468714,-4.617758814488546,-4.890387598668234,0.6930469870567322,0.0,-0.00011504856229294091,2.3968450477696024e-05,2.3968450477696024e-05,0.0,-0.00014061490946915,0.0,0.0,0.0,0.0,0.0,0.0,1
1785980538,249626398,47.83,-1.7198784987079065,-1.7037089506732386,-1.1326773802386683,-4.617758814488546,-4.890399638806478,0.6930469870567322,0.0,-0.00011504856229294091,2.3968450477696024e-05,2.3968450477696024e-05,0.0,-0.00012783173588104546,0.0,0.0,0.0,0.0,0.0,0.0,1
1785980538,269780158,47.83,-1.7199385801898401,-1.7036851088153284,-1.1327136198626917,-4.617746893559591,-4.890339676533834,0.6930350065231323,0.0,-0.00010226538870483637,2.3968450477696024e-05,2.3968450477696024e-05,0.0,-0.00011504856229294091,0.0,0.0,0.0,0.0,0.0,0.0,1
1785980538,289570808,47.83,-1.7199624220477503,-1.7036851088153284,-1.1326773802386683,-4.617770854626791,-4.890351716672079,0.6930110454559326,0.0,-0.0,2.3968450477696024e-05,2.3968450477696024e-05,0.0,-0.00010226538870483637,0.0,0.0,0.0,0.0,0.0,0.0,1
1785980538,309737920,47.83,-1.7199385801898401,-1.7037213484393519,-1.1327136198626917,-4.617770854626791,-4.890363637601034,0.6930469870567322,0.0,-0.0,2.3968450477696024e-05,2.3968450477696024e-05,0.0,-0.00010226538870483637,0.0,0.0,0.0,0.0,0.0,0.0,1
1785980538,329734325,47.83,-1.7198784987079065,-1.7036851088153284,-1.1326897780047815,-4.6177348534213465,-4.890375677739279,0.6930829286575317,0.0,-0.0,2.3968450477696024e-05,2.3968450477696024e-05,0.0,-8.948221511673182e-05,0.0,0.0,0.0,0.0,0.0,0.0,1
1785980538,349840641,47.83,-1.7199023405658167,-1.7036851088153284,-1.1327016989337366,-4.617806855832235,-4.890375677739279,0.6930829286575317,0.0,-0.0,2.3968450477696024e-05,2.3968450477696024e-05,0.0,-8.948221511673182e-05,0.0,0.0,0.0,0.0,0.0,0.0,1
1785980538,369693279,47.83,-1.7199505011187952,-1.7036612669574183,-1.1327016989337366,-4.6177828947650355,-4.890351716672079,0.6930230259895325,0.0,-0.0,2.3968450477696024e-05,2.3968450477696024e-05,0.0,-8.948221511673182e-05,0.0,0.0,0.0,0.0,0.0,0.0,1
1785980538,389662265,31.38,-1.71991473833193,-1.7037089506732386,-1.1326659361468714,-4.617710892354147,-4.890339676533834,0.6930469870567322,0.0,-0.0,2.3968450477696024e-05,2.3968450477696024e-05,0.0,-7.669904152862728e-05,0.0,0.0,0.0,0.0,0.0,0.0,1
1785980538,409621953,31.38,-1.7199624220477503,-1.7037089506732386,-1.1326897780047815,-4.617722932492391,-4.890375677739279,0.693058967590332,0.0,-0.0,2.3968450477696024e-05,2.3968450477696024e-05,0.0,-7.669904152862728e-05,0.0,0.0,0.0,0.0,0.0,0.0,1
1785980538,429685592,31.38,-1.7199743429767054,-1.7037089506732386,-1.1327255407916468,-4.6177348534213465,-4.890412036572592,0.6930350065231323,0.0,-0.0002812298189383,2.3968450477696024e-05,2.3968450477696024e-05,0.0,-7.669904152862728e-05,0.0,0.0,0.0,0.0,0.0,0.0,1
1785980538,449700117,31.38,-1.719926659260885,-1.7037089506732386,-1.1327136198626917,-4.6177348534213465,-4.890423957501547,0.6930350065231323,0.0,-0.0002812298189383,2.3968450477696024e-05,2.3968450477696024e-05,0.0,-7.669904152862728e-05,0.0,0.0,0.0,0.0,0.0,0.0,1
1785980538,470045328,31.38,-1.7199624220477503,-1.7037213484393519,-1.1326659361468714,-4.617770854626791,-4.890387598668234,0.6930469870567322,0.0,-0.0002812298189383,2.3968450477696024e-05,2.3968450477696024e-05,0.0,-6.391586794052273e-05,0.0,0.0,0.0,0.0,0.0,0.0,1
1785980538,490011930,31.38,-1.7199862639056605,-1.7037213484393519,-1.1327016989337366,-4.617746893559591,-4.890387598668234,0.6929751038551331,0.0,-0.0002812298189383,2.3968450477696024e-05,2.3968450477696024e-05,0.0,-6.391586794052273e-05,0.0,0.0,0.0,0.0,0.0,0.0,1
1785980538,509820699,31.38,-1.7199505011187952,-1.703757111226217,-1.1326773802386683,-4.617770854626791,-4.890387598668234,0.6930829286575317,0.0,-0.0002812298189383,2.3968450477696024e-05,2.3968450477696024e-05,0.0,-6.391586794052273e-05,0.0,0.0,0.0,0.0,0.0,0.0,1
1785980538,529722690,31.38,-1.7199505011187952,-1.7036970297442835,-1.1327136198626917,-4.617746893559591,-4.890327755604879,0.6930709481239319,0.0,-0.0002812298189383,2.3968450477696024e-05,2.3968450477696024e-05,0.0,-6.391586794052273e-05,0.0,0.0,0.0,0.0,0.0,0.0,1
1785980538,550308465,31.38,-1.7199624220477503,-1.7037690321551722,-1.1326897780047815,-4.6177828947650355,-4.890375677739279,0.6930350065231323,0.0,-0.0002812298189383,2.3968450477696024e-05,2.3968450477696024e-05,0.0,-6.391586794052273e-05,0.0,0.0,0.0,0.0,0.0,0.0,1
1785980538,569582939,31.38,-1.7199385801898401,-1.7037213484393519,-1.132749382649557,-4.617770854626791,-4.890327755604879,0.6929990649223328,0.0,-0.00023009712458588183,2.3968450477696024e-05,2.3968450477696024e-05,0.0,-5.1132694352418184e-05,0.0,0.0,0.0,0.0,0.0,0.0,1
1785980538,589777708,31.38,-1.7199385801898401,-1.7036851088153284,-1.1327374617206019,-4.617758814488546,-4.890387598668234,0.6930350065231323,0.0,-0.00021731395099777728,2.3968450477696024e-05,2.3968450477696024e-05,0.0,-5.1132694352418184e-05,0.0,0.0,0.0,0.0,0.0,0.0,1
1785980538,609671592,31.38,-1.7199624220477503,-1.7037690321551722,-1.1326420942889612,-4.617770854626791,-4.890339676533834,0.6930469870567322,0.0,-0.0001917476038215682,2.3968450477696024e-05,2.3968450477696024e-05,0.0,-5.1132694352418184e-05,0.0,0.0,0.0,0.0,0.0,0.0,1
1785980538,629794120,31.38,-1.7199624220477503,-1.703757111226217,-1.1326773802386683,-4.617758814488546,-4.890375677739279,0.6930709481239319,0.0,-0.0001661812566453591,2.3968450477696024e-05,2.3968450477696024e-05,0.0,-5.1132694352418184e-05,0.0,0.0,0.0,0.0,0.0,0.0,1
1785980538,649534940,31.38,-1.719926659260885,-1.7037327925311487,-1.1327374617206019,-4.617746893559591,-4.890399638806478,0.6930469870567322,0.0,-0.00015339808305725455,2.3968450477696024e-05,2.3968450477696024e-05,0.0,-5.1132694352418184e-05,0.0,0.0,0.0,0.0,0.0,0.0,1
1785980538,669728755,31.38,-1.7199505011187952,-1.7037213484393519,-1.1327016989337366,-4.617758814488546,-4.890327755604879,0.6930709481239319,0.0,-0.00014061490946915,2.3968450477696024e-05,2.3968450477696024e-05,0.0,-5.1132694352418184e-05,0.0,0.0,0.0,0.0,0.0,0.0,1
1785980538,689592599,31.38,-1.7199862639056605,-1.7037809530841272,-1.1326897780047815,-4.617770854626791,-4.890375677739279,0.6930949091911316,0.0,-0.00012783173588104546,2.3968450477696024e-05,2.3968450477696024e-05,0.0,-5.1132694352418184e-05,0.0,0.0,0.0,0.0,0.0,0.0,1
1785980538,709796667,31.38,-1.7199624220477503,-1.7037327925311487,-1.1326897780047815,-4.6177348534213465,-4.890351716672079,0.693058967590332,0.0,-0.00012783173588104546,2.3968450477696024e-05,2.3968450477696024e-05,0.0,-3.834952076431364e-05,0.0,0.0,0.0,0.0,0.0,0.0,1
1785980538,729533433,31.38,-1.7199505011187952,-1.703745190297262,-1.1327016989337366,-4.6177948156939905,-4.890375677739279,0.6930230259895325,0.0,-0.00011504856229294091,2.3968450477696024e-05,2.3968450477696024e-05,0.0,-3.834952076431364e-05,0.0,0.0,0.0,0.0,0.0,0.0,1
1785980538,749820232,31.38,-1.7199981848346155,-1.7037690321551722,-1.1326420942889612,-4.617758814488546,-4.890339676533834,0.6930230259895325,0.0,-0.00010226538870483637,2.3968450477696024e-05,2.3968450477696024e-05,0.0,-3.834952076431364e-05,0.0,0.0,0.0,0.0,0.0,0.0,1
1785980538,769651174,31.38,-1.719926659260885,-1.703745190297262,-1.1326659361468714,-4.617758814488546,-4.890387598668234,0.6930350065231323,0.0,-0.00010226538870483637,2.3968450477696024e-05,2.3968450477696024e-05,0.0,-3.834952076431364e-05,0.0,0.0,0.0,0.0,0.0,0.0,1
1785980538,789743900,31.38,-1.719926659260885,-1.7037327925311487,-1.1327016989337366,-4.617758814488546,-4.890387598668234,0.6930829286575317,0.0,-8.948221511673182e-05,2.3968450477696024e-05,2.3968450477696024e-05,0.0,-3.834952076431364e-05,0.0,0.0,0.0,0.0,0.0,0.0,1
1785980538,809623718,31.38,-1.7199743429767054,-1.703757111226217,-1.1326773802386683,-4.6177828947650355,-4.890375677739279,0.6930230259895325,0.0,-8.948221511673182e-05,2.3968450477696024e-05,2.3968450477696024e-05,0.0,-3.834952076431364e-05,0.0,0.0,0.0,0.0,0.0,0.0,1
1785980538,829818725,31.38,-1.7199385801898401,-1.7037809530841272,-1.1327016989337366,-4.617722932492391,-4.890375677739279,0.6930110454559326,0.0,-8.948221511673182e-05,2.3968450477696024e-05,2.3968450477696024e-05,0.0,-3.834952076431364e-05,0.0,0.0,0.0,0.0,0.0,0.0,1
1785980538,849630117,31.38,-1.7199862639056605,-1.7037809530841272,-1.1327374617206019,-4.617746893559591,-4.890351716672079,0.6930469870567322,0.0,-7.669904152862728e-05,2.3968450477696024e-05,2.3968450477696024e-05,0.0,-3.834952076431364e-05,0.0,0.0,0.0,0.0,0.0,0.0,1
1785980538,869775295,31.38,-1.7200225035296839,-1.7037690321551722,-1.1326659361468714,-4.6177348534213465,-4.890375677739279,0.693058967590332,0.0,-7.669904152862728e-05,2.3968450477696024e-05,2.3968450477696024e-05,0.0,-3.834952076431364e-05,0.0,0.0,0.0,0.0,0.0,0.0,1
1785980538,889578342,31.38,-1.7199624220477503,-1.7037809530841272,-1.1327255407916468,-4.617746893559591,-4.890351716672079,0.693058967590332,0.0,-7.669904152862728e-05,2.3968450477696024e-05,2.3968450477696024e-05,0.0,-3.834952076431364e-05,0.0,0.0,0.0,0.0,0.0,0.0,1
1785980538,909691572,31.38,-1.7199624220477503,-1.7036731878863733,-1.1326773802386683,-4.6177948156939905,-4.890387598668234,0.6930469870567322,0.0,-6.391586794052273e-05,2.3968450477696024e-05,2.3968450477696024e-05,0.0,-3.834952076431364e-05,0.0,0.0,0.0,0.0,0.0,0.0,1
1785980538,929612636,31.38,-1.7199862639056605,-1.7037327925311487,-1.1326659361468714,-4.6177828947650355,-4.890363637601034,0.693058967590332,0.0,-6.391586794052273e-05,2.3968450477696024e-05,2.3968450477696024e-05,0.0,-3.834952076431364e-05,0.0,0.0,0.0,0.0,0.0,0.0,1
1785980538,949738740,31.38,-1.7199624220477503,-1.703757111226217,-1.1326897780047815,-4.617746893559591,-4.890375677739279,0.6930110454559326,0.0,-6.391586794052273e-05,2.3968450477696024e-05,2.3968450477696024e-05,0.0,-2.5566347176209092e-05,0.0,0.0,0.0,0.0,0.0,0.0,1
1785980538,969604015,31.38,-1.7199743429767054,-1.7037089506732386,-1.1326773802386683,-4.6177948156939905,-4.890351716672079,0.6930350065231323,0.0,-6.391586794052273e-05,0.0,2.3968450477696024e-05,0.0,-2.5566347176209092e-05,0.0,0.0,0.0,0.0,0.0,0.0,1
1785980538,989849567,31.38,-1.719926659260885,-1.7037327925311487,-1.1326897780047815,-4.6177348534213465,-4.890351716672079,0.693058967590332,0.0,-6.391586794052273e-05,0.0,2.3968450477696024e-05,0.0,-2.5566347176209092e-05,0.0,0.0,0.0,0.0,0.0,0.0,1
1785980539,9607315,31.38,-1.7200105826007288,-1.7037213484393519,-1.1327016989337366,-4.617758814488546,-4.890375677739279,0.6930230259895325,0.0,-5.1132694352418184e-05,0.0,2.3968450477696024e-05,0.0,-2.5566347176209092e-05,0.0,0.0,0.0,0.0,0.0,0.0,1
1785980539,29701232,31.38,-1.7199981848346155,-1.703757111226217,-1.1327374617206019,-4.6177348534213465,-4.890387598668234,0.6930110454559326,0.0,-5.1132694352418184e-05,0.0,0.0,0.0,-2.5566347176209092e-05,0.0,0.0,0.0,0.0,0.0,0.0,1
1785980539,49602270,31.38,-1.7199981848346155,-1.7037213484393519,-1.1327374617206019,-4.617770854626791,-4.890363637601034,0.6930110454559326,0.0,-5.1132694352418184e-05,0.0,0.0,0.0,-2.5566347176209092e-05,0.0,0.0,0.0,0.0,0.0,0.0,1
1785980539,69763183,31.38,-1.7199023405658167,-1.7037327925311487,-1.1327374617206019,-4.617758814488546,-4.890387598668234,0.6930469870567322,0.0,-5.1132694352418184e-05,0.0,0.0,0.0,-2.5566347176209092e-05,0.0,0.0,0.0,0.0,0.0,0.0,1
1785980539,89661836,31.38,-1.7199624220477503,-1.7037690321551722,-1.1327136198626917,-4.617770854626791,-4.890351716672079,0.6930469870567322,0.0,-5.1132694352418184e-05,0.0,0.0,0.0,-2.5566347176209092e-05,0.0,0.0,0.0,0.0,0.0,0.0,1
1785980539,109720468,31.38,-1.7199862639056605,-1.7037089506732386,-1.1327016989337366,-4.617770854626791,-4.890399638806478,0.693058967590332,0.0,-5.1132694352418184e-05,0.0,0.0,0.0,-2.5566347176209092e-05,0.0,0.0,0.0,0.0,0.0,0.0,1
1785980539,129675865,31.38,-1.7199981848346155,-1.7038291136371058,-1.1326773802386683,-4.617770854626791,-4.890399638806478,0.6930230259895325,0.0,-5.1132694352418184e-05,0.0,0.0,0.0,-2.5566347176209092e-05,0.0,0.0,0.0,0.0,0.0,0.0,1
1785980539,149828910,31.38,-1.7199862639056605,-1.7037327925311487,-1.1326897780047815,-4.617722932492391,-4.890399638806478,0.6930230259895325,0.0,-5.1132694352418184e-05,0.0,0.0,0.0,-2.5566347176209092e-05,0.0,0.0,0.0,0.0,0.0,0.0,1
1785980539,169707536,31.38,-1.7199862639056605,-1.7037809530841272,-1.1326897780047815,-4.617770854626791,-4.890399638806478,0.6929870843887329,0.0,-3.834952076431364e-05,0.0,0.0,0.0,-2.5566347176209092e-05,0.0,0.0,0.0,0.0,0.0,0.0,1
1785980539,189846992,31.38,-1.7199743429767054,-1.7037327925311487,-1.1327255407916468,-4.617758814488546,-4.890387598668234,0.6930469870567322,0.0,-3.834952076431364e-05,0.0,0.0,0.0,-2.5566347176209092e-05,0.0,0.0,0.0,0.0,0.0,0.0,1
1785980539,209645271,31.38,-1.71991473833193,-1.7037690321551722,-1.1326773802386683,-4.6177348534213465,-4.890363637601034,0.6930469870567322,0.0,-3.834952076431364e-05,0.0,0.0,0.0,-2.5566347176209092e-05,0.0,0.0,0.0,0.0,0.0,0.0,1
1785980539,229740619,31.38,-1.719926659260885,-1.7037213484393519,-1.1327016989337366,-4.617758814488546,-4.890387598668234,0.6930350065231323,0.0,-3.834952076431364e-05,0.0,0.0,0.0,-2.5566347176209092e-05,0.0,0.0,0.0,0.0,0.0,0.0,1
1785980539,249563694,31.38,-1.7199385801898401,-1.7037809530841272,-1.1326659361468714,-4.617758814488546,-4.890375677739279,0.6929990649223328,0.0,-3.834952076431364e-05,0.0,0.0,0.0,-2.5566347176209092e-05,0.0,0.0,0.0,0.0,0.0,0.0,1
1785980539,269741535,31.38,-1.7199981848346155,-1.703757111226217,-1.1326659361468714,-4.617746893559591,-4.890399638806478,0.6930230259895325,0.0,-2.5566347176209092e-05,0.0,0.0,0.0,-2.5566347176209092e-05,0.0,0.0,0.0,0.0,0.0,0.0,1
1785980539,289622068,31.38,-1.719926659260885,-1.7037327925311487,-1.1327255407916468,-4.617710892354147,-4.890339676533834,0.693058967590332,0.0,-2.5566347176209092e-05,0.0,0.0,0.0,-2.5566347176209092e-05,0.0,0.0,0.0,0.0,0.0,0.0,1
1785980539,309773206,28.24,-1.7199505011187952,-1.7037213484393519,-1.1326659361468714,-4.61781877676119,-4.890339676533834,0.6930469870567322,0.0,-2.5566347176209092e-05,0.0,0.0,0.0,-2.5566347176209092e-05,0.0,0.0,0.0,0.0,0.0,0.0,1
1785980539,329693555,28.24,-1.7199505011187952,-1.7037327925311487,-1.1326773802386683,-4.617758814488546,-4.890375677739279,0.6930709481239319,0.0,-2.5566347176209092e-05,0.0,0.0,0.0,-2.5566347176209092e-05,0.0,0.0,0.0,0.0,0.0,0.0,1
1785980539,349848270,28.24,-1.7199505011187952,-1.7037690321551722,-1.1327255407916468,-4.617746893559591,-4.890351716672079,0.6929751038551331,0.0,-2.5566347176209092e-05,0.0,0.0,0.0,-2.5566347176209092e-05,0.0,0.0,0.0,0.0,0.0,0.0,1
1785980539,369540452,28.24,-1.7200105826007288,-1.703745190297262,-1.1327136198626917,-4.617746893559591,-4.890375677739279,0.6930230259895325,0.0,-2.5566347176209092e-05,0.0,0.0,0.0,-2.5566347176209092e-05,0.0,0.0,0.0,0.0,0.0,0.0,1
1785980539,389771938,28.24,-1.7199743429767054,-1.7037690321551722,-1.1326773802386683,-4.6177948156939905,-4.890339676533834,0.693058967590332,0.0,-2.5566347176209092e-05,0.0,0.0,0.0,-2.5566347176209092e-05,0.0,0.0,0.0,0.0,0.0,0.0,1
1785980539,409540891,28.24,-1.7199385801898401,-1.703745190297262,-1.1327016989337366,-4.617770854626791,-4.890375677739279,0.6930350065231323,0.0,-2.5566347176209092e-05,0.0,0.0,0.0,-2.5566347176209092e-05,0.0,0.0,0.0,0.0,0.0,0.0,1
1785980539,429827928,28.24,-1.7199743429767054,-1.703757111226217,-1.1327136198626917,-4.617722932492391,-4.890375677739279,0.6930110454559326,0.0,-2.5566347176209092e-05,0.0,0.0,0.0,-2.5566347176209092e-05,0.0,0.0,0.0,0.0,0.0,0.0,1
1785980539,449640750,28.24,-1.7199385801898401,-1.7037213484393519,-1.1326659361468714,-4.617746893559591,-4.890351716672079,0.6930230259895325,0.0,-2.5566347176209092e-05,0.0,0.0,0.0,-1.2783173588104546e-05,0.0,0.0,0.0,0.0,0.0,0.0,1
1785980539,469814300,28.24,-1.7199624220477503,-1.703745190297262,-1.1327016989337366,-4.617746893559591,-4.890363637601034,0.6930709481239319,0.0,-2.5566347176209092e-05,0.0,0.0,0.0,-1.2783173588104546e-05,0.0,0.0,0.0,0.0,0.0,0.0,1
1785980539,489647865,28.24,-1.7199624220477503,-1.7037327925311487,-1.1327016989337366,-4.617758814488546,-4.890363637601034,0.6930829286575317,0.0,-2.5566347176209092e-05,0.0,0.0,0.0,-1.2783173588104546e-05,0.0,0.0,0.0,0.0,0.0,0.0,1
1785980539,509717941,28.24,-1.7199624220477503,-1.7037809530841272,-1.1326659361468714,-4.617722932492391,-4.890375677739279,0.6930350065231323,0.0,-2.5566347176209092e-05,0.0,0.0,0.0,-1.2783173588104546e-05,0.0,0.0,0.0,0.0,0.0,0.0,1
1785980539,529646635,28.24,-1.7199505011187952,-1.7037809530841272,-1.1326897780047815,-4.617698971425192,-4.890375677739279,0.693058967590332,0.0,-2.5566347176209092e-05,0.0,0.0,0.0,-1.2783173588104546e-05,0.0,0.0,0.0,0.0,0.0,0.0,1
1785980539,549822568,28.24,-1.719926659260885,-1.7037690321551722,-1.1326897780047815,-4.6177828947650355,-4.890375677739279,0.6930230259895325,0.0,-2.5566347176209092e-05,0.0,0.0,0.0,-1.2783173588104546e-05,0.0,0.0,0.0,0.0,0.0,0.0,1
1785980539,569622278,28.24,-1.7199624220477503,-1.7037690321551722,-1.1327737013446253,-4.617746893559591,-4.890387598668234,0.6930469870567322,0.0,-2.5566347176209092e-05,0.0,0.0,0.0,-1.2783173588104546e-05,0.0,0.0,0.0,0.0,0.0,0.0,1
1785980539,589724302,28.24,-1.7199385801898401,-1.703757111226217,-1.1327374617206019,-4.6177828947650355,-4.890399638806478,0.6930709481239319,0.0,-2.5566347176209092e-05,0.0,0.0,0.0,-1.2783173588104546e-05,0.0,0.0,0.0,0.0,0.0,0.0,1
1785980539,609595298,28.24,-1.7199505011187952,-1.7037327925311487,-1.1327374617206019,-4.6177348534213465,-4.890351716672079,0.6930230259895325,0.0,-2.5566347176209092e-05,0.0,0.0,0.0,-1.2783173588104546e-05,0.0,0.0,0.0,0.0,0.0,0.0,1
1785980539,629792690,28.24,-1.7199505011187952,-1.703757111226217,-1.1327136198626917,-4.617770854626791,-4.890387598668234,0.6930350065231323,0.0,-2.5566347176209092e-05,0.0,0.0,0.0,-1.2783173588104546e-05,0.0,0.0,0.0,0.0,0.0,0.0,1
1785980539,649598836,28.24,-1.7199862639056605,-1.7037809530841272,-1.1326773802386683,-4.617722932492391,-4.890339676533834,0.6930709481239319,0.0,-2.5566347176209092e-05,0.0,0.0,0.0,-1.2783173588104546e-05,0.0,0.0,0.0,0.0,0.0,0.0,1
1785980539,669719696,28.24,-1.7199624220477503,-1.703745190297262,-1.1327016989337366,-4.617746893559591,-4.890339676533834,0.6930350065231323,0.0,-2.5566347176209092e-05,0.0,0.0,0.0,-1.2783173588104546e-05,0.0,0.0,0.0,0.0,0.0,0.0,1
1785980539,689701795,28.24,-1.7199624220477503,-1.703757111226217,-1.132749382649557,-4.617770854626791,-4.890351716672079,0.693058967590332,0.0,-2.5566347176209092e-05,0.0,0.0,0.0,-1.2783173588104546e-05,0.0,0.0,0.0,0.0,0.0,0.0,1
1785980539,709742307,28.24,-1.7199981848346155,-1.7037690321551722,-1.1327255407916468,-4.617758814488546,-4.890363637601034,0.6930350065231323,0.0,-2.5566347176209092e-05,0.0,0.0,0.0,-1.2783173588104546e-05,0.0,0.0,0.0,0.0,0.0,0.0,1
1785980539,729689359,28.24,-1.7199862639056605,-1.703745190297262,-1.1327136198626917,-4.617746893559591,-4.890375677739279,0.6930350065231323,0.0,-2.5566347176209092e-05,0.0,0.0,0.0,-1.2783173588104546e-05,0.0,0.0,0.0,0.0,0.0,0.0,1
1785980539,749736309,28.24,-1.7199862639056605,-1.703757111226217,-1.1327136198626917,-4.617746893559591,-4.890363637601034,0.6930829286575317,0.0,-2.5566347176209092e-05,0.0,0.0,0.0,-1.2783173588104546e-05,0.0,0.0,0.0,0.0,0.0,0.0,1
1785980539,769595384,28.24,-1.7199505011187952,-1.703745190297262,-1.1326659361468714,-4.6177348534213465,-4.890363637601034,0.693058967590332,0.0,-2.5566347176209092e-05,0.0,0.0,0.0,-1.2783173588104546e-05,0.0,0.0,0.0,0.0,0.0,0.0,1
1785980539,789747714,28.24,-1.719926659260885,-1.7037327925311487,-1.1327136198626917,-4.617770854626791,-4.890375677739279,0.6930469870567322,0.0,-2.5566347176209092e-05,0.0,0.0,0.0,-1.2783173588104546e-05,0.0,0.0,0.0,0.0,0.0,0.0,1
1785980539,809596776,28.24,-1.7199743429767054,-1.7037690321551722,-1.1326773802386683,-4.6177348534213465,-4.890387598668234,0.6930110454559326,0.0,-2.5566347176209092e-05,0.0,0.0,0.0,-1.2783173588104546e-05,0.0,0.0,0.0,0.0,0.0,0.0,1
1785980539,829739332,28.24,-1.7199505011187952,-1.7036970297442835,-1.1326897780047815,-4.6177948156939905,-4.890375677739279,0.6930230259895325,0.0,-2.5566347176209092e-05,0.0,0.0,0.0,-1.2783173588104546e-05,0.0,0.0,0.0,0.0,0.0,0.0,1
1785980539,849659442,28.24,-1.7199624220477503,-1.7037327925311487,-1.1327374617206019,-4.617770854626791,-4.890375677739279,0.693058967590332,0.0,-2.5566347176209092e-05,0.0,0.0,0.0,-1.2783173588104546e-05,0.0,0.0,0.0,0.0,0.0,0.0,1
1785980539,869821071,28.24,-1.7199624220477503,-1.7037089506732386,-1.1327016989337366,-4.617746893559591,-4.890351716672079,0.6930949091911316,0.0,-2.5566347176209092e-05,0.0,0.0,0.0,-1.2783173588104546e-05,0.0,0.0,0.0,0.0,0.0,0.0,1
1785980539,889583587,28.24,-1.7199505011187952,-1.703757111226217,-1.1326773802386683,-4.617758814488546,-4.890327755604879,0.6930469870567322,0.0,-2.5566347176209092e-05,0.0,0.0,0.0,-1.2783173588104546e-05,0.0,0.0,0.0,0.0,0.0,0.0,1
1785980539,909766435,28.24,-1.7199624220477503,-1.703757111226217,-1.132749382649557,-4.617746893559591,-4.890399638806478,0.6929751038551331,0.0,-2.5566347176209092e-05,0.0,0.0,0.0,-1.2783173588104546e-05,0.0,0.0,0.0,0.0,0.0,0.0,1
1785980539,929543495,28.24,-1.7199385801898401,-1.7037089506732386,-1.1327016989337366,-4.6177828947650355,-4.890399638806478,0.6930230259895325,0.0,-2.5566347176209092e-05,0.0,0.0,0.0,-1.2783173588104546e-05,0.0,0.0,0.0,0.0,0.0,0.0,1
1785980539,949804306,28.24,-1.7199743429767054,-1.7037690321551722,-1.1327016989337366,-4.6177348534213465,-4.890351716672079,0.693058967590332,0.0,-2.5566347176209092e-05,0.0,0.0,0.0,-1.2783173588104546e-05,0.0,0.0,0.0,0.0,0.0,0.0,1
1785980539,969586372,28.24,-1.7199624220477503,-1.7037089506732386,-1.1326897780047815,-4.617806855832235,-4.890399638806478,0.693058967590332,0.0,-2.5566347176209092e-05,0.0,0.0,0.0,-1.2783173588104546e-05,0.0,0.0,0.0,0.0,0.0,0.0,1
1785980539,989801645,28.24,-1.7199385801898401,-1.7037928740130823,-1.1327374617206019,-4.617758814488546,-4.890387598668234,0.693058967590332,0.0,-2.5566347176209092e-05,0.0,0.0,0.0,-1.2783173588104546e-05,0.0,0.0,0.0,0.0,0.0,0.0,1
1785980540,9598731,28.24,-1.7199981848346155,-1.7037809530841272,-1.1327016989337366,-4.617758814488546,-4.890375677739279,0.6930469870567322,0.0,-2.5566347176209092e-05,0.0,0.0,0.0,-1.2783173588104546e-05,0.0,0.0,0.0,0.0,0.0,0.0,1
1785980540,29793262,28.24,-1.7199743429767054,-1.703757111226217,-1.1326897780047815,-4.6177348534213465,-4.890351716672079,0.6930829286575317,0.0,-2.5566347176209092e-05,0.0,0.0,0.0,-1.2783173588104546e-05,0.0,0.0,0.0,0.0,0.0,0.0,1
1785980540,49633026,28.24,-1.7199743429767054,-1.7037809530841272,-1.1327255407916468,-4.6177948156939905,-4.890387598668234,0.6930110454559326,0.0,-2.5566347176209092e-05,0.0,0.0,0.0,-1.2783173588104546e-05,0.0,0.0,0.0,0.0,0.0,0.0,1
1785980540,69740295,28.24,-1.7199624220477503,-1.703757111226217,-1.1327255407916468,-4.617770854626791,-4.890351716672079,0.6930350065231323,0.0,-2.5566347176209092e-05,0.0,0.0,0.0,-1.2783173588104546e-05,0.0,0.0,0.0,0.0,0.0,0.0,1
1785980540,89615583,28.24,-1.7199624220477503,-1.7037089506732386,-1.1326773802386683,-4.6177348534213465,-4.890387598668234,0.6929990649223328,0.0,-2.5566347176209092e-05,0.0,0.0,0.0,-1.2783173588104546e-05,0.0,0.0,0.0,0.0,0.0,0.0,1
1785980540,109787225,28.24,-1.7199624220477503,-1.7038167158709925,-1.1326897780047815,-4.617758814488546,-4.890351716672079,0.6929870843887329,0.0,-2.5566347176209092e-05,0.0,0.0,0.0,-1.2783173588104546e-05,0.0,0.0,0.0,0.0,0.0,0.0,1
1785980540,129619598,28.24,-1.7199385801898401,-1.7037809530841272,-1.1326897780047815,-4.617758814488546,-4.890399638806478,0.6930110454559326,0.0,-2.5566347176209092e-05,0.0,0.0,0.0,-1.2783173588104546e-05,0.0,0.0,0.0,0.0,0.0,0.0,1
1785980540,149819612,28.24,-1.7199505011187952,-1.7037690321551722,-1.1326659361468714,-4.6177948156939905,-4.890375677739279,0.693058967590332,0.0,-2.5566347176209092e-05,0.0,0.0,0.0,-1.2783173588104546e-05,0.0,0.0,0.0,0.0,0.0,0.0,1
1785980540,169556617,28.24,-1.7199624220477503,-1.7037690321551722,-1.1326773802386683,-4.617770854626791,-4.890327755604879,0.6930829286575317,0.0,-2.5566347176209092e-05,0.0,0.0,0.0,-1.2783173588104546e-05,0.0,0.0,0.0,0.0,0.0,0.0,1
1785980540,189778327,28.24,-1.7199505011187952,-1.7037928740130823,-1.1326659361468714,-4.6177948156939905,-4.890375677739279,0.6930110454559326,0.0,-2.5566347176209092e-05,0.0,0.0,0.0,-1.2783173588104546e-05,0.0,0.0,0.0,0.0,0.0,0.0,1
1785980540,209564447,28.24,-1.7200105826007288,-1.7037928740130823,-1.1327016989337366,-4.617722932492391,-4.890363637601034,0.6930709481239319,0.0,-2.5566347176209092e-05,0.0,0.0,0.0,-1.2783173588104546e-05,0.0,0.0,0.0,0.0,0.0,0.0,1
1785980540,229839801,28.24,-1.7199624220477503,-1.7037690321551722,-1.1327136198626917,-4.617746893559591,-4.890339676533834,0.6930469870567322,0.0,-2.5566347176209092e-05,0.0,0.0,0.0,-1.2783173588104546e-05,0.0,0.0,0.0,0.0,0.0,0.0,1
1785980540,249592781,28.24,-1.7199624220477503,-1.703745190297262,-1.1327255407916468,-4.617770854626791,-4.890363637601034,0.6930350065231323,0.0,-2.5566347176209092e-05,0.0,0.0,0.0,-1.2783173588104546e-05,0.0,0.0,0.0,0.0,0.0,0.0,1
1785980540,269804954,28.24,-1.7199624220477503,-1.7037327925311487,-1.1326773802386683,-4.6177348534213465,-4.890375677739279,0.6930350065231323,0.0,-2.5566347176209092e-05,0.0,0.0,0.0,-1.2783173588104546e-05,0.0,0.0,0.0,0.0,0.0,0.0,1
1785980540,289570569,28.24,-1.7199505011187952,-1.7038167158709925,-1.1327136198626917,-4.6177828947650355,-4.890387598668234,0.6930350065231323,0.0,-2.5566347176209092e-05,0.0,0.0,0.0,-1.2783173588104546e-05,0.0,0.0,0.0,0.0,0.0,0.0,1
1785980540,309841871,28.24,-1.7199862639056605,-1.7037690321551722,-1.1327374617206019,-4.617758814488546,-4.890399638806478,0.6930230259895325,0.0,-2.5566347176209092e-05,0.0,0.0,0.0,-1.2783173588104546e-05,0.0,0.0,0.0,0.0,0.0,0.0,1
1785980540,329594373,28.24,-1.7199385801898401,-1.7038167158709925,-1.1326773802386683,-4.617758814488546,-4.890339676533834,0.6930350065231323,0.0,-2.5566347176209092e-05,0.0,0.0,0.0,-1.2783173588104546e-05,0.0,0.0,0.0,0.0,0.0,0.0,1
1785980540,349683523,28.24,-1.7199505011187952,-1.7037690321551722,-1.1326659361468714,-4.617770854626791,-4.890363637601034,0.6929990649223328,0.0,-2.5566347176209092e-05,0.0,0.0,0.0,-1.2783173588104546e-05,0.0,0.0,0.0,0.0,0.0,0.0,1
1785980540,369632244,28.24,-1.7199743429767054,-1.703757111226217,-1.1327374617206019,-4.617758814488546,-4.890363637601034,0.6930829286575317,0.0,-2.5566347176209092e-05,0.0,0.0,0.0,-1.2783173588104546e-05,0.0,0.0,0.0,0.0,0.0,0.0,1
1785980540,389840602,28.24,-1.7199624220477503,-1.7037928740130823,-1.1326897780047815,-4.617770854626791,-4.890375677739279,0.6930110454559326,0.0,-2.5566347176209092e-05,0.0,0.0,0.0,-1.2783173588104546e-05,0.0,0.0,0.0,0.0,0.0,0.0,1
1785980540,409581422,28.24,-1.7199624220477503,-1.7037327925311487,-1.1327255407916468,-4.617758814488546,-4.890375677739279,0.6930469870567322,0.0,-2.5566347176209092e-05,0.0,0.0,0.0,-1.2783173588104546e-05,0.0,0.0,0.0,0.0,0.0,0.0,1
1785980540,429746627,28.24,-1.7199624220477503,-1.7037327925311487,-1.1327255407916468,-4.6177348534213465,-4.890363637601034,0.6930469870567322,0.0,-2.5566347176209092e-05,0.0,0.0,0.0,-1.2783173588104546e-05,0.0,0.0,0.0,0.0,0.0,0.0,1
1785980540,449587821,28.24,-1.719926659260885,-1.7038291136371058,-1.1327374617206019,-4.617746893559591,-4.890399638806478,0.6930110454559326,0.0,-2.5566347176209092e-05,0.0,0.0,0.0,-1.2783173588104546e-05,0.0,0.0,0.0,0.0,0.0,0.0,1
1785980540,469787836,28.24,-1.7199385801898401,-1.703757111226217,-1.1327374617206019,-4.617770854626791,-4.890339676533834,0.6930469870567322,0.0,-2.5566347176209092e-05,0.0,0.0,0.0,-1.2783173588104546e-05,0.0,0.0,0.0,0.0,0.0,0.0,1
1785980540,489583015,28.24,-1.7199862639056605,-1.7037213484393519,-1.1327016989337366,-4.617758814488546,-4.890351716672079,0.6930110454559326,0.0,-2.5566347176209092e-05,0.0,0.0,0.0,-1.2783173588104546e-05,0.0,0.0,0.0,0.0,0.0,0.0,1
1785980540,509853124,28.24,-1.7199385801898401,-1.7037809530841272,-1.132749382649557,-4.6177348534213465,-4.890375677739279,0.6930709481239319,0.0,-2.5566347176209092e-05,0.0,0.0,0.0,-1.2783173588104546e-05,0.0,0.0,0.0,0.0,0.0,0.0,1
1785980540,529662132,28.24,-1.7199981848346155,-1.7037809530841272,-1.1327255407916468,-4.617758814488546,-4.890351716672079,0.693058967590332,0.0,-2.5566347176209092e-05,0.0,0.0,0.0,-1.2783173588104546e-05,0.0,0.0,0.0,0.0,0.0,0.0,1
1785980540,549777507,28.24,-1.7199743429767054,-1.7037089506732386,-1.1327016989337366,-4.617746893559591,-4.890339676533834,0.6930110454559326,0.0,-2.5566347176209092e-05,0.0,0.0,0.0,-1.2783173588104546e-05,0.0,0.0,0.0,0.0,0.0,0.0,1
1785980540,569602251,28.24,-1.7199743429767054,-1.703757111226217,-1.1327255407916468,-4.6177828947650355,-4.890399638806478,0.6930469870567322,0.0,-2.5566347176209092e-05,0.0,0.0,0.0,-1.2783173588104546e-05,0.0,0.0,0.0,0.0,0.0,0.0,1
1785980540,589857101,28.24,-1.7199743429767054,-1.7037690321551722,-1.1326773802386683,-4.6177348534213465,-4.890363637601034,0.6930350065231323,0.0,-2.5566347176209092e-05,0.0,0.0,0.0,-1.2783173588104546e-05,0.0,0.0,0.0,0.0,0.0,0.0,1
1785980540,609612703,28.24,-1.7199385801898401,-1.7037213484393519,-1.1326659361468714,-4.617770854626791,-4.890399638806478,0.6930350065231323,0.0,-2.5566347176209092e-05,0.0,0.0,0.0,-1.2783173588104546e-05,0.0,0.0,0.0,0.0,0.0,0.0,1
1785980540,629794120,28.24,-1.7199505011187952,-1.703757111226217,-1.1327136198626917,-4.6177348534213465,-4.890399638806478,0.6930110454559326,0.0,-2.5566347176209092e-05,0.0,0.0,0.0,-1.2783173588104546e-05,0.0,0.0,0.0,0.0,0.0,0.0,1
1785980540,649608135,28.24,-1.7199862639056605,-1.7037213484393519,-1.132749382649557,-4.617758814488546,-4.890399638806478,0.693058967590332,0.0,-2.5566347176209092e-05,0.0,0.0,0.0,-1.2783173588104546e-05,0.0,0.0,0.0,0.0,0.0,0.0,1
1785980540,669761180,28.24,-1.719926659260885,-1.7037928740130823,-1.1326897780047815,-4.617758814488546,-4.890351716672079,0.6930230259895325,0.0,-2.5566347176209092e-05,0.0,0.0,0.0,-1.2783173588104546e-05,0.0,0.0,0.0,0.0,0.0,0.0,1
1785980540,689571619,28.24,-1.7199505011187952,-1.7037809530841272,-1.1326773802386683,-4.6177348534213465,-4.890399638806478,0.6930829286575317,0.0,-2.5566347176209092e-05,0.0,0.0,0.0,-1.2783173588104546e-05,0.0,0.0,0.0,0.0,0.0,0.0,1
1785980540,709909439,28.24,-1.7200105826007288,-1.703757111226217,-1.1327374617206019,-4.617758814488546,-4.890387598668234,0.693058967590332,0.0,-2.5566347176209092e-05,0.0,0.0,0.0,-1.2783173588104546e-05,0.0,0.0,0.0,0.0,0.0,0.0,1
1785980540,729654312,28.24,-1.7199385801898401,-1.7037928740130823,-1.1327016989337366,-4.6177348534213465,-4.890399638806478,0.6930350065231323,0.0,-2.5566347176209092e-05,0.0,0.0,0.0,-1.2783173588104546e-05,0.0,0.0,0.0,0.0,0.0,0.0,1
1785980540,749770402,28.24,-1.719926659260885,-1.7037928740130823,-1.1327255407916468,-4.617758814488546,-4.890351716672079,0.6930110454559326,0.0,-1.2783173588104546e-05,0.0,0.0,0.0,-1.2783173588104546e-05,0.0,0.0,0.0,0.0,0.0,0.0,1
1785980540,769669055,28.24,-1.7199862639056605,-1.7038052717791956,-1.1327136198626917,-4.6177348534213465,-4.890327755604879,0.6930350065231323,0.0,-1.2783173588104546e-05,0.0,0.0,0.0,-1.2783173588104546e-05,0.0,0.0,0.0,0.0,0.0,0.0,1
1785980540,789769887,28.24,-1.7199624220477503,-1.703757111226217,-1.1326897780047815,-4.6177948156939905,-4.890399638806478,0.6930350065231323,0.0,-1.2783173588104546e-05,0.0,0.0,0.0,-1.2783173588104546e-05,0.0,0.0,0.0,0.0,0.0,0.0,1
1785980540,809624671,28.24,-1.7199981848346155,-1.7037809530841272,-1.1327016989337366,-4.617710892354147,-4.890363637601034,0.6930949091911316,0.0,-1.2783173588104546e-05,0.0,0.0,0.0,-1.2783173588104546e-05,0.0,0.0,0.0,0.0,0.0,0.0,1
1785980540,829737663,28.24,-1.7199743429767054,-1.703757111226217,-1.1327016989337366,-4.617758814488546,-4.890375677739279,0.6930230259895325,0.0,-1.2783173588104546e-05,0.0,0.0,0.0,-1.2783173588104546e-05,0.0,0.0,0.0,0.0,0.0,0.0,1
1785980540,849659681,28.24,-1.7199862639056605,-1.7037690321551722,-1.1327374617206019,-4.6177828947650355,-4.890339676533834,0.6930709481239319,0.0,-1.2783173588104546e-05,0.0,0.0,0.0,-1.2783173588104546e-05,0.0,0.0,0.0,0.0,0.0,0.0,1
1785980540,869815587,28.24,-1.719926659260885,-1.7037327925311487,-1.1327016989337366,-4.617710892354147,-4.890375677739279,0.6930110454559326,0.0,-1.2783173588104546e-05,0.0,0.0,0.0,-1.2783173588104546e-05,0.0,0.0,0.0,0.0,0.0,0.0,1
1785980540,889593124,28.24,-1.7199385801898401,-1.703757111226217,-1.1326897780047815,-4.617758814488546,-4.890339676533834,0.6930110454559326,0.0,-1.2783173588104546e-05,0.0,0.0,0.0,-1.2783173588104546e-05,0.0,0.0,0.0,0.0,0.0,0.0,1
1785980540,909773349,28.24,-1.7199862639056605,-1.7037690321551722,-1.1326897780047815,-4.6177348534213465,-4.890399638806478,0.6930350065231323,0.0,-1.2783173588104546e-05,0.0,0.0,0.0,-1.2783173588104546e-05,0.0,0.0,0.0,0.0,0.0,0.0,1
1785980540,929696798,28.24,-1.7199862639056605,-1.7037809530841272,-1.1327255407916468,-4.617770854626791,-4.890399638806478,0.6930709481239319,0.0,-1.2783173588104546e-05,0.0,0.0,0.0,0.0,0.0,0.0,0.0,0.0,0.0,0.0,1
1785980540,949739694,28.24,-1.7199862639056605,-1.7037928740130823,-1.1326897780047815,-4.6177828947650355,-4.890351716672079,0.6930469870567322,0.0,-1.2783173588104546e-05,0.0,0.0,0.0,0.0,0.0,0.0,0.0,0.0,0.0,0.0,1
1785980540,969661474,28.24,-1.7199385801898401,-1.7037928740130823,-1.1327136198626917,-4.617770854626791,-4.890339676533834,0.6930230259895325,0.0,-1.2783173588104546e-05,0.0,0.0,0.0,0.0,0.0,0.0,0.0,0.0,0.0,0.0,1
1785980540,989809036,28.24,-1.7199624220477503,-1.7037690321551722,-1.1327016989337366,-4.617758814488546,-4.890339676533834,0.6930350065231323,0.0,-1.2783173588104546e-05,0.0,0.0,0.0,0.0,0.0,0.0,0.0,0.0,0.0,0.0,1
1785980541,9603977,28.24,-1.7199624220477503,-1.7037327925311487,-1.1327016989337366,-4.6177348534213465,-4.890387598668234,0.6930469870567322,0.0,-1.2783173588104546e-05,0.0,0.0,0.0,0.0,0.0,0.0,0.0,0.0,0.0,0.0,1
1785980541,29745578,28.24,-1.7199385801898401,-1.7037690321551722,-1.1326897780047815,-4.617758814488546,-4.890399638806478,0.6929870843887329,0.0,-1.2783173588104546e-05,0.0,0.0,0.0,0.0,0.0,0.0,0.0,0.0,0.0,0.0,1
1785980541,49591302,28.24,-1.7199624220477503,-1.7038167158709925,-1.1327016989337366,-4.617770854626791,-4.890375677739279,0.6930469870567322,0.0,-1.2783173588104546e-05,0.0,0.0,0.0,0.0,0.0,0.0,0.0,0.0,0.0,0.0,1
1785980541,69847345,28.24,-1.7199862639056605,-1.7037690321551722,-1.1327136198626917,-4.617746893559591,-4.890375677739279,0.6930350065231323,0.0,-1.2783173588104546e-05,0.0,0.0,0.0,0.0,0.0,0.0,0.0,0.0,0.0,0.0,1
1785980541,89622497,22.88,-1.7199624220477503,-1.7037690321551722,-1.1326773802386683,-4.617746893559591,-4.890375677739279,0.6930350065231323,0.0,-1.2783173588104546e-05,0.0,0.0,0.0,0.0,0.0,0.0,0.0,0.0,0.0,0.0,1
1785980541,109761476,22.88,-1.7199743429767054,-1.703745190297262,-1.1327136198626917,-4.6177828947650355,-4.890375677739279,0.6930469870567322,0.0,-1.2783173588104546e-05,0.0,0.0,0.0,0.0,0.0,0.0,0.0,0.0,0.0,0.0,1
1785980541,129593372,22.88,-1.7199862639056605,-1.7037690321551722,-1.1326540152179163,-4.617746893559591,-4.890339676533834,0.6929990649223328,0.0,-1.2783173588104546e-05,0.0,0.0,0.0,0.0,0.0,0.0,0.0,0.0,0.0,0.0,1
1785980541,149761438,22.88,-1.720034424458639,-1.703745190297262,-1.1327136198626917,-4.617722932492391,-4.890351716672079,0.6930110454559326,0.0,-1.2783173588104546e-05,0.0,0.0,0.0,0.0,0.0,0.0,0.0,0.0,0.0,0.0,1
1785980541,169702291,22.88,-1.7199385801898401,-1.703757111226217,-1.1327255407916468,-4.617758814488546,-4.890387598668234,0.6930110454559326,0.0,-1.2783173588104546e-05,0.0,0.0,0.0,0.0,0.0,0.0,0.0,0.0,0.0,0.0,1
1785980541,189782381,22.88,-1.7199505011187952,-1.703745190297262,-1.1326420942889612,-4.617758814488546,-4.890363637601034,0.693058967590332,0.0,-1.2783173588104546e-05,0.0,0.0,0.0,0.0,0.0,0.0,0.0,0.0,0.0,0.0,1
1785980541,209613084,22.88,-1.7199385801898401,-1.703757111226217,-1.1326659361468714,-4.617770854626791,-4.890339676533834,0.6930469870567322,0.0,-1.2783173588104546e-05,0.0,0.0,0.0,0.0,0.0,0.0,0.0,0.0,0.0,0.0,1
1785980541,229879617,22.88,-1.7199624220477503,-1.7037213484393519,-1.1326897780047815,-4.617758814488546,-4.890375677739279,0.6931068897247314,0.0,-1.2783173588104546e-05,0.0,0.0,0.0,0.0,0.0,0.0,0.0,0.0,0.0,0.0,1
1785980541,249589920,22.88,-1.7199981848346155,-1.7037928740130823,-1.1326659361468714,-4.6177828947650355,-4.890339676533834,0.6930469870567322,0.0,-1.2783173588104546e-05,0.0,0.0,0.0,0.0,0.0,0.0,0.0,0.0,0.0,0.0,1
1785980541,269757032,22.88,-1.7199862639056605,-1.7038052717791956,-1.1327374617206019,-4.617746893559591,-4.890375677739279,0.693058967590332,0.0,-1.2783173588104546e-05,0.0,0.0,0.0,0.0,0.0,0.0,0.0,0.0,0.0,0.0,1
1785980541,289524793,22.88,-1.7199862639056605,-1.7037690321551722,-1.1326897780047815,-4.6177948156939905,-4.890387598668234,0.6930230259895325,0.0,-1.2783173588104546e-05,0.0,0.0,0.0,0.0,0.0,0.0,0.0,0.0,0.0,0.0,1
1785980541,309777259,22.88,-1.7199624220477503,-1.7037690321551722,-1.1326540152179163,-4.617758814488546,-4.890387598668234,0.6930230259895325,0.0,-1.2783173588104546e-05,0.0,0.0,0.0,0.0,0.0,0.0,0.0,0.0,0.0,0.0,1
1785980541,329599380,22.88,-1.7199862639056605,-1.703745190297262,-1.1327136198626917,-4.617722932492391,-4.890327755604879,0.6930949091911316,0.0,-1.2783173588104546e-05,0.0,0.0,0.0,0.0,0.0,0.0,0.0,0.0,0.0,0.0,1
1785980541,349773406,22.88,-1.7199624220477503,-1.7037327925311487,-1.1326659361468714,-4.617770854626791,-4.890351716672079,0.6930949091911316,0.0,-1.2783173588104546e-05,0.0,0.0,0.0,0.0,0.0,0.0,0.0,0.0,0.0,0.0,1
1785980541,369577169,22.88,-1.7199505011187952,-1.703757111226217,-1.1327016989337366,-4.617770854626791,-4.890339676533834,0.6930949091911316,0.0,-1.2783173588104546e-05,0.0,0.0,0.0,0.0,0.0,0.0,0.0,0.0,0.0,0.0,1
1785980541,389752626,22.88,-1.7199743429767054,-1.7037809530841272,-1.1326897780047815,-4.6177948156939905,-4.890363637601034,0.6930350065231323,0.0,-1.2783173588104546e-05,0.0,0.0,0.0,0.0,0.0,0.0,0.0,0.0,0.0,0.0,1
1785980541,409570217,22.88,-1.7199743429767054,-1.7037213484393519,-1.1326773802386683,-4.617746893559591,-4.890363637601034,0.6930230259895325,0.0,-1.2783173588104546e-05,0.0,0.0,0.0,0.0,0.0,0.0,0.0,0.0,0.0,0.0,1
1785980541,429752349,22.88,-1.7199981848346155,-1.703745190297262,-1.1326897780047815,-4.617746893559591,-4.890351716672079,0.6930110454559326,0.0,-1.2783173588104546e-05,0.0,0.0,0.0,0.0,0.0,0.0,0.0,0.0,0.0,0.0,1
1785980541,449574708,22.88,-1.7199624220477503,-1.703757111226217,-1.1327136198626917,-4.617770854626791,-4.890363637601034,0.6930709481239319,0.0,-1.2783173588104546e-05,0.0,0.0,0.0,0.0,0.0,0.0,0.0,0.0,0.0,0.0,1
1785980541,469789266,22.88,-1.7199624220477503,-1.7038052717791956,-1.1327374617206019,-4.617806855832235,-4.890375677739279,0.6930469870567322,0.0,-1.2783173588104546e-05,0.0,0.0,0.0,0.0,0.0,0.0,0.0,0.0,0.0,0.0,1
1785980541,489550828,22.88,-1.7199862639056605,-1.7038052717791956,-1.1327016989337366,-4.617806855832235,-4.890339676533834,0.6930469870567322,0.0,-1.2783173588104546e-05,0.0,0.0,0.0,0.0,0.0,0.0,0.0,0.0,0.0,0.0,1
1785980541,509724378,22.88,-1.7199743429767054,-1.7037809530841272,-1.1326420942889612,-4.6177348534213465,-4.890339676533834,0.6930110454559326,0.0,-1.2783173588104546e-05,0.0,0.0,0.0,0.0,0.0,0.0,0.0,0.0,0.0,0.0,1
1785980541,529565811,22.88,-1.7199862639056605,-1.703757111226217,-1.132749382649557,-4.617710892354147,-4.890363637601034,0.693058967590332,0.0,-1.2783173588104546e-05,0.0,0.0,0.0,0.0,0.0,0.0,0.0,0.0,0.0,0.0,1
1785980541,549811124,22.88,-1.7199624220477503,-1.7037213484393519,-1.1327016989337366,-4.6177948156939905,-4.890327755604879,0.6930949091911316,0.0,-1.2783173588104546e-05,0.0,0.0,0.0,0.0,0.0,0.0,0.0,0.0,0.0,0.0,1
1785980541,569612026,22.88,-1.7199624220477503,-1.7037809530841272,-1.1326659361468714,-4.6177948156939905,-4.890387598668234,0.6930350065231323,0.0,-1.2783173588104546e-05,0.0,0.0,0.0,0.0,0.0,0.0,0.0,0.0,0.0,0.0,1
1785980541,589755535,22.88,-1.7199385801898401,-1.703745190297262,-1.132749382649557,-4.617746893559591,-4.890399638806478,0.6930350065231323,0.0,-1.2783173588104546e-05,0.0,0.0,0.0,0.0,0.0,0.0,0.0,0.0,0.0,0.0,1
1785980541,609549283,22.88,-1.7199743429767054,-1.7037089506732386,-1.1327374617206019,-4.617710892354147,-4.890375677739279,0.6929990649223328,0.0,-1.2783173588104546e-05,0.0,0.0,0.0,0.0,0.0,0.0,0.0,0.0,0.0,0.0,1
1785980541,629709720,22.88,-1.7200225035296839,-1.7038052717791956,-1.1327016989337366,-4.617770854626791,-4.890399638806478,0.6930709481239319,0.0,-1.2783173588104546e-05,0.0,0.0,0.0,0.0,0.0,0.0,0.0,0.0,0.0,0.0,1
1785980541,649589300,22.88,-1.7199981848346155,-1.7037928740130823,-1.1327136198626917,-4.617758814488546,-4.890351716672079,0.693058967590332,0.0,-1.2783173588104546e-05,0.0,0.0,0.0,0.0,0.0,0.0,0.0,0.0,0.0,0.0,1
