timestamp_sec,timestamp_nanosec,trust_score,shoulder_pan_pos,shoulder_lift_pos,elbow_pos,wrist_1_pos,wrist_2_pos,wrist_3_pos,shoulder_pan_vel,shoulder_lift_vel,elbow_vel,wrist_1_vel,wrist_2_vel,wrist_3_vel,imu_ax_raw,imu_ay_raw,imu_az_raw,imu_ax_ema,imu_ay_ema,imu_az_ema,attack_active
1786496222,648727655,100.0,-1.720046345387594,-1.703757111226217,-1.1327016989337366,-4.617746893559591,-4.890399638806478,0.693058967590332,0.0,-0.0,0.0,0.0,0.0,0.0,0.0,0.0,0.0,0.0,0.0,0.0,0
1786496222,668845415,100.0,-1.720034424458639,-1.7038052717791956,-1.1326897780047815,-4.617758814488546,-4.890447918568746,0.6930709481239319,0.0,-0.0,0.0,0.0,0.0,0.0,0.0,0.0,0.0,0.0,0.0,0.0,0
1786496222,689369440,100.0,-1.7200105826007288,-1.703852955495016,-1.1327374617206019,-4.6177348534213465,-4.890423957501547,0.6930350065231323,0.0,-0.0,0.0,0.0,0.0,0.0,0.0,0.0,0.0,0.0,0.0,0.0,0
1786496222,708913326,100.0,-1.7200105826007288,-1.703864876423971,-1.1327136198626917,-4.617770854626791,-4.890423957501547,0.6930709481239319,0.0,-0.0,0.0,0.0,0.0,0.0,0.0,0.0,0.0,0.0,0.0,0.0,0
1786496222,728693485,100.0,-1.720034424458639,-1.703864876423971,-1.1327374617206019,-4.617770854626791,-4.890412036572592,0.6930350065231323,0.0,-0.0,0.0,0.0,0.0,0.0,0.0,0.0,0.0,0.0,0.0,0.0,0
1786496222,748810052,100.0,-1.7199981848346155,-1.7038410345660608,-1.1327374617206019,-4.617710892354147,-4.890412036572592,0.693058967590332,0.0,-0.0,0.0,0.0,0.0,0.0,0.0,0.0,0.0,0.0,0.0,0.0,0
1786496222,769352912,100.0,-1.7200105826007288,-1.7038052717791956,-1.1327136198626917,-4.6177348534213465,-4.890447918568746,0.6930949091911316,0.0,-0.0,0.0,0.0,0.0,0.0,0.0,0.0,0.0,0.0,0.0,0.0,0
1786496222,788795471,100.0,-1.7200225035296839,-1.7038052717791956,-1.1327136198626917,-4.617770854626791,-4.890423957501547,0.6930230259895325,0.0,-0.0,0.0,0.0,0.0,0.0,0.0,0.0,0.0,0.0,0.0,0.0,0
1786496222,808774232,100.0,-1.7200225035296839,-1.7037809530841272,-1.132761303578512,-4.6177828947650355,-4.890459958706991,0.6930469870567322,0.0,-0.0,0.0,0.0,0.0,0.0,0.0,0.0,0.0,0.0,0.0,0.0,0
1786496222,828827381,100.0,-1.7200105826007288,-1.7038052717791956,-1.1327136198626917,-4.617758814488546,-4.890435997639791,0.6929990649223328,0.0,-0.0,0.0,0.0,0.0,0.0,0.0,0.0,0.0,0.0,0.0,0.0,0
1786496222,848787307,100.0,-1.7199981848346155,-1.703876797352926,-1.1327374617206019,-4.617770854626791,-4.890423957501547,0.6930829286575317,0.0,-0.0,0.0,0.0,0.0,0.0,0.0,0.0,0.0,0.0,0.0,0.0,0
1786496222,868706464,100.0,-1.7199981848346155,-1.7038410345660608,-1.1327374617206019,-4.617710892354147,-4.890423957501547,0.6929990649223328,0.0,-0.0,0.0,0.0,0.0,0.0,0.0,0.0,0.0,0.0,0.0,0.0,0
1786496222,888844251,100.0,-1.7200105826007288,-1.7038052717791956,-1.1327136198626917,-4.617770854626791,-4.890423957501547,0.6930350065231323,0.0,-0.0,0.0,0.0,0.0,0.0,0.0,0.0,0.0,0.0,0.0,0.0,0
1786496222,908833742,100.0,-1.7199981848346155,-1.7037809530841272,-1.132761303578512,-4.6177348534213465,-4.890423957501547,0.6930110454559326,0.0,-0.0,0.0,0.0,0.0,0.0,0.0,0.0,0.0,0.0,0.0,0.0,0
1786496222,928998470,100.0,-1.7200582663165491,-1.703757111226217,-1.1327374617206019,-4.6177348534213465,-4.890399638806478,0.693058967590332,0.0,-0.0,0.0,0.0,0.0,0.0,0.0,0.0,0.0,0.0,0.0,0.0,0
1786496222,949093818,100.0,-1.7199862639056605,-1.7038052717791956,-1.132761303578512,-4.617806855832235,-4.890423957501547,0.6930829286575317,0.0,-0.0,0.0,0.0,0.0,0.0,0.0,0.0,0.0,0.0,0.0,0.0,0
1786496222,968833684,100.0,-1.720046345387594,-1.7037809530841272,-1.132749382649557,-4.617770854626791,-4.890399638806478,0.6930230259895325,0.0,-0.0,0.0,0.0,0.0,0.0,0.0,0.0,0.0,0.0,0.0,0.0,0
1786496222,988793373,100.0,-1.7200225035296839,-1.7037928740130823,-1.1327136198626917,-4.6177348534213465,-4.890435997639791,0.6930709481239319,0.0,-0.0,0.0,0.0,0.0,0.0,0.0,0.0,0.0,0.0,0.0,0.0,0
1786496223,9035348,100.0,-1.7199862639056605,-1.7038410345660608,-1.1327737013446253,-4.617758814488546,-4.890387598668234,0.6930110454559326,0.0,-0.0,0.0,0.0,0.0,0.0,0.0,0.0,0.0,0.0,0.0,0.0,0
1786496223,28793811,100.0,-1.7200105826007288,-1.7038052717791956,-1.1327255407916468,-4.617722932492391,-4.890399638806478,0.6930829286575317,0.0,-0.0,0.0,0.0,0.0,0.0,0.0,0.0,0.0,0.0,0.0,0.0,0
1786496223,49170970,100.0,-1.7199862639056605,-1.7038167158709925,-1.1327016989337366,-4.6177348534213465,-4.890435997639791,0.693058967590332,0.0,-0.0,0.0,0.0,0.0,0.0,0.0,0.0,0.0,0.0,0.0,0.0,0
1786496223,68749904,100.0,-1.7200701872455042,-1.7037690321551722,-1.1327374617206019,-4.617770854626791,-4.890459958706991,0.6930709481239319,0.0,-0.0,0.0,0.0,0.0,0.0,0.0,0.0,0.0,0.0,0.0,0.0,0
1786496223,89015483,100.0,-1.7200225035296839,-1.7037690321551722,-1.1327856222735804,-4.617722932492391,-4.890399638806478,0.693058967590332,0.0,-0.0,0.0,0.0,0.0,0.0,0.0,0.0,0.0,0.0,0.0,0.0,0
1786496223,108755826,100.0,-1.720046345387594,-1.7038052717791956,-1.132761303578512,-4.617770854626791,-4.890447918568746,0.6930110454559326,0.0,-0.0,0.0,0.0,0.0,0.0,0.0,0.0,0.0,0.0,0.0,0.0,0
1786496223,129116535,100.0,-1.720046345387594,-1.703864876423971,-1.132749382649557,-4.617770854626791,-4.890399638806478,0.6930469870567322,0.0,-0.0,0.0,0.0,0.0,0.0,0.0,0.0,0.0,0.0,0.0,0.0,0
1786496223,148720026,100.0,-1.720046345387594,-1.7038291136371058,-1.1327374617206019,-4.617746893559591,-4.890423957501547,0.6930230259895325,0.0,-0.0,0.0,0.0,0.0,0.0,0.0,0.0,0.0,0.0,0.0,0.0,0
1786496223,168923139,100.0,-1.720034424458639,-1.7038167158709925,-1.1327374617206019,-4.617746893559591,-4.890423957501547,0.6930230259895325,0.0,-0.0,0.0,0.0,0.0,0.0,0.0,0.0,0.0,0.0,0.0,0.0,0
1786496223,188813209,100.0,-1.720046345387594,-1.7038052717791956,-1.132749382649557,-4.617830816899435,-4.890412036572592,0.6930469870567322,0.0,-0.0,0.0,0.0,0.0,0.0,0.0,0.0,0.0,0.0,0.0,0.0,0
1786496223,208914279,100.0,-1.7200105826007288,-1.703852955495016,-1.1327374617206019,-4.617758814488546,-4.890412036572592,0.6930949091911316,0.0,-0.0,0.0,0.0,0.0,0.0,0.0,0.0,0.0,0.0,0.0,0.0,0
1786496223,228827476,100.0,-1.7200105826007288,-1.7038167158709925,-1.1327255407916468,-4.6177348534213465,-4.890399638806478,0.6930829286575317,0.0,-0.0,0.0,0.0,0.0,0.0,0.0,0.0,0.0,0.0,0.0,0.0,0
1786496223,249553442,100.0,-1.7200105826007288,-1.7038052717791956,-1.132749382649557,-4.617770854626791,-4.890423957501547,0.6930709481239319,0.0,-0.0,0.0,0.0,0.0,0.0,0.0,0.0,0.0,0.0,0.0,0.0,0
1786496223,268782854,100.0,-1.720034424458639,-1.7037928740130823,-1.1326897780047815,-4.6177348534213465,-4.890423957501547,0.6930230259895325,0.0,-0.0,0.0,0.0,0.0,0.0,0.0,0.0,0.0,0.0,0.0,0.0,0
1786496223,288936614,100.0,-1.7200105826007288,-1.7038167158709925,-1.1327255407916468,-4.6177828947650355,-4.890412036572592,0.6930110454559326,0.0,-0.0,0.0,0.0,0.0,0.0,0.0,0.0,0.0,0.0,0.0,0.0,0
1786496223,308707952,100.0,-1.7199505011187952,-1.7038052717791956,-1.1327374617206019,-4.617806855832235,-4.890423957501547,0.6930469870567322,0.0,-0.0,0.0,0.0,0.0,0.0,0.0,0.0,0.0,0.0,0.0,0.0,0
1786496223,328972339,100.0,-1.720046345387594,-1.7038052717791956,-1.132749382649557,-4.6177348534213465,-4.890447918568746,0.6930110454559326,0.0,-0.0,0.0,0.0,0.0,0.0,0.0,0.0,0.0,0.0,0.0,0.0,0
1786496223,348832845,100.0,-1.7200582663165491,-1.703864876423971,-1.1327374617206019,-4.6177828947650355,-4.890423957501547,0.6929870843887329,0.0,-0.0,0.0,0.0,0.0,0.0,0.0,0.0,0.0,0.0,0.0,0.0,0
1786496223,368836402,100.0,-1.720046345387594,-1.7038291136371058,-1.132761303578512,-4.617746893559591,-4.890412036572592,0.693058967590332,0.0,-0.0,0.0,0.0,0.0,0.0,0.0,0.0,0.0,0.0,0.0,0.0,0
1786496223,388827800,100.0,-1.7200105826007288,-1.7038410345660608,-1.1327016989337366,-4.617806855832235,-4.890399638806478,0.6930709481239319,0.0,-0.0,0.0,0.0,0.0,0.0,0.0,0.0,0.0,0.0,0.0,0.0,0
1786496223,408965587,100.0,-1.7199981848346155,-1.7038410345660608,-1.1327255407916468,-4.617758814488546,-4.890459958706991,0.6930829286575317,0.0,-0.0,0.0,0.0,0.0,0.0,0.0,0.0,0.0,0.0,0.0,0.0,0
1786496223,428766012,100.0,-1.7199862639056605,-1.7038887182818812,-1.1327255407916468,-4.617758814488546,-4.890471879635946,0.693058967590332,0.0,-0.0,0.0,0.0,0.0,0.0,0.0,0.0,0.0,0.0,0.0,0.0,0
1786496223,449152946,100.0,-1.7200582663165491,-1.703864876423971,-1.1327374617206019,-4.6177948156939905,-4.890435997639791,0.6930230259895325,0.0,-0.0,0.0,0.0,0.0,0.0,0.0,0.0,0.0,0.0,0.0,0.0,0
1786496223,468825101,100.0,-1.7199981848346155,-1.7038167158709925,-1.1327255407916468,-4.6177828947650355,-4.890423957501547,0.6930230259895325,0.0,-0.0,0.0,0.0,0.0,0.0,0.0,0.0,0.0,0.0,0.0,0.0,0
1786496223,488783836,100.0,-1.720046345387594,-1.7038410345660608,-1.1326897780047815,-4.6177348534213465,-4.890423957501547,0.6930350065231323,0.0,-0.0,0.0,0.0,0.0,0.0,0.0,0.0,0.0,0.0,0.0,0.0,0
1786496223,508741140,100.0,-1.7200105826007288,-1.7038410345660608,-1.1327255407916468,-4.6177828947650355,-4.890399638806478,0.693058967590332,0.0,-0.0,0.0,0.0,0.0,0.0,0.0,0.0,0.0,0.0,0.0,0.0,0
1786496223,528730154,100.0,-1.7200225035296839,-1.7038167158709925,-1.132761303578512,-4.6177828947650355,-4.890459958706991,0.6929990649223328,0.0,-0.0,0.0,0.0,0.0,0.0,0.0,0.0,0.0,0.0,0.0,0.0,0
1786496223,548768758,100.0,-1.720046345387594,-1.703852955495016,-1.1327136198626917,-4.617722932492391,-4.890435997639791,0.693058967590332,0.0,-0.0,0.0,0.0,0.0,0.0,0.0,0.0,0.0,0.0,0.0,0.0,0
1786496223,569239616,100.0,-1.7200225035296839,-1.7037809530841272,-1.132761303578512,-4.6177348534213465,-4.890399638806478,0.6930110454559326,0.0,-0.0,0.0,0.0,0.0,0.0,0.0,0.0,0.0,0.0,0.0,0.0,0
1786496223,588804006,100.0,-1.720046345387594,-1.7038291136371058,-1.1327016989337366,-4.617746893559591,-4.890387598668234,0.6930110454559326,0.0,-0.0,0.0,0.0,0.0,0.0,0.0,0.0,0.0,0.0,0.0,0.0,0
1786496223,609316825,100.0,-1.7199743429767054,-1.703864876423971,-1.1327255407916468,-4.6177828947650355,-4.890447918568746,0.6930829286575317,0.0,-0.0,0.0,0.0,0.0,0.0,0.0,0.0,0.0,0.0,0.0,0.0,0
1786496223,628911733,100.0,-1.720046345387594,-1.7038291136371058,-1.1327136198626917,-4.617770854626791,-4.890412036572592,0.6930350065231323,0.0,-0.0,0.0,0.0,0.0,0.0,0.0,0.0,0.0,0.0,0.0,0.0,0
1786496223,649162054,100.0,-1.720034424458639,-1.7038291136371058,-1.1327255407916468,-4.617758814488546,-4.890375677739279,0.6930949091911316,0.0,-0.0,0.0,0.0,0.0,0.0,0.0,0.0,0.0,0.0,0.0,0.0,0
1786496223,668793201,100.0,-1.7200105826007288,-1.7038052717791956,-1.1327737013446253,-4.617758814488546,-4.890447918568746,0.6930469870567322,0.0,-0.0,0.0,0.0,0.0,0.0,0.0,0.0,0.0,0.0,0.0,0.0,0
1786496223,688887834,100.0,-1.7200225035296839,-1.703864876423971,-1.132749382649557,-4.6177828947650355,-4.890423957501547,0.6930469870567322,0.0,-0.0,0.0,0.0,0.0,0.0,0.0,0.0,0.0,0.0,0.0,0.0,0
1786496223,708724498,100.0,-1.7199862639056605,-1.703852955495016,-1.1326897780047815,-4.617770854626791,-4.890399638806478,0.6930350065231323,0.0,-0.0,0.0,0.0,0.0,0.0,0.0,0.0,0.0,0.0,0.0,0.0,0
1786496223,729125022,100.0,-1.7200105826007288,-1.7038052717791956,-1.1327255407916468,-4.617770854626791,-4.890471879635946,0.693058967590332,0.0,-0.0,0.0,0.0,0.0,0.0,0.0,0.0,0.0,0.0,0.0,0.0,0
1786496223,748756408,100.0,-1.720046345387594,-1.7038410345660608,-1.132761303578512,-4.617770854626791,-4.890459958706991,0.6930350065231323,0.0,-0.0,0.0,0.0,0.0,0.0,0.0,0.0,0.0,0.0,0.0,0.0,0
1786496223,768915176,100.0,-1.7200701872455042,-1.7038167158709925,-1.1327136198626917,-4.6177828947650355,-4.890423957501547,0.6930110454559326,0.0,-0.0,0.0,0.0,0.0,0.0,0.0,0.0,0.0,0.0,0.0,0.0,0
1786496223,788841962,100.0,-1.7200582663165491,-1.7037928740130823,-1.1327255407916468,-4.6177828947650355,-4.890435997639791,0.6930469870567322,0.0,-0.0,0.0,0.0,0.0,0.0,0.0,0.0,0.0,0.0,0.0,0.0,0
1786496223,809127092,100.0,-1.7199981848346155,-1.7037928740130823,-1.132761303578512,-4.617710892354147,-4.890387598668234,0.6930469870567322,0.0,-0.0,0.0,0.0,0.0,0.0,0.0,0.0,0.0,0.0,0.0,0.0,0
1786496223,828776597,100.0,-1.7200225035296839,-1.7038410345660608,-1.132749382649557,-4.617722932492391,-4.890423957501547,0.6930350065231323,0.0,-0.0,0.0,0.0,0.0,0.0,0.0,0.0,0.0,0.0,0.0,0.0,0
1786496223,849415063,100.0,-1.720046345387594,-1.7037809530841272,-1.1326897780047815,-4.6177828947650355,-4.890399638806478,0.6930469870567322,0.0,-0.0,0.0,0.0,0.0,0.0,0.0,0.0,0.0,0.0,0.0,0.0,0
1786496223,868770122,100.0,-1.7199981848346155,-1.7037928740130823,-1.132761303578512,-4.617758814488546,-4.890435997639791,0.6930110454559326,0.0,-0.0,0.0,0.0,0.0,0.0,0.0,0.0,0.0,0.0,0.0,0.0,0
1786496223,888782262,100.0,-1.7199743429767054,-1.7037928740130823,-1.1326659361468714,-4.617758814488546,-4.890423957501547,0.6930350065231323,0.0,-0.0,0.0,0.0,0.0,0.0,0.0,0.0,0.0,0.0,0.0,0.0,0
1786496223,908835172,100.0,-1.7199981848346155,-1.7038167158709925,-1.132749382649557,-4.617758814488546,-4.890399638806478,0.6930350065231323,0.0,-0.0,0.0,0.0,0.0,0.0,0.0,0.0,0.0,0.0,0.0,0.0,0
1786496223,928791999,100.0,-1.7199862639056605,-1.7037690321551722,-1.1327255407916468,-4.617758814488546,-4.890447918568746,0.6930469870567322,0.0,-0.0,0.0,0.0,0.0,0.0,0.0,0.0,0.0,0.0,0.0,0.0,0
1786496223,948766946,100.0,-1.7199981848346155,-1.7037690321551722,-1.1327255407916468,-4.617770854626791,-4.890399638806478,0.6930230259895325,0.0,-0.0,0.0,0.0,0.0,0.0,0.0,0.0,0.0,0.0,0.0,0.0,0
1786496223,968900442,100.0,-1.7200225035296839,-1.7037928740130823,-1.1327136198626917,-4.617806855832235,-4.890387598668234,0.6930829286575317,0.0,-0.0,0.0,0.0,0.0,0.0,0.0,0.0,0.0,0.0,0.0,0.0,0
1786496223,988833189,100.0,-1.7199743429767054,-1.7038410345660608,-1.1327136198626917,-4.617746893559591,-4.890412036572592,0.6930350065231323,0.0,-0.0,0.0,0.0,0.0,0.0,0.0,0.0,0.0,0.0,0.0,0.0,0
1786496224,8999824,100.0,-1.7200225035296839,-1.7038052717791956,-1.1327374617206019,-4.6177828947650355,-4.890435997639791,0.6930829286575317,0.0,-0.0,0.0,0.0,0.0,0.0,0.0,0.0,0.0,0.0,0.0,0.0,0
1786496224,28831243,100.0,-1.720046345387594,-1.7038410345660608,-1.1327737013446253,-4.617710892354147,-4.890423957501547,0.6930709481239319,0.0,-0.0,0.0,0.0,0.0,0.0,0.0,0.0,0.0,0.0,0.0,0.0,0
1786496224,49371719,100.0,-1.720034424458639,-1.7037809530841272,-1.1326897780047815,-4.617770854626791,-4.890471879635946,0.6930709481239319,0.0,-0.0,0.0,0.0,0.0,0.0,0.0,0.0,0.0,0.0,0.0,0.0,0
1786496224,68735122,100.0,-1.7200701872455042,-1.7037327925311487,-1.1327136198626917,-4.6177828947650355,-4.890435997639791,0.6930469870567322,0.0,-0.0,0.0,0.0,0.0,0.0,0.0,0.0,0.0,0.0,0.0,0.0,0
1786496224,88802099,100.0,-1.7199862639056605,-1.7038410345660608,-1.132761303578512,-4.617758814488546,-4.890399638806478,0.6930469870567322,0.0,-0.0,0.0,0.0,0.0,0.0,0.0,0.0,0.0,0.0,0.0,0.0,0
1786496224,108929395,100.0,-1.7199981848346155,-1.7038052717791956,-1.1327016989337366,-4.617746893559591,-4.890412036572592,0.6929990649223328,0.0,-0.0,0.0,0.0,0.0,0.0,0.0,0.0,0.0,0.0,0.0,0.0,0
1786496224,128903865,100.0,-1.720034424458639,-1.7038410345660608,-1.1327136198626917,-4.617746893559591,-4.890412036572592,0.6930949091911316,0.0,-0.0,0.0,0.0,0.0,0.0,0.0,0.0,0.0,0.0,0.0,0.0,0
1786496224,148912906,100.0,-1.7200105826007288,-1.7038410345660608,-1.1327255407916468,-4.6177948156939905,-4.890412036572592,0.6930350065231323,0.0,-0.0,0.0,0.0,0.0,0.0,0.0,0.0,0.0,0.0,0.0,0.0,0
1786496224,168998479,100.0,-1.7199862639056605,-1.703757111226217,-1.1326897780047815,-4.61781877676119,-4.890447918568746,0.6930469870567322,0.0,-0.0,0.0,0.0,0.0,0.0,0.0,0.0,0.0,0.0,0.0,0.0,0
1786496224,188835620,100.0,-1.720034424458639,-1.7038291136371058,-1.1327374617206019,-4.6177828947650355,-4.890459958706991,0.6930350065231323,0.0,-0.0,0.0,0.0,0.0,0.0,0.0,0.0,0.0,0.0,0.0,0.0,0
1786496224,209011554,100.0,-1.7200225035296839,-1.7037928740130823,-1.1327255407916468,-4.617722932492391,-4.890447918568746,0.6930110454559326,0.0,-0.0,0.0,0.0,0.0,0.0,0.0,0.0,0.0,0.0,0.0,0.0,0
1786496224,228767395,100.0,-1.7200105826007288,-1.7038410345660608,-1.132749382649557,-4.6177828947650355,-4.890423957501547,0.693058967590332,0.0,-0.0,0.0,0.0,0.0,0.0,0.0,0.0,0.0,0.0,0.0,0.0,0
1786496224,249300956,100.0,-1.7199385801898401,-1.7038052717791956,-1.1327136198626917,-4.617746893559591,-4.890399638806478,0.6929990649223328,0.0,-0.0,0.0,0.0,0.0,0.0,0.0,0.0,0.0,0.0,0.0,0.0,0
1786496224,268813371,100.0,-1.7199743429767054,-1.7038410345660608,-1.1327374617206019,-4.6177828947650355,-4.890459958706991,0.6930110454559326,0.0,-0.0,0.0,0.0,0.0,0.0,0.0,0.0,0.0,0.0,0.0,0.0,0
1786496224,288703203,100.0,-1.7199981848346155,-1.7038052717791956,-1.1326897780047815,-4.617770854626791,-4.890435997639791,0.6930350065231323,0.0,-0.0,0.0,0.0,0.0,0.0,0.0,0.0,0.0,0.0,0.0,0.0,0
1786496224,308676958,100.0,-1.720046345387594,-1.7038291136371058,-1.132749382649557,-4.6177948156939905,-4.890459958706991,0.693058967590332,0.0,-0.0,0.0,0.0,0.0,0.0,0.0,0.0,0.0,0.0,0.0,0.0,0
1786496224,328978776,100.0,-1.720046345387594,-1.703852955495016,-1.132749382649557,-4.617722932492391,-4.890447918568746,0.6930350065231323,0.0,-0.0,0.0,0.0,0.0,0.0,0.0,0.0,0.0,0.0,0.0,0.0,0
1786496224,348796844,100.0,-1.7199624220477503,-1.703852955495016,-1.1327255407916468,-4.6177828947650355,-4.890447918568746,0.6930469870567322,0.0,-0.0,0.0,0.0,0.0,0.0,0.0,0.0,0.0,0.0,0.0,0.0,0
1786496224,369043111,100.0,-1.7200701872455042,-1.7038167158709925,-1.1327136198626917,-4.6177828947650355,-4.890459958706991,0.693058967590332,0.0,-0.0,0.0,0.0,0.0,0.0,0.0,0.0,0.0,0.0,0.0,0.0,0
1786496224,388778924,100.0,-1.7199981848346155,-1.703864876423971,-1.1327374617206019,-4.617770854626791,-4.890399638806478,0.6930469870567322,0.0,-0.0,0.0,0.0,0.0,0.0,0.0,0.0,0.0,0.0,0.0,0.0,0
1786496224,409303188,100.0,-1.7200225035296839,-1.7038291136371058,-1.1327255407916468,-4.6177828947650355,-4.890459958706991,0.6930350065231323,0.0,-0.0,0.0,0.0,0.0,0.0,0.0,0.0,0.0,0.0,0.0,0.0,0
1786496224,428801059,100.0,-1.720046345387594,-1.703757111226217,-1.1327016989337366,-4.617746893559591,-4.890423957501547,0.6930350065231323,0.0,-0.0,0.0,0.0,0.0,0.0,0.0,0.0,0.0,0.0,0.0,0.0,0
1786496224,449252367,100.0,-1.7200225035296839,-1.703852955495016,-1.132749382649557,-4.6177948156939905,-4.890399638806478,0.6930829286575317,0.0,-0.0,0.0,0.0,0.0,0.0,0.0,0.0,0.0,0.0,0.0,0.0,0
1786496224,468752622,100.0,-1.7200582663165491,-1.7037928740130823,-1.1327255407916468,-4.617806855832235,-4.890387598668234,0.6930709481239319,0.0,-0.0,0.0,0.0,0.0,0.0,0.0,0.0,0.0,0.0,0.0,0.0,0
1786496224,489145755,100.0,-1.720046345387594,-1.7038410345660608,-1.1327016989337366,-4.617746893559591,-4.890447918568746,0.6930469870567322,0.0,-0.0,0.0,0.0,0.0,0.0,0.0,0.0,0.0,0.0,0.0,0.0,0
1786496224,508809804,100.0,-1.720034424458639,-1.7038291136371058,-1.1327255407916468,-4.6177348534213465,-4.890399638806478,0.693058967590332,0.0,-0.0,0.0,0.0,0.0,0.0,0.0,0.0,0.0,0.0,0.0,0.0,0
1786496224,529138088,100.0,-1.7200105826007288,-1.7038052717791956,-1.132749382649557,-4.6177348534213465,-4.890435997639791,0.6930469870567322,0.0,-0.0,0.0,0.0,0.0,0.0,0.0,0.0,0.0,0.0,0.0,0.0,0
1786496224,548825263,100.0,-1.720046345387594,-1.703852955495016,-1.1327255407916468,-4.617758814488546,-4.890387598668234,0.693058967590332,0.0,-0.0,0.0,0.0,0.0,0.0,0.0,0.0,0.0,0.0,0.0,0.0,0
1786496224,569113969,100.0,-1.7200225035296839,-1.7038167158709925,-1.1327136198626917,-4.617758814488546,-4.890423957501547,0.693058967590332,0.0,-0.0,0.0,0.0,0.0,0.0,0.0,0.0,0.0,0.0,0.0,0.0,0
1786496224,588766574,100.0,-1.7199862639056605,-1.7038052717791956,-1.1327737013446253,-4.617746893559591,-4.890399638806478,0.6929990649223328,0.0,-0.0,0.0,0.0,0.0,0.0,0.0,0.0,0.0,0.0,0.0,0.0,0
1786496224,608754396,100.0,-1.7199981848346155,-1.7038052717791956,-1.1327136198626917,-4.617770854626791,-4.890447918568746,0.693058967590332,0.0,-0.0,0.0,0.0,0.0,0.0,0.0,0.0,0.0,0.0,0.0,0.0,0
1786496224,628840208,100.0,-1.720034424458639,-1.7037928740130823,-1.1327374617206019,-4.617746893559591,-4.890447918568746,0.693058967590332,0.0,-0.0,0.0,0.0,0.0,0.0,0.0,0.0,0.0,0.0,0.0,0.0,0
1786496224,648936510,100.0,-1.7199981848346155,-1.703757111226217,-1.132749382649557,-4.617770854626791,-4.890447918568746,0.6930469870567322,0.0,-0.0,0.0,0.0,0.0,0.0,0.0,0.0,0.0,0.0,0.0,0.0,0
1786496224,668808698,100.0,-1.7199981848346155,-1.7037809530841272,-1.132749382649557,-4.617770854626791,-4.890459958706991,0.693058967590332,0.0,-0.0,0.0,0.0,0.0,0.0,0.0,0.0,0.0,0.0,0.0,0.0,0
1786496224,689001560,100.0,-1.720034424458639,-1.7037690321551722,-1.1327255407916468,-4.617770854626791,-4.890412036572592,0.6930110454559326,0.0,-0.0,0.0,0.0,0.0,0.0,0.0,0.0,0.0,0.0,0.0,0.0,0
1786496224,708803653,100.0,-1.7200225035296839,-1.7037928740130823,-1.1327255407916468,-4.6177348534213465,-4.890375677739279,0.6930350065231323,0.0,-0.0,0.0,0.0,0.0,0.0,0.0,0.0,0.0,0.0,0.0,0.0,0
1786496224,728995800,100.0,-1.7199981848346155,-1.7037928740130823,-1.1327255407916468,-4.6177828947650355,-4.890412036572592,0.6929990649223328,0.0,-0.0,0.0,0.0,0.0,0.0,0.0,0.0,0.0,0.0,0.0,0.0,0
1786496224,748823404,100.0,-1.720034424458639,-1.7037928740130823,-1.1327255407916468,-4.617770854626791,-4.890423957501547,0.6930949091911316,0.0,-0.0,0.0,0.0,0.0,0.0,0.0,0.0,0.0,0.0,0.0,0.0,0
1786496224,768857717,100.0,-1.7200105826007288,-1.703876797352926,-1.132749382649557,-4.617746893559591,-4.890375677739279,0.693058967590332,0.0,-0.0,0.0,0.0,0.0,0.0,0.0,0.0,0.0,0.0,0.0,0.0,0
1786496224,788826465,100.0,-1.7199862639056605,-1.7038052717791956,-1.1327016989337366,-4.6177828947650355,-4.890459958706991,0.6930110454559326,0.0,-0.0,0.0,0.0,0.0,0.0,0.0,0.0,0.0,0.0,0.0,0.0,0
1786496224,809275865,100.0,-1.720046345387594,-1.7038410345660608,-1.1327374617206019,-4.617758814488546,-4.890471879635946,0.6930350065231323,0.0,-0.0,0.0,0.0,0.0,0.0,0.0,0.0,0.0,0.0,0.0,0.0,0
1786496224,828767538,100.0,-1.7199981848346155,-1.7038167158709925,-1.1327016989337366,-4.6177828947650355,-4.890387598668234,0.6930709481239319,0.0,-0.0,0.0,0.0,0.0,0.0,0.0,0.0,0.0,0.0,0.0,0.0,0
1786496224,849056482,100.0,-1.720046345387594,-1.7038052717791956,-1.1327136198626917,-4.617770854626791,-4.890471879635946,0.693058967590332,0.0,-0.0,0.0,0.0,0.0,0.0,0.0,0.0,0.0,0.0,0.0,0.0,0
1786496224,868758201,100.0,-1.7199862639056605,-1.7038291136371058,-1.1327136198626917,-4.617770854626791,-4.890435997639791,0.693058967590332,0.0,-0.0,0.0,0.0,0.0,0.0,0.0,0.0,0.0,0.0,0.0,0.0,0
1786496224,888920783,100.0,-1.7199862639056605,-1.7038167158709925,-1.1327136198626917,-4.617758814488546,-4.890447918568746,0.693058967590332,0.0,-0.0,0.0,0.0,0.0,0.0,0.0,0.0,0.0,0.0,0.0,0.0,0
1786496224,908794641,100.0,-1.7200105826007288,-1.7038410345660608,-1.1327016989337366,-4.617758814488546,-4.890399638806478,0.6930949091911316,0.0,-0.0,0.0,0.0,0.0,0.0,0.0,0.0,0.0,0.0,0.0,0.0,0
1786496224,928718566,100.0,-1.720046345387594,-1.7038052717791956,-1.1327374617206019,-4.6177948156939905,-4.890435997639791,0.6930949091911316,0.0,-0.0,0.0,0.0,0.0,0.0,0.0,0.0,0.0,0.0,0.0,0.0,0
1786496224,948798179,100.0,-1.720034424458639,-1.7037690321551722,-1.1327255407916468,-4.6177948156939905,-4.890459958706991,0.6930350065231323,0.0,-0.0,0.0,0.0,0.0,0.0,0.0,0.0,0.0,0.0,0.0,0.0,0
1786496224,968914031,100.0,-1.7199862639056605,-1.7038167158709925,-1.1327255407916468,-4.617722932492391,-4.890435997639791,0.693058967590332,0.0,-0.0,0.0,0.0,0.0,0.0,0.0,0.0,0.0,0.0,0.0,0.0,0
1786496224,988764524,100.0,-1.7200225035296839,-1.7037809530841272,-1.1327374617206019,-4.617770854626791,-4.890435997639791,0.6930709481239319,0.0,-0.0,0.0,0.0,0.0,0.0,0.0,0.0,0.0,0.0,0.0,0.0,0
1786496225,9268999,100.0,-1.7200225035296839,-1.703864876423971,-1.1327136198626917,-4.617758814488546,-4.890387598668234,0.6931068897247314,0.0,-0.0,0.0,0.0,0.0,0.0,0.0,0.0,0.0,0.0,0.0,0.0,0
1786496225,28848409,100.0,-1.7199862639056605,-1.7038052717791956,-1.132749382649557,-4.617806855832235,-4.890399638806478,0.6929990649223328,0.0,-0.0,0.0,0.0,0.0,0.0,0.0,0.0,0.0,0.0,0.0,0.0,0
1786496225,49063682,100.0,-1.7200225035296839,-1.7037809530841272,-1.1327255407916468,-4.617806855832235,-4.890423957501547,0.6930949091911316,0.0,-0.0,0.0,0.0,0.0,0.0,0.0,0.0,0.0,0.0,0.0,0.0,0
1786496225,68737268,100.0,-1.7200701872455042,-1.703852955495016,-1.1327255407916468,-4.617758814488546,-4.890435997639791,0.6930230259895325,0.0,-0.0,0.0,0.0,0.0,0.0,0.0,0.0,0.0,0.0,0.0,0.0,0
1786496225,88684797,100.0,-1.7199981848346155,-1.7038052717791956,-1.1326897780047815,-4.617770854626791,-4.890423957501547,0.6930469870567322,0.0,-0.0,0.0,0.0,0.0,0.0,0.0,0.0,0.0,0.0,0.0,0.0,0
1786496225,108841896,100.0,-1.7199862639056605,-1.7037690321551722,-1.1327016989337366,-4.617758814488546,-4.890399638806478,0.6930469870567322,0.0,-0.0,0.0,0.0,0.0,0.0,0.0,0.0,0.0,0.0,0.0,0.0,0
1786496225,128666162,100.0,-1.7199981848346155,-1.7038167158709925,-1.132749382649557,-4.617746893559591,-4.890447918568746,0.6930350065231323,0.0,-0.0,0.0,0.0,0.0,0.0,0.0,0.0,0.0,0.0,0.0,0.0,0
1786496225,148836135,100.0,-1.7200105826007288,-1.703852955495016,-1.1327255407916468,-4.617722932492391,-4.890423957501547,0.6930709481239319,0.0,-0.0,0.0,0.0,0.0,0.0,0.0,0.0,0.0,0.0,0.0,0.0,0
1786496225,168920993,100.0,-1.7200701872455042,-1.7038052717791956,-1.1327255407916468,-4.6177948156939905,-4.890435997639791,0.693058967590332,0.0,-0.0,0.0,0.0,0.0,0.0,0.0,0.0,0.0,0.0,0.0,0.0,0
1786496225,188833951,100.0,-1.720034424458639,-1.7037809530841272,-1.1327016989337366,-4.617758814488546,-4.890459958706991,0.6930350065231323,0.0,-0.0,0.0,0.0,0.0,0.0,0.0,0.0,0.0,0.0,0.0,0.0,0
1786496225,208856821,100.0,-1.7200225035296839,-1.7038291136371058,-1.1327737013446253,-4.617746893559591,-4.890435997639791,0.6930709481239319,0.0,-0.0,0.0,0.0,0.0,0.0,0.0,0.0,0.0,0.0,0.0,0.0,0
1786496225,228699684,100.0,-1.7199862639056605,-1.703864876423971,-1.1327374617206019,-4.6177348534213465,-4.890399638806478,0.6929990649223328,0.0,-0.0,0.0,0.0,0.0,0.0,0.0,0.0,0.0,0.0,0.0,0.0,0
1786496225,248995065,100.0,-1.7200225035296839,-1.703864876423971,-1.1327374617206019,-4.6177348534213465,-4.890447918568746,0.6929990649223328,0.0,-0.0,0.0,0.0,0.0,0.0,0.0,0.0,0.0,0.0,0.0,0.0,0
1786496225,268901824,100.0,-1.720034424458639,-1.7037809530841272,-1.1327016989337366,-4.617770854626791,-4.890435997639791,0.6930230259895325,0.0,-0.0,0.0,0.0,0.0,0.0,0.0,0.0,0.0,0.0,0.0,0.0,0
1786496225,288632154,100.0,-1.7200225035296839,-1.7038052717791956,-1.1327255407916468,-4.617770854626791,-4.890447918568746,0.6930469870567322,0.0,-0.0,0.0,0.0,0.0,0.0,0.0,0.0,0.0,0.0,0.0,0.0,0
1786496225,308790922,100.0,-1.720046345387594,-1.7038291136371058,-1.1327737013446253,-4.617806855832235,-4.890435997639791,0.6930469870567322,0.0,-0.0,0.0,0.0,0.0,0.0,0.0,0.0,0.0,0.0,0.0,0.0,0
1786496225,328936338,100.0,-1.7199981848346155,-1.7037928740130823,-1.132749382649557,-4.6177348534213465,-4.890423957501547,0.6929990649223328,0.0,-0.0,0.0,0.0,0.0,0.0,0.0,0.0,0.0,0.0,0.0,0.0,0
1786496225,348806381,100.0,-1.7200225035296839,-1.703852955495016,-1.1327856222735804,-4.617710892354147,-4.890435997639791,0.693058967590332,0.0,-0.0,0.0,0.0,0.0,0.0,0.0,0.0,0.0,0.0,0.0,0.0,0
1786496225,369469165,100.0,-1.720034424458639,-1.7038167158709925,-1.132749382649557,-4.6177348534213465,-4.890471879635946,0.693058967590332,0.0,-0.0,0.0,0.0,0.0,0.0,0.0,0.0,0.0,0.0,0.0,0.0,0
1786496225,389055728,100.0,-1.7200105826007288,-1.7037928740130823,-1.132749382649557,-4.617722932492391,-4.890412036572592,0.6930230259895325,0.0,-0.0,0.0,0.0,0.0,0.0,0.0,0.0,0.0,0.0,0.0,0.0,0
1786496225,409115076,100.0,-1.720046345387594,-1.7038291136371058,-1.1327374617206019,-4.617710892354147,-4.890447918568746,0.6930230259895325,0.0,-0.0,0.0,0.0,0.0,0.0,0.0,0.0,0.0,0.0,0.0,0.0,0
1786496225,428735017,100.0,-1.7200582663165491,-1.7038052717791956,-1.1327016989337366,-4.617758814488546,-4.890459958706991,0.6930829286575317,0.0,-0.0,0.0,0.0,0.0,0.0,0.0,0.0,0.0,0.0,0.0,0.0,0
1786496225,449028491,100.0,-1.7200582663165491,-1.7037928740130823,-1.132749382649557,-4.6177948156939905,-4.890423957501547,0.6930709481239319,0.0,-0.0,0.0,0.0,0.0,0.0,0.0,0.0,0.0,0.0,0.0,0.0,0
1786496225,468789339,100.0,-1.7200225035296839,-1.703864876423971,-1.1327374617206019,-4.617710892354147,-4.890412036572592,0.6930350065231323,0.0,-0.0,0.0,0.0,0.0,0.0,0.0,0.0,0.0,0.0,0.0,0.0,0
1786496225,488874435,100.0,-1.7200701872455042,-1.7037809530841272,-1.132749382649557,-4.617722932492391,-4.890435997639791,0.6930230259895325,0.0,-0.0,0.0,0.0,0.0,0.0,0.0,0.0,0.0,0.0,0.0,0.0,0
1786496225,508843421,100.0,-1.7199862639056605,-1.7038052717791956,-1.1327856222735804,-4.617830816899435,-4.890412036572592,0.693058967590332,0.0,-0.0,0.0,0.0,0.0,0.0,0.0,0.0,0.0,0.0,0.0,0.0,0
1786496225,528974294,100.0,-1.7200225035296839,-1.7038291136371058,-1.1327136198626917,-4.617770854626791,-4.890423957501547,0.6930469870567322,0.0,-0.0,0.0,0.0,0.0,0.0,0.0,0.0,0.0,0.0,0.0,0.0,0
1786496225,548794031,100.0,-1.720046345387594,-1.7037690321551722,-1.132761303578512,-4.617806855832235,-4.890447918568746,0.693058967590332,0.0,-0.0,0.0,0.0,0.0,0.0,0.0,0.0,0.0,0.0,0.0,0.0,0
1786496225,569097280,100.0,-1.7199981848346155,-1.703852955495016,-1.1327136198626917,-4.6177348534213465,-4.890399638806478,0.693058967590332,0.0,-0.0,0.0,0.0,0.0,0.0,0.0,0.0,0.0,0.0,0.0,0.0,0
1786496225,588806390,100.0,-1.720034424458639,-1.7037809530841272,-1.132761303578512,-4.617746893559591,-4.890435997639791,0.6930350065231323,0.0,-0.0,0.0,0.0,0.0,0.0,0.0,0.0,0.0,0.0,0.0,0.0,0
1786496225,608819961,100.0,-1.7200582663165491,-1.7038291136371058,-1.1327255407916468,-4.617722932492391,-4.890435997639791,0.6930469870567322,0.0,-0.0,0.0,0.0,0.0,0.0,0.0,0.0,0.0,0.0,0.0,0.0,0
1786496225,628736019,100.0,-1.7200225035296839,-1.7038167158709925,-1.132749382649557,-4.617758814488546,-4.890435997639791,0.6930469870567322,0.0,-0.0,0.0,0.0,0.0,0.0,0.0,0.0,0.0,0.0,0.0,0.0,0
1786496225,649259805,100.0,-1.7199743429767054,-1.7038052717791956,-1.132749382649557,-4.617758814488546,-4.890435997639791,0.6930469870567322,0.0,-0.0,0.0,0.0,0.0,0.0,0.0,0.0,0.0,0.0,0.0,0.0,0
1786496225,668799638,100.0,-1.7200701872455042,-1.703757111226217,-1.1326897780047815,-4.617770854626791,-4.890399638806478,0.6930469870567322,0.0,-0.0,0.0,0.0,0.0,0.0,0.0,0.0,0.0,0.0,0.0,0.0,0
1786496225,688821554,100.0,-1.7200105826007288,-1.7038291136371058,-1.1327016989337366,-4.617770854626791,-4.890447918568746,0.6930230259895325,0.0,-0.0,0.0,0.0,0.0,0.0,0.0,0.0,0.0,0.0,0.0,0.0,0
1786496225,708860158,100.0,-1.7200105826007288,-1.7038052717791956,-1.1326659361468714,-4.617746893559591,-4.890447918568746,0.6930230259895325,0.0,-0.0,0.0,0.0,0.0,0.0,0.0,0.0,0.0,0.0,0.0,0.0,0
1786496225,728763103,100.0,-1.7200225035296839,-1.7037809530841272,-1.132749382649557,-4.6177948156939905,-4.890399638806478,0.6930469870567322,0.0,-0.0,0.0,0.0,0.0,0.0,0.0,0.0,0.0,0.0,0.0,0.0,0
1786496225,748906850,100.0,-1.7199981848346155,-1.7038052717791956,-1.1327136198626917,-4.6177348534213465,-4.890435997639791,0.6930469870567322,0.0,-0.0,0.0,0.0,0.0,0.0,0.0,0.0,0.0,0.0,0.0,0.0,0
1786496225,769060134,100.0,-1.7200225035296839,-1.7038167158709925,-1.132749382649557,-4.6177948156939905,-4.890447918568746,0.6930709481239319,0.0,-0.0,0.0,0.0,0.0,0.0,0.0,0.0,0.0,0.0,0.0,0.0,0
1786496225,788794040,100.0,-1.7199862639056605,-1.7038052717791956,-1.132749382649557,-4.6177348534213465,-4.890412036572592,0.6930709481239319,0.0,-0.0,0.0,0.0,0.0,0.0,0.0,0.0,0.0,0.0,0.0,0.0,0
1786496225,808742046,100.0,-1.7199743429767054,-1.7038052717791956,-1.1327016989337366,-4.6177828947650355,-4.890412036572592,0.693058967590332,0.0,-0.0,0.0,0.0,0.0,0.0,0.0,0.0,0.0,0.0,0.0,0.0,0
1786496225,828737735,100.0,-1.7200105826007288,-1.7038410345660608,-1.1327136198626917,-4.6177348534213465,-4.890387598668234,0.6930469870567322,0.0,-0.0,0.0,0.0,0.0,0.0,0.0,0.0,0.0,0.0,0.0,0.0,0
1786496225,849263668,100.0,-1.7199862639056605,-1.7038167158709925,-1.1327737013446253,-4.617758814488546,-4.890423957501547,0.6930350065231323,0.0,-0.0,0.0,0.0,0.0,0.0,0.0,0.0,0.0,0.0,0.0,0.0,0
1786496225,868844985,100.0,-1.7200225035296839,-1.7038167158709925,-1.132749382649557,-4.6177348534213465,-4.890423957501547,0.6930829286575317,0.0,-0.0,0.0,0.0,0.0,0.0,0.0,0.0,0.0,0.0,0.0,0.0,0
1786496225,888603687,100.0,-1.7200225035296839,-1.703864876423971,-1.1327136198626917,-4.6177828947650355,-4.890399638806478,0.6930350065231323,0.0,-0.0,0.0,0.0,0.0,0.0,0.0,0.0,0.0,0.0,0.0,0.0,0
1786496225,908836841,100.0,-1.720046345387594,-1.7038052717791956,-1.1327255407916468,-4.617770854626791,-4.890435997639791,0.6930469870567322,0.0,-0.0,0.0,0.0,0.0,0.0,0.0,0.0,0.0,0.0,0.0,0.0,0
1786496225,929156303,100.0,-1.7199981848346155,-1.7038291136371058,-1.1326897780047815,-4.6177348534213465,-4.890459958706991,0.6930469870567322,0.0,-0.0,0.0,0.0,0.0,0.0,0.0,0.0,0.0,0.0,0.0,0.0,0
1786496225,948760271,100.0,-1.720034424458639,-1.7037809530841272,-1.1327856222735804,-4.617806855832235,-4.890447918568746,0.6930230259895325,0.0,-0.0,0.0,0.0,0.0,0.0,0.0,0.0,0.0,0.0,0.0,0.0,0
1786496225,968740701,100.0,-1.7200105826007288,-1.7038167158709925,-1.1327374617206019,-4.617770854626791,-4.890412036572592,0.693058967590332,0.0,-0.0,0.0,0.0,0.0,0.0,0.0,0.0,0.0,0.0,0.0,0.0,0
1786496225,988775253,100.0,-1.720034424458639,-1.7037809530841272,-1.1327255407916468,-4.617806855832235,-4.890435997639791,0.6929990649223328,0.0,-0.0,0.0,0.0,0.0,0.0,0.0,0.0,0.0,0.0,0.0,0.0,0
1786496226,9002923,100.0,-1.7200105826007288,-1.7038167158709925,-1.132749382649557,-4.617758814488546,-4.890423957501547,0.693058967590332,0.0,-0.0,0.0,0.0,0.0,0.0,0.0,0.0,0.0,0.0,0.0,0.0,0
1786496226,28780937,100.0,-1.7200105826007288,-1.7037928740130823,-1.132761303578512,-4.6177948156939905,-4.890399638806478,0.6930829286575317,0.0,-0.0,0.0,0.0,0.0,0.0,0.0,0.0,0.0,0.0,0.0,0.0,0
1786496226,48849105,100.0,-1.720034424458639,-1.7038052717791956,-1.1326897780047815,-4.6177828947650355,-4.890447918568746,0.6930110454559326,0.0,-0.0,0.0,0.0,0.0,0.0,0.0,0.0,0.0,0.0,0.0,0.0,0
1786496226,68863391,100.0,-1.7200701872455042,-1.7038291136371058,-1.132749382649557,-4.617770854626791,-4.890483919774191,0.6930829286575317,0.0,-0.0,0.0,0.0,0.0,0.0,0.0,0.0,0.0,0.0,0.0,0.0,0
1786496226,89264154,100.0,-1.7200105826007288,-1.703757111226217,-1.1327737013446253,-4.6177348534213465,-4.890423957501547,0.6929870843887329,0.0,-0.0,0.0,0.0,0.0,0.0,0.0,0.0,0.0,0.0,0.0,0.0,0
1786496226,108787775,100.0,-1.7200105826007288,-1.703864876423971,-1.1326897780047815,-4.617758814488546,-4.890447918568746,0.6930230259895325,0.0,-0.0,0.0,0.0,0.0,0.0,0.0,0.0,0.0,0.0,0.0,0.0,0
1786496226,129344701,100.0,-1.7200582663165491,-1.7038052717791956,-1.1327255407916468,-4.617770854626791,-4.890412036572592,0.6930709481239319,0.0,-0.0,0.0,0.0,0.0,0.0,0.0,0.0,0.0,0.0,0.0,0.0,0
1786496226,148755311,100.0,-1.7200225035296839,-1.7038052717791956,-1.1327255407916468,-4.617758814488546,-4.890399638806478,0.6929990649223328,0.0,-0.0,0.0,0.0,0.0,0.0,0.0,0.0,0.0,0.0,0.0,0.0,0
1786496226,169007301,100.0,-1.7200225035296839,-1.703852955495016,-1.1327374617206019,-4.6177348534213465,-4.890399638806478,0.6930230259895325,0.0,-0.0,0.0,0.0,0.0,0.0,0.0,0.0,0.0,0.0,0.0,0.0,0
1786496226,188718080,100.0,-1.720046345387594,-1.7038052717791956,-1.1327136198626917,-4.617758814488546,-4.890447918568746,0.6929631233215332,0.0,-0.0,0.0,0.0,0.0,0.0,0.0,0.0,0.0,0.0,0.0,0.0,0
1786496226,208966732,100.0,-1.7200582663165491,-1.7037809530841272,-1.1327374617206019,-4.617770854626791,-4.890435997639791,0.6930469870567322,0.0,-0.0,0.0,0.0,0.0,0.0,0.0,0.0,0.0,0.0,0.0,0.0,0
1786496226,228792428,100.0,-1.7199981848346155,-1.7038167158709925,-1.1327737013446253,-4.6177348534213465,-4.890399638806478,0.6930230259895325,0.0,-0.0,0.0,0.0,0.0,0.0,0.0,0.0,0.0,0.0,0.0,0.0,0
1786496226,248992919,100.0,-1.7199981848346155,-1.7037928740130823,-1.132749382649557,-4.617686931286947,-4.890447918568746,0.6930230259895325,0.0,-0.0,0.0,0.0,0.0,0.0,0.0,0.0,0.0,0.0,0.0,0.0,0
1786496226,268759727,100.0,-1.7200225035296839,-1.7038052717791956,-1.132749382649557,-4.617746893559591,-4.890447918568746,0.6930709481239319,0.0,-0.0,0.0,0.0,0.0,0.0,0.0,0.0,0.0,0.0,0.0,0.0,0
1786496226,289061069,100.0,-1.720046345387594,-1.7038410345660608,-1.1327136198626917,-4.6177948156939905,-4.890435997639791,0.693058967590332,0.0,-0.0,0.0,0.0,0.0,0.0,0.0,0.0,0.0,0.0,0.0,0.0,0
1786496226,308757781,100.0,-1.7200105826007288,-1.7037809530841272,-1.1327016989337366,-4.6177828947650355,-4.890423957501547,0.6930230259895325,0.0,-0.0,0.0,0.0,0.0,0.0,0.0,0.0,0.0,0.0,0.0,0.0,0
1786496226,328969240,100.0,-1.720046345387594,-1.7038052717791956,-1.1326659361468714,-4.6177948156939905,-4.890423957501547,0.693058967590332,0.0,-0.0,0.0,0.0,0.0,0.0,0.0,0.0,0.0,0.0,0.0,0.0,0
1786496226,348769426,100.0,-1.720046345387594,-1.7038410345660608,-1.1327255407916468,-4.617770854626791,-4.890447918568746,0.6930949091911316,0.0,-0.0,0.0,0.0,0.0,0.0,0.0,0.0,0.0,0.0,0.0,0.0,0
1786496226,368857383,100.0,-1.7199981848346155,-1.7038052717791956,-1.1327255407916468,-4.617770854626791,-4.890423957501547,0.6930469870567322,0.0,-0.0,0.0,0.0,0.0,0.0,0.0,0.0,0.0,0.0,0.0,0.0,0
1786496226,388791561,100.0,-1.720034424458639,-1.7038167158709925,-1.1327856222735804,-4.617770854626791,-4.890423957501547,0.6930350065231323,0.0,-0.0,0.0,0.0,0.0,0.0,0.0,0.0,0.0,0.0,0.0,0.0,0
1786496226,408797025,100.0,-1.7199981848346155,-1.7037327925311487,-1.1327136198626917,-4.617770854626791,-4.890399638806478,0.6929990649223328,0.0,-0.0,0.0,0.0,0.0,0.0,0.0,0.0,0.0,0.0,0.0,0.0,0
1786496226,428839921,100.0,-1.7200225035296839,-1.7038410345660608,-1.1327136198626917,-4.617770854626791,-4.890423957501547,0.6931189298629761,0.0,-0.0,0.0,0.0,0.0,0.0,0.0,0.0,0.0,0.0,0.0,0.0,0
1786496226,449124097,100.0,-1.720046345387594,-1.7037690321551722,-1.1327374617206019,-4.6177828947650355,-4.890459958706991,0.6930110454559326,0.0,-0.0,0.0,0.0,0.0,0.0,0.0,0.0,0.0,0.0,0.0,0.0,0
1786496226,468713283,100.0,-1.720034424458639,-1.7038167158709925,-1.1327374617206019,-4.6177948156939905,-4.890399638806478,0.6930350065231323,0.0,-0.0,0.0,0.0,0.0,0.0,0.0,0.0,0.0,0.0,0.0,0.0,0
1786496226,489467620,100.0,-1.7200105826007288,-1.7038167158709925,-1.132749382649557,-4.617758814488546,-4.890412036572592,0.6930469870567322,0.0,-0.0,0.0,0.0,0.0,0.0,0.0,0.0,0.0,0.0,0.0,0.0,0
1786496226,508755922,100.0,-1.720034424458639,-1.7038410345660608,-1.1326773802386683,-4.617770854626791,-4.890399638806478,0.6930230259895325,0.0,-0.0,0.0,0.0,0.0,0.0,0.0,0.0,0.0,0.0,0.0,0.0,0
1786496226,528979301,100.0,-1.7199862639056605,-1.7038167158709925,-1.1327856222735804,-4.617722932492391,-4.890387598668234,0.6930110454559326,0.0,-0.0,0.0,0.0,0.0,0.0,0.0,0.0,0.0,0.0,0.0,0.0,0
1786496226,548758268,100.0,-1.7199624220477503,-1.7038410345660608,-1.132749382649557,-4.617758814488546,-4.890387598668234,0.6930709481239319,0.0,-0.0,0.0,0.0,0.0,0.0,0.0,0.0,0.0,0.0,0.0,0.0,0
1786496226,568732976,100.0,-1.7199624220477503,-1.7037690321551722,-1.132749382649557,-4.617722932492391,-4.890459958706991,0.6930469870567322,0.0,-0.0,0.0,0.0,0.0,0.0,0.0,0.0,0.0,0.0,0.0,0.0,0
1786496226,588856220,100.0,-1.720034424458639,-1.7037809530841272,-1.1327255407916468,-4.617746893559591,-4.890399638806478,0.6930230259895325,0.0,-0.0,0.0,0.0,0.0,0.0,0.0,0.0,0.0,0.0,0.0,0.0,0
1786496226,609050989,100.0,-1.7200105826007288,-1.7038052717791956,-1.132761303578512,-4.617722932492391,-4.890471879635946,0.6930110454559326,0.0,-0.0,0.0,0.0,0.0,0.0,0.0,0.0,0.0,0.0,0.0,0.0,0
1786496226,628797292,100.0,-1.720034424458639,-1.7038052717791956,-1.1327016989337366,-4.6177348534213465,-4.890423957501547,0.6930350065231323,0.0,-0.0,0.0,0.0,0.0,0.0,0.0,0.0,0.0,0.0,0.0,0.0,0
1786496226,649754524,100.0,-1.7200105826007288,-1.7038167158709925,-1.1327374617206019,-4.617758814488546,-4.890423957501547,0.693058967590332,0.0,-0.0,0.0,0.0,0.0,0.0,0.0,0.0,0.0,0.0,0.0,0.0,0
1786496226,668746948,100.0,-1.7200105826007288,-1.7037928740130823,-1.132761303578512,-4.617806855832235,-4.890412036572592,0.6930469870567322,0.0,-0.0,0.0,0.0,0.0,0.0,0.0,0.0,0.0,0.0,0.0,0.0,0
1786496226,689133167,100.0,-1.7200105826007288,-1.7038410345660608,-1.132761303578512,-4.6177948156939905,-4.890447918568746,0.6930829286575317,0.0,-0.0,0.0,0.0,0.0,0.0,0.0,0.0,0.0,0.0,0.0,0.0,0
1786496226,708701372,100.0,-1.7200105826007288,-1.7038167158709925,-1.132749382649557,-4.6177348534213465,-4.890447918568746,0.6930709481239319,0.0,-0.0,0.0,0.0,0.0,0.0,0.0,0.0,0.0,0.0,0.0,0.0,0
1786496226,729211091,100.0,-1.7200105826007288,-1.7038291136371058,-1.132749382649557,-4.617758814488546,-4.890399638806478,0.6930469870567322,0.0,-0.0,0.0,0.0,0.0,0.0,0.0,0.0,0.0,0.0,0.0,0.0,0
1786496226,748759508,100.0,-1.7199743429767054,-1.7037928740130823,-1.1326897780047815,-4.6177948156939905,-4.890399638806478,0.6930110454559326,0.0,-0.0,0.0,0.0,0.0,0.0,0.0,0.0,0.0,0.0,0.0,0.0,0
1786496226,768942117,100.0,-1.7200701872455042,-1.703757111226217,-1.132761303578512,-4.617746893559591,-4.890435997639791,0.6930230259895325,0.0,-0.0,0.0,0.0,0.0,0.0,0.0,0.0,0.0,0.0,0.0,0.0,0
1786496226,788833379,100.0,-1.720034424458639,-1.7038167158709925,-1.1327255407916468,-4.617758814488546,-4.890399638806478,0.6930110454559326,0.0,-0.0,0.0,0.0,0.0,0.0,0.0,0.0,0.0,0.0,0.0,0.0,0
1786496226,808759450,100.0,-1.7200105826007288,-1.7038167158709925,-1.1327255407916468,-4.617806855832235,-4.890447918568746,0.6930230259895325,0.0,-0.0,0.0,0.0,0.0,0.0,0.0,0.0,0.0,0.0,0.0,0.0,0
1786496226,828832626,100.0,-1.720046345387594,-1.7038410345660608,-1.132761303578512,-4.6177948156939905,-4.890423957501547,0.6930350065231323,0.0,-0.0,0.0,0.0,0.0,0.0,0.0,0.0,0.0,0.0,0.0,0.0,0
1786496226,849260807,100.0,-1.7200225035296839,-1.7038167158709925,-1.132749382649557,-4.617770854626791,-4.890399638806478,0.6930350065231323,0.0,-0.0,0.0,0.0,0.0,0.0,0.0,0.0,0.0,0.0,0.0,0.0,0
1786496226,868748426,100.0,-1.7200105826007288,-1.7038167158709925,-1.1327374617206019,-4.6177948156939905,-4.890423957501547,0.6930230259895325,0.0,-0.0,0.0,0.0,0.0,0.0,0.0,0.0,0.0,0.0,0.0,0.0,0
1786496226,888742446,100.0,-1.7199981848346155,-1.7038052717791956,-1.1327016989337366,-4.6177948156939905,-4.890412036572592,0.6930469870567322,0.0,-0.0,0.0,0.0,0.0,0.0,0.0,0.0,0.0,0.0,0.0,0.0,0
1786496226,908747434,100.0,-1.7200105826007288,-1.7037690321551722,-1.1327374617206019,-4.6177348534213465,-4.890423957501547,0.6930829286575317,0.0,-0.0,0.0,0.0,0.0,0.0,0.0,0.0,0.0,0.0,0.0,0.0,0
1786496226,929097175,100.0,-1.7200821081744593,-1.7038167158709925,-1.1326773802386683,-4.617758814488546,-4.890459958706991,0.693058967590332,0.0,-0.0,0.0,0.0,0.0,0.0,0.0,0.0,0.0,0.0,0.0,0.0,0
1786496226,948740005,100.0,-1.7199624220477503,-1.7038291136371058,-1.132761303578512,-4.617770854626791,-4.890459958706991,0.6930230259895325,0.0,-0.0,0.0,0.0,0.0,0.0,0.0,0.0,0.0,0.0,0.0,0.0,0
1786496226,969005823,100.0,-1.7199743429767054,-1.7038052717791956,-1.1327374617206019,-4.6177828947650355,-4.890412036572592,0.6930110454559326,0.0,-0.0,0.0,0.0,0.0,0.0,0.0,0.0,0.0,0.0,0.0,0.0,0
1786496226,988792419,100.0,-1.7200225035296839,-1.7037690321551722,-1.132749382649557,-4.617746893559591,-4.890471879635946,0.693058967590332,0.0,-0.0,0.0,0.0,0.0,0.0,0.0,0.0,0.0,0.0,0.0,0.0,0
1786496227,8797883,100.0,-1.7200105826007288,-1.7038052717791956,-1.132761303578512,-4.6177828947650355,-4.890447918568746,0.6930350065231323,0.0,-0.0,0.0,0.0,0.0,0.0,0.0,0.0,0.0,0.0,0.0,0.0,0
1786496227,28928279,100.0,-1.720034424458639,-1.7038291136371058,-1.1327374617206019,-4.6177828947650355,-4.890435997639791,0.6930110454559326,0.0,-0.0,0.0,0.0,0.0,0.0,0.0,0.0,0.0,0.0,0.0,0.0,0
1786496227,49087047,100.0,-1.7200582663165491,-1.7038887182818812,-1.1326659361468714,-4.617746893559591,-4.890447918568746,0.6930829286575317,0.0,-0.0,0.0,0.0,0.0,0.0,0.0,0.0,0.0,0.0,0.0,0.0,0
1786496227,68730592,100.0,-1.720034424458639,-1.703852955495016,-1.1327737013446253,-4.6177828947650355,-4.890423957501547,0.6930110454559326,0.0,-0.0,0.0,0.0,0.0,0.0,0.0,0.0,0.0,0.0,0.0,0.0,0
1786496227,88894128,100.0,-1.7200225035296839,-1.7037928740130823,-1.1327255407916468,-4.617770854626791,-4.890412036572592,0.6930350065231323,0.0,-0.0,0.0,0.0,0.0,0.0,0.0,0.0,0.0,0.0,0.0,0.0,0
1786496227,108822584,100.0,-1.720046345387594,-1.7038167158709925,-1.132761303578512,-4.617806855832235,-4.890412036572592,0.693058967590332,0.0,-0.0,0.0,0.0,0.0,0.0,0.0,0.0,0.0,0.0,0.0,0.0,0
1786496227,129003047,100.0,-1.720034424458639,-1.7038167158709925,-1.1327856222735804,-4.617758814488546,-4.890447918568746,0.6930709481239319,0.0,-0.0,0.0,0.0,0.0,0.0,0.0,0.0,0.0,0.0,0.0,0.0,0
1786496227,148842096,100.0,-1.7200105826007288,-1.7037690321551722,-1.132749382649557,-4.617746893559591,-4.890423957501547,0.6929990649223328,0.0,-0.0,0.0,0.0,0.0,0.0,0.0,0.0,0.0,0.0,0.0,0.0,0
1786496227,168853521,100.0,-1.7200105826007288,-1.7038291136371058,-1.1327737013446253,-4.617758814488546,-4.890423957501547,0.6930709481239319,0.0,-0.0,0.0,0.0,0.0,0.0,0.0,0.0,0.0,0.0,0.0,0.0,0
1786496227,188757419,100.0,-1.7200105826007288,-1.7037928740130823,-1.1327374617206019,-4.6177828947650355,-4.890399638806478,0.693058967590332,0.0,-0.0,0.0,0.0,0.0,0.0,0.0,0.0,0.0,0.0,0.0,0.0,0
1786496227,209087133,100.0,-1.7200225035296839,-1.7038291136371058,-1.132761303578512,-4.6177348534213465,-4.890471879635946,0.6930350065231323,0.0,-0.0,0.0,0.0,0.0,0.0,0.0,0.0,0.0,0.0,0.0,0.0,0
1786496227,228758573,100.0,-1.720034424458639,-1.7037809530841272,-1.132749382649557,-4.617710892354147,-4.890435997639791,0.6930709481239319,0.0,-0.0,0.0,0.0,0.0,0.0,0.0,0.0,0.0,0.0,0.0,0.0,0
1786496227,248812913,100.0,-1.7199981848346155,-1.7038052717791956,-1.1327136198626917,-4.6177828947650355,-4.890423957501547,0.6930350065231323,0.0,-0.0,0.0,0.0,0.0,0.0,0.0,0.0,0.0,0.0,0.0,0.0,0
1786496227,268827438,100.0,-1.7200225035296839,-1.7037809530841272,-1.132761303578512,-4.617758814488546,-4.890435997639791,0.6930709481239319,0.0,-0.0,0.0,0.0,0.0,0.0,0.0,0.0,0.0,0.0,0.0,0.0,0
1786496227,289655447,100.0,-1.720046345387594,-1.7038167158709925,-1.1327016989337366,-4.617758814488546,-4.890423957501547,0.6930110454559326,0.0,-0.0,0.0,0.0,0.0,0.0,0.0,0.0,0.0,0.0,0.0,0.0,0
1786496227,308845043,100.0,-1.7200225035296839,-1.7038052717791956,-1.1327255407916468,-4.617770854626791,-4.890447918568746,0.6930230259895325,0.0,-0.0,0.0,0.0,0.0,0.0,0.0,0.0,0.0,0.0,0.0,0.0,0
1786496227,328951358,100.0,-1.720046345387594,-1.7038167158709925,-1.1327255407916468,-4.61781877676119,-4.890435997639791,0.6930110454559326,0.0,-0.0,0.0,0.0,0.0,0.0,0.0,0.0,0.0,0.0,0.0,0.0,0
1786496227,348781108,100.0,-1.720034424458639,-1.7037928740130823,-1.132761303578512,-4.6177828947650355,-4.890412036572592,0.6930829286575317,0.0,-0.0,0.0,0.0,0.0,0.0,0.0,0.0,0.0,0.0,0.0,0.0,0
1786496227,369617462,100.0,-1.7200225035296839,-1.7037809530841272,-1.1327255407916468,-4.6177948156939905,-4.890423957501547,0.6929990649223328,0.0,-0.0,0.0,0.0,0.0,0.0,0.0,0.0,0.0,0.0,0.0,0.0,0
1786496227,388729333,100.0,-1.720034424458639,-1.703876797352926,-1.1327737013446253,-4.617770854626791,-4.890471879635946,0.6930350065231323,0.0,-0.0,0.0,0.0,0.0,0.0,0.0,0.0,0.0,0.0,0.0,0.0,0
1786496227,409272432,100.0,-1.7200105826007288,-1.703745190297262,-1.132749382649557,-4.617662970219747,-4.890483919774191,0.6930469870567322,0.0,-0.0,0.0,0.0,0.0,0.0,0.0,0.0,0.0,0.0,0.0,0.0,0
1786496227,428760528,100.0,-1.720046345387594,-1.7037928740130823,-1.132749382649557,-4.617770854626791,-4.890447918568746,0.6930110454559326,0.0,-0.0,0.0,0.0,0.0,0.0,0.0,0.0,0.0,0.0,0.0,0.0,0
1786496227,449086666,100.0,-1.720034424458639,-1.7037809530841272,-1.1327136198626917,-4.617758814488546,-4.890387598668234,0.6930350065231323,0.0,-0.0,0.0,0.0,0.0,0.0,0.0,0.0,0.0,0.0,0.0,0.0,0
1786496227,468820333,100.0,-1.7199743429767054,-1.7037809530841272,-1.1326897780047815,-4.617806855832235,-4.890423957501547,0.6930709481239319,0.0,-0.0,0.0,0.0,0.0,0.0,0.0,0.0,0.0,0.0,0.0,0.0,0
1786496227,488740205,100.0,-1.7200225035296839,-1.7038291136371058,-1.1327255407916468,-4.617758814488546,-4.890435997639791,0.6930350065231323,0.0,-0.0,0.0,0.0,0.0,0.0,0.0,0.0,0.0,0.0,0.0,0.0,0
1786496227,508720159,100.0,-1.7199981848346155,-1.7038052717791956,-1.1327136198626917,-4.617722932492391,-4.890435997639791,0.693058967590332,0.0,-0.0,0.0,0.0,0.0,0.0,0.0,0.0,0.0,0.0,0.0,0.0,0
1786496227,528661489,100.0,-1.7200701872455042,-1.7037928740130823,-1.1326897780047815,-4.6177948156939905,-4.890483919774191,0.6930829286575317,0.0,-0.0,0.0,0.0,0.0,0.0,0.0,0.0,0.0,0.0,0.0,0.0,0
1786496227,548737764,100.0,-1.7199862639056605,-1.7038052717791956,-1.1327374617206019,-4.617770854626791,-4.890412036572592,0.6930709481239319,0.0,-0.0,0.0,0.0,0.0,0.0,0.0,0.0,0.0,0.0,0.0,0.0,0
1786496227,568626642,100.0,-1.720034424458639,-1.7038291136371058,-1.132749382649557,-4.617722932492391,-4.890435997639791,0.693058967590332,0.0,-0.0,0.0,0.0,0.0,0.0,0.0,0.0,0.0,0.0,0.0,0.0,0
1786496227,588669300,100.0,-1.7199981848346155,-1.7038167158709925,-1.1327374617206019,-4.617746893559591,-4.890412036572592,0.693058967590332,0.0,-0.0,0.0,0.0,0.0,0.0,0.0,0.0,0.0,0.0,0.0,0.0,0
1786496227,608626842,100.0,-1.7200105826007288,-1.7037809530841272,-1.1327016989337366,-4.617746893559591,-4.890447918568746,0.6930230259895325,0.0,-0.0,0.0,0.0,0.0,0.0,0.0,0.0,0.0,0.0,0.0,0.0,0
1786496227,628693342,100.0,-1.720034424458639,-1.7037928740130823,-1.132749382649557,-4.617758814488546,-4.890399638806478,0.6930350065231323,0.0,-0.0,0.0,0.0,0.0,0.0,0.0,0.0,0.0,0.0,0.0,0.0,0
1786496227,649086475,100.0,-1.7200701872455042,-1.7038410345660608,-1.1327374617206019,-4.617722932492391,-4.890412036572592,0.6929990649223328,0.0,-0.0,0.0,0.0,0.0,0.0,0.0,0.0,0.0,0.0,0.0,0.0,0
1786496227,668697595,100.0,-1.7200105826007288,-1.7037809530841272,-1.1327255407916468,-4.617770854626791,-4.890447918568746,0.693058967590332,0.0,-0.0,0.0,0.0,0.0,0.0,0.0,0.0,0.0,0.0,0.0,0.0,0
1786496227,688716888,100.0,-1.7199862639056605,-1.703852955495016,-1.132761303578512,-4.617746893559591,-4.890412036572592,0.6930350065231323,0.0,-0.0,0.0,0.0,0.0,0.0,0.0,0.0,0.0,0.0,0.0,0.0,0
1786496227,708762884,100.0,-1.7199981848346155,-1.7038410345660608,-1.1327255407916468,-4.617770854626791,-4.890423957501547,0.6930350065231323,0.0,-0.0,0.0,0.0,0.0,0.0,0.0,0.0,0.0,0.0,0.0,0.0,0
1786496227,728791475,100.0,-1.7200105826007288,-1.7038291136371058,-1.132749382649557,-4.6177828947650355,-4.890447918568746,0.6930230259895325,0.0,-0.0,0.0,0.0,0.0,0.0,0.0,0.0,0.0,0.0,0.0,0.0,0
1786496227,748756170,100.0,-1.720046345387594,-1.703757111226217,-1.1327136198626917,-4.61781877676119,-4.890399638806478,0.6930350065231323,0.0,-0.0,0.0,0.0,0.0,0.0,0.0,0.0,0.0,0.0,0.0,0.0,0
1786496227,769021511,100.0,-1.720034424458639,-1.7038052717791956,-1.1327136198626917,-4.6177348534213465,-4.890412036572592,0.6930469870567322,0.0,-0.0,0.0,0.0,0.0,0.0,0.0,0.0,0.0,0.0,0.0,0.0,0
1786496227,788721323,100.0,-1.7199862639056605,-1.7037809530841272,-1.1327255407916468,-4.617770854626791,-4.890387598668234,0.6930709481239319,0.0,-0.0,0.0,0.0,0.0,0.0,0.0,0.0,0.0,0.0,0.0,0.0,0
1786496227,809969425,100.0,-1.7199981848346155,-1.703852955495016,-1.132749382649557,-4.617758814488546,-4.890412036572592,0.6930350065231323,0.0,-0.0,0.0,0.0,0.0,0.0,0.0,0.0,0.0,0.0,0.0,0.0,0
1786496227,828732967,100.0,-1.7200225035296839,-1.7037690321551722,-1.132761303578512,-4.6177348534213465,-4.890387598668234,0.693058967590332,0.0,-0.0,0.0,0.0,0.0,0.0,0.0,0.0,0.0,0.0,0.0,0.0,0
1786496227,848495960,100.0,-1.7199981848346155,-1.7038052717791956,-1.132761303578512,-4.6177828947650355,-4.890423957501547,0.6929990649223328,0.0,-0.0,0.0,0.0,0.0,0.0,0.0,0.0,0.0,0.0,0.0,0.0,0
1786496227,868764400,100.0,-1.7199862639056605,-1.7038291136371058,-1.1327255407916468,-4.617722932492391,-4.890423957501547,0.6930829286575317,0.0,-0.0,0.0,0.0,0.0,0.0,0.0,0.0,0.0,0.0,0.0,0.0,0
1786496227,888552904,100.0,-1.7200225035296839,-1.7038167158709925,-1.1327737013446253,-4.6177948156939905,-4.890435997639791,0.6930350065231323,0.0,-0.0,0.0,0.0,0.0,0.0,0.0,0.0,0.0,0.0,0.0,0.0,0
1786496227,908721446,100.0,-1.7199743429767054,-1.7038410345660608,-1.1327975432025355,-4.617758814488546,-4.890412036572592,0.6930829286575317,0.0,-0.0,0.0,0.0,0.0,0.0,0.0,0.0,0.0,0.0,0.0,0.0,0
1786496227,929046630,100.0,-1.7199862639056605,-1.7038167158709925,-1.132749382649557,-4.617758814488546,-4.890435997639791,0.6930469870567322,0.0,-0.0,0.0,0.0,0.0,0.0,0.0,0.0,0.0,0.0,0.0,0.0,0
1786496227,948927640,100.0,-1.720034424458639,-1.7038291136371058,-1.1327255407916468,-4.6177348534213465,-4.890399638806478,0.6929990649223328,0.0,-0.0,0.0,0.0,0.0,0.0,0.0,0.0,0.0,0.0,0.0,0.0,0
1786496227,968931913,100.0,-1.7200105826007288,-1.7037809530841272,-1.1326773802386683,-4.6177948156939905,-4.890412036572592,0.6930709481239319,0.0,-0.0,0.0,0.0,0.0,0.0,0.0,0.0,0.0,0.0,0.0,0.0,0
1786496227,988726377,100.0,-1.720046345387594,-1.7037690321551722,-1.132749382649557,-4.6177828947650355,-4.890399638806478,0.693058967590332,0.0,-0.0,0.0,0.0,0.0,0.0,0.0,0.0,0.0,0.0,0.0,0.0,0
1786496228,8927822,100.0,-1.7200225035296839,-1.7038167158709925,-1.132761303578512,-4.617770854626791,-4.890412036572592,0.6930230259895325,0.0,-0.0,0.0,0.0,0.0,0.0,0.0,0.0,0.0,0.0,0.0,0.0,0
1786496228,28759717,100.0,-1.7199981848346155,-1.7038167158709925,-1.1327255407916468,-4.617758814488546,-4.890375677739279,0.6930469870567322,0.0,-0.0,0.0,0.0,0.0,0.0,0.0,0.0,0.0,0.0,0.0,0.0,0
1786496228,49021959,100.0,-1.7199981848346155,-1.7037690321551722,-1.1327136198626917,-4.617746893559591,-4.890447918568746,0.6930350065231323,0.0,-0.0,0.0,0.0,0.0,0.0,0.0,0.0,0.0,0.0,0.0,0.0,0
1786496228,68753480,100.0,-1.7200225035296839,-1.7038167158709925,-1.1326897780047815,-4.6177348534213465,-4.890447918568746,0.6930350065231323,0.0,-0.0,0.0,0.0,0.0,0.0,0.0,0.0,0.0,0.0,0.0,0.0,0
1786496228,89156627,100.0,-1.720034424458639,-1.703852955495016,-1.132749382649557,-4.617806855832235,-4.890423957501547,0.693058967590332,0.0,-0.0,0.0,0.0,0.0,0.0,0.0,0.0,0.0,0.0,0.0,0.0,0
1786496228,108755111,100.0,-1.7199981848346155,-1.7037690321551722,-1.1327374617206019,-4.6177828947650355,-4.890459958706991,0.693058967590332,0.0,-0.0,0.0,0.0,0.0,0.0,0.0,0.0,0.0,0.0,0.0,0.0,0
1786496228,128637552,100.0,-1.720034424458639,-1.7037690321551722,-1.132749382649557,-4.617806855832235,-4.890447918568746,0.6930230259895325,0.0,-0.0,0.0,0.0,0.0,0.0,0.0,0.0,0.0,0.0,0.0,0.0,0
1786496228,148696899,100.0,-1.720046345387594,-1.7038167158709925,-1.132761303578512,-4.617806855832235,-4.890423957501547,0.6930829286575317,0.0,-0.0,0.0,0.0,0.0,0.0,0.0,0.0,0.0,0.0,0.0,0.0,0
1786496228,168594837,100.0,-1.7200821081744593,-1.7038167158709925,-1.1327255407916468,-4.617722932492391,-4.890459958706991,0.6930350065231323,0.0,-0.0,0.0,0.0,0.0,0.0,0.0,0.0,0.0,0.0,0.0,0.0,0
1786496228,188718080,100.0,-1.7199981848346155,-1.7038410345660608,-1.1327255407916468,-4.617722932492391,-4.890423957501547,0.6930230259895325,0.0,-0.0,0.0,0.0,0.0,0.0,0.0,0.0,0.0,0.0,0.0,0.0,0
1786496228,208509206,100.0,-1.7200225035296839,-1.7038291136371058,-1.132749382649557,-4.617758814488546,-4.890423957501547,0.6930469870567322,0.0,-0.0,0.0,0.0,0.0,0.0,0.0,0.0,0.0,0.0,0.0,0.0,0
1786496228,228682994,100.0,-1.7200225035296839,-1.7037809530841272,-1.1327737013446253,-4.6177348534213465,-4.890399638806478,0.6930110454559326,0.0,-0.0,0.0,0.0,0.0,0.0,0.0,0.0,0.0,0.0,0.0,0.0,0
1786496228,248682737,100.0,-1.7200582663165491,-1.7037928740130823,-1.132749382649557,-4.617806855832235,-4.890387598668234,0.6930350065231323,0.0,-0.0,0.0,0.0,0.0,0.0,0.0,0.0,0.0,0.0,0.0,0.0,0
1786496228,268701791,100.0,-1.720046345387594,-1.7038410345660608,-1.1327856222735804,-4.6177348534213465,-4.890387598668234,0.6930949091911316,0.0,-0.0,0.0,0.0,0.0,0.0,0.0,0.0,0.0,0.0,0.0,0.0,0
1786496228,288676023,100.0,-1.7199981848346155,-1.7038291136371058,-1.1327016989337366,-4.617770854626791,-4.890399638806478,0.6930829286575317,0.0,-0.0,0.0,0.0,0.0,0.0,0.0,0.0,0.0,0.0,0.0,0.0,0
1786496228,308703660,100.0,-1.7200701872455042,-1.7038167158709925,-1.132749382649557,-4.617758814488546,-4.890435997639791,0.6930350065231323,0.0,-0.0,0.0,0.0,0.0,0.0,0.0,0.0,0.0,0.0,0.0,0.0,0
1786496228,328590154,100.0,-1.7200105826007288,-1.7038167158709925,-1.132761303578512,-4.617770854626791,-4.890447918568746,0.6930350065231323,0.0,-0.0,0.0,0.0,0.0,0.0,0.0,0.0,0.0,0.0,0.0,0.0,0
1786496228,348730087,100.0,-1.7200225035296839,-1.7038052717791956,-1.1327136198626917,-4.617722932492391,-4.890435997639791,0.6930350065231323,0.0,-0.0,0.0,0.0,0.0,0.0,0.0,0.0,0.0,0.0,0.0,0.0,0
1786496228,368774890,100.0,-1.7200105826007288,-1.7038052717791956,-1.1327016989337366,-4.6177948156939905,-4.890435997639791,0.6930469870567322,0.0,-0.0,0.0,0.0,0.0,0.0,0.0,0.0,0.0,0.0,0.0,0.0,0
1786496228,388702392,100.0,-1.720046345387594,-1.7038167158709925,-1.1327374617206019,-4.617770854626791,-4.890399638806478,0.6930230259895325,0.0,-0.0,0.0,0.0,0.0,0.0,0.0,0.0,0.0,0.0,0.0,0.0,0
1786496228,408614158,100.0,-1.7199624220477503,-1.7038052717791956,-1.132749382649557,-4.617746893559591,-4.890387598668234,0.6930469870567322,0.0,-0.0,0.0,0.0,0.0,0.0,0.0,0.0,0.0,0.0,0.0,0.0,0
1786496228,428699731,100.0,-1.7199981848346155,-1.703864876423971,-1.132761303578512,-4.617758814488546,-4.890471879635946,0.693058967590332,0.0,-0.0,0.0,0.0,0.0,0.0,0.0,0.0,0.0,0.0,0.0,0.0,0
1786496228,448554039,100.0,-1.7199981848346155,-1.7037809530841272,-1.1327255407916468,-4.617770854626791,-4.890423957501547,0.6930709481239319,0.0,-0.0,0.0,0.0,0.0,0.0,0.0,0.0,0.0,0.0,0.0,0.0,0
1786496228,468693971,100.0,-1.7199862639056605,-1.7037928740130823,-1.132749382649557,-4.617746893559591,-4.890423957501547,0.6930350065231323,0.0,-0.0,0.0,0.0,0.0,0.0,0.0,0.0,0.0,0.0,0.0,0.0,0
1786496228,488892078,100.0,-1.720046345387594,-1.7038291136371058,-1.132761303578512,-4.6177948156939905,-4.890435997639791,0.693058967590332,0.0,-0.0,0.0,0.0,0.0,0.0,0.0,0.0,0.0,0.0,0.0,0.0,0
1786496228,508697748,100.0,-1.7200225035296839,-1.7038291136371058,-1.132749382649557,-4.617770854626791,-4.890423957501547,0.6930110454559326,0.0,-0.0,0.0,0.0,0.0,0.0,0.0,0.0,0.0,0.0,0.0,0.0,0
1786496228,528551816,100.0,-1.7199981848346155,-1.7037690321551722,-1.132749382649557,-4.6177348534213465,-4.890447918568746,0.6930949091911316,0.0,-0.0,0.0,0.0,0.0,0.0,0.0,0.0,0.0,0.0,0.0,0.0,0
1786496228,548688411,100.0,-1.7200105826007288,-1.7038167158709925,-1.1327737013446253,-4.6177828947650355,-4.890423957501547,0.6930709481239319,0.0,-0.0,0.0,0.0,0.0,0.0,0.0,0.0,0.0,0.0,0.0,0.0,0
1786496228,568511724,100.0,-1.7199862639056605,-1.703864876423971,-1.1327374617206019,-4.6177828947650355,-4.890387598668234,0.6930469870567322,0.0,-0.0,0.0,0.0,0.0,0.0,0.0,0.0,0.0,0.0,0.0,0.0,0
1786496228,588866472,100.0,-1.720034424458639,-1.7038291136371058,-1.132749382649557,-4.6177348534213465,-4.890447918568746,0.6930469870567322,0.0,-0.0,0.0,0.0,0.0,0.0,0.0,0.0,0.0,0.0,0.0,0.0,0
1786496228,608633756,100.0,-1.7199981848346155,-1.7038052717791956,-1.1327737013446253,-4.617806855832235,-4.890435997639791,0.6930469870567322,0.0,-0.0,0.0,0.0,0.0,0.0,0.0,0.0,0.0,0.0,0.0,0.0,0
1786496228,628742456,100.0,-1.720046345387594,-1.7037928740130823,-1.132749382649557,-4.6177948156939905,-4.890423957501547,0.6930230259895325,0.0,-0.0,0.0,0.0,0.0,0.0,0.0,0.0,0.0,0.0,0.0,0.0,0
1786496228,648574113,100.0,-1.720046345387594,-1.703864876423971,-1.1327737013446253,-4.61781877676119,-4.890435997639791,0.6930469870567322,0.0,-0.0,0.0,0.0,0.0,0.0,0.0,0.0,0.0,0.0,0.0,0.0,0
1786496228,668711185,100.0,-1.7200225035296839,-1.7037928740130823,-1.1327374617206019,-4.617758814488546,-4.890399638806478,0.6930350065231323,0.0,-0.0,0.0,0.0,0.0,0.0,0.0,0.0,0.0,0.0,0.0,0.0,0
1786496228,688481569,100.0,-1.7200105826007288,-1.7037690321551722,-1.132749382649557,-4.617758814488546,-4.890423957501547,0.6930350065231323,0.0,-0.0,0.0,0.0,0.0,0.0,0.0,0.0,0.0,0.0,0.0,0.0,0
1786496228,708706617,100.0,-1.7200105826007288,-1.7038410345660608,-1.1327136198626917,-4.617758814488546,-4.890435997639791,0.6930469870567322,0.0,-0.0,0.0,0.0,0.0,0.0,0.0,0.0,0.0,0.0,0.0,0.0,0
1786496228,728533506,100.0,-1.7200225035296839,-1.7038052717791956,-1.1327255407916468,-4.6177828947650355,-4.890435997639791,0.6931068897247314,0.0,-0.0,0.0,0.0,0.0,0.0,0.0,0.0,0.0,0.0,0.0,0.0,0
1786496228,748714447,100.0,-1.7200105826007288,-1.7038291136371058,-1.1327255407916468,-4.617770854626791,-4.890423957501547,0.6930469870567322,0.0,-0.0,0.0,0.0,0.0,0.0,0.0,0.0,0.0,0.0,0.0,0.0,0
1786496228,768995046,100.0,-1.7199624220477503,-1.703852955495016,-1.1327016989337366,-4.6177348534213465,-4.890459958706991,0.6930469870567322,0.0,-0.0,0.0,0.0,0.0,0.0,0.0,0.0,0.0,0.0,0.0,0.0,0
1786496228,788706541,100.0,-1.7200105826007288,-1.7037690321551722,-1.132749382649557,-4.6177348534213465,-4.890447918568746,0.6930709481239319,0.0,-0.0,0.0,0.0,0.0,0.0,0.0,0.0,0.0,0.0,0.0,0.0,0
1786496228,808542966,100.0,-1.720034424458639,-1.703864876423971,-1.1327737013446253,-4.617758814488546,-4.890447918568746,0.6929990649223328,0.0,-0.0,0.0,0.0,0.0,0.0,0.0,0.0,0.0,0.0,0.0,0.0,0
1786496228,828712940,100.0,-1.7200225035296839,-1.7037928740130823,-1.132761303578512,-4.6177348534213465,-4.890423957501547,0.6929870843887329,0.0,-0.0,0.0,0.0,0.0,0.0,0.0,0.0,0.0,0.0,0.0,0.0,0
1786496228,849171400,100.0,-1.7199624220477503,-1.7038167158709925,-1.132749382649557,-4.6177948156939905,-4.890412036572592,0.6930469870567322,0.0,-0.0,0.0,0.0,0.0,0.0,0.0,0.0,0.0,0.0,0.0,0.0,0
1786496228,868837833,100.0,-1.7200225035296839,-1.703757111226217,-1.1327374617206019,-4.617770854626791,-4.890447918568746,0.6929990649223328,0.0,-0.0,0.0,0.0,0.0,0.0,0.0,0.0,0.0,0.0,0.0,0.0,0
1786496228,888770580,100.0,-1.7200225035296839,-1.7038052717791956,-1.1326897780047815,-4.617770854626791,-4.890459958706991,0.6930230259895325,0.0,-0.0,0.0,0.0,0.0,0.0,0.0,0.0,0.0,0.0,0.0,0.0,0
1786496228,908733606,100.0,-1.7199981848346155,-1.7038291136371058,-1.132749382649557,-4.617746893559591,-4.890412036572592,0.6930829286575317,0.0,-0.0,0.0,0.0,0.0,0.0,0.0,0.0,0.0,0.0,0.0,0.0,0
1786496228,928897857,100.0,-1.7199981848346155,-1.7037690321551722,-1.1327255407916468,-4.617758814488546,-4.890423957501547,0.6930469870567322,0.0,-0.0,0.0,0.0,0.0,0.0,0.0,0.0,0.0,0.0,0.0,0.0,0
1786496228,948767423,100.0,-1.7200105826007288,-1.7037809530841272,-1.1326897780047815,-4.6177828947650355,-4.890459958706991,0.6930709481239319,0.0,-0.0,0.0,0.0,0.0,0.0,0.0,0.0,0.0,0.0,0.0,0.0,0
1786496228,968668699,100.0,-1.7199981848346155,-1.7038291136371058,-1.1327136198626917,-4.617770854626791,-4.890459958706991,0.6930350065231323,0.0,-0.0,0.0,0.0,0.0,0.0,0.0,0.0,0.0,0.0,0.0,0.0,0
1786496228,988757133,100.0,-1.7200701872455042,-1.7038167158709925,-1.132749382649557,-4.617770854626791,-4.890423957501547,0.6930469870567322,0.0,-0.0,0.0,0.0,0.0,0.0,0.0,0.0,0.0,0.0,0.0,0.0,0
1786496229,8606672,100.0,-1.7199862639056605,-1.7038291136371058,-1.1327136198626917,-4.6177948156939905,-4.890435997639791,0.6930110454559326,0.0,-0.0,0.0,0.0,0.0,0.0,0.0,0.0,0.0,0.0,0.0,0.0,0
1786496229,28760433,100.0,-1.7200105826007288,-1.7038167158709925,-1.132761303578512,-4.617758814488546,-4.890399638806478,0.6930230259895325,0.0,-0.0,0.0,0.0,0.0,0.0,0.0,0.0,0.0,0.0,0.0,0.0,0
1786496229,49507856,100.0,-1.7200105826007288,-1.7037690321551722,-1.1327374617206019,-4.617758814488546,-4.890447918568746,0.6930350065231323,0.0,-0.0,0.0,0.0,0.0,0.0,0.0,0.0,0.0,0.0,0.0,0.0,0
1786496229,68720579,100.0,-1.720046345387594,-1.7037928740130823,-1.132749382649557,-4.617758814488546,-4.890399638806478,0.6930709481239319,0.0,-0.0,0.0,0.0,0.0,0.0,0.0,0.0,0.0,0.0,0.0,0.0,0
1786496229,88702678,100.0,-1.7199862639056605,-1.7038052717791956,-1.1327374617206019,-4.6177348534213465,-4.890399638806478,0.6930350065231323,0.0,-0.0,0.0,0.0,0.0,0.0,0.0,0.0,0.0,0.0,0.0,0.0,0
1786496229,108746051,100.0,-1.7200225035296839,-1.7038052717791956,-1.132749382649557,-4.6177828947650355,-4.890447918568746,0.6930110454559326,0.0,-0.0,0.0,0.0,0.0,0.0,0.0,0.0,0.0,0.0,0.0,0.0,0
1786496229,128578901,100.0,-1.7199743429767054,-1.7038052717791956,-1.1327374617206019,-4.617746893559591,-4.890412036572592,0.6929990649223328,0.0,-0.0,0.0,0.0,0.0,0.0,0.0,0.0,0.0,0.0,0.0,0.0,0
1786496229,148745536,100.0,-1.7200582663165491,-1.703852955495016,-1.132749382649557,-4.617770854626791,-4.890412036572592,0.6930709481239319,0.0,-0.0,0.0,0.0,0.0,0.0,0.0,0.0,0.0,0.0,0.0,0.0,0
1786496229,168535470,100.0,-1.7199981848346155,-1.7037928740130823,-1.132761303578512,-4.617758814488546,-4.890483919774191,0.6930949091911316,0.0,-0.0,0.0,0.0,0.0,0.0,0.0,0.0,0.0,0.0,0.0,0.0,0
1786496229,188796758,100.0,-1.7199981848346155,-1.7037809530841272,-1.132749382649557,-4.617770854626791,-4.890423957501547,0.693058967590332,0.0,-0.0,0.0,0.0,0.0,0.0,0.0,0.0,0.0,0.0,0.0,0.0,0
1786496229,209533691,100.0,-1.7200225035296839,-1.7038052717791956,-1.1327255407916468,-4.617770854626791,-4.890423957501547,0.693058967590332,0.0,-0.0,0.0,0.0,0.0,0.0,0.0,0.0,0.0,0.0,0.0,0.0,0
1786496229,229145765,100.0,-1.7200225035296839,-1.7037690321551722,-1.132761303578512,-4.617758814488546,-4.890447918568746,0.693058967590332,0.0,-0.0,0.0,0.0,0.0,0.0,0.0,0.0,0.0,0.0,0.0,0.0,0
1786496229,249282360,100.0,-1.7199981848346155,-1.7037809530841272,-1.1327136198626917,-4.617758814488546,-4.890399638806478,0.693058967590332,0.0,-0.0,0.0,0.0,0.0,0.0,0.0,0.0,0.0,0.0,0.0,0.0,0
1786496229,268701553,100.0,-1.720034424458639,-1.7038052717791956,-1.132749382649557,-4.617770854626791,-4.890471879635946,0.6930709481239319,0.0,-0.0,0.0,0.0,0.0,0.0,0.0,0.0,0.0,0.0,0.0,0.0,0
1786496229,288675785,100.0,-1.7200225035296839,-1.7038291136371058,-1.1327255407916468,-4.6177828947650355,-4.890447918568746,0.6930350065231323,0.0,-0.0,0.0,0.0,0.0,0.0,0.0,0.0,0.0,0.0,0.0,0.0,0
1786496229,308758735,100.0,-1.720034424458639,-1.703852955495016,-1.1327016989337366,-4.6177828947650355,-4.890447918568746,0.6930469870567322,0.0,-0.0,0.0,0.0,0.0,0.0,0.0,0.0,0.0,0.0,0.0,0.0,0
1786496229,328552961,100.0,-1.7200225035296839,-1.703852955495016,-1.132749382649557,-4.617758814488546,-4.890423957501547,0.6929990649223328,0.0,-0.0,0.0,0.0,0.0,0.0,0.0,0.0,0.0,0.0,0.0,0.0,0
1786496229,348696947,100.0,-1.7199862639056605,-1.7038410345660608,-1.1327136198626917,-4.617770854626791,-4.890435997639791,0.6930709481239319,0.0,-0.0,0.0,0.0,0.0,0.0,0.0,0.0,0.0,0.0,0.0,0.0,0
1786496229,369394779,100.0,-1.7200105826007288,-1.7038052717791956,-1.1326659361468714,-4.6177828947650355,-4.890399638806478,0.6930469870567322,0.0,-0.0,0.0,0.0,0.0,0.0,0.0,0.0,0.0,0.0,0.0,0.0,0
1786496229,388704299,100.0,-1.720046345387594,-1.7038052717791956,-1.132749382649557,-4.617746893559591,-4.890435997639791,0.6930709481239319,0.0,-0.0,0.0,0.0,0.0,0.0,0.0,0.0,0.0,0.0,0.0,0.0,0
1786496229,408635616,100.0,-1.720046345387594,-1.7038052717791956,-1.132749382649557,-4.617746893559591,-4.890423957501547,0.6930829286575317,0.0,-0.0,0.0,0.0,0.0,0.0,0.0,0.0,0.0,0.0,0.0,0.0,0
1786496229,428733587,100.0,-1.7200225035296839,-1.7038410345660608,-1.1327374617206019,-4.617806855832235,-4.890459958706991,0.6930230259895325,0.0,-0.0,0.0,0.0,0.0,0.0,0.0,0.0,0.0,0.0,0.0,0.0,0
1786496229,448762655,100.0,-1.7199862639056605,-1.7038167158709925,-1.1327975432025355,-4.6177948156939905,-4.890412036572592,0.6930469870567322,0.0,-0.0,0.0,0.0,0.0,0.0,0.0,0.0,0.0,0.0,0.0,0.0,0
1786496229,468747377,100.0,-1.720034424458639,-1.7037809530841272,-1.1326897780047815,-4.617758814488546,-4.890435997639791,0.6929990649223328,0.0,-0.0,0.0,0.0,0.0,0.0,0.0,0.0,0.0,0.0,0.0,0.0,0
1786496229,488926172,100.0,-1.7199981848346155,-1.7038291136371058,-1.132761303578512,-4.617710892354147,-4.890447918568746,0.6930469870567322,0.0,-0.0,0.0,0.0,0.0,0.0,0.0,0.0,0.0,0.0,0.0,0.0,0
1786496229,508723497,100.0,-1.720046345387594,-1.7037928740130823,-1.1326897780047815,-4.6177348534213465,-4.890447918568746,0.6930350065231323,0.0,-0.0,0.0,0.0,0.0,0.0,0.0,0.0,0.0,0.0,0.0,0.0,0
1786496229,528712272,100.0,-1.7200701872455042,-1.7038052717791956,-1.1327975432025355,-4.617770854626791,-4.890387598668234,0.693058967590332,0.0,-0.0,0.0,0.0,0.0,0.0,0.0,0.0,0.0,0.0,0.0,0.0,0
1786496229,548756122,100.0,-1.720046345387594,-1.7038410345660608,-1.132749382649557,-4.617746893559591,-4.890447918568746,0.6930949091911316,0.0,-0.0,0.0,0.0,0.0,0.0,0.0,0.0,0.0,0.0,0.0,0.0,0
1786496229,569093227,100.0,-1.7200225035296839,-1.7038052717791956,-1.1327374617206019,-4.617806855832235,-4.890399638806478,0.6930350065231323,0.0,-0.0,0.0,0.0,0.0,0.0,0.0,0.0,0.0,0.0,0.0,0.0,0
1786496229,588819503,100.0,-1.7200225035296839,-1.7037690321551722,-1.132749382649557,-4.617770854626791,-4.890447918568746,0.6930110454559326,0.0,-0.0,0.0,0.0,0.0,0.0,0.0,0.0,0.0,0.0,0.0,0.0,0
1786496229,609958171,100.0,-1.7199624220477503,-1.7037809530841272,-1.132749382649557,-4.617746893559591,-4.890447918568746,0.6930110454559326,0.0,-0.0,0.0,0.0,0.0,0.0,0.0,0.0,0.0,0.0,0.0,0.0,0
1786496229,628851175,100.0,-1.7200105826007288,-1.7038167158709925,-1.132749382649557,-4.617722932492391,-4.890412036572592,0.6930110454559326,0.0,-0.0,0.0,0.0,0.0,0.0,0.0,0.0,0.0,0.0,0.0,0.0,0
1786496229,648768186,100.0,-1.720046345387594,-1.7038410345660608,-1.1327255407916468,-4.617758814488546,-4.890459958706991,0.6930709481239319,0.0,-0.0,0.0,0.0,0.0,0.0,0.0,0.0,0.0,0.0,0.0,0.0,0
1786496229,668726205,100.0,-1.7200225035296839,-1.7037690321551722,-1.1327737013446253,-4.617722932492391,-4.890387598668234,0.6930230259895325,0.0,-0.0,0.0,0.0,0.0,0.0,0.0,0.0,0.0,0.0,0.0,0.0,0
1786496229,688832759,100.0,-1.7200582663165491,-1.7037690321551722,-1.1327255407916468,-4.6177948156939905,-4.890459958706991,0.693058967590332,0.0,-0.0,0.0,0.0,0.0,0.0,0.0,0.0,0.0,0.0,0.0,0.0,0
1786496229,709003448,100.0,-1.7200225035296839,-1.7038167158709925,-1.1327136198626917,-4.617770854626791,-4.890435997639791,0.6930350065231323,0.0,-0.0,0.0,0.0,0.0,0.0,0.0,0.0,0.0,0.0,0.0,0.0,0
1786496229,729808807,100.0,-1.7200701872455042,-1.7038167158709925,-1.1327374617206019,-4.617746893559591,-4.890435997639791,0.6930469870567322,0.0,-0.0,0.0,0.0,0.0,0.0,0.0,0.0,0.0,0.0,0.0,0.0,0
1786496229,748799324,100.0,-1.7200105826007288,-1.7038052717791956,-1.1327255407916468,-4.617710892354147,-4.890399638806478,0.6930110454559326,0.0,-0.0,0.0,0.0,0.0,0.0,0.0,0.0,0.0,0.0,0.0,0.0,0
1786496229,768893241,100.0,-1.7199743429767054,-1.703864876423971,-1.1327255407916468,-4.6177348534213465,-4.890435997639791,0.6930110454559326,0.0,-0.0,0.0,0.0,0.0,0.0,0.0,0.0,0.0,0.0,0.0,0.0,0
1786496229,788827180,100.0,-1.7199862639056605,-1.7037809530841272,-1.1327374617206019,-4.617746893559591,-4.890459958706991,0.6930110454559326,0.0,-0.0,0.0,0.0,0.0,0.0,0.0,0.0,0.0,0.0,0.0,0.0,0
1786496229,808780193,100.0,-1.720034424458639,-1.7038052717791956,-1.1327136198626917,-4.617806855832235,-4.890423957501547,0.6930350065231323,0.0,-0.0,0.0,0.0,0.0,0.0,0.0,0.0,0.0,0.0,0.0,0.0,0
1786496229,828805685,100.0,-1.720034424458639,-1.7038052717791956,-1.1327136198626917,-4.617806855832235,-4.890423957501547,0.6930350065231323,0.0,-0.0,0.0,0.0,0.0,0.0,0.0,0.0,0.0,0.0,0.0,0.0,0
1786496229,848789930,100.0,-1.7199981848346155,-1.7038167158709925,-1.1327374617206019,-4.617770854626791,-4.890423957501547,0.6930350065231323,0.0,-0.0,0.0,0.0,0.0,0.0,0.0,0.0,0.0,0.0,0.0,0.0,0
1786496229,868807792,100.0,-1.7200105826007288,-1.7038052717791956,-1.1327374617206019,-4.617758814488546,-4.890459958706991,0.6930230259895325,0.0,-0.0,0.0,0.0,0.0,0.0,0.0,0.0,0.0,0.0,0.0,0.0,0
1786496229,888837337,100.0,-1.7200582663165491,-1.703757111226217,-1.1327136198626917,-4.617722932492391,-4.890471879635946,0.6930350065231323,0.0,-0.0,0.0,0.0,0.0,0.0,0.0,0.0,0.0,0.0,0.0,0.0,0
1786496229,908809900,100.0,-1.7200105826007288,-1.7038052717791956,-1.132749382649557,-4.6177828947650355,-4.890375677739279,0.693058967590332,0.0,-0.0,0.0,0.0,0.0,0.0,0.0,0.0,0.0,0.0,0.0,0.0,0
1786496229,929124593,100.0,-1.7200225035296839,-1.7037690321551722,-1.1327255407916468,-4.6177348534213465,-4.890387598668234,0.6930350065231323,0.0,-0.0,0.0,0.0,0.0,0.0,0.0,0.0,0.0,0.0,0.0,0.0,0
1786496229,948819875,100.0,-1.7199981848346155,-1.7037809530841272,-1.1327136198626917,-4.617770854626791,-4.890423957501547,0.6930709481239319,0.0,-0.0,0.0,0.0,0.0,0.0,0.0,0.0,0.0,0.0,0.0,0.0,0
1786496229,969814300,100.0,-1.7199862639056605,-1.7038052717791956,-1.1327737013446253,-4.617758814488546,-4.890387598668234,0.693058967590332,0.0,-0.0,0.0,0.0,0.0,0.0,0.0,0.0,0.0,0.0,0.0,0.0,0
1786496229,988824844,100.0,-1.7199981848346155,-1.703864876423971,-1.1327136198626917,-4.617770854626791,-4.890399638806478,0.6930469870567322,0.0,-0.0,0.0,0.0,0.0,0.0,0.0,0.0,0.0,0.0,0.0,0.0,0
1786496230,9625911,100.0,-1.7200225035296839,-1.703757111226217,-1.1327016989337366,-4.617770854626791,-4.890435997639791,0.693058967590332,0.0,-0.0,0.0,0.0,0.0,0.0,0.0,0.0,0.0,0.0,0.0,0.0,0
1786496230,28768301,100.0,-1.7200105826007288,-1.7038052717791956,-1.1327136198626917,-4.617770854626791,-4.890399638806478,0.6930709481239319,0.0,-0.0,0.0,0.0,0.0,0.0,0.0,0.0,0.0,0.0,0.0,0.0,0
1786496230,48795223,100.0,-1.7200225035296839,-1.7038167158709925,-1.1327255407916468,-4.617770854626791,-4.890412036572592,0.6930350065231323,0.0,-0.0,0.0,0.0,0.0,0.0,0.0,0.0,0.0,0.0,0.0,0.0,0
1786496230,68783521,100.0,-1.720034424458639,-1.7038052717791956,-1.1327255407916468,-4.617710892354147,-4.890447918568746,0.6930469870567322,0.0,-0.0,0.0,0.0,0.0,0.0,0.0,0.0,0.0,0.0,0.0,0.0,0
1786496230,90165138,100.0,-1.7199624220477503,-1.7038052717791956,-1.132749382649557,-4.617746893559591,-4.890447918568746,0.6929990649223328,0.0,-0.0,0.0,0.0,0.0,0.0,0.0,0.0,0.0,0.0,0.0,0.0,0
1786496230,108779191,100.0,-1.720034424458639,-1.7038167158709925,-1.1327374617206019,-4.617770854626791,-4.890447918568746,0.6930469870567322,0.0,-0.0,0.0,0.0,0.0,0.0,0.0,0.0,0.0,0.0,0.0,0.0,0
1786496230,129872798,100.0,-1.7199862639056605,-1.7038167158709925,-1.1326897780047815,-4.6177348534213465,-4.890399638806478,0.6930469870567322,0.0,-0.0,0.0,0.0,0.0,0.0,0.0,0.0,0.0,0.0,0.0,0.0,0
1786496230,148695230,100.0,-1.7199862639056605,-1.7037690321551722,-1.1326897780047815,-4.617770854626791,-4.890459958706991,0.6930469870567322,0.0,-0.0,0.0,0.0,0.0,0.0,0.0,0.0,0.0,0.0,0.0,0.0,0
1786496230,168824911,100.0,-1.720046345387594,-1.7038167158709925,-1.1327016989337366,-4.6177828947650355,-4.890387598668234,0.6929990649223328,0.0,-0.0,0.0,0.0,0.0,0.0,0.0,0.0,0.0,0.0,0.0,0.0,0
1786496230,188769817,100.0,-1.7200225035296839,-1.7038167158709925,-1.1327016989337366,-4.617758814488546,-4.890435997639791,0.6930469870567322,0.0,-0.0,0.0,0.0,0.0,0.0,0.0,0.0,0.0,0.0,0.0,0.0,0
1786496230,208797931,100.0,-1.7199981848346155,-1.7038410345660608,-1.1327374617206019,-4.6177948156939905,-4.890423957501547,0.6930469870567322,0.0,-0.0,0.0,0.0,0.0,0.0,0.0,0.0,0.0,0.0,0.0,0.0,0
1786496230,228818655,100.0,-1.7199981848346155,-1.7038052717791956,-1.1327374617206019,-4.617770854626791,-4.890423957501547,0.6930110454559326,0.0,-0.0,0.0,0.0,0.0,0.0,0.0,0.0,0.0,0.0,0.0,0.0,0
1786496230,249830722,100.0,-1.7199862639056605,-1.7037809530841272,-1.132749382649557,-4.617758814488546,-4.890435997639791,0.6930230259895325,0.0,-0.0,0.0,0.0,0.0,0.0,0.0,0.0,0.0,0.0,0.0,0.0,0
1786496230,268790006,100.0,-1.720046345387594,-1.703757111226217,-1.1327374617206019,-4.617746893559591,-4.890399638806478,0.6930230259895325,0.0,-0.0,0.0,0.0,0.0,0.0,0.0,0.0,0.0,0.0,0.0,0.0,0
1786496230,289965391,100.0,-1.720034424458639,-1.7038291136371058,-1.1327856222735804,-4.617746893559591,-4.890435997639791,0.6930350065231323,0.0,-0.0,0.0,0.0,0.0,0.0,0.0,0.0,0.0,0.0,0.0,0.0,0
1786496230,308795928,100.0,-1.7199981848346155,-1.7038410345660608,-1.1327255407916468,-4.617770854626791,-4.890412036572592,0.6930110454559326,0.0,-0.0,0.0,0.0,0.0,0.0,0.0,0.0,0.0,0.0,0.0,0.0,0
1786496230,328794717,100.0,-1.720046345387594,-1.7038052717791956,-1.1327255407916468,-4.617746893559591,-4.890447918568746,0.6930709481239319,0.0,-0.0,0.0,0.0,0.0,0.0,0.0,0.0,0.0,0.0,0.0,0.0,0
1786496230,348797082,100.0,-1.7200225035296839,-1.7038052717791956,-1.1327016989337366,-4.617746893559591,-4.890399638806478,0.6929990649223328,0.0,-0.0,0.0,0.0,0.0,0.0,0.0,0.0,0.0,0.0,0.0,0.0,0
1786496230,368805885,100.0,-1.7200225035296839,-1.7038052717791956,-1.1327016989337366,-4.617746893559591,-4.890399638806478,0.6929990649223328,0.0,-0.0,0.0,0.0,0.0,0.0,0.0,0.0,0.0,0.0,0.0,0.0,0
1786496230,388813018,100.0,-1.7200225035296839,-1.7038052717791956,-1.1327856222735804,-4.6177348534213465,-4.890423957501547,0.6930469870567322,0.0,-0.0,0.0,0.0,0.0,0.0,0.0,0.0,0.0,0.0,0.0,0.0,0
1786496230,408974885,100.0,-1.720034424458639,-1.7037928740130823,-1.1327255407916468,-4.617758814488546,-4.890447918568746,0.6930829286575317,0.0,-0.0,0.0,0.0,0.0,0.0,0.0,0.0,0.0,0.0,0.0,0.0,0
1786496230,428794860,100.0,-1.7199981848346155,-1.7038167158709925,-1.132749382649557,-4.617758814488546,-4.890423957501547,0.693058967590332,0.0,-0.0,0.0,0.0,0.0,0.0,0.0,0.0,0.0,0.0,0.0,0.0,0
1786496230,448920249,100.0,-1.7199862639056605,-1.703864876423971,-1.1327016989337366,-4.6177348534213465,-4.890459958706991,0.6930110454559326,0.0,-0.0,0.0,0.0,0.0,0.0,0.0,0.0,0.0,0.0,0.0,0.0,0
1786496230,468826770,100.0,-1.7200582663165491,-1.7038291136371058,-1.1327255407916468,-4.6177348534213465,-4.890399638806478,0.6930230259895325,0.0,-0.0,0.0,0.0,0.0,0.0,0.0,0.0,0.0,0.0,0.0,0.0,0
1786496230,488822460,100.0,-1.7199981848346155,-1.7038167158709925,-1.1327856222735804,-4.617746893559591,-4.890447918568746,0.693058967590332,0.0,-0.0,0.0,0.0,0.0,0.0,0.0,0.0,0.0,0.0,0.0,0.0,0
1786496230,508737087,100.0,-1.7200105826007288,-1.703864876423971,-1.1327374617206019,-4.617770854626791,-4.890423957501547,0.6929990649223328,0.0,-0.0,0.0,0.0,0.0,0.0,0.0,0.0,0.0,0.0,0.0,0.0,0
1786496230,528830766,100.0,-1.7200225035296839,-1.7037928740130823,-1.1327016989337366,-4.6177828947650355,-4.890423957501547,0.6930110454559326,0.0,-0.0,0.0,0.0,0.0,0.0,0.0,0.0,0.0,0.0,0.0,0.0,0
1786496230,548813819,100.0,-1.7199862639056605,-1.7038410345660608,-1.1327737013446253,-4.617758814488546,-4.890423957501547,0.6930709481239319,0.0,-0.0,0.0,0.0,0.0,0.0,0.0,0.0,0.0,0.0,0.0,0.0,0
1786496230,569463253,100.0,-1.7200225035296839,-1.7038291136371058,-1.132761303578512,-4.6177948156939905,-4.890447918568746,0.6930350065231323,0.0,-0.0,0.0,0.0,0.0,0.0,0.0,0.0,0.0,0.0,0.0,0.0,0
1786496230,588793039,100.0,-1.7200701872455042,-1.7038052717791956,-1.1327016989337366,-4.617770854626791,-4.890459958706991,0.6930709481239319,0.0,-0.0,0.0,0.0,0.0,0.0,0.0,0.0,0.0,0.0,0.0,0.0,0
1786496230,609589576,100.0,-1.720046345387594,-1.7038410345660608,-1.132761303578512,-4.617770854626791,-4.890435997639791,0.6930709481239319,0.0,-0.0,0.0,0.0,0.0,0.0,0.0,0.0,0.0,0.0,0.0,0.0,0
1786496230,628781795,100.0,-1.7200225035296839,-1.7037809530841272,-1.1326773802386683,-4.617710892354147,-4.890447918568746,0.6930350065231323,0.0,-0.0,0.0,0.0,0.0,0.0,0.0,0.0,0.0,0.0,0.0,0.0,0
1786496230,648839712,100.0,-1.720034424458639,-1.7037690321551722,-1.132749382649557,-4.6177828947650355,-4.890447918568746,0.6930230259895325,0.0,-0.0,0.0,0.0,0.0,0.0,0.0,0.0,0.0,0.0,0.0,0.0,0
1786496230,668796300,100.0,-1.7199981848346155,-1.7038052717791956,-1.1327255407916468,-4.6177948156939905,-4.890412036572592,0.6930709481239319,0.0,-0.0,0.0,0.0,0.0,0.0,0.0,0.0,0.0,0.0,0.0,0.0,0
1786496230,689124107,100.0,-1.7200105826007288,-1.703745190297262,-1.1327374617206019,-4.617722932492391,-4.890435997639791,0.6930110454559326,0.0,-0.0,0.0,0.0,0.0,0.0,0.0,0.0,0.0,0.0,0.0,0.0,0
1786496230,708806753,100.0,-1.7200225035296839,-1.7037809530841272,-1.1327016989337366,-4.617770854626791,-4.890435997639791,0.6930110454559326,0.0,-0.0,0.0,0.0,0.0,0.0,0.0,0.0,0.0,0.0,0.0,0.0,0
1786496230,729257822,100.0,-1.7200225035296839,-1.7038052717791956,-1.1327255407916468,-4.617770854626791,-4.890447918568746,0.693058967590332,0.0,-0.0,0.0,0.0,0.0,0.0,0.0,0.0,0.0,0.0,0.0,0.0,0
1786496230,748772621,100.0,-1.720034424458639,-1.7038052717791956,-1.1327136198626917,-4.6177948156939905,-4.890412036572592,0.6930350065231323,0.0,-0.0,0.0,0.0,0.0,0.0,0.0,0.0,0.0,0.0,0.0,0.0,0
1786496230,769074440,100.0,-1.7199981848346155,-1.7038410345660608,-1.1327374617206019,-4.617746893559591,-4.890459958706991,0.6930829286575317,0.0,-0.0,0.0,0.0,0.0,0.0,0.0,0.0,0.0,0.0,0.0,0.0,0
1786496230,788726806,100.0,-1.720046345387594,-1.7037809530841272,-1.1327255407916468,-4.6177948156939905,-4.890435997639791,0.6929990649223328,0.0,-0.0,0.0,0.0,0.0,0.0,0.0,0.0,0.0,0.0,0.0,0.0,0
1786496230,808976650,100.0,-1.7199981848346155,-1.7038291136371058,-1.1327016989337366,-4.6177348534213465,-4.890435997639791,0.6930469870567322,0.0,-0.0,0.0,0.0,0.0,0.0,0.0,0.0,0.0,0.0,0.0,0.0,0
1786496230,828841924,100.0,-1.7200225035296839,-1.7038410345660608,-1.132749382649557,-4.6177948156939905,-4.890423957501547,0.6930469870567322,0.0,-0.0,0.0,0.0,0.0,0.0,0.0,0.0,0.0,0.0,0.0,0.0,0
1786496230,848744630,100.0,-1.7199862639056605,-1.7038052717791956,-1.132749382649557,-4.617746893559591,-4.890459958706991,0.6930350065231323,0.0,-0.0,0.0,0.0,0.0,0.0,0.0,0.0,0.0,0.0,0.0,0.0,0
1786496230,868833065,100.0,-1.720034424458639,-1.7037809530841272,-1.1327255407916468,-4.6177348534213465,-4.890447918568746,0.6930110454559326,0.0,-0.0,0.0,0.0,0.0,0.0,0.0,0.0,0.0,0.0,0.0,0.0,0
1786496230,889341354,100.0,-1.7199981848346155,-1.7037809530841272,-1.1327374617206019,-4.6177948156939905,-4.890387598668234,0.6930829286575317,0.0,-0.0,0.0,0.0,0.0,0.0,0.0,0.0,0.0,0.0,0.0,0.0,0
1786496230,908756732,100.0,-1.720046345387594,-1.7038410345660608,-1.1327374617206019,-4.6177828947650355,-4.890423957501547,0.6930110454559326,0.0,-0.0,0.0,0.0,0.0,0.0,0.0,0.0,0.0,0.0,0.0,0.0,0
1786496230,929228067,100.0,-1.7199981848346155,-1.7038052717791956,-1.1327136198626917,-4.617746893559591,-4.890435997639791,0.6930350065231323,0.0,-0.0,0.0,0.0,0.0,0.0,0.0,0.0,0.0,0.0,0.0,0.0,0
1786496230,948804140,100.0,-1.7200105826007288,-1.703757111226217,-1.1327136198626917,-4.617770854626791,-4.890447918568746,0.693058967590332,0.0,-0.0,0.0,0.0,0.0,0.0,0.0,0.0,0.0,0.0,0.0,0.0,0
1786496230,968836545,100.0,-1.720046345387594,-1.7038410345660608,-1.1327374617206019,-4.6177948156939905,-4.890435997639791,0.6930230259895325,0.0,-0.0,0.0,0.0,0.0,0.0,0.0,0.0,0.0,0.0,0.0,0.0,0
1786496230,988758087,100.0,-1.7200582663165491,-1.7037928740130823,-1.1327374617206019,-4.617770854626791,-4.890447918568746,0.6930829286575317,0.0,-0.0,0.0,0.0,0.0,0.0,0.0,0.0,0.0,0.0,0.0,0.0,0
1786496231,8794069,100.0,-1.720046345387594,-1.7038167158709925,-1.1327737013446253,-4.6177948156939905,-4.890423957501547,0.6930709481239319,0.0,-0.0,0.0,0.0,0.0,0.0,0.0,0.0,0.0,0.0,0.0,0.0,0
1786496231,28730154,100.0,-1.720046345387594,-1.7038291136371058,-1.1327016989337366,-4.617722932492391,-4.890412036572592,0.693058967590332,0.0,-0.0,0.0,0.0,0.0,0.0,0.0,0.0,0.0,0.0,0.0,0.0,0
1786496231,48847913,100.0,-1.7200225035296839,-1.7038410345660608,-1.1327016989337366,-4.617746893559591,-4.890423957501547,0.6930709481239319,0.0,-0.0,0.0,0.0,0.0,0.0,0.0,0.0,0.0,0.0,0.0,0.0,0
1786496231,68831443,100.0,-1.720046345387594,-1.7038291136371058,-1.132749382649557,-4.6177348534213465,-4.890435997639791,0.693058967590332,0.0,-0.0,0.0,0.0,0.0,0.0,0.0,0.0,0.0,0.0,0.0,0.0,0
1786496231,89005708,100.0,-1.720034424458639,-1.7038052717791956,-1.132761303578512,-4.6177948156939905,-4.890447918568746,0.6930230259895325,0.0,-0.0,0.0,0.0,0.0,0.0,0.0,0.0,0.0,0.0,0.0,0.0,0
1786496231,108799219,100.0,-1.7200105826007288,-1.7038052717791956,-1.1327136198626917,-4.617770854626791,-4.890423957501547,0.6930350065231323,0.0,-0.0,0.0,0.0,0.0,0.0,0.0,0.0,0.0,0.0,0.0,0.0,0
1786496231,129197120,100.0,-1.7200582663165491,-1.7037809530841272,-1.132761303578512,-4.617758814488546,-4.890399638806478,0.6930949091911316,0.0,-0.0,0.0,0.0,0.0,0.0,0.0,0.0,0.0,0.0,0.0,0.0,0
1786496231,148828744,100.0,-1.7200105826007288,-1.7038167158709925,-1.1327136198626917,-4.617770854626791,-4.890399638806478,0.6930469870567322,0.0,-0.0,0.0,0.0,0.0,0.0,0.0,0.0,0.0,0.0,0.0,0.0,0
1786496231,168948888,100.0,-1.720046345387594,-1.7037690321551722,-1.1326897780047815,-4.6177348534213465,-4.890423957501547,0.6930949091911316,0.0,-0.0,0.0,0.0,0.0,0.0,0.0,0.0,0.0,0.0,0.0,0.0,0
1786496231,188743829,100.0,-1.7200582663165491,-1.7037690321551722,-1.132749382649557,-4.617758814488546,-4.890399638806478,0.6930350065231323,0.0,-0.0,0.0,0.0,0.0,0.0,0.0,0.0,0.0,0.0,0.0,0.0,0
1786496231,208605527,100.0,-1.7199862639056605,-1.7038052717791956,-1.1327374617206019,-4.617770854626791,-4.890423957501547,0.6930350065231323,0.0,-0.0,0.0,0.0,0.0,0.0,0.0,0.0,0.0,0.0,0.0,0.0,0
1786496231,228861093,100.0,-1.7199862639056605,-1.7037809530841272,-1.132761303578512,-4.617770854626791,-4.890435997639791,0.6929990649223328,0.0,-0.0,0.0,0.0,0.0,0.0,0.0,0.0,0.0,0.0,0.0,0.0,0
1786496231,248933553,100.0,-1.7200821081744593,-1.7037809530841272,-1.132749382649557,-4.6177828947650355,-4.890423957501547,0.6930469870567322,0.0,-0.0,0.0,0.0,0.0,0.0,0.0,0.0,0.0,0.0,0.0,0.0,0
1786496231,268773317,100.0,-1.7200225035296839,-1.7037928740130823,-1.1327374617206019,-4.6177348534213465,-4.890447918568746,0.6930709481239319,0.0,-0.0,0.0,0.0,0.0,0.0,0.0,0.0,0.0,0.0,0.0,0.0,0
1786496231,289233922,100.0,-1.7200582663165491,-1.7038410345660608,-1.132749382649557,-4.6177828947650355,-4.890423957501547,0.6930230259895325,0.0,-0.0,0.0,0.0,0.0,0.0,0.0,0.0,0.0,0.0,0.0,0.0,0
1786496231,308760404,100.0,-1.7200582663165491,-1.7038291136371058,-1.132749382649557,-4.617722932492391,-4.890399638806478,0.6930469870567322,0.0,-0.0,0.0,0.0,0.0,0.0,0.0,0.0,0.0,0.0,0.0,0.0,0
1786496231,329542875,100.0,-1.7199981848346155,-1.7038291136371058,-1.132749382649557,-4.617758814488546,-4.890423957501547,0.6930469870567322,0.0,-0.0,0.0,0.0,0.0,0.0,0.0,0.0,0.0,0.0,0.0,0.0,0
1786496231,348713874,100.0,-1.7200105826007288,-1.7038052717791956,-1.1327374617206019,-4.617806855832235,-4.890447918568746,0.6930230259895325,0.0,-0.0,0.0,0.0,0.0,0.0,0.0,0.0,0.0,0.0,0.0,0.0,0
1786496231,370117902,100.0,-1.7199862639056605,-1.7038410345660608,-1.1327975432025355,-4.6177948156939905,-4.890471879635946,0.6930829286575317,0.0,-0.0,0.0,0.0,0.0,0.0,0.0,0.0,0.0,0.0,0.0,0.0,0
1786496231,388754129,100.0,-1.720046345387594,-1.7038167158709925,-1.1327255407916468,-4.617746893559591,-4.890412036572592,0.6930469870567322,0.0,-0.0,0.0,0.0,0.0,0.0,0.0,0.0,0.0,0.0,0.0,0.0,0
1786496231,409101247,100.0,-1.720034424458639,-1.7038410345660608,-1.1327374617206019,-4.617806855832235,-4.890399638806478,0.6929990649223328,0.0,-0.0,0.0,0.0,0.0,0.0,0.0,0.0,0.0,0.0,0.0,0.0,0
1786496231,428759098,100.0,-1.720046345387594,-1.7037928740130823,-1.132749382649557,-4.617770854626791,-4.890459958706991,0.6930949091911316,0.0,-0.0,0.0,0.0,0.0,0.0,0.0,0.0,0.0,0.0,0.0,0.0,0
1786496231,449121475,100.0,-1.7200701872455042,-1.703852955495016,-1.1327136198626917,-4.617746893559591,-4.890399638806478,0.6930469870567322,0.0,-0.0,0.0,0.0,0.0,0.0,0.0,0.0,0.0,0.0,0.0,0.0,0
1786496231,468738794,100.0,-1.720046345387594,-1.7038291136371058,-1.1327374617206019,-4.617758814488546,-4.890399638806478,0.6930829286575317,0.0,-0.0,0.0,0.0,0.0,0.0,0.0,0.0,0.0,0.0,0.0,0.0,0
1786496231,489022970,100.0,-1.720046345387594,-1.7038167158709925,-1.1327016989337366,-4.617758814488546,-4.890447918568746,0.6929870843887329,0.0,-0.0,0.0,0.0,0.0,0.0,0.0,0.0,0.0,0.0,0.0,0.0,0
1786496231,508696794,100.0,-1.7200105826007288,-1.7037809530841272,-1.132761303578512,-4.617722932492391,-4.890387598668234,0.6930350065231323,0.0,-0.0,0.0,0.0,0.0,0.0,0.0,0.0,0.0,0.0,0.0,0.0,0
1786496231,528769969,100.0,-1.7200701872455042,-1.7038167158709925,-1.1327374617206019,-4.6177948156939905,-4.890423957501547,0.6930829286575317,0.0,-0.0,0.0,0.0,0.0,0.0,0.0,0.0,0.0,0.0,0.0,0.0,0
1786496231,548831701,100.0,-1.7200225035296839,-1.7038410345660608,-1.132749382649557,-4.617710892354147,-4.890412036572592,0.6930230259895325,0.0,-0.0,0.0,0.0,0.0,0.0,0.0,0.0,0.0,0.0,0.0,0.0,0
1786496231,568731069,100.0,-1.7199981848346155,-1.703864876423971,-1.1326897780047815,-4.617758814488546,-4.890447918568746,0.6930469870567322,0.0,-0.0,0.0,0.0,0.0,0.0,0.0,0.0,0.0,0.0,0.0,0.0,0
1786496231,588827371,100.0,-1.7200821081744593,-1.703876797352926,-1.1326897780047815,-4.6177948156939905,-4.890447918568746,0.6930230259895325,0.0,-0.0,0.0,0.0,0.0,0.0,0.0,0.0,0.0,0.0,0.0,0.0,0
1786496231,609062194,100.0,-1.7199981848346155,-1.7038167158709925,-1.1327255407916468,-4.6177948156939905,-4.890459958706991,0.6930350065231323,0.0,-0.0,0.0,0.0,0.0,0.0,0.0,0.0,0.0,0.0,0.0,0.0,0
1786496231,628834486,100.0,-1.720034424458639,-1.7038052717791956,-1.132761303578512,-4.617758814488546,-4.890447918568746,0.6930350065231323,0.0,-0.0,0.0,0.0,0.0,0.0,0.0,0.0,0.0,0.0,0.0,0.0,0
1786496231,648959636,100.0,-1.7199981848346155,-1.7038167158709925,-1.132749382649557,-4.617758814488546,-4.890375677739279,0.6930110454559326,0.0,-0.0,0.0,0.0,0.0,0.0,0.0,0.0,0.0,0.0,0.0,0.0,0
1786496231,668762445,100.0,-1.7200225035296839,-1.7038052717791956,-1.1327136198626917,-4.617746893559591,-4.890399638806478,0.6930469870567322,0.0,-0.0,0.0,0.0,0.0,0.0,0.0,0.0,0.0,0.0,0.0,0.0,0
1786496231,688727617,100.0,-1.7199981848346155,-1.703852955495016,-1.1327136198626917,-4.6177828947650355,-4.890423957501547,0.693058967590332,0.0,-0.0,0.0,0.0,0.0,0.0,0.0,0.0,0.0,0.0,0.0,0.0,0
1786496231,708872079,100.0,-1.7199981848346155,-1.7037928740130823,-1.1327374617206019,-4.617758814488546,-4.890399638806478,0.6930110454559326,0.0,-0.0,0.0,0.0,0.0,0.0,0.0,0.0,0.0,0.0,0.0,0.0,0
1786496231,729575634,100.0,-1.7200582663165491,-1.7038167158709925,-1.132761303578512,-4.617758814488546,-4.890459958706991,0.6930949091911316,0.0,-0.0,0.0,0.0,0.0,0.0,0.0,0.0,0.0,0.0,0.0,0.0,0
1786496231,748779296,100.0,-1.7200225035296839,-1.7038291136371058,-1.1327136198626917,-4.617770854626791,-4.890471879635946,0.693058967590332,0.0,-0.0,0.0,0.0,0.0,0.0,0.0,0.0,0.0,0.0,0.0,0.0,0
1786496231,768612623,100.0,-1.720034424458639,-1.7038410345660608,-1.1327374617206019,-4.6177348534213465,-4.890435997639791,0.6930350065231323,0.0,-0.0,0.0,0.0,0.0,0.0,0.0,0.0,0.0,0.0,0.0,0.0,0
1786496231,788798093,100.0,-1.7200225035296839,-1.7038167158709925,-1.132761303578512,-4.6177348534213465,-4.890412036572592,0.6930709481239319,0.0,-0.0,0.0,0.0,0.0,0.0,0.0,0.0,0.0,0.0,0.0,0.0,0
1786496231,809994459,100.0,-1.7200225035296839,-1.7038167158709925,-1.1327856222735804,-4.617746893559591,-4.890447918568746,0.6930110454559326,0.0,-0.0,0.0,0.0,0.0,0.0,0.0,0.0,0.0,0.0,0.0,0.0,0
1786496231,829169988,100.0,-1.7199862639056605,-1.7037690321551722,-1.1327374617206019,-4.617710892354147,-4.890447918568746,0.6930469870567322,0.0,-0.0,0.0,0.0,0.0,0.0,0.0,0.0,0.0,0.0,0.0,0.0,0
1786496231,849062204,100.0,-1.7199862639056605,-1.7038291136371058,-1.1326659361468714,-4.617722932492391,-4.890435997639791,0.6930350065231323,0.0,-0.0,0.0,0.0,0.0,0.0,0.0,0.0,0.0,0.0,0.0,0.0,0
1786496231,868806600,100.0,-1.7200105826007288,-1.7038410345660608,-1.132749382649557,-4.617722932492391,-4.890375677739279,0.693058967590332,0.0,-0.0,0.0,0.0,0.0,0.0,0.0,0.0,0.0,0.0,0.0,0.0,0
1786496231,888901472,100.0,-1.7200105826007288,-1.7038291136371058,-1.1327255407916468,-4.617722932492391,-4.890375677739279,0.6930230259895325,0.0,-0.0,0.0,0.0,0.0,0.0,0.0,0.0,0.0,0.0,0.0,0.0,0
1786496231,908790111,100.0,-1.7200821081744593,-1.7038291136371058,-1.132749382649557,-4.6177828947650355,-4.890423957501547,0.6930230259895325,0.0,-0.0,0.0,0.0,0.0,0.0,0.0,0.0,0.0,0.0,0.0,0.0,0
1786496231,929424285,100.0,-1.7200105826007288,-1.7038167158709925,-1.1327136198626917,-4.6177348534213465,-4.890423957501547,0.6930469870567322,0.0,-0.0,0.0,0.0,0.0,0.0,0.0,0.0,0.0,0.0,0.0,0.0,0
1786496231,948993682,100.0,-1.720046345387594,-1.7037809530841272,-1.1327374617206019,-4.617758814488546,-4.890423957501547,0.6930469870567322,0.0,-0.0,0.0,0.0,0.0,0.0,0.0,0.0,0.0,0.0,0.0,0.0,0
1786496231,970002651,100.0,-1.720046345387594,-1.7038410345660608,-1.1327016989337366,-4.617806855832235,-4.890399638806478,0.6930709481239319,0.0,-0.0,0.0,0.0,0.0,0.0,0.0,0.0,0.0,0.0,0.0,0.0,0
1786496231,988785982,100.0,-1.720034424458639,-1.7038167158709925,-1.132749382649557,-4.617806855832235,-4.890447918568746,0.6930829286575317,0.0,-0.0,0.0,0.0,0.0,0.0,0.0,0.0,0.0,0.0,0.0,0.0,0
1786496232,8724689,100.0,-1.7200105826007288,-1.7038052717791956,-1.1326897780047815,-4.617758814488546,-4.890447918568746,0.693058967590332,0.0,-0.0,0.0,0.0,0.0,0.0,0.0,0.0,0.0,0.0,0.0,0.0,0
1786496232,28723716,100.0,-1.7199862639056605,-1.7038410345660608,-1.1327374617206019,-4.6177348534213465,-4.890412036572592,0.6930230259895325,0.0,-0.0,0.0,0.0,0.0,0.0,0.0,0.0,0.0,0.0,0.0,0.0,0
1786496232,48713922,100.0,-1.7200821081744593,-1.7038167158709925,-1.1327136198626917,-4.617806855832235,-4.890387598668234,0.6929990649223328,0.0,-0.0,0.0,0.0,0.0,0.0,0.0,0.0,0.0,0.0,0.0,0.0,0
1786496232,68871021,100.0,-1.7199981848346155,-1.703852955495016,-1.1327016989337366,-4.617710892354147,-4.890447918568746,0.6930949091911316,0.0,-0.0,0.0,0.0,0.0,0.0,0.0,0.0,0.0,0.0,0.0,0.0,0
1786496232,88915824,100.0,-1.720034424458639,-1.7037809530841272,-1.132749382649557,-4.617770854626791,-4.890412036572592,0.6930469870567322,0.0,-0.0,0.0,0.0,0.0,0.0,0.0,0.0,0.0,0.0,0.0,0.0,0
1786496232,108802556,100.0,-1.7199981848346155,-1.7037928740130823,-1.1327374617206019,-4.617758814488546,-4.890423957501547,0.6929990649223328,0.0,-0.0,0.0,0.0,0.0,0.0,0.0,0.0,0.0,0.0,0.0,0.0,0
1786496232,128891229,100.0,-1.7200105826007288,-1.7038410345660608,-1.1327016989337366,-4.617746893559591,-4.890375677739279,0.6930350065231323,0.0,-0.0,0.0,0.0,0.0,0.0,0.0,0.0,0.0,0.0,0.0,0.0,0
1786496232,148725032,100.0,-1.7199743429767054,-1.7038291136371058,-1.1327374617206019,-4.617770854626791,-4.890459958706991,0.6930350065231323,0.0,-0.0,0.0,0.0,0.0,0.0,0.0,0.0,0.0,0.0,0.0,0.0,0
1786496232,168457031,100.0,-1.7199862639056605,-1.7038167158709925,-1.1327374617206019,-4.617758814488546,-4.890435997639791,0.6930350065231323,0.0,-0.0,0.0,0.0,0.0,0.0,0.0,0.0,0.0,0.0,0.0,0.0,0
1786496232,188731670,100.0,-1.7200105826007288,-1.7037809530841272,-1.1327136198626917,-4.617758814488546,-4.890412036572592,0.6930949091911316,0.0,-0.0,0.0,0.0,0.0,0.0,0.0,0.0,0.0,0.0,0.0,0.0,0
1786496232,208853006,100.0,-1.7200701872455042,-1.7037690321551722,-1.132749382649557,-4.6177348534213465,-4.890423957501547,0.6930230259895325,0.0,-0.0,0.0,0.0,0.0,0.0,0.0,0.0,0.0,0.0,0.0,0.0,0
1786496232,228731155,100.0,-1.7200105826007288,-1.7038052717791956,-1.1327255407916468,-4.617758814488546,-4.890459958706991,0.6929990649223328,0.0,-0.0,0.0,0.0,0.0,0.0,0.0,0.0,0.0,0.0,0.0,0.0,0
1786496232,248642921,100.0,-1.7200225035296839,-1.7038167158709925,-1.1327136198626917,-4.617746893559591,-4.890447918568746,0.6930350065231323,0.0,-0.0,0.0,0.0,0.0,0.0,0.0,0.0,0.0,0.0,0.0,0.0,0
1786496232,268760204,100.0,-1.7200105826007288,-1.7038052717791956,-1.1327374617206019,-4.6177828947650355,-4.890399638806478,0.6930829286575317,0.0,-0.0,0.0,0.0,0.0,0.0,0.0,0.0,0.0,0.0,0.0,0.0,0
1786496232,288612842,100.0,-1.7200105826007288,-1.7038052717791956,-1.132749382649557,-4.6177348534213465,-4.890447918568746,0.6930709481239319,0.0,-0.0,0.0,0.0,0.0,0.0,0.0,0.0,0.0,0.0,0.0,0.0,0
1786496232,308775663,100.0,-1.720034424458639,-1.7038410345660608,-1.132761303578512,-4.617758814488546,-4.890435997639791,0.6929990649223328,0.0,-0.0,0.0,0.0,0.0,0.0,0.0,0.0,0.0,0.0,0.0,0.0,0
1786496232,328758716,100.0,-1.7200105826007288,-1.7038052717791956,-1.1327374617206019,-4.6177828947650355,-4.890459958706991,0.6929990649223328,0.0,-0.0,0.0,0.0,0.0,0.0,0.0,0.0,0.0,0.0,0.0,0.0,0
1786496232,348744869,100.0,-1.720034424458639,-1.7038052717791956,-1.1327374617206019,-4.6177828947650355,-4.890399638806478,0.6929990649223328,0.0,-0.0,0.0,0.0,0.0,0.0,0.0,0.0,0.0,0.0,0.0,0.0,0
1786496232,369015693,100.0,-1.7200225035296839,-1.703864876423971,-1.132749382649557,-4.617746893559591,-4.890399638806478,0.6930709481239319,0.0,-0.0,0.0,0.0,0.0,0.0,0.0,0.0,0.0,0.0,0.0,0.0,0
1786496232,388731718,100.0,-1.720046345387594,-1.703852955495016,-1.1327016989337366,-4.617686931286947,-4.890459958706991,0.693058967590332,0.0,-0.0,0.0,0.0,0.0,0.0,0.0,0.0,0.0,0.0,0.0,0.0,0
1786496232,408624887,100.0,-1.7200701872455042,-1.7038052717791956,-1.1327374617206019,-4.617806855832235,-4.890447918568746,0.6930949091911316,0.0,-0.0,0.0,0.0,0.0,0.0,0.0,0.0,0.0,0.0,0.0,0.0,0
1786496232,428755044,100.0,-1.720046345387594,-1.7038052717791956,-1.1327255407916468,-4.617770854626791,-4.890399638806478,0.6930949091911316,0.0,-0.0,0.0,0.0,0.0,0.0,0.0,0.0,0.0,0.0,0.0,0.0,0
1786496232,448719024,100.0,-1.7199981848346155,-1.7037809530841272,-1.1327374617206019,-4.6177948156939905,-4.890447918568746,0.6930469870567322,0.0,-0.0,0.0,0.0,0.0,0.0,0.0,0.0,0.0,0.0,0.0,0.0,0
1786496232,468724489,100.0,-1.720034424458639,-1.7037809530841272,-1.1327136198626917,-4.617770854626791,-4.890435997639791,0.6930949091911316,0.0,-0.0,0.0,0.0,0.0,0.0,0.0,0.0,0.0,0.0,0.0,0.0,0
1786496232,488620996,100.0,-1.7200225035296839,-1.7038052717791956,-1.1327016989337366,-4.6177828947650355,-4.890423957501547,0.6930829286575317,0.0,-0.0,0.0,0.0,0.0,0.0,0.0,0.0,0.0,0.0,0.0,0.0,0
1786496232,508766174,100.0,-1.7200225035296839,-1.7038167158709925,-1.1327374617206019,-4.617758814488546,-4.890447918568746,0.6930230259895325,0.0,-0.0,0.0,0.0,0.0,0.0,0.0,0.0,0.0,0.0,0.0,0.0,0
1786496232,528520107,100.0,-1.7200105826007288,-1.7037928740130823,-1.132749382649557,-4.617758814488546,-4.890447918568746,0.6930469870567322,0.0,-0.0,0.0,0.0,0.0,0.0,0.0,0.0,0.0,0.0,0.0,0.0,0
1786496232,548832654,100.0,-1.720034424458639,-1.7038167158709925,-1.1327255407916468,-4.617770854626791,-4.890387598668234,0.6930350065231323,0.0,-0.0,0.0,0.0,0.0,0.0,0.0,0.0,0.0,0.0,0.0,0.0,0
1786496232,568520545,100.0,-1.7200582663165491,-1.703876797352926,-1.1327136198626917,-4.617746893559591,-4.890399638806478,0.6930829286575317,0.0,-0.0,0.0,0.0,0.0,0.0,0.0,0.0,0.0,0.0,0.0,0.0,0
1786496232,588769435,100.0,-1.7199981848346155,-1.7038167158709925,-1.1327016989337366,-4.6177948156939905,-4.890412036572592,0.6930469870567322,0.0,-0.0,0.0,0.0,0.0,0.0,0.0,0.0,0.0,0.0,0.0,0.0,0
1786496232,608774185,100.0,-1.7199743429767054,-1.7038410345660608,-1.1327374617206019,-4.617722932492391,-4.890459958706991,0.6930230259895325,0.0,-0.0,0.0,0.0,0.0,0.0,0.0,0.0,0.0,0.0,0.0,0.0,0
1786496232,628716230,100.0,-1.7200105826007288,-1.7038291136371058,-1.132749382649557,-4.617758814488546,-4.890447918568746,0.6930230259895325,0.0,-0.0,0.0,0.0,0.0,0.0,0.0,0.0,0.0,0.0,0.0,0.0,0
1786496232,649023294,100.0,-1.7200701872455042,-1.703852955495016,-1.1326897780047815,-4.617722932492391,-4.890447918568746,0.6929990649223328,0.0,-0.0,0.0,0.0,0.0,0.0,0.0,0.0,0.0,0.0,0.0,0.0,0
1786496232,668764114,100.0,-1.7200105826007288,-1.7038052717791956,-1.1327975432025355,-4.617746893559591,-4.890412036572592,0.6930469870567322,0.0,-0.0,0.0,0.0,0.0,0.0,0.0,0.0,0.0,0.0,0.0,0.0,0
1786496232,688828229,100.0,-1.720034424458639,-1.7037809530841272,-1.1327374617206019,-4.6177348534213465,-4.890387598668234,0.6930829286575317,0.0,-0.0,0.0,0.0,0.0,0.0,0.0,0.0,0.0,0.0,0.0,0.0,0
1786496232,708785057,100.0,-1.7199862639056605,-1.7038052717791956,-1.1327255407916468,-4.617770854626791,-4.890447918568746,0.6929990649223328,0.0,-0.0,0.0,0.0,0.0,0.0,0.0,0.0,0.0,0.0,0.0,0.0,0
1786496232,728978633,100.0,-1.7199743429767054,-1.7038291136371058,-1.132749382649557,-4.6177348534213465,-4.890447918568746,0.6930469870567322,0.0,-0.0,0.0,0.0,0.0,0.0,0.0,0.0,0.0,0.0,0.0,0.0,0
1786496232,748760938,100.0,-1.7200105826007288,-1.7037928740130823,-1.1327737013446253,-4.617746893559591,-4.890471879635946,0.6930230259895325,0.0,-0.0,0.0,0.0,0.0,0.0,0.0,0.0,0.0,0.0,0.0,0.0,0
1786496232,768957376,100.0,-1.720046345387594,-1.703864876423971,-1.1327016989337366,-4.6177348534213465,-4.890423957501547,0.6930709481239319,0.0,-0.0,0.0,0.0,0.0,0.0,0.0,0.0,0.0,0.0,0.0,0.0,0
1786496232,788719177,100.0,-1.7199862639056605,-1.703852955495016,-1.1327856222735804,-4.617770854626791,-4.890412036572592,0.6930949091911316,0.0,-0.0,0.0,0.0,0.0,0.0,0.0,0.0,0.0,0.0,0.0,0.0,0
1786496232,808535575,100.0,-1.7200701872455042,-1.7038167158709925,-1.1327374617206019,-4.6177348534213465,-4.890483919774191,0.6930469870567322,0.0,-0.0,0.0,0.0,0.0,0.0,0.0,0.0,0.0,0.0,0.0,0.0,0
1786496232,828739404,100.0,-1.7200225035296839,-1.7038052717791956,-1.132761303578512,-4.6177348534213465,-4.890423957501547,0.6930230259895325,0.0,-0.0,0.0,0.0,0.0,0.0,0.0,0.0,0.0,0.0,0.0,0.0,0
1786496232,848576545,100.0,-1.7200225035296839,-1.7038291136371058,-1.1327737013446253,-4.6177348534213465,-4.890435997639791,0.6930709481239319,0.0,-0.0,0.0,0.0,0.0,0.0,0.0,0.0,0.0,0.0,0.0,0.0,0
1786496232,868728399,100.0,-1.7200225035296839,-1.7038291136371058,-1.1327255407916468,-4.617758814488546,-4.890423957501547,0.6929990649223328,0.0,-0.0,0.0,0.0,0.0,0.0,0.0,0.0,0.0,0.0,0.0,0.0,0
1786496232,888515233,100.0,-1.720046345387594,-1.7038410345660608,-1.132749382649557,-4.617770854626791,-4.890387598668234,0.6930350065231323,0.0,-0.0,0.0,0.0,0.0,0.0,0.0,0.0,0.0,0.0,0.0,0.0,0
1786496232,908693790,100.0,-1.7200225035296839,-1.7038052717791956,-1.1327374617206019,-4.617770854626791,-4.890412036572592,0.6930469870567322,0.0,-0.0,0.0,0.0,0.0,0.0,0.0,0.0,0.0,0.0,0.0,0.0,0
1786496232,928586721,100.0,-1.720034424458639,-1.7038167158709925,-1.1327255407916468,-4.617698971425192,-4.890447918568746,0.6930469870567322,0.0,-0.0,0.0,0.0,0.0,0.0,0.0,0.0,0.0,0.0,0.0,0.0,0
1786496232,948687791,100.0,-1.720046345387594,-1.7038052717791956,-1.1327374617206019,-4.617758814488546,-4.890435997639791,0.6930350065231323,0.0,-0.0,0.0,0.0,0.0,0.0,0.0,0.0,0.0,0.0,0.0,0.0,0
1786496232,969086885,100.0,-1.720046345387594,-1.7038052717791956,-1.1327374617206019,-4.617746893559591,-4.890412036572592,0.6930110454559326,0.0,-0.0,0.0,0.0,0.0,0.0,0.0,0.0,0.0,0.0,0.0,0.0,0
1786496232,988822937,100.0,-1.720034424458639,-1.7038052717791956,-1.132749382649557,-4.6177828947650355,-4.890423957501547,0.6930110454559326,0.0,-0.0,0.0,0.0,0.0,0.0,0.0,0.0,0.0,0.0,0.0,0.0,0
1786496233,8668661,100.0,-1.7200701872455042,-1.7037809530841272,-1.1327136198626917,-4.617710892354147,-4.890399638806478,0.6930469870567322,0.0,-0.0,0.0,0.0,0.0,0.0,0.0,0.0,0.0,0.0,0.0,0.0,0
1786496233,28717517,100.0,-1.7199981848346155,-1.7037928740130823,-1.132761303578512,-4.6177828947650355,-4.890447918568746,0.6930110454559326,0.0,-0.0,0.0,0.0,0.0,0.0,0.0,0.0,0.0,0.0,0.0,0.0,0
1786496233,48529148,100.0,-1.720046345387594,-1.7038167158709925,-1.1327016989337366,-4.617770854626791,-4.890423957501547,0.6930350065231323,0.0,-0.0,0.0,0.0,0.0,0.0,0.0,0.0,0.0,0.0,0.0,0.0,0
1786496233,68694591,100.0,-1.720046345387594,-1.7038167158709925,-1.1327737013446253,-4.617722932492391,-4.890423957501547,0.6930110454559326,0.0,-0.0,0.0,0.0,0.0,0.0,0.0,0.0,0.0,0.0,0.0,0.0,0
1786496233,88517904,100.0,-1.7200225035296839,-1.7038052717791956,-1.132749382649557,-4.6177828947650355,-4.890423957501547,0.6930709481239319,0.0,-0.0,0.0,0.0,0.0,0.0,0.0,0.0,0.0,0.0,0.0,0.0,0
1786496233,108701705,100.0,-1.7199981848346155,-1.7038167158709925,-1.132761303578512,-4.6177828947650355,-4.890423957501547,0.693058967590332,0.0,-0.0,0.0,0.0,0.0,0.0,0.0,0.0,0.0,0.0,0.0,0.0,0
1786496233,128475666,100.0,-1.720034424458639,-1.7038052717791956,-1.1327374617206019,-4.617770854626791,-4.890447918568746,0.6930469870567322,0.0,-0.0,0.0,0.0,0.0,0.0,0.0,0.0,0.0,0.0,0.0,0.0,0
1786496233,148715734,100.0,-1.720034424458639,-1.7037928740130823,-1.1326897780047815,-4.617770854626791,-4.890423957501547,0.6930829286575317,0.0,-0.0,0.0,0.0,0.0,0.0,0.0,0.0,0.0,0.0,0.0,0.0,0
1786496233,168672800,100.0,-1.7200582663165491,-1.7037809530841272,-1.1326773802386683,-4.617746893559591,-4.890375677739279,0.6930110454559326,0.0,-0.0,0.0,0.0,0.0,0.0,0.0,0.0,0.0,0.0,0.0,0.0,0
1786496233,188700675,100.0,-1.7200105826007288,-1.703852955495016,-1.1327255407916468,-4.617746893559591,-4.890412036572592,0.6930350065231323,0.0,-0.0,0.0,0.0,0.0,0.0,0.0,0.0,0.0,0.0,0.0,0.0,0
1786496233,208556890,100.0,-1.7200582663165491,-1.7037809530841272,-1.1327255407916468,-4.6177828947650355,-4.890399638806478,0.6930709481239319,0.0,-0.0,0.0,0.0,0.0,0.0,0.0,0.0,0.0,0.0,0.0,0.0,0
1786496233,228768348,100.0,-1.720034424458639,-1.7037928740130823,-1.1327136198626917,-4.617746893559591,-4.890435997639791,0.6930469870567322,0.0,-0.0,0.0,0.0,0.0,0.0,0.0,0.0,0.0,0.0,0.0,0.0,0
1786496233,248685359,100.0,-1.7200225035296839,-1.7037690321551722,-1.1327374617206019,-4.6177348534213465,-4.890435997639791,0.6930350065231323,0.0,-0.0,0.0,0.0,0.0,0.0,0.0,0.0,0.0,0.0,0.0,0.0,0
1786496233,268712282,100.0,-1.7200225035296839,-1.7038410345660608,-1.1327136198626917,-4.617746893559591,-4.890423957501547,0.693058967590332,0.0,-0.0,0.0,0.0,0.0,0.0,0.0,0.0,0.0,0.0,0.0,0.0,0
1786496233,288508892,100.0,-1.7200105826007288,-1.7038291136371058,-1.1327136198626917,-4.617770854626791,-4.890387598668234,0.6930350065231323,0.0,-0.0,0.0,0.0,0.0,0.0,0.0,0.0,0.0,0.0,0.0,0.0,0
1786496233,308777570,100.0,-1.7200225035296839,-1.7038291136371058,-1.132749382649557,-4.6177948156939905,-4.890471879635946,0.6930110454559326,0.0,-0.0,0.0,0.0,0.0,0.0,0.0,0.0,0.0,0.0,0.0,0.0,0
1786496233,328795909,100.0,-1.7200225035296839,-1.7038410345660608,-1.1327136198626917,-4.61781877676119,-4.890387598668234,0.6930110454559326,0.0,-0.0,0.0,0.0,0.0,0.0,0.0,0.0,0.0,0.0,0.0,0.0,0
1786496233,348720073,100.0,-1.7200225035296839,-1.7038052717791956,-1.1327136198626917,-4.6177348534213465,-4.890447918568746,0.6930469870567322,0.0,-0.0,0.0,0.0,0.0,0.0,0.0,0.0,0.0,0.0,0.0,0.0,0
1786496233,368478536,100.0,-1.720034424458639,-1.7038052717791956,-1.132749382649557,-4.617758814488546,-4.890412036572592,0.6930350065231323,0.0,-0.0,0.0,0.0,0.0,0.0,0.0,0.0,0.0,0.0,0.0,0.0,0
1786496233,388758897,100.0,-1.720046345387594,-1.7038167158709925,-1.1327255407916468,-4.617746893559591,-4.890399638806478,0.6930350065231323,0.0,-0.0,0.0,0.0,0.0,0.0,0.0,0.0,0.0,0.0,0.0,0.0,0
1786496233,408928394,100.0,-1.7200225035296839,-1.7037928740130823,-1.1327255407916468,-4.617758814488546,-4.890423957501547,0.6929990649223328,0.0,-0.0,0.0,0.0,0.0,0.0,0.0,0.0,0.0,0.0,0.0,0.0,0
1786496233,428730249,100.0,-1.720046345387594,-1.7038410345660608,-1.1327016989337366,-4.617722932492391,-4.890412036572592,0.6929990649223328,0.0,-0.0,0.0,0.0,0.0,0.0,0.0,0.0,0.0,0.0,0.0,0.0,0
1786496233,448695898,100.0,-1.720034424458639,-1.7038052717791956,-1.1327136198626917,-4.617758814488546,-4.890399638806478,0.6930829286575317,0.0,-0.0,0.0,0.0,0.0,0.0,0.0,0.0,0.0,0.0,0.0,0.0,0
1786496233,468730926,100.0,-1.720046345387594,-1.7038167158709925,-1.132761303578512,-4.6177948156939905,-4.890399638806478,0.6929990649223328,0.0,-0.0,0.0,0.0,0.0,0.0,0.0,0.0,0.0,0.0,0.0,0.0,0
1786496233,488625526,100.0,-1.7200225035296839,-1.7037690321551722,-1.1327737013446253,-4.6177828947650355,-4.890423957501547,0.6930469870567322,0.0,-0.0,0.0,0.0,0.0,0.0,0.0,0.0,0.0,0.0,0.0,0.0,0
1786496233,508741855,100.0,-1.7200225035296839,-1.7038052717791956,-1.1327136198626917,-4.617758814488546,-4.890435997639791,0.693058967590332,0.0,-0.0,0.0,0.0,0.0,0.0,0.0,0.0,0.0,0.0,0.0,0.0,0
1786496233,528484106,100.0,-1.7200225035296839,-1.7038291136371058,-1.1327737013446253,-4.617722932492391,-4.890483919774191,0.6930949091911316,0.0,-0.0,0.0,0.0,0.0,0.0,0.0,0.0,0.0,0.0,0.0,0.0,0
1786496233,548794269,100.0,-1.720046345387594,-1.7037809530841272,-1.1327136198626917,-4.617770854626791,-4.890435997639791,0.6930709481239319,0.0,-0.0,0.0,0.0,0.0,0.0,0.0,0.0,0.0,0.0,0.0,0.0,0
1786496233,568556308,100.0,-1.7199981848346155,-1.7038167158709925,-1.1327374617206019,-4.617770854626791,-4.890447918568746,0.6930469870567322,0.0,-0.0,0.0,0.0,0.0,0.0,0.0,0.0,0.0,0.0,0.0,0.0,0
1786496233,588739633,100.0,-1.7200582663165491,-1.7038291136371058,-1.132749382649557,-4.6177828947650355,-4.890447918568746,0.693058967590332,0.0,-0.0,0.0,0.0,0.0,0.0,0.0,0.0,0.0,0.0,0.0,0.0,0
1786496233,608631610,100.0,-1.720034424458639,-1.7037928740130823,-1.1326897780047815,-4.617746893559591,-4.890459958706991,0.6930110454559326,0.0,-0.0,0.0,0.0,0.0,0.0,0.0,0.0,0.0,0.0,0.0,0.0,0
1786496233,628757953,100.0,-1.7199981848346155,-1.703852955495016,-1.1327856222735804,-4.617746893559591,-4.890387598668234,0.6930709481239319,0.0,-0.0,0.0,0.0,0.0,0.0,0.0,0.0,0.0,0.0,0.0,0.0,0
1786496233,648520469,100.0,-1.7199862639056605,-1.7038052717791956,-1.132749382649557,-4.6177828947650355,-4.890447918568746,0.6930350065231323,0.0,-0.0,0.0,0.0,0.0,0.0,0.0,0.0,0.0,0.0,0.0,0.0,0
1786496233,668851375,100.0,-1.7200105826007288,-1.7037928740130823,-1.132749382649557,-4.617758814488546,-4.890399638806478,0.6930469870567322,0.0,-0.0,0.0,0.0,0.0,0.0,0.0,0.0,0.0,0.0,0.0,0.0,0
1786496233,688515901,100.0,-1.7200105826007288,-1.7037809530841272,-1.132749382649557,-4.6177828947650355,-4.890447918568746,0.6930709481239319,0.0,-0.0,0.0,0.0,0.0,0.0,0.0,0.0,0.0,0.0,0.0,0.0,0
1786496233,708769321,100.0,-1.7200225035296839,-1.703852955495016,-1.1327255407916468,-4.617710892354147,-4.890423957501547,0.6929870843887329,0.0,-0.0,0.0,0.0,0.0,0.0,0.0,0.0,0.0,0.0,0.0,0.0,0
1786496233,728694677,100.0,-1.7199862639056605,-1.7037690321551722,-1.1327737013446253,-4.617770854626791,-4.890423957501547,0.693058967590332,0.0,-0.0,0.0,0.0,0.0,0.0,0.0,0.0,0.0,0.0,0.0,0.0,0
1786496233,748766422,100.0,-1.7199981848346155,-1.7037928740130823,-1.1326659361468714,-4.6177948156939905,-4.890387598668234,0.6930350065231323,0.0,-0.0,0.0,0.0,0.0,0.0,0.0,0.0,0.0,0.0,0.0,0.0,0
1786496233,768610239,100.0,-1.7200105826007288,-1.703757111226217,-1.1327255407916468,-4.617806855832235,-4.890459958706991,0.6930829286575317,0.0,-0.0,0.0,0.0,0.0,0.0,0.0,0.0,0.0,0.0,0.0,0.0,0
1786496233,788751125,100.0,-1.7199862639056605,-1.7038291136371058,-1.132749382649557,-4.617746893559591,-4.890387598668234,0.6930469870567322,0.0,-0.0,0.0,0.0,0.0,0.0,0.0,0.0,0.0,0.0,0.0,0.0,0
1786496233,809114933,100.0,-1.7199981848346155,-1.7038291136371058,-1.132749382649557,-4.617770854626791,-4.890435997639791,0.6930230259895325,0.0,-0.0,0.0,0.0,0.0,0.0,0.0,0.0,0.0,0.0,0.0,0.0,0
1786496233,828722715,100.0,-1.7199981848346155,-1.7038291136371058,-1.1327016989337366,-4.617722932492391,-4.890423957501547,0.6930230259895325,0.0,-0.0,0.0,0.0,0.0,0.0,0.0,0.0,0.0,0.0,0.0,0.0,0
1786496233,848626375,100.0,-1.7200225035296839,-1.7038167158709925,-1.1327255407916468,-4.617758814488546,-4.890423957501547,0.6930230259895325,0.0,-0.0,0.0,0.0,0.0,0.0,0.0,0.0,0.0,0.0,0.0,0.0,0
1786496233,868724584,100.0,-1.720046345387594,-1.7038291136371058,-1.132761303578512,-4.617770854626791,-4.890435997639791,0.6930110454559326,0.0,-0.0,0.0,0.0,0.0,0.0,0.0,0.0,0.0,0.0,0.0,0.0,0
1786496233,888729333,100.0,-1.7199862639056605,-1.7038167158709925,-1.132749382649557,-4.6177348534213465,-4.890459958706991,0.6930469870567322,0.0,-0.0,0.0,0.0,0.0,0.0,0.0,0.0,0.0,0.0,0.0,0.0,0
1786496233,908801078,100.0,-1.720046345387594,-1.7037690321551722,-1.1327856222735804,-4.617806855832235,-4.890399638806478,0.6930230259895325,0.0,-0.0,0.0,0.0,0.0,0.0,0.0,0.0,0.0,0.0,0.0,0.0,0
1786496233,928746938,100.0,-1.7199743429767054,-1.7037928740130823,-1.1327255407916468,-4.617746893559591,-4.890399638806478,0.693058967590332,0.0,-0.0,0.0,0.0,0.0,0.0,0.0,0.0,0.0,0.0,0.0,0.0,0
1786496233,948726892,100.0,-1.7199981848346155,-1.7038291136371058,-1.1327374617206019,-4.617746893559591,-4.890399638806478,0.6930110454559326,0.0,-0.0,0.0,0.0,0.0,0.0,0.0,0.0,0.0,0.0,0.0,0.0,0
1786496233,968715190,100.0,-1.720034424458639,-1.7037928740130823,-1.132749382649557,-4.6177348534213465,-4.890435997639791,0.693058967590332,0.0,-0.0,0.0,0.0,0.0,0.0,0.0,0.0,0.0,0.0,0.0,0.0,0
1786496233,988758325,100.0,-1.7200105826007288,-1.7037928740130823,-1.1326773802386683,-4.617770854626791,-4.890423957501547,0.6930350065231323,0.0,-0.0,0.0,0.0,0.0,0.0,0.0,0.0,0.0,0.0,0.0,0.0,0
1786496234,8559942,100.0,-1.7200225035296839,-1.703852955495016,-1.1326897780047815,-4.6177828947650355,-4.890459958706991,0.6930230259895325,0.0,-0.0,0.0,0.0,0.0,0.0,0.0,0.0,0.0,0.0,0.0,0.0,0
1786496234,28723001,100.0,-1.7199981848346155,-1.7037809530841272,-1.1326897780047815,-4.6177828947650355,-4.890399638806478,0.6930350065231323,0.0,-0.0,0.0,0.0,0.0,0.0,0.0,0.0,0.0,0.0,0.0,0.0,0
1786496234,48510313,100.0,-1.7199862639056605,-1.7038410345660608,-1.132761303578512,-4.6177348534213465,-4.890423957501547,0.6930469870567322,0.0,-0.0,0.0,0.0,0.0,0.0,0.0,0.0,0.0,0.0,0.0,0.0,0
1786496234,68773984,100.0,-1.7199981848346155,-1.703852955495016,-1.1327374617206019,-4.617758814488546,-4.890459958706991,0.6930110454559326,0.0,-0.0,0.0,0.0,0.0,0.0,0.0,0.0,0.0,0.0,0.0,0.0,0
1786496234,89825391,100.0,-1.720034424458639,-1.7037690321551722,-1.1327016989337366,-4.617770854626791,-4.890471879635946,0.6930709481239319,0.0,-0.0,0.0,0.0,0.0,0.0,0.0,0.0,0.0,0.0,0.0,0.0,0
1786496234,108725070,100.0,-1.7199862639056605,-1.703852955495016,-1.1327255407916468,-4.617746893559591,-4.890423957501547,0.6930350065231323,0.0,-0.0,0.0,0.0,0.0,0.0,0.0,0.0,0.0,0.0,0.0,0.0,0
1786496234,128798246,100.0,-1.7199981848346155,-1.7038052717791956,-1.1326897780047815,-4.6177828947650355,-4.890399638806478,0.6930709481239319,0.0,-0.0,0.0,0.0,0.0,0.0,0.0,0.0,0.0,0.0,0.0,0.0,0
1786496234,148667812,100.0,-1.7200225035296839,-1.7037809530841272,-1.132749382649557,-4.617806855832235,-4.890423957501547,0.6929870843887329,0.0,-0.0,0.0,0.0,0.0,0.0,0.0,0.0,0.0,0.0,0.0,0.0,0
1786496234,168699502,100.0,-1.7200225035296839,-1.7038410345660608,-1.1327255407916468,-4.617770854626791,-4.890447918568746,0.6930469870567322,0.0,-0.0,0.0,0.0,0.0,0.0,0.0,0.0,0.0,0.0,0.0,0.0,0
1786496234,188763141,100.0,-1.7200105826007288,-1.7038052717791956,-1.1327136198626917,-4.6177948156939905,-4.890423957501547,0.6930469870567322,0.0,-0.0,0.0,0.0,0.0,0.0,0.0,0.0,0.0,0.0,0.0,0.0,0
1786496234,208572387,100.0,-1.7199981848346155,-1.7037928740130823,-1.1327136198626917,-4.6177828947650355,-4.890423957501547,0.6930709481239319,0.0,-0.0,0.0,0.0,0.0,0.0,0.0,0.0,0.0,0.0,0.0,0.0,0
1786496234,228708267,100.0,-1.7200582663165491,-1.7038291136371058,-1.1327255407916468,-4.617758814488546,-4.890412036572592,0.6930949091911316,0.0,-0.0,0.0,0.0,0.0,0.0,0.0,0.0,0.0,0.0,0.0,0.0,0
1786496234,248627424,100.0,-1.7200945059405726,-1.7038291136371058,-1.1327737013446253,-4.617758814488546,-4.890412036572592,0.6930469870567322,0.0,-0.0,0.0,0.0,0.0,0.0,0.0,0.0,0.0,0.0,0.0,0.0,0
1786496234,268738508,100.0,-1.720034424458639,-1.7038167158709925,-1.1327737013446253,-4.617770854626791,-4.890399638806478,0.6930829286575317,0.0,-0.0,0.0,0.0,0.0,0.0,0.0,0.0,0.0,0.0,0.0,0.0,0
1786496234,288677215,100.0,-1.7200225035296839,-1.7037690321551722,-1.1327136198626917,-4.6177828947650355,-4.890447918568746,0.693058967590332,0.0,-0.0,0.0,0.0,0.0,0.0,0.0,0.0,0.0,0.0,0.0,0.0,0
1786496234,308737277,100.0,-1.7200225035296839,-1.7038291136371058,-1.132749382649557,-4.6177348534213465,-4.890471879635946,0.6930110454559326,0.0,-0.0,0.0,0.0,0.0,0.0,0.0,0.0,0.0,0.0,0.0,0.0,0
1786496234,329659223,100.0,-1.720034424458639,-1.7038167158709925,-1.132749382649557,-4.6177348534213465,-4.890447918568746,0.6930949091911316,0.0,-0.0,0.0,0.0,0.0,0.0,0.0,0.0,0.0,0.0,0.0,0.0,0
1786496234,348743200,100.0,-1.720046345387594,-1.703876797352926,-1.1327255407916468,-4.6177948156939905,-4.890412036572592,0.6930709481239319,0.0,-0.0,0.0,0.0,0.0,0.0,0.0,0.0,0.0,0.0,0.0,0.0,0
1786496234,368552923,100.0,-1.7200701872455042,-1.7037809530841272,-1.132749382649557,-4.617806855832235,-4.890423957501547,0.6929990649223328,0.0,-0.0,0.0,0.0,0.0,0.0,0.0,0.0,0.0,0.0,0.0,0.0,0
1786496234,388775825,100.0,-1.7200105826007288,-1.7038410345660608,-1.1327136198626917,-4.617758814488546,-4.890412036572592,0.6930350065231323,0.0,-0.0,0.0,0.0,0.0,0.0,0.0,0.0,0.0,0.0,0.0,0.0,0
1786496234,408754825,100.0,-1.7200225035296839,-1.7038167158709925,-1.132761303578512,-4.617722932492391,-4.890399638806478,0.6930949091911316,0.0,-0.0,0.0,0.0,0.0,0.0,0.0,0.0,0.0,0.0,0.0,0.0,0
1786496234,428716897,100.0,-1.7199624220477503,-1.7038167158709925,-1.1327255407916468,-4.617770854626791,-4.890471879635946,0.6929990649223328,0.0,-0.0,0.0,0.0,0.0,0.0,0.0,0.0,0.0,0.0,0.0,0.0,0
1786496234,448805093,100.0,-1.720034424458639,-1.7037928740130823,-1.1327136198626917,-4.6177828947650355,-4.890423957501547,0.693058967590332,0.0,-0.0,0.0,0.0,0.0,0.0,0.0,0.0,0.0,0.0,0.0,0.0,0
1786496234,468755483,100.0,-1.7200582663165491,-1.703864876423971,-1.1327856222735804,-4.617746893559591,-4.890412036572592,0.6930709481239319,0.0,-0.0,0.0,0.0,0.0,0.0,0.0,0.0,0.0,0.0,0.0,0.0,0
1786496234,488605737,100.0,-1.720046345387594,-1.7037809530841272,-1.1327016989337366,-4.617770854626791,-4.890435997639791,0.6930350065231323,0.0,-0.0,0.0,0.0,0.0,0.0,0.0,0.0,0.0,0.0,0.0,0.0,0
1786496234,508747339,100.0,-1.720034424458639,-1.7038052717791956,-1.1327255407916468,-4.617770854626791,-4.890412036572592,0.693058967590332,0.0,-0.0,0.0,0.0,0.0,0.0,0.0,0.0,0.0,0.0,0.0,0.0,0
1786496234,528795242,100.0,-1.720046345387594,-1.7038167158709925,-1.1327737013446253,-4.6177828947650355,-4.890459958706991,0.6930350065231323,0.0,-0.0,0.0,0.0,0.0,0.0,0.0,0.0,0.0,0.0,0.0,0.0,0
1786496234,548837661,100.0,-1.720034424458639,-1.7038291136371058,-1.1327255407916468,-4.6177948156939905,-4.890435997639791,0.6930469870567322,0.0,-0.0,0.0,0.0,0.0,0.0,0.0,0.0,0.0,0.0,0.0,0.0,0
1786496234,568607330,100.0,-1.7199743429767054,-1.7038410345660608,-1.1327255407916468,-4.6177348534213465,-4.890471879635946,0.6930110454559326,0.0,-0.0,0.0,0.0,0.0,0.0,0.0,0.0,0.0,0.0,0.0,0.0,0
1786496234,588783502,100.0,-1.720034424458639,-1.7038052717791956,-1.132749382649557,-4.617722932492391,-4.890471879635946,0.6930469870567322,0.0,-0.0,0.0,0.0,0.0,0.0,0.0,0.0,0.0,0.0,0.0,0.0,0
1786496234,608793497,100.0,-1.7200105826007288,-1.7037809530841272,-1.1327016989337366,-4.617746893559591,-4.890423957501547,0.6930709481239319,0.0,-0.0,0.0,0.0,0.0,0.0,0.0,0.0,0.0,0.0,0.0,0.0,0
1786496234,628712654,100.0,-1.720034424458639,-1.7037809530841272,-1.1327374617206019,-4.6177348534213465,-4.890423957501547,0.6930709481239319,0.0,-0.0,0.0,0.0,0.0,0.0,0.0,0.0,0.0,0.0,0.0,0.0,0
1786496234,648830652,100.0,-1.720046345387594,-1.7038167158709925,-1.1327136198626917,-4.6177948156939905,-4.890447918568746,0.6930110454559326,0.0,-0.0,0.0,0.0,0.0,0.0,0.0,0.0,0.0,0.0,0.0,0.0,0
1786496234,668719768,100.0,-1.7200105826007288,-1.7038291136371058,-1.1327374617206019,-4.6177348534213465,-4.890423957501547,0.693058967590332,0.0,-0.0,0.0,0.0,0.0,0.0,0.0,0.0,0.0,0.0,0.0,0.0,0
1786496234,688741445,100.0,-1.7200225035296839,-1.7038052717791956,-1.1327374617206019,-4.617746893559591,-4.890447918568746,0.693058967590332,0.0,-0.0,0.0,0.0,0.0,0.0,0.0,0.0,0.0,0.0,0.0,0.0,0
1786496234,708752870,100.0,-1.7200582663165491,-1.7038052717791956,-1.132749382649557,-4.617758814488546,-4.890435997639791,0.693058967590332,0.0,-0.0,0.0,0.0,0.0,0.0,0.0,0.0,0.0,0.0,0.0,0.0,0
1786496234,728922843,100.0,-1.720034424458639,-1.7037809530841272,-1.1327374617206019,-4.617722932492391,-4.890447918568746,0.6930110454559326,0.0,-0.0,0.0,0.0,0.0,0.0,0.0,0.0,0.0,0.0,0.0,0.0,0
1786496234,748733997,100.0,-1.7200582663165491,-1.703852955495016,-1.1327255407916468,-4.617722932492391,-4.890471879635946,0.6929990649223328,0.0,-0.0,0.0,0.0,0.0,0.0,0.0,0.0,0.0,0.0,0.0,0.0,0
1786496234,768554687,100.0,-1.7200105826007288,-1.703852955495016,-1.1327136198626917,-4.6177348534213465,-4.890423957501547,0.6930469870567322,0.0,-0.0,0.0,0.0,0.0,0.0,0.0,0.0,0.0,0.0,0.0,0.0,0
1786496234,788733720,100.0,-1.720034424458639,-1.703852955495016,-1.132749382649557,-4.6177348534213465,-4.890471879635946,0.693058967590332,0.0,-0.0,0.0,0.0,0.0,0.0,0.0,0.0,0.0,0.0,0.0,0.0,0
1786496234,808942317,100.0,-1.7200225035296839,-1.7037928740130823,-1.132749382649557,-4.617758814488546,-4.890412036572592,0.6930230259895325,0.0,-0.0,0.0,0.0,0.0,0.0,0.0,0.0,0.0,0.0,0.0,0.0,0
1786496234,828857421,100.0,-1.7200225035296839,-1.7038167158709925,-1.1327374617206019,-4.617722932492391,-4.890435997639791,0.6930350065231323,0.0,-0.0,0.0,0.0,0.0,0.0,0.0,0.0,0.0,0.0,0.0,0.0,0
1786496234,848554134,100.0,-1.7200225035296839,-1.7037928740130823,-1.132749382649557,-4.617758814488546,-4.890387598668234,0.6930230259895325,0.0,-0.0,0.0,0.0,0.0,0.0,0.0,0.0,0.0,0.0,0.0,0.0,0
1786496234,868842840,100.0,-1.7200105826007288,-1.7038291136371058,-1.132749382649557,-4.6177948156939905,-4.890399638806478,0.6930829286575317,0.0,-0.0,0.0,0.0,0.0,0.0,0.0,0.0,0.0,0.0,0.0,0.0,0
1786496234,888900279,100.0,-1.7199862639056605,-1.7038052717791956,-1.132761303578512,-4.617746893559591,-4.890423957501547,0.6930230259895325,0.0,-0.0,0.0,0.0,0.0,0.0,0.0,0.0,0.0,0.0,0.0,0.0,0
1786496234,908842325,100.0,-1.720034424458639,-1.7038410345660608,-1.1327016989337366,-4.617746893559591,-4.890412036572592,0.6930709481239319,0.0,-0.0,0.0,0.0,0.0,0.0,0.0,0.0,0.0,0.0,0.0,0.0,0
1786496234,928815841,100.0,-1.720046345387594,-1.7037690321551722,-1.1327737013446253,-4.617770854626791,-4.890423957501547,0.693058967590332,0.0,-0.0,0.0,0.0,0.0,0.0,0.0,0.0,0.0,0.0,0.0,0.0,0
1786496234,948819875,100.0,-1.7199862639056605,-1.7038052717791956,-1.1327255407916468,-4.617722932492391,-4.890435997639791,0.6930469870567322,0.0,-0.0,0.0,0.0,0.0,0.0,0.0,0.0,0.0,0.0,0.0,0.0,0
1786496234,968904018,100.0,-1.7200225035296839,-1.7038291136371058,-1.1327374617206019,-4.617758814488546,-4.890435997639791,0.6930350065231323,0.0,-0.0,0.0,0.0,0.0,0.0,0.0,0.0,0.0,0.0,0.0,0.0,0
1786496234,988846063,100.0,-1.7200225035296839,-1.7038410345660608,-1.1327016989337366,-4.6177828947650355,-4.890423957501547,0.6930350065231323,0.0,-0.0,0.0,0.0,0.0,0.0,0.0,0.0,0.0,0.0,0.0,0.0,0
1786496235,8848428,100.0,-1.7200105826007288,-1.703852955495016,-1.132761303578512,-4.617746893559591,-4.890435997639791,0.6930350065231323,0.0,-0.0,0.0,0.0,0.0,0.0,0.0,0.0,0.0,0.0,0.0,0.0,0
1786496235,28770923,100.0,-1.720034424458639,-1.7038291136371058,-1.1327975432025355,-4.6177948156939905,-4.890447918568746,0.6930350065231323,0.0,-0.0,0.0,0.0,0.0,0.0,0.0,0.0,0.0,0.0,0.0,0.0,0
1786496235,49041986,100.0,-1.7199981848346155,-1.7038052717791956,-1.1327136198626917,-4.6177828947650355,-4.890423957501547,0.693058967590332,0.0,-0.0,0.0,0.0,0.0,0.0,0.0,0.0,0.0,0.0,0.0,0.0,0
1786496235,68829774,100.0,-1.720046345387594,-1.7038167158709925,-1.1327016989337366,-4.617722932492391,-4.890435997639791,0.6930829286575317,0.0,-0.0,0.0,0.0,0.0,0.0,0.0,0.0,0.0,0.0,0.0,0.0,0
1786496235,88945865,100.0,-1.7200701872455042,-1.7038167158709925,-1.1327255407916468,-4.617758814488546,-4.890423957501547,0.6929990649223328,0.0,-0.0,0.0,0.0,0.0,0.0,0.0,0.0,0.0,0.0,0.0,0.0,0
1786496235,108781337,100.0,-1.7199981848346155,-1.7037809530841272,-1.132749382649557,-4.617746893559591,-4.890459958706991,0.6930350065231323,0.0,-0.0,0.0,0.0,0.0,0.0,0.0,0.0,0.0,0.0,0.0,0.0,0
1786496235,128722906,100.0,-1.7200105826007288,-1.7038052717791956,-1.132749382649557,-4.617758814488546,-4.890412036572592,0.6930350065231323,0.0,-0.0,0.0,0.0,0.0,0.0,0.0,0.0,0.0,0.0,0.0,0.0,0
1786496235,148826837,100.0,-1.7200105826007288,-1.7038291136371058,-1.1327255407916468,-4.617758814488546,-4.890412036572592,0.6930230259895325,0.0,-0.0,0.0,0.0,0.0,0.0,0.0,0.0,0.0,0.0,0.0,0.0,0
1786496235,168982982,100.0,-1.720046345387594,-1.7037928740130823,-1.1327255407916468,-4.617758814488546,-4.890423957501547,0.6930350065231323,0.0,-0.0,0.0,0.0,0.0,0.0,0.0,0.0,0.0,0.0,0.0,0.0,0
1786496235,188884496,100.0,-1.7200225035296839,-1.7037809530841272,-1.1327374617206019,-4.6177348534213465,-4.890447918568746,0.6929751038551331,0.0,-0.0,0.0,0.0,0.0,0.0,0.0,0.0,0.0,0.0,0.0,0.0,0
1786496235,209163665,100.0,-1.7200105826007288,-1.7038167158709925,-1.132749382649557,-4.6177348534213465,-4.890435997639791,0.6930350065231323,0.0,-0.0,0.0,0.0,0.0,0.0,0.0,0.0,0.0,0.0,0.0,0.0,0
1786496235,229008436,100.0,-1.720046345387594,-1.7037928740130823,-1.1327255407916468,-4.6177828947650355,-4.890399638806478,0.6930709481239319,0.0,-0.0,0.0,0.0,0.0,0.0,0.0,0.0,0.0,0.0,0.0,0.0,0
1786496235,249212741,100.0,-1.7200105826007288,-1.7038291136371058,-1.1326897780047815,-4.6177948156939905,-4.890399638806478,0.6930110454559326,0.0,-0.0,0.0,0.0,0.0,0.0,0.0,0.0,0.0,0.0,0.0,0.0,0
1786496235,269072055,100.0,-1.720034424458639,-1.7038291136371058,-1.1327016989337366,-4.6177948156939905,-4.890399638806478,0.693058967590332,0.0,-0.0,0.0,0.0,0.0,0.0,0.0,0.0,0.0,0.0,0.0,0.0,0
1786496235,289337396,100.0,-1.7199862639056605,-1.7038291136371058,-1.132761303578512,-4.617770854626791,-4.890412036572592,0.6930829286575317,0.0,-0.0,0.0,0.0,0.0,0.0,0.0,0.0,0.0,0.0,0.0,0.0,0
1786496235,308919668,100.0,-1.720046345387594,-1.7037809530841272,-1.1327255407916468,-4.617710892354147,-4.890447918568746,0.6930829286575317,0.0,-0.0,0.0,0.0,0.0,0.0,0.0,0.0,0.0,0.0,0.0,0.0,0
1786496235,329346656,100.0,-1.7199862639056605,-1.7038052717791956,-1.1327136198626917,-4.6177828947650355,-4.890435997639791,0.6929990649223328,0.0,-0.0,0.0,0.0,0.0,0.0,0.0,0.0,0.0,0.0,0.0,0.0,0
1786496235,351138591,100.0,-1.7199862639056605,-1.7038052717791956,-1.1327136198626917,-4.6177828947650355,-4.890435997639791,0.6929990649223328,0.0,-0.0,0.0,0.0,0.0,0.0,0.0,0.0,0.0,0.0,0.0,0.0,0
1786496235,368859291,100.0,-1.7199862639056605,-1.7038052717791956,-1.1327136198626917,-4.6177828947650355,-4.890435997639791,0.6929990649223328,0.0,-0.0,0.0,0.0,0.0,0.0,0.0,0.0,0.0,0.0,0.0,0.0,0
1786496235,388888120,100.0,-1.7199862639056605,-1.7038052717791956,-1.1327136198626917,-4.6177828947650355,-4.890435997639791,0.6929990649223328,0.0,-0.0,0.0,0.0,0.0,0.0,0.0,0.0,0.0,0.0,0.0,0.0,0
1786496235,408881187,100.0,-1.7199862639056605,-1.7038052717791956,-1.1327136198626917,-4.6177828947650355,-4.890435997639791,0.6929990649223328,0.0,-0.0,0.0,0.0,0.0,0.0,0.0,0.0,0.0,0.0,0.0,0.0,0
1786496235,429199218,100.0,-1.7199862639056605,-1.7038052717791956,-1.1327136198626917,-4.6177828947650355,-4.890435997639791,0.6929990649223328,0.0,0.0,0.0,0.0,0.0,0.0,0.0,0.0,0.0,0.0,0.0,0.0,0
1786496235,449437379,100.0,-1.7200582663165491,-1.703852955495016,-1.132749382649557,-4.6177948156939905,-4.890459958706991,0.693058967590332,0.0,-0.0,0.0,0.0,0.0,0.0,0.0,0.0,0.0,0.0,0.0,0.0,0
1786496235,468823909,100.0,-1.7200105826007288,-1.7037690321551722,-1.1327737013446253,-4.617806855832235,-4.890412036572592,0.6929990649223328,0.0,-0.0,0.0,0.0,0.0,0.0,0.0,0.0,0.0,0.0,0.0,0.0,0
1786496235,488844633,100.0,-1.7200105826007288,-1.7037690321551722,-1.1327737013446253,-4.617806855832235,-4.890412036572592,0.6929990649223328,0.0,-0.0,0.0,0.0,0.0,0.0,0.0,0.0,0.0,0.0,0.0,0.0,0
1786496235,508870601,100.0,-1.7200105826007288,-1.7037690321551722,-1.1327737013446253,-4.617806855832235,-4.890412036572592,0.6929990649223328,0.0,-0.0,0.0,0.0,0.0,0.0,0.0,0.0,0.0,0.0,0.0,0.0,0
1786496235,528938770,100.0,-1.7199981848346155,-1.7037690321551722,-1.1327136198626917,-4.617770854626791,-4.890423957501547,0.693058967590332,0.0,-0.0,0.0,0.0,0.0,0.0,0.0,0.0,0.0,0.0,0.0,0.0,0
1786496235,548943042,100.0,-1.7199981848346155,-1.7037690321551722,-1.1327136198626917,-4.617770854626791,-4.890423957501547,0.693058967590332,0.0,-0.0,0.0,0.0,0.0,0.0,0.0,0.0,0.0,0.0,0.0,0.0,0
1786496235,569010972,100.0,-1.7200225035296839,-1.7038291136371058,-1.1327136198626917,-4.6177828947650355,-4.890412036572592,0.6930469870567322,0.0,-0.0,0.0,0.0,0.0,0.0,0.0,0.0,0.0,0.0,0.0,0.0,0
1786496235,588789701,100.0,-1.720046345387594,-1.7038291136371058,-1.1327016989337366,-4.617746893559591,-4.890399638806478,0.6930230259895325,0.0,-0.0,0.0,0.0,0.0,0.0,0.0,0.0,0.0,0.0,0.0,0.0,0
1786496235,608777523,100.0,-1.720034424458639,-1.7038410345660608,-1.1327255407916468,-4.6177348534213465,-4.890387598668234,0.6930350065231323,0.0,-0.0,0.0,0.0,0.0,0.0,0.0,0.0,0.0,0.0,0.0,0.0,0
1786496235,628837585,100.0,-1.7200225035296839,-1.7038291136371058,-1.1327136198626917,-4.617758814488546,-4.890412036572592,0.6930230259895325,0.0,-0.0,0.0,0.0,0.0,0.0,0.0,0.0,0.0,0.0,0.0,0.0,0
1786496235,648811340,100.0,-1.7200225035296839,-1.7038291136371058,-1.1327136198626917,-4.617758814488546,-4.890412036572592,0.6930230259895325,0.0,-0.0,0.0,0.0,0.0,0.0,0.0,0.0,0.0,0.0,0.0,0.0,0
1786496235,668916225,100.0,-1.7200225035296839,-1.7038291136371058,-1.1327136198626917,-4.617758814488546,-4.890412036572592,0.6930230259895325,0.0,-0.0,0.0,0.0,0.0,0.0,0.0,0.0,0.0,0.0,0.0,0.0,0
1786496235,688874959,100.0,-1.7200105826007288,-1.7037690321551722,-1.1327737013446253,-4.6177828947650355,-4.890435997639791,0.6930829286575317,0.0,-0.0,0.0,0.0,0.0,0.0,0.0,0.0,0.0,0.0,0.0,0.0,0
1786496235,708807468,100.0,-1.7200225035296839,-1.703757111226217,-1.1327136198626917,-4.617746893559591,-4.890423957501547,0.6930230259895325,0.0,-0.0,0.0,0.0,0.0,0.0,0.0,0.0,0.0,0.0,0.0,0.0,0
1786496235,728903055,100.0,-1.7200701872455042,-1.703852955495016,-1.1327737013446253,-4.617806855832235,-4.890387598668234,0.6930110454559326,0.0,-0.0,0.0,0.0,0.0,0.0,0.0,0.0,0.0,0.0,0.0,0.0,0
1786496235,748849153,100.0,-1.7200225035296839,-1.7038052717791956,-1.1327136198626917,-4.6177348534213465,-4.890459958706991,0.6930350065231323,0.0,-0.0,0.0,0.0,0.0,0.0,0.0,0.0,0.0,0.0,0.0,0.0,0
1786496235,768908739,100.0,-1.720046345387594,-1.7037690321551722,-1.1327016989337366,-4.617746893559591,-4.890412036572592,0.6930230259895325,0.0,-0.0,0.0,0.0,0.0,0.0,0.0,0.0,0.0,0.0,0.0,0.0,0
1786496235,788869857,100.0,-1.7199624220477503,-1.703876797352926,-1.1327255407916468,-4.6177828947650355,-4.890387598668234,0.693058967590332,0.0,-0.0,0.0,0.0,0.0,0.0,0.0,0.0,0.0,0.0,0.0,0.0,0
1786496235,808858633,100.0,-1.7200105826007288,-1.7038167158709925,-1.1327374617206019,-4.617770854626791,-4.890435997639791,0.6930949091911316,0.0,-0.0,0.0,0.0,0.0,0.0,0.0,0.0,0.0,0.0,0.0,0.0,0
1786496235,828840494,100.0,-1.720034424458639,-1.7038410345660608,-1.1327374617206019,-4.6177828947650355,-4.890483919774191,0.6930709481239319,0.0,-0.0,0.0,0.0,0.0,0.0,0.0,0.0,0.0,0.0,0.0,0.0,0
1786496235,850213050,100.0,-1.720046345387594,-1.7037928740130823,-1.132749382649557,-4.6177348534213465,-4.890435997639791,0.6930350065231323,0.0,-0.0,0.0,0.0,0.0,0.0,0.0,0.0,0.0,0.0,0.0,0.0,0
1786496235,868830919,100.0,-1.720046345387594,-1.7037928740130823,-1.132749382649557,-4.6177348534213465,-4.890435997639791,0.6930350065231323,0.0,-0.0,0.0,0.0,0.0,0.0,0.0,0.0,0.0,0.0,0.0,0.0,0
1786496235,889021873,100.0,-1.720046345387594,-1.703852955495016,-1.1327016989337366,-4.617770854626791,-4.890459958706991,0.6930829286575317,0.0,-0.0,0.0,0.0,0.0,0.0,0.0,0.0,0.0,0.0,0.0,0.0,0
1786496235,908834218,100.0,-1.7200225035296839,-1.7038291136371058,-1.1327016989337366,-4.617770854626791,-4.890423957501547,0.693058967590332,0.0,-0.0,0.0,0.0,0.0,0.0,0.0,0.0,0.0,0.0,0.0,0.0,0
1786496235,930371761,100.0,-1.720034424458639,-1.7037690321551722,-1.1327255407916468,-4.617758814488546,-4.890375677739279,0.6930469870567322,0.0,-0.0,0.0,0.0,0.0,0.0,0.0,0.0,0.0,0.0,0.0,0.0,0
1786496235,949294328,100.0,-1.720046345387594,-1.7038410345660608,-1.132761303578512,-4.617770854626791,-4.890435997639791,0.693058967590332,0.0,-0.0,0.0,0.0,0.0,0.0,0.0,0.0,0.0,0.0,0.0,0.0,0
1786496235,970344543,100.0,-1.720046345387594,-1.7037928740130823,-1.1327136198626917,-4.617746893559591,-4.890471879635946,0.6930709481239319,0.0,-0.0,0.0,0.0,0.0,0.0,0.0,0.0,0.0,0.0,0.0,0.0,0
1786496235,988832235,100.0,-1.7200105826007288,-1.7038052717791956,-1.1326897780047815,-4.617806855832235,-4.890423957501547,0.6930469870567322,0.0,-0.0,0.0,0.0,0.0,0.0,0.0,0.0,0.0,0.0,0.0,0.0,0
1786496236,9741067,100.0,-1.7199981848346155,-1.7038291136371058,-1.1327255407916468,-4.617770854626791,-4.890447918568746,0.6930469870567322,0.0,-0.0,0.0,0.0,0.0,0.0,0.0,0.0,0.0,0.0,0.0,0.0,0
1786496236,28805017,100.0,-1.7200105826007288,-1.7037928740130823,-1.132749382649557,-4.617770854626791,-4.890412036572592,0.6930350065231323,0.0,-0.0,0.0,0.0,0.0,0.0,0.0,0.0,0.0,0.0,0.0,0.0,0
1786496236,48855781,100.0,-1.7200821081744593,-1.703864876423971,-1.1327255407916468,-4.6177828947650355,-4.890435997639791,0.6930469870567322,0.0,-0.0,0.0,0.0,0.0,0.0,0.0,0.0,0.0,0.0,0.0,0.0,0
1786496236,68959951,100.0,-1.7200821081744593,-1.703864876423971,-1.1327255407916468,-4.6177828947650355,-4.890435997639791,0.6930469870567322,0.0,-0.0,0.0,0.0,0.0,0.0,0.0,0.0,0.0,0.0,0.0,0.0,0
1786496236,88872671,100.0,-1.7200821081744593,-1.703864876423971,-1.1327255407916468,-4.6177828947650355,-4.890435997639791,0.6930469870567322,0.0,-0.0,0.0,0.0,0.0,0.0,0.0,0.0,0.0,0.0,0.0,0.0,0
1786496236,108862400,100.0,-1.7200582663165491,-1.7038291136371058,-1.132749382649557,-4.6177948156939905,-4.890387598668234,0.6930350065231323,0.0,-0.0,0.0,0.0,0.0,0.0,0.0,0.0,0.0,0.0,0.0,0.0,0
1786496236,128917694,100.0,-1.720034424458639,-1.7038167158709925,-1.1327255407916468,-4.617806855832235,-4.890483919774191,0.6930709481239319,0.0,-0.0,0.0,0.0,0.0,0.0,0.0,0.0,0.0,0.0,0.0,0.0,0
1786496236,148940801,100.0,-1.720034424458639,-1.7038167158709925,-1.1327255407916468,-4.617806855832235,-4.890483919774191,0.6930709481239319,0.0,-0.0,0.0,0.0,0.0,0.0,0.0,0.0,0.0,0.0,0.0,0.0,0
1786496236,169495820,100.0,-1.720034424458639,-1.7038291136371058,-1.1327255407916468,-4.617770854626791,-4.890387598668234,0.6930350065231323,0.0,-0.0,0.0,0.0,0.0,0.0,0.0,0.0,0.0,0.0,0.0,0.0,0
1786496236,188944578,100.0,-1.7199743429767054,-1.7038167158709925,-1.1327374617206019,-4.617758814488546,-4.890447918568746,0.6930110454559326,0.0,-0.0,0.0,0.0,0.0,0.0,0.0,0.0,0.0,0.0,0.0,0.0,0
1786496236,210249185,100.0,-1.720046345387594,-1.7037809530841272,-1.1327374617206019,-4.617746893559591,-4.890387598668234,0.693058967590332,0.0,-0.0,0.0,0.0,0.0,0.0,0.0,0.0,0.0,0.0,0.0,0.0,0
1786496236,228797435,100.0,-1.7199743429767054,-1.7038052717791956,-1.1327856222735804,-4.617758814488546,-4.890423957501547,0.6930350065231323,0.0,-0.0,0.0,0.0,0.0,0.0,0.0,0.0,0.0,0.0,0.0,0.0,0
1786496236,248811960,100.0,-1.7200582663165491,-1.7037809530841272,-1.1327255407916468,-4.617758814488546,-4.890435997639791,0.6930469870567322,0.0,-0.0,0.0,0.0,0.0,0.0,0.0,0.0,0.0,0.0,0.0,0.0,0
1786496236,268856048,100.0,-1.7200582663165491,-1.7037809530841272,-1.1327255407916468,-4.617758814488546,-4.890435997639791,0.6930469870567322,0.0,-0.0,0.0,0.0,0.0,0.0,0.0,0.0,0.0,0.0,0.0,0.0,0
1786496236,289622545,100.0,-1.720034424458639,-1.7038052717791956,-1.1327374617206019,-4.617770854626791,-4.890459958706991,0.6930110454559326,0.0,-0.0,0.0,0.0,0.0,0.0,0.0,0.0,0.0,0.0,0.0,0.0,0
1786496236,308808565,100.0,-1.7199862639056605,-1.7038410345660608,-1.1327136198626917,-4.617770854626791,-4.890412036572592,0.6930350065231323,0.0,-0.0,0.0,0.0,0.0,0.0,0.0,0.0,0.0,0.0,0.0,0.0,0
1786496236,329632997,100.0,-1.720034424458639,-1.7037928740130823,-1.1327255407916468,-4.617746893559591,-4.890435997639791,0.6930469870567322,0.0,-0.0,0.0,0.0,0.0,0.0,0.0,0.0,0.0,0.0,0.0,0.0,0
1786496236,348765850,100.0,-1.7200225035296839,-1.7037928740130823,-1.1327136198626917,-4.617770854626791,-4.890412036572592,0.6930350065231323,0.0,-0.0,0.0,0.0,0.0,0.0,0.0,0.0,0.0,0.0,0.0,0.0,0
1786496236,368794679,100.0,-1.7200105826007288,-1.7038167158709925,-1.1327255407916468,-4.6177348534213465,-4.890399638806478,0.6930230259895325,0.0,-0.0,0.0,0.0,0.0,0.0,0.0,0.0,0.0,0.0,0.0,0.0,0
1786496236,388847112,100.0,-1.7200225035296839,-1.703757111226217,-1.132761303578512,-4.6177348534213465,-4.890435997639791,0.6930110454559326,0.0,-0.0,0.0,0.0,0.0,0.0,0.0,0.0,0.0,0.0,0.0,0.0,0
1786496236,410079240,100.0,-1.720034424458639,-1.7038291136371058,-1.1327136198626917,-4.617758814488546,-4.890447918568746,0.6930110454559326,0.0,-0.0,0.0,0.0,0.0,0.0,0.0,0.0,0.0,0.0,0.0,0.0,0
1786496236,428849458,100.0,-1.7199743429767054,-1.7038291136371058,-1.1327255407916468,-4.617758814488546,-4.890423957501547,0.6930350065231323,0.0,-0.0,0.0,0.0,0.0,0.0,0.0,0.0,0.0,0.0,0.0,0.0,0
1786496236,449255704,100.0,-1.720034424458639,-1.7038167158709925,-1.1327255407916468,-4.617806855832235,-4.890423957501547,0.6930110454559326,0.0,-0.0,0.0,0.0,0.0,0.0,0.0,0.0,0.0,0.0,0.0,0.0,0
1786496236,468843936,100.0,-1.7200582663165491,-1.7038052717791956,-1.1327016989337366,-4.617758814488546,-4.890447918568746,0.6930829286575317,0.0,-0.0,0.0,0.0,0.0,0.0,0.0,0.0,0.0,0.0,0.0,0.0,0
1786496236,489687204,100.0,-1.7199624220477503,-1.7038291136371058,-1.1327136198626917,-4.617722932492391,-4.890447918568746,0.6929990649223328,0.0,-0.0,0.0,0.0,0.0,0.0,0.0,0.0,0.0,0.0,0.0,0.0,0
1786496236,508777141,100.0,-1.7199862639056605,-1.7038052717791956,-1.132761303578512,-4.617710892354147,-4.890399638806478,0.6930350065231323,0.0,-0.0,0.0,0.0,0.0,0.0,0.0,0.0,0.0,0.0,0.0,0.0,0
1786496236,529214620,100.0,-1.7200105826007288,-1.7038052717791956,-1.1327374617206019,-4.6177828947650355,-4.890435997639791,0.6930469870567322,0.0,-0.0,0.0,0.0,0.0,0.0,0.0,0.0,0.0,0.0,0.0,0.0,0
1786496236,548833131,100.0,-1.7200105826007288,-1.7038052717791956,-1.1327255407916468,-4.6177828947650355,-4.890423957501547,0.6930350065231323,0.0,-0.0,0.0,0.0,0.0,0.0,0.0,0.0,0.0,0.0,0.0,0.0,0
1786496236,569010496,100.0,-1.720046345387594,-1.7038410345660608,-1.1327737013446253,-4.617746893559591,-4.890412036572592,0.6930949091911316,0.0,-0.0,0.0,0.0,0.0,0.0,0.0,0.0,0.0,0.0,0.0,0.0,0
1786496236,588845252,100.0,-1.7200105826007288,-1.7038167158709925,-1.132761303578512,-4.617770854626791,-4.890459958706991,0.6929990649223328,0.0,-0.0,0.0,0.0,0.0,0.0,0.0,0.0,0.0,0.0,0.0,0.0,0
1786496236,609125614,100.0,-1.7199981848346155,-1.703852955495016,-1.132761303578512,-4.6177828947650355,-4.890423957501547,0.6930469870567322,0.0,-0.0,0.0,0.0,0.0,0.0,0.0,0.0,0.0,0.0,0.0,0.0,0
1786496236,628726959,100.0,-1.7200582663165491,-1.7037928740130823,-1.132749382649557,-4.617722932492391,-4.890399638806478,0.6930469870567322,0.0,-0.0,0.0,0.0,0.0,0.0,0.0,0.0,0.0,0.0,0.0,0.0,0
1786496236,649555206,100.0,-1.7200105826007288,-1.7038410345660608,-1.1327136198626917,-4.617758814488546,-4.890423957501547,0.6930469870567322,0.0,-0.0,0.0,0.0,0.0,0.0,0.0,0.0,0.0,0.0,0.0,0.0,0
1786496236,668817758,100.0,-1.7200105826007288,-1.7038410345660608,-1.1327374617206019,-4.617758814488546,-4.890447918568746,0.693058967590332,0.0,-0.0,0.0,0.0,0.0,0.0,0.0,0.0,0.0,0.0,0.0,0.0,0
1786496236,689329385,100.0,-1.7200225035296839,-1.7038167158709925,-1.132749382649557,-4.617770854626791,-4.890399638806478,0.6930709481239319,0.0,-0.0,0.0,0.0,0.0,0.0,0.0,0.0,0.0,0.0,0.0,0.0,0
1786496236,708803176,100.0,-1.7200225035296839,-1.7038410345660608,-1.1327374617206019,-4.617758814488546,-4.890423957501547,0.6930350065231323,0.0,-0.0,0.0,0.0,0.0,0.0,0.0,0.0,0.0,0.0,0.0,0.0,0
1786496236,729211807,100.0,-1.720034424458639,-1.7038410345660608,-1.132749382649557,-4.617758814488546,-4.890399638806478,0.6930949091911316,0.0,-0.0,0.0,0.0,0.0,0.0,0.0,0.0,0.0,0.0,0.0,0.0,0
1786496236,748744249,100.0,-1.7199981848346155,-1.7038167158709925,-1.132749382649557,-4.617746893559591,-4.890423957501547,0.6930230259895325,0.0,-0.0,0.0,0.0,0.0,0.0,0.0,0.0,0.0,0.0,0.0,0.0,0
1786496236,769023656,100.0,-1.7200105826007288,-1.703852955495016,-1.1327136198626917,-4.617758814488546,-4.890471879635946,0.6930469870567322,0.0,-0.0,0.0,0.0,0.0,0.0,0.0,0.0,0.0,0.0,0.0,0.0,0
1786496236,788744211,100.0,-1.7200105826007288,-1.703852955495016,-1.1327136198626917,-4.6177948156939905,-4.890387598668234,0.6929990649223328,0.0,-0.0,0.0,0.0,0.0,0.0,0.0,0.0,0.0,0.0,0.0,0.0,0
1786496236,809155225,100.0,-1.7200701872455042,-1.703757111226217,-1.1327374617206019,-4.6177948156939905,-4.890435997639791,0.6930469870567322,0.0,-0.0,0.0,0.0,0.0,0.0,0.0,0.0,0.0,0.0,0.0,0.0,0
1786496236,828765392,100.0,-1.7200225035296839,-1.7037809530841272,-1.1327136198626917,-4.617746893559591,-4.890399638806478,0.6929990649223328,0.0,-0.0,0.0,0.0,0.0,0.0,0.0,0.0,0.0,0.0,0.0,0.0,0
1786496236,849000453,100.0,-1.7200105826007288,-1.7037690321551722,-1.132749382649557,-4.617758814488546,-4.890423957501547,0.6930350065231323,0.0,-0.0,0.0,0.0,0.0,0.0,0.0,0.0,0.0,0.0,0.0,0.0,0
1786496236,868872880,100.0,-1.720034424458639,-1.7038052717791956,-1.132749382649557,-4.6177948156939905,-4.890471879635946,0.693058967590332,0.0,-0.0,0.0,0.0,0.0,0.0,0.0,0.0,0.0,0.0,0.0,0.0,0
1786496236,889463663,100.0,-1.720046345387594,-1.7037690321551722,-1.132761303578512,-4.6177828947650355,-4.890412036572592,0.6930469870567322,0.0,-0.0,0.0,0.0,0.0,0.0,0.0,0.0,0.0,0.0,0.0,0.0,0
1786496236,908791542,100.0,-1.7200105826007288,-1.7038291136371058,-1.1326897780047815,-4.617758814488546,-4.890471879635946,0.6930350065231323,0.0,-0.0,0.0,0.0,0.0,0.0,0.0,0.0,0.0,0.0,0.0,0.0,0
1786496236,929306268,100.0,-1.720034424458639,-1.7037809530841272,-1.1326773802386683,-4.617746893559591,-4.890447918568746,0.6930110454559326,0.0,-0.0,0.0,0.0,0.0,0.0,0.0,0.0,0.0,0.0,0.0,0.0,0
1786496236,948892831,100.0,-1.7199743429767054,-1.7038052717791956,-1.1327255407916468,-4.6177348534213465,-4.890447918568746,0.6930110454559326,0.0,-0.0,0.0,0.0,0.0,0.0,0.0,0.0,0.0,0.0,0.0,0.0,0
1786496236,969605207,100.0,-1.7200582663165491,-1.7038167158709925,-1.1327737013446253,-4.617758814488546,-4.890399638806478,0.6930350065231323,0.0,-0.0,0.0,0.0,0.0,0.0,0.0,0.0,0.0,0.0,0.0,0.0,0
1786496236,988760471,100.0,-1.720046345387594,-1.7037809530841272,-1.1326773802386683,-4.617722932492391,-4.890423957501547,0.6930110454559326,0.0,-0.0,0.0,0.0,0.0,0.0,0.0,0.0,0.0,0.0,0.0,0.0,0
1786496237,8965730,100.0,-1.720046345387594,-1.7037928740130823,-1.1327016989337366,-4.617758814488546,-4.890423957501547,0.6930230259895325,0.0,-0.0,0.0,0.0,0.0,0.0,0.0,0.0,0.0,0.0,0.0,0.0,0
1786496237,28740644,100.0,-1.7200225035296839,-1.7038410345660608,-1.132761303578512,-4.617770854626791,-4.890471879635946,0.6929990649223328,0.0,-0.0,0.0,0.0,0.0,0.0,0.0,0.0,0.0,0.0,0.0,0.0,0
1786496237,48974990,100.0,-1.720034424458639,-1.7038410345660608,-1.1327255407916468,-4.617770854626791,-4.890435997639791,0.6930350065231323,0.0,-0.0,0.0,0.0,0.0,0.0,0.0,0.0,0.0,0.0,0.0,0.0,0
1786496237,68819046,100.0,-1.7199981848346155,-1.7037809530841272,-1.1327136198626917,-4.617758814488546,-4.890412036572592,0.6929990649223328,0.0,-0.0,0.0,0.0,0.0,0.0,0.0,0.0,0.0,0.0,0.0,0.0,0
1786496237,89268684,100.0,-1.7200225035296839,-1.7038052717791956,-1.1327374617206019,-4.617770854626791,-4.890423957501547,0.6929990649223328,0.0,-0.0,0.0,0.0,0.0,0.0,0.0,0.0,0.0,0.0,0.0,0.0,0
1786496237,108864307,100.0,-1.7199981848346155,-1.7038167158709925,-1.1327136198626917,-4.6177948156939905,-4.890399638806478,0.6930110454559326,0.0,-0.0,0.0,0.0,0.0,0.0,0.0,0.0,0.0,0.0,0.0,0.0,0
1786496237,128987550,100.0,-1.7199862639056605,-1.7038410345660608,-1.1327255407916468,-4.6177348534213465,-4.890399638806478,0.693058967590332,0.0,-0.0,0.0,0.0,0.0,0.0,0.0,0.0,0.0,0.0,0.0,0.0,0
1786496237,148844957,100.0,-1.7200105826007288,-1.7038291136371058,-1.1327374617206019,-4.617806855832235,-4.890423957501547,0.6930469870567322,0.0,-0.0,0.0,0.0,0.0,0.0,0.0,0.0,0.0,0.0,0.0,0.0,0
1786496237,169205665,100.0,-1.7199743429767054,-1.703745190297262,-1.1327136198626917,-4.6177348534213465,-4.890447918568746,0.6930949091911316,0.0,-0.0,0.0,0.0,0.0,0.0,0.0,0.0,0.0,0.0,0.0,0.0,0
1786496237,188837528,100.0,-1.720046345387594,-1.7038167158709925,-1.1327374617206019,-4.617758814488546,-4.890435997639791,0.6930469870567322,0.0,-0.0,0.0,0.0,0.0,0.0,0.0,0.0,0.0,0.0,0.0,0.0,0
1786496237,209335327,100.0,-1.7200225035296839,-1.7037928740130823,-1.1327255407916468,-4.617722932492391,-4.890447918568746,0.6931068897247314,0.0,-0.0,0.0,0.0,0.0,0.0,0.0,0.0,0.0,0.0,0.0,0.0,0
1786496237,228818893,100.0,-1.7199981848346155,-1.7038291136371058,-1.1327374617206019,-4.617710892354147,-4.890459958706991,0.6930709481239319,0.0,-0.0,0.0,0.0,0.0,0.0,0.0,0.0,0.0,0.0,0.0,0.0,0
1786496237,248784780,100.0,-1.7200225035296839,-1.7038410345660608,-1.1327255407916468,-4.617770854626791,-4.890447918568746,0.693058967590332,0.0,-0.0,0.0,0.0,0.0,0.0,0.0,0.0,0.0,0.0,0.0,0.0,0
1786496237,268692731,100.0,-1.720034424458639,-1.703876797352926,-1.132761303578512,-4.617770854626791,-4.890459958706991,0.6929990649223328,0.0,-0.0,0.0,0.0,0.0,0.0,0.0,0.0,0.0,0.0,0.0,0.0,0
1786496237,289267778,100.0,-1.720034424458639,-1.703876797352926,-1.1327374617206019,-4.617770854626791,-4.890423957501547,0.6930949091911316,0.0,-0.0,0.0,0.0,0.0,0.0,0.0,0.0,0.0,0.0,0.0,0.0,0
1786496237,308861494,100.0,-1.7200582663165491,-1.7037809530841272,-1.132749382649557,-4.617758814488546,-4.890459958706991,0.6930469870567322,0.0,-0.0,0.0,0.0,0.0,0.0,0.0,0.0,0.0,0.0,0.0,0.0,0
1786496237,329305887,100.0,-1.720046345387594,-1.7037928740130823,-1.1326897780047815,-4.617770854626791,-4.890412036572592,0.6930469870567322,0.0,-0.0,0.0,0.0,0.0,0.0,0.0,0.0,0.0,0.0,0.0,0.0,0
1786496237,348865747,100.0,-1.720034424458639,-1.7038291136371058,-1.1327737013446253,-4.617746893559591,-4.890399638806478,0.6930230259895325,0.0,-0.0,0.0,0.0,0.0,0.0,0.0,0.0,0.0,0.0,0.0,0.0,0
1786496237,369520187,100.0,-1.7199981848346155,-1.7037690321551722,-1.1327136198626917,-4.6177828947650355,-4.890435997639791,0.6930949091911316,0.0,-0.0,0.0,0.0,0.0,0.0,0.0,0.0,0.0,0.0,0.0,0.0,0
1786496237,388746976,100.0,-1.7199862639056605,-1.7038052717791956,-1.1326897780047815,-4.6177828947650355,-4.890412036572592,0.6930110454559326,0.0,-0.0,0.0,0.0,0.0,0.0,0.0,0.0,0.0,0.0,0.0,0.0,0
1786496237,408878803,100.0,-1.7200225035296839,-1.7038167158709925,-1.1327374617206019,-4.617710892354147,-4.890399638806478,0.6930230259895325,0.0,-0.0,0.0,0.0,0.0,0.0,0.0,0.0,0.0,0.0,0.0,0.0,0
1786496237,428809881,100.0,-1.7199981848346155,-1.7037809530841272,-1.1327016989337366,-4.6177348534213465,-4.890459958706991,0.6929990649223328,0.0,-0.0,0.0,0.0,0.0,0.0,0.0,0.0,0.0,0.0,0.0,0.0,0
1786496237,449074983,100.0,-1.720034424458639,-1.7038167158709925,-1.1327136198626917,-4.617758814488546,-4.890412036572592,0.6930230259895325,0.0,-0.0,0.0,0.0,0.0,0.0,0.0,0.0,0.0,0.0,0.0,0.0,0
1786496237,468858957,100.0,-1.7200225035296839,-1.7038052717791956,-1.1327255407916468,-4.61781877676119,-4.890447918568746,0.693058967590332,0.0,-0.0,0.0,0.0,0.0,0.0,0.0,0.0,0.0,0.0,0.0,0.0,0
1786496237,489043951,100.0,-1.7200582663165491,-1.7038052717791956,-1.1327374617206019,-4.617722932492391,-4.890399638806478,0.6930709481239319,0.0,-0.0,0.0,0.0,0.0,0.0,0.0,0.0,0.0,0.0,0.0,0.0,0
1786496237,508749723,100.0,-1.7200225035296839,-1.7037928740130823,-1.132761303578512,-4.617770854626791,-4.890459958706991,0.6930230259895325,0.0,-0.0,0.0,0.0,0.0,0.0,0.0,0.0,0.0,0.0,0.0,0.0,0
1786496237,529183387,100.0,-1.7199862639056605,-1.7038167158709925,-1.1327255407916468,-4.6177948156939905,-4.890459958706991,0.6930469870567322,0.0,-0.0,0.0,0.0,0.0,0.0,0.0,0.0,0.0,0.0,0.0,0.0,0
1786496237,548870801,100.0,-1.720046345387594,-1.7037928740130823,-1.1326897780047815,-4.617758814488546,-4.890447918568746,0.6930350065231323,0.0,-0.0,0.0,0.0,0.0,0.0,0.0,0.0,0.0,0.0,0.0,0.0,0
1786496237,568961858,100.0,-1.7200105826007288,-1.7038410345660608,-1.1327136198626917,-4.617770854626791,-4.890435997639791,0.6930350065231323,0.0,-0.0,0.0,0.0,0.0,0.0,0.0,0.0,0.0,0.0,0.0,0.0,0
1786496237,588909626,100.0,-1.720046345387594,-1.7038291136371058,-1.1327255407916468,-4.61781877676119,-4.890447918568746,0.6930469870567322,0.0,-0.0,0.0,0.0,0.0,0.0,0.0,0.0,0.0,0.0,0.0,0.0,0
1786496237,609122037,100.0,-1.7199981848346155,-1.703745190297262,-1.1327136198626917,-4.6177828947650355,-4.890423957501547,0.6930230259895325,0.0,-0.0,0.0,0.0,0.0,0.0,0.0,0.0,0.0,0.0,0.0,0.0,0
1786496237,628750562,100.0,-1.7200701872455042,-1.703757111226217,-1.1326897780047815,-4.617710892354147,-4.890447918568746,0.6930230259895325,0.0,-0.0,0.0,0.0,0.0,0.0,0.0,0.0,0.0,0.0,0.0,0.0,0
1786496237,649073123,100.0,-1.7199981848346155,-1.7038410345660608,-1.1327255407916468,-4.617722932492391,-4.890423957501547,0.6930230259895325,0.0,-0.0,0.0,0.0,0.0,0.0,0.0,0.0,0.0,0.0,0.0,0.0,0
1786496237,668781995,100.0,-1.720034424458639,-1.7038167158709925,-1.132749382649557,-4.617770854626791,-4.890412036572592,0.6930469870567322,0.0,-0.0,0.0,0.0,0.0,0.0,0.0,0.0,0.0,0.0,0.0,0.0,0
1786496237,689006805,100.0,-1.7200105826007288,-1.7038410345660608,-1.1327737013446253,-4.617746893559591,-4.890412036572592,0.6929990649223328,0.0,-0.0,0.0,0.0,0.0,0.0,0.0,0.0,0.0,0.0,0.0,0.0,0
1786496237,708871603,100.0,-1.7200225035296839,-1.7037809530841272,-1.1327374617206019,-4.6177828947650355,-4.890399638806478,0.6929990649223328,0.0,-0.0,0.0,0.0,0.0,0.0,0.0,0.0,0.0,0.0,0.0,0.0,0
1786496237,729201555,100.0,-1.720034424458639,-1.7038410345660608,-1.1327136198626917,-4.6177348534213465,-4.890423957501547,0.6930469870567322,0.0,-0.0,0.0,0.0,0.0,0.0,0.0,0.0,0.0,0.0,0.0,0.0,0
1786496237,748813152,100.0,-1.7200105826007288,-1.7038291136371058,-1.132749382649557,-4.61781877676119,-4.890423957501547,0.6929990649223328,0.0,-0.0,0.0,0.0,0.0,0.0,0.0,0.0,0.0,0.0,0.0,0.0,0
1786496237,769327878,100.0,-1.7200225035296839,-1.7038167158709925,-1.1327255407916468,-4.617758814488546,-4.890412036572592,0.6930230259895325,0.0,-0.0,0.0,0.0,0.0,0.0,0.0,0.0,0.0,0.0,0.0,0.0,0
1786496237,788751840,100.0,-1.7200105826007288,-1.7037690321551722,-1.132761303578512,-4.617770854626791,-4.890399638806478,0.693058967590332,0.0,-0.0,0.0,0.0,0.0,0.0,0.0,0.0,0.0,0.0,0.0,0.0,0
1786496237,808996677,100.0,-1.720046345387594,-1.7037809530841272,-1.1327136198626917,-4.6177828947650355,-4.890447918568746,0.6930469870567322,0.0,-0.0,0.0,0.0,0.0,0.0,0.0,0.0,0.0,0.0,0.0,0.0,0
1786496237,828793764,100.0,-1.7200225035296839,-1.7038167158709925,-1.1327136198626917,-4.6177948156939905,-4.890375677739279,0.6930230259895325,0.0,-0.0,0.0,0.0,0.0,0.0,0.0,0.0,0.0,0.0,0.0,0.0,0
1786496237,848990917,100.0,-1.7200225035296839,-1.7038167158709925,-1.1327136198626917,-4.617746893559591,-4.890435997639791,0.6929990649223328,0.0,-0.0,0.0,0.0,0.0,0.0,0.0,0.0,0.0,0.0,0.0,0.0,0
1786496237,868877410,100.0,-1.7200105826007288,-1.7038291136371058,-1.1327975432025355,-4.617758814488546,-4.890412036572592,0.693058967590332,0.0,-0.0,0.0,0.0,0.0,0.0,0.0,0.0,0.0,0.0,0.0,0.0,0
1786496237,888959646,100.0,-1.7199981848346155,-1.7038052717791956,-1.132761303578512,-4.617770854626791,-4.890447918568746,0.6929870843887329,0.0,-0.0,0.0,0.0,0.0,0.0,0.0,0.0,0.0,0.0,0.0,0.0,0
1786496237,908728122,100.0,-1.7200225035296839,-1.7038410345660608,-1.1327136198626917,-4.6177828947650355,-4.890435997639791,0.6930110454559326,0.0,-0.0,0.0,0.0,0.0,0.0,0.0,0.0,0.0,0.0,0.0,0.0,0
1786496237,929564237,100.0,-1.7200582663165491,-1.7038167158709925,-1.1327136198626917,-4.617758814488546,-4.890412036572592,0.693058967590332,0.0,-0.0,0.0,0.0,0.0,0.0,0.0,0.0,0.0,0.0,0.0,0.0,0
1786496237,948845863,100.0,-1.720046345387594,-1.7038167158709925,-1.1327737013446253,-4.6177828947650355,-4.890412036572592,0.6929990649223328,0.0,-0.0,0.0,0.0,0.0,0.0,0.0,0.0,0.0,0.0,0.0,0.0,0
1786496237,969253063,100.0,-1.7200105826007288,-1.7037928740130823,-1.132761303578512,-4.6177828947650355,-4.890435997639791,0.6930110454559326,0.0,-0.0,0.0,0.0,0.0,0.0,0.0,0.0,0.0,0.0,0.0,0.0,0
1786496237,988728284,100.0,-1.7199981848346155,-1.7037928740130823,-1.132761303578512,-4.617758814488546,-4.890447918568746,0.6930230259895325,0.0,-0.0,0.0,0.0,0.0,0.0,0.0,0.0,0.0,0.0,0.0,0.0,0
1786496238,8893966,100.0,-1.7199981848346155,-1.7037809530841272,-1.1327374617206019,-4.617746893559591,-4.890459958706991,0.6930350065231323,0.0,-0.0,0.0,0.0,0.0,0.0,0.0,0.0,0.0,0.0,0.0,0.0,0
1786496238,28854846,100.0,-1.720034424458639,-1.7038052717791956,-1.1327374617206019,-4.617758814488546,-4.890459958706991,0.6929990649223328,0.0,-0.0,0.0,0.0,0.0,0.0,0.0,0.0,0.0,0.0,0.0,0.0,0
1786496238,48896551,100.0,-1.720046345387594,-1.703757111226217,-1.132761303578512,-4.6177948156939905,-4.890447918568746,0.6930110454559326,0.0,-0.0,0.0,0.0,0.0,0.0,0.0,0.0,0.0,0.0,0.0,0.0,0
1786496238,68852424,100.0,-1.7200582663165491,-1.7038052717791956,-1.1327136198626917,-4.617806855832235,-4.890447918568746,0.6929990649223328,0.0,-0.0,0.0,0.0,0.0,0.0,0.0,0.0,0.0,0.0,0.0,0.0,0
1786496238,89056253,100.0,-1.7200225035296839,-1.7037928740130823,-1.1327737013446253,-4.617770854626791,-4.890471879635946,0.6930469870567322,0.0,-0.0,0.0,0.0,0.0,0.0,0.0,0.0,0.0,0.0,0.0,0.0,0
1786496238,108815908,100.0,-1.7200105826007288,-1.7037690321551722,-1.132749382649557,-4.617758814488546,-4.890435997639791,0.6930230259895325,0.0,-0.0,0.0,0.0,0.0,0.0,0.0,0.0,0.0,0.0,0.0,0.0,0
1786496238,129531383,100.0,-1.7200582663165491,-1.7038410345660608,-1.1327136198626917,-4.6177348534213465,-4.890423957501547,0.6930949091911316,0.0,-0.0,0.0,0.0,0.0,0.0,0.0,0.0,0.0,0.0,0.0,0.0,0
1786496238,148838996,100.0,-1.7200225035296839,-1.7038052717791956,-1.132749382649557,-4.617722932492391,-4.890423957501547,0.6930469870567322,0.0,-0.0,0.0,0.0,0.0,0.0,0.0,0.0,0.0,0.0,0.0,0.0,0
1786496238,168746709,100.0,-1.7199981848346155,-1.7038291136371058,-1.132749382649557,-4.617758814488546,-4.890435997639791,0.6930829286575317,0.0,-0.0,0.0,0.0,0.0,0.0,0.0,0.0,0.0,0.0,0.0,0.0,0
1786496238,188772678,100.0,-1.7200105826007288,-1.7038052717791956,-1.1327374617206019,-4.617722932492391,-4.890387598668234,0.6929990649223328,0.0,-0.0,0.0,0.0,0.0,0.0,0.0,0.0,0.0,0.0,0.0,0.0,0
1786496238,208946228,100.0,-1.7199862639056605,-1.7038291136371058,-1.132749382649557,-4.617758814488546,-4.890435997639791,0.6930829286575317,0.0,-0.0,0.0,0.0,0.0,0.0,0.0,0.0,0.0,0.0,0.0,0.0,0
1786496238,229009389,100.0,-1.7200105826007288,-1.7037809530841272,-1.132749382649557,-4.617722932492391,-4.890483919774191,0.6930230259895325,0.0,-0.0,0.0,0.0,0.0,0.0,0.0,0.0,0.0,0.0,0.0,0.0,0
1786496238,249056816,100.0,-1.7200225035296839,-1.7038052717791956,-1.132749382649557,-4.6177348534213465,-4.890399638806478,0.6930469870567322,0.0,-0.0,0.0,0.0,0.0,0.0,0.0,0.0,0.0,0.0,0.0,0.0,0
1786496238,268863677,100.0,-1.7200105826007288,-1.7038410345660608,-1.1327255407916468,-4.617746893559591,-4.890423957501547,0.6929990649223328,0.0,-0.0,0.0,0.0,0.0,0.0,0.0,0.0,0.0,0.0,0.0,0.0,0
1786496238,289506912,100.0,-1.7199981848346155,-1.7038052717791956,-1.1327136198626917,-4.617746893559591,-4.890399638806478,0.6930469870567322,0.0,-0.0,0.0,0.0,0.0,0.0,0.0,0.0,0.0,0.0,0.0,0.0,0
1786496238,308782815,100.0,-1.7200582663165491,-1.7037928740130823,-1.1327374617206019,-4.617758814488546,-4.890447918568746,0.6930110454559326,0.0,-0.0,0.0,0.0,0.0,0.0,0.0,0.0,0.0,0.0,0.0,0.0,0
1786496238,329567909,100.0,-1.7199624220477503,-1.7038052717791956,-1.132749382649557,-4.617806855832235,-4.890423957501547,0.6930350065231323,0.0,-0.0,0.0,0.0,0.0,0.0,0.0,0.0,0.0,0.0,0.0,0.0,0
1786496238,348739147,100.0,-1.720034424458639,-1.7038167158709925,-1.132761303578512,-4.617770854626791,-4.890412036572592,0.693058967590332,0.0,-0.0,0.0,0.0,0.0,0.0,0.0,0.0,0.0,0.0,0.0,0.0,0
1786496238,368795633,100.0,-1.7200225035296839,-1.7037928740130823,-1.1327737013446253,-4.617758814488546,-4.890447918568746,0.6930469870567322,0.0,-0.0,0.0,0.0,0.0,0.0,0.0,0.0,0.0,0.0,0.0,0.0,0
1786496238,388924837,100.0,-1.7200225035296839,-1.7038291136371058,-1.1327136198626917,-4.617758814488546,-4.890423957501547,0.6930110454559326,0.0,-0.0,0.0,0.0,0.0,0.0,0.0,0.0,0.0,0.0,0.0,0.0,0
1786496238,408929586,100.0,-1.7200105826007288,-1.703757111226217,-1.132749382649557,-4.6177948156939905,-4.890412036572592,0.6930469870567322,0.0,-0.0,0.0,0.0,0.0,0.0,0.0,0.0,0.0,0.0,0.0,0.0,0
1786496238,428878307,100.0,-1.7200701872455042,-1.7038291136371058,-1.1327374617206019,-4.617758814488546,-4.890435997639791,0.6930469870567322,0.0,-0.0,0.0,0.0,0.0,0.0,0.0,0.0,0.0,0.0,0.0,0.0,0
1786496238,449307918,100.0,-1.7200105826007288,-1.7037690321551722,-1.132761303578512,-4.617722932492391,-4.890471879635946,0.6930350065231323,0.0,-0.0,0.0,0.0,0.0,0.0,0.0,0.0,0.0,0.0,0.0,0.0,0
1786496238,468745708,100.0,-1.7200105826007288,-1.7037809530841272,-1.1326773802386683,-4.617758814488546,-4.890459958706991,0.693058967590332,0.0,-0.0,0.0,0.0,0.0,0.0,0.0,0.0,0.0,0.0,0.0,0.0,0
1786496238,488956689,100.0,-1.7200225035296839,-1.7038291136371058,-1.1327737013446253,-4.6177828947650355,-4.890423957501547,0.693058967590332,0.0,-0.0,0.0,0.0,0.0,0.0,0.0,0.0,0.0,0.0,0.0,0.0,0
1786496238,508849859,100.0,-1.7200225035296839,-1.7037928740130823,-1.1327374617206019,-4.617722932492391,-4.890471879635946,0.693058967590332,0.0,-0.0,0.0,0.0,0.0,0.0,0.0,0.0,0.0,0.0,0.0,0.0,0
1786496238,529028892,100.0,-1.7200105826007288,-1.7038052717791956,-1.132749382649557,-4.6177828947650355,-4.890447918568746,0.6930469870567322,0.0,-0.0,0.0,0.0,0.0,0.0,0.0,0.0,0.0,0.0,0.0,0.0,0
1786496238,548843860,100.0,-1.720046345387594,-1.7038410345660608,-1.1327374617206019,-4.617770854626791,-4.890399638806478,0.6930949091911316,0.0,-0.0,0.0,0.0,0.0,0.0,0.0,0.0,0.0,0.0,0.0,0.0,0
1786496238,569229602,100.0,-1.7200821081744593,-1.703852955495016,-1.1327255407916468,-4.617770854626791,-4.890447918568746,0.6930230259895325,0.0,-0.0,0.0,0.0,0.0,0.0,0.0,0.0,0.0,0.0,0.0,0.0,0
1786496238,588837862,100.0,-1.7199981848346155,-1.703852955495016,-1.132749382649557,-4.6177948156939905,-4.890412036572592,0.6930350065231323,0.0,-0.0,0.0,0.0,0.0,0.0,0.0,0.0,0.0,0.0,0.0,0.0,0
1786496238,609336853,100.0,-1.7200582663165491,-1.7038052717791956,-1.1327374617206019,-4.6177948156939905,-4.890423957501547,0.6930469870567322,0.0,-0.0,0.0,0.0,0.0,0.0,0.0,0.0,0.0,0.0,0.0,0.0,0
1786496238,628816127,100.0,-1.7200225035296839,-1.7038410345660608,-1.1327136198626917,-4.617746893559591,-4.890387598668234,0.6930110454559326,0.0,-0.0,0.0,0.0,0.0,0.0,0.0,0.0,0.0,0.0,0.0,0.0,0
1786496238,649190187,100.0,-1.7200105826007288,-1.7038167158709925,-1.132761303578512,-4.6177828947650355,-4.890447918568746,0.6930469870567322,0.0,-0.0,0.0,0.0,0.0,0.0,0.0,0.0,0.0,0.0,0.0,0.0,0
1786496238,668739557,100.0,-1.7200225035296839,-1.7037690321551722,-1.1327374617206019,-4.617758814488546,-4.890483919774191,0.6930469870567322,0.0,-0.0,0.0,0.0,0.0,0.0,0.0,0.0,0.0,0.0,0.0,0.0,0
1786496238,688996553,100.0,-1.7199743429767054,-1.7038291136371058,-1.1326773802386683,-4.617722932492391,-4.890471879635946,0.6930469870567322,0.0,-0.0,0.0,0.0,0.0,0.0,0.0,0.0,0.0,0.0,0.0,0.0,0
1786496238,708802223,100.0,-1.720046345387594,-1.7038291136371058,-1.1327136198626917,-4.617746893559591,-4.890412036572592,0.693058967590332,0.0,-0.0,0.0,0.0,0.0,0.0,0.0,0.0,0.0,0.0,0.0,0.0,0
1786496238,729177951,100.0,-1.7200105826007288,-1.7038052717791956,-1.1327016989337366,-4.617770854626791,-4.890412036572592,0.6930350065231323,0.0,-0.0,0.0,0.0,0.0,0.0,0.0,0.0,0.0,0.0,0.0,0.0,0
1786496238,748782634,100.0,-1.7200105826007288,-1.703864876423971,-1.1327374617206019,-4.617722932492391,-4.890423957501547,0.693058967590332,0.0,-0.0,0.0,0.0,0.0,0.0,0.0,0.0,0.0,0.0,0.0,0.0,0
1786496238,769075155,100.0,-1.7199743429767054,-1.7037690321551722,-1.132761303578512,-4.6177348534213465,-4.890399638806478,0.693058967590332,0.0,-0.0,0.0,0.0,0.0,0.0,0.0,0.0,0.0,0.0,0.0,0.0,0
1786496238,788817167,100.0,-1.7199862639056605,-1.703852955495016,-1.1327016989337366,-4.617758814488546,-4.890412036572592,0.6930350065231323,0.0,-0.0,0.0,0.0,0.0,0.0,0.0,0.0,0.0,0.0,0.0,0.0,0
1786496238,809196710,100.0,-1.7200225035296839,-1.7038410345660608,-1.1327136198626917,-4.617770854626791,-4.890412036572592,0.693058967590332,0.0,-0.0,0.0,0.0,0.0,0.0,0.0,0.0,0.0,0.0,0.0,0.0,0
1786496238,828768968,100.0,-1.7199743429767054,-1.703852955495016,-1.132749382649557,-4.617710892354147,-4.890387598668234,0.6930350065231323,0.0,-0.0,0.0,0.0,0.0,0.0,0.0,0.0,0.0,0.0,0.0,0.0,0
1786496238,848946332,100.0,-1.7200225035296839,-1.7038052717791956,-1.132749382649557,-4.617746893559591,-4.890447918568746,0.6930469870567322,0.0,-0.0,0.0,0.0,0.0,0.0,0.0,0.0,0.0,0.0,0.0,0.0,0
1786496238,868886232,100.0,-1.7200582663165491,-1.7038167158709925,-1.132749382649557,-4.617758814488546,-4.890471879635946,0.6930110454559326,0.0,-0.0,0.0,0.0,0.0,0.0,0.0,0.0,0.0,0.0,0.0,0.0,0
1786496238,889123439,100.0,-1.7200105826007288,-1.7037809530841272,-1.1327374617206019,-4.617758814488546,-4.890412036572592,0.6930469870567322,0.0,-0.0,0.0,0.0,0.0,0.0,0.0,0.0,0.0,0.0,0.0,0.0,0
1786496238,908822774,100.0,-1.7200821081744593,-1.7038167158709925,-1.1327255407916468,-4.6177948156939905,-4.890459958706991,0.6929990649223328,0.0,-0.0,0.0,0.0,0.0,0.0,0.0,0.0,0.0,0.0,0.0,0.0,0
1786496238,929573059,100.0,-1.7200105826007288,-1.7037928740130823,-1.1327255407916468,-4.617722932492391,-4.890412036572592,0.6930350065231323,0.0,-0.0,0.0,0.0,0.0,0.0,0.0,0.0,0.0,0.0,0.0,0.0,0
1786496238,948884487,100.0,-1.7200105826007288,-1.7038291136371058,-1.1327255407916468,-4.617746893559591,-4.890435997639791,0.6929870843887329,0.0,-0.0,0.0,0.0,0.0,0.0,0.0,0.0,0.0,0.0,0.0,0.0,0
1786496238,969087600,100.0,-1.7200225035296839,-1.7038167158709925,-1.1327255407916468,-4.617746893559591,-4.890412036572592,0.6930230259895325,0.0,-0.0,0.0,0.0,0.0,0.0,0.0,0.0,0.0,0.0,0.0,0.0,0
1786496238,988747358,100.0,-1.7200582663165491,-1.7037928740130823,-1.1327374617206019,-4.617770854626791,-4.890435997639791,0.6930469870567322,0.0,-0.0,0.0,0.0,0.0,0.0,0.0,0.0,0.0,0.0,0.0,0.0,0
1786496239,8888006,100.0,-1.7200701872455042,-1.7037928740130823,-1.1327016989337366,-4.6177348534213465,-4.890447918568746,0.6929990649223328,0.0,-0.0,0.0,0.0,0.0,0.0,0.0,0.0,0.0,0.0,0.0,0.0,0
1786496239,28827905,100.0,-1.7200105826007288,-1.7037809530841272,-1.1327374617206019,-4.6177828947650355,-4.890412036572592,0.6930110454559326,0.0,-0.0,0.0,0.0,0.0,0.0,0.0,0.0,0.0,0.0,0.0,0.0,0
1786496239,48803091,100.0,-1.720034424458639,-1.7038410345660608,-1.1327136198626917,-4.6177348534213465,-4.890435997639791,0.6930350065231323,0.0,-0.0,0.0,0.0,0.0,0.0,0.0,0.0,0.0,0.0,0.0,0.0,0
1786496239,68753480,100.0,-1.7200105826007288,-1.7037928740130823,-1.132749382649557,-4.6177948156939905,-4.890412036572592,0.6930230259895325,0.0,-0.0,0.0,0.0,0.0,0.0,0.0,0.0,0.0,0.0,0.0,0.0,0
1786496239,88875770,100.0,-1.7200701872455042,-1.7038052717791956,-1.1327737013446253,-4.617746893559591,-4.890423957501547,0.6930469870567322,0.0,-0.0,0.0,0.0,0.0,0.0,0.0,0.0,0.0,0.0,0.0,0.0,0
1786496239,108823537,100.0,-1.720034424458639,-1.7038167158709925,-1.1327374617206019,-4.617770854626791,-4.890459958706991,0.6930709481239319,0.0,-0.0,0.0,0.0,0.0,0.0,0.0,0.0,0.0,0.0,0.0,0.0,0
1786496239,128870248,100.0,-1.7199862639056605,-1.7038052717791956,-1.1327016989337366,-4.6177348534213465,-4.890375677739279,0.6930469870567322,0.0,-0.0,0.0,0.0,0.0,0.0,0.0,0.0,0.0,0.0,0.0,0.0,0
1786496239,148886442,100.0,-1.7200225035296839,-1.703757111226217,-1.1327016989337366,-4.617758814488546,-4.890412036572592,0.6930469870567322,0.0,-0.0,0.0,0.0,0.0,0.0,0.0,0.0,0.0,0.0,0.0,0.0,0
1786496239,169064044,100.0,-1.7200105826007288,-1.7038167158709925,-1.1327255407916468,-4.617770854626791,-4.890387598668234,0.693058967590332,0.0,-0.0,0.0,0.0,0.0,0.0,0.0,0.0,0.0,0.0,0.0,0.0,0
1786496239,188838720,100.0,-1.7199981848346155,-1.7038052717791956,-1.1327255407916468,-4.6177348534213465,-4.890399638806478,0.6929990649223328,0.0,-0.0,0.0,0.0,0.0,0.0,0.0,0.0,0.0,0.0,0.0,0.0,0
1786496239,208994388,100.0,-1.7199981848346155,-1.7038291136371058,-1.1327016989337366,-4.6177948156939905,-4.890423957501547,0.6930230259895325,0.0,-0.0,0.0,0.0,0.0,0.0,0.0,0.0,0.0,0.0,0.0,0.0,0
1786496239,228759050,100.0,-1.720034424458639,-1.703852955495016,-1.1327255407916468,-4.617746893559591,-4.890471879635946,0.6930709481239319,0.0,-0.0,0.0,0.0,0.0,0.0,0.0,0.0,0.0,0.0,0.0,0.0,0
1786496239,249098300,100.0,-1.720034424458639,-1.7038410345660608,-1.132749382649557,-4.617758814488546,-4.890423957501547,0.693058967590332,0.0,-0.0,0.0,0.0,0.0,0.0,0.0,0.0,0.0,0.0,0.0,0.0,0
1786496239,268795251,100.0,-1.7199981848346155,-1.7037928740130823,-1.1327255407916468,-4.617758814488546,-4.890423957501547,0.6930709481239319,0.0,-0.0,0.0,0.0,0.0,0.0,0.0,0.0,0.0,0.0,0.0,0.0,0
1786496239,288717269,100.0,-1.7200105826007288,-1.7037928740130823,-1.1327136198626917,-4.617758814488546,-4.890435997639791,0.693058967590332,0.0,-0.0,0.0,0.0,0.0,0.0,0.0,0.0,0.0,0.0,0.0,0.0,0
1786496239,308813333,100.0,-1.7200105826007288,-1.7038167158709925,-1.132749382649557,-4.6177348534213465,-4.890387598668234,0.6930350065231323,0.0,-0.0,0.0,0.0,0.0,0.0,0.0,0.0,0.0,0.0,0.0,0.0,0
1786496239,328934192,100.0,-1.7199981848346155,-1.7038291136371058,-1.132761303578512,-4.617770854626791,-4.890387598668234,0.6930469870567322,0.0,-0.0,0.0,0.0,0.0,0.0,0.0,0.0,0.0,0.0,0.0,0.0,0
1786496239,348913908,100.0,-1.7199743429767054,-1.7038291136371058,-1.1327737013446253,-4.617758814488546,-4.890423957501547,0.6930230259895325,0.0,-0.0,0.0,0.0,0.0,0.0,0.0,0.0,0.0,0.0,0.0,0.0,0
1786496239,368816614,100.0,-1.7200105826007288,-1.7038052717791956,-1.132749382649557,-4.617770854626791,-4.890387598668234,0.693058967590332,0.0,-0.0,0.0,0.0,0.0,0.0,0.0,0.0,0.0,0.0,0.0,0.0,0
1786496239,388766527,100.0,-1.7200225035296839,-1.7038291136371058,-1.1327136198626917,-4.617722932492391,-4.890435997639791,0.6929990649223328,0.0,-0.0,0.0,0.0,0.0,0.0,0.0,0.0,0.0,0.0,0.0,0.0,0
1786496239,409057140,100.0,-1.720034424458639,-1.7037690321551722,-1.1326897780047815,-4.617746893559591,-4.890412036572592,0.6930709481239319,0.0,-0.0,0.0,0.0,0.0,0.0,0.0,0.0,0.0,0.0,0.0,0.0,0
1786496239,428829431,100.0,-1.7199862639056605,-1.7037690321551722,-1.132749382649557,-4.617770854626791,-4.890387598668234,0.6929990649223328,0.0,-0.0,0.0,0.0,0.0,0.0,0.0,0.0,0.0,0.0,0.0,0.0,0
1786496239,449291944,100.0,-1.720034424458639,-1.7038052717791956,-1.1327016989337366,-4.617758814488546,-4.890447918568746,0.6930709481239319,0.0,-0.0,0.0,0.0,0.0,0.0,0.0,0.0,0.0,0.0,0.0,0.0,0
1786496239,468810558,100.0,-1.7200105826007288,-1.703852955495016,-1.1327016989337366,-4.6177948156939905,-4.890412036572592,0.6930469870567322,0.0,-0.0,0.0,0.0,0.0,0.0,0.0,0.0,0.0,0.0,0.0,0.0,0
1786496239,489116907,100.0,-1.720046345387594,-1.7037928740130823,-1.1327255407916468,-4.617710892354147,-4.890399638806478,0.6930709481239319,0.0,-0.0,0.0,0.0,0.0,0.0,0.0,0.0,0.0,0.0,0.0,0.0,0
1786496239,508741378,100.0,-1.7199862639056605,-1.7037928740130823,-1.132749382649557,-4.6177948156939905,-4.890447918568746,0.6930350065231323,0.0,-0.0,0.0,0.0,0.0,0.0,0.0,0.0,0.0,0.0,0.0,0.0,0
1786496239,528950452,100.0,-1.7200701872455042,-1.7038052717791956,-1.1327136198626917,-4.617746893559591,-4.890447918568746,0.6930230259895325,0.0,-0.0,0.0,0.0,0.0,0.0,0.0,0.0,0.0,0.0,0.0,0.0,0
1786496239,548860073,100.0,-1.7200105826007288,-1.7038410345660608,-1.1327136198626917,-4.6177348534213465,-4.890412036572592,0.6930350065231323,0.0,-0.0,0.0,0.0,0.0,0.0,0.0,0.0,0.0,0.0,0.0,0.0,0
1786496239,569103002,100.0,-1.7199981848346155,-1.7037690321551722,-1.1327374617206019,-4.617770854626791,-4.890447918568746,0.6930350065231323,0.0,-0.0,0.0,0.0,0.0,0.0,0.0,0.0,0.0,0.0,0.0,0.0,0
1786496239,588842868,100.0,-1.7200225035296839,-1.703757111226217,-1.132749382649557,-4.6177348534213465,-4.890447918568746,0.693058967590332,0.0,-0.0,0.0,0.0,0.0,0.0,0.0,0.0,0.0,0.0,0.0,0.0,0
1786496239,608976602,100.0,-1.7199743429767054,-1.7037809530841272,-1.132749382649557,-4.6177948156939905,-4.890459958706991,0.6930350065231323,0.0,-0.0,0.0,0.0,0.0,0.0,0.0,0.0,0.0,0.0,0.0,0.0,0
1786496239,628888607,100.0,-1.720046345387594,-1.7038052717791956,-1.1327136198626917,-4.6177828947650355,-4.890412036572592,0.6930110454559326,0.0,-0.0,0.0,0.0,0.0,0.0,0.0,0.0,0.0,0.0,0.0,0.0,0
1786496239,649034023,100.0,-1.7200105826007288,-1.7038052717791956,-1.1327136198626917,-4.6177348534213465,-4.890471879635946,0.6930230259895325,0.0,-0.0,0.0,0.0,0.0,0.0,0.0,0.0,0.0,0.0,0.0,0.0,0
1786496239,668783187,100.0,-1.720034424458639,-1.7038291136371058,-1.1327255407916468,-4.6177348534213465,-4.890412036572592,0.6930709481239319,0.0,-0.0,0.0,0.0,0.0,0.0,0.0,0.0,0.0,0.0,0.0,0.0,0
1786496239,689485788,100.0,-1.7200582663165491,-1.7038052717791956,-1.1327255407916468,-4.617758814488546,-4.890435997639791,0.6930230259895325,0.0,-0.0,0.0,0.0,0.0,0.0,0.0,0.0,0.0,0.0,0.0,0.0,0
1786496239,708760738,100.0,-1.720046345387594,-1.7038410345660608,-1.132761303578512,-4.617710892354147,-4.890412036572592,0.6930110454559326,0.0,-0.0,0.0,0.0,0.0,0.0,0.0,0.0,0.0,0.0,0.0,0.0,0
1786496239,729112863,100.0,-1.720046345387594,-1.7038052717791956,-1.132761303578512,-4.6177828947650355,-4.890423957501547,0.6930110454559326,0.0,-0.0,0.0,0.0,0.0,0.0,0.0,0.0,0.0,0.0,0.0,0.0,0
1786496239,748949527,100.0,-1.7199862639056605,-1.7037928740130823,-1.132761303578512,-4.617770854626791,-4.890447918568746,0.6930709481239319,0.0,-0.0,0.0,0.0,0.0,0.0,0.0,0.0,0.0,0.0,0.0,0.0,0
1786496239,769100427,100.0,-1.7200225035296839,-1.7038410345660608,-1.1327255407916468,-4.617758814488546,-4.890447918568746,0.6930230259895325,0.0,-0.0,0.0,0.0,0.0,0.0,0.0,0.0,0.0,0.0,0.0,0.0,0
1786496239,788878679,100.0,-1.720046345387594,-1.7037809530841272,-1.1327016989337366,-4.617746893559591,-4.890363637601034,0.693058967590332,0.0,-0.0,0.0,0.0,0.0,0.0,0.0,0.0,0.0,0.0,0.0,0.0,0
1786496239,808950185,100.0,-1.7200225035296839,-1.7038291136371058,-1.132749382649557,-4.6177948156939905,-4.890471879635946,0.6930469870567322,0.0,-0.0,0.0,0.0,0.0,0.0,0.0,0.0,0.0,0.0,0.0,0.0,0
1786496239,828841686,100.0,-1.7200225035296839,-1.7038167158709925,-1.1327136198626917,-4.6177348534213465,-4.890435997639791,0.6930110454559326,0.0,-0.0,0.0,0.0,0.0,0.0,0.0,0.0,0.0,0.0,0.0,0.0,0
1786496239,849275350,100.0,-1.7200582663165491,-1.7038052717791956,-1.1327016989337366,-4.617758814488546,-4.890387598668234,0.6930469870567322,0.0,-0.0,0.0,0.0,0.0,0.0,0.0,0.0,0.0,0.0,0.0,0.0,0
1786496239,868849515,100.0,-1.7200582663165491,-1.7038167158709925,-1.132749382649557,-4.617722932492391,-4.890423957501547,0.6930230259895325,0.0,-0.0,0.0,0.0,0.0,0.0,0.0,0.0,0.0,0.0,0.0,0.0,0
1786496239,889234542,100.0,-1.7199862639056605,-1.7037928740130823,-1.1327374617206019,-4.6177828947650355,-4.890399638806478,0.6930230259895325,0.0,-0.0,0.0,0.0,0.0,0.0,0.0,0.0,0.0,0.0,0.0,0.0,0
1786496239,908795118,100.0,-1.720046345387594,-1.7038291136371058,-1.1327255407916468,-4.6177828947650355,-4.890423957501547,0.6930110454559326,0.0,-0.0,0.0,0.0,0.0,0.0,0.0,0.0,0.0,0.0,0.0,0.0,0
1786496239,929113626,100.0,-1.7200225035296839,-1.7037809530841272,-1.132749382649557,-4.617770854626791,-4.890412036572592,0.693058967590332,0.0,-0.0,0.0,0.0,0.0,0.0,0.0,0.0,0.0,0.0,0.0,0.0,0
1786496239,948772668,100.0,-1.7200105826007288,-1.7037690321551722,-1.1327016989337366,-4.6177348534213465,-4.890447918568746,0.6929990649223328,0.0,-0.0,0.0,0.0,0.0,0.0,0.0,0.0,0.0,0.0,0.0,0.0,0
1786496239,968803167,100.0,-1.7200225035296839,-1.7038052717791956,-1.1327136198626917,-4.617746893559591,-4.890435997639791,0.6930469870567322,0.0,-0.0,0.0,0.0,0.0,0.0,0.0,0.0,0.0,0.0,0.0,0.0,0
1786496239,988829135,100.0,-1.7200225035296839,-1.7038052717791956,-1.132749382649557,-4.6177348534213465,-4.890399638806478,0.6930829286575317,0.0,-0.0,0.0,0.0,0.0,0.0,0.0,0.0,0.0,0.0,0.0,0.0,0
1786496240,8824348,100.0,-1.7200701872455042,-1.703864876423971,-1.132749382649557,-4.617758814488546,-4.890447918568746,0.6930350065231323,0.0,-0.0,0.0,0.0,0.0,0.0,0.0,0.0,0.0,0.0,0.0,0.0,0
1786496240,28889179,100.0,-1.7200105826007288,-1.703757111226217,-1.1327016989337366,-4.617770854626791,-4.890423957501547,0.6930829286575317,0.0,-0.0,0.0,0.0,0.0,0.0,0.0,0.0,0.0,0.0,0.0,0.0,0
1786496240,49330234,100.0,-1.720046345387594,-1.7038291136371058,-1.1327856222735804,-4.617758814488546,-4.890435997639791,0.6930230259895325,0.0,-0.0,0.0,0.0,0.0,0.0,0.0,0.0,0.0,0.0,0.0,0.0,0
1786496240,68802356,100.0,-1.7200105826007288,-1.7037809530841272,-1.1327016989337366,-4.617722932492391,-4.890447918568746,0.6930829286575317,0.0,-0.0,0.0,0.0,0.0,0.0,0.0,0.0,0.0,0.0,0.0,0.0,0
1786496240,89328050,100.0,-1.7200225035296839,-1.703852955495016,-1.132749382649557,-4.6177828947650355,-4.890387598668234,0.6930110454559326,0.0,-0.0,0.0,0.0,0.0,0.0,0.0,0.0,0.0,0.0,0.0,0.0,0
1786496240,108781337,100.0,-1.7200225035296839,-1.7038052717791956,-1.132761303578512,-4.617746893559591,-4.890399638806478,0.6930469870567322,0.0,-0.0,0.0,0.0,0.0,0.0,0.0,0.0,0.0,0.0,0.0,0.0,0
1786496240,129129886,100.0,-1.720046345387594,-1.703864876423971,-1.132761303578512,-4.617758814488546,-4.890423957501547,0.6930110454559326,0.0,-0.0,0.0,0.0,0.0,0.0,0.0,0.0,0.0,0.0,0.0,0.0,0
1786496240,148843288,100.0,-1.720034424458639,-1.7038167158709925,-1.1327255407916468,-4.6177828947650355,-4.890399638806478,0.6930469870567322,0.0,-0.0,0.0,0.0,0.0,0.0,0.0,0.0,0.0,0.0,0.0,0.0,0
1786496240,168918848,100.0,-1.7200225035296839,-1.703864876423971,-1.1327136198626917,-4.617758814488546,-4.890399638806478,0.6930469870567322,0.0,-0.0,0.0,0.0,0.0,0.0,0.0,0.0,0.0,0.0,0.0,0.0,0
1786496240,188878297,100.0,-1.720046345387594,-1.7038167158709925,-1.132749382649557,-4.6177828947650355,-4.890459958706991,0.6930230259895325,0.0,-0.0,0.0,0.0,0.0,0.0,0.0,0.0,0.0,0.0,0.0,0.0,0
1786496240,208951473,100.0,-1.720034424458639,-1.703876797352926,-1.132749382649557,-4.617770854626791,-4.890423957501547,0.6930469870567322,0.0,-0.0,0.0,0.0,0.0,0.0,0.0,0.0,0.0,0.0,0.0,0.0,0
1786496240,228776693,100.0,-1.7200225035296839,-1.703745190297262,-1.1327374617206019,-4.617758814488546,-4.890375677739279,0.6930829286575317,0.0,-0.0,0.0,0.0,0.0,0.0,0.0,0.0,0.0,0.0,0.0,0.0,0
1786496240,249219655,100.0,-1.7199862639056605,-1.7037809530841272,-1.132761303578512,-4.617770854626791,-4.890471879635946,0.6930709481239319,0.0,-0.0,0.0,0.0,0.0,0.0,0.0,0.0,0.0,0.0,0.0,0.0,0
1786496240,268782615,100.0,-1.7200225035296839,-1.7037690321551722,-1.132749382649557,-4.617758814488546,-4.890447918568746,0.6930110454559326,0.0,-0.0,0.0,0.0,0.0,0.0,0.0,0.0,0.0,0.0,0.0,0.0,0
1786496240,288995981,100.0,-1.7200582663165491,-1.7037690321551722,-1.132749382649557,-4.617722932492391,-4.890412036572592,0.6930469870567322,0.0,-0.0,0.0,0.0,0.0,0.0,0.0,0.0,0.0,0.0,0.0,0.0,0
1786496240,308847665,100.0,-1.720034424458639,-1.7038167158709925,-1.132761303578512,-4.617746893559591,-4.890471879635946,0.6930350065231323,0.0,-0.0,0.0,0.0,0.0,0.0,0.0,0.0,0.0,0.0,0.0,0.0,0
1786496240,328799724,100.0,-1.7199862639056605,-1.703864876423971,-1.132761303578512,-4.6177828947650355,-4.890412036572592,0.6930110454559326,0.0,-0.0,0.0,0.0,0.0,0.0,0.0,0.0,0.0,0.0,0.0,0.0,0
1786496240,348902463,100.0,-1.7200105826007288,-1.7038410345660608,-1.1327136198626917,-4.617746893559591,-4.890435997639791,0.693058967590332,0.0,-0.0,0.0,0.0,0.0,0.0,0.0,0.0,0.0,0.0,0.0,0.0,0
1786496240,369320869,100.0,-1.720046345387594,-1.7038291136371058,-1.1327374617206019,-4.617746893559591,-4.890387598668234,0.693058967590332,0.0,-0.0,0.0,0.0,0.0,0.0,0.0,0.0,0.0,0.0,0.0,0.0,0
1786496240,388820409,100.0,-1.720046345387594,-1.703852955495016,-1.1327136198626917,-4.617770854626791,-4.890447918568746,0.693058967590332,0.0,-0.0,0.0,0.0,0.0,0.0,0.0,0.0,0.0,0.0,0.0,0.0,0
1786496240,409026861,100.0,-1.7199981848346155,-1.7037809530841272,-1.1327856222735804,-4.617770854626791,-4.890423957501547,0.6930350065231323,0.0,-0.0,0.0,0.0,0.0,0.0,0.0,0.0,0.0,0.0,0.0,0.0,0
1786496240,428807497,100.0,-1.720034424458639,-1.7038167158709925,-1.1326659361468714,-4.6177348534213465,-4.890412036572592,0.693058967590332,0.0,-0.0,0.0,0.0,0.0,0.0,0.0,0.0,0.0,0.0,0.0,0.0,0
1786496240,449142217,100.0,-1.7200225035296839,-1.703852955495016,-1.1327255407916468,-4.617758814488546,-4.890399638806478,0.6930230259895325,0.0,-0.0,0.0,0.0,0.0,0.0,0.0,0.0,0.0,0.0,0.0,0.0,0
1786496240,468738794,100.0,-1.7200105826007288,-1.7038052717791956,-1.1327255407916468,-4.6177828947650355,-4.890423957501547,0.6929990649223328,0.0,-0.0,0.0,0.0,0.0,0.0,0.0,0.0,0.0,0.0,0.0,0.0,0
1786496240,488954544,100.0,-1.7200225035296839,-1.7038167158709925,-1.132761303578512,-4.617770854626791,-4.890399638806478,0.6930110454559326,0.0,-0.0,0.0,0.0,0.0,0.0,0.0,0.0,0.0,0.0,0.0,0.0,0
1786496240,508776426,100.0,-1.7200582663165491,-1.703757111226217,-1.132749382649557,-4.617770854626791,-4.890423957501547,0.693058967590332,0.0,-0.0,0.0,0.0,0.0,0.0,0.0,0.0,0.0,0.0,0.0,0.0,0
1786496240,528857946,100.0,-1.7200821081744593,-1.7037928740130823,-1.1327136198626917,-4.6177828947650355,-4.890435997639791,0.693058967590332,0.0,-0.0,0.0,0.0,0.0,0.0,0.0,0.0,0.0,0.0,0.0,0.0,0
1786496240,548855543,100.0,-1.720034424458639,-1.703852955495016,-1.1327136198626917,-4.617806855832235,-4.890412036572592,0.6930469870567322,0.0,-0.0,0.0,0.0,0.0,0.0,0.0,0.0,0.0,0.0,0.0,0.0,0
1786496240,569448947,100.0,-1.720046345387594,-1.7038052717791956,-1.132761303578512,-4.6177348534213465,-4.890387598668234,0.6930469870567322,0.0,-0.0,0.0,0.0,0.0,0.0,0.0,0.0,0.0,0.0,0.0,0.0,0
1786496240,588785171,100.0,-1.7200105826007288,-1.7038167158709925,-1.1327136198626917,-4.617770854626791,-4.890423957501547,0.6929990649223328,0.0,-0.0,0.0,0.0,0.0,0.0,0.0,0.0,0.0,0.0,0.0,0.0,0
1786496240,609332561,100.0,-1.7200105826007288,-1.7037690321551722,-1.1327374617206019,-4.617770854626791,-4.890423957501547,0.6930110454559326,0.0,-0.0,0.0,0.0,0.0,0.0,0.0,0.0,0.0,0.0,0.0,0.0,0
1786496240,628779888,100.0,-1.7199862639056605,-1.7038167158709925,-1.132749382649557,-4.617746893559591,-4.890471879635946,0.6930230259895325,0.0,-0.0,0.0,0.0,0.0,0.0,0.0,0.0,0.0,0.0,0.0,0.0,0
1786496240,649302005,100.0,-1.7199862639056605,-1.703864876423971,-1.1327016989337366,-4.617770854626791,-4.890412036572592,0.6930350065231323,0.0,-0.0,0.0,0.0,0.0,0.0,0.0,0.0,0.0,0.0,0.0,0.0,0
1786496240,668742179,100.0,-1.7199862639056605,-1.7037928740130823,-1.1327016989337366,-4.617722932492391,-4.890447918568746,0.6930829286575317,0.0,-0.0,0.0,0.0,0.0,0.0,0.0,0.0,0.0,0.0,0.0,0.0,0
1786496240,689178466,100.0,-1.7199981848346155,-1.7038167158709925,-1.1327255407916468,-4.617746893559591,-4.890423957501547,0.6930469870567322,0.0,-0.0,0.0,0.0,0.0,0.0,0.0,0.0,0.0,0.0,0.0,0.0,0
1786496240,708790779,100.0,-1.7200225035296839,-1.7038052717791956,-1.1327737013446253,-4.617758814488546,-4.890399638806478,0.693058967590332,0.0,-0.0,0.0,0.0,0.0,0.0,0.0,0.0,0.0,0.0,0.0,0.0,0
1786496240,729215860,100.0,-1.7200105826007288,-1.703745190297262,-1.1327016989337366,-4.617746893559591,-4.890459958706991,0.6930230259895325,0.0,-0.0,0.0,0.0,0.0,0.0,0.0,0.0,0.0,0.0,0.0,0.0,0
1786496240,748793601,100.0,-1.7200105826007288,-1.7038410345660608,-1.1327856222735804,-4.6177948156939905,-4.890447918568746,0.6930110454559326,0.0,-0.0,0.0,0.0,0.0,0.0,0.0,0.0,0.0,0.0,0.0,0.0,0
1786496240,769036531,100.0,-1.720034424458639,-1.703852955495016,-1.132749382649557,-4.617770854626791,-4.890423957501547,0.6929990649223328,0.0,-0.0,0.0,0.0,0.0,0.0,0.0,0.0,0.0,0.0,0.0,0.0,0
1786496240,788840293,100.0,-1.720034424458639,-1.7038167158709925,-1.132749382649557,-4.617746893559591,-4.890435997639791,0.6930469870567322,0.0,-0.0,0.0,0.0,0.0,0.0,0.0,0.0,0.0,0.0,0.0,0.0,0
1786496240,809137105,100.0,-1.7199981848346155,-1.7037690321551722,-1.1327136198626917,-4.617746893559591,-4.890435997639791,0.6930469870567322,0.0,-0.0,0.0,0.0,0.0,0.0,0.0,0.0,0.0,0.0,0.0,0.0,0
1786496240,828885555,100.0,-1.7200105826007288,-1.7038167158709925,-1.132749382649557,-4.6177828947650355,-4.890423957501547,0.693058967590332,0.0,-0.0,0.0,0.0,0.0,0.0,0.0,0.0,0.0,0.0,0.0,0.0,0
1786496240,849599599,100.0,-1.7200105826007288,-1.7038291136371058,-1.1327016989337366,-4.617710892354147,-4.890412036572592,0.6930110454559326,0.0,-0.0,0.0,0.0,0.0,0.0,0.0,0.0,0.0,0.0,0.0,0.0,0
1786496240,868792057,100.0,-1.7199981848346155,-1.7038167158709925,-1.1327255407916468,-4.617770854626791,-4.890423957501547,0.6930110454559326,0.0,-0.0,0.0,0.0,0.0,0.0,0.0,0.0,0.0,0.0,0.0,0.0,0
1786496240,889569520,100.0,-1.720034424458639,-1.7038167158709925,-1.1327255407916468,-4.6177828947650355,-4.890435997639791,0.6930709481239319,0.0,-0.0,0.0,0.0,0.0,0.0,0.0,0.0,0.0,0.0,0.0,0.0,0
1786496240,908771276,100.0,-1.720034424458639,-1.7037928740130823,-1.1327856222735804,-4.617770854626791,-4.890435997639791,0.6930230259895325,0.0,-0.0,0.0,0.0,0.0,0.0,0.0,0.0,0.0,0.0,0.0,0.0,0
1786496240,929004907,100.0,-1.7200701872455042,-1.7037809530841272,-1.1327975432025355,-4.617770854626791,-4.890423957501547,0.6930469870567322,0.0,-0.0,0.0,0.0,0.0,0.0,0.0,0.0,0.0,0.0,0.0,0.0,0
1786496240,948753356,100.0,-1.720034424458639,-1.7037928740130823,-1.1327255407916468,-4.617758814488546,-4.890399638806478,0.6930709481239319,0.0,-0.0,0.0,0.0,0.0,0.0,0.0,0.0,0.0,0.0,0.0,0.0,0
1786496240,968644142,100.0,-1.720046345387594,-1.7037928740130823,-1.1327737013446253,-4.6177828947650355,-4.890459958706991,0.6929870843887329,0.0,-0.0,0.0,0.0,0.0,0.0,0.0,0.0,0.0,0.0,0.0,0.0,0
1786496240,988867521,100.0,-1.720046345387594,-1.703757111226217,-1.132761303578512,-4.6177828947650355,-4.890447918568746,0.6930110454559326,0.0,-0.0,0.0,0.0,0.0,0.0,0.0,0.0,0.0,0.0,0.0,0.0,0
1786496241,8827447,100.0,-1.7200105826007288,-1.7037690321551722,-1.1327737013446253,-4.617806855832235,-4.890399638806478,0.6930469870567322,0.0,-0.0,0.0,0.0,0.0,0.0,0.0,0.0,0.0,0.0,0.0,0.0,0
1786496241,28856992,100.0,-1.7200225035296839,-1.7037809530841272,-1.1327136198626917,-4.617722932492391,-4.890435997639791,0.6930469870567322,0.0,-0.0,0.0,0.0,0.0,0.0,0.0,0.0,0.0,0.0,0.0,0.0,0
1786496241,49217700,100.0,-1.7200582663165491,-1.7037928740130823,-1.132749382649557,-4.6177348534213465,-4.890412036572592,0.6930469870567322,0.0,-0.0,0.0,0.0,0.0,0.0,0.0,0.0,0.0,0.0,0.0,0.0,0
1786496241,68784475,100.0,-1.7200225035296839,-1.7038052717791956,-1.1327374617206019,-4.6177948156939905,-4.890375677739279,0.693058967590332,0.0,-0.0,0.0,0.0,0.0,0.0,0.0,0.0,0.0,0.0,0.0,0.0,0
1786496241,89177131,100.0,-1.720046345387594,-1.7037928740130823,-1.1327136198626917,-4.617758814488546,-4.890435997639791,0.6930469870567322,0.0,-0.0,0.0,0.0,0.0,0.0,0.0,0.0,0.0,0.0,0.0,0.0,0
1786496241,108752727,100.0,-1.7199981848346155,-1.7038167158709925,-1.1327255407916468,-4.6177828947650355,-4.890435997639791,0.6930829286575317,0.0,-0.0,0.0,0.0,0.0,0.0,0.0,0.0,0.0,0.0,0.0,0.0,0
1786496241,128965377,100.0,-1.7200105826007288,-1.7038052717791956,-1.1327016989337366,-4.617746893559591,-4.890423957501547,0.6930230259895325,0.0,-0.0,0.0,0.0,0.0,0.0,0.0,0.0,0.0,0.0,0.0,0.0,0
1786496241,148829936,100.0,-1.7199862639056605,-1.703745190297262,-1.1327374617206019,-4.617746893559591,-4.890447918568746,0.6930110454559326,0.0,-0.0,0.0,0.0,0.0,0.0,0.0,0.0,0.0,0.0,0.0,0.0,0
1786496241,168932914,100.0,-1.7200225035296839,-1.7038052717791956,-1.1327255407916468,-4.617758814488546,-4.890435997639791,0.693058967590332,0.0,-0.0,0.0,0.0,0.0,0.0,0.0,0.0,0.0,0.0,0.0,0.0,0
1786496241,188866376,100.0,-1.720034424458639,-1.7038291136371058,-1.1327016989337366,-4.617770854626791,-4.890435997639791,0.6930350065231323,0.0,-0.0,0.0,0.0,0.0,0.0,0.0,0.0,0.0,0.0,0.0,0.0,0
1786496241,209094762,100.0,-1.7200105826007288,-1.7038410345660608,-1.1327255407916468,-4.617770854626791,-4.890423957501547,0.6929990649223328,0.0,-0.0,0.0,0.0,0.0,0.0,0.0,0.0,0.0,0.0,0.0,0.0,0
1786496241,228821516,100.0,-1.720046345387594,-1.7038291136371058,-1.1327136198626917,-4.617722932492391,-4.890423957501547,0.6930230259895325,0.0,-0.0,0.0,0.0,0.0,0.0,0.0,0.0,0.0,0.0,0.0,0.0,0
1786496241,249489068,100.0,-1.720034424458639,-1.7037809530841272,-1.1327136198626917,-4.617770854626791,-4.890375677739279,0.6930110454559326,0.0,-0.0,0.0,0.0,0.0,0.0,0.0,0.0,0.0,0.0,0.0,0.0,0
1786496241,268798351,100.0,-1.7200105826007288,-1.703852955495016,-1.1327016989337366,-4.6177348534213465,-4.890399638806478,0.6930709481239319,0.0,-0.0,0.0,0.0,0.0,0.0,0.0,0.0,0.0,0.0,0.0,0.0,0
1786496241,289032459,100.0,-1.7200582663165491,-1.703852955495016,-1.1327136198626917,-4.617758814488546,-4.890447918568746,0.6930230259895325,0.0,-0.0,0.0,0.0,0.0,0.0,0.0,0.0,0.0,0.0,0.0,0.0,0
1786496241,308743238,100.0,-1.720034424458639,-1.7037928740130823,-1.1327737013446253,-4.6177348534213465,-4.890447918568746,0.6930469870567322,0.0,-0.0,0.0,0.0,0.0,0.0,0.0,0.0,0.0,0.0,0.0,0.0,0
1786496241,329030752,100.0,-1.720034424458639,-1.7037809530841272,-1.1327136198626917,-4.6177348534213465,-4.890459958706991,0.6930230259895325,0.0,-0.0,0.0,0.0,0.0,0.0,0.0,0.0,0.0,0.0,0.0,0.0,0
1786496241,348834037,100.0,-1.720034424458639,-1.7038410345660608,-1.1327975432025355,-4.6177348534213465,-4.890423957501547,0.6930469870567322,0.0,-0.0,0.0,0.0,0.0,0.0,0.0,0.0,0.0,0.0,0.0,0.0,0
1786496241,368948221,100.0,-1.720034424458639,-1.703864876423971,-1.1327374617206019,-4.617770854626791,-4.890435997639791,0.693058967590332,0.0,-0.0,0.0,0.0,0.0,0.0,0.0,0.0,0.0,0.0,0.0,0.0,0
1786496241,388767957,100.0,-1.7199981848346155,-1.7037809530841272,-1.1327374617206019,-4.617758814488546,-4.890412036572592,0.6930350065231323,0.0,-0.0,0.0,0.0,0.0,0.0,0.0,0.0,0.0,0.0,0.0,0.0,0
1786496241,408903121,100.0,-1.7199981848346155,-1.703852955495016,-1.132761303578512,-4.617710892354147,-4.890423957501547,0.6929990649223328,0.0,-0.0,0.0,0.0,0.0,0.0,0.0,0.0,0.0,0.0,0.0,0.0,0
1786496241,428823471,100.0,-1.720046345387594,-1.7037690321551722,-1.1327136198626917,-4.617806855832235,-4.890435997639791,0.6929870843887329,0.0,-0.0,0.0,0.0,0.0,0.0,0.0,0.0,0.0,0.0,0.0,0.0,0
1786496241,449084520,100.0,-1.7200701872455042,-1.7037809530841272,-1.1327737013446253,-4.6177348534213465,-4.890387598668234,0.693058967590332,0.0,-0.0,0.0,0.0,0.0,0.0,0.0,0.0,0.0,0.0,0.0,0.0,0
1786496241,468915462,100.0,-1.720046345387594,-1.7038052717791956,-1.1327737013446253,-4.6177828947650355,-4.890447918568746,0.6930350065231323,0.0,-0.0,0.0,0.0,0.0,0.0,0.0,0.0,0.0,0.0,0.0,0.0,0
1786496241,488983154,100.0,-1.7200225035296839,-1.7037690321551722,-1.132749382649557,-4.6177828947650355,-4.890447918568746,0.6929990649223328,0.0,-0.0,0.0,0.0,0.0,0.0,0.0,0.0,0.0,0.0,0.0,0.0,0
1786496241,508961677,100.0,-1.7200225035296839,-1.7037928740130823,-1.1327975432025355,-4.6177348534213465,-4.890435997639791,0.693058967590332,0.0,-0.0,0.0,0.0,0.0,0.0,0.0,0.0,0.0,0.0,0.0,0.0,0
1786496241,529157400,100.0,-1.720034424458639,-1.7038291136371058,-1.1327856222735804,-4.617770854626791,-4.890412036572592,0.6930110454559326,0.0,-0.0,0.0,0.0,0.0,0.0,0.0,0.0,0.0,0.0,0.0,0.0,0
1786496241,548773050,100.0,-1.7200225035296839,-1.703852955495016,-1.1327016989337366,-4.617758814488546,-4.890423957501547,0.6930469870567322,0.0,-0.0,0.0,0.0,0.0,0.0,0.0,0.0,0.0,0.0,0.0,0.0,0
1786496241,568938255,100.0,-1.7199862639056605,-1.7037928740130823,-1.1327374617206019,-4.617710892354147,-4.890412036572592,0.6930469870567322,0.0,-0.0,0.0,0.0,0.0,0.0,0.0,0.0,0.0,0.0,0.0,0.0,0
1786496241,588747501,100.0,-1.7199862639056605,-1.7038291136371058,-1.132761303578512,-4.617746893559591,-4.890423957501547,0.6930110454559326,0.0,-0.0,0.0,0.0,0.0,0.0,0.0,0.0,0.0,0.0,0.0,0.0,0
1786496241,608925104,100.0,-1.7200945059405726,-1.7037690321551722,-1.132761303578512,-4.6177948156939905,-4.890399638806478,0.6929990649223328,0.0,-0.0,0.0,0.0,0.0,0.0,0.0,0.0,0.0,0.0,0.0,0.0,0
1786496241,628793001,100.0,-1.720034424458639,-1.7038167158709925,-1.1327016989337366,-4.6177828947650355,-4.890399638806478,0.6930469870567322,0.0,-0.0,0.0,0.0,0.0,0.0,0.0,0.0,0.0,0.0,0.0,0.0,0
1786496241,649133682,100.0,-1.7200225035296839,-1.7037809530841272,-1.132749382649557,-4.617758814488546,-4.890399638806478,0.693058967590332,0.0,-0.0,0.0,0.0,0.0,0.0,0.0,0.0,0.0,0.0,0.0,0.0,0
1786496241,668841361,100.0,-1.7200105826007288,-1.7037809530841272,-1.132761303578512,-4.6177348534213465,-4.890447918568746,0.6930230259895325,0.0,-0.0,0.0,0.0,0.0,0.0,0.0,0.0,0.0,0.0,0.0,0.0,0
1786496241,689209938,100.0,-1.720034424458639,-1.703852955495016,-1.1327374617206019,-4.617758814488546,-4.890423957501547,0.6930350065231323,0.0,-0.0,0.0,0.0,0.0,0.0,0.0,0.0,0.0,0.0,0.0,0.0,0
1786496241,708763837,100.0,-1.720046345387594,-1.7038167158709925,-1.1327255407916468,-4.617758814488546,-4.890412036572592,0.6930709481239319,0.0,-0.0,0.0,0.0,0.0,0.0,0.0,0.0,0.0,0.0,0.0,0.0,0
1786496241,729232549,100.0,-1.7200225035296839,-1.703852955495016,-1.1327255407916468,-4.617770854626791,-4.890435997639791,0.693058967590332,0.0,-0.0,0.0,0.0,0.0,0.0,0.0,0.0,0.0,0.0,0.0,0.0,0
1786496241,748748540,100.0,-1.7200105826007288,-1.7038052717791956,-1.1326773802386683,-4.617770854626791,-4.890423957501547,0.6930469870567322,0.0,-0.0,0.0,0.0,0.0,0.0,0.0,0.0,0.0,0.0,0.0,0.0,0
1786496241,768743276,100.0,-1.7199624220477503,-1.7038052717791956,-1.1327016989337366,-4.617758814488546,-4.890412036572592,0.6930110454559326,0.0,-0.0,0.0,0.0,0.0,0.0,0.0,0.0,0.0,0.0,0.0,0.0,0
1786496241,788834095,100.0,-1.7200701872455042,-1.7038167158709925,-1.132749382649557,-4.6177348534213465,-4.890399638806478,0.6930230259895325,0.0,-0.0,0.0,0.0,0.0,0.0,0.0,0.0,0.0,0.0,0.0,0.0,0
1786496241,808907032,100.0,-1.7200105826007288,-1.7038052717791956,-1.132749382649557,-4.6177348534213465,-4.890435997639791,0.693058967590332,0.0,-0.0,0.0,0.0,0.0,0.0,0.0,0.0,0.0,0.0,0.0,0.0,0
1786496241,828893423,100.0,-1.7199862639056605,-1.7038052717791956,-1.1326773802386683,-4.6177348534213465,-4.890375677739279,0.693058967590332,0.0,-0.0,0.0,0.0,0.0,0.0,0.0,0.0,0.0,0.0,0.0,0.0,0
1786496241,849397182,100.0,-1.720046345387594,-1.7038052717791956,-1.132761303578512,-4.617770854626791,-4.890399638806478,0.6930350065231323,0.0,-0.0,0.0,0.0,0.0,0.0,0.0,0.0,0.0,0.0,0.0,0.0,0
1786496241,868857622,100.0,-1.7200821081744593,-1.7038410345660608,-1.1327374617206019,-4.617722932492391,-4.890447918568746,0.6930350065231323,0.0,-0.0,0.0,0.0,0.0,0.0,0.0,0.0,0.0,0.0,0.0,0.0,0
1786496241,889554262,100.0,-1.7199743429767054,-1.7037928740130823,-1.1327374617206019,-4.617746893559591,-4.890423957501547,0.6930829286575317,0.0,-0.0,0.0,0.0,0.0,0.0,0.0,0.0,0.0,0.0,0.0,0.0,0
1786496241,908797264,100.0,-1.7200582663165491,-1.7037690321551722,-1.1327255407916468,-4.6177948156939905,-4.890435997639791,0.6930230259895325,0.0,-0.0,0.0,0.0,0.0,0.0,0.0,0.0,0.0,0.0,0.0,0.0,0
1786496241,929128408,100.0,-1.720034424458639,-1.7037928740130823,-1.1326897780047815,-4.6177828947650355,-4.890387598668234,0.6930350065231323,0.0,-0.0,0.0,0.0,0.0,0.0,0.0,0.0,0.0,0.0,0.0,0.0,0
1786496241,948793649,100.0,-1.7200582663165491,-1.7037809530841272,-1.1326897780047815,-4.617770854626791,-4.890447918568746,0.6930469870567322,0.0,-0.0,0.0,0.0,0.0,0.0,0.0,0.0,0.0,0.0,0.0,0.0,0
1786496241,968732357,100.0,-1.7200225035296839,-1.703745190297262,-1.132749382649557,-4.6177828947650355,-4.890412036572592,0.6930469870567322,0.0,-0.0,0.0,0.0,0.0,0.0,0.0,0.0,0.0,0.0,0.0,0.0,0
1786496241,988837480,100.0,-1.7200225035296839,-1.7038167158709925,-1.132749382649557,-4.617806855832235,-4.890387598668234,0.6930350065231323,0.0,-0.0,0.0,0.0,0.0,0.0,0.0,0.0,0.0,0.0,0.0,0.0,0
1786496242,9010791,100.0,-1.7200225035296839,-1.7037928740130823,-1.1327136198626917,-4.6177948156939905,-4.890423957501547,0.6930709481239319,0.0,-0.0,0.0,0.0,0.0,0.0,0.0,0.0,0.0,0.0,0.0,0.0,0
1786496242,28837203,100.0,-1.7199862639056605,-1.703852955495016,-1.1327374617206019,-4.6177828947650355,-4.890423957501547,0.6930469870567322,0.0,-0.0,0.0,0.0,0.0,0.0,0.0,0.0,0.0,0.0,0.0,0.0,0
1786496242,49115180,100.0,-1.7200105826007288,-1.7038052717791956,-1.1327255407916468,-4.617710892354147,-4.890435997639791,0.6930469870567322,0.0,-0.0,0.0,0.0,0.0,0.0,0.0,0.0,0.0,0.0,0.0,0.0,0
1786496242,68872213,100.0,-1.720034424458639,-1.7038167158709925,-1.1327016989337366,-4.617758814488546,-4.890423957501547,0.6930110454559326,0.0,-0.0,0.0,0.0,0.0,0.0,0.0,0.0,0.0,0.0,0.0,0.0,0
1786496242,88918209,100.0,-1.7199981848346155,-1.7037928740130823,-1.1327374617206019,-4.6177828947650355,-4.890447918568746,0.6930469870567322,0.0,-0.0,0.0,0.0,0.0,0.0,0.0,0.0,0.0,0.0,0.0,0.0,0
1786496242,108862876,100.0,-1.7200225035296839,-1.703852955495016,-1.1327255407916468,-4.617746893559591,-4.890423957501547,0.6930350065231323,0.0,-0.0,0.0,0.0,0.0,0.0,0.0,0.0,0.0,0.0,0.0,0.0,0
1786496242,129171371,100.0,-1.7200105826007288,-1.7037809530841272,-1.1327374617206019,-4.617746893559591,-4.890387598668234,0.6930110454559326,0.0,-0.0,0.0,0.0,0.0,0.0,0.0,0.0,0.0,0.0,0.0,0.0,0
1786496242,148741960,100.0,-1.720034424458639,-1.7038052717791956,-1.1327016989337366,-4.6177948156939905,-4.890399638806478,0.6930350065231323,0.0,-0.0,0.0,0.0,0.0,0.0,0.0,0.0,0.0,0.0,0.0,0.0,0
1786496242,168732166,100.0,-1.7200105826007288,-1.703852955495016,-1.132749382649557,-4.617806855832235,-4.890412036572592,0.6930350065231323,0.0,-0.0,0.0,0.0,0.0,0.0,0.0,0.0,0.0,0.0,0.0,0.0,0
1786496242,188784599,100.0,-1.7200105826007288,-1.7038052717791956,-1.1327255407916468,-4.617746893559591,-4.890447918568746,0.693058967590332,0.0,-0.0,0.0,0.0,0.0,0.0,0.0,0.0,0.0,0.0,0.0,0.0,0
1786496242,209146022,100.0,-1.7200225035296839,-1.7038167158709925,-1.1327856222735804,-4.6177948156939905,-4.890435997639791,0.6930110454559326,0.0,-0.0,0.0,0.0,0.0,0.0,0.0,0.0,0.0,0.0,0.0,0.0,0
1786496242,228779554,100.0,-1.7200225035296839,-1.7038052717791956,-1.1327255407916468,-4.617746893559591,-4.890423957501547,0.6930350065231323,0.0,-0.0,0.0,0.0,0.0,0.0,0.0,0.0,0.0,0.0,0.0,0.0,0
1786496242,249062061,100.0,-1.7199862639056605,-1.703757111226217,-1.132749382649557,-4.6177828947650355,-4.890399638806478,0.6930350065231323,0.0,-0.0,0.0,0.0,0.0,0.0,0.0,0.0,0.0,0.0,0.0,0.0,0
1786496242,268885135,100.0,-1.7200582663165491,-1.7038410345660608,-1.1327136198626917,-4.6177948156939905,-4.890423957501547,0.6930230259895325,0.0,-0.0,0.0,0.0,0.0,0.0,0.0,0.0,0.0,0.0,0.0,0.0,0
1786496242,289577007,100.0,-1.7199981848346155,-1.703757111226217,-1.1327737013446253,-4.617746893559591,-4.890447918568746,0.693058967590332,0.0,-0.0,0.0,0.0,0.0,0.0,0.0,0.0,0.0,0.0,0.0,0.0,0
1786496242,308825969,100.0,-1.7200105826007288,-1.703745190297262,-1.132749382649557,-4.6177348534213465,-4.890423957501547,0.693058967590332,0.0,-0.0,0.0,0.0,0.0,0.0,0.0,0.0,0.0,0.0,0.0,0.0,0
1786496242,328743219,100.0,-1.7200105826007288,-1.7038052717791956,-1.1327255407916468,-4.617722932492391,-4.890435997639791,0.6930230259895325,0.0,-0.0,0.0,0.0,0.0,0.0,0.0,0.0,0.0,0.0,0.0,0.0,0
1786496242,348892927,100.0,-1.720046345387594,-1.7038410345660608,-1.132761303578512,-4.617758814488546,-4.890435997639791,0.6929870843887329,0.0,-0.0,0.0,0.0,0.0,0.0,0.0,0.0,0.0,0.0,0.0,0.0,0
1786496242,368777513,100.0,-1.720046345387594,-1.703852955495016,-1.1327136198626917,-4.617746893559591,-4.890459958706991,0.6930829286575317,0.0,-0.0,0.0,0.0,0.0,0.0,0.0,0.0,0.0,0.0,0.0,0.0,0
1786496242,388797760,100.0,-1.7200105826007288,-1.7038052717791956,-1.132749382649557,-4.6177948156939905,-4.890412036572592,0.6930469870567322,0.0,-0.0,0.0,0.0,0.0,0.0,0.0,0.0,0.0,0.0,0.0,0.0,0
1786496242,408975124,100.0,-1.7199505011187952,-1.7037928740130823,-1.132761303578512,-4.617746893559591,-4.890435997639791,0.6929870843887329,0.0,-0.0,0.0,0.0,0.0,0.0,0.0,0.0,0.0,0.0,0.0,0.0,0
1786496242,428822755,100.0,-1.7200105826007288,-1.7038167158709925,-1.1327374617206019,-4.6177948156939905,-4.890423957501547,0.6930469870567322,0.0,-0.0,0.0,0.0,0.0,0.0,0.0,0.0,0.0,0.0,0.0,0.0,0
1786496242,449317693,100.0,-1.7200105826007288,-1.7038052717791956,-1.1327136198626917,-4.617722932492391,-4.890447918568746,0.6929990649223328,0.0,-0.0,0.0,0.0,0.0,0.0,0.0,0.0,0.0,0.0,0.0,0.0,0
1786496242,468905210,100.0,-1.7199624220477503,-1.7037928740130823,-1.1327016989337366,-4.617770854626791,-4.890412036572592,0.6930230259895325,0.0,-0.0,0.0,0.0,0.0,0.0,0.0,0.0,0.0,0.0,0.0,0.0,0
1786496242,489248752,100.0,-1.7200225035296839,-1.7038167158709925,-1.132749382649557,-4.617746893559591,-4.890412036572592,0.6930829286575317,0.0,-0.0,0.0,0.0,0.0,0.0,0.0,0.0,0.0,0.0,0.0,0.0,0
1786496242,508779048,100.0,-1.7200225035296839,-1.7038052717791956,-1.1327255407916468,-4.617746893559591,-4.890423957501547,0.693058967590332,0.0,-0.0,0.0,0.0,0.0,0.0,0.0,0.0,0.0,0.0,0.0,0.0,0
1786496242,529000043,100.0,-1.7199862639056605,-1.7037809530841272,-1.1327136198626917,-4.6177348534213465,-4.890399638806478,0.6930350065231323,0.0,-0.0,0.0,0.0,0.0,0.0,0.0,0.0,0.0,0.0,0.0,0.0,0
1786496242,548807859,100.0,-1.720046345387594,-1.7038052717791956,-1.132749382649557,-4.617722932492391,-4.890423957501547,0.6930469870567322,0.0,-0.0,0.0,0.0,0.0,0.0,0.0,0.0,0.0,0.0,0.0,0.0,0
1786496242,568970680,100.0,-1.7200225035296839,-1.7038052717791956,-1.1327255407916468,-4.617758814488546,-4.890459958706991,0.693058967590332,0.0,-0.0,0.0,0.0,0.0,0.0,0.0,0.0,0.0,0.0,0.0,0.0,0
1786496242,588824510,100.0,-1.7199981848346155,-1.7038167158709925,-1.1327374617206019,-4.617758814488546,-4.890412036572592,0.6930469870567322,0.0,-0.0,0.0,0.0,0.0,0.0,0.0,0.0,0.0,0.0,0.0,0.0,0
1786496242,608768939,100.0,-1.7200105826007288,-1.7037809530841272,-1.1327374617206019,-4.6177828947650355,-4.890471879635946,0.6929990649223328,0.0,-0.0,0.0,0.0,0.0,0.0,0.0,0.0,0.0,0.0,0.0,0.0,0
1786496242,628881931,100.0,-1.7199862639056605,-1.7038410345660608,-1.1327016989337366,-4.6177948156939905,-4.890412036572592,0.6930230259895325,0.0,-0.0,0.0,0.0,0.0,0.0,0.0,0.0,0.0,0.0,0.0,0.0,0
1786496242,650089502,100.0,-1.7199981848346155,-1.7038167158709925,-1.1327016989337366,-4.617770854626791,-4.890435997639791,0.6930469870567322,0.0,-0.0,0.0,0.0,0.0,0.0,0.0,0.0,0.0,0.0,0.0,0.0,0
1786496242,668818950,100.0,-1.7200582663165491,-1.7038410345660608,-1.1327016989337366,-4.617722932492391,-4.890447918568746,0.6930110454559326,0.0,-0.0,0.0,0.0,0.0,0.0,0.0,0.0,0.0,0.0,0.0,0.0,0
1786496242,689537286,100.0,-1.720046345387594,-1.7038052717791956,-1.1327856222735804,-4.6177348534213465,-4.890399638806478,0.6930230259895325,0.0,-0.0,0.0,0.0,0.0,0.0,0.0,0.0,0.0,0.0,0.0,0.0,0
1786496242,708768367,100.0,-1.7200225035296839,-1.7037690321551722,-1.1327255407916468,-4.617770854626791,-4.890459958706991,0.6930350065231323,0.0,-0.0,0.0,0.0,0.0,0.0,0.0,0.0,0.0,0.0,0.0,0.0,0
1786496242,728978395,100.0,-1.7199862639056605,-1.7038410345660608,-1.1327255407916468,-4.6177828947650355,-4.890447918568746,0.6930230259895325,0.0,-0.0,0.0,0.0,0.0,0.0,0.0,0.0,0.0,0.0,0.0,0.0,0
1786496242,748774051,100.0,-1.7199862639056605,-1.7037928740130823,-1.1327136198626917,-4.6177828947650355,-4.890447918568746,0.6929870843887329,0.0,-0.0,0.0,0.0,0.0,0.0,0.0,0.0,0.0,0.0,0.0,0.0,0
1786496242,768721818,100.0,-1.720046345387594,-1.7038291136371058,-1.132761303578512,-4.617758814488546,-4.890412036572592,0.6930469870567322,0.0,-0.0,0.0,0.0,0.0,0.0,0.0,0.0,0.0,0.0,0.0,0.0,0
1786496242,788814783,100.0,-1.7200225035296839,-1.7037928740130823,-1.1327016989337366,-4.617770854626791,-4.890447918568746,0.6930350065231323,0.0,-0.0,0.0,0.0,0.0,0.0,0.0,0.0,0.0,0.0,0.0,0.0,0
1786496242,808955669,100.0,-1.7199862639056605,-1.7038291136371058,-1.1327255407916468,-4.617770854626791,-4.890399638806478,0.6930110454559326,0.0,-0.0,0.0,0.0,0.0,0.0,0.0,0.0,0.0,0.0,0.0,0.0,0
1786496242,828881740,100.0,-1.7199981848346155,-1.7038410345660608,-1.1326897780047815,-4.617722932492391,-4.890423957501547,0.693058967590332,0.0,-0.0,0.0,0.0,0.0,0.0,0.0,0.0,0.0,0.0,0.0,0.0,0
1786496242,848859548,100.0,-1.720046345387594,-1.7038052717791956,-1.132749382649557,-4.6177828947650355,-4.890399638806478,0.6930709481239319,0.0,-0.0,0.0,0.0,0.0,0.0,0.0,0.0,0.0,0.0,0.0,0.0,0
1786496242,868772745,100.0,-1.7200225035296839,-1.7038291136371058,-1.132749382649557,-4.617722932492391,-4.890387598668234,0.6930709481239319,0.0,-0.0,0.0,0.0,0.0,0.0,0.0,0.0,0.0,0.0,0.0,0.0,0
1786496242,889570474,100.0,-1.720046345387594,-1.7037809530841272,-1.132761303578512,-4.617746893559591,-4.890447918568746,0.6930350065231323,0.0,-0.0,0.0,0.0,0.0,0.0,0.0,0.0,0.0,0.0,0.0,0.0,0
1786496242,908789396,100.0,-1.720046345387594,-1.7038291136371058,-1.1327255407916468,-4.6177348534213465,-4.890412036572592,0.6930350065231323,0.0,-0.0,0.0,0.0,0.0,0.0,0.0,0.0,0.0,0.0,0.0,0.0,0
1786496242,929024934,100.0,-1.7200225035296839,-1.7037690321551722,-1.1327136198626917,-4.617770854626791,-4.890447918568746,0.693058967590332,0.0,-0.0,0.0,0.0,0.0,0.0,0.0,0.0,0.0,0.0,0.0,0.0,0
1786496242,948890209,100.0,-1.7200582663165491,-1.7038410345660608,-1.132749382649557,-4.617770854626791,-4.890435997639791,0.6930469870567322,0.0,-0.0,0.0,0.0,0.0,0.0,0.0,0.0,0.0,0.0,0.0,0.0,0
1786496242,969030857,100.0,-1.7200225035296839,-1.7038052717791956,-1.1327374617206019,-4.6177348534213465,-4.890423957501547,0.6930230259895325,0.0,-0.0,0.0,0.0,0.0,0.0,0.0,0.0,0.0,0.0,0.0,0.0,0
1786496242,988784074,100.0,-1.7200105826007288,-1.7037928740130823,-1.132749382649557,-4.617746893559591,-4.890435997639791,0.6930469870567322,0.0,-0.0,0.0,0.0,0.0,0.0,0.0,0.0,0.0,0.0,0.0,0.0,0
1786496243,9084939,100.0,-1.7200225035296839,-1.7038167158709925,-1.132761303578512,-4.6177348534213465,-4.890435997639791,0.6930469870567322,0.0,-0.0,0.0,0.0,0.0,0.0,0.0,0.0,0.0,0.0,0.0,0.0,0
1786496243,28859615,100.0,-1.7199862639056605,-1.703757111226217,-1.1327374617206019,-4.6177948156939905,-4.890483919774191,0.6930110454559326,0.0,-0.0,0.0,0.0,0.0,0.0,0.0,0.0,0.0,0.0,0.0,0.0,0
1786496243,49822568,100.0,-1.7199862639056605,-1.7038167158709925,-1.1327136198626917,-4.617758814488546,-4.890399638806478,0.6930350065231323,0.0,-0.0,0.0,0.0,0.0,0.0,0.0,0.0,0.0,0.0,0.0,0.0,0
1786496243,68784952,100.0,-1.7200105826007288,-1.7037809530841272,-1.1327255407916468,-4.617770854626791,-4.890435997639791,0.6930469870567322,0.0,-0.0,0.0,0.0,0.0,0.0,0.0,0.0,0.0,0.0,0.0,0.0,0
1786496243,89366674,100.0,-1.720034424458639,-1.7037809530841272,-1.1327255407916468,-4.617722932492391,-4.890399638806478,0.6930110454559326,0.0,-0.0,0.0,0.0,0.0,0.0,0.0,0.0,0.0,0.0,0.0,0.0,0
1786496243,108744621,100.0,-1.7199862639056605,-1.7037690321551722,-1.1327737013446253,-4.6177828947650355,-4.890435997639791,0.693058967590332,0.0,-0.0,0.0,0.0,0.0,0.0,0.0,0.0,0.0,0.0,0.0,0.0,0
1786496243,128960609,100.0,-1.720046345387594,-1.7038167158709925,-1.1327136198626917,-4.61781877676119,-4.890423957501547,0.6929990649223328,0.0,-0.0,0.0,0.0,0.0,0.0,0.0,0.0,0.0,0.0,0.0,0.0,0
1786496243,148888826,100.0,-1.7200582663165491,-1.7038052717791956,-1.1327374617206019,-4.6177948156939905,-4.890399638806478,0.6930350065231323,0.0,-0.0,0.0,0.0,0.0,0.0,0.0,0.0,0.0,0.0,0.0,0.0,0
1786496243,168908834,100.0,-1.720046345387594,-1.7038167158709925,-1.132749382649557,-4.6177348534213465,-4.890423957501547,0.6930350065231323,0.0,-0.0,0.0,0.0,0.0,0.0,0.0,0.0,0.0,0.0,0.0,0.0,0
1786496243,188812971,100.0,-1.720034424458639,-1.703757111226217,-1.1327374617206019,-4.6177948156939905,-4.890447918568746,0.693058967590332,0.0,-0.0,0.0,0.0,0.0,0.0,0.0,0.0,0.0,0.0,0.0,0.0,0
1786496243,208943367,100.0,-1.7200582663165491,-1.7038167158709925,-1.1327255407916468,-4.617758814488546,-4.890412036572592,0.6929990649223328,0.0,-0.0,0.0,0.0,0.0,0.0,0.0,0.0,0.0,0.0,0.0,0.0,0
1786496243,228765726,100.0,-1.7199862639056605,-1.7037928740130823,-1.1327255407916468,-4.617758814488546,-4.890423957501547,0.6930469870567322,0.0,-0.0,0.0,0.0,0.0,0.0,0.0,0.0,0.0,0.0,0.0,0.0,0
1786496243,249853610,100.0,-1.720034424458639,-1.7038291136371058,-1.1327374617206019,-4.61781877676119,-4.890412036572592,0.693058967590332,0.0,-0.0,0.0,0.0,0.0,0.0,0.0,0.0,0.0,0.0,0.0,0.0,0
1786496243,268802165,100.0,-1.7200225035296839,-1.7037928740130823,-1.1327255407916468,-4.617770854626791,-4.890459958706991,0.693058967590332,0.0,-0.0,0.0,0.0,0.0,0.0,0.0,0.0,0.0,0.0,0.0,0.0,0
1786496243,289302110,100.0,-1.7200225035296839,-1.7038167158709925,-1.1327136198626917,-4.617746893559591,-4.890399638806478,0.693058967590332,0.0,-0.0,0.0,0.0,0.0,0.0,0.0,0.0,0.0,0.0,0.0,0.0,0
1786496243,308806180,100.0,-1.7200225035296839,-1.7038291136371058,-1.1327374617206019,-4.617758814488546,-4.890399638806478,0.6930469870567322,0.0,-0.0,0.0,0.0,0.0,0.0,0.0,0.0,0.0,0.0,0.0,0.0,0
1786496243,329106092,100.0,-1.7200225035296839,-1.703852955495016,-1.1327016989337366,-4.617770854626791,-4.890447918568746,0.6931068897247314,0.0,-0.0,0.0,0.0,0.0,0.0,0.0,0.0,0.0,0.0,0.0,0.0,0
1786496243,348914146,100.0,-1.7200945059405726,-1.7037928740130823,-1.1327255407916468,-4.617746893559591,-4.890459958706991,0.6930469870567322,0.0,-0.0,0.0,0.0,0.0,0.0,0.0,0.0,0.0,0.0,0.0,0.0,0
1786496243,393425226,100.0,-1.7200582663165491,-1.703757111226217,-1.1327255407916468,-4.617758814488546,-4.890423957501547,0.6930110454559326,0.0,-0.0,0.0,0.0,0.0,0.0,0.0,0.0,0.0,0.0,0.0,0.0,1
1786496243,408933401,100.0,-1.7200105826007288,-1.7037809530841272,-1.1327374617206019,-4.617722932492391,-4.890412036572592,0.6930110454559326,0.0,-0.0,0.0,0.0,0.0,0.0,0.0,0.0,0.0,0.0,0.0,0.0,1
1786496243,428781747,100.0,-1.7200105826007288,-1.703757111226217,-1.132749382649557,-4.6177948156939905,-4.890447918568746,0.6930110454559326,0.0,-0.0,0.0,0.0,0.0,0.0,0.0,0.0,0.0,0.0,0.0,0.0,1
1786496243,449000120,100.0,-1.7199981848346155,-1.7038167158709925,-1.1327255407916468,-4.617758814488546,-4.890471879635946,0.6930230259895325,0.0,-0.0,0.0,0.0,0.0,0.0,0.0,0.0,0.0,0.0,0.0,0.0,1
1786496243,468865394,100.0,-1.720034424458639,-1.7037928740130823,-1.132749382649557,-4.6177948156939905,-4.890423957501547,0.6930230259895325,0.0,-0.0,0.0,0.0,0.0,0.0,0.0,0.0,0.0,0.0,0.0,0.0,1
1786496243,488861799,100.0,-1.7200225035296839,-1.703852955495016,-1.1327374617206019,-4.617758814488546,-4.890399638806478,0.6930709481239319,0.0,-0.0,0.0,0.0,0.0,0.0,0.0,0.0,0.0,0.0,0.0,0.0,1
1786496243,508793592,100.0,-1.7200225035296839,-1.7038167158709925,-1.1327374617206019,-4.617770854626791,-4.890412036572592,0.6930110454559326,0.0,-0.0,0.0,0.0,0.0,0.0,0.0,0.0,0.0,0.0,0.0,0.0,1
1786496243,529099702,100.0,-1.7200225035296839,-1.7037809530841272,-1.1327374617206019,-4.617758814488546,-4.890412036572592,0.6930110454559326,0.0,-0.0,0.0,0.0,0.0,0.0,0.0,0.0,0.0,0.0,0.0,0.0,1
1786496243,548873901,100.0,-1.720034424458639,-1.7038410345660608,-1.1327255407916468,-4.617758814488546,-4.890423957501547,0.6930110454559326,0.0,-0.0,0.0,0.0,0.0,0.0,0.0,0.0,0.0,0.0,0.0,0.0,1
1786496243,569108247,100.0,-1.720034424458639,-1.7037928740130823,-1.132761303578512,-4.617770854626791,-4.890435997639791,0.6930949091911316,0.0,-0.0,0.0,0.0,0.0,0.0,0.0,0.0,0.0,0.0,0.0,0.0,1
1786496243,588809967,50.0,-1.7200225035296839,-1.7038410345660608,-1.1327136198626917,-4.617830816899435,-4.890459958706991,0.6930110454559326,0.0,-0.0,0.0,0.0,0.0,0.0,0.0,0.0,0.0,0.0,0.0,0.0,1
1786496243,609128713,50.0,-1.720034424458639,-1.7038052717791956,-1.132761303578512,-4.6177348534213465,-4.890435997639791,0.6930469870567322,0.0,-0.0,0.0,0.0,0.0,0.0,0.0,0.0,0.0,0.0,0.0,0.0,1
1786496243,628784179,50.0,-1.7200225035296839,-1.703852955495016,-1.132749382649557,-4.617758814488546,-4.890412036572592,0.6931068897247314,0.0,-0.0,0.0,0.0,0.0,0.0,0.0,0.0,0.0,0.0,0.0,0.0,1
1786496243,649215936,50.0,-1.720034424458639,-1.7038291136371058,-1.1327136198626917,-4.617746893559591,-4.890435997639791,0.693058967590332,0.0,-0.0,0.0,0.0,0.0,0.0,0.0,0.0,0.0,0.0,0.0,0.0,1
1786496243,668759584,50.0,-1.7200225035296839,-1.7037928740130823,-1.1327016989337366,-4.617758814488546,-4.890399638806478,0.6930469870567322,0.0,-0.0,0.0,0.0,0.0,0.0,0.0,0.0,0.0,0.0,0.0,0.0,1
1786496243,688977479,50.0,-1.720046345387594,-1.7038052717791956,-1.1327016989337366,-4.617746893559591,-4.890435997639791,0.693058967590332,0.0,-0.0,0.0,0.0,0.0,0.0,0.0,0.0,0.0,0.0,0.0,0.0,0
1786496243,708799600,50.0,-1.7200225035296839,-1.7038167158709925,-1.1327374617206019,-4.617806855832235,-4.890447918568746,0.6930230259895325,0.0,-0.0,0.0,0.0,0.0,0.0,0.0,0.0,0.0,0.0,0.0,0.0,0
1786496243,728913307,50.0,-1.720034424458639,-1.703757111226217,-1.132761303578512,-4.6177348534213465,-4.890423957501547,0.6930829286575317,0.0,-0.0,0.0,0.0,0.0,0.0,0.0,0.0,0.0,0.0,0.0,0.0,0
1786496243,748929738,50.0,-1.7199981848346155,-1.7037690321551722,-1.1327374617206019,-4.6177348534213465,-4.890447918568746,0.6930110454559326,0.0,-0.0,0.0,0.0,0.0,0.0,0.0,0.0,0.0,0.0,0.0,0.0,0
1786496243,768868684,50.0,-1.7200225035296839,-1.7037690321551722,-1.132749382649557,-4.6177348534213465,-4.890423957501547,0.6930110454559326,0.0,-0.0,0.0,0.0,0.0,0.0,0.0,0.0,0.0,0.0,0.0,0.0,0
1786496243,788813591,50.0,-1.7199981848346155,-1.7038410345660608,-1.1327737013446253,-4.6177348534213465,-4.890447918568746,0.6930469870567322,0.0,-0.0,0.0,0.0,0.0,0.0,0.0,0.0,0.0,0.0,0.0,0.0,0
1786496243,808991909,50.0,-1.7200225035296839,-1.703852955495016,-1.1327374617206019,-4.617770854626791,-4.890447918568746,0.6930110454559326,0.0,-0.0,0.0,0.0,0.0,0.0,0.0,0.0,0.0,0.0,0.0,0.0,0
1786496243,828746557,62.5,-1.7200225035296839,-1.7038291136371058,-1.1327016989337366,-4.617746893559591,-4.890412036572592,0.6930110454559326,0.0,-0.0,0.0,0.0,0.0,0.0,0.0,0.0,0.0,0.0,0.0,0.0,0
1786496243,849611043,62.5,-1.720046345387594,-1.7038167158709925,-1.1326897780047815,-4.617746893559591,-4.890459958706991,0.6930469870567322,0.0,-0.0,0.0,0.0,0.0,0.0,0.0,0.0,0.0,0.0,0.0,0.0,0
1786496243,868771553,62.5,-1.7199743429767054,-1.7037809530841272,-1.132749382649557,-4.617746893559591,-4.890423957501547,0.6930469870567322,0.0,-0.0,0.0,0.0,0.0,0.0,0.0,0.0,0.0,0.0,0.0,0.0,0
1786496243,889173746,62.5,-1.7199624220477503,-1.7038052717791956,-1.1327975432025355,-4.617806855832235,-4.890423957501547,0.6930469870567322,0.0,-0.0,0.0,0.0,0.0,0.0,0.0,0.0,0.0,0.0,0.0,0.0,0
1786496243,908743143,62.5,-1.7200701872455042,-1.7037928740130823,-1.1327136198626917,-4.617758814488546,-4.890399638806478,0.6930350065231323,0.0,-0.0,0.0,0.0,0.0,0.0,0.0,0.0,0.0,0.0,0.0,0.0,0
1786496243,929246187,62.5,-1.720046345387594,-1.7037809530841272,-1.132749382649557,-4.6177948156939905,-4.890459958706991,0.6930829286575317,0.0,-0.0,0.0,0.0,0.0,0.0,0.0,0.0,0.0,0.0,0.0,0.0,0
1786496243,948821067,62.5,-1.720034424458639,-1.7037928740130823,-1.132761303578512,-4.617806855832235,-4.890399638806478,0.6930110454559326,0.0,-0.0,0.0,0.0,0.0,0.0,0.0,0.0,0.0,0.0,0.0,0.0,0
1786496243,968914508,62.5,-1.720034424458639,-1.7038052717791956,-1.1327255407916468,-4.617770854626791,-4.890423957501547,0.6930709481239319,0.0,-0.0,0.0,0.0,0.0,0.0,0.0,0.0,0.0,0.0,0.0,0.0,0
1786496243,988894939,62.5,-1.7200105826007288,-1.7038167158709925,-1.132749382649557,-4.617746893559591,-4.890423957501547,0.6930350065231323,0.0,-0.0,0.0,0.0,0.0,0.0,0.0,0.0,0.0,0.0,0.0,0.0,0
1786496244,8966445,62.5,-1.7200225035296839,-1.7038052717791956,-1.1327136198626917,-4.617770854626791,-4.890447918568746,0.6930469870567322,0.0,-0.0,0.0,0.0,0.0,0.0,0.0,0.0,0.0,0.0,0.0,0.0,0
1786496244,28894662,62.5,-1.7200225035296839,-1.7038052717791956,-1.1327255407916468,-4.6177348534213465,-4.890459958706991,0.6930350065231323,0.0,-0.0,0.0,0.0,0.0,0.0,0.0,0.0,0.0,0.0,0.0,0.0,0
1786496244,49017429,62.5,-1.7200105826007288,-1.7038052717791956,-1.1327856222735804,-4.617710892354147,-4.890423957501547,0.6930469870567322,0.0,-0.0,0.0,0.0,0.0,0.0,0.0,0.0,0.0,0.0,0.0,0.0,0
1786496244,68747758,90.62,-1.7199862639056605,-1.7037690321551722,-1.1327255407916468,-4.6177948156939905,-4.890399638806478,0.693058967590332,0.0,-0.0,0.0,0.0,0.0,0.0,0.0,0.0,0.0,0.0,0.0,0.0,0
1786496244,89498996,90.62,-1.720034424458639,-1.7038291136371058,-1.1327016989337366,-4.6177348534213465,-4.890399638806478,0.693058967590332,0.0,-0.0,0.0,0.0,0.0,0.0,0.0,0.0,0.0,0.0,0.0,0.0,0
1786496244,108723163,90.62,-1.720034424458639,-1.7038052717791956,-1.1327374617206019,-4.617770854626791,-4.890423957501547,0.693058967590332,0.0,-0.0,0.0,0.0,0.0,0.0,0.0,0.0,0.0,0.0,0.0,0.0,0
1786496244,129270315,90.62,-1.7200225035296839,-1.7038410345660608,-1.1326897780047815,-4.617722932492391,-4.890387598668234,0.6930230259895325,0.0,-0.0,0.0,0.0,0.0,0.0,0.0,0.0,0.0,0.0,0.0,0.0,0
1786496244,148798942,90.62,-1.7200701872455042,-1.7037809530841272,-1.1327737013446253,-4.6177348534213465,-4.890471879635946,0.6929751038551331,0.0,-0.0,0.0,0.0,0.0,0.0,0.0,0.0,0.0,0.0,0.0,0.0,0
1786496244,168912410,90.62,-1.7199862639056605,-1.7038410345660608,-1.1327737013446253,-4.617770854626791,-4.890459958706991,0.6930469870567322,0.0,-0.0,0.0,0.0,0.0,0.0,0.0,0.0,0.0,0.0,0.0,0.0,0
1786496244,188847541,90.62,-1.7200105826007288,-1.7038167158709925,-1.1327255407916468,-4.617770854626791,-4.890447918568746,0.693058967590332,0.0,-0.0,0.0,0.0,0.0,0.0,0.0,0.0,0.0,0.0,0.0,0.0,0
1786496244,208916902,90.62,-1.7199743429767054,-1.7038410345660608,-1.1327016989337366,-4.617770854626791,-4.890399638806478,0.6930350065231323,0.0,-0.0,0.0,0.0,0.0,0.0,0.0,0.0,0.0,0.0,0.0,0.0,0
1786496244,228893518,90.62,-1.7199981848346155,-1.7038167158709925,-1.1327374617206019,-4.6177348534213465,-4.890423957501547,0.6930350065231323,0.0,-0.0,0.0,0.0,0.0,0.0,0.0,0.0,0.0,0.0,0.0,0.0,0
1786496244,249660015,90.62,-1.7200225035296839,-1.703852955495016,-1.132749382649557,-4.617770854626791,-4.890459958706991,0.6930350065231323,0.0,-0.0,0.0,0.0,0.0,0.0,0.0,0.0,0.0,0.0,0.0,0.0,0
1786496244,268756151,90.62,-1.7200582663165491,-1.7037928740130823,-1.1327016989337366,-4.617770854626791,-4.890435997639791,0.693058967590332,0.0,-0.0,0.0,0.0,0.0,0.0,0.0,0.0,0.0,0.0,0.0,0.0,0
1786496244,289326429,90.62,-1.7199743429767054,-1.7038291136371058,-1.132761303578512,-4.617698971425192,-4.890399638806478,0.6930110454559326,0.0,-0.0,0.0,0.0,0.0,0.0,0.0,0.0,0.0,0.0,0.0,0.0,0
1786496244,308725833,97.66,-1.7199862639056605,-1.7038167158709925,-1.132749382649557,-4.617770854626791,-4.890423957501547,0.6930469870567322,0.0,-0.0,0.0,0.0,0.0,0.0,0.0,0.0,0.0,0.0,0.0,0.0,0
1786496244,329226493,97.66,-1.7200105826007288,-1.7038167158709925,-1.132749382649557,-4.617806855832235,-4.890447918568746,0.6930469870567322,0.0,-0.0,0.0,0.0,0.0,0.0,0.0,0.0,0.0,0.0,0.0,0.0,0
1786496244,348859071,97.66,-1.720034424458639,-1.7038052717791956,-1.1327255407916468,-4.6177828947650355,-4.890471879635946,0.6929990649223328,0.0,-0.0,0.0,0.0,0.0,0.0,0.0,0.0,0.0,0.0,0.0,0.0,0
1786496244,368893146,97.66,-1.7199743429767054,-1.7038052717791956,-1.1327136198626917,-4.617710892354147,-4.890483919774191,0.6930230259895325,0.0,-0.0,0.0,0.0,0.0,0.0,0.0,0.0,0.0,0.0,0.0,0.0,0
1786496244,388771057,97.66,-1.720046345387594,-1.7037928740130823,-1.1326897780047815,-4.6177828947650355,-4.890423957501547,0.693058967590332,0.0,-0.0,0.0,0.0,0.0,0.0,0.0,0.0,0.0,0.0,0.0,0.0,0
1786496244,409080505,97.66,-1.7199505011187952,-1.7037928740130823,-1.1327136198626917,-4.617746893559591,-4.890399638806478,0.6930350065231323,0.0,-0.0,0.0,0.0,0.0,0.0,0.0,0.0,0.0,0.0,0.0,0.0,0
1786496244,428758621,98.83,-1.720034424458639,-1.703852955495016,-1.1327374617206019,-4.617758814488546,-4.890435997639791,0.6930230259895325,0.0,-0.0,0.0,0.0,0.0,0.0,0.0,0.0,0.0,0.0,0.0,0.0,0
1786496244,449509859,98.83,-1.7199981848346155,-1.7038291136371058,-1.1327016989337366,-4.617758814488546,-4.890459958706991,0.6930469870567322,0.0,-0.0,0.0,0.0,0.0,0.0,0.0,0.0,0.0,0.0,0.0,0.0,0
1786496244,468824148,98.83,-1.7200225035296839,-1.7038167158709925,-1.132749382649557,-4.617758814488546,-4.890471879635946,0.6930709481239319,0.0,-0.0,0.0,0.0,0.0,0.0,0.0,0.0,0.0,0.0,0.0,0.0,0
1786496244,489402294,98.83,-1.7199862639056605,-1.7038410345660608,-1.1327255407916468,-4.6177948156939905,-4.890435997639791,0.693058967590332,0.0,-0.0,0.0,0.0,0.0,0.0,0.0,0.0,0.0,0.0,0.0,0.0,0
1786496244,508915901,98.83,-1.7200225035296839,-1.7037928740130823,-1.1327374617206019,-4.617758814488546,-4.890387598668234,0.6930469870567322,0.0,-0.0,0.0,0.0,0.0,0.0,0.0,0.0,0.0,0.0,0.0,0.0,0
1786496244,528899908,98.83,-1.7200105826007288,-1.703757111226217,-1.1327016989337366,-4.6177948156939905,-4.890387598668234,0.6930469870567322,0.0,-0.0,0.0,0.0,0.0,0.0,0.0,0.0,0.0,0.0,0.0,0.0,0
1786496244,548803091,99.41,-1.7199862639056605,-1.7038052717791956,-1.1327255407916468,-4.6177948156939905,-4.890412036572592,0.6930709481239319,0.0,-0.0,0.0,0.0,0.0,0.0,0.0,0.0,0.0,0.0,0.0,0.0,0
1786496244,569030761,99.41,-1.7200225035296839,-1.7037928740130823,-1.1327737013446253,-4.6177828947650355,-4.890447918568746,0.6930469870567322,0.0,-0.0,0.0,0.0,0.0,0.0,0.0,0.0,0.0,0.0,0.0,0.0,0
1786496244,588768005,99.41,-1.720034424458639,-1.7038410345660608,-1.1327136198626917,-4.6177948156939905,-4.890423957501547,0.6930350065231323,0.0,-0.0,0.0,0.0,0.0,0.0,0.0,0.0,0.0,0.0,0.0,0.0,0
1786496244,608986139,99.41,-1.7200225035296839,-1.703852955495016,-1.132749382649557,-4.6177828947650355,-4.890412036572592,0.6930709481239319,0.0,-0.0,0.0,0.0,0.0,0.0,0.0,0.0,0.0,0.0,0.0,0.0,0
1786496244,628796577,99.41,-1.7200701872455042,-1.7038291136371058,-1.1327136198626917,-4.617758814488546,-4.890423957501547,0.6930350065231323,0.0,-0.0,0.0,0.0,0.0,0.0,0.0,0.0,0.0,0.0,0.0,0.0,0
1786496244,649018526,99.41,-1.7200821081744593,-1.7038167158709925,-1.1327374617206019,-4.6177348534213465,-4.890423957501547,0.6930469870567322,0.0,-0.0,0.0,0.0,0.0,0.0,0.0,0.0,0.0,0.0,0.0,0.0,0
1786496244,668860197,99.41,-1.7199743429767054,-1.7037809530841272,-1.1327136198626917,-4.617806855832235,-4.890483919774191,0.6930230259895325,0.0,-0.0,0.0,0.0,0.0,0.0,0.0,0.0,0.0,0.0,0.0,0.0,0
1786496244,689018011,99.41,-1.7200105826007288,-1.7038167158709925,-1.1327016989337366,-4.617758814488546,-4.890399638806478,0.6930709481239319,0.0,-0.0,0.0,0.0,0.0,0.0,0.0,0.0,0.0,0.0,0.0,0.0,0
1786496244,708795785,99.41,-1.720046345387594,-1.7038167158709925,-1.132749382649557,-4.6177828947650355,-4.890483919774191,0.6930350065231323,0.0,-0.0,0.0,0.0,0.0,0.0,0.0,0.0,0.0,0.0,0.0,0.0,0
1786496244,729328155,99.41,-1.7200105826007288,-1.7038410345660608,-1.1327136198626917,-4.617758814488546,-4.890459958706991,0.6929990649223328,0.0,-0.0,0.0,0.0,0.0,0.0,0.0,0.0,0.0,0.0,0.0,0.0,0
1786496244,748873472,99.41,-1.7200105826007288,-1.7037809530841272,-1.1326659361468714,-4.617758814488546,-4.890387598668234,0.6930469870567322,0.0,-0.0,0.0,0.0,0.0,0.0,0.0,0.0,0.0,0.0,0.0,0.0,0
1786496244,769526720,99.41,-1.720034424458639,-1.7038052717791956,-1.1327255407916468,-4.617770854626791,-4.890412036572592,0.6930469870567322,0.0,-0.0,0.0,0.0,0.0,0.0,0.0,0.0,0.0,0.0,0.0,0.0,0
1786496244,788774490,99.41,-1.7199981848346155,-1.7038291136371058,-1.1327255407916468,-4.617746893559591,-4.890412036572592,0.6930110454559326,0.0,-0.0,0.0,0.0,0.0,0.0,0.0,0.0,0.0,0.0,0.0,0.0,0
1786496244,808731794,99.85,-1.7200105826007288,-1.7037809530841272,-1.1327255407916468,-4.617758814488546,-4.890435997639791,0.6930469870567322,0.0,-0.0,0.0,0.0,0.0,0.0,0.0,0.0,0.0,0.0,0.0,0.0,0
1786496244,828805685,99.85,-1.7199862639056605,-1.7037690321551722,-1.1327255407916468,-4.617770854626791,-4.890435997639791,0.6930709481239319,0.0,-0.0,0.0,0.0,0.0,0.0,0.0,0.0,0.0,0.0,0.0,0.0,0
1786496244,849136114,99.85,-1.720034424458639,-1.7038167158709925,-1.1327374617206019,-4.6177828947650355,-4.890459958706991,0.6929990649223328,0.0,-0.0,0.0,0.0,0.0,0.0,0.0,0.0,0.0,0.0,0.0,0.0,0
1786496244,868841886,99.85,-1.720046345387594,-1.7038291136371058,-1.132761303578512,-4.617746893559591,-4.890423957501547,0.6929990649223328,0.0,-0.0,0.0,0.0,0.0,0.0,0.0,0.0,0.0,0.0,0.0,0.0,0
1786496244,889041185,99.85,-1.7200582663165491,-1.7038052717791956,-1.132749382649557,-4.617758814488546,-4.890423957501547,0.6930110454559326,0.0,-0.0,0.0,0.0,0.0,0.0,0.0,0.0,0.0,0.0,0.0,0.0,0
1786496244,908812522,99.85,-1.7200225035296839,-1.7038052717791956,-1.1327737013446253,-4.6177828947650355,-4.890399638806478,0.6930469870567322,0.0,-0.0,0.0,0.0,0.0,0.0,0.0,0.0,0.0,0.0,0.0,0.0,0
1786496244,928853750,99.93,-1.7199862639056605,-1.7038052717791956,-1.1327737013446253,-4.617770854626791,-4.890399638806478,0.6930110454559326,0.0,-0.0,0.0,0.0,0.0,0.0,0.0,0.0,0.0,0.0,0.0,0.0,0
1786496244,948828458,99.93,-1.7200105826007288,-1.7037690321551722,-1.132749382649557,-4.617758814488546,-4.890423957501547,0.6930350065231323,0.0,-0.0,0.0,0.0,0.0,0.0,0.0,0.0,0.0,0.0,0.0,0.0,0
1786496244,969035625,99.93,-1.7199981848346155,-1.7038291136371058,-1.1327255407916468,-4.6177828947650355,-4.890423957501547,0.6930709481239319,0.0,-0.0,0.0,0.0,0.0,0.0,0.0,0.0,0.0,0.0,0.0,0.0,0
1786496244,988835334,99.93,-1.7200225035296839,-1.7037928740130823,-1.132749382649557,-4.617770854626791,-4.890399638806478,0.6930350065231323,0.0,-0.0,0.0,0.0,0.0,0.0,0.0,0.0,0.0,0.0,0.0,0.0,0
1786496245,8954524,99.93,-1.7199981848346155,-1.7037928740130823,-1.1327016989337366,-4.6177948156939905,-4.890412036572592,0.6930230259895325,0.0,-0.0,0.0,0.0,0.0,0.0,0.0,0.0,0.0,0.0,0.0,0.0,0
1786496245,28883934,99.93,-1.7200105826007288,-1.7037690321551722,-1.1327136198626917,-4.6177828947650355,-4.890412036572592,0.6930350065231323,0.0,-0.0,0.0,0.0,0.0,0.0,0.0,0.0,0.0,0.0,0.0,0.0,0
1786496245,48797130,99.96,-1.720046345387594,-1.7038167158709925,-1.1327255407916468,-4.6177948156939905,-4.890447918568746,0.6930829286575317,0.0,-0.0,0.0,0.0,0.0,0.0,0.0,0.0,0.0,0.0,0.0,0.0,0
1786496245,68809986,99.96,-1.7199743429767054,-1.7038410345660608,-1.1327255407916468,-4.6177948156939905,-4.890423957501547,0.693058967590332,0.0,-0.0,0.0,0.0,0.0,0.0,0.0,0.0,0.0,0.0,0.0,0.0,0
1786496245,89109897,99.96,-1.7200105826007288,-1.7037928740130823,-1.132761303578512,-4.6177948156939905,-4.890399638806478,0.6930709481239319,0.0,-0.0,0.0,0.0,0.0,0.0,0.0,0.0,0.0,0.0,0.0,0.0,0
1786496245,108825683,99.96,-1.7200105826007288,-1.7038410345660608,-1.1327016989337366,-4.617770854626791,-4.890423957501547,0.6929990649223328,0.0,-0.0,0.0,0.0,0.0,0.0,0.0,0.0,0.0,0.0,0.0,0.0,0
1786496245,129042863,99.96,-1.7200225035296839,-1.7037928740130823,-1.1327374617206019,-4.617770854626791,-4.890423957501547,0.6930350065231323,0.0,-0.0,0.0,0.0,0.0,0.0,0.0,0.0,0.0,0.0,0.0,0.0,0
1786496245,148912429,99.96,-1.7200701872455042,-1.7038167158709925,-1.132761303578512,-4.617770854626791,-4.890412036572592,0.6929990649223328,0.0,-0.0,0.0,0.0,0.0,0.0,0.0,0.0,0.0,0.0,0.0,0.0,0
1786496245,169042825,99.96,-1.720046345387594,-1.7037809530841272,-1.1327374617206019,-4.617758814488546,-4.890423957501547,0.6930350065231323,0.0,-0.0,0.0,0.0,0.0,0.0,0.0,0.0,0.0,0.0,0.0,0.0,0
1786496245,188728094,99.96,-1.720034424458639,-1.7037928740130823,-1.132749382649557,-4.617746893559591,-4.890471879635946,0.6930469870567322,0.0,-0.0,0.0,0.0,0.0,0.0,0.0,0.0,0.0,0.0,0.0,0.0,0
1786496245,209091424,99.96,-1.7199981848346155,-1.7038052717791956,-1.1327255407916468,-4.617722932492391,-4.890412036572592,0.6930469870567322,0.0,-0.0,0.0,0.0,0.0,0.0,0.0,0.0,0.0,0.0,0.0,0.0,0
1786496245,228801488,99.96,-1.7200225035296839,-1.7037928740130823,-1.1327255407916468,-4.6177348534213465,-4.890459958706991,0.693058967590332,0.0,-0.0,0.0,0.0,0.0,0.0,0.0,0.0,0.0,0.0,0.0,0.0,0
1786496245,249204397,99.96,-1.7199981848346155,-1.7037928740130823,-1.1327374617206019,-4.6177828947650355,-4.890387598668234,0.6930110454559326,0.0,-0.0,0.0,0.0,0.0,0.0,0.0,0.0,0.0,0.0,0.0,0.0,0
1786496245,268874168,99.96,-1.7200225035296839,-1.7038167158709925,-1.1327016989337366,-4.6177948156939905,-4.890459958706991,0.6930230259895325,0.0,-0.0,0.0,0.0,0.0,0.0,0.0,0.0,0.0,0.0,0.0,0.0,0
1786496245,288698196,99.99,-1.7199862639056605,-1.7038167158709925,-1.1327374617206019,-4.617758814488546,-4.890435997639791,0.693058967590332,0.0,-0.0,0.0,0.0,0.0,0.0,0.0,0.0,0.0,0.0,0.0,0.0,0
1786496245,308795213,99.99,-1.720046345387594,-1.7038167158709925,-1.1326897780047815,-4.617710892354147,-4.890412036572592,0.6930469870567322,0.0,-0.0,0.0,0.0,0.0,0.0,0.0,0.0,0.0,0.0,0.0,0.0,0
1786496245,329189300,99.99,-1.7200225035296839,-1.703864876423971,-1.1327374617206019,-4.617770854626791,-4.890447918568746,0.6929990649223328,0.0,-0.0,0.0,0.0,0.0,0.0,0.0,0.0,0.0,0.0,0.0,0.0,0
1786496245,348878145,99.99,-1.7199981848346155,-1.7038052717791956,-1.1327737013446253,-4.617758814488546,-4.890387598668234,0.6930350065231323,0.0,-0.0,0.0,0.0,0.0,0.0,0.0,0.0,0.0,0.0,0.0,0.0,0
1786496245,369039535,99.99,-1.7200105826007288,-1.7038052717791956,-1.132749382649557,-4.617758814488546,-4.890435997639791,0.6930469870567322,0.0,-0.0,0.0,0.0,0.0,0.0,0.0,0.0,0.0,0.0,0.0,0.0,0
1786496245,388760566,99.99,-1.7200225035296839,-1.7038167158709925,-1.132761303578512,-4.6177348534213465,-4.890423957501547,0.693058967590332,0.0,-0.0,0.0,0.0,0.0,0.0,0.0,0.0,0.0,0.0,0.0,0.0,0
1786496245,409149646,99.99,-1.7199862639056605,-1.7038410345660608,-1.1327374617206019,-4.6177948156939905,-4.890435997639791,0.6930230259895325,0.0,-0.0,0.0,0.0,0.0,0.0,0.0,0.0,0.0,0.0,0.0,0.0,0
1786496245,428909063,99.99,-1.7199743429767054,-1.7037928740130823,-1.1327136198626917,-4.617746893559591,-4.890447918568746,0.6930110454559326,0.0,-0.0,0.0,0.0,0.0,0.0,0.0,0.0,0.0,0.0,0.0,0.0,0
1786496245,449135303,99.99,-1.720046345387594,-1.7037809530841272,-1.1327255407916468,-4.617722932492391,-4.890412036572592,0.6930469870567322,0.0,-0.0,0.0,0.0,0.0,0.0,0.0,0.0,0.0,0.0,0.0,0.0,0
1786496245,468816280,99.99,-1.7199862639056605,-1.7038052717791956,-1.1327255407916468,-4.617758814488546,-4.890447918568746,0.6930469870567322,0.0,-0.0,0.0,0.0,0.0,0.0,0.0,0.0,0.0,0.0,0.0,0.0,0
1786496245,489269018,99.99,-1.720046345387594,-1.7038052717791956,-1.1327374617206019,-4.617770854626791,-4.890423957501547,0.6930709481239319,0.0,-0.0,0.0,0.0,0.0,0.0,0.0,0.0,0.0,0.0,0.0,0.0,0
1786496245,508802413,99.99,-1.7200701872455042,-1.7038052717791956,-1.1327737013446253,-4.617746893559591,-4.890447918568746,0.693058967590332,0.0,-0.0,0.0,0.0,0.0,0.0,0.0,0.0,0.0,0.0,0.0,0.0,0
1786496245,528921127,100.0,-1.7200105826007288,-1.7037928740130823,-1.1326897780047815,-4.6177828947650355,-4.890412036572592,0.693058967590332,0.0,-0.0,0.0,0.0,0.0,0.0,0.0,0.0,0.0,0.0,0.0,0.0,0
1786496245,548834800,100.0,-1.7199981848346155,-1.7037928740130823,-1.1327255407916468,-4.617770854626791,-4.890423957501547,0.6929990649223328,0.0,-0.0,0.0,0.0,0.0,0.0,0.0,0.0,0.0,0.0,0.0,0.0,0
1786496245,569220542,100.0,-1.720034424458639,-1.7038052717791956,-1.1327374617206019,-4.6177828947650355,-4.890435997639791,0.6929990649223328,0.0,-0.0,0.0,0.0,0.0,0.0,0.0,0.0,0.0,0.0,0.0,0.0,0
1786496245,588741302,100.0,-1.7200225035296839,-1.7038167158709925,-1.1326897780047815,-4.617770854626791,-4.890412036572592,0.6930110454559326,0.0,-0.0,0.0,0.0,0.0,0.0,0.0,0.0,0.0,0.0,0.0,0.0,0
1786496245,609060287,100.0,-1.7200105826007288,-1.7038052717791956,-1.1327016989337366,-4.6177348534213465,-4.890423957501547,0.693058967590332,0.0,-0.0,0.0,0.0,0.0,0.0,0.0,0.0,0.0,0.0,0.0,0.0,0
1786496245,628822326,100.0,-1.7199981848346155,-1.7038167158709925,-1.1326897780047815,-4.617722932492391,-4.890387598668234,0.6930350065231323,0.0,-0.0,0.0,0.0,0.0,0.0,0.0,0.0,0.0,0.0,0.0,0.0,0
1786496245,649340391,100.0,-1.720046345387594,-1.7037690321551722,-1.1327255407916468,-4.617770854626791,-4.890412036572592,0.6930350065231323,0.0,-0.0,0.0,0.0,0.0,0.0,0.0,0.0,0.0,0.0,0.0,0.0,0
1786496245,668821811,100.0,-1.7199862639056605,-1.7038167158709925,-1.132749382649557,-4.617770854626791,-4.890412036572592,0.6930230259895325,0.0,-0.0,0.0,0.0,0.0,0.0,0.0,0.0,0.0,0.0,0.0,0.0,0
1786496245,689308166,100.0,-1.720034424458639,-1.7038410345660608,-1.132749382649557,-4.617770854626791,-4.890447918568746,0.6930110454559326,0.0,-0.0,0.0,0.0,0.0,0.0,0.0,0.0,0.0,0.0,0.0,0.0,0
1786496245,708805322,100.0,-1.7199862639056605,-1.7038167158709925,-1.1327255407916468,-4.6177948156939905,-4.890412036572592,0.6930110454559326,0.0,-0.0,0.0,0.0,0.0,0.0,0.0,0.0,0.0,0.0,0.0,0.0,0
1786496245,729031562,100.0,-1.7200225035296839,-1.7038167158709925,-1.132749382649557,-4.617806855832235,-4.890435997639791,0.6930110454559326,0.0,-0.0,0.0,0.0,0.0,0.0,0.0,0.0,0.0,0.0,0.0,0.0,0
1786496245,748776912,100.0,-1.7199981848346155,-1.7037928740130823,-1.1327737013446253,-4.61784273782839,-4.890459958706991,0.6930829286575317,0.0,-0.0,0.0,0.0,0.0,0.0,0.0,0.0,0.0,0.0,0.0,0.0,0
1786496245,769122123,100.0,-1.7199862639056605,-1.7038052717791956,-1.132749382649557,-4.617758814488546,-4.890423957501547,0.693058967590332,0.0,-0.0,0.0,0.0,0.0,0.0,0.0,0.0,0.0,0.0,0.0,0.0,0
1786496245,788766384,100.0,-1.720034424458639,-1.7038167158709925,-1.132749382649557,-4.617758814488546,-4.890399638806478,0.6930829286575317,0.0,-0.0,0.0,0.0,0.0,0.0,0.0,0.0,0.0,0.0,0.0,0.0,0
1786496245,808753013,100.0,-1.7200105826007288,-1.7038410345660608,-1.1327255407916468,-4.6177828947650355,-4.890412036572592,0.6930709481239319,0.0,-0.0,0.0,0.0,0.0,0.0,0.0,0.0,0.0,0.0,0.0,0.0,0
1786496245,828886032,100.0,-1.7200105826007288,-1.7037809530841272,-1.1327016989337366,-4.6177348534213465,-4.890387598668234,0.6930230259895325,0.0,-0.0,0.0,0.0,0.0,0.0,0.0,0.0,0.0,0.0,0.0,0.0,0
1786496245,849506378,100.0,-1.7200821081744593,-1.7038410345660608,-1.132749382649557,-4.617746893559591,-4.890399638806478,0.693058967590332,0.0,-0.0,0.0,0.0,0.0,0.0,0.0,0.0,0.0,0.0,0.0,0.0,0
1786496245,868827581,100.0,-1.7200225035296839,-1.7037690321551722,-1.1327737013446253,-4.617770854626791,-4.890483919774191,0.6930829286575317,0.0,-0.0,0.0,0.0,0.0,0.0,0.0,0.0,0.0,0.0,0.0,0.0,0
1786496245,889156818,100.0,-1.7200225035296839,-1.7038052717791956,-1.132749382649557,-4.6177348534213465,-4.890435997639791,0.6930949091911316,0.0,-0.0,0.0,0.0,0.0,0.0,0.0,0.0,0.0,0.0,0.0,0.0,0
1786496245,908740758,100.0,-1.7200225035296839,-1.7037928740130823,-1.1327856222735804,-4.617722932492391,-4.890399638806478,0.6930230259895325,0.0,-0.0,0.0,0.0,0.0,0.0,0.0,0.0,0.0,0.0,0.0,0.0,0
1786496245,929003715,100.0,-1.7200582663165491,-1.7037928740130823,-1.132749382649557,-4.6177948156939905,-4.890459958706991,0.6930829286575317,0.0,-0.0,0.0,0.0,0.0,0.0,0.0,0.0,0.0,0.0,0.0,0.0,0
1786496245,948876380,100.0,-1.720046345387594,-1.7038291136371058,-1.132749382649557,-4.6177948156939905,-4.890423957501547,0.6930110454559326,0.0,-0.0,0.0,0.0,0.0,0.0,0.0,0.0,0.0,0.0,0.0,0.0,0
1786496245,969164848,100.0,-1.7199981848346155,-1.7037690321551722,-1.1327374617206019,-4.6177828947650355,-4.890399638806478,0.6930469870567322,0.0,-0.0,0.0,0.0,0.0,0.0,0.0,0.0,0.0,0.0,0.0,0.0,0
1786496245,988850593,100.0,-1.720034424458639,-1.7038052717791956,-1.1327374617206019,-4.617758814488546,-4.890471879635946,0.693058967590332,0.0,-0.0,0.0,0.0,0.0,0.0,0.0,0.0,0.0,0.0,0.0,0.0,0
1786496246,8987903,100.0,-1.720046345387594,-1.7037928740130823,-1.1327374617206019,-4.6177948156939905,-4.890399638806478,0.6930469870567322,0.0,-0.0,0.0,0.0,0.0,0.0,0.0,0.0,0.0,0.0,0.0,0.0,0
1786496246,28802633,100.0,-1.7199862639056605,-1.7037809530841272,-1.1327136198626917,-4.617770854626791,-4.890412036572592,0.6930230259895325,0.0,-0.0,0.0,0.0,0.0,0.0,0.0,0.0,0.0,0.0,0.0,0.0,0
1786496246,49446105,100.0,-1.7200105826007288,-1.7038410345660608,-1.132761303578512,-4.617770854626791,-4.890399638806478,0.6930709481239319,0.0,-0.0,0.0,0.0,0.0,0.0,0.0,0.0,0.0,0.0,0.0,0.0,0
1786496246,68807601,100.0,-1.7199862639056605,-1.703757111226217,-1.1327136198626917,-4.6177948156939905,-4.890447918568746,0.6930110454559326,0.0,-0.0,0.0,0.0,0.0,0.0,0.0,0.0,0.0,0.0,0.0,0.0,0
1786496246,89252948,100.0,-1.720046345387594,-1.7037928740130823,-1.1327136198626917,-4.617758814488546,-4.890412036572592,0.693058967590332,0.0,-0.0,0.0,0.0,0.0,0.0,0.0,0.0,0.0,0.0,0.0,0.0,0
1786496246,108726263,100.0,-1.720046345387594,-1.7037928740130823,-1.132749382649557,-4.617770854626791,-4.890471879635946,0.6930350065231323,0.0,-0.0,0.0,0.0,0.0,0.0,0.0,0.0,0.0,0.0,0.0,0.0,0
1786496246,129182100,100.0,-1.7199862639056605,-1.7038410345660608,-1.1327016989337366,-4.617770854626791,-4.890399638806478,0.6930469870567322,0.0,-0.0,0.0,0.0,0.0,0.0,0.0,0.0,0.0,0.0,0.0,0.0,0
1786496246,148865938,100.0,-1.7200105826007288,-1.7037928740130823,-1.1327016989337366,-4.617770854626791,-4.890435997639791,0.693058967590332,0.0,-0.0,0.0,0.0,0.0,0.0,0.0,0.0,0.0,0.0,0.0,0.0,0
1786496246,168907880,100.0,-1.7199981848346155,-1.7038052717791956,-1.1327016989337366,-4.6177348534213465,-4.890435997639791,0.6930230259895325,0.0,-0.0,0.0,0.0,0.0,0.0,0.0,0.0,0.0,0.0,0.0,0.0,0
1786496246,188840389,100.0,-1.7200582663165491,-1.7037928740130823,-1.1327016989337366,-4.617746893559591,-4.890412036572592,0.6930350065231323,0.0,-0.0,0.0,0.0,0.0,0.0,0.0,0.0,0.0,0.0,0.0,0.0,0
1786496246,208842992,100.0,-1.720034424458639,-1.7038167158709925,-1.1327255407916468,-4.617758814488546,-4.890423957501547,0.6930350065231323,0.0,-0.0,0.0,0.0,0.0,0.0,0.0,0.0,0.0,0.0,0.0,0.0,0
1786496246,228768110,100.0,-1.7199981848346155,-1.7037690321551722,-1.132749382649557,-4.617746893559591,-4.890399638806478,0.6930709481239319,0.0,-0.0,0.0,0.0,0.0,0.0,0.0,0.0,0.0,0.0,0.0,0.0,0
1786496246,249738454,100.0,-1.720046345387594,-1.7038291136371058,-1.1327255407916468,-4.617770854626791,-4.890435997639791,0.6930350065231323,0.0,-0.0,0.0,0.0,0.0,0.0,0.0,0.0,0.0,0.0,0.0,0.0,0
1786496246,268712759,100.0,-1.7200105826007288,-1.7037928740130823,-1.1327136198626917,-4.6177948156939905,-4.890435997639791,0.693058967590332,0.0,-0.0,0.0,0.0,0.0,0.0,0.0,0.0,0.0,0.0,0.0,0.0,0
1786496246,289271593,100.0,-1.720046345387594,-1.7037809530841272,-1.132749382649557,-4.6177948156939905,-4.890459958706991,0.6929990649223328,0.0,-0.0,0.0,0.0,0.0,0.0,0.0,0.0,0.0,0.0,0.0,0.0,0
1786496246,308816194,100.0,-1.7199981848346155,-1.7038167158709925,-1.1326897780047815,-4.617758814488546,-4.890447918568746,0.6930469870567322,0.0,-0.0,0.0,0.0,0.0,0.0,0.0,0.0,0.0,0.0,0.0,0.0,0
1786496246,328942298,100.0,-1.7200225035296839,-1.7037809530841272,-1.1327856222735804,-4.617746893559591,-4.890447918568746,0.6930350065231323,0.0,-0.0,0.0,0.0,0.0,0.0,0.0,0.0,0.0,0.0,0.0,0.0,0
1786496246,348891019,100.0,-1.7200225035296839,-1.7038291136371058,-1.1327016989337366,-4.617710892354147,-4.890423957501547,0.6930350065231323,0.0,-0.0,0.0,0.0,0.0,0.0,0.0,0.0,0.0,0.0,0.0,0.0,0
1786496246,370591163,100.0,-1.720034424458639,-1.7038052717791956,-1.1327016989337366,-4.617770854626791,-4.890435997639791,0.6930709481239319,0.0,-0.0,0.0,0.0,0.0,0.0,0.0,0.0,0.0,0.0,0.0,0.0,0
1786496246,388788700,100.0,-1.7200105826007288,-1.7038167158709925,-1.1327136198626917,-4.6177828947650355,-4.890423957501547,0.6930230259895325,0.0,-0.0,0.0,0.0,0.0,0.0,0.0,0.0,0.0,0.0,0.0,0.0,0
1786496246,409241914,100.0,-1.7200582663165491,-1.7038291136371058,-1.1327737013446253,-4.617722932492391,-4.890447918568746,0.6929870843887329,0.0,-0.0,0.0,0.0,0.0,0.0,0.0,0.0,0.0,0.0,0.0,0.0,0
1786496246,428751707,100.0,-1.7200225035296839,-1.7037690321551722,-1.132761303578512,-4.617770854626791,-4.890459958706991,0.6930469870567322,0.0,-0.0,0.0,0.0,0.0,0.0,0.0,0.0,0.0,0.0,0.0,0.0,0
1786496246,449041128,100.0,-1.7200225035296839,-1.7038410345660608,-1.1327136198626917,-4.617758814488546,-4.890435997639791,0.6929870843887329,0.0,-0.0,0.0,0.0,0.0,0.0,0.0,0.0,0.0,0.0,0.0,0.0,0
1786496246,468796968,100.0,-1.7199981848346155,-1.703852955495016,-1.1326773802386683,-4.617746893559591,-4.890435997639791,0.6930350065231323,0.0,-0.0,0.0,0.0,0.0,0.0,0.0,0.0,0.0,0.0,0.0,0.0,0
1786496246,489085912,100.0,-1.7200225035296839,-1.7037690321551722,-1.132749382649557,-4.617722932492391,-4.890387598668234,0.6930110454559326,0.0,-0.0,0.0,0.0,0.0,0.0,0.0,0.0,0.0,0.0,0.0,0.0,0
1786496246,508722782,100.0,-1.720034424458639,-1.7038052717791956,-1.1327016989337366,-4.617746893559591,-4.890483919774191,0.6930469870567322,0.0,-0.0,0.0,0.0,0.0,0.0,0.0,0.0,0.0,0.0,0.0,0.0,0
1786496246,529398202,100.0,-1.7200225035296839,-1.7038410345660608,-1.132749382649557,-4.6177948156939905,-4.890423957501547,0.6929990649223328,0.0,-0.0,0.0,0.0,0.0,0.0,0.0,0.0,0.0,0.0,0.0,0.0,0
1786496246,548807144,100.0,-1.7200225035296839,-1.7038052717791956,-1.1327136198626917,-4.617758814488546,-4.890447918568746,0.6930469870567322,0.0,-0.0,0.0,0.0,0.0,0.0,0.0,0.0,0.0,0.0,0.0,0.0,0
1786496246,569240093,100.0,-1.7200582663165491,-1.7037928740130823,-1.132749382649557,-4.617722932492391,-4.890447918568746,0.6930469870567322,0.0,-0.0,0.0,0.0,0.0,0.0,0.0,0.0,0.0,0.0,0.0,0.0,0
1786496246,588758707,100.0,-1.720046345387594,-1.7038291136371058,-1.132749382649557,-4.6177828947650355,-4.890375677739279,0.6930709481239319,0.0,-0.0,0.0,0.0,0.0,0.0,0.0,0.0,0.0,0.0,0.0,0.0,0
1786496246,609005451,100.0,-1.720034424458639,-1.7038291136371058,-1.1327136198626917,-4.6177348534213465,-4.890435997639791,0.6930350065231323,0.0,-0.0,0.0,0.0,0.0,0.0,0.0,0.0,0.0,0.0,0.0,0.0,0
1786496246,628760576,100.0,-1.7199981848346155,-1.7037690321551722,-1.1327255407916468,-4.617758814488546,-4.890412036572592,0.6930829286575317,0.0,-0.0,0.0,0.0,0.0,0.0,0.0,0.0,0.0,0.0,0.0,0.0,0
1786496246,648994922,100.0,-1.7200105826007288,-1.7038167158709925,-1.1327136198626917,-4.617758814488546,-4.890412036572592,0.693058967590332,0.0,-0.0,0.0,0.0,0.0,0.0,0.0,0.0,0.0,0.0,0.0,0.0,0
1786496246,668970823,100.0,-1.7199862639056605,-1.703852955495016,-1.132749382649557,-4.617746893559591,-4.890387598668234,0.6929870843887329,0.0,-0.0,0.0,0.0,0.0,0.0,0.0,0.0,0.0,0.0,0.0,0.0,0
1786496246,689362287,100.0,-1.720034424458639,-1.7037928740130823,-1.1327737013446253,-4.6177348534213465,-4.890459958706991,0.693058967590332,0.0,-0.0,0.0,0.0,0.0,0.0,0.0,0.0,0.0,0.0,0.0,0.0,0
1786496246,708742380,100.0,-1.7199981848346155,-1.7038167158709925,-1.1328094641314905,-4.617746893559591,-4.890412036572592,0.6930469870567322,0.0,-0.0,0.0,0.0,0.0,0.0,0.0,0.0,0.0,0.0,0.0,0.0,0
1786496246,729419946,100.0,-1.7200105826007288,-1.7038167158709925,-1.1327136198626917,-4.617746893559591,-4.890447918568746,0.6930110454559326,0.0,-0.0,0.0,0.0,0.0,0.0,0.0,0.0,0.0,0.0,0.0,0.0,0
1786496246,748880624,100.0,-1.720046345387594,-1.7037809530841272,-1.1327374617206019,-4.617806855832235,-4.890447918568746,0.6930469870567322,0.0,-0.0,0.0,0.0,0.0,0.0,0.0,0.0,0.0,0.0,0.0,0.0,0
1786496246,769241094,100.0,-1.7200105826007288,-1.7038052717791956,-1.1327136198626917,-4.617770854626791,-4.890447918568746,0.693058967590332,0.0,-0.0,0.0,0.0,0.0,0.0,0.0,0.0,0.0,0.0,0.0,0.0,0
1786496246,788783788,100.0,-1.7200225035296839,-1.7038410345660608,-1.1327136198626917,-4.6177348534213465,-4.890387598668234,0.6929870843887329,0.0,-0.0,0.0,0.0,0.0,0.0,0.0,0.0,0.0,0.0,0.0,0.0,0
1786496246,809175491,100.0,-1.7200105826007288,-1.7037690321551722,-1.1327016989337366,-4.6177828947650355,-4.890447918568746,0.6930230259895325,0.0,-0.0,0.0,0.0,0.0,0.0,0.0,0.0,0.0,0.0,0.0,0.0,0
1786496246,828852415,100.0,-1.7199981848346155,-1.703876797352926,-1.1327374617206019,-4.617770854626791,-4.890412036572592,0.6930350065231323,0.0,-0.0,0.0,0.0,0.0,0.0,0.0,0.0,0.0,0.0,0.0,0.0,0
1786496246,849331855,100.0,-1.7199981848346155,-1.703852955495016,-1.1327374617206019,-4.617746893559591,-4.890459958706991,0.6930469870567322,0.0,-0.0,0.0,0.0,0.0,0.0,0.0,0.0,0.0,0.0,0.0,0.0,0
1786496246,868776082,100.0,-1.720046345387594,-1.7038052717791956,-1.1327374617206019,-4.617770854626791,-4.890399638806478,0.6930469870567322,0.0,-0.0,0.0,0.0,0.0,0.0,0.0,0.0,0.0,0.0,0.0,0.0,0
1786496246,889016628,100.0,-1.720034424458639,-1.7038167158709925,-1.132749382649557,-4.6177828947650355,-4.890387598668234,0.693058967590332,0.0,-0.0,0.0,0.0,0.0,0.0,0.0,0.0,0.0,0.0,0.0,0.0,0
1786496246,908732652,100.0,-1.7199743429767054,-1.7038167158709925,-1.1327016989337366,-4.617758814488546,-4.890423957501547,0.6930709481239319,0.0,-0.0,0.0,0.0,0.0,0.0,0.0,0.0,0.0,0.0,0.0,0.0,0
1786496246,928923368,100.0,-1.720046345387594,-1.7037809530841272,-1.132749382649557,-4.617770854626791,-4.890447918568746,0.6929870843887329,0.0,-0.0,0.0,0.0,0.0,0.0,0.0,0.0,0.0,0.0,0.0,0.0,0
1786496246,948861598,100.0,-1.7200105826007288,-1.7037690321551722,-1.1327255407916468,-4.617806855832235,-4.890423957501547,0.6930469870567322,0.0,-0.0,0.0,0.0,0.0,0.0,0.0,0.0,0.0,0.0,0.0,0.0,0
1786496246,969258069,100.0,-1.7199862639056605,-1.7038052717791956,-1.1327374617206019,-4.6177828947650355,-4.890399638806478,0.6929990649223328,0.0,-0.0,0.0,0.0,0.0,0.0,0.0,0.0,0.0,0.0,0.0,0.0,0
1786496246,988813400,100.0,-1.720034424458639,-1.7038167158709925,-1.132761303578512,-4.617806855832235,-4.890399638806478,0.6930469870567322,0.0,-0.0,0.0,0.0,0.0,0.0,0.0,0.0,0.0,0.0,0.0,0.0,0
1786496247,9507656,100.0,-1.7200225035296839,-1.7038291136371058,-1.1327136198626917,-4.6177828947650355,-4.890459958706991,0.6930469870567322,0.0,-0.0,0.0,0.0,0.0,0.0,0.0,0.0,0.0,0.0,0.0,0.0,0
1786496247,28759241,100.0,-1.7200105826007288,-1.7038052717791956,-1.1327136198626917,-4.617770854626791,-4.890387598668234,0.693058967590332,0.0,-0.0,0.0,0.0,0.0,0.0,0.0,0.0,0.0,0.0,0.0,0.0,0
1786496247,49707174,100.0,-1.7199624220477503,-1.7037809530841272,-1.1326773802386683,-4.6177948156939905,-4.890399638806478,0.6930469870567322,0.0,-0.0,0.0,0.0,0.0,0.0,0.0,0.0,0.0,0.0,0.0,0.0,0
1786496247,68797349,100.0,-1.720046345387594,-1.7038291136371058,-1.1327255407916468,-4.6177348534213465,-4.890387598668234,0.6930230259895325,0.0,-0.0,0.0,0.0,0.0,0.0,0.0,0.0,0.0,0.0,0.0,0.0,0
1786496247,89074373,100.0,-1.7200105826007288,-1.7038410345660608,-1.1327136198626917,-4.617746893559591,-4.890447918568746,0.6930350065231323,0.0,-0.0,0.0,0.0,0.0,0.0,0.0,0.0,0.0,0.0,0.0,0.0,0
1786496247,108732700,100.0,-1.7200105826007288,-1.7038410345660608,-1.1327136198626917,-4.6177828947650355,-4.890423957501547,0.693058967590332,0.0,-0.0,0.0,0.0,0.0,0.0,0.0,0.0,0.0,0.0,0.0,0.0,0
1786496247,128924131,100.0,-1.720046345387594,-1.7037809530841272,-1.1327255407916468,-4.6177948156939905,-4.890412036572592,0.6929990649223328,0.0,-0.0,0.0,0.0,0.0,0.0,0.0,0.0,0.0,0.0,0.0,0.0,0
1786496247,148864269,100.0,-1.7200225035296839,-1.7038052717791956,-1.132749382649557,-4.617722932492391,-4.890412036572592,0.6930230259895325,0.0,-0.0,0.0,0.0,0.0,0.0,0.0,0.0,0.0,0.0,0.0,0.0,0
1786496247,168773412,100.0,-1.7200225035296839,-1.7038291136371058,-1.132761303578512,-4.6177348534213465,-4.890435997639791,0.6930709481239319,0.0,-0.0,0.0,0.0,0.0,0.0,0.0,0.0,0.0,0.0,0.0,0.0,0
1786496247,188804149,100.0,-1.7200105826007288,-1.7038167158709925,-1.1326897780047815,-4.617770854626791,-4.890375677739279,0.6929990649223328,0.0,-0.0,0.0,0.0,0.0,0.0,0.0,0.0,0.0,0.0,0.0,0.0,0
1786496247,209275722,100.0,-1.720034424458639,-1.7037928740130823,-1.132749382649557,-4.6177948156939905,-4.890459958706991,0.693058967590332,0.0,-0.0,0.0,0.0,0.0,0.0,0.0,0.0,0.0,0.0,0.0,0.0,0
1786496247,228816270,100.0,-1.720034424458639,-1.7037809530841272,-1.132749382649557,-4.617758814488546,-4.890435997639791,0.6930350065231323,0.0,-0.0,0.0,0.0,0.0,0.0,0.0,0.0,0.0,0.0,0.0,0.0,0
1786496247,249108314,100.0,-1.7200225035296839,-1.703852955495016,-1.1326897780047815,-4.6177348534213465,-4.890423957501547,0.6929870843887329,0.0,-0.0,0.0,0.0,0.0,0.0,0.0,0.0,0.0,0.0,0.0,0.0,0
1786496247,268793344,100.0,-1.7200225035296839,-1.7037928740130823,-1.1327255407916468,-4.617758814488546,-4.890375677739279,0.6930110454559326,0.0,-0.0,0.0,0.0,0.0,0.0,0.0,0.0,0.0,0.0,0.0,0.0,0
1786496247,289446830,100.0,-1.7200225035296839,-1.7038410345660608,-1.1327374617206019,-4.6177348534213465,-4.890387598668234,0.6930709481239319,0.0,-0.0,0.0,0.0,0.0,0.0,0.0,0.0,0.0,0.0,0.0,0.0,0
1786496247,308770895,100.0,-1.720046345387594,-1.703852955495016,-1.1326773802386683,-4.617758814488546,-4.890435997639791,0.693058967590332,0.0,-0.0,0.0,0.0,0.0,0.0,0.0,0.0,0.0,0.0,0.0,0.0,0
1786496247,329100847,100.0,-1.7200701872455042,-1.7038052717791956,-1.1327255407916468,-4.617758814488546,-4.890423957501547,0.693058967590332,0.0,-0.0,0.0,0.0,0.0,0.0,0.0,0.0,0.0,0.0,0.0,0.0,0
1786496247,348906993,100.0,-1.7199981848346155,-1.7037809530841272,-1.132749382649557,-4.6177828947650355,-4.890459958706991,0.6930350065231323,0.0,-0.0,0.0,0.0,0.0,0.0,0.0,0.0,0.0,0.0,0.0,0.0,0
1786496247,368941545,100.0,-1.720046345387594,-1.7038167158709925,-1.132761303578512,-4.6177828947650355,-4.890435997639791,0.6930110454559326,0.0,-0.0,0.0,0.0,0.0,0.0,0.0,0.0,0.0,0.0,0.0,0.0,0
1786496247,388857364,100.0,-1.7199743429767054,-1.7037928740130823,-1.1327136198626917,-4.617770854626791,-4.890435997639791,0.6929990649223328,0.0,-0.0,0.0,0.0,0.0,0.0,0.0,0.0,0.0,0.0,0.0,0.0,0
1786496247,409438133,100.0,-1.7200582663165491,-1.7037809530841272,-1.1327136198626917,-4.6177348534213465,-4.890435997639791,0.6930350065231323,0.0,-0.0,0.0,0.0,0.0,0.0,0.0,0.0,0.0,0.0,0.0,0.0,0
1786496247,428763628,100.0,-1.7199981848346155,-1.7038167158709925,-1.1327016989337366,-4.617770854626791,-4.890435997639791,0.693058967590332,0.0,-0.0,0.0,0.0,0.0,0.0,0.0,0.0,0.0,0.0,0.0,0.0,0
1786496247,449350357,100.0,-1.7199981848346155,-1.7038052717791956,-1.132749382649557,-4.617746893559591,-4.890399638806478,0.6929990649223328,0.0,-0.0,0.0,0.0,0.0,0.0,0.0,0.0,0.0,0.0,0.0,0.0,0
1786496247,468758583,100.0,-1.7199981848346155,-1.703757111226217,-1.132749382649557,-4.617746893559591,-4.890447918568746,0.6930350065231323,0.0,-0.0,0.0,0.0,0.0,0.0,0.0,0.0,0.0,0.0,0.0,0.0,0
1786496247,488863468,100.0,-1.7200225035296839,-1.7037928740130823,-1.1327374617206019,-4.6177828947650355,-4.890399638806478,0.6930110454559326,0.0,-0.0,0.0,0.0,0.0,0.0,0.0,0.0,0.0,0.0,0.0,0.0,0
1786496247,508882522,100.0,-1.7199743429767054,-1.7038410345660608,-1.132749382649557,-4.6177948156939905,-4.890459958706991,0.6930110454559326,0.0,-0.0,0.0,0.0,0.0,0.0,0.0,0.0,0.0,0.0,0.0,0.0,0
1786496247,528840780,100.0,-1.7200582663165491,-1.7038052717791956,-1.132749382649557,-4.6177348534213465,-4.890412036572592,0.6930350065231323,0.0,-0.0,0.0,0.0,0.0,0.0,0.0,0.0,0.0,0.0,0.0,0.0,0
1786496247,548903942,100.0,-1.7200225035296839,-1.7038052717791956,-1.132761303578512,-4.617758814488546,-4.890447918568746,0.693058967590332,0.0,-0.0,0.0,0.0,0.0,0.0,0.0,0.0,0.0,0.0,0.0,0.0,0
1786496247,569026470,100.0,-1.7199981848346155,-1.7037690321551722,-1.1327136198626917,-4.617758814488546,-4.890399638806478,0.6930469870567322,0.0,-0.0,0.0,0.0,0.0,0.0,0.0,0.0,0.0,0.0,0.0,0.0,0
1786496247,588811635,100.0,-1.7200821081744593,-1.7038167158709925,-1.1327016989337366,-4.617722932492391,-4.890447918568746,0.6930469870567322,0.0,-0.0,0.0,0.0,0.0,0.0,0.0,0.0,0.0,0.0,0.0,0.0,0
1786496247,609003305,100.0,-1.7199981848346155,-1.7038052717791956,-1.1327856222735804,-4.6177948156939905,-4.890447918568746,0.6930350065231323,0.0,-0.0,0.0,0.0,0.0,0.0,0.0,0.0,0.0,0.0,0.0,0.0,0
1786496247,628797292,100.0,-1.720046345387594,-1.7037928740130823,-1.1327374617206019,-4.6177828947650355,-4.890387598668234,0.6930110454559326,0.0,-0.0,0.0,0.0,0.0,0.0,0.0,0.0,0.0,0.0,0.0,0.0,0
1786496247,649250030,100.0,-1.7199862639056605,-1.7038410345660608,-1.1327016989337366,-4.617746893559591,-4.890459958706991,0.6930350065231323,0.0,-0.0,0.0,0.0,0.0,0.0,0.0,0.0,0.0,0.0,0.0,0.0,0
1786496247,668778657,100.0,-1.7200225035296839,-1.7038291136371058,-1.132761303578512,-4.617770854626791,-4.890399638806478,0.6930350065231323,0.0,-0.0,0.0,0.0,0.0,0.0,0.0,0.0,0.0,0.0,0.0,0.0,0
1786496247,689186811,100.0,-1.7199743429767054,-1.7037928740130823,-1.1327374617206019,-4.6177348534213465,-4.890447918568746,0.6930469870567322,0.0,-0.0,0.0,0.0,0.0,0.0,0.0,0.0,0.0,0.0,0.0,0.0,0
1786496247,708842754,100.0,-1.7199743429767054,-1.7037928740130823,-1.132749382649557,-4.6177948156939905,-4.890412036572592,0.6930350065231323,0.0,-0.0,0.0,0.0,0.0,0.0,0.0,0.0,0.0,0.0,0.0,0.0,0
1786496247,729057550,100.0,-1.7200105826007288,-1.7037928740130823,-1.1327136198626917,-4.617710892354147,-4.890447918568746,0.6930469870567322,0.0,-0.0,0.0,0.0,0.0,0.0,0.0,0.0,0.0,0.0,0.0,0.0,0
1786496247,748867511,100.0,-1.7200105826007288,-1.7038052717791956,-1.1327374617206019,-4.6177948156939905,-4.890459958706991,0.6930469870567322,0.0,-0.0,0.0,0.0,0.0,0.0,0.0,0.0,0.0,0.0,0.0,0.0,0
1786496247,769917488,100.0,-1.7200105826007288,-1.7038167158709925,-1.1327374617206019,-4.6177348534213465,-4.890459958706991,0.6929990649223328,0.0,-0.0,0.0,0.0,0.0,0.0,0.0,0.0,0.0,0.0,0.0,0.0,0
1786496247,788780689,100.0,-1.720046345387594,-1.7038052717791956,-1.132749382649557,-4.617770854626791,-4.890423957501547,0.6930469870567322,0.0,-0.0,0.0,0.0,0.0,0.0,0.0,0.0,0.0,0.0,0.0,0.0,0
1786496247,809117555,100.0,-1.7200105826007288,-1.7038052717791956,-1.1327136198626917,-4.617758814488546,-4.890412036572592,0.693058967590332,0.0,-0.0,0.0,0.0,0.0,0.0,0.0,0.0,0.0,0.0,0.0,0.0,0
1786496247,828787565,100.0,-1.7200225035296839,-1.703864876423971,-1.1327374617206019,-4.6177828947650355,-4.890423957501547,0.6930469870567322,0.0,-0.0,0.0,0.0,0.0,0.0,0.0,0.0,0.0,0.0,0.0,0.0,0
1786496247,848823547,100.0,-1.7200225035296839,-1.7038291136371058,-1.1327136198626917,-4.617770854626791,-4.890447918568746,0.6930350065231323,0.0,-0.0,0.0,0.0,0.0,0.0,0.0,0.0,0.0,0.0,0.0,0.0,0
1786496247,868846416,100.0,-1.7200701872455042,-1.7037928740130823,-1.132749382649557,-4.6177828947650355,-4.890459958706991,0.6929990649223328,0.0,-0.0,0.0,0.0,0.0,0.0,0.0,0.0,0.0,0.0,0.0,0.0,0
1786496247,889108419,100.0,-1.7200225035296839,-1.7037327925311487,-1.1327374617206019,-4.617758814488546,-4.890399638806478,0.6930709481239319,0.0,-0.0,0.0,0.0,0.0,0.0,0.0,0.0,0.0,0.0,0.0,0.0,0
1786496247,908824682,100.0,-1.7200105826007288,-1.7038291136371058,-1.1327255407916468,-4.617746893559591,-4.890459958706991,0.6930469870567322,0.0,-0.0,0.0,0.0,0.0,0.0,0.0,0.0,0.0,0.0,0.0,0.0,0
1786496247,929166793,100.0,-1.7200701872455042,-1.7038167158709925,-1.132749382649557,-4.617758814488546,-4.890412036572592,0.6930350065231323,0.0,-0.0,0.0,0.0,0.0,0.0,0.0,0.0,0.0,0.0,0.0,0.0,0
1786496247,948934793,100.0,-1.720046345387594,-1.7037809530841272,-1.1327737013446253,-4.6177948156939905,-4.890423957501547,0.693058967590332,0.0,-0.0,0.0,0.0,0.0,0.0,0.0,0.0,0.0,0.0,0.0,0.0,0
1786496247,969562530,100.0,-1.7200105826007288,-1.7037928740130823,-1.1326897780047815,-4.6177348534213465,-4.890435997639791,0.693058967590332,0.0,-0.0,0.0,0.0,0.0,0.0,0.0,0.0,0.0,0.0,0.0,0.0,0
1786496247,988759040,100.0,-1.7199862639056605,-1.703757111226217,-1.132749382649557,-4.617770854626791,-4.890447918568746,0.6929990649223328,0.0,-0.0,0.0,0.0,0.0,0.0,0.0,0.0,0.0,0.0,0.0,0.0,0
1786496248,9072542,100.0,-1.720034424458639,-1.7037690321551722,-1.1327737013446253,-4.617746893559591,-4.890447918568746,0.6930469870567322,0.0,-0.0,0.0,0.0,0.0,0.0,0.0,0.0,0.0,0.0,0.0,0.0,0
1786496248,28745174,100.0,-1.720034424458639,-1.7037809530841272,-1.1327016989337366,-4.6177348534213465,-4.890435997639791,0.6930230259895325,0.0,-0.0,0.0,0.0,0.0,0.0,0.0,0.0,0.0,0.0,0.0,0.0,0
1786496248,49039363,100.0,-1.7200582663165491,-1.7038291136371058,-1.1327255407916468,-4.617770854626791,-4.890435997639791,0.693058967590332,0.0,-0.0,0.0,0.0,0.0,0.0,0.0,0.0,0.0,0.0,0.0,0.0,0
1786496248,68781614,100.0,-1.7200105826007288,-1.703757111226217,-1.1327255407916468,-4.617770854626791,-4.890435997639791,0.6929990649223328,0.0,-0.0,0.0,0.0,0.0,0.0,0.0,0.0,0.0,0.0,0.0,0.0,0
1786496248,89053392,100.0,-1.7200105826007288,-1.703864876423971,-1.132749382649557,-4.617758814488546,-4.890423957501547,0.6930829286575317,0.0,-0.0,0.0,0.0,0.0,0.0,0.0,0.0,0.0,0.0,0.0,0.0,0
1786496248,108764410,100.0,-1.7200225035296839,-1.7037928740130823,-1.1327255407916468,-4.617806855832235,-4.890423957501547,0.6930350065231323,0.0,-0.0,0.0,0.0,0.0,0.0,0.0,0.0,0.0,0.0,0.0,0.0,0
1786496248,128969907,100.0,-1.7199743429767054,-1.703852955495016,-1.1327255407916468,-4.6177828947650355,-4.890423957501547,0.6930469870567322,0.0,-0.0,0.0,0.0,0.0,0.0,0.0,0.0,0.0,0.0,0.0,0.0,0
1786496248,148913621,100.0,-1.720034424458639,-1.7038052717791956,-1.1327255407916468,-4.617770854626791,-4.890412036572592,0.6930350065231323,0.0,-0.0,0.0,0.0,0.0,0.0,0.0,0.0,0.0,0.0,0.0,0.0,0
1786496248,169036388,100.0,-1.720034424458639,-1.7038291136371058,-1.1327255407916468,-4.617758814488546,-4.890459958706991,0.6929990649223328,0.0,-0.0,0.0,0.0,0.0,0.0,0.0,0.0,0.0,0.0,0.0,0.0,0
1786496248,188993692,100.0,-1.7200225035296839,-1.703852955495016,-1.1327136198626917,-4.6177348534213465,-4.890387598668234,0.6930469870567322,0.0,-0.0,0.0,0.0,0.0,0.0,0.0,0.0,0.0,0.0,0.0,0.0,0
1786496248,209138631,100.0,-1.7199862639056605,-1.703852955495016,-1.1327737013446253,-4.617770854626791,-4.890399638806478,0.6930949091911316,0.0,-0.0,0.0,0.0,0.0,0.0,0.0,0.0,0.0,0.0,0.0,0.0,0
1786496248,228848934,100.0,-1.7200582663165491,-1.703852955495016,-1.1327255407916468,-4.6177828947650355,-4.890423957501547,0.6930469870567322,0.0,-0.0,0.0,0.0,0.0,0.0,0.0,0.0,0.0,0.0,0.0,0.0,0
1786496248,249387025,100.0,-1.7200105826007288,-1.7038052717791956,-1.132749382649557,-4.617722932492391,-4.890447918568746,0.6930469870567322,0.0,-0.0,0.0,0.0,0.0,0.0,0.0,0.0,0.0,0.0,0.0,0.0,0
1786496248,268759965,100.0,-1.7200582663165491,-1.7038291136371058,-1.1327136198626917,-4.6177828947650355,-4.890387598668234,0.693058967590332,0.0,-0.0,0.0,0.0,0.0,0.0,0.0,0.0,0.0,0.0,0.0,0.0,0
1786496248,289218902,100.0,-1.7200225035296839,-1.7037928740130823,-1.1327374617206019,-4.6177828947650355,-4.890423957501547,0.6930469870567322,0.0,-0.0,0.0,0.0,0.0,0.0,0.0,0.0,0.0,0.0,0.0,0.0,0
1786496248,308763504,100.0,-1.720046345387594,-1.703757111226217,-1.1326897780047815,-4.617746893559591,-4.890399638806478,0.6930350065231323,0.0,-0.0,0.0,0.0,0.0,0.0,0.0,0.0,0.0,0.0,0.0,0.0,0
1786496248,329450130,100.0,-1.720046345387594,-1.703852955495016,-1.1326773802386683,-4.617758814488546,-4.890435997639791,0.6930709481239319,0.0,-0.0,0.0,0.0,0.0,0.0,0.0,0.0,0.0,0.0,0.0,0.0,0
1786496248,348817586,100.0,-1.7200105826007288,-1.7037928740130823,-1.1327255407916468,-4.617722932492391,-4.890471879635946,0.6930469870567322,0.0,-0.0,0.0,0.0,0.0,0.0,0.0,0.0,0.0,0.0,0.0,0.0,0
1786496248,368622541,100.0,-1.7200225035296839,-1.703864876423971,-1.1327016989337366,-4.617758814488546,-4.890387598668234,0.693058967590332,0.0,-0.0,0.0,0.0,0.0,0.0,0.0,0.0,0.0,0.0,0.0,0.0,0
1786496248,388881206,100.0,-1.7200225035296839,-1.7037928740130823,-1.1327737013446253,-4.617758814488546,-4.890471879635946,0.693058967590332,0.0,-0.0,0.0,0.0,0.0,0.0,0.0,0.0,0.0,0.0,0.0,0.0,0
1786496248,408823251,100.0,-1.7199981848346155,-1.7038167158709925,-1.1327374617206019,-4.617806855832235,-4.890435997639791,0.693058967590332,0.0,-0.0,0.0,0.0,0.0,0.0,0.0,0.0,0.0,0.0,0.0,0.0,0
1786496248,428884267,100.0,-1.7200701872455042,-1.7038167158709925,-1.1327374617206019,-4.617758814488546,-4.890412036572592,0.6930469870567322,0.0,-0.0,0.0,0.0,0.0,0.0,0.0,0.0,0.0,0.0,0.0,0.0,0
1786496248,449078559,100.0,-1.7200105826007288,-1.7038167158709925,-1.1327856222735804,-4.617722932492391,-4.890387598668234,0.693058967590332,0.0,-0.0,0.0,0.0,0.0,0.0,0.0,0.0,0.0,0.0,0.0,0.0,0
1786496248,468791961,100.0,-1.720034424458639,-1.7038410345660608,-1.1327374617206019,-4.6177828947650355,-4.890412036572592,0.6930110454559326,0.0,-0.0,0.0,0.0,0.0,0.0,0.0,0.0,0.0,0.0,0.0,0.0,0
1786496248,489494323,100.0,-1.7200105826007288,-1.7037690321551722,-1.1327136198626917,-4.617758814488546,-4.890435997639791,0.6930469870567322,0.0,-0.0,0.0,0.0,0.0,0.0,0.0,0.0,0.0,0.0,0.0,0.0,0
1786496248,508773803,100.0,-1.7200701872455042,-1.7038052717791956,-1.132749382649557,-4.617722932492391,-4.890399638806478,0.6930469870567322,0.0,-0.0,0.0,0.0,0.0,0.0,0.0,0.0,0.0,0.0,0.0,0.0,0
1786496248,529015064,100.0,-1.7199981848346155,-1.7037809530841272,-1.1327374617206019,-4.617830816899435,-4.890412036572592,0.6930230259895325,0.0,-0.0,0.0,0.0,0.0,0.0,0.0,0.0,0.0,0.0,0.0,0.0,0
1786496248,548789739,100.0,-1.720046345387594,-1.7038052717791956,-1.1327136198626917,-4.6177348534213465,-4.890423957501547,0.6930709481239319,0.0,-0.0,0.0,0.0,0.0,0.0,0.0,0.0,0.0,0.0,0.0,0.0,0
1786496248,568933010,100.0,-1.7200105826007288,-1.7038167158709925,-1.1327136198626917,-4.617722932492391,-4.890399638806478,0.6930829286575317,0.0,-0.0,0.0,0.0,0.0,0.0,0.0,0.0,0.0,0.0,0.0,0.0,0
1786496248,588793754,100.0,-1.720034424458639,-1.7037690321551722,-1.132749382649557,-4.6177948156939905,-4.890399638806478,0.6930469870567322,0.0,-0.0,0.0,0.0,0.0,0.0,0.0,0.0,0.0,0.0,0.0,0.0,0
1786496248,608989000,100.0,-1.7200105826007288,-1.7037690321551722,-1.132749382649557,-4.617758814488546,-4.890447918568746,0.6930350065231323,0.0,-0.0,0.0,0.0,0.0,0.0,0.0,0.0,0.0,0.0,0.0,0.0,0
1786496248,628813505,100.0,-1.7200225035296839,-1.703864876423971,-1.132761303578512,-4.617746893559591,-4.890423957501547,0.6930230259895325,0.0,-0.0,0.0,0.0,0.0,0.0,0.0,0.0,0.0,0.0,0.0,0.0,0
1786496248,649234771,100.0,-1.7200105826007288,-1.7038410345660608,-1.1327016989337366,-4.617806855832235,-4.890447918568746,0.6930469870567322,0.0,-0.0,0.0,0.0,0.0,0.0,0.0,0.0,0.0,0.0,0.0,0.0,0
1786496248,668859720,100.0,-1.7199981848346155,-1.7038410345660608,-1.1327255407916468,-4.6177948156939905,-4.890447918568746,0.6930110454559326,0.0,-0.0,0.0,0.0,0.0,0.0,0.0,0.0,0.0,0.0,0.0,0.0,0
1786496248,689095497,100.0,-1.7200225035296839,-1.7038052717791956,-1.132761303578512,-4.6177948156939905,-4.890412036572592,0.6930230259895325,0.0,-0.0,0.0,0.0,0.0,0.0,0.0,0.0,0.0,0.0,0.0,0.0,0
1786496248,708729028,100.0,-1.7200225035296839,-1.7038410345660608,-1.1327255407916468,-4.617758814488546,-4.890399638806478,0.6930709481239319,0.0,-0.0,0.0,0.0,0.0,0.0,0.0,0.0,0.0,0.0,0.0,0.0,0
1786496248,729216575,100.0,-1.7200105826007288,-1.7038291136371058,-1.1327255407916468,-4.6177828947650355,-4.890447918568746,0.6930230259895325,0.0,-0.0,0.0,0.0,0.0,0.0,0.0,0.0,0.0,0.0,0.0,0.0,0
1786496248,748802661,100.0,-1.720034424458639,-1.7037928740130823,-1.1327374617206019,-4.6177348534213465,-4.890447918568746,0.693058967590332,0.0,-0.0,0.0,0.0,0.0,0.0,0.0,0.0,0.0,0.0,0.0,0.0,0
1786496248,768983364,100.0,-1.7200225035296839,-1.703864876423971,-1.1327737013446253,-4.617770854626791,-4.890399638806478,0.693058967590332,0.0,-0.0,0.0,0.0,0.0,0.0,0.0,0.0,0.0,0.0,0.0,0.0,0
1786496248,788779735,100.0,-1.7200225035296839,-1.7037809530841272,-1.1327255407916468,-4.617770854626791,-4.890412036572592,0.6930230259895325,0.0,-0.0,0.0,0.0,0.0,0.0,0.0,0.0,0.0,0.0,0.0,0.0,0
1786496248,808935642,100.0,-1.720046345387594,-1.7038167158709925,-1.132749382649557,-4.617770854626791,-4.890412036572592,0.6930350065231323,0.0,-0.0,0.0,0.0,0.0,0.0,0.0,0.0,0.0,0.0,0.0,0.0,0
1786496248,828808546,100.0,-1.720046345387594,-1.7038410345660608,-1.1327136198626917,-4.617746893559591,-4.890412036572592,0.6930350065231323,0.0,-0.0,0.0,0.0,0.0,0.0,0.0,0.0,0.0,0.0,0.0,0.0,0
1786496248,849728822,100.0,-1.7200105826007288,-1.7038167158709925,-1.1327016989337366,-4.6177828947650355,-4.890447918568746,0.6930110454559326,0.0,-0.0,0.0,0.0,0.0,0.0,0.0,0.0,0.0,0.0,0.0,0.0,0
1786496248,868756055,100.0,-1.7200225035296839,-1.7037690321551722,-1.1327016989337366,-4.6177348534213465,-4.890435997639791,0.6930110454559326,0.0,-0.0,0.0,0.0,0.0,0.0,0.0,0.0,0.0,0.0,0.0,0.0,0
1786496248,889052391,100.0,-1.720046345387594,-1.7038167158709925,-1.132749382649557,-4.6177948156939905,-4.890423957501547,0.6929990649223328,0.0,-0.0,0.0,0.0,0.0,0.0,0.0,0.0,0.0,0.0,0.0,0.0,0
1786496248,908758878,100.0,-1.7200105826007288,-1.7038167158709925,-1.132749382649557,-4.61781877676119,-4.890399638806478,0.6930469870567322,0.0,-0.0,0.0,0.0,0.0,0.0,0.0,0.0,0.0,0.0,0.0,0.0,0
1786496248,928968429,100.0,-1.7200105826007288,-1.7037809530841272,-1.1327016989337366,-4.617806855832235,-4.890435997639791,0.6930469870567322,0.0,-0.0,0.0,0.0,0.0,0.0,0.0,0.0,0.0,0.0,0.0,0.0,0
1786496248,948841571,100.0,-1.720034424458639,-1.7038167158709925,-1.1327016989337366,-4.617770854626791,-4.890471879635946,0.693058967590332,0.0,-0.0,0.0,0.0,0.0,0.0,0.0,0.0,0.0,0.0,0.0,0.0,0
1786496248,968923330,100.0,-1.7200225035296839,-1.7038291136371058,-1.1327136198626917,-4.617758814488546,-4.890435997639791,0.6929990649223328,0.0,-0.0,0.0,0.0,0.0,0.0,0.0,0.0,0.0,0.0,0.0,0.0,0
1786496248,988849639,100.0,-1.7199981848346155,-1.7038167158709925,-1.1327016989337366,-4.617770854626791,-4.890459958706991,0.6930469870567322,0.0,-0.0,0.0,0.0,0.0,0.0,0.0,0.0,0.0,0.0,0.0,0.0,0
1786496249,9270191,100.0,-1.720034424458639,-1.7038167158709925,-1.1327255407916468,-4.617770854626791,-4.890435997639791,0.693058967590332,0.0,-0.0,0.0,0.0,0.0,0.0,0.0,0.0,0.0,0.0,0.0,0.0,0
1786496249,28745651,100.0,-1.720034424458639,-1.7037809530841272,-1.1327374617206019,-4.617758814488546,-4.890423957501547,0.6929990649223328,0.0,-0.0,0.0,0.0,0.0,0.0,0.0,0.0,0.0,0.0,0.0,0.0,0
1786496249,49189329,100.0,-1.7199743429767054,-1.7038052717791956,-1.1327374617206019,-4.617746893559591,-4.890435997639791,0.6930949091911316,0.0,-0.0,0.0,0.0,0.0,0.0,0.0,0.0,0.0,0.0,0.0,0.0,0
1786496249,68681955,100.0,-1.7200105826007288,-1.7038052717791956,-1.1327016989337366,-4.617746893559591,-4.890471879635946,0.6930350065231323,0.0,-0.0,0.0,0.0,0.0,0.0,0.0,0.0,0.0,0.0,0.0,0.0,0
1786496249,88948249,100.0,-1.7200225035296839,-1.7038410345660608,-1.1327737013446253,-4.6177348534213465,-4.890399638806478,0.6930709481239319,0.0,-0.0,0.0,0.0,0.0,0.0,0.0,0.0,0.0,0.0,0.0,0.0,0
1786496249,108762264,100.0,-1.7199624220477503,-1.7038291136371058,-1.1327374617206019,-4.6177828947650355,-4.890412036572592,0.6930469870567322,0.0,-0.0,0.0,0.0,0.0,0.0,0.0,0.0,0.0,0.0,0.0,0.0,0
1786496249,128786087,100.0,-1.720046345387594,-1.7037690321551722,-1.1327136198626917,-4.617770854626791,-4.890412036572592,0.6930110454559326,0.0,-0.0,0.0,0.0,0.0,0.0,0.0,0.0,0.0,0.0,0.0,0.0,0
1786496249,148905038,100.0,-1.7200105826007288,-1.7038167158709925,-1.1327136198626917,-4.617722932492391,-4.890447918568746,0.6930350065231323,0.0,-0.0,0.0,0.0,0.0,0.0,0.0,0.0,0.0,0.0,0.0,0.0,0
1786496249,168980121,100.0,-1.720034424458639,-1.7037928740130823,-1.1326897780047815,-4.617770854626791,-4.890399638806478,0.6930350065231323,0.0,-0.0,0.0,0.0,0.0,0.0,0.0,0.0,0.0,0.0,0.0,0.0,0
1786496249,188773155,100.0,-1.720046345387594,-1.7038291136371058,-1.132749382649557,-4.6177948156939905,-4.890435997639791,0.6930110454559326,0.0,-0.0,0.0,0.0,0.0,0.0,0.0,0.0,0.0,0.0,0.0,0.0,0
1786496249,209090709,100.0,-1.7200225035296839,-1.7037809530841272,-1.1327374617206019,-4.617770854626791,-4.890435997639791,0.6930469870567322,0.0,-0.0,0.0,0.0,0.0,0.0,0.0,0.0,0.0,0.0,0.0,0.0,0
1786496249,228812694,100.0,-1.720046345387594,-1.703852955495016,-1.1327255407916468,-4.6177348534213465,-4.890412036572592,0.693058967590332,0.0,-0.0,0.0,0.0,0.0,0.0,0.0,0.0,0.0,0.0,0.0,0.0,0
1786496249,248986721,100.0,-1.720034424458639,-1.7037928740130823,-1.1327136198626917,-4.6177828947650355,-4.890459958706991,0.6931068897247314,0.0,-0.0,0.0,0.0,0.0,0.0,0.0,0.0,0.0,0.0,0.0,0.0,0
1786496249,268860101,100.0,-1.720046345387594,-1.7037928740130823,-1.1327374617206019,-4.6177828947650355,-4.890447918568746,0.6930469870567322,0.0,-0.0,0.0,0.0,0.0,0.0,0.0,0.0,0.0,0.0,0.0,0.0,0
1786496249,289163589,100.0,-1.7199862639056605,-1.7038167158709925,-1.1327737013446253,-4.617722932492391,-4.890412036572592,0.693058967590332,0.0,-0.0,0.0,0.0,0.0,0.0,0.0,0.0,0.0,0.0,0.0,0.0,0
1786496249,308737039,100.0,-1.7200225035296839,-1.7038167158709925,-1.132749382649557,-4.6177948156939905,-4.890459958706991,0.6930469870567322,0.0,-0.0,0.0,0.0,0.0,0.0,0.0,0.0,0.0,0.0,0.0,0.0,0
1786496249,329067230,100.0,-1.7199624220477503,-1.7037928740130823,-1.132761303578512,-4.6177348534213465,-4.890399638806478,0.6930350065231323,0.0,-0.0,0.0,0.0,0.0,0.0,0.0,0.0,0.0,0.0,0.0,0.0,0
1786496249,348858356,100.0,-1.720046345387594,-1.7037809530841272,-1.1327136198626917,-4.617758814488546,-4.890387598668234,0.693058967590332,0.0,-0.0,0.0,0.0,0.0,0.0,0.0,0.0,0.0,0.0,0.0,0.0,0
1786496249,369148492,100.0,-1.7199981848346155,-1.7037809530841272,-1.1327255407916468,-4.617806855832235,-4.890412036572592,0.693058967590332,0.0,-0.0,0.0,0.0,0.0,0.0,0.0,0.0,0.0,0.0,0.0,0.0,0
1786496249,388745784,100.0,-1.7200105826007288,-1.7037928740130823,-1.1327737013446253,-4.617746893559591,-4.890423957501547,0.6930829286575317,0.0,-0.0,0.0,0.0,0.0,0.0,0.0,0.0,0.0,0.0,0.0,0.0,0
1786496249,409212589,100.0,-1.7199743429767054,-1.7038410345660608,-1.1327374617206019,-4.6177828947650355,-4.890459958706991,0.6930230259895325,0.0,-0.0,0.0,0.0,0.0,0.0,0.0,0.0,0.0,0.0,0.0,0.0,0
1786496249,428744077,100.0,-1.7199862639056605,-1.703864876423971,-1.1327016989337366,-4.617758814488546,-4.890412036572592,0.693058967590332,0.0,-0.0,0.0,0.0,0.0,0.0,0.0,0.0,0.0,0.0,0.0,0.0,0
1786496249,449137926,100.0,-1.7200225035296839,-1.7038052717791956,-1.132749382649557,-4.617770854626791,-4.890412036572592,0.6930350065231323,0.0,-0.0,0.0,0.0,0.0,0.0,0.0,0.0,0.0,0.0,0.0,0.0,0
1786496249,468744754,100.0,-1.7199743429767054,-1.7038410345660608,-1.1327255407916468,-4.617758814488546,-4.890435997639791,0.6930469870567322,0.0,-0.0,0.0,0.0,0.0,0.0,0.0,0.0,0.0,0.0,0.0,0.0,0
1786496249,489051103,100.0,-1.720034424458639,-1.7038291136371058,-1.1327136198626917,-4.6177948156939905,-4.890447918568746,0.6930469870567322,0.0,-0.0,0.0,0.0,0.0,0.0,0.0,0.0,0.0,0.0,0.0,0.0,0
1786496249,508840560,100.0,-1.7199981848346155,-1.7038291136371058,-1.1327255407916468,-4.617722932492391,-4.890423957501547,0.6929990649223328,0.0,-0.0,0.0,0.0,0.0,0.0,0.0,0.0,0.0,0.0,0.0,0.0,0
1786496249,529736518,100.0,-1.720034424458639,-1.7038410345660608,-1.132761303578512,-4.617746893559591,-4.890435997639791,0.693058967590332,0.0,-0.0,0.0,0.0,0.0,0.0,0.0,0.0,0.0,0.0,0.0,0.0,0
1786496249,548880815,100.0,-1.7200105826007288,-1.703852955495016,-1.1327255407916468,-4.6177348534213465,-4.890483919774191,0.6930829286575317,0.0,-0.0,0.0,0.0,0.0,0.0,0.0,0.0,0.0,0.0,0.0,0.0,0
1786496249,569210529,100.0,-1.7200225035296839,-1.7037928740130823,-1.1327136198626917,-4.617770854626791,-4.890435997639791,0.6930350065231323,0.0,-0.0,0.0,0.0,0.0,0.0,0.0,0.0,0.0,0.0,0.0,0.0,0
1786496249,588761568,100.0,-1.7200105826007288,-1.7037928740130823,-1.1327255407916468,-4.617806855832235,-4.890435997639791,0.693058967590332,0.0,-0.0,0.0,0.0,0.0,0.0,0.0,0.0,0.0,0.0,0.0,0.0,0
1786496249,608867883,100.0,-1.7200105826007288,-1.703757111226217,-1.1327856222735804,-4.6177948156939905,-4.890399638806478,0.6930230259895325,0.0,-0.0,0.0,0.0,0.0,0.0,0.0,0.0,0.0,0.0,0.0,0.0,0
1786496249,628804922,100.0,-1.7199862639056605,-1.7037928740130823,-1.1327737013446253,-4.617722932492391,-4.890387598668234,0.6930469870567322,0.0,-0.0,0.0,0.0,0.0,0.0,0.0,0.0,0.0,0.0,0.0,0.0,0
1786496249,649025678,100.0,-1.7200701872455042,-1.7038167158709925,-1.1327136198626917,-4.617722932492391,-4.890459958706991,0.6930709481239319,0.0,-0.0,0.0,0.0,0.0,0.0,0.0,0.0,0.0,0.0,0.0,0.0,0
1786496249,668845891,100.0,-1.7199862639056605,-1.7037928740130823,-1.1327374617206019,-4.617770854626791,-4.890447918568746,0.693058967590332,0.0,-0.0,0.0,0.0,0.0,0.0,0.0,0.0,0.0,0.0,0.0,0.0,0
1786496249,689367294,100.0,-1.7199981848346155,-1.7037928740130823,-1.1326897780047815,-4.617710892354147,-4.890459958706991,0.6930110454559326,0.0,-0.0,0.0,0.0,0.0,0.0,0.0,0.0,0.0,0.0,0.0,0.0,0
1786496249,708768844,100.0,-1.7199862639056605,-1.7037809530841272,-1.132749382649557,-4.617770854626791,-4.890399638806478,0.6930709481239319,0.0,-0.0,0.0,0.0,0.0,0.0,0.0,0.0,0.0,0.0,0.0,0.0,0
1786496249,729207515,100.0,-1.7200105826007288,-1.703852955495016,-1.132761303578512,-4.617770854626791,-4.890399638806478,0.6930230259895325,0.0,-0.0,0.0,0.0,0.0,0.0,0.0,0.0,0.0,0.0,0.0,0.0,0
1786496249,748838424,100.0,-1.7200701872455042,-1.7038052717791956,-1.1327374617206019,-4.6177948156939905,-4.890399638806478,0.6930469870567322,0.0,-0.0,0.0,0.0,0.0,0.0,0.0,0.0,0.0,0.0,0.0,0.0,0
1786496249,768710851,100.0,-1.7199862639056605,-1.703757111226217,-1.132749382649557,-4.617758814488546,-4.890399638806478,0.6930350065231323,0.0,-0.0,0.0,0.0,0.0,0.0,0.0,0.0,0.0,0.0,0.0,0.0,0
1786496249,788788795,100.0,-1.7200225035296839,-1.703852955495016,-1.1327255407916468,-4.617758814488546,-4.890459958706991,0.6929990649223328,0.0,-0.0,0.0,0.0,0.0,0.0,0.0,0.0,0.0,0.0,0.0,0.0,0
1786496249,808754444,100.0,-1.720034424458639,-1.7038052717791956,-1.132749382649557,-4.6177348534213465,-4.890435997639791,0.6930709481239319,0.0,-0.0,0.0,0.0,0.0,0.0,0.0,0.0,0.0,0.0,0.0,0.0,0
1786496249,828876495,100.0,-1.7200701872455042,-1.7038167158709925,-1.1326897780047815,-4.6177348534213465,-4.890412036572592,0.693058967590332,0.0,-0.0,0.0,0.0,0.0,0.0,0.0,0.0,0.0,0.0,0.0,0.0,0
1786496249,849389791,100.0,-1.7200582663165491,-1.7038167158709925,-1.1327136198626917,-4.617758814488546,-4.890399638806478,0.6930469870567322,0.0,-0.0,0.0,0.0,0.0,0.0,0.0,0.0,0.0,0.0,0.0,0.0,0
1786496249,868759393,100.0,-1.720034424458639,-1.7038291136371058,-1.1327255407916468,-4.6177348534213465,-4.890447918568746,0.6930230259895325,0.0,-0.0,0.0,0.0,0.0,0.0,0.0,0.0,0.0,0.0,0.0,0.0,0
1786496249,889172792,100.0,-1.7200105826007288,-1.7038052717791956,-1.1327016989337366,-4.617722932492391,-4.890412036572592,0.6930469870567322,0.0,-0.0,0.0,0.0,0.0,0.0,0.0,0.0,0.0,0.0,0.0,0.0,0
1786496249,908792495,100.0,-1.720046345387594,-1.7037690321551722,-1.1327737013446253,-4.617746893559591,-4.890423957501547,0.6930469870567322,0.0,-0.0,0.0,0.0,0.0,0.0,0.0,0.0,0.0,0.0,0.0,0.0,0
1786496249,928753376,100.0,-1.7199981848346155,-1.7037928740130823,-1.1327374617206019,-4.617746893559591,-4.890423957501547,0.6930230259895325,0.0,-0.0,0.0,0.0,0.0,0.0,0.0,0.0,0.0,0.0,0.0,0.0,0
1786496249,948868036,100.0,-1.7200701872455042,-1.703757111226217,-1.1327255407916468,-4.617710892354147,-4.890423957501547,0.693058967590332,0.0,-0.0,0.0,0.0,0.0,0.0,0.0,0.0,0.0,0.0,0.0,0.0,0
1786496249,969132900,100.0,-1.7199981848346155,-1.7037809530841272,-1.132749382649557,-4.617806855832235,-4.890412036572592,0.6930230259895325,0.0,-0.0,0.0,0.0,0.0,0.0,0.0,0.0,0.0,0.0,0.0,0.0,0
1786496249,988782167,100.0,-1.7199981848346155,-1.7038052717791956,-1.132749382649557,-4.617758814488546,-4.890459958706991,0.6929990649223328,0.0,-0.0,0.0,0.0,0.0,0.0,0.0,0.0,0.0,0.0,0.0,0.0,0
1786496250,9024143,100.0,-1.720034424458639,-1.7037809530841272,-1.132761303578512,-4.617770854626791,-4.890423957501547,0.693058967590332,0.0,-0.0,0.0,0.0,0.0,0.0,0.0,0.0,0.0,0.0,0.0,0.0,0
1786496250,28789997,100.0,-1.720046345387594,-1.7038410345660608,-1.1327136198626917,-4.617770854626791,-4.890399638806478,0.6930230259895325,0.0,-0.0,0.0,0.0,0.0,0.0,0.0,0.0,0.0,0.0,0.0,0.0,0
1786496250,49227714,100.0,-1.7199981848346155,-1.7037928740130823,-1.1327856222735804,-4.617770854626791,-4.890471879635946,0.6930110454559326,0.0,-0.0,0.0,0.0,0.0,0.0,0.0,0.0,0.0,0.0,0.0,0.0,0
1786496250,68726539,100.0,-1.720034424458639,-1.7038167158709925,-1.1327136198626917,-4.6177948156939905,-4.890459958706991,0.6930110454559326,0.0,-0.0,0.0,0.0,0.0,0.0,0.0,0.0,0.0,0.0,0.0,0.0,0
1786496250,89080572,100.0,-1.7200701872455042,-1.7038291136371058,-1.1327856222735804,-4.617758814488546,-4.890387598668234,0.6929751038551331,0.0,-0.0,0.0,0.0,0.0,0.0,0.0,0.0,0.0,0.0,0.0,0.0,0
1786496250,108847618,100.0,-1.7200225035296839,-1.7037928740130823,-1.1327737013446253,-4.617758814488546,-4.890447918568746,0.6930110454559326,0.0,-0.0,0.0,0.0,0.0,0.0,0.0,0.0,0.0,0.0,0.0,0.0,0
1786496250,128956556,100.0,-1.7199862639056605,-1.7037690321551722,-1.1327016989337366,-4.617770854626791,-4.890399638806478,0.693058967590332,0.0,-0.0,0.0,0.0,0.0,0.0,0.0,0.0,0.0,0.0,0.0,0.0,0
1786496250,148889064,100.0,-1.7199981848346155,-1.7038291136371058,-1.1327136198626917,-4.6177828947650355,-4.890412036572592,0.6930110454559326,0.0,-0.0,0.0,0.0,0.0,0.0,0.0,0.0,0.0,0.0,0.0,0.0,0
1786496250,169408559,100.0,-1.7200225035296839,-1.7037690321551722,-1.1327374617206019,-4.617758814488546,-4.890471879635946,0.6930350065231323,0.0,-0.0,0.0,0.0,0.0,0.0,0.0,0.0,0.0,0.0,0.0,0.0,0
1786496250,188835382,100.0,-1.7199505011187952,-1.7038410345660608,-1.1327374617206019,-4.617758814488546,-4.890412036572592,0.6930110454559326,0.0,-0.0,0.0,0.0,0.0,0.0,0.0,0.0,0.0,0.0,0.0,0.0,0
1786496250,208891391,100.0,-1.7200225035296839,-1.7038052717791956,-1.1327737013446253,-4.617746893559591,-4.890447918568746,0.6930110454559326,0.0,-0.0,0.0,0.0,0.0,0.0,0.0,0.0,0.0,0.0,0.0,0.0,0
1786496250,228806257,100.0,-1.7199981848346155,-1.7037809530841272,-1.132761303578512,-4.617758814488546,-4.890459958706991,0.6929990649223328,0.0,-0.0,0.0,0.0,0.0,0.0,0.0,0.0,0.0,0.0,0.0,0.0,0
1786496250,249307155,100.0,-1.7200105826007288,-1.7037809530841272,-1.1327016989337366,-4.617746893559591,-4.890435997639791,0.6929990649223328,0.0,-0.0,0.0,0.0,0.0,0.0,0.0,0.0,0.0,0.0,0.0,0.0,0
1786496250,268722772,100.0,-1.7199862639056605,-1.7038410345660608,-1.1327255407916468,-4.6177348534213465,-4.890387598668234,0.6930110454559326,0.0,-0.0,0.0,0.0,0.0,0.0,0.0,0.0,0.0,0.0,0.0,0.0,0
1786496250,289168596,100.0,-1.7200225035296839,-1.7037809530841272,-1.132761303578512,-4.617758814488546,-4.890435997639791,0.693058967590332,0.0,-0.0,0.0,0.0,0.0,0.0,0.0,0.0,0.0,0.0,0.0,0.0,0
1786496250,308763504,100.0,-1.720034424458639,-1.7037809530841272,-1.1327255407916468,-4.617746893559591,-4.890412036572592,0.6930110454559326,0.0,-0.0,0.0,0.0,0.0,0.0,0.0,0.0,0.0,0.0,0.0,0.0,0
1786496250,328972578,100.0,-1.7200225035296839,-1.7037809530841272,-1.1327255407916468,-4.6177948156939905,-4.890435997639791,0.6930829286575317,0.0,-0.0,0.0,0.0,0.0,0.0,0.0,0.0,0.0,0.0,0.0,0.0,0
1786496250,348921060,100.0,-1.7199981848346155,-1.7037809530841272,-1.1327737013446253,-4.6177828947650355,-4.890447918568746,0.693058967590332,0.0,-0.0,0.0,0.0,0.0,0.0,0.0,0.0,0.0,0.0,0.0,0.0,0
1786496250,369517803,100.0,-1.720034424458639,-1.7037928740130823,-1.132749382649557,-4.617770854626791,-4.890423957501547,0.6930350065231323,0.0,-0.0,0.0,0.0,0.0,0.0,0.0,0.0,0.0,0.0,0.0,0.0,0
1786496250,388773202,100.0,-1.7200225035296839,-1.7037928740130823,-1.1327374617206019,-4.617758814488546,-4.890447918568746,0.6930230259895325,0.0,-0.0,0.0,0.0,0.0,0.0,0.0,0.0,0.0,0.0,0.0,0.0,0
1786496250,409401893,100.0,-1.7200582663165491,-1.7038052717791956,-1.1327255407916468,-4.617806855832235,-4.890459958706991,0.6929870843887329,0.0,-0.0,0.0,0.0,0.0,0.0,0.0,0.0,0.0,0.0,0.0,0.0,0
1786496250,428776264,100.0,-1.7199743429767054,-1.7037690321551722,-1.1327255407916468,-4.6177828947650355,-4.890447918568746,0.6930230259895325,0.0,-0.0,0.0,0.0,0.0,0.0,0.0,0.0,0.0,0.0,0.0,0.0,0
1786496250,449093103,100.0,-1.7200225035296839,-1.7038291136371058,-1.1327136198626917,-4.617770854626791,-4.890435997639791,0.693058967590332,0.0,-0.0,0.0,0.0,0.0,0.0,0.0,0.0,0.0,0.0,0.0,0.0,0
1786496250,468779325,100.0,-1.720034424458639,-1.7038167158709925,-1.1327856222735804,-4.617758814488546,-4.890459958706991,0.6930709481239319,0.0,-0.0,0.0,0.0,0.0,0.0,0.0,0.0,0.0,0.0,0.0,0.0,0
1786496250,489407062,100.0,-1.7200225035296839,-1.7038410345660608,-1.1327136198626917,-4.617746893559591,-4.890387598668234,0.6929631233215332,0.0,-0.0,0.0,0.0,0.0,0.0,0.0,0.0,0.0,0.0,0.0,0.0,0
1786496250,508989334,100.0,-1.7200582663165491,-1.7037690321551722,-1.1327016989337366,-4.6177348534213465,-4.890423957501547,0.6930469870567322,0.0,-0.0,0.0,0.0,0.0,0.0,0.0,0.0,0.0,0.0,0.0,0.0,0
1786496250,529069900,100.0,-1.7200105826007288,-1.7037809530841272,-1.1327374617206019,-4.617770854626791,-4.890423957501547,0.6930709481239319,0.0,-0.0,0.0,0.0,0.0,0.0,0.0,0.0,0.0,0.0,0.0,0.0,0
1786496250,548919916,100.0,-1.7200225035296839,-1.7038410345660608,-1.1327136198626917,-4.6177348534213465,-4.890459958706991,0.693058967590332,0.0,-0.0,0.0,0.0,0.0,0.0,0.0,0.0,0.0,0.0,0.0,0.0,0
1786496250,569181919,100.0,-1.720034424458639,-1.7038410345660608,-1.132749382649557,-4.617806855832235,-4.890459958706991,0.6930829286575317,0.0,-0.0,0.0,0.0,0.0,0.0,0.0,0.0,0.0,0.0,0.0,0.0,0
1786496250,588711023,100.0,-1.7200701872455042,-1.7037928740130823,-1.1327856222735804,-4.617758814488546,-4.890459958706991,0.6929990649223328,0.0,-0.0,0.0,0.0,0.0,0.0,0.0,0.0,0.0,0.0,0.0,0.0,0
1786496250,609116554,100.0,-1.720034424458639,-1.7037809530841272,-1.132761303578512,-4.6177828947650355,-4.890471879635946,0.6930469870567322,0.0,-0.0,0.0,0.0,0.0,0.0,0.0,0.0,0.0,0.0,0.0,0.0,0
1786496250,628794908,100.0,-1.7199981848346155,-1.7037690321551722,-1.1327016989337366,-4.617722932492391,-4.890412036572592,0.6930709481239319,0.0,-0.0,0.0,0.0,0.0,0.0,0.0,0.0,0.0,0.0,0.0,0.0,0
1786496250,649065971,100.0,-1.7200225035296839,-1.7037809530841272,-1.1327374617206019,-4.617746893559591,-4.890447918568746,0.6930829286575317,0.0,-0.0,0.0,0.0,0.0,0.0,0.0,0.0,0.0,0.0,0.0,0.0,0
1786496250,668862104,100.0,-1.7199743429767054,-1.7037809530841272,-1.132749382649557,-4.617758814488546,-4.890423957501547,0.6930469870567322,0.0,-0.0,0.0,0.0,0.0,0.0,0.0,0.0,0.0,0.0,0.0,0.0,0
1786496250,689462900,100.0,-1.7200582663165491,-1.7037690321551722,-1.132761303578512,-4.617770854626791,-4.890423957501547,0.6930469870567322,0.0,-0.0,0.0,0.0,0.0,0.0,0.0,0.0,0.0,0.0,0.0,0.0,0
1786496250,708730220,100.0,-1.7200105826007288,-1.7038052717791956,-1.132749382649557,-4.617770854626791,-4.890423957501547,0.693058967590332,0.0,-0.0,0.0,0.0,0.0,0.0,0.0,0.0,0.0,0.0,0.0,0.0,0
1786496250,729151725,100.0,-1.7199862639056605,-1.7037809530841272,-1.1327016989337366,-4.617746893559591,-4.890447918568746,0.693058967590332,0.0,-0.0,0.0,0.0,0.0,0.0,0.0,0.0,0.0,0.0,0.0,0.0,0
1786496250,748789787,100.0,-1.720046345387594,-1.7038167158709925,-1.132749382649557,-4.617722932492391,-4.890435997639791,0.6930230259895325,0.0,-0.0,0.0,0.0,0.0,0.0,0.0,0.0,0.0,0.0,0.0,0.0,0
1786496250,768921136,100.0,-1.7200225035296839,-1.7038410345660608,-1.132761303578512,-4.617698971425192,-4.890412036572592,0.6930110454559326,0.0,-0.0,0.0,0.0,0.0,0.0,0.0,0.0,0.0,0.0,0.0,0.0,0
1786496250,788796424,100.0,-1.720034424458639,-1.7038052717791956,-1.1327136198626917,-4.6177348534213465,-4.890459958706991,0.693058967590332,0.0,-0.0,0.0,0.0,0.0,0.0,0.0,0.0,0.0,0.0,0.0,0.0,0
1786496250,808863639,100.0,-1.7200105826007288,-1.7037690321551722,-1.1327136198626917,-4.617770854626791,-4.890423957501547,0.693058967590332,0.0,-0.0,0.0,0.0,0.0,0.0,0.0,0.0,0.0,0.0,0.0,0.0,0
1786496250,828897714,100.0,-1.720046345387594,-1.7038052717791956,-1.1327016989337366,-4.6177348534213465,-4.890447918568746,0.6929990649223328,0.0,-0.0,0.0,0.0,0.0,0.0,0.0,0.0,0.0,0.0,0.0,0.0,0
1786496250,849536657,100.0,-1.720034424458639,-1.7038167158709925,-1.132749382649557,-4.617746893559591,-4.890387598668234,0.6930350065231323,0.0,-0.0,0.0,0.0,0.0,0.0,0.0,0.0,0.0,0.0,0.0,0.0,0
1786496250,868821144,100.0,-1.7200105826007288,-1.7038052717791956,-1.132749382649557,-4.617758814488546,-4.890471879635946,0.6930230259895325,0.0,-0.0,0.0,0.0,0.0,0.0,0.0,0.0,0.0,0.0,0.0,0.0,0
1786496250,889187574,100.0,-1.7200225035296839,-1.7038291136371058,-1.132749382649557,-4.617710892354147,-4.890387598668234,0.693058967590332,0.0,-0.0,0.0,0.0,0.0,0.0,0.0,0.0,0.0,0.0,0.0,0.0,0
1786496250,908772945,100.0,-1.7199862639056605,-1.7037928740130823,-1.1327136198626917,-4.617770854626791,-4.890423957501547,0.6929990649223328,0.0,-0.0,0.0,0.0,0.0,0.0,0.0,0.0,0.0,0.0,0.0,0.0,0
1786496250,928959369,100.0,-1.7200105826007288,-1.7037809530841272,-1.132749382649557,-4.617770854626791,-4.890471879635946,0.693058967590332,0.0,-0.0,0.0,0.0,0.0,0.0,0.0,0.0,0.0,0.0,0.0,0.0,0
1786496250,948879718,100.0,-1.720034424458639,-1.7038291136371058,-1.132749382649557,-4.6177948156939905,-4.890399638806478,0.6930469870567322,0.0,-0.0,0.0,0.0,0.0,0.0,0.0,0.0,0.0,0.0,0.0,0.0,0
1786496250,968847990,100.0,-1.7200225035296839,-1.7038052717791956,-1.132749382649557,-4.6177828947650355,-4.890459958706991,0.6930230259895325,0.0,-0.0,0.0,0.0,0.0,0.0,0.0,0.0,0.0,0.0,0.0,0.0,0
1786496250,988822221,100.0,-1.7199981848346155,-1.7038291136371058,-1.1327255407916468,-4.617722932492391,-4.890447918568746,0.6930469870567322,0.0,-0.0,0.0,0.0,0.0,0.0,0.0,0.0,0.0,0.0,0.0,0.0,0
1786496251,8967638,100.0,-1.7200105826007288,-1.7037690321551722,-1.1327136198626917,-4.617758814488546,-4.890412036572592,0.6930350065231323,0.0,-0.0,0.0,0.0,0.0,0.0,0.0,0.0,0.0,0.0,0.0,0.0,0
1786496251,28854370,100.0,-1.720034424458639,-1.703757111226217,-1.132761303578512,-4.617806855832235,-4.890412036572592,0.6930469870567322,0.0,-0.0,0.0,0.0,0.0,0.0,0.0,0.0,0.0,0.0,0.0,0.0,0
1786496251,48992395,100.0,-1.7200105826007288,-1.7038410345660608,-1.1327374617206019,-4.617806855832235,-4.890399638806478,0.6930709481239319,0.0,-0.0,0.0,0.0,0.0,0.0,0.0,0.0,0.0,0.0,0.0,0.0,0
1786496251,68785905,100.0,-1.7199981848346155,-1.703757111226217,-1.132749382649557,-4.6177348534213465,-4.890435997639791,0.6930469870567322,0.0,-0.0,0.0,0.0,0.0,0.0,0.0,0.0,0.0,0.0,0.0,0.0,0
1786496251,88995933,100.0,-1.7200105826007288,-1.7038410345660608,-1.1327374617206019,-4.6177948156939905,-4.890435997639791,0.6930110454559326,0.0,-0.0,0.0,0.0,0.0,0.0,0.0,0.0,0.0,0.0,0.0,0.0,0
1786496251,108788967,100.0,-1.7199981848346155,-1.7037809530841272,-1.1327255407916468,-4.6177348534213465,-4.890423957501547,0.6930469870567322,0.0,-0.0,0.0,0.0,0.0,0.0,0.0,0.0,0.0,0.0,0.0,0.0,0
1786496251,129227161,100.0,-1.720034424458639,-1.7038167158709925,-1.1327737013446253,-4.6177828947650355,-4.890447918568746,0.6930230259895325,0.0,-0.0,0.0,0.0,0.0,0.0,0.0,0.0,0.0,0.0,0.0,0.0,0
1786496251,148791790,100.0,-1.7199624220477503,-1.7037809530841272,-1.1327374617206019,-4.617770854626791,-4.890423957501547,0.6930469870567322,0.0,-0.0,0.0,0.0,0.0,0.0,0.0,0.0,0.0,0.0,0.0,0.0,0
1786496251,168788194,100.0,-1.7200105826007288,-1.7037809530841272,-1.1327255407916468,-4.617758814488546,-4.890435997639791,0.6930230259895325,0.0,-0.0,0.0,0.0,0.0,0.0,0.0,0.0,0.0,0.0,0.0,0.0,0
1786496251,188844442,100.0,-1.7200105826007288,-1.7038410345660608,-1.132749382649557,-4.617770854626791,-4.890399638806478,0.6930110454559326,0.0,-0.0,0.0,0.0,0.0,0.0,0.0,0.0,0.0,0.0,0.0,0.0,0
1786496251,208772897,100.0,-1.7200225035296839,-1.7038167158709925,-1.132749382649557,-4.617746893559591,-4.890471879635946,0.6930230259895325,0.0,-0.0,0.0,0.0,0.0,0.0,0.0,0.0,0.0,0.0,0.0,0.0,0
1786496251,228843688,100.0,-1.7200225035296839,-1.7038052717791956,-1.1327374617206019,-4.6177828947650355,-4.890459958706991,0.6930350065231323,0.0,-0.0,0.0,0.0,0.0,0.0,0.0,0.0,0.0,0.0,0.0,0.0,0
1786496251,250259876,100.0,-1.7200225035296839,-1.703757111226217,-1.1327136198626917,-4.6177348534213465,-4.890399638806478,0.6930709481239319,0.0,-0.0,0.0,0.0,0.0,0.0,0.0,0.0,0.0,0.0,0.0,0.0,0
1786496251,268758296,100.0,-1.7199743429767054,-1.703864876423971,-1.132749382649557,-4.617758814488546,-4.890375677739279,0.6930709481239319,0.0,-0.0,0.0,0.0,0.0,0.0,0.0,0.0,0.0,0.0,0.0,0.0,0
1786496251,289016246,100.0,-1.7199981848346155,-1.7038410345660608,-1.1327374617206019,-4.6177948156939905,-4.890412036572592,0.6929990649223328,0.0,-0.0,0.0,0.0,0.0,0.0,0.0,0.0,0.0,0.0,0.0,0.0,0
1786496251,308734416,100.0,-1.7200225035296839,-1.703852955495016,-1.1327136198626917,-4.617806855832235,-4.890375677739279,0.6930469870567322,0.0,-0.0,0.0,0.0,0.0,0.0,0.0,0.0,0.0,0.0,0.0,0.0,0
1786496251,328967094,100.0,-1.7200105826007288,-1.703876797352926,-1.132749382649557,-4.617746893559591,-4.890387598668234,0.6930110454559326,0.0,-0.0,0.0,0.0,0.0,0.0,0.0,0.0,0.0,0.0,0.0,0.0,0
1786496251,348903179,100.0,-1.7200225035296839,-1.7038052717791956,-1.1327255407916468,-4.6177348534213465,-4.890412036572592,0.6930709481239319,0.0,-0.0,0.0,0.0,0.0,0.0,0.0,0.0,0.0,0.0,0.0,0.0,0
1786496251,369054794,100.0,-1.7200225035296839,-1.703745190297262,-1.1327255407916468,-4.6177828947650355,-4.890447918568746,0.6930709481239319,0.0,-0.0,0.0,0.0,0.0,0.0,0.0,0.0,0.0,0.0,0.0,0.0,0
1786496251,388748645,100.0,-1.7200701872455042,-1.7038167158709925,-1.1327255407916468,-4.617710892354147,-4.890435997639791,0.6930350065231323,0.0,-0.0,0.0,0.0,0.0,0.0,0.0,0.0,0.0,0.0,0.0,0.0,0
1786496251,408963918,100.0,-1.7200105826007288,-1.7038410345660608,-1.132749382649557,-4.617770854626791,-4.890423957501547,0.6930709481239319,0.0,-0.0,0.0,0.0,0.0,0.0,0.0,0.0,0.0,0.0,0.0,0.0,0
1786496251,428848981,100.0,-1.720034424458639,-1.703852955495016,-1.1327374617206019,-4.6177828947650355,-4.890423957501547,0.6930709481239319,0.0,-0.0,0.0,0.0,0.0,0.0,0.0,0.0,0.0,0.0,0.0,0.0,0
1786496251,449095249,100.0,-1.7200225035296839,-1.7038052717791956,-1.1326773802386683,-4.617746893559591,-4.890459958706991,0.6930709481239319,0.0,-0.0,0.0,0.0,0.0,0.0,0.0,0.0,0.0,0.0,0.0,0.0,0
1786496251,468855857,100.0,-1.720034424458639,-1.7037690321551722,-1.1327737013446253,-4.617710892354147,-4.890435997639791,0.6930350065231323,0.0,-0.0,0.0,0.0,0.0,0.0,0.0,0.0,0.0,0.0,0.0,0.0,0
1786496251,489242553,100.0,-1.7200701872455042,-1.703876797352926,-1.1327255407916468,-4.617746893559591,-4.890399638806478,0.6930709481239319,0.0,-0.0,0.0,0.0,0.0,0.0,0.0,0.0,0.0,0.0,0.0,0.0,0
1786496251,508768081,100.0,-1.7200225035296839,-1.7038167158709925,-1.1327016989337366,-4.6177948156939905,-4.890412036572592,0.6930829286575317,0.0,-0.0,0.0,0.0,0.0,0.0,0.0,0.0,0.0,0.0,0.0,0.0,0
1786496251,529568910,100.0,-1.7200225035296839,-1.7038291136371058,-1.1327374617206019,-4.617722932492391,-4.890399638806478,0.6930110454559326,0.0,-0.0,0.0,0.0,0.0,0.0,0.0,0.0,0.0,0.0,0.0,0.0,0
1786496251,548811435,100.0,-1.7200701872455042,-1.7038291136371058,-1.1327737013446253,-4.6177948156939905,-4.890423957501547,0.6930469870567322,0.0,-0.0,0.0,0.0,0.0,0.0,0.0,0.0,0.0,0.0,0.0,0.0,0
1786496251,569041490,100.0,-1.7200225035296839,-1.7037928740130823,-1.132761303578512,-4.617758814488546,-4.890423957501547,0.6929870843887329,0.0,-0.0,0.0,0.0,0.0,0.0,0.0,0.0,0.0,0.0,0.0,0.0,0
1786496251,588753461,100.0,-1.720034424458639,-1.7038167158709925,-1.132749382649557,-4.617770854626791,-4.890435997639791,0.693058967590332,0.0,-0.0,0.0,0.0,0.0,0.0,0.0,0.0,0.0,0.0,0.0,0.0,0
1786496251,608952999,100.0,-1.7199862639056605,-1.7038052717791956,-1.1327374617206019,-4.617758814488546,-4.890435997639791,0.6930469870567322,0.0,-0.0,0.0,0.0,0.0,0.0,0.0,0.0,0.0,0.0,0.0,0.0,0
1786496251,628868818,100.0,-1.7199624220477503,-1.7038167158709925,-1.132749382649557,-4.6177948156939905,-4.890459958706991,0.6930230259895325,0.0,-0.0,0.0,0.0,0.0,0.0,0.0,0.0,0.0,0.0,0.0,0.0,0
1786496251,649131298,100.0,-1.7200225035296839,-1.7038410345660608,-1.1327255407916468,-4.6177948156939905,-4.890447918568746,0.6930230259895325,0.0,-0.0,0.0,0.0,0.0,0.0,0.0,0.0,0.0,0.0,0.0,0.0,0
1786496251,668863534,100.0,-1.7200105826007288,-1.7038167158709925,-1.1327737013446253,-4.617770854626791,-4.890447918568746,0.6929870843887329,0.0,-0.0,0.0,0.0,0.0,0.0,0.0,0.0,0.0,0.0,0.0,0.0,0
1786496251,689511775,100.0,-1.720034424458639,-1.7037690321551722,-1.1327136198626917,-4.617758814488546,-4.890447918568746,0.6930469870567322,0.0,-0.0,0.0,0.0,0.0,0.0,0.0,0.0,0.0,0.0,0.0,0.0,0
1786496251,708754062,100.0,-1.7200582663165491,-1.7038167158709925,-1.132761303578512,-4.617758814488546,-4.890412036572592,0.6930350065231323,0.0,-0.0,0.0,0.0,0.0,0.0,0.0,0.0,0.0,0.0,0.0,0.0,0
1786496251,729131937,100.0,-1.7200701872455042,-1.7038052717791956,-1.132749382649557,-4.6177828947650355,-4.890387598668234,0.6930110454559326,0.0,-0.0,0.0,0.0,0.0,0.0,0.0,0.0,0.0,0.0,0.0,0.0,0
1786496251,748787164,100.0,-1.7199981848346155,-1.7038410345660608,-1.132761303578512,-4.617746893559591,-4.890459958706991,0.6930469870567322,0.0,-0.0,0.0,0.0,0.0,0.0,0.0,0.0,0.0,0.0,0.0,0.0,0
1786496251,768951177,100.0,-1.720034424458639,-1.7037809530841272,-1.132749382649557,-4.617722932492391,-4.890435997639791,0.6930350065231323,0.0,-0.0,0.0,0.0,0.0,0.0,0.0,0.0,0.0,0.0,0.0,0.0,0
1786496251,788878679,100.0,-1.720034424458639,-1.7038167158709925,-1.1326897780047815,-4.6177948156939905,-4.890435997639791,0.693058967590332,0.0,-0.0,0.0,0.0,0.0,0.0,0.0,0.0,0.0,0.0,0.0,0.0,0
1786496251,808959007,100.0,-1.7199624220477503,-1.7037690321551722,-1.1327255407916468,-4.6177828947650355,-4.890435997639791,0.6930469870567322,0.0,-0.0,0.0,0.0,0.0,0.0,0.0,0.0,0.0,0.0,0.0,0.0,0
1786496251,828848123,100.0,-1.7199862639056605,-1.7038167158709925,-1.1327255407916468,-4.6177348534213465,-4.890423957501547,0.6930469870567322,0.0,-0.0,0.0,0.0,0.0,0.0,0.0,0.0,0.0,0.0,0.0,0.0,0
1786496251,849386930,100.0,-1.7199862639056605,-1.7038410345660608,-1.1327016989337366,-4.6177828947650355,-4.890435997639791,0.6930230259895325,0.0,-0.0,0.0,0.0,0.0,0.0,0.0,0.0,0.0,0.0,0.0,0.0,0
1786496251,868843078,100.0,-1.720034424458639,-1.7037928740130823,-1.132761303578512,-4.6177828947650355,-4.890435997639791,0.693058967590332,0.0,-0.0,0.0,0.0,0.0,0.0,0.0,0.0,0.0,0.0,0.0,0.0,0
1786496251,889501810,100.0,-1.7199743429767054,-1.7037928740130823,-1.1327255407916468,-4.617758814488546,-4.890471879635946,0.6930469870567322,0.0,-0.0,0.0,0.0,0.0,0.0,0.0,0.0,0.0,0.0,0.0,0.0,0
1786496251,908739089,100.0,-1.7200105826007288,-1.7037809530841272,-1.1327016989337366,-4.617806855832235,-4.890447918568746,0.693058967590332,0.0,-0.0,0.0,0.0,0.0,0.0,0.0,0.0,0.0,0.0,0.0,0.0,0
1786496251,928927898,100.0,-1.7199862639056605,-1.7038291136371058,-1.1327374617206019,-4.6177348534213465,-4.890447918568746,0.6930350065231323,0.0,-0.0,0.0,0.0,0.0,0.0,0.0,0.0,0.0,0.0,0.0,0.0,0
1786496251,948853492,100.0,-1.7200582663165491,-1.7037928740130823,-1.132749382649557,-4.617758814488546,-4.890423957501547,0.693058967590332,0.0,-0.0,0.0,0.0,0.0,0.0,0.0,0.0,0.0,0.0,0.0,0.0,0
1786496251,968945264,100.0,-1.7200225035296839,-1.7037809530841272,-1.132761303578512,-4.6177828947650355,-4.890387598668234,0.6929990649223328,0.0,-0.0,0.0,0.0,0.0,0.0,0.0,0.0,0.0,0.0,0.0,0.0,0
1786496251,988836765,100.0,-1.7200225035296839,-1.7038167158709925,-1.1327374617206019,-4.617746893559591,-4.890447918568746,0.6930350065231323,0.0,-0.0,0.0,0.0,0.0,0.0,0.0,0.0,0.0,0.0,0.0,0.0,0
1786496252,9034633,100.0,-1.7199981848346155,-1.7037809530841272,-1.1327016989337366,-4.6177348534213465,-4.890435997639791,0.6929990649223328,0.0,-0.0,0.0,0.0,0.0,0.0,0.0,0.0,0.0,0.0,0.0,0.0,0
1786496252,28901338,100.0,-1.7199862639056605,-1.7037690321551722,-1.1327374617206019,-4.617746893559591,-4.890399638806478,0.6930469870567322,0.0,-0.0,0.0,0.0,0.0,0.0,0.0,0.0,0.0,0.0,0.0,0.0,0
1786496252,49574613,100.0,-1.7199743429767054,-1.7037690321551722,-1.1327016989337366,-4.617758814488546,-4.890423957501547,0.6930949091911316,0.0,-0.0,0.0,0.0,0.0,0.0,0.0,0.0,0.0,0.0,0.0,0.0,0
1786496252,68812131,100.0,-1.720046345387594,-1.703864876423971,-1.1327374617206019,-4.617746893559591,-4.890435997639791,0.6930829286575317,0.0,-0.0,0.0,0.0,0.0,0.0,0.0,0.0,0.0,0.0,0.0,0.0,0
1786496252,89148044,100.0,-1.7200225035296839,-1.703852955495016,-1.1327136198626917,-4.617722932492391,-4.890459958706991,0.6930469870567322,0.0,-0.0,0.0,0.0,0.0,0.0,0.0,0.0,0.0,0.0,0.0,0.0,0
1786496252,108715772,100.0,-1.720034424458639,-1.7038167158709925,-1.1327255407916468,-4.617710892354147,-4.890412036572592,0.6930230259895325,0.0,-0.0,0.0,0.0,0.0,0.0,0.0,0.0,0.0,0.0,0.0,0.0,0
1786496252,129152297,100.0,-1.7200225035296839,-1.7038410345660608,-1.1327374617206019,-4.617806855832235,-4.890423957501547,0.6930709481239319,0.0,-0.0,0.0,0.0,0.0,0.0,0.0,0.0,0.0,0.0,0.0,0.0,0
1786496252,148878097,100.0,-1.7199981848346155,-1.7038052717791956,-1.1327255407916468,-4.6177828947650355,-4.890399638806478,0.6930709481239319,0.0,-0.0,0.0,0.0,0.0,0.0,0.0,0.0,0.0,0.0,0.0,0.0,0
1786496252,168986320,100.0,-1.7200582663165491,-1.703876797352926,-1.132761303578512,-4.617722932492391,-4.890423957501547,0.6930350065231323,0.0,-0.0,0.0,0.0,0.0,0.0,0.0,0.0,0.0,0.0,0.0,0.0,0
1786496252,188852548,100.0,-1.7200701872455042,-1.7038410345660608,-1.1327374617206019,-4.6177348534213465,-4.890399638806478,0.6930949091911316,0.0,-0.0,0.0,0.0,0.0,0.0,0.0,0.0,0.0,0.0,0.0,0.0,0
1786496252,209125518,100.0,-1.720034424458639,-1.7038167158709925,-1.132761303578512,-4.617758814488546,-4.890447918568746,0.6930110454559326,0.0,-0.0,0.0,0.0,0.0,0.0,0.0,0.0,0.0,0.0,0.0,0.0,0
1786496252,228816747,100.0,-1.7199743429767054,-1.7038167158709925,-1.1326659361468714,-4.617746893559591,-4.890447918568746,0.6930350065231323,0.0,-0.0,0.0,0.0,0.0,0.0,0.0,0.0,0.0,0.0,0.0,0.0,0
1786496252,248875379,100.0,-1.720034424458639,-1.7037928740130823,-1.1327856222735804,-4.617758814488546,-4.890459958706991,0.693058967590332,0.0,-0.0,0.0,0.0,0.0,0.0,0.0,0.0,0.0,0.0,0.0,0.0,0
1786496252,268769979,100.0,-1.7200821081744593,-1.7038410345660608,-1.1327856222735804,-4.617758814488546,-4.890447918568746,0.6930110454559326,0.0,-0.0,0.0,0.0,0.0,0.0,0.0,0.0,0.0,0.0,0.0,0.0,0
1786496252,289445877,100.0,-1.720034424458639,-1.7038291136371058,-1.132749382649557,-4.6177828947650355,-4.890447918568746,0.6930469870567322,0.0,-0.0,0.0,0.0,0.0,0.0,0.0,0.0,0.0,0.0,0.0,0.0,0
1786496252,308746099,100.0,-1.7199981848346155,-1.7038410345660608,-1.1327374617206019,-4.6177348534213465,-4.890412036572592,0.6930230259895325,0.0,-0.0,0.0,0.0,0.0,0.0,0.0,0.0,0.0,0.0,0.0,0.0,0
1786496252,328940868,100.0,-1.7199862639056605,-1.7038052717791956,-1.1327374617206019,-4.6177348534213465,-4.890447918568746,0.6930230259895325,0.0,-0.0,0.0,0.0,0.0,0.0,0.0,0.0,0.0,0.0,0.0,0.0,0
1786496252,348888397,100.0,-1.7200225035296839,-1.7038291136371058,-1.1327737013446253,-4.617722932492391,-4.890447918568746,0.6930469870567322,0.0,-0.0,0.0,0.0,0.0,0.0,0.0,0.0,0.0,0.0,0.0,0.0,0
1786496252,369257450,100.0,-1.7200225035296839,-1.7037690321551722,-1.132761303578512,-4.6177348534213465,-4.890435997639791,0.693058967590332,0.0,-0.0,0.0,0.0,0.0,0.0,0.0,0.0,0.0,0.0,0.0,0.0,0
1786496252,388767480,100.0,-1.7200701872455042,-1.7038410345660608,-1.1327856222735804,-4.6177828947650355,-4.890412036572592,0.6930949091911316,0.0,-0.0,0.0,0.0,0.0,0.0,0.0,0.0,0.0,0.0,0.0,0.0,0
1786496252,409198045,100.0,-1.7200225035296839,-1.7038291136371058,-1.1327374617206019,-4.617722932492391,-4.890447918568746,0.6930829286575317,0.0,-0.0,0.0,0.0,0.0,0.0,0.0,0.0,0.0,0.0,0.0,0.0,0
1786496252,428743839,100.0,-1.7199862639056605,-1.703864876423971,-1.1327374617206019,-4.6177348534213465,-4.890471879635946,0.6930469870567322,0.0,-0.0,0.0,0.0,0.0,0.0,0.0,0.0,0.0,0.0,0.0,0.0,0
1786496252,449273824,100.0,-1.7199862639056605,-1.7038167158709925,-1.132749382649557,-4.6177828947650355,-4.890412036572592,0.6930469870567322,0.0,-0.0,0.0,0.0,0.0,0.0,0.0,0.0,0.0,0.0,0.0,0.0,0
1786496252,468795061,100.0,-1.7199981848346155,-1.7037928740130823,-1.132749382649557,-4.617746893559591,-4.890435997639791,0.693058967590332,0.0,-0.0,0.0,0.0,0.0,0.0,0.0,0.0,0.0,0.0,0.0,0.0,0
1786496252,488976478,100.0,-1.7200105826007288,-1.7037809530841272,-1.1327856222735804,-4.6177948156939905,-4.890387598668234,0.6930469870567322,0.0,-0.0,0.0,0.0,0.0,0.0,0.0,0.0,0.0,0.0,0.0,0.0,0
1786496252,508855342,100.0,-1.7199743429767054,-1.7037928740130823,-1.1327136198626917,-4.617758814488546,-4.890399638806478,0.6930110454559326,0.0,-0.0,0.0,0.0,0.0,0.0,0.0,0.0,0.0,0.0,0.0,0.0,0
1786496252,529322147,100.0,-1.7199743429767054,-1.7038291136371058,-1.132749382649557,-4.617722932492391,-4.890435997639791,0.6930230259895325,0.0,-0.0,0.0,0.0,0.0,0.0,0.0,0.0,0.0,0.0,0.0,0.0,0
1786496252,548827886,100.0,-1.720034424458639,-1.703864876423971,-1.132749382649557,-4.617746893559591,-4.890412036572592,0.6929870843887329,0.0,-0.0,0.0,0.0,0.0,0.0,0.0,0.0,0.0,0.0,0.0,0.0,0
1786496252,569167613,100.0,-1.7200701872455042,-1.7038167158709925,-1.132761303578512,-4.6177348534213465,-4.890435997639791,0.6930469870567322,0.0,-0.0,0.0,0.0,0.0,0.0,0.0,0.0,0.0,0.0,0.0,0.0,0
1786496252,588746309,100.0,-1.7199862639056605,-1.7038410345660608,-1.1327737013446253,-4.617746893559591,-4.890459958706991,0.6930110454559326,0.0,-0.0,0.0,0.0,0.0,0.0,0.0,0.0,0.0,0.0,0.0,0.0,0
1786496252,608890056,100.0,-1.7199981848346155,-1.7038167158709925,-1.1327374617206019,-4.6177948156939905,-4.890459958706991,0.6930829286575317,0.0,-0.0,0.0,0.0,0.0,0.0,0.0,0.0,0.0,0.0,0.0,0.0,0
1786496252,628851890,100.0,-1.7199981848346155,-1.7038410345660608,-1.1327255407916468,-4.617758814488546,-4.890399638806478,0.693058967590332,0.0,-0.0,0.0,0.0,0.0,0.0,0.0,0.0,0.0,0.0,0.0,0.0,0
1786496252,649040222,100.0,-1.720034424458639,-1.7038052717791956,-1.1327136198626917,-4.617722932492391,-4.890387598668234,0.6930469870567322,0.0,-0.0,0.0,0.0,0.0,0.0,0.0,0.0,0.0,0.0,0.0,0.0,0
1786496252,668847560,100.0,-1.7200105826007288,-1.7038167158709925,-1.132749382649557,-4.6177948156939905,-4.890459958706991,0.6930949091911316,0.0,-0.0,0.0,0.0,0.0,0.0,0.0,0.0,0.0,0.0,0.0,0.0,0
1786496252,689227342,100.0,-1.720034424458639,-1.7038052717791956,-1.1327255407916468,-4.617770854626791,-4.890387598668234,0.6930350065231323,0.0,-0.0,0.0,0.0,0.0,0.0,0.0,0.0,0.0,0.0,0.0,0.0,0
1786496252,708779811,100.0,-1.720034424458639,-1.7038410345660608,-1.1326773802386683,-4.617758814488546,-4.890447918568746,0.6930110454559326,0.0,-0.0,0.0,0.0,0.0,0.0,0.0,0.0,0.0,0.0,0.0,0.0,0
1786496252,729354381,100.0,-1.7199981848346155,-1.7038410345660608,-1.1327374617206019,-4.617770854626791,-4.890459958706991,0.6930469870567322,0.0,-0.0,0.0,0.0,0.0,0.0,0.0,0.0,0.0,0.0,0.0,0.0,0
1786496252,748787641,100.0,-1.720034424458639,-1.7038052717791956,-1.132749382649557,-4.617770854626791,-4.890447918568746,0.6930110454559326,0.0,-0.0,0.0,0.0,0.0,0.0,0.0,0.0,0.0,0.0,0.0,0.0,0
1786496252,768593072,100.0,-1.720034424458639,-1.7037690321551722,-1.1327136198626917,-4.617770854626791,-4.890435997639791,0.6930110454559326,0.0,-0.0,0.0,0.0,0.0,0.0,0.0,0.0,0.0,0.0,0.0,0.0,0
1786496252,788859605,100.0,-1.7200582663165491,-1.7038410345660608,-1.1327136198626917,-4.617746893559591,-4.890423957501547,0.6930469870567322,0.0,-0.0,0.0,0.0,0.0,0.0,0.0,0.0,0.0,0.0,0.0,0.0,0
1786496252,808769941,100.0,-1.7199981848346155,-1.7038052717791956,-1.1326897780047815,-4.617746893559591,-4.890471879635946,0.6930350065231323,0.0,-0.0,0.0,0.0,0.0,0.0,0.0,0.0,0.0,0.0,0.0,0.0,0
1786496252,828859090,100.0,-1.720034424458639,-1.7038410345660608,-1.132761303578512,-4.617806855832235,-4.890423957501547,0.693058967590332,0.0,-0.0,0.0,0.0,0.0,0.0,0.0,0.0,0.0,0.0,0.0,0.0,0
1786496252,849680423,100.0,-1.7200225035296839,-1.7038410345660608,-1.1327255407916468,-4.617746893559591,-4.890435997639791,0.6930110454559326,0.0,-0.0,0.0,0.0,0.0,0.0,0.0,0.0,0.0,0.0,0.0,0.0,0
1786496252,868773221,100.0,-1.720034424458639,-1.7037809530841272,-1.132761303578512,-4.6177348534213465,-4.890399638806478,0.6929990649223328,0.0,-0.0,0.0,0.0,0.0,0.0,0.0,0.0,0.0,0.0,0.0,0.0,0
1786496252,888962030,100.0,-1.720046345387594,-1.7038167158709925,-1.1326897780047815,-4.6177348534213465,-4.890435997639791,0.6930110454559326,0.0,-0.0,0.0,0.0,0.0,0.0,0.0,0.0,0.0,0.0,0.0,0.0,0
1786496252,908750057,100.0,-1.7200105826007288,-1.7037690321551722,-1.1327136198626917,-4.6177948156939905,-4.890399638806478,0.6929990649223328,0.0,-0.0,0.0,0.0,0.0,0.0,0.0,0.0,0.0,0.0,0.0,0.0,0
1786496252,928799390,100.0,-1.7200582663165491,-1.7037809530841272,-1.132749382649557,-4.617806855832235,-4.890399638806478,0.6930110454559326,0.0,-0.0,0.0,0.0,0.0,0.0,0.0,0.0,0.0,0.0,0.0,0.0,0
1786496252,948913097,100.0,-1.7199981848346155,-1.7038167158709925,-1.1327016989337366,-4.6177828947650355,-4.890435997639791,0.6930350065231323,0.0,-0.0,0.0,0.0,0.0,0.0,0.0,0.0,0.0,0.0,0.0,0.0,0
1786496252,968964815,100.0,-1.7199743429767054,-1.7038167158709925,-1.1327374617206019,-4.617770854626791,-4.890459958706991,0.6930350065231323,0.0,-0.0,0.0,0.0,0.0,0.0,0.0,0.0,0.0,0.0,0.0,0.0,0
1786496252,988821744,100.0,-1.7199981848346155,-1.7038052717791956,-1.1327255407916468,-4.617770854626791,-4.890387598668234,0.6930709481239319,0.0,-0.0,0.0,0.0,0.0,0.0,0.0,0.0,0.0,0.0,0.0,0.0,0
1786496253,9105682,100.0,-1.720034424458639,-1.7038410345660608,-1.132761303578512,-4.617806855832235,-4.890412036572592,0.6930469870567322,0.0,-0.0,0.0,0.0,0.0,0.0,0.0,0.0,0.0,0.0,0.0,0.0,0
1786496253,28776168,100.0,-1.7200582663165491,-1.7038052717791956,-1.132761303578512,-4.617722932492391,-4.890435997639791,0.6930110454559326,0.0,-0.0,0.0,0.0,0.0,0.0,0.0,0.0,0.0,0.0,0.0,0.0,0
1786496253,49083471,100.0,-1.720046345387594,-1.7037928740130823,-1.1326897780047815,-4.617758814488546,-4.890399638806478,0.6929870843887329,0.0,-0.0,0.0,0.0,0.0,0.0,0.0,0.0,0.0,0.0,0.0,0.0,0
1786496253,68746328,100.0,-1.7200701872455042,-1.7038167158709925,-1.1327374617206019,-4.6177948156939905,-4.890412036572592,0.6930350065231323,0.0,-0.0,0.0,0.0,0.0,0.0,0.0,0.0,0.0,0.0,0.0,0.0,0
1786496253,89088916,100.0,-1.7199743429767054,-1.7037928740130823,-1.1326897780047815,-4.617758814488546,-4.890435997639791,0.6930469870567322,0.0,-0.0,0.0,0.0,0.0,0.0,0.0,0.0,0.0,0.0,0.0,0.0,0
1786496253,108749628,100.0,-1.720046345387594,-1.703745190297262,-1.1327136198626917,-4.6177348534213465,-4.890471879635946,0.6930350065231323,0.0,-0.0,0.0,0.0,0.0,0.0,0.0,0.0,0.0,0.0,0.0,0.0,0
1786496253,128795385,100.0,-1.720034424458639,-1.7037809530841272,-1.1327136198626917,-4.6177828947650355,-4.890459958706991,0.6930110454559326,0.0,-0.0,0.0,0.0,0.0,0.0,0.0,0.0,0.0,0.0,0.0,0.0,0
1786496253,148858785,100.0,-1.720046345387594,-1.7038167158709925,-1.1327255407916468,-4.617722932492391,-4.890435997639791,0.6930469870567322,0.0,-0.0,0.0,0.0,0.0,0.0,0.0,0.0,0.0,0.0,0.0,0.0,0
1786496253,169211626,100.0,-1.7200105826007288,-1.7037809530841272,-1.1327374617206019,-4.617758814488546,-4.890435997639791,0.6930350065231323,0.0,-0.0,0.0,0.0,0.0,0.0,0.0,0.0,0.0,0.0,0.0,0.0,0
1786496253,188888788,100.0,-1.720046345387594,-1.7037809530841272,-1.132749382649557,-4.617746893559591,-4.890447918568746,0.6930350065231323,0.0,-0.0,0.0,0.0,0.0,0.0,0.0,0.0,0.0,0.0,0.0,0.0,0
1786496253,209591865,100.0,-1.720034424458639,-1.7038410345660608,-1.132749382649557,-4.6177828947650355,-4.890447918568746,0.6930230259895325,0.0,-0.0,0.0,0.0,0.0,0.0,0.0,0.0,0.0,0.0,0.0,0.0,0
1786496253,228782653,100.0,-1.720034424458639,-1.7037809530841272,-1.1327136198626917,-4.617758814488546,-4.890399638806478,0.6930110454559326,0.0,-0.0,0.0,0.0,0.0,0.0,0.0,0.0,0.0,0.0,0.0,0.0,0
1786496253,249373435,100.0,-1.7200105826007288,-1.7037809530841272,-1.1327255407916468,-4.617746893559591,-4.890471879635946,0.6930350065231323,0.0,-0.0,0.0,0.0,0.0,0.0,0.0,0.0,0.0,0.0,0.0,0.0,0
1786496253,268707990,100.0,-1.7200225035296839,-1.7037809530841272,-1.1327136198626917,-4.617770854626791,-4.890423957501547,0.6930110454559326,0.0,-0.0,0.0,0.0,0.0,0.0,0.0,0.0,0.0,0.0,0.0,0.0,0
1786496253,289103984,100.0,-1.7200105826007288,-1.7038052717791956,-1.1327136198626917,-4.6177348534213465,-4.890471879635946,0.6929990649223328,0.0,-0.0,0.0,0.0,0.0,0.0,0.0,0.0,0.0,0.0,0.0,0.0,0
1786496253,308776378,100.0,-1.720034424458639,-1.7038052717791956,-1.1327856222735804,-4.617746893559591,-4.890435997639791,0.6929870843887329,0.0,-0.0,0.0,0.0,0.0,0.0,0.0,0.0,0.0,0.0,0.0,0.0,0
1786496253,329362869,100.0,-1.720046345387594,-1.7038410345660608,-1.132761303578512,-4.617758814488546,-4.890423957501547,0.6930350065231323,0.0,-0.0,0.0,0.0,0.0,0.0,0.0,0.0,0.0,0.0,0.0,0.0,0
1786496253,348860979,100.0,-1.7200225035296839,-1.7038167158709925,-1.1326897780047815,-4.617758814488546,-4.890399638806478,0.6930110454559326,0.0,-0.0,0.0,0.0,0.0,0.0,0.0,0.0,0.0,0.0,0.0,0.0,0
1786496253,369449138,100.0,-1.7200105826007288,-1.7037690321551722,-1.132749382649557,-4.6177948156939905,-4.890435997639791,0.6930110454559326,0.0,-0.0,0.0,0.0,0.0,0.0,0.0,0.0,0.0,0.0,0.0,0.0,0
1786496253,388815402,100.0,-1.7199743429767054,-1.7038291136371058,-1.132749382649557,-4.6177828947650355,-4.890375677739279,0.6930230259895325,0.0,-0.0,0.0,0.0,0.0,0.0,0.0,0.0,0.0,0.0,0.0,0.0,0
1786496253,409036874,100.0,-1.7200105826007288,-1.7037809530841272,-1.1327255407916468,-4.617770854626791,-4.890459958706991,0.6930350065231323,0.0,-0.0,0.0,0.0,0.0,0.0,0.0,0.0,0.0,0.0,0.0,0.0,0
1786496253,428757667,100.0,-1.7199981848346155,-1.7037928740130823,-1.132761303578512,-4.6177828947650355,-4.890423957501547,0.6930230259895325,0.0,-0.0,0.0,0.0,0.0,0.0,0.0,0.0,0.0,0.0,0.0,0.0,0
1786496253,449078798,100.0,-1.7199743429767054,-1.7038052717791956,-1.1327255407916468,-4.6177828947650355,-4.890399638806478,0.6930350065231323,0.0,-0.0,0.0,0.0,0.0,0.0,0.0,0.0,0.0,0.0,0.0,0.0,0
1786496253,468810319,100.0,-1.7199981848346155,-1.7037690321551722,-1.1327255407916468,-4.6177348534213465,-4.890399638806478,0.6930469870567322,0.0,-0.0,0.0,0.0,0.0,0.0,0.0,0.0,0.0,0.0,0.0,0.0,0
1786496253,488939285,100.0,-1.7200225035296839,-1.7038291136371058,-1.132761303578512,-4.617758814488546,-4.890387598668234,0.6930350065231323,0.0,-0.0,0.0,0.0,0.0,0.0,0.0,0.0,0.0,0.0,0.0,0.0,0
1786496253,508910894,100.0,-1.720034424458639,-1.7038052717791956,-1.132749382649557,-4.6177828947650355,-4.890423957501547,0.6930350065231323,0.0,-0.0,0.0,0.0,0.0,0.0,0.0,0.0,0.0,0.0,0.0,0.0,0
1786496253,529129028,100.0,-1.7199743429767054,-1.7038167158709925,-1.132749382649557,-4.617770854626791,-4.890423957501547,0.693058967590332,0.0,-0.0,0.0,0.0,0.0,0.0,0.0,0.0,0.0,0.0,0.0,0.0,0
1786496253,548858404,100.0,-1.7200105826007288,-1.7038052717791956,-1.1327737013446253,-4.617770854626791,-4.890387598668234,0.6930469870567322,0.0,-0.0,0.0,0.0,0.0,0.0,0.0,0.0,0.0,0.0,0.0,0.0,0
1786496253,569143533,100.0,-1.720034424458639,-1.7038167158709925,-1.1327255407916468,-4.617758814488546,-4.890423957501547,0.6930469870567322,0.0,-0.0,0.0,0.0,0.0,0.0,0.0,0.0,0.0,0.0,0.0,0.0,0
1786496253,588681697,100.0,-1.7200225035296839,-1.7038291136371058,-1.132749382649557,-4.617722932492391,-4.890412036572592,0.693058967590332,0.0,-0.0,0.0,0.0,0.0,0.0,0.0,0.0,0.0,0.0,0.0,0.0,0
1786496253,608916521,100.0,-1.7199981848346155,-1.703852955495016,-1.1327374617206019,-4.6177348534213465,-4.890447918568746,0.6930709481239319,0.0,-0.0,0.0,0.0,0.0,0.0,0.0,0.0,0.0,0.0,0.0,0.0,0
1786496253,628874301,100.0,-1.7200105826007288,-1.7037928740130823,-1.1327255407916468,-4.61781877676119,-4.890423957501547,0.6930469870567322,0.0,-0.0,0.0,0.0,0.0,0.0,0.0,0.0,0.0,0.0,0.0,0.0,0
1786496253,649232864,100.0,-1.7200582663165491,-1.7037809530841272,-1.1327737013446253,-4.617758814488546,-4.890412036572592,0.6930350065231323,0.0,-0.0,0.0,0.0,0.0,0.0,0.0,0.0,0.0,0.0,0.0,0.0,0
1786496253,668852329,100.0,-1.7199981848346155,-1.7037928740130823,-1.1327016989337366,-4.6177828947650355,-4.890412036572592,0.693058967590332,0.0,-0.0,0.0,0.0,0.0,0.0,0.0,0.0,0.0,0.0,0.0,0.0,0
1786496253,689490318,100.0,-1.7200105826007288,-1.7038291136371058,-1.1327374617206019,-4.617746893559591,-4.890447918568746,0.6930469870567322,0.0,-0.0,0.0,0.0,0.0,0.0,0.0,0.0,0.0,0.0,0.0,0.0,0
1786496253,708789348,100.0,-1.7200225035296839,-1.7037809530841272,-1.1327136198626917,-4.617758814488546,-4.890387598668234,0.6930350065231323,0.0,-0.0,0.0,0.0,0.0,0.0,0.0,0.0,0.0,0.0,0.0,0.0,0
1786496253,729009151,100.0,-1.7200225035296839,-1.7037690321551722,-1.1327016989337366,-4.617770854626791,-4.890435997639791,0.6929990649223328,0.0,-0.0,0.0,0.0,0.0,0.0,0.0,0.0,0.0,0.0,0.0,0.0,0
1786496253,748775959,100.0,-1.7199981848346155,-1.703864876423971,-1.1327374617206019,-4.617722932492391,-4.890412036572592,0.6930110454559326,0.0,-0.0,0.0,0.0,0.0,0.0,0.0,0.0,0.0,0.0,0.0,0.0,0
1786496253,768981456,100.0,-1.720046345387594,-1.7038410345660608,-1.1327374617206019,-4.6177948156939905,-4.890447918568746,0.6930469870567322,0.0,-0.0,0.0,0.0,0.0,0.0,0.0,0.0,0.0,0.0,0.0,0.0,0
1786496253,788800716,100.0,-1.7199743429767054,-1.7037809530841272,-1.1327374617206019,-4.617770854626791,-4.890447918568746,0.693058967590332,0.0,-0.0,0.0,0.0,0.0,0.0,0.0,0.0,0.0,0.0,0.0,0.0,0
1786496253,809033870,100.0,-1.7200225035296839,-1.7038052717791956,-1.132749382649557,-4.617722932492391,-4.890447918568746,0.6930829286575317,0.0,-0.0,0.0,0.0,0.0,0.0,0.0,0.0,0.0,0.0,0.0,0.0,0
1786496253,828931570,100.0,-1.7200105826007288,-1.7038291136371058,-1.1327374617206019,-4.6177348534213465,-4.890399638806478,0.6930110454559326,0.0,-0.0,0.0,0.0,0.0,0.0,0.0,0.0,0.0,0.0,0.0,0.0,0
1786496253,849624872,100.0,-1.720034424458639,-1.7038167158709925,-1.132749382649557,-4.61781877676119,-4.890447918568746,0.6930350065231323,0.0,-0.0,0.0,0.0,0.0,0.0,0.0,0.0,0.0,0.0,0.0,0.0,0
1786496253,868827342,100.0,-1.7200582663165491,-1.7038167158709925,-1.1326659361468714,-4.617758814488546,-4.890412036572592,0.6930110454559326,0.0,-0.0,0.0,0.0,0.0,0.0,0.0,0.0,0.0,0.0,0.0,0.0,0
1786496253,889016151,100.0,-1.7200582663165491,-1.7038291136371058,-1.1327374617206019,-4.6177348534213465,-4.890471879635946,0.6930469870567322,0.0,-0.0,0.0,0.0,0.0,0.0,0.0,0.0,0.0,0.0,0.0,0.0,0
1786496253,908741474,100.0,-1.7199624220477503,-1.7037928740130823,-1.132749382649557,-4.617758814488546,-4.890412036572592,0.6930350065231323,0.0,-0.0,0.0,0.0,0.0,0.0,0.0,0.0,0.0,0.0,0.0,0.0,0
1786496253,929195404,100.0,-1.7200225035296839,-1.7038291136371058,-1.132749382649557,-4.617722932492391,-4.890459958706991,0.6930350065231323,0.0,-0.0,0.0,0.0,0.0,0.0,0.0,0.0,0.0,0.0,0.0,0.0,0
1786496253,948749542,100.0,-1.720034424458639,-1.7038291136371058,-1.1327374617206019,-4.6177828947650355,-4.890375677739279,0.6930469870567322,0.0,-0.0,0.0,0.0,0.0,0.0,0.0,0.0,0.0,0.0,0.0,0.0,0
1786496253,969263076,100.0,-1.720046345387594,-1.7037690321551722,-1.132749382649557,-4.617758814488546,-4.890447918568746,0.6930350065231323,0.0,-0.0,0.0,0.0,0.0,0.0,0.0,0.0,0.0,0.0,0.0,0.0,0
1786496253,988825321,100.0,-1.7199624220477503,-1.703757111226217,-1.1327016989337366,-4.6177348534213465,-4.890412036572592,0.6929990649223328,0.0,-0.0,0.0,0.0,0.0,0.0,0.0,0.0,0.0,0.0,0.0,0.0,0
1786496254,8742332,100.0,-1.7199862639056605,-1.7038167158709925,-1.1327255407916468,-4.6177828947650355,-4.890447918568746,0.6930829286575317,0.0,-0.0,0.0,0.0,0.0,0.0,0.0,0.0,0.0,0.0,0.0,0.0,0
1786496254,28835773,100.0,-1.720034424458639,-1.703757111226217,-1.132749382649557,-4.617758814488546,-4.890459958706991,0.6930350065231323,0.0,-0.0,0.0,0.0,0.0,0.0,0.0,0.0,0.0,0.0,0.0,0.0,0
1786496254,49307346,100.0,-1.720034424458639,-1.7038291136371058,-1.1327374617206019,-4.6177948156939905,-4.890423957501547,0.6930350065231323,0.0,-0.0,0.0,0.0,0.0,0.0,0.0,0.0,0.0,0.0,0.0,0.0,0
1786496254,68806171,100.0,-1.7199862639056605,-1.703852955495016,-1.1327255407916468,-4.6177948156939905,-4.890447918568746,0.6930230259895325,0.0,-0.0,0.0,0.0,0.0,0.0,0.0,0.0,0.0,0.0,0.0,0.0,0
1786496254,89433193,100.0,-1.7199862639056605,-1.7038052717791956,-1.1327737013446253,-4.617806855832235,-4.890447918568746,0.6930709481239319,0.0,-0.0,0.0,0.0,0.0,0.0,0.0,0.0,0.0,0.0,0.0,0.0,0
1786496254,108707666,100.0,-1.7199981848346155,-1.7038410345660608,-1.132749382649557,-4.617746893559591,-4.890447918568746,0.693058967590332,0.0,-0.0,0.0,0.0,0.0,0.0,0.0,0.0,0.0,0.0,0.0,0.0,0
1786496254,129109621,100.0,-1.720034424458639,-1.7037809530841272,-1.1327136198626917,-4.6177828947650355,-4.890447918568746,0.6930469870567322,0.0,-0.0,0.0,0.0,0.0,0.0,0.0,0.0,0.0,0.0,0.0,0.0,0
1786496254,148765802,100.0,-1.7200225035296839,-1.7038410345660608,-1.1327136198626917,-4.617746893559591,-4.890423957501547,0.6930709481239319,0.0,-0.0,0.0,0.0,0.0,0.0,0.0,0.0,0.0,0.0,0.0,0.0,0
1786496254,168984651,100.0,-1.7200701872455042,-1.7038291136371058,-1.132761303578512,-4.617746893559591,-4.890435997639791,0.6930110454559326,0.0,-0.0,0.0,0.0,0.0,0.0,0.0,0.0,0.0,0.0,0.0,0.0,0
1786496254,188812017,100.0,-1.7199981848346155,-1.7038291136371058,-1.1327016989337366,-4.617758814488546,-4.890412036572592,0.693058967590332,0.0,-0.0,0.0,0.0,0.0,0.0,0.0,0.0,0.0,0.0,0.0,0.0,0
1786496254,208881855,100.0,-1.7200582663165491,-1.7038167158709925,-1.132749382649557,-4.6177828947650355,-4.890399638806478,0.6930230259895325,0.0,-0.0,0.0,0.0,0.0,0.0,0.0,0.0,0.0,0.0,0.0,0.0,0
1786496254,228804588,100.0,-1.720046345387594,-1.7038410345660608,-1.1327374617206019,-4.617710892354147,-4.890412036572592,0.6930350065231323,0.0,-0.0,0.0,0.0,0.0,0.0,0.0,0.0,0.0,0.0,0.0,0.0,0
1786496254,249683141,100.0,-1.720046345387594,-1.7038052717791956,-1.1327016989337366,-4.617770854626791,-4.890399638806478,0.6930230259895325,0.0,-0.0,0.0,0.0,0.0,0.0,0.0,0.0,0.0,0.0,0.0,0.0,0
1786496254,268778324,100.0,-1.720046345387594,-1.7038052717791956,-1.132749382649557,-4.617758814488546,-4.890447918568746,0.6930110454559326,0.0,-0.0,0.0,0.0,0.0,0.0,0.0,0.0,0.0,0.0,0.0,0.0,0
1786496254,289494276,100.0,-1.7200105826007288,-1.7037690321551722,-1.1327374617206019,-4.617770854626791,-4.890447918568746,0.6930709481239319,0.0,-0.0,0.0,0.0,0.0,0.0,0.0,0.0,0.0,0.0,0.0,0.0,0
1786496254,308764457,100.0,-1.7200821081744593,-1.7037928740130823,-1.1327374617206019,-4.6177348534213465,-4.890412036572592,0.6930469870567322,0.0,-0.0,0.0,0.0,0.0,0.0,0.0,0.0,0.0,0.0,0.0,0.0,0
1786496254,329143047,100.0,-1.7200225035296839,-1.703864876423971,-1.1327374617206019,-4.617746893559591,-4.890412036572592,0.6930469870567322,0.0,-0.0,0.0,0.0,0.0,0.0,0.0,0.0,0.0,0.0,0.0,0.0,0
1786496254,348855972,100.0,-1.720046345387594,-1.7038167158709925,-1.1327136198626917,-4.6177948156939905,-4.890447918568746,0.6930110454559326,0.0,-0.0,0.0,0.0,0.0,0.0,0.0,0.0,0.0,0.0,0.0,0.0,0
1786496254,368996381,100.0,-1.7200582663165491,-1.7037928740130823,-1.1327255407916468,-4.617806855832235,-4.890447918568746,0.6930709481239319,0.0,-0.0,0.0,0.0,0.0,0.0,0.0,0.0,0.0,0.0,0.0,0.0,0
1786496254,388778448,100.0,-1.720034424458639,-1.7038052717791956,-1.1327016989337366,-4.617770854626791,-4.890435997639791,0.6931068897247314,0.0,-0.0,0.0,0.0,0.0,0.0,0.0,0.0,0.0,0.0,0.0,0.0,0
1786496254,408885002,100.0,-1.720046345387594,-1.7038052717791956,-1.132749382649557,-4.617758814488546,-4.890387598668234,0.6930709481239319,0.0,-0.0,0.0,0.0,0.0,0.0,0.0,0.0,0.0,0.0,0.0,0.0,0
1786496254,428859233,100.0,-1.7199743429767054,-1.7037928740130823,-1.132749382649557,-4.617710892354147,-4.890423957501547,0.6930350065231323,0.0,-0.0,0.0,0.0,0.0,0.0,0.0,0.0,0.0,0.0,0.0,0.0,0
1786496254,449272632,100.0,-1.7200945059405726,-1.7037928740130823,-1.1327374617206019,-4.617722932492391,-4.890447918568746,0.6930230259895325,0.0,-0.0,0.0,0.0,0.0,0.0,0.0,0.0,0.0,0.0,0.0,0.0,0
1786496254,468721628,100.0,-1.7200225035296839,-1.7038167158709925,-1.132761303578512,-4.61781877676119,-4.890387598668234,0.693058967590332,0.0,-0.0,0.0,0.0,0.0,0.0,0.0,0.0,0.0,0.0,0.0,0.0,0
1786496254,489399433,100.0,-1.7199981848346155,-1.7037809530841272,-1.1327255407916468,-4.617806855832235,-4.890471879635946,0.6930110454559326,0.0,-0.0,0.0,0.0,0.0,0.0,0.0,0.0,0.0,0.0,0.0,0.0,0
1786496254,508771896,100.0,-1.720034424458639,-1.7037928740130823,-1.132761303578512,-4.617758814488546,-4.890412036572592,0.6930350065231323,0.0,-0.0,0.0,0.0,0.0,0.0,0.0,0.0,0.0,0.0,0.0,0.0,0
1786496254,528822422,100.0,-1.7200225035296839,-1.7037928740130823,-1.132749382649557,-4.6177828947650355,-4.890399638806478,0.6930110454559326,0.0,-0.0,0.0,0.0,0.0,0.0,0.0,0.0,0.0,0.0,0.0,0.0,0
1786496254,548956155,100.0,-1.7200105826007288,-1.7037690321551722,-1.132749382649557,-4.6177948156939905,-4.890447918568746,0.6930469870567322,0.0,-0.0,0.0,0.0,0.0,0.0,0.0,0.0,0.0,0.0,0.0,0.0,0
1786496254,568982362,100.0,-1.7199981848346155,-1.7038291136371058,-1.1327255407916468,-4.617758814488546,-4.890447918568746,0.6930350065231323,0.0,-0.0,0.0,0.0,0.0,0.0,0.0,0.0,0.0,0.0,0.0,0.0,0
1786496254,588872909,100.0,-1.7200701872455042,-1.703852955495016,-1.1327016989337366,-4.617758814488546,-4.890435997639791,0.693058967590332,0.0,-0.0,0.0,0.0,0.0,0.0,0.0,0.0,0.0,0.0,0.0,0.0,0
1786496254,609162330,100.0,-1.7200225035296839,-1.7037809530841272,-1.132749382649557,-4.617746893559591,-4.890447918568746,0.693058967590332,0.0,-0.0,0.0,0.0,0.0,0.0,0.0,0.0,0.0,0.0,0.0,0.0,0
1786496254,628756999,100.0,-1.720046345387594,-1.7038167158709925,-1.1327016989337366,-4.6177948156939905,-4.890459958706991,0.6930469870567322,0.0,-0.0,0.0,0.0,0.0,0.0,0.0,0.0,0.0,0.0,0.0,0.0,0
1786496254,649360656,100.0,-1.720034424458639,-1.7038052717791956,-1.1327374617206019,-4.617770854626791,-4.890471879635946,0.6930230259895325,0.0,-0.0,0.0,0.0,0.0,0.0,0.0,0.0,0.0,0.0,0.0,0.0,0
1786496254,668729782,100.0,-1.7199981848346155,-1.7037809530841272,-1.1327016989337366,-4.617746893559591,-4.890412036572592,0.6930949091911316,0.0,-0.0,0.0,0.0,0.0,0.0,0.0,0.0,0.0,0.0,0.0,0.0,0
1786496254,688863277,100.0,-1.720034424458639,-1.7038410345660608,-1.132749382649557,-4.617758814488546,-4.890399638806478,0.693058967590332,0.0,-0.0,0.0,0.0,0.0,0.0,0.0,0.0,0.0,0.0,0.0,0.0,0
1786496254,708772420,100.0,-1.7199981848346155,-1.703852955495016,-1.1327136198626917,-4.6177828947650355,-4.890423957501547,0.6930469870567322,0.0,-0.0,0.0,0.0,0.0,0.0,0.0,0.0,0.0,0.0,0.0,0.0,0
1786496254,728971958,100.0,-1.7200105826007288,-1.7038410345660608,-1.1327136198626917,-4.617758814488546,-4.890471879635946,0.6930350065231323,0.0,-0.0,0.0,0.0,0.0,0.0,0.0,0.0,0.0,0.0,0.0,0.0,0
1786496254,748903751,100.0,-1.7200105826007288,-1.7037690321551722,-1.1327136198626917,-4.617758814488546,-4.890423957501547,0.6930469870567322,0.0,-0.0,0.0,0.0,0.0,0.0,0.0,0.0,0.0,0.0,0.0,0.0,0
1786496254,769068241,100.0,-1.7200701872455042,-1.7037928740130823,-1.132749382649557,-4.617758814488546,-4.890412036572592,0.6930230259895325,0.0,-0.0,0.0,0.0,0.0,0.0,0.0,0.0,0.0,0.0,0.0,0.0,0
1786496254,788878440,100.0,-1.7199862639056605,-1.7038291136371058,-1.132749382649557,-4.617806855832235,-4.890435997639791,0.6930350065231323,0.0,-0.0,0.0,0.0,0.0,0.0,0.0,0.0,0.0,0.0,0.0,0.0,0
1786496254,808727741,100.0,-1.720046345387594,-1.703852955495016,-1.132749382649557,-4.617806855832235,-4.890459958706991,0.6930110454559326,0.0,-0.0,0.0,0.0,0.0,0.0,0.0,0.0,0.0,0.0,0.0,0.0,0
1786496254,828782796,100.0,-1.7199862639056605,-1.7037809530841272,-1.132761303578512,-4.617806855832235,-4.890423957501547,0.693058967590332,0.0,-0.0,0.0,0.0,0.0,0.0,0.0,0.0,0.0,0.0,0.0,0.0,0
1786496254,849258422,100.0,-1.720034424458639,-1.7038052717791956,-1.132749382649557,-4.617770854626791,-4.890447918568746,0.6930230259895325,0.0,-0.0,0.0,0.0,0.0,0.0,0.0,0.0,0.0,0.0,0.0,0.0,0
1786496254,868802309,100.0,-1.7199981848346155,-1.7037928740130823,-1.1327255407916468,-4.617770854626791,-4.890495840703146,0.6930230259895325,0.0,-0.0,0.0,0.0,0.0,0.0,0.0,0.0,0.0,0.0,0.0,0.0,0
1786496254,888914108,100.0,-1.7200105826007288,-1.7038410345660608,-1.1326897780047815,-4.6177828947650355,-4.890423957501547,0.6930709481239319,0.0,-0.0,0.0,0.0,0.0,0.0,0.0,0.0,0.0,0.0,0.0,0.0,0
1786496254,908816814,100.0,-1.7200225035296839,-1.7038291136371058,-1.1327016989337366,-4.617770854626791,-4.890423957501547,0.6930350065231323,0.0,-0.0,0.0,0.0,0.0,0.0,0.0,0.0,0.0,0.0,0.0,0.0,0
1786496254,928849220,100.0,-1.720046345387594,-1.7038291136371058,-1.132749382649557,-4.617758814488546,-4.890399638806478,0.6930230259895325,0.0,-0.0,0.0,0.0,0.0,0.0,0.0,0.0,0.0,0.0,0.0,0.0,0
1786496254,948853254,100.0,-1.7200701872455042,-1.7038052717791956,-1.1327016989337366,-4.617770854626791,-4.890399638806478,0.6930230259895325,0.0,-0.0,0.0,0.0,0.0,0.0,0.0,0.0,0.0,0.0,0.0,0.0,0
1786496254,969013690,100.0,-1.7200582663165491,-1.7037809530841272,-1.132749382649557,-4.6177348534213465,-4.890447918568746,0.6929990649223328,0.0,-0.0,0.0,0.0,0.0,0.0,0.0,0.0,0.0,0.0,0.0,0.0,0
1786496254,988745450,100.0,-1.720034424458639,-1.7037928740130823,-1.1327374617206019,-4.617746893559591,-4.890435997639791,0.6930469870567322,0.0,-0.0,0.0,0.0,0.0,0.0,0.0,0.0,0.0,0.0,0.0,0.0,0
1786496255,9236335,100.0,-1.7199981848346155,-1.7037928740130823,-1.1327374617206019,-4.617758814488546,-4.890399638806478,0.6929990649223328,0.0,-0.0,0.0,0.0,0.0,0.0,0.0,0.0,0.0,0.0,0.0,0.0,0
1786496255,28801679,100.0,-1.720034424458639,-1.7037809530841272,-1.1327374617206019,-4.617722932492391,-4.890459958706991,0.6930469870567322,0.0,-0.0,0.0,0.0,0.0,0.0,0.0,0.0,0.0,0.0,0.0,0.0,0
1786496255,49020051,100.0,-1.7200225035296839,-1.7038291136371058,-1.1327856222735804,-4.6177348534213465,-4.890459958706991,0.693058967590332,0.0,-0.0,0.0,0.0,0.0,0.0,0.0,0.0,0.0,0.0,0.0,0.0,0
1786496255,68803071,100.0,-1.7199862639056605,-1.703864876423971,-1.1327255407916468,-4.617746893559591,-4.890447918568746,0.6930350065231323,0.0,-0.0,0.0,0.0,0.0,0.0,0.0,0.0,0.0,0.0,0.0,0.0,0
1786496255,89317083,100.0,-1.720034424458639,-1.7037809530841272,-1.1327374617206019,-4.617770854626791,-4.890423957501547,0.6930469870567322,0.0,-0.0,0.0,0.0,0.0,0.0,0.0,0.0,0.0,0.0,0.0,0.0,0
1786496255,108722209,100.0,-1.7200105826007288,-1.7037928740130823,-1.1327136198626917,-4.6177348534213465,-4.890399638806478,0.6930469870567322,0.0,-0.0,0.0,0.0,0.0,0.0,0.0,0.0,0.0,0.0,0.0,0.0,0
1786496255,129136085,100.0,-1.7199981848346155,-1.7038052717791956,-1.1327136198626917,-4.617770854626791,-4.890423957501547,0.6930469870567322,0.0,-0.0,0.0,0.0,0.0,0.0,0.0,0.0,0.0,0.0,0.0,0.0,0
1786496255,148826599,100.0,-1.7200701872455042,-1.7038291136371058,-1.1327136198626917,-4.617746893559591,-4.890435997639791,0.6929990649223328,0.0,-0.0,0.0,0.0,0.0,0.0,0.0,0.0,0.0,0.0,0.0,0.0,0
1786496255,168997287,100.0,-1.7200225035296839,-1.703852955495016,-1.1327374617206019,-4.617722932492391,-4.890387598668234,0.6930469870567322,0.0,-0.0,0.0,0.0,0.0,0.0,0.0,0.0,0.0,0.0,0.0,0.0,0
1786496255,188831090,100.0,-1.7200225035296839,-1.703852955495016,-1.132761303578512,-4.617746893559591,-4.890399638806478,0.6930230259895325,0.0,-0.0,0.0,0.0,0.0,0.0,0.0,0.0,0.0,0.0,0.0,0.0,0
1786496255,208843708,100.0,-1.7199981848346155,-1.7037690321551722,-1.1327255407916468,-4.617758814488546,-4.890423957501547,0.6930350065231323,0.0,-0.0,0.0,0.0,0.0,0.0,0.0,0.0,0.0,0.0,0.0,0.0,0
1786496255,228899955,100.0,-1.7200105826007288,-1.7038291136371058,-1.132749382649557,-4.617758814488546,-4.890435997639791,0.6929990649223328,0.0,-0.0,0.0,0.0,0.0,0.0,0.0,0.0,0.0,0.0,0.0,0.0,0
1786496255,249838829,100.0,-1.720034424458639,-1.7037809530841272,-1.1327374617206019,-4.617770854626791,-4.890459958706991,0.6930350065231323,0.0,-0.0,0.0,0.0,0.0,0.0,0.0,0.0,0.0,0.0,0.0,0.0,0
1786496255,268757104,100.0,-1.720046345387594,-1.7038410345660608,-1.1327136198626917,-4.617758814488546,-4.890435997639791,0.6930230259895325,0.0,-0.0,0.0,0.0,0.0,0.0,0.0,0.0,0.0,0.0,0.0,0.0,0
1786496255,289335012,100.0,-1.7200105826007288,-1.7038410345660608,-1.1327255407916468,-4.6177828947650355,-4.890435997639791,0.6930230259895325,0.0,-0.0,0.0,0.0,0.0,0.0,0.0,0.0,0.0,0.0,0.0,0.0,0
1786496255,308752298,100.0,-1.7200225035296839,-1.7038167158709925,-1.132761303578512,-4.6177348534213465,-4.890423957501547,0.6929990649223328,0.0,-0.0,0.0,0.0,0.0,0.0,0.0,0.0,0.0,0.0,0.0,0.0,0
1786496255,328899383,100.0,-1.7200582663165491,-1.7037809530841272,-1.1327136198626917,-4.617758814488546,-4.890447918568746,0.6930469870567322,0.0,-0.0,0.0,0.0,0.0,0.0,0.0,0.0,0.0,0.0,0.0,0.0,0
1786496255,348895311,100.0,-1.7200225035296839,-1.7037928740130823,-1.1327374617206019,-4.6177828947650355,-4.890423957501547,0.6930469870567322,0.0,-0.0,0.0,0.0,0.0,0.0,0.0,0.0,0.0,0.0,0.0,0.0,0
1786496255,369180917,100.0,-1.7199624220477503,-1.703852955495016,-1.1327255407916468,-4.6177348534213465,-4.890459958706991,0.693058967590332,0.0,-0.0,0.0,0.0,0.0,0.0,0.0,0.0,0.0,0.0,0.0,0.0,0
1786496255,388831377,100.0,-1.7199862639056605,-1.7037809530841272,-1.1327856222735804,-4.617758814488546,-4.890435997639791,0.6930709481239319,0.0,-0.0,0.0,0.0,0.0,0.0,0.0,0.0,0.0,0.0,0.0,0.0,0
1786496255,408960103,100.0,-1.720046345387594,-1.7037809530841272,-1.1327016989337366,-4.6177948156939905,-4.890447918568746,0.6930350065231323,0.0,-0.0,0.0,0.0,0.0,0.0,0.0,0.0,0.0,0.0,0.0,0.0,0
1786496255,428818225,100.0,-1.7200225035296839,-1.7038410345660608,-1.1327136198626917,-4.6177348534213465,-4.890447918568746,0.6931068897247314,0.0,-0.0,0.0,0.0,0.0,0.0,0.0,0.0,0.0,0.0,0.0,0.0,0
1786496255,449254751,100.0,-1.7200105826007288,-1.7038410345660608,-1.1327016989337366,-4.617770854626791,-4.890412036572592,0.6930350065231323,0.0,-0.0,0.0,0.0,0.0,0.0,0.0,0.0,0.0,0.0,0.0,0.0,0
1786496255,468792676,100.0,-1.7200225035296839,-1.7038291136371058,-1.132761303578512,-4.617746893559591,-4.890423957501547,0.6930110454559326,0.0,-0.0,0.0,0.0,0.0,0.0,0.0,0.0,0.0,0.0,0.0,0.0,0
1786496255,489304542,100.0,-1.720034424458639,-1.7038052717791956,-1.1327016989337366,-4.6177948156939905,-4.890412036572592,0.6930469870567322,0.0,-0.0,0.0,0.0,0.0,0.0,0.0,0.0,0.0,0.0,0.0,0.0,0
1786496255,508798837,100.0,-1.7200105826007288,-1.7038291136371058,-1.1327856222735804,-4.6177348534213465,-4.890412036572592,0.6930350065231323,0.0,-0.0,0.0,0.0,0.0,0.0,0.0,0.0,0.0,0.0,0.0,0.0,0
1786496255,528886556,100.0,-1.7199981848346155,-1.703757111226217,-1.1327856222735804,-4.617746893559591,-4.890459958706991,0.6930110454559326,0.0,-0.0,0.0,0.0,0.0,0.0,0.0,0.0,0.0,0.0,0.0,0.0,0
1786496255,548923492,100.0,-1.7199981848346155,-1.7037928740130823,-1.132749382649557,-4.617770854626791,-4.890387598668234,0.6930230259895325,0.0,-0.0,0.0,0.0,0.0,0.0,0.0,0.0,0.0,0.0,0.0,0.0,0
1786496255,569142818,100.0,-1.7199862639056605,-1.7038167158709925,-1.1327255407916468,-4.617758814488546,-4.890412036572592,0.6930469870567322,0.0,-0.0,0.0,0.0,0.0,0.0,0.0,0.0,0.0,0.0,0.0,0.0,0
1786496255,588788032,100.0,-1.720046345387594,-1.7037928740130823,-1.132749382649557,-4.6177348534213465,-4.890387598668234,0.693058967590332,0.0,-0.0,0.0,0.0,0.0,0.0,0.0,0.0,0.0,0.0,0.0,0.0,0
1786496255,609139442,100.0,-1.7199981848346155,-1.7038410345660608,-1.1327136198626917,-4.617746893559591,-4.890423957501547,0.6930230259895325,0.0,-0.0,0.0,0.0,0.0,0.0,0.0,0.0,0.0,0.0,0.0,0.0,0
1786496255,628738880,100.0,-1.7200225035296839,-1.7037928740130823,-1.1327255407916468,-4.6177948156939905,-4.890435997639791,0.6930949091911316,0.0,-0.0,0.0,0.0,0.0,0.0,0.0,0.0,0.0,0.0,0.0,0.0,0
1786496255,650286912,100.0,-1.7200105826007288,-1.7038052717791956,-1.1326897780047815,-4.6177828947650355,-4.890423957501547,0.6929870843887329,0.0,-0.0,0.0,0.0,0.0,0.0,0.0,0.0,0.0,0.0,0.0,0.0,0
1786496255,668787956,100.0,-1.7200105826007288,-1.7038052717791956,-1.1327374617206019,-4.617746893559591,-4.890447918568746,0.6930949091911316,0.0,-0.0,0.0,0.0,0.0,0.0,0.0,0.0,0.0,0.0,0.0,0.0,0
1786496255,689003229,100.0,-1.7199862639056605,-1.7038410345660608,-1.1327136198626917,-4.617770854626791,-4.890435997639791,0.6930230259895325,0.0,-0.0,0.0,0.0,0.0,0.0,0.0,0.0,0.0,0.0,0.0,0.0,0
1786496255,708865880,100.0,-1.720046345387594,-1.703852955495016,-1.1327374617206019,-4.6177348534213465,-4.890412036572592,0.6930469870567322,0.0,-0.0,0.0,0.0,0.0,0.0,0.0,0.0,0.0,0.0,0.0,0.0,0
1786496255,729426145,100.0,-1.7200105826007288,-1.7038410345660608,-1.1327737013446253,-4.617770854626791,-4.890412036572592,0.6930709481239319,0.0,-0.0,0.0,0.0,0.0,0.0,0.0,0.0,0.0,0.0,0.0,0.0,0
1786496255,748838186,100.0,-1.720046345387594,-1.7038052717791956,-1.132749382649557,-4.617746893559591,-4.890423957501547,0.693058967590332,0.0,-0.0,0.0,0.0,0.0,0.0,0.0,0.0,0.0,0.0,0.0,0.0,0
1786496255,769631385,100.0,-1.7199862639056605,-1.7037928740130823,-1.1327136198626917,-4.617770854626791,-4.890447918568746,0.6930469870567322,0.0,-0.0,0.0,0.0,0.0,0.0,0.0,0.0,0.0,0.0,0.0,0.0,0
1786496255,788738727,100.0,-1.7200225035296839,-1.7038410345660608,-1.1327737013446253,-4.6177348534213465,-4.890435997639791,0.6930110454559326,0.0,-0.0,0.0,0.0,0.0,0.0,0.0,0.0,0.0,0.0,0.0,0.0,0
1786496255,808965682,100.0,-1.7200225035296839,-1.703757111226217,-1.1326897780047815,-4.617758814488546,-4.890435997639791,0.693058967590332,0.0,-0.0,0.0,0.0,0.0,0.0,0.0,0.0,0.0,0.0,0.0,0.0,0
1786496255,828857421,100.0,-1.7200225035296839,-1.7037327925311487,-1.1327737013446253,-4.617746893559591,-4.890423957501547,0.6930110454559326,0.0,-0.0,0.0,0.0,0.0,0.0,0.0,0.0,0.0,0.0,0.0,0.0,0
1786496255,849107503,100.0,-1.7199743429767054,-1.703864876423971,-1.1327016989337366,-4.6177948156939905,-4.890447918568746,0.6929990649223328,0.0,-0.0,0.0,0.0,0.0,0.0,0.0,0.0,0.0,0.0,0.0,0.0,0
1786496255,868815660,100.0,-1.720034424458639,-1.7038167158709925,-1.132749382649557,-4.617722932492391,-4.890423957501547,0.6930350065231323,0.0,-0.0,0.0,0.0,0.0,0.0,0.0,0.0,0.0,0.0,0.0,0.0,0
1786496255,888782739,100.0,-1.7200105826007288,-1.7038052717791956,-1.1327374617206019,-4.617698971425192,-4.890412036572592,0.6930230259895325,0.0,-0.0,0.0,0.0,0.0,0.0,0.0,0.0,0.0,0.0,0.0,0.0,0
1786496255,908774375,100.0,-1.7200582663165491,-1.703852955495016,-1.1327255407916468,-4.617746893559591,-4.890423957501547,0.6930230259895325,0.0,-0.0,0.0,0.0,0.0,0.0,0.0,0.0,0.0,0.0,0.0,0.0,0
1786496255,929500102,100.0,-1.720034424458639,-1.7038167158709925,-1.1327374617206019,-4.6177348534213465,-4.890459958706991,0.6930469870567322,0.0,-0.0,0.0,0.0,0.0,0.0,0.0,0.0,0.0,0.0,0.0,0.0,0
1786496255,948812484,100.0,-1.7200582663165491,-1.7038291136371058,-1.1327255407916468,-4.617770854626791,-4.890447918568746,0.6930230259895325,0.0,-0.0,0.0,0.0,0.0,0.0,0.0,0.0,0.0,0.0,0.0,0.0,0
1786496255,968993186,100.0,-1.7199981848346155,-1.7038410345660608,-1.1327255407916468,-4.6177948156939905,-4.890399638806478,0.6930350065231323,0.0,-0.0,0.0,0.0,0.0,0.0,0.0,0.0,0.0,0.0,0.0,0.0,0
1786496255,988788127,100.0,-1.7199862639056605,-1.7038167158709925,-1.1327374617206019,-4.617758814488546,-4.890399638806478,0.6930350065231323,0.0,-0.0,0.0,0.0,0.0,0.0,0.0,0.0,0.0,0.0,0.0,0.0,0
1786496256,9092569,100.0,-1.7200225035296839,-1.703852955495016,-1.132749382649557,-4.617746893559591,-4.890423957501547,0.6930110454559326,0.0,-0.0,0.0,0.0,0.0,0.0,0.0,0.0,0.0,0.0,0.0,0.0,0
1786496256,28800725,100.0,-1.720046345387594,-1.7037928740130823,-1.1327255407916468,-4.617746893559591,-4.890423957501547,0.6930110454559326,0.0,-0.0,0.0,0.0,0.0,0.0,0.0,0.0,0.0,0.0,0.0,0.0,0
1786496256,49115180,100.0,-1.7200821081744593,-1.7038291136371058,-1.132749382649557,-4.6177828947650355,-4.890447918568746,0.6930230259895325,0.0,-0.0,0.0,0.0,0.0,0.0,0.0,0.0,0.0,0.0,0.0,0.0,0
1786496256,68802833,100.0,-1.7199981848346155,-1.7038167158709925,-1.1327255407916468,-4.6177348534213465,-4.890435997639791,0.6929990649223328,0.0,-0.0,0.0,0.0,0.0,0.0,0.0,0.0,0.0,0.0,0.0,0.0,0
1786496256,88969469,100.0,-1.7200105826007288,-1.703864876423971,-1.1327374617206019,-4.6177948156939905,-4.890399638806478,0.6930469870567322,0.0,-0.0,0.0,0.0,0.0,0.0,0.0,0.0,0.0,0.0,0.0,0.0,0
1786496256,108809947,100.0,-1.7200105826007288,-1.7037928740130823,-1.1327374617206019,-4.617746893559591,-4.890423957501547,0.6930110454559326,0.0,-0.0,0.0,0.0,0.0,0.0,0.0,0.0,0.0,0.0,0.0,0.0,0
1786496256,130005836,100.0,-1.720034424458639,-1.7038291136371058,-1.1327255407916468,-4.6177828947650355,-4.890399638806478,0.693058967590332,0.0,-0.0,0.0,0.0,0.0,0.0,0.0,0.0,0.0,0.0,0.0,0.0,0
1786496256,148855209,100.0,-1.7200225035296839,-1.7038291136371058,-1.1326897780047815,-4.617770854626791,-4.890447918568746,0.693058967590332,0.0,-0.0,0.0,0.0,0.0,0.0,0.0,0.0,0.0,0.0,0.0,0.0,0
1786496256,169060707,100.0,-1.7199624220477503,-1.703852955495016,-1.1327737013446253,-4.617770854626791,-4.890423957501547,0.6930469870567322,0.0,-0.0,0.0,0.0,0.0,0.0,0.0,0.0,0.0,0.0,0.0,0.0,0
1786496256,188794851,100.0,-1.7199743429767054,-1.7037928740130823,-1.1326773802386683,-4.617686931286947,-4.890447918568746,0.6930350065231323,0.0,-0.0,0.0,0.0,0.0,0.0,0.0,0.0,0.0,0.0,0.0,0.0,0
1786496256,209166765,100.0,-1.7200225035296839,-1.7038052717791956,-1.1327016989337366,-4.61781877676119,-4.890447918568746,0.6930110454559326,0.0,-0.0,0.0,0.0,0.0,0.0,0.0,0.0,0.0,0.0,0.0,0.0,0
1786496256,228798866,100.0,-1.7200225035296839,-1.7038410345660608,-1.1327136198626917,-4.6177828947650355,-4.890412036572592,0.6930469870567322,0.0,-0.0,0.0,0.0,0.0,0.0,0.0,0.0,0.0,0.0,0.0,0.0,0
1786496256,249135255,100.0,-1.7200225035296839,-1.7038410345660608,-1.1327374617206019,-4.617758814488546,-4.890423957501547,0.6930110454559326,0.0,-0.0,0.0,0.0,0.0,0.0,0.0,0.0,0.0,0.0,0.0,0.0,0
1786496256,268839597,100.0,-1.7200105826007288,-1.7038052717791956,-1.132749382649557,-4.617758814488546,-4.890435997639791,0.6929990649223328,0.0,-0.0,0.0,0.0,0.0,0.0,0.0,0.0,0.0,0.0,0.0,0.0,0
1786496256,289483785,100.0,-1.7199862639056605,-1.7037690321551722,-1.1327374617206019,-4.617746893559591,-4.890435997639791,0.6930469870567322,0.0,-0.0,0.0,0.0,0.0,0.0,0.0,0.0,0.0,0.0,0.0,0.0,0
1786496256,308784723,100.0,-1.7200105826007288,-1.703757111226217,-1.132749382649557,-4.617722932492391,-4.890423957501547,0.6930350065231323,0.0,-0.0,0.0,0.0,0.0,0.0,0.0,0.0,0.0,0.0,0.0,0.0,0
1786496256,329107522,100.0,-1.7199743429767054,-1.7038291136371058,-1.1327255407916468,-4.617758814488546,-4.890435997639791,0.693058967590332,0.0,-0.0,0.0,0.0,0.0,0.0,0.0,0.0,0.0,0.0,0.0,0.0,0
1786496256,348795175,100.0,-1.7200225035296839,-1.7038052717791956,-1.1327374617206019,-4.617758814488546,-4.890423957501547,0.6930469870567322,0.0,-0.0,0.0,0.0,0.0,0.0,0.0,0.0,0.0,0.0,0.0,0.0,0
1786496256,369159936,100.0,-1.7200225035296839,-1.7038167158709925,-1.1327737013446253,-4.617770854626791,-4.890399638806478,0.6930709481239319,0.0,-0.0,0.0,0.0,0.0,0.0,0.0,0.0,0.0,0.0,0.0,0.0,0
1786496256,388767480,100.0,-1.7200225035296839,-1.7037690321551722,-1.132749382649557,-4.6177948156939905,-4.890423957501547,0.6930469870567322,0.0,-0.0,0.0,0.0,0.0,0.0,0.0,0.0,0.0,0.0,0.0,0.0,0
1786496256,409065723,100.0,-1.7199981848346155,-1.7038291136371058,-1.132749382649557,-4.6177948156939905,-4.890412036572592,0.6930469870567322,0.0,-0.0,0.0,0.0,0.0,0.0,0.0,0.0,0.0,0.0,0.0,0.0,0
1786496256,428837537,100.0,-1.7200105826007288,-1.7038410345660608,-1.1327136198626917,-4.617770854626791,-4.890435997639791,0.6930230259895325,0.0,-0.0,0.0,0.0,0.0,0.0,0.0,0.0,0.0,0.0,0.0,0.0,0
1786496256,449377059,100.0,-1.7200582663165491,-1.7037809530841272,-1.1327016989337366,-4.6177348534213465,-4.890423957501547,0.6929870843887329,0.0,-0.0,0.0,0.0,0.0,0.0,0.0,0.0,0.0,0.0,0.0,0.0,0
1786496256,468780994,100.0,-1.7200105826007288,-1.7037928740130823,-1.1326897780047815,-4.6177348534213465,-4.890435997639791,0.6930230259895325,0.0,-0.0,0.0,0.0,0.0,0.0,0.0,0.0,0.0,0.0,0.0,0.0,0
1786496256,489602327,100.0,-1.7200105826007288,-1.7037928740130823,-1.1327856222735804,-4.617758814488546,-4.890423957501547,0.6930350065231323,0.0,-0.0,0.0,0.0,0.0,0.0,0.0,0.0,0.0,0.0,0.0,0.0,0
1786496256,508883953,100.0,-1.720046345387594,-1.7038167158709925,-1.132761303578512,-4.617746893559591,-4.890412036572592,0.6930469870567322,0.0,-0.0,0.0,0.0,0.0,0.0,0.0,0.0,0.0,0.0,0.0,0.0,0
1786496256,528957128,100.0,-1.720046345387594,-1.7037809530841272,-1.1327016989337366,-4.6177828947650355,-4.890447918568746,0.6930350065231323,0.0,-0.0,0.0,0.0,0.0,0.0,0.0,0.0,0.0,0.0,0.0,0.0,0
1786496256,548789501,100.0,-1.720034424458639,-1.7038052717791956,-1.1327255407916468,-4.6177348534213465,-4.890423957501547,0.6930350065231323,0.0,-0.0,0.0,0.0,0.0,0.0,0.0,0.0,0.0,0.0,0.0,0.0,0
1786496256,568605661,100.0,-1.7199981848346155,-1.703864876423971,-1.1327255407916468,-4.617770854626791,-4.890435997639791,0.6930469870567322,0.0,-0.0,0.0,0.0,0.0,0.0,0.0,0.0,0.0,0.0,0.0,0.0,0
1786496256,588865518,100.0,-1.7199743429767054,-1.7038291136371058,-1.1327016989337366,-4.617722932492391,-4.890435997639791,0.693058967590332,0.0,-0.0,0.0,0.0,0.0,0.0,0.0,0.0,0.0,0.0,0.0,0.0,0
1786496256,609084129,100.0,-1.7199981848346155,-1.7038052717791956,-1.1327255407916468,-4.617746893559591,-4.890423957501547,0.693058967590332,0.0,-0.0,0.0,0.0,0.0,0.0,0.0,0.0,0.0,0.0,0.0,0.0,0
1786496256,628904342,100.0,-1.7200225035296839,-1.7038052717791956,-1.1327255407916468,-4.617770854626791,-4.890447918568746,0.6930469870567322,0.0,-0.0,0.0,0.0,0.0,0.0,0.0,0.0,0.0,0.0,0.0,0.0,0
1786496256,649662017,100.0,-1.7200225035296839,-1.7038052717791956,-1.132761303578512,-4.6177948156939905,-4.890423957501547,0.6929870843887329,0.0,-0.0,0.0,0.0,0.0,0.0,0.0,0.0,0.0,0.0,0.0,0.0,0
1786496256,668760061,100.0,-1.7200105826007288,-1.7038167158709925,-1.1327374617206019,-4.617758814488546,-4.890471879635946,0.6930230259895325,0.0,-0.0,0.0,0.0,0.0,0.0,0.0,0.0,0.0,0.0,0.0,0.0,0
1786496256,689211368,100.0,-1.7200582663165491,-1.7037928740130823,-1.1327374617206019,-4.617758814488546,-4.890423957501547,0.6930469870567322,0.0,-0.0,0.0,0.0,0.0,0.0,0.0,0.0,0.0,0.0,0.0,0.0,0
1786496256,708751440,100.0,-1.7199743429767054,-1.7037928740130823,-1.1327255407916468,-4.617746893559591,-4.890412036572592,0.6930949091911316,0.0,-0.0,0.0,0.0,0.0,0.0,0.0,0.0,0.0,0.0,0.0,0.0,0
1786496256,729113817,100.0,-1.720046345387594,-1.7038410345660608,-1.132761303578512,-4.6177948156939905,-4.890435997639791,0.6930350065231323,0.0,-0.0,0.0,0.0,0.0,0.0,0.0,0.0,0.0,0.0,0.0,0.0,0
1786496256,748834371,100.0,-1.7200701872455042,-1.7038052717791956,-1.1327255407916468,-4.6177948156939905,-4.890387598668234,0.693058967590332,0.0,-0.0,0.0,0.0,0.0,0.0,0.0,0.0,0.0,0.0,0.0,0.0,0
1786496256,769176006,100.0,-1.7199862639056605,-1.7038167158709925,-1.1327255407916468,-4.617722932492391,-4.890423957501547,0.6930230259895325,0.0,-0.0,0.0,0.0,0.0,0.0,0.0,0.0,0.0,0.0,0.0,0.0,0
1786496256,788816928,100.0,-1.7199862639056605,-1.7037809530841272,-1.132749382649557,-4.617806855832235,-4.890459958706991,0.6930709481239319,0.0,-0.0,0.0,0.0,0.0,0.0,0.0,0.0,0.0,0.0,0.0,0.0,0
1786496256,809490680,100.0,-1.720034424458639,-1.7037928740130823,-1.1327136198626917,-4.617758814488546,-4.890459958706991,0.6930469870567322,0.0,-0.0,0.0,0.0,0.0,0.0,0.0,0.0,0.0,0.0,0.0,0.0,0
1786496256,828847885,100.0,-1.7200225035296839,-1.7038291136371058,-1.1327016989337366,-4.6177948156939905,-4.890459958706991,0.6930230259895325,0.0,-0.0,0.0,0.0,0.0,0.0,0.0,0.0,0.0,0.0,0.0,0.0,0
1786496256,849373579,100.0,-1.7199981848346155,-1.703852955495016,-1.1327136198626917,-4.617710892354147,-4.890399638806478,0.693058967590332,0.0,-0.0,0.0,0.0,0.0,0.0,0.0,0.0,0.0,0.0,0.0,0.0,0
1786496256,868781805,100.0,-1.720046345387594,-1.7038410345660608,-1.132749382649557,-4.617758814488546,-4.890447918568746,0.6930469870567322,0.0,-0.0,0.0,0.0,0.0,0.0,0.0,0.0,0.0,0.0,0.0,0.0,0
1786496256,889210224,100.0,-1.7200225035296839,-1.7038291136371058,-1.1327136198626917,-4.6177348534213465,-4.890412036572592,0.6930469870567322,0.0,-0.0,0.0,0.0,0.0,0.0,0.0,0.0,0.0,0.0,0.0,0.0,0
1786496256,908801794,100.0,-1.7200225035296839,-1.7038291136371058,-1.132749382649557,-4.617770854626791,-4.890435997639791,0.6930110454559326,0.0,-0.0,0.0,0.0,0.0,0.0,0.0,0.0,0.0,0.0,0.0,0.0,0
1786496256,928977489,100.0,-1.7200105826007288,-1.703852955495016,-1.1326773802386683,-4.6177348534213465,-4.890399638806478,0.6930469870567322,0.0,-0.0,0.0,0.0,0.0,0.0,0.0,0.0,0.0,0.0,0.0,0.0,0
1786496256,948854684,100.0,-1.7200105826007288,-1.7038291136371058,-1.132749382649557,-4.6177948156939905,-4.890447918568746,0.6930469870567322,0.0,-0.0,0.0,0.0,0.0,0.0,0.0,0.0,0.0,0.0,0.0,0.0,0
1786496256,968915700,100.0,-1.7200701872455042,-1.7038052717791956,-1.132749382649557,-4.617770854626791,-4.890423957501547,0.6930350065231323,0.0,-0.0,0.0,0.0,0.0,0.0,0.0,0.0,0.0,0.0,0.0,0.0,0
1786496256,988826036,100.0,-1.720034424458639,-1.7038052717791956,-1.1326897780047815,-4.617758814488546,-4.890387598668234,0.6930230259895325,0.0,-0.0,0.0,0.0,0.0,0.0,0.0,0.0,0.0,0.0,0.0,0.0,0
1786496257,9443759,100.0,-1.720034424458639,-1.7038410345660608,-1.1327255407916468,-4.6177828947650355,-4.890399638806478,0.693058967590332,0.0,-0.0,0.0,0.0,0.0,0.0,0.0,0.0,0.0,0.0,0.0,0.0,0
1786496257,28757333,100.0,-1.720034424458639,-1.7038291136371058,-1.1327255407916468,-4.617770854626791,-4.890447918568746,0.6929990649223328,0.0,-0.0,0.0,0.0,0.0,0.0,0.0,0.0,0.0,0.0,0.0,0.0,0
1786496257,49403429,100.0,-1.720046345387594,-1.7038167158709925,-1.1327016989337366,-4.6177828947650355,-4.890399638806478,0.6930350065231323,0.0,-0.0,0.0,0.0,0.0,0.0,0.0,0.0,0.0,0.0,0.0,0.0,0
1786496257,68692207,100.0,-1.7199743429767054,-1.7037928740130823,-1.1327016989337366,-4.617722932492391,-4.890435997639791,0.6930350065231323,0.0,-0.0,0.0,0.0,0.0,0.0,0.0,0.0,0.0,0.0,0.0,0.0,0
1786496257,88959455,100.0,-1.7200821081744593,-1.7037690321551722,-1.1327737013446253,-4.6177348534213465,-4.890399638806478,0.6930709481239319,0.0,-0.0,0.0,0.0,0.0,0.0,0.0,0.0,0.0,0.0,0.0,0.0,0
1786496257,108860492,100.0,-1.7199862639056605,-1.703864876423971,-1.1327374617206019,-4.6177348534213465,-4.890387598668234,0.693058967590332,0.0,-0.0,0.0,0.0,0.0,0.0,0.0,0.0,0.0,0.0,0.0,0.0,0
1786496257,128947496,100.0,-1.7200582663165491,-1.7038291136371058,-1.132749382649557,-4.617770854626791,-4.890399638806478,0.6930230259895325,0.0,-0.0,0.0,0.0,0.0,0.0,0.0,0.0,0.0,0.0,0.0,0.0,0
1786496257,148992061,100.0,-1.7200105826007288,-1.7037809530841272,-1.1327255407916468,-4.617758814488546,-4.890435997639791,0.6930350065231323,0.0,-0.0,0.0,0.0,0.0,0.0,0.0,0.0,0.0,0.0,0.0,0.0,0
1786496257,169021606,100.0,-1.7200582663165491,-1.7037690321551722,-1.1327737013446253,-4.6177828947650355,-4.890435997639791,0.6930110454559326,0.0,-0.0,0.0,0.0,0.0,0.0,0.0,0.0,0.0,0.0,0.0,0.0,0
1786496257,188802003,100.0,-1.7200105826007288,-1.7038052717791956,-1.1327136198626917,-4.617758814488546,-4.890447918568746,0.6930110454559326,0.0,-0.0,0.0,0.0,0.0,0.0,0.0,0.0,0.0,0.0,0.0,0.0,0
1786496257,209131717,100.0,-1.7199624220477503,-1.7038291136371058,-1.132761303578512,-4.617746893559591,-4.890447918568746,0.6930110454559326,0.0,-0.0,0.0,0.0,0.0,0.0,0.0,0.0,0.0,0.0,0.0,0.0,0
1786496257,228780746,100.0,-1.7200105826007288,-1.7038291136371058,-1.1327255407916468,-4.6177828947650355,-4.890447918568746,0.6930110454559326,0.0,-0.0,0.0,0.0,0.0,0.0,0.0,0.0,0.0,0.0,0.0,0.0,0
1786496257,249151468,100.0,-1.720034424458639,-1.7037809530841272,-1.1327136198626917,-4.6177348534213465,-4.890459958706991,0.6930350065231323,0.0,-0.0,0.0,0.0,0.0,0.0,0.0,0.0,0.0,0.0,0.0,0.0,0
1786496257,268745660,100.0,-1.720034424458639,-1.7037690321551722,-1.1327255407916468,-4.617758814488546,-4.890447918568746,0.6930110454559326,0.0,-0.0,0.0,0.0,0.0,0.0,0.0,0.0,0.0,0.0,0.0,0.0,0
1786496257,289026737,100.0,-1.7200225035296839,-1.7038410345660608,-1.1326773802386683,-4.617770854626791,-4.890435997639791,0.6930709481239319,0.0,-0.0,0.0,0.0,0.0,0.0,0.0,0.0,0.0,0.0,0.0,0.0,0
1786496257,308826208,100.0,-1.7200582663165491,-1.703757111226217,-1.1327737013446253,-4.617758814488546,-4.890483919774191,0.6930469870567322,0.0,-0.0,0.0,0.0,0.0,0.0,0.0,0.0,0.0,0.0,0.0,0.0,0
1786496257,328960180,100.0,-1.7200105826007288,-1.7037690321551722,-1.1327374617206019,-4.617698971425192,-4.890459958706991,0.6929990649223328,0.0,-0.0,0.0,0.0,0.0,0.0,0.0,0.0,0.0,0.0,0.0,0.0,0
1786496257,348916292,100.0,-1.7200105826007288,-1.7037809530841272,-1.1327255407916468,-4.617770854626791,-4.890447918568746,0.6930110454559326,0.0,-0.0,0.0,0.0,0.0,0.0,0.0,0.0,0.0,0.0,0.0,0.0,0
1786496257,369087934,100.0,-1.720034424458639,-1.7037928740130823,-1.132761303578512,-4.617746893559591,-4.890447918568746,0.6930230259895325,0.0,-0.0,0.0,0.0,0.0,0.0,0.0,0.0,0.0,0.0,0.0,0.0,0
1786496257,388812065,100.0,-1.7199981848346155,-1.7038052717791956,-1.1327737013446253,-4.617758814488546,-4.890412036572592,0.6930110454559326,0.0,-0.0,0.0,0.0,0.0,0.0,0.0,0.0,0.0,0.0,0.0,0.0,0
1786496257,409005403,100.0,-1.7200225035296839,-1.7038167158709925,-1.132749382649557,-4.617758814488546,-4.890412036572592,0.6930110454559326,0.0,-0.0,0.0,0.0,0.0,0.0,0.0,0.0,0.0,0.0,0.0,0.0,0
1786496257,428766965,100.0,-1.7199981848346155,-1.7038167158709925,-1.132749382649557,-4.617746893559591,-4.890435997639791,0.6930230259895325,0.0,-0.0,0.0,0.0,0.0,0.0,0.0,0.0,0.0,0.0,0.0,0.0,0
1786496257,449287176,100.0,-1.720034424458639,-1.703852955495016,-1.1327136198626917,-4.6177348534213465,-4.890435997639791,0.6930709481239319,0.0,-0.0,0.0,0.0,0.0,0.0,0.0,0.0,0.0,0.0,0.0,0.0,0
1786496257,468707799,100.0,-1.7200105826007288,-1.7038052717791956,-1.1327255407916468,-4.617758814488546,-4.890423957501547,0.6930230259895325,0.0,-0.0,0.0,0.0,0.0,0.0,0.0,0.0,0.0,0.0,0.0,0.0,0
1786496257,488922595,100.0,-1.720034424458639,-1.7037690321551722,-1.1327374617206019,-4.617746893559591,-4.890412036572592,0.6930829286575317,0.0,-0.0,0.0,0.0,0.0,0.0,0.0,0.0,0.0,0.0,0.0,0.0,0
1786496257,508798837,100.0,-1.7199981848346155,-1.7038052717791956,-1.1327737013446253,-4.617746893559591,-4.890471879635946,0.6930469870567322,0.0,-0.0,0.0,0.0,0.0,0.0,0.0,0.0,0.0,0.0,0.0,0.0,0
1786496257,528964757,100.0,-1.7200225035296839,-1.7038167158709925,-1.1327136198626917,-4.6177828947650355,-4.890435997639791,0.6930949091911316,0.0,-0.0,0.0,0.0,0.0,0.0,0.0,0.0,0.0,0.0,0.0,0.0,0
1786496257,548904418,100.0,-1.7200105826007288,-1.7038410345660608,-1.1327255407916468,-4.6177828947650355,-4.890423957501547,0.6930350065231323,0.0,-0.0,0.0,0.0,0.0,0.0,0.0,0.0,0.0,0.0,0.0,0.0,0
1786496257,569198846,100.0,-1.7199981848346155,-1.7038167158709925,-1.1327737013446253,-4.617758814488546,-4.890447918568746,0.6929990649223328,0.0,-0.0,0.0,0.0,0.0,0.0,0.0,0.0,0.0,0.0,0.0,0.0,0
1786496257,588796138,100.0,-1.720034424458639,-1.7037690321551722,-1.1327016989337366,-4.6177348534213465,-4.890399638806478,0.6930110454559326,0.0,-0.0,0.0,0.0,0.0,0.0,0.0,0.0,0.0,0.0,0.0,0.0,0
1786496257,609038352,100.0,-1.7200582663165491,-1.703864876423971,-1.1327374617206019,-4.617746893559591,-4.890447918568746,0.6930469870567322,0.0,-0.0,0.0,0.0,0.0,0.0,0.0,0.0,0.0,0.0,0.0,0.0,0
1786496257,628760337,100.0,-1.7200225035296839,-1.7037690321551722,-1.1326659361468714,-4.617758814488546,-4.890471879635946,0.6930469870567322,0.0,-0.0,0.0,0.0,0.0,0.0,0.0,0.0,0.0,0.0,0.0,0.0,0
1786496257,649158954,100.0,-1.7200225035296839,-1.7038167158709925,-1.1327374617206019,-4.6177348534213465,-4.890412036572592,0.6929870843887329,0.0,-0.0,0.0,0.0,0.0,0.0,0.0,0.0,0.0,0.0,0.0,0.0,0
1786496257,668791770,100.0,-1.7200582663165491,-1.7037928740130823,-1.1327255407916468,-4.617746893559591,-4.890471879635946,0.6930230259895325,0.0,-0.0,0.0,0.0,0.0,0.0,0.0,0.0,0.0,0.0,0.0,0.0,0
1786496257,688932180,100.0,-1.7200582663165491,-1.7038167158709925,-1.1327016989337366,-4.6177348534213465,-4.890412036572592,0.6930230259895325,0.0,-0.0,0.0,0.0,0.0,0.0,0.0,0.0,0.0,0.0,0.0,0.0,0
1786496257,708814382,100.0,-1.7199862639056605,-1.703864876423971,-1.1327016989337366,-4.617806855832235,-4.890435997639791,0.6930709481239319,0.0,-0.0,0.0,0.0,0.0,0.0,0.0,0.0,0.0,0.0,0.0,0.0,0
1786496257,729050636,100.0,-1.7199981848346155,-1.7038052717791956,-1.132749382649557,-4.617758814488546,-4.890447918568746,0.6930469870567322,0.0,-0.0,0.0,0.0,0.0,0.0,0.0,0.0,0.0,0.0,0.0,0.0,0
1786496257,748849630,100.0,-1.7199743429767054,-1.7038291136371058,-1.1327136198626917,-4.6177828947650355,-4.890447918568746,0.6930469870567322,0.0,-0.0,0.0,0.0,0.0,0.0,0.0,0.0,0.0,0.0,0.0,0.0,0
1786496257,768932342,100.0,-1.720034424458639,-1.7038167158709925,-1.132761303578512,-4.617746893559591,-4.890447918568746,0.6929990649223328,0.0,-0.0,0.0,0.0,0.0,0.0,0.0,0.0,0.0,0.0,0.0,0.0,0
1786496257,788748741,100.0,-1.7199624220477503,-1.7037928740130823,-1.132749382649557,-4.617710892354147,-4.890435997639791,0.6930469870567322,0.0,-0.0,0.0,0.0,0.0,0.0,0.0,0.0,0.0,0.0,0.0,0.0,0
1786496257,809202194,100.0,-1.7199862639056605,-1.7038291136371058,-1.1327856222735804,-4.6177348534213465,-4.890412036572592,0.6930230259895325,0.0,-0.0,0.0,0.0,0.0,0.0,0.0,0.0,0.0,0.0,0.0,0.0,0
1786496257,828783512,100.0,-1.7200225035296839,-1.7038291136371058,-1.132749382649557,-4.617758814488546,-4.890423957501547,0.6930350065231323,0.0,-0.0,0.0,0.0,0.0,0.0,0.0,0.0,0.0,0.0,0.0,0.0,0
1786496257,849443674,100.0,-1.7199981848346155,-1.7038167158709925,-1.1327136198626917,-4.6177348534213465,-4.890471879635946,0.693058967590332,0.0,-0.0,0.0,0.0,0.0,0.0,0.0,0.0,0.0,0.0,0.0,0.0,0
1786496257,868868827,100.0,-1.7199981848346155,-1.7037809530841272,-1.132749382649557,-4.617770854626791,-4.890375677739279,0.6930110454559326,0.0,-0.0,0.0,0.0,0.0,0.0,0.0,0.0,0.0,0.0,0.0,0.0,0
1786496257,889654874,100.0,-1.7200105826007288,-1.7037928740130823,-1.132749382649557,-4.6177948156939905,-4.890447918568746,0.6929990649223328,0.0,-0.0,0.0,0.0,0.0,0.0,0.0,0.0,0.0,0.0,0.0,0.0,0
1786496257,908749580,100.0,-1.7200105826007288,-1.7037928740130823,-1.1327255407916468,-4.617722932492391,-4.890459958706991,0.693058967590332,0.0,-0.0,0.0,0.0,0.0,0.0,0.0,0.0,0.0,0.0,0.0,0.0,0
1786496257,928999423,100.0,-1.7200225035296839,-1.7038167158709925,-1.132749382649557,-4.617746893559591,-4.890399638806478,0.6930110454559326,0.0,-0.0,0.0,0.0,0.0,0.0,0.0,0.0,0.0,0.0,0.0,0.0,0
1786496257,948810338,100.0,-1.7200105826007288,-1.7037809530841272,-1.1327374617206019,-4.6177828947650355,-4.890447918568746,0.6930110454559326,0.0,-0.0,0.0,0.0,0.0,0.0,0.0,0.0,0.0,0.0,0.0,0.0,0
1786496257,968878269,100.0,-1.720046345387594,-1.7038052717791956,-1.1327374617206019,-4.617770854626791,-4.890447918568746,0.693058967590332,0.0,-0.0,0.0,0.0,0.0,0.0,0.0,0.0,0.0,0.0,0.0,0.0,0
1786496257,988845348,100.0,-1.7200225035296839,-1.7038052717791956,-1.1327136198626917,-4.6177828947650355,-4.890399638806478,0.6930469870567322,0.0,-0.0,0.0,0.0,0.0,0.0,0.0,0.0,0.0,0.0,0.0,0.0,0
1786496258,8962631,100.0,-1.7199981848346155,-1.7038167158709925,-1.1327255407916468,-4.617770854626791,-4.890423957501547,0.6930829286575317,0.0,-0.0,0.0,0.0,0.0,0.0,0.0,0.0,0.0,0.0,0.0,0.0,0
1786496258,28954029,100.0,-1.720034424458639,-1.7038291136371058,-1.1327374617206019,-4.6177948156939905,-4.890412036572592,0.693058967590332,0.0,-0.0,0.0,0.0,0.0,0.0,0.0,0.0,0.0,0.0,0.0,0.0,0
1786496258,49172163,100.0,-1.7199981848346155,-1.703757111226217,-1.1327374617206019,-4.617770854626791,-4.890399638806478,0.6930110454559326,0.0,-0.0,0.0,0.0,0.0,0.0,0.0,0.0,0.0,0.0,0.0,0.0,0
1786496258,68826436,100.0,-1.7200105826007288,-1.7038167158709925,-1.1327255407916468,-4.617698971425192,-4.890412036572592,0.6929990649223328,0.0,-0.0,0.0,0.0,0.0,0.0,0.0,0.0,0.0,0.0,0.0,0.0,0
1786496258,89743137,100.0,-1.7200701872455042,-1.7038052717791956,-1.1327255407916468,-4.617758814488546,-4.890435997639791,0.6930110454559326,0.0,-0.0,0.0,0.0,0.0,0.0,0.0,0.0,0.0,0.0,0.0,0.0,0
1786496258,108762979,100.0,-1.7200225035296839,-1.7038052717791956,-1.1327856222735804,-4.617770854626791,-4.890423957501547,0.6930709481239319,0.0,-0.0,0.0,0.0,0.0,0.0,0.0,0.0,0.0,0.0,0.0,0.0,0
1786496258,129124641,100.0,-1.7200225035296839,-1.7038052717791956,-1.1327374617206019,-4.617770854626791,-4.890412036572592,0.6930350065231323,0.0,-0.0,0.0,0.0,0.0,0.0,0.0,0.0,0.0,0.0,0.0,0.0,0
1786496258,148852109,100.0,-1.7199862639056605,-1.703864876423971,-1.132749382649557,-4.6177948156939905,-4.890459958706991,0.6930110454559326,0.0,-0.0,0.0,0.0,0.0,0.0,0.0,0.0,0.0,0.0,0.0,0.0,0
1786496258,169173002,100.0,-1.7200105826007288,-1.7038291136371058,-1.132761303578512,-4.6177348534213465,-4.890471879635946,0.693058967590332,0.0,-0.0,0.0,0.0,0.0,0.0,0.0,0.0,0.0,0.0,0.0,0.0,0
1786496258,188809633,100.0,-1.720046345387594,-1.7038291136371058,-1.132761303578512,-4.617758814488546,-4.890399638806478,0.6930469870567322,0.0,-0.0,0.0,0.0,0.0,0.0,0.0,0.0,0.0,0.0,0.0,0.0,0
1786496258,209435224,100.0,-1.7200225035296839,-1.7038410345660608,-1.1327136198626917,-4.617722932492391,-4.890435997639791,0.6930709481239319,0.0,-0.0,0.0,0.0,0.0,0.0,0.0,0.0,0.0,0.0,0.0,0.0,0
1786496258,228796005,100.0,-1.7200105826007288,-1.7038167158709925,-1.1327255407916468,-4.617758814488546,-4.890471879635946,0.6930230259895325,0.0,-0.0,0.0,0.0,0.0,0.0,0.0,0.0,0.0,0.0,0.0,0.0,0
1786496258,249180078,100.0,-1.7200105826007288,-1.703876797352926,-1.132761303578512,-4.617830816899435,-4.890447918568746,0.693058967590332,0.0,-0.0,0.0,0.0,0.0,0.0,0.0,0.0,0.0,0.0,0.0,0.0,0
1786496258,268776655,100.0,-1.7200105826007288,-1.703757111226217,-1.1327374617206019,-4.617746893559591,-4.890423957501547,0.6930230259895325,0.0,-0.0,0.0,0.0,0.0,0.0,0.0,0.0,0.0,0.0,0.0,0.0,0
1786496258,288913965,100.0,-1.7200105826007288,-1.7037928740130823,-1.1327016989337366,-4.617758814488546,-4.890412036572592,0.6930469870567322,0.0,-0.0,0.0,0.0,0.0,0.0,0.0,0.0,0.0,0.0,0.0,0.0,0
1786496258,308803081,100.0,-1.7200225035296839,-1.7038291136371058,-1.1326897780047815,-4.617770854626791,-4.890423957501547,0.6930469870567322,0.0,-0.0,0.0,0.0,0.0,0.0,0.0,0.0,0.0,0.0,0.0,0.0,0
1786496258,329119682,100.0,-1.7199862639056605,-1.7038167158709925,-1.1327374617206019,-4.6177828947650355,-4.890447918568746,0.6930469870567322,0.0,-0.0,0.0,0.0,0.0,0.0,0.0,0.0,0.0,0.0,0.0,0.0,0
1786496258,348924160,100.0,-1.720046345387594,-1.7038410345660608,-1.1327374617206019,-4.6177348534213465,-4.890423957501547,0.693058967590332,0.0,-0.0,0.0,0.0,0.0,0.0,0.0,0.0,0.0,0.0,0.0,0.0,0
1786496258,369251012,100.0,-1.7200225035296839,-1.7038167158709925,-1.1327136198626917,-4.617746893559591,-4.890423957501547,0.6930469870567322,0.0,-0.0,0.0,0.0,0.0,0.0,0.0,0.0,0.0,0.0,0.0,0.0,0
1786496258,388850212,100.0,-1.7199862639056605,-1.7038052717791956,-1.1327136198626917,-4.617770854626791,-4.890447918568746,0.693058967590332,0.0,-0.0,0.0,0.0,0.0,0.0,0.0,0.0,0.0,0.0,0.0,0.0,0
1786496258,408933401,100.0,-1.720046345387594,-1.7037928740130823,-1.1327255407916468,-4.617830816899435,-4.890471879635946,0.6929990649223328,0.0,-0.0,0.0,0.0,0.0,0.0,0.0,0.0,0.0,0.0,0.0,0.0,0
1786496258,428766727,100.0,-1.7200225035296839,-1.7037809530841272,-1.1327016989337366,-4.6177948156939905,-4.890423957501547,0.6930469870567322,0.0,-0.0,0.0,0.0,0.0,0.0,0.0,0.0,0.0,0.0,0.0,0.0,0
1786496258,449217796,100.0,-1.7199624220477503,-1.7038410345660608,-1.132761303578512,-4.6177348534213465,-4.890423957501547,0.6930230259895325,0.0,-0.0,0.0,0.0,0.0,0.0,0.0,0.0,0.0,0.0,0.0,0.0,0
1786496258,468763113,100.0,-1.7199743429767054,-1.7038052717791956,-1.132749382649557,-4.617746893559591,-4.890412036572592,0.6929870843887329,0.0,-0.0,0.0,0.0,0.0,0.0,0.0,0.0,0.0,0.0,0.0,0.0,0
1786496258,489177942,100.0,-1.720034424458639,-1.7038410345660608,-1.1327255407916468,-4.617758814488546,-4.890412036572592,0.6930469870567322,0.0,-0.0,0.0,0.0,0.0,0.0,0.0,0.0,0.0,0.0,0.0,0.0,0
1786496258,508797168,100.0,-1.7200105826007288,-1.7038052717791956,-1.1327255407916468,-4.617770854626791,-4.890399638806478,0.6930110454559326,0.0,-0.0,0.0,0.0,0.0,0.0,0.0,0.0,0.0,0.0,0.0,0.0,0
1786496258,529074430,100.0,-1.7200821081744593,-1.7038291136371058,-1.132749382649557,-4.617746893559591,-4.890447918568746,0.6930469870567322,0.0,-0.0,0.0,0.0,0.0,0.0,0.0,0.0,0.0,0.0,0.0,0.0,0
1786496258,548877477,100.0,-1.7200105826007288,-1.7038167158709925,-1.1327255407916468,-4.617770854626791,-4.890447918568746,0.6930469870567322,0.0,-0.0,0.0,0.0,0.0,0.0,0.0,0.0,0.0,0.0,0.0,0.0,0
1786496258,569566965,100.0,-1.7199862639056605,-1.7038052717791956,-1.1327136198626917,-4.617746893559591,-4.890375677739279,0.6930230259895325,0.0,-0.0,0.0,0.0,0.0,0.0,0.0,0.0,0.0,0.0,0.0,0.0,0
1786496258,588757514,100.0,-1.7200582663165491,-1.7037928740130823,-1.1327016989337366,-4.6177348534213465,-4.890423957501547,0.6930350065231323,0.0,-0.0,0.0,0.0,0.0,0.0,0.0,0.0,0.0,0.0,0.0,0.0,0
1786496258,609098672,100.0,-1.7200225035296839,-1.7038291136371058,-1.1327255407916468,-4.617770854626791,-4.890423957501547,0.6930469870567322,0.0,-0.0,0.0,0.0,0.0,0.0,0.0,0.0,0.0,0.0,0.0,0.0,0
1786496258,628767490,100.0,-1.7199743429767054,-1.7037928740130823,-1.132749382649557,-4.617746893559591,-4.890399638806478,0.6930350065231323,0.0,-0.0,0.0,0.0,0.0,0.0,0.0,0.0,0.0,0.0,0.0,0.0,0
1786496258,649330139,100.0,-1.7200105826007288,-1.703757111226217,-1.1327255407916468,-4.617758814488546,-4.890412036572592,0.6930709481239319,0.0,-0.0,0.0,0.0,0.0,0.0,0.0,0.0,0.0,0.0,0.0,0.0,0
1786496258,668745994,100.0,-1.7200105826007288,-1.703757111226217,-1.1327374617206019,-4.6177348534213465,-4.890412036572592,0.6930469870567322,0.0,-0.0,0.0,0.0,0.0,0.0,0.0,0.0,0.0,0.0,0.0,0.0,0
1786496258,688988447,100.0,-1.7200105826007288,-1.7038052717791956,-1.1326897780047815,-4.6177348534213465,-4.890399638806478,0.6930469870567322,0.0,-0.0,0.0,0.0,0.0,0.0,0.0,0.0,0.0,0.0,0.0,0.0,0
1786496258,708807468,100.0,-1.7200582663165491,-1.7038167158709925,-1.1327374617206019,-4.617770854626791,-4.890387598668234,0.693058967590332,0.0,-0.0,0.0,0.0,0.0,0.0,0.0,0.0,0.0,0.0,0.0,0.0,0
1786496258,729068994,100.0,-1.720034424458639,-1.7037809530841272,-1.1327374617206019,-4.617770854626791,-4.890459958706991,0.6930110454559326,0.0,-0.0,0.0,0.0,0.0,0.0,0.0,0.0,0.0,0.0,0.0,0.0,0
1786496258,748925447,100.0,-1.7200225035296839,-1.7038052717791956,-1.1327374617206019,-4.617758814488546,-4.890423957501547,0.6930110454559326,0.0,-0.0,0.0,0.0,0.0,0.0,0.0,0.0,0.0,0.0,0.0,0.0,0
1786496258,769144535,100.0,-1.7199981848346155,-1.7037928740130823,-1.1327255407916468,-4.617806855832235,-4.890459958706991,0.693058967590332,0.0,-0.0,0.0,0.0,0.0,0.0,0.0,0.0,0.0,0.0,0.0,0.0,0
1786496258,788846015,100.0,-1.7200225035296839,-1.7038291136371058,-1.132749382649557,-4.617758814488546,-4.890459958706991,0.6930469870567322,0.0,-0.0,0.0,0.0,0.0,0.0,0.0,0.0,0.0,0.0,0.0,0.0,0
1786496258,809022903,100.0,-1.7200105826007288,-1.7038052717791956,-1.132749382649557,-4.617722932492391,-4.890435997639791,0.6930110454559326,0.0,-0.0,0.0,0.0,0.0,0.0,0.0,0.0,0.0,0.0,0.0,0.0,0
1786496258,828748226,100.0,-1.7199624220477503,-1.7038410345660608,-1.1327016989337366,-4.6177348534213465,-4.890435997639791,0.6930350065231323,0.0,-0.0,0.0,0.0,0.0,0.0,0.0,0.0,0.0,0.0,0.0,0.0,0
1786496258,849260091,100.0,-1.720034424458639,-1.7038291136371058,-1.1327255407916468,-4.6177828947650355,-4.890423957501547,0.6930110454559326,0.0,-0.0,0.0,0.0,0.0,0.0,0.0,0.0,0.0,0.0,0.0,0.0,0
1786496258,868774414,100.0,-1.720046345387594,-1.7038410345660608,-1.1327136198626917,-4.617746893559591,-4.890399638806478,0.6930230259895325,0.0,-0.0,0.0,0.0,0.0,0.0,0.0,0.0,0.0,0.0,0.0,0.0,0
1786496258,888777017,100.0,-1.720034424458639,-1.7038167158709925,-1.132749382649557,-4.6177348534213465,-4.890423957501547,0.6929990649223328,0.0,-0.0,0.0,0.0,0.0,0.0,0.0,0.0,0.0,0.0,0.0,0.0,0
1786496258,908833026,100.0,-1.7199981848346155,-1.7037928740130823,-1.1327016989337366,-4.6177828947650355,-4.890399638806478,0.6930110454559326,0.0,-0.0,0.0,0.0,0.0,0.0,0.0,0.0,0.0,0.0,0.0,0.0,0
1786496258,929482936,100.0,-1.7200225035296839,-1.7038167158709925,-1.132749382649557,-4.6177348534213465,-4.890471879635946,0.6930230259895325,0.0,-0.0,0.0,0.0,0.0,0.0,0.0,0.0,0.0,0.0,0.0,0.0,0
1786496258,948822259,100.0,-1.720046345387594,-1.7037809530841272,-1.1327374617206019,-4.617770854626791,-4.890471879635946,0.6930469870567322,0.0,-0.0,0.0,0.0,0.0,0.0,0.0,0.0,0.0,0.0,0.0,0.0,0
1786496258,969335556,100.0,-1.7200105826007288,-1.703852955495016,-1.1327016989337366,-4.617746893559591,-4.890423957501547,0.6930469870567322,0.0,-0.0,0.0,0.0,0.0,0.0,0.0,0.0,0.0,0.0,0.0,0.0,0
1786496258,988764047,100.0,-1.720046345387594,-1.7037809530841272,-1.1327136198626917,-4.617722932492391,-4.890412036572592,0.6929751038551331,0.0,-0.0,0.0,0.0,0.0,0.0,0.0,0.0,0.0,0.0,0.0,0.0,0
1786496259,8981227,100.0,-1.7199981848346155,-1.7038167158709925,-1.1327255407916468,-4.617758814488546,-4.890459958706991,0.693058967590332,0.0,-0.0,0.0,0.0,0.0,0.0,0.0,0.0,0.0,0.0,0.0,0.0,0
1786496259,28811931,100.0,-1.7199624220477503,-1.7037690321551722,-1.132761303578512,-4.6177828947650355,-4.890447918568746,0.6930350065231323,0.0,-0.0,0.0,0.0,0.0,0.0,0.0,0.0,0.0,0.0,0.0,0.0,0
1786496259,48900365,100.0,-1.7200105826007288,-1.7038167158709925,-1.132761303578512,-4.6177828947650355,-4.890412036572592,0.6930230259895325,0.0,-0.0,0.0,0.0,0.0,0.0,0.0,0.0,0.0,0.0,0.0,0.0,0
1786496259,68900108,100.0,-1.720034424458639,-1.7038410345660608,-1.1327255407916468,-4.6177948156939905,-4.890412036572592,0.6930350065231323,0.0,-0.0,0.0,0.0,0.0,0.0,0.0,0.0,0.0,0.0,0.0,0.0,0
1786496259,89538812,100.0,-1.7200225035296839,-1.703757111226217,-1.1326897780047815,-4.6177948156939905,-4.890447918568746,0.6930230259895325,0.0,-0.0,0.0,0.0,0.0,0.0,0.0,0.0,0.0,0.0,0.0,0.0,0
1786496259,108721256,100.0,-1.7200105826007288,-1.7038052717791956,-1.132749382649557,-4.6177828947650355,-4.890412036572592,0.6929990649223328,0.0,-0.0,0.0,0.0,0.0,0.0,0.0,0.0,0.0,0.0,0.0,0.0,0
1786496259,129364013,100.0,-1.7199981848346155,-1.703876797352926,-1.1327136198626917,-4.617770854626791,-4.890423957501547,0.6930469870567322,0.0,-0.0,0.0,0.0,0.0,0.0,0.0,0.0,0.0,0.0,0.0,0.0,0
1786496259,148830175,100.0,-1.7200105826007288,-1.7038167158709925,-1.132761303578512,-4.6177348534213465,-4.890435997639791,0.6930110454559326,0.0,-0.0,0.0,0.0,0.0,0.0,0.0,0.0,0.0,0.0,0.0,0.0,0
1786496259,168899059,100.0,-1.7200225035296839,-1.7038052717791956,-1.1327374617206019,-4.617746893559591,-4.890447918568746,0.6930709481239319,0.0,-0.0,0.0,0.0,0.0,0.0,0.0,0.0,0.0,0.0,0.0,0.0,0
1786496259,188779354,100.0,-1.7199862639056605,-1.7037928740130823,-1.1327374617206019,-4.617722932492391,-4.890447918568746,0.6929870843887329,0.0,-0.0,0.0,0.0,0.0,0.0,0.0,0.0,0.0,0.0,0.0,0.0,0
1786496259,208953857,100.0,-1.7199981848346155,-1.703852955495016,-1.1327255407916468,-4.6177348534213465,-4.890459958706991,0.693058967590332,0.0,-0.0,0.0,0.0,0.0,0.0,0.0,0.0,0.0,0.0,0.0,0.0,0
1786496259,228799819,100.0,-1.7199981848346155,-1.7037928740130823,-1.1327136198626917,-4.617770854626791,-4.890399638806478,0.6930110454559326,0.0,-0.0,0.0,0.0,0.0,0.0,0.0,0.0,0.0,0.0,0.0,0.0,0
1786496259,249079465,100.0,-1.7200225035296839,-1.7038167158709925,-1.1327374617206019,-4.617710892354147,-4.890399638806478,0.6929990649223328,0.0,-0.0,0.0,0.0,0.0,0.0,0.0,0.0,0.0,0.0,0.0,0.0,0
1786496259,268863201,100.0,-1.7200582663165491,-1.7038052717791956,-1.132749382649557,-4.617770854626791,-4.890412036572592,0.693058967590332,0.0,-0.0,0.0,0.0,0.0,0.0,0.0,0.0,0.0,0.0,0.0,0.0,0
1786496259,289053916,100.0,-1.720034424458639,-1.7038167158709925,-1.1327255407916468,-4.6177348534213465,-4.890423957501547,0.6930709481239319,0.0,-0.0,0.0,0.0,0.0,0.0,0.0,0.0,0.0,0.0,0.0,0.0,0
1786496259,308739900,100.0,-1.7199862639056605,-1.7038410345660608,-1.1327374617206019,-4.617806855832235,-4.890447918568746,0.6930709481239319,0.0,-0.0,0.0,0.0,0.0,0.0,0.0,0.0,0.0,0.0,0.0,0.0,0
1786496259,329406976,100.0,-1.7199862639056605,-1.7037928740130823,-1.132761303578512,-4.617710892354147,-4.890447918568746,0.6929990649223328,0.0,-0.0,0.0,0.0,0.0,0.0,0.0,0.0,0.0,0.0,0.0,0.0,0
1786496259,348948240,100.0,-1.720046345387594,-1.7037809530841272,-1.1326897780047815,-4.6177948156939905,-4.890412036572592,0.6930829286575317,0.0,-0.0,0.0,0.0,0.0,0.0,0.0,0.0,0.0,0.0,0.0,0.0,0
1786496259,369313716,100.0,-1.720034424458639,-1.7038167158709925,-1.1327016989337366,-4.6177948156939905,-4.890447918568746,0.6930469870567322,0.0,-0.0,0.0,0.0,0.0,0.0,0.0,0.0,0.0,0.0,0.0,0.0,0
1786496259,388775587,100.0,-1.7200105826007288,-1.7038167158709925,-1.132749382649557,-4.617746893559591,-4.890387598668234,0.6930110454559326,0.0,-0.0,0.0,0.0,0.0,0.0,0.0,0.0,0.0,0.0,0.0,0.0,0
1786496259,408926963,100.0,-1.7200105826007288,-1.703852955495016,-1.1327016989337366,-4.617758814488546,-4.890459958706991,0.693058967590332,0.0,-0.0,0.0,0.0,0.0,0.0,0.0,0.0,0.0,0.0,0.0,0.0,0
1786496259,428758859,100.0,-1.720046345387594,-1.7038167158709925,-1.1327255407916468,-4.617722932492391,-4.890435997639791,0.6930350065231323,0.0,-0.0,0.0,0.0,0.0,0.0,0.0,0.0,0.0,0.0,0.0,0.0,0
1786496259,449051618,100.0,-1.7200225035296839,-1.7038410345660608,-1.1327374617206019,-4.617770854626791,-4.890412036572592,0.6930469870567322,0.0,-0.0,0.0,0.0,0.0,0.0,0.0,0.0,0.0,0.0,0.0,0.0,0
1786496259,468816041,100.0,-1.720046345387594,-1.7037690321551722,-1.132761303578512,-4.6177948156939905,-4.890399638806478,0.6930709481239319,0.0,-0.0,0.0,0.0,0.0,0.0,0.0,0.0,0.0,0.0,0.0,0.0,0
1786496259,488889932,100.0,-1.7199981848346155,-1.7037928740130823,-1.1327016989337366,-4.617722932492391,-4.890423957501547,0.6930709481239319,0.0,-0.0,0.0,0.0,0.0,0.0,0.0,0.0,0.0,0.0,0.0,0.0,0
1786496259,508879184,100.0,-1.720046345387594,-1.7037928740130823,-1.1326897780047815,-4.617770854626791,-4.890447918568746,0.6930469870567322,0.0,-0.0,0.0,0.0,0.0,0.0,0.0,0.0,0.0,0.0,0.0,0.0,0
1786496259,528699159,100.0,-1.7200225035296839,-1.7038167158709925,-1.1327016989337366,-4.617806855832235,-4.890412036572592,0.6930829286575317,0.0,-0.0,0.0,0.0,0.0,0.0,0.0,0.0,0.0,0.0,0.0,0.0,0
1786496259,548859119,100.0,-1.720046345387594,-1.7038167158709925,-1.1327374617206019,-4.617758814488546,-4.890483919774191,0.6930350065231323,0.0,-0.0,0.0,0.0,0.0,0.0,0.0,0.0,0.0,0.0,0.0,0.0,0
1786496259,569169998,100.0,-1.7199743429767054,-1.7037928740130823,-1.1327136198626917,-4.6177828947650355,-4.890412036572592,0.6929870843887329,0.0,-0.0,0.0,0.0,0.0,0.0,0.0,0.0,0.0,0.0,0.0,0.0,0
1786496259,588844299,100.0,-1.7199981848346155,-1.7038167158709925,-1.132749382649557,-4.617758814488546,-4.890412036572592,0.6930350065231323,0.0,-0.0,0.0,0.0,0.0,0.0,0.0,0.0,0.0,0.0,0.0,0.0,0
1786496259,609204769,100.0,-1.7199981848346155,-1.7038167158709925,-1.1327255407916468,-4.617746893559591,-4.890423957501547,0.6930469870567322,0.0,-0.0,0.0,0.0,0.0,0.0,0.0,0.0,0.0,0.0,0.0,0.0,0
1786496259,628834247,100.0,-1.7200105826007288,-1.7038052717791956,-1.1327374617206019,-4.617758814488546,-4.890447918568746,0.693058967590332,0.0,-0.0,0.0,0.0,0.0,0.0,0.0,0.0,0.0,0.0,0.0,0.0,0
1786496259,649086475,100.0,-1.7200582663165491,-1.7038291136371058,-1.132749382649557,-4.617758814488546,-4.890387598668234,0.6930110454559326,0.0,-0.0,0.0,0.0,0.0,0.0,0.0,0.0,0.0,0.0,0.0,0.0,0
1786496259,668877124,100.0,-1.7200225035296839,-1.7038052717791956,-1.1327374617206019,-4.6177348534213465,-4.890412036572592,0.693058967590332,0.0,-0.0,0.0,0.0,0.0,0.0,0.0,0.0,0.0,0.0,0.0,0.0,0
1786496259,688914537,100.0,-1.720034424458639,-1.7037928740130823,-1.1327136198626917,-4.617746893559591,-4.890412036572592,0.693058967590332,0.0,-0.0,0.0,0.0,0.0,0.0,0.0,0.0,0.0,0.0,0.0,0.0,0
1786496259,708805322,100.0,-1.7200225035296839,-1.7038052717791956,-1.1327374617206019,-4.617770854626791,-4.890412036572592,0.6929990649223328,0.0,-0.0,0.0,0.0,0.0,0.0,0.0,0.0,0.0,0.0,0.0,0.0,0
1786496259,729091167,100.0,-1.720046345387594,-1.703852955495016,-1.1327737013446253,-4.617770854626791,-4.890423957501547,0.6930469870567322,0.0,-0.0,0.0,0.0,0.0,0.0,0.0,0.0,0.0,0.0,0.0,0.0,0
1786496259,748833417,100.0,-1.7199743429767054,-1.703757111226217,-1.1326897780047815,-4.617770854626791,-4.890412036572592,0.6930110454559326,0.0,-0.0,0.0,0.0,0.0,0.0,0.0,0.0,0.0,0.0,0.0,0.0,0
1786496259,768870353,100.0,-1.7200582663165491,-1.7038167158709925,-1.132749382649557,-4.617806855832235,-4.890375677739279,0.6930110454559326,0.0,-0.0,0.0,0.0,0.0,0.0,0.0,0.0,0.0,0.0,0.0,0.0,0
1786496259,788821935,100.0,-1.720046345387594,-1.7038410345660608,-1.132749382649557,-4.617758814488546,-4.890447918568746,0.6929870843887329,0.0,-0.0,0.0,0.0,0.0,0.0,0.0,0.0,0.0,0.0,0.0,0.0,0
1786496259,808697938,100.0,-1.7199981848346155,-1.7037809530841272,-1.132749382649557,-4.6177828947650355,-4.890459958706991,0.6930350065231323,0.0,-0.0,0.0,0.0,0.0,0.0,0.0,0.0,0.0,0.0,0.0,0.0,0
1786496259,828877210,100.0,-1.720046345387594,-1.7038052717791956,-1.132749382649557,-4.617806855832235,-4.890459958706991,0.6930230259895325,0.0,-0.0,0.0,0.0,0.0,0.0,0.0,0.0,0.0,0.0,0.0,0.0,0
1786496259,849084854,100.0,-1.7200225035296839,-1.7038410345660608,-1.1327374617206019,-4.617770854626791,-4.890483919774191,0.6930230259895325,0.0,-0.0,0.0,0.0,0.0,0.0,0.0,0.0,0.0,0.0,0.0,0.0,0
1786496259,868878364,100.0,-1.7200105826007288,-1.7037928740130823,-1.1327737013446253,-4.617722932492391,-4.890459958706991,0.6930110454559326,0.0,-0.0,0.0,0.0,0.0,0.0,0.0,0.0,0.0,0.0,0.0,0.0,0
1786496259,889141559,100.0,-1.7199862639056605,-1.7037928740130823,-1.132749382649557,-4.617770854626791,-4.890412036572592,0.6930230259895325,0.0,-0.0,0.0,0.0,0.0,0.0,0.0,0.0,0.0,0.0,0.0,0.0,0
1786496259,908765077,100.0,-1.7200701872455042,-1.7038291136371058,-1.1327016989337366,-4.617746893559591,-4.890447918568746,0.6930230259895325,0.0,-0.0,0.0,0.0,0.0,0.0,0.0,0.0,0.0,0.0,0.0,0.0,0
1786496259,929321050,100.0,-1.720046345387594,-1.7037928740130823,-1.1327374617206019,-4.6177348534213465,-4.890435997639791,0.6929990649223328,0.0,-0.0,0.0,0.0,0.0,0.0,0.0,0.0,0.0,0.0,0.0,0.0,0
1786496259,948784828,100.0,-1.720034424458639,-1.7037690321551722,-1.132749382649557,-4.617770854626791,-4.890435997639791,0.6930350065231323,0.0,-0.0,0.0,0.0,0.0,0.0,0.0,0.0,0.0,0.0,0.0,0.0,0
1786496259,968904495,100.0,-1.7199981848346155,-1.7037809530841272,-1.1327374617206019,-4.6177828947650355,-4.890399638806478,0.6930469870567322,0.0,-0.0,0.0,0.0,0.0,0.0,0.0,0.0,0.0,0.0,0.0,0.0,0
1786496259,988792896,100.0,-1.7199981848346155,-1.7037928740130823,-1.1327255407916468,-4.6177348534213465,-4.890412036572592,0.693058967590332,0.0,-0.0,0.0,0.0,0.0,0.0,0.0,0.0,0.0,0.0,0.0,0.0,0
1786496260,8829116,100.0,-1.720046345387594,-1.7037690321551722,-1.1327136198626917,-4.617758814488546,-4.890459958706991,0.6930230259895325,0.0,-0.0,0.0,0.0,0.0,0.0,0.0,0.0,0.0,0.0,0.0,0.0,0
1786496260,28880119,100.0,-1.7200701872455042,-1.7037809530841272,-1.1327374617206019,-4.617722932492391,-4.890435997639791,0.6930350065231323,0.0,-0.0,0.0,0.0,0.0,0.0,0.0,0.0,0.0,0.0,0.0,0.0,0
1786496260,49179315,100.0,-1.720046345387594,-1.7038052717791956,-1.1327255407916468,-4.6177348534213465,-4.890423957501547,0.6930110454559326,0.0,-0.0,0.0,0.0,0.0,0.0,0.0,0.0,0.0,0.0,0.0,0.0,0
1786496260,68836688,100.0,-1.720046345387594,-1.703864876423971,-1.132749382649557,-4.617806855832235,-4.890459958706991,0.6930469870567322,0.0,-0.0,0.0,0.0,0.0,0.0,0.0,0.0,0.0,0.0,0.0,0.0,0
1786496260,89044332,100.0,-1.7199743429767054,-1.7038167158709925,-1.1327255407916468,-4.617746893559591,-4.890423957501547,0.693058967590332,0.0,-0.0,0.0,0.0,0.0,0.0,0.0,0.0,0.0,0.0,0.0,0.0,0
1786496260,108784437,100.0,-1.7200945059405726,-1.7038167158709925,-1.1326897780047815,-4.6177828947650355,-4.890435997639791,0.693058967590332,0.0,-0.0,0.0,0.0,0.0,0.0,0.0,0.0,0.0,0.0,0.0,0.0,0
1786496260,128890037,100.0,-1.7200105826007288,-1.7038167158709925,-1.1327255407916468,-4.617770854626791,-4.890423957501547,0.6931068897247314,0.0,-0.0,0.0,0.0,0.0,0.0,0.0,0.0,0.0,0.0,0.0,0.0,0
1786496260,148890018,100.0,-1.7199862639056605,-1.703852955495016,-1.1327255407916468,-4.617746893559591,-4.890447918568746,0.6929870843887329,0.0,-0.0,0.0,0.0,0.0,0.0,0.0,0.0,0.0,0.0,0.0,0.0,0
1786496260,168896436,100.0,-1.7199862639056605,-1.7038052717791956,-1.1326773802386683,-4.617830816899435,-4.890399638806478,0.6930230259895325,0.0,-0.0,0.0,0.0,0.0,0.0,0.0,0.0,0.0,0.0,0.0,0.0,0
1786496260,188832044,100.0,-1.7200225035296839,-1.7038052717791956,-1.1327136198626917,-4.617746893559591,-4.890412036572592,0.6930110454559326,0.0,-0.0,0.0,0.0,0.0,0.0,0.0,0.0,0.0,0.0,0.0,0.0,0
1786496260,209178447,100.0,-1.7199862639056605,-1.7037690321551722,-1.1327374617206019,-4.6177948156939905,-4.890387598668234,0.6930350065231323,0.0,-0.0,0.0,0.0,0.0,0.0,0.0,0.0,0.0,0.0,0.0,0.0,0
1786496260,228771686,100.0,-1.720034424458639,-1.7037809530841272,-1.1326897780047815,-4.617746893559591,-4.890435997639791,0.6930469870567322,0.0,-0.0,0.0,0.0,0.0,0.0,0.0,0.0,0.0,0.0,0.0,0.0,0
1786496260,249320030,100.0,-1.7200225035296839,-1.7038167158709925,-1.132749382649557,-4.617722932492391,-4.890435997639791,0.693058967590332,0.0,-0.0,0.0,0.0,0.0,0.0,0.0,0.0,0.0,0.0,0.0,0.0,0
1786496260,268717050,100.0,-1.7199862639056605,-1.7037690321551722,-1.1327374617206019,-4.617758814488546,-4.890399638806478,0.6930350065231323,0.0,-0.0,0.0,0.0,0.0,0.0,0.0,0.0,0.0,0.0,0.0,0.0,0
1786496260,289012908,100.0,-1.720046345387594,-1.703745190297262,-1.1327374617206019,-4.6177948156939905,-4.890399638806478,0.6930230259895325,0.0,-0.0,0.0,0.0,0.0,0.0,0.0,0.0,0.0,0.0,0.0,0.0,0
1786496260,308844804,100.0,-1.7199981848346155,-1.7038052717791956,-1.1327374617206019,-4.6177828947650355,-4.890412036572592,0.6930709481239319,0.0,-0.0,0.0,0.0,0.0,0.0,0.0,0.0,0.0,0.0,0.0,0.0,0
1786496260,328980445,100.0,-1.720034424458639,-1.7037809530841272,-1.1327374617206019,-4.6177348534213465,-4.890435997639791,0.6930709481239319,0.0,-0.0,0.0,0.0,0.0,0.0,0.0,0.0,0.0,0.0,0.0,0.0,0
1786496260,348880529,100.0,-1.7200105826007288,-1.7037809530841272,-1.132761303578512,-4.617806855832235,-4.890483919774191,0.6930469870567322,0.0,-0.0,0.0,0.0,0.0,0.0,0.0,0.0,0.0,0.0,0.0,0.0,0
1786496260,369026899,100.0,-1.720034424458639,-1.7038052717791956,-1.132761303578512,-4.617770854626791,-4.890399638806478,0.6930230259895325,0.0,-0.0,0.0,0.0,0.0,0.0,0.0,0.0,0.0,0.0,0.0,0.0,0
1786496260,388758420,100.0,-1.7200225035296839,-1.7037928740130823,-1.1326773802386683,-4.6177348534213465,-4.890471879635946,0.6930350065231323,0.0,-0.0,0.0,0.0,0.0,0.0,0.0,0.0,0.0,0.0,0.0,0.0,0
1786496260,408936500,100.0,-1.7200821081744593,-1.7038167158709925,-1.132749382649557,-4.617746893559591,-4.890399638806478,0.6930829286575317,0.0,-0.0,0.0,0.0,0.0,0.0,0.0,0.0,0.0,0.0,0.0,0.0,0
1786496260,428739309,100.0,-1.720046345387594,-1.7038291136371058,-1.1327374617206019,-4.617746893559591,-4.890459958706991,0.6930230259895325,0.0,-0.0,0.0,0.0,0.0,0.0,0.0,0.0,0.0,0.0,0.0,0.0,0
1786496260,449317932,100.0,-1.720046345387594,-1.7038410345660608,-1.1327737013446253,-4.6177348534213465,-4.890447918568746,0.693058967590332,0.0,-0.0,0.0,0.0,0.0,0.0,0.0,0.0,0.0,0.0,0.0,0.0,0
1786496260,468811511,100.0,-1.720046345387594,-1.7037690321551722,-1.1327374617206019,-4.6177828947650355,-4.890375677739279,0.693058967590332,0.0,-0.0,0.0,0.0,0.0,0.0,0.0,0.0,0.0,0.0,0.0,0.0,0
1786496260,489105701,100.0,-1.7200225035296839,-1.7037809530841272,-1.1326897780047815,-4.617806855832235,-4.890399638806478,0.6930469870567322,0.0,-0.0,0.0,0.0,0.0,0.0,0.0,0.0,0.0,0.0,0.0,0.0,0
1786496260,508845567,100.0,-1.7200105826007288,-1.7037690321551722,-1.1327374617206019,-4.6177828947650355,-4.890399638806478,0.6930469870567322,0.0,-0.0,0.0,0.0,0.0,0.0,0.0,0.0,0.0,0.0,0.0,0.0,0
1786496260,529205799,100.0,-1.720046345387594,-1.7038291136371058,-1.1327737013446253,-4.617722932492391,-4.890399638806478,0.6930110454559326,0.0,-0.0,0.0,0.0,0.0,0.0,0.0,0.0,0.0,0.0,0.0,0.0,0
1786496260,548932313,100.0,-1.720046345387594,-1.7038410345660608,-1.1327374617206019,-4.617770854626791,-4.890447918568746,0.6930709481239319,0.0,-0.0,0.0,0.0,0.0,0.0,0.0,0.0,0.0,0.0,0.0,0.0,0
1786496260,569449901,100.0,-1.720034424458639,-1.7038052717791956,-1.1327016989337366,-4.6177948156939905,-4.890435997639791,0.6930469870567322,0.0,-0.0,0.0,0.0,0.0,0.0,0.0,0.0,0.0,0.0,0.0,0.0,0
1786496260,588768720,100.0,-1.720046345387594,-1.7037928740130823,-1.1327737013446253,-4.6177348534213465,-4.890412036572592,0.6930469870567322,0.0,-0.0,0.0,0.0,0.0,0.0,0.0,0.0,0.0,0.0,0.0,0.0,0
1786496260,609023332,100.0,-1.7200105826007288,-1.7038167158709925,-1.1327255407916468,-4.617770854626791,-4.890459958706991,0.6930350065231323,0.0,-0.0,0.0,0.0,0.0,0.0,0.0,0.0,0.0,0.0,0.0,0.0,0
1786496260,628740072,100.0,-1.7199505011187952,-1.7038052717791956,-1.1327136198626917,-4.617758814488546,-4.890447918568746,0.6930110454559326,0.0,-0.0,0.0,0.0,0.0,0.0,0.0,0.0,0.0,0.0,0.0,0.0,0
1786496260,649320363,100.0,-1.7200701872455042,-1.7038291136371058,-1.1327374617206019,-4.617722932492391,-4.890363637601034,0.6930230259895325,0.0,-0.0,0.0,0.0,0.0,0.0,0.0,0.0,0.0,0.0,0.0,0.0,0
1786496260,668783187,100.0,-1.7200582663165491,-1.7038410345660608,-1.1327016989337366,-4.617770854626791,-4.890447918568746,0.6930829286575317,0.0,-0.0,0.0,0.0,0.0,0.0,0.0,0.0,0.0,0.0,0.0,0.0,0
1786496260,688981771,100.0,-1.720046345387594,-1.703852955495016,-1.1327136198626917,-4.6177948156939905,-4.890423957501547,0.6930469870567322,0.0,-0.0,0.0,0.0,0.0,0.0,0.0,0.0,0.0,0.0,0.0,0.0,0
1786496260,708745241,100.0,-1.7199862639056605,-1.7037928740130823,-1.1327374617206019,-4.6177948156939905,-4.890423957501547,0.6930469870567322,0.0,-0.0,0.0,0.0,0.0,0.0,0.0,0.0,0.0,0.0,0.0,0.0,0
1786496260,729522943,100.0,-1.7200105826007288,-1.7038052717791956,-1.1327255407916468,-4.617746893559591,-4.890399638806478,0.6930350065231323,0.0,-0.0,0.0,0.0,0.0,0.0,0.0,0.0,0.0,0.0,0.0,0.0,0
1786496260,748850345,100.0,-1.7200105826007288,-1.7037928740130823,-1.1327255407916468,-4.617758814488546,-4.890399638806478,0.693058967590332,0.0,-0.0,0.0,0.0,0.0,0.0,0.0,0.0,0.0,0.0,0.0,0.0,0
1786496260,769280195,100.0,-1.720034424458639,-1.7037928740130823,-1.132749382649557,-4.617710892354147,-4.890387598668234,0.6930469870567322,0.0,-0.0,0.0,0.0,0.0,0.0,0.0,0.0,0.0,0.0,0.0,0.0,0
1786496260,788736104,100.0,-1.7200225035296839,-1.7038052717791956,-1.1327255407916468,-4.617770854626791,-4.890387598668234,0.6929870843887329,0.0,-0.0,0.0,0.0,0.0,0.0,0.0,0.0,0.0,0.0,0.0,0.0,0
1786496260,808993339,100.0,-1.7200225035296839,-1.703757111226217,-1.132761303578512,-4.617746893559591,-4.890387598668234,0.6930110454559326,0.0,-0.0,0.0,0.0,0.0,0.0,0.0,0.0,0.0,0.0,0.0,0.0,0
1786496260,828796625,100.0,-1.7200701872455042,-1.703864876423971,-1.1327136198626917,-4.6177828947650355,-4.890483919774191,0.6930469870567322,0.0,-0.0,0.0,0.0,0.0,0.0,0.0,0.0,0.0,0.0,0.0,0.0,0
1786496260,849107027,100.0,-1.7200701872455042,-1.7037809530841272,-1.1327136198626917,-4.617722932492391,-4.890399638806478,0.6930469870567322,0.0,-0.0,0.0,0.0,0.0,0.0,0.0,0.0,0.0,0.0,0.0,0.0,0
1786496260,868863582,100.0,-1.720034424458639,-1.7037928740130823,-1.1327255407916468,-4.617770854626791,-4.890423957501547,0.6930230259895325,0.0,-0.0,0.0,0.0,0.0,0.0,0.0,0.0,0.0,0.0,0.0,0.0,0
1786496260,889687299,100.0,-1.720034424458639,-1.7037809530841272,-1.1327374617206019,-4.617758814488546,-4.890471879635946,0.6930709481239319,0.0,-0.0,0.0,0.0,0.0,0.0,0.0,0.0,0.0,0.0,0.0,0.0,0
1786496260,908762454,100.0,-1.720034424458639,-1.7038052717791956,-1.1327016989337366,-4.6177348534213465,-4.890447918568746,0.6930829286575317,0.0,-0.0,0.0,0.0,0.0,0.0,0.0,0.0,0.0,0.0,0.0,0.0,0
1786496260,929140806,100.0,-1.7200945059405726,-1.7038052717791956,-1.1326773802386683,-4.617758814488546,-4.890447918568746,0.6930350065231323,0.0,-0.0,0.0,0.0,0.0,0.0,0.0,0.0,0.0,0.0,0.0,0.0,0
1786496260,948801755,100.0,-1.720034424458639,-1.7038052717791956,-1.1327016989337366,-4.617758814488546,-4.890423957501547,0.6930709481239319,0.0,-0.0,0.0,0.0,0.0,0.0,0.0,0.0,0.0,0.0,0.0,0.0,0
1786496260,969067811,100.0,-1.7199981848346155,-1.7038410345660608,-1.1327255407916468,-4.617770854626791,-4.890375677739279,0.6930469870567322,0.0,-0.0,0.0,0.0,0.0,0.0,0.0,0.0,0.0,0.0,0.0,0.0,0
1786496260,988821029,100.0,-1.7199862639056605,-1.7038167158709925,-1.132749382649557,-4.617770854626791,-4.890399638806478,0.6930350065231323,0.0,-0.0,0.0,0.0,0.0,0.0,0.0,0.0,0.0,0.0,0.0,0.0,0
1786496261,8949518,100.0,-1.720046345387594,-1.7038291136371058,-1.1327016989337366,-4.617758814488546,-4.890423957501547,0.6930110454559326,0.0,-0.0,0.0,0.0,0.0,0.0,0.0,0.0,0.0,0.0,0.0,0.0,0
1786496261,28792142,100.0,-1.720046345387594,-1.7038167158709925,-1.132749382649557,-4.6177828947650355,-4.890412036572592,0.693058967590332,0.0,-0.0,0.0,0.0,0.0,0.0,0.0,0.0,0.0,0.0,0.0,0.0,0
1786496261,49152374,100.0,-1.720034424458639,-1.7037809530841272,-1.1327374617206019,-4.6177348534213465,-4.890435997639791,0.6930230259895325,0.0,-0.0,0.0,0.0,0.0,0.0,0.0,0.0,0.0,0.0,0.0,0.0,0
1786496261,68850517,100.0,-1.7200225035296839,-1.703757111226217,-1.132749382649557,-4.6177948156939905,-4.890387598668234,0.693058967590332,0.0,-0.0,0.0,0.0,0.0,0.0,0.0,0.0,0.0,0.0,0.0,0.0,0
1786496261,89177608,100.0,-1.7200225035296839,-1.7037928740130823,-1.1327737013446253,-4.617758814488546,-4.890423957501547,0.6930709481239319,0.0,-0.0,0.0,0.0,0.0,0.0,0.0,0.0,0.0,0.0,0.0,0.0,0
1786496261,108753681,100.0,-1.720034424458639,-1.7038291136371058,-1.1326897780047815,-4.617746893559591,-4.890423957501547,0.6930469870567322,0.0,-0.0,0.0,0.0,0.0,0.0,0.0,0.0,0.0,0.0,0.0,0.0,0
1786496261,129327058,100.0,-1.7199743429767054,-1.7037690321551722,-1.1327374617206019,-4.617758814488546,-4.890423957501547,0.6930469870567322,0.0,-0.0,0.0,0.0,0.0,0.0,0.0,0.0,0.0,0.0,0.0,0.0,0
1786496261,148818731,100.0,-1.7199862639056605,-1.7038410345660608,-1.132749382649557,-4.617722932492391,-4.890423957501547,0.6930949091911316,0.0,-0.0,0.0,0.0,0.0,0.0,0.0,0.0,0.0,0.0,0.0,0.0,0
1786496261,168888807,100.0,-1.7200582663165491,-1.7038052717791956,-1.1327136198626917,-4.6177828947650355,-4.890471879635946,0.6930469870567322,0.0,-0.0,0.0,0.0,0.0,0.0,0.0,0.0,0.0,0.0,0.0,0.0,0
1786496261,188826560,100.0,-1.7200105826007288,-1.7037928740130823,-1.1327136198626917,-4.617746893559591,-4.890399638806478,0.6929990649223328,0.0,-0.0,0.0,0.0,0.0,0.0,0.0,0.0,0.0,0.0,0.0,0.0,0
1786496261,209142923,100.0,-1.720034424458639,-1.7038291136371058,-1.1326773802386683,-4.6177948156939905,-4.890387598668234,0.6930469870567322,0.0,-0.0,0.0,0.0,0.0,0.0,0.0,0.0,0.0,0.0,0.0,0.0,0
1786496261,228905439,100.0,-1.7199862639056605,-1.7038052717791956,-1.132749382649557,-4.617806855832235,-4.890447918568746,0.6930230259895325,0.0,-0.0,0.0,0.0,0.0,0.0,0.0,0.0,0.0,0.0,0.0,0.0,0
1786496261,249029397,100.0,-1.7199981848346155,-1.7038410345660608,-1.132761303578512,-4.617806855832235,-4.890459958706991,0.6930469870567322,0.0,-0.0,0.0,0.0,0.0,0.0,0.0,0.0,0.0,0.0,0.0,0.0,0
1786496261,268825292,100.0,-1.720034424458639,-1.7038291136371058,-1.1327374617206019,-4.617710892354147,-4.890459958706991,0.6930709481239319,0.0,-0.0,0.0,0.0,0.0,0.0,0.0,0.0,0.0,0.0,0.0,0.0,0
1786496261,288908243,100.0,-1.720034424458639,-1.7037690321551722,-1.1327374617206019,-4.617806855832235,-4.890435997639791,0.6930469870567322,0.0,-0.0,0.0,0.0,0.0,0.0,0.0,0.0,0.0,0.0,0.0,0.0,0
1786496261,308815240,100.0,-1.7200105826007288,-1.7038052717791956,-1.132761303578512,-4.617746893559591,-4.890471879635946,0.6930469870567322,0.0,-0.0,0.0,0.0,0.0,0.0,0.0,0.0,0.0,0.0,0.0,0.0,0
1786496261,329104185,100.0,-1.720034424458639,-1.7037809530841272,-1.132749382649557,-4.6177828947650355,-4.890435997639791,0.6930469870567322,0.0,-0.0,0.0,0.0,0.0,0.0,0.0,0.0,0.0,0.0,0.0,0.0,0
1786496261,348843812,100.0,-1.7199743429767054,-1.7037690321551722,-1.132761303578512,-4.6177828947650355,-4.890399638806478,0.6930469870567322,0.0,-0.0,0.0,0.0,0.0,0.0,0.0,0.0,0.0,0.0,0.0,0.0,0
1786496261,368935108,100.0,-1.7200105826007288,-1.7037928740130823,-1.1327136198626917,-4.617806855832235,-4.890412036572592,0.6930350065231323,0.0,-0.0,0.0,0.0,0.0,0.0,0.0,0.0,0.0,0.0,0.0,0.0,0
1786496261,388728618,100.0,-1.7200225035296839,-1.703852955495016,-1.1327374617206019,-4.617746893559591,-4.890471879635946,0.6930469870567322,0.0,-0.0,0.0,0.0,0.0,0.0,0.0,0.0,0.0,0.0,0.0,0.0,0
1786496261,409213781,100.0,-1.720034424458639,-1.7038167158709925,-1.1327255407916468,-4.617770854626791,-4.890435997639791,0.6930110454559326,0.0,-0.0,0.0,0.0,0.0,0.0,0.0,0.0,0.0,0.0,0.0,0.0,0
1786496261,428856372,100.0,-1.720046345387594,-1.7037690321551722,-1.1327136198626917,-4.617770854626791,-4.890423957501547,0.6930230259895325,0.0,-0.0,0.0,0.0,0.0,0.0,0.0,0.0,0.0,0.0,0.0,0.0,0
1786496261,449090719,100.0,-1.7200701872455042,-1.7038167158709925,-1.1327255407916468,-4.617758814488546,-4.890399638806478,0.6929990649223328,0.0,-0.0,0.0,0.0,0.0,0.0,0.0,0.0,0.0,0.0,0.0,0.0,0
1786496261,468763113,100.0,-1.7200582663165491,-1.7038410345660608,-1.1326897780047815,-4.6177828947650355,-4.890435997639791,0.6930230259895325,0.0,-0.0,0.0,0.0,0.0,0.0,0.0,0.0,0.0,0.0,0.0,0.0,0
1786496261,488934040,100.0,-1.720046345387594,-1.7037928740130823,-1.1327374617206019,-4.617758814488546,-4.890387598668234,0.6929870843887329,0.0,-0.0,0.0,0.0,0.0,0.0,0.0,0.0,0.0,0.0,0.0,0.0,0
1786496261,508804321,100.0,-1.7200105826007288,-1.7037928740130823,-1.1327136198626917,-4.617746893559591,-4.890423957501547,0.6930469870567322,0.0,-0.0,0.0,0.0,0.0,0.0,0.0,0.0,0.0,0.0,0.0,0.0,0
1786496261,529124975,100.0,-1.7200225035296839,-1.7037928740130823,-1.1326897780047815,-4.617758814488546,-4.890435997639791,0.6930230259895325,0.0,-0.0,0.0,0.0,0.0,0.0,0.0,0.0,0.0,0.0,0.0,0.0,0
1786496261,548940658,100.0,-1.7199981848346155,-1.7037690321551722,-1.1327374617206019,-4.617770854626791,-4.890412036572592,0.6930469870567322,0.0,-0.0,0.0,0.0,0.0,0.0,0.0,0.0,0.0,0.0,0.0,0.0,0
1786496261,568991899,100.0,-1.720034424458639,-1.7038052717791956,-1.132749382649557,-4.617770854626791,-4.890387598668234,0.693058967590332,0.0,-0.0,0.0,0.0,0.0,0.0,0.0,0.0,0.0,0.0,0.0,0.0,0
1786496261,588752985,100.0,-1.720034424458639,-1.7037928740130823,-1.1327016989337366,-4.617758814488546,-4.890447918568746,0.6930350065231323,0.0,-0.0,0.0,0.0,0.0,0.0,0.0,0.0,0.0,0.0,0.0,0.0,0
1786496261,608921051,100.0,-1.720046345387594,-1.7038167158709925,-1.132749382649557,-4.6177348534213465,-4.890435997639791,0.6930469870567322,0.0,-0.0,0.0,0.0,0.0,0.0,0.0,0.0,0.0,0.0,0.0,0.0,0
1786496261,628835678,100.0,-1.7200821081744593,-1.7037928740130823,-1.1327374617206019,-4.617758814488546,-4.890459958706991,0.6929990649223328,0.0,-0.0,0.0,0.0,0.0,0.0,0.0,0.0,0.0,0.0,0.0,0.0,0
1786496261,649430990,100.0,-1.7199981848346155,-1.7038291136371058,-1.1327255407916468,-4.6177828947650355,-4.890423957501547,0.6930469870567322,0.0,-0.0,0.0,0.0,0.0,0.0,0.0,0.0,0.0,0.0,0.0,0.0,0
1786496261,668786764,100.0,-1.7200105826007288,-1.7038167158709925,-1.1327016989337366,-4.617758814488546,-4.890435997639791,0.6930829286575317,0.0,-0.0,0.0,0.0,0.0,0.0,0.0,0.0,0.0,0.0,0.0,0.0,0
1786496261,689048051,100.0,-1.7200225035296839,-1.7038052717791956,-1.132749382649557,-4.617770854626791,-4.890399638806478,0.6930230259895325,0.0,-0.0,0.0,0.0,0.0,0.0,0.0,0.0,0.0,0.0,0.0,0.0,0
1786496261,708795547,100.0,-1.720046345387594,-1.7038291136371058,-1.1327255407916468,-4.6177828947650355,-4.890423957501547,0.6930230259895325,0.0,-0.0,0.0,0.0,0.0,0.0,0.0,0.0,0.0,0.0,0.0,0.0,0
1786496261,729050874,100.0,-1.720034424458639,-1.703852955495016,-1.1327374617206019,-4.6177348534213465,-4.890447918568746,0.6930469870567322,0.0,-0.0,0.0,0.0,0.0,0.0,0.0,0.0,0.0,0.0,0.0,0.0,0
1786496261,748852014,100.0,-1.7200225035296839,-1.7037690321551722,-1.132749382649557,-4.617722932492391,-4.890459958706991,0.6930829286575317,0.0,-0.0,0.0,0.0,0.0,0.0,0.0,0.0,0.0,0.0,0.0,0.0,0
1786496261,769202947,100.0,-1.720034424458639,-1.703757111226217,-1.1327856222735804,-4.6177948156939905,-4.890435997639791,0.6930230259895325,0.0,-0.0,0.0,0.0,0.0,0.0,0.0,0.0,0.0,0.0,0.0,0.0,0
1786496261,788833856,100.0,-1.7200105826007288,-1.7038291136371058,-1.132749382649557,-4.617758814488546,-4.890435997639791,0.6929990649223328,0.0,-0.0,0.0,0.0,0.0,0.0,0.0,0.0,0.0,0.0,0.0,0.0,0
1786496261,808913469,100.0,-1.7200105826007288,-1.7038291136371058,-1.1327737013446253,-4.617758814488546,-4.890435997639791,0.6930350065231323,0.0,-0.0,0.0,0.0,0.0,0.0,0.0,0.0,0.0,0.0,0.0,0.0,0
1786496261,828741550,100.0,-1.7199862639056605,-1.7038410345660608,-1.1327255407916468,-4.6177828947650355,-4.890447918568746,0.6930829286575317,0.0,-0.0,0.0,0.0,0.0,0.0,0.0,0.0,0.0,0.0,0.0,0.0,0
1786496261,849516391,100.0,-1.7200105826007288,-1.7037928740130823,-1.1327374617206019,-4.6177828947650355,-4.890387598668234,0.6930469870567322,0.0,-0.0,0.0,0.0,0.0,0.0,0.0,0.0,0.0,0.0,0.0,0.0,0
1786496261,868777513,100.0,-1.7200225035296839,-1.7037809530841272,-1.1327255407916468,-4.617770854626791,-4.890423957501547,0.6930110454559326,0.0,-0.0,0.0,0.0,0.0,0.0,0.0,0.0,0.0,0.0,0.0,0.0,0
1786496261,888818740,100.0,-1.7200105826007288,-1.7038167158709925,-1.1327255407916468,-4.617758814488546,-4.890399638806478,0.6930110454559326,0.0,-0.0,0.0,0.0,0.0,0.0,0.0,0.0,0.0,0.0,0.0,0.0,0
1786496261,908781528,100.0,-1.7200225035296839,-1.7037928740130823,-1.1327136198626917,-4.617722932492391,-4.890423957501547,0.6930709481239319,0.0,-0.0,0.0,0.0,0.0,0.0,0.0,0.0,0.0,0.0,0.0,0.0,0
1786496261,929017782,100.0,-1.720034424458639,-1.7038052717791956,-1.1327374617206019,-4.617770854626791,-4.890399638806478,0.6930230259895325,0.0,-0.0,0.0,0.0,0.0,0.0,0.0,0.0,0.0,0.0,0.0,0.0,0
1786496261,948848962,100.0,-1.7199981848346155,-1.703757111226217,-1.1327255407916468,-4.617758814488546,-4.890447918568746,0.6930829286575317,0.0,-0.0,0.0,0.0,0.0,0.0,0.0,0.0,0.0,0.0,0.0,0.0,0
1786496261,969317674,100.0,-1.720034424458639,-1.7037928740130823,-1.132749382649557,-4.617770854626791,-4.890447918568746,0.6929990649223328,0.0,-0.0,0.0,0.0,0.0,0.0,0.0,0.0,0.0,0.0,0.0,0.0,0
1786496261,988751649,100.0,-1.7200225035296839,-1.7038410345660608,-1.1326897780047815,-4.6177948156939905,-4.890435997639791,0.6930469870567322,0.0,-0.0,0.0,0.0,0.0,0.0,0.0,0.0,0.0,0.0,0.0,0.0,0
1786496262,9295463,100.0,-1.7200582663165491,-1.7038052717791956,-1.1327136198626917,-4.617758814488546,-4.890399638806478,0.6930709481239319,0.0,-0.0,0.0,0.0,0.0,0.0,0.0,0.0,0.0,0.0,0.0,0.0,0
1786496262,28738498,100.0,-1.7200225035296839,-1.7038167158709925,-1.1327136198626917,-4.6177348534213465,-4.890412036572592,0.6930110454559326,0.0,-0.0,0.0,0.0,0.0,0.0,0.0,0.0,0.0,0.0,0.0,0.0,0
1786496262,48967838,100.0,-1.7199743429767054,-1.7038291136371058,-1.132749382649557,-4.617770854626791,-4.890387598668234,0.6930350065231323,0.0,-0.0,0.0,0.0,0.0,0.0,0.0,0.0,0.0,0.0,0.0,0.0,0
1786496262,68767309,100.0,-1.7200225035296839,-1.7038167158709925,-1.132749382649557,-4.617770854626791,-4.890459958706991,0.6930469870567322,0.0,-0.0,0.0,0.0,0.0,0.0,0.0,0.0,0.0,0.0,0.0,0.0,0
1786496262,88924884,100.0,-1.7200225035296839,-1.7037809530841272,-1.132749382649557,-4.6177948156939905,-4.890423957501547,0.6930230259895325,0.0,-0.0,0.0,0.0,0.0,0.0,0.0,0.0,0.0,0.0,0.0,0.0,0
1786496262,108889579,100.0,-1.720034424458639,-1.7037690321551722,-1.1327136198626917,-4.617758814488546,-4.890399638806478,0.6930469870567322,0.0,-0.0,0.0,0.0,0.0,0.0,0.0,0.0,0.0,0.0,0.0,0.0,0
1786496262,129074096,100.0,-1.720034424458639,-1.7038052717791956,-1.1327016989337366,-4.617758814488546,-4.890447918568746,0.693058967590332,0.0,-0.0,0.0,0.0,0.0,0.0,0.0,0.0,0.0,0.0,0.0,0.0,0
1786496262,148848056,100.0,-1.7200105826007288,-1.703864876423971,-1.1327737013446253,-4.617770854626791,-4.890423957501547,0.6930110454559326,0.0,-0.0,0.0,0.0,0.0,0.0,0.0,0.0,0.0,0.0,0.0,0.0,0
1786496262,169131755,100.0,-1.7200225035296839,-1.7037809530841272,-1.132761303578512,-4.617758814488546,-4.890471879635946,0.6930469870567322,0.0,-0.0,0.0,0.0,0.0,0.0,0.0,0.0,0.0,0.0,0.0,0.0,0
1786496262,188746213,100.0,-1.7200582663165491,-1.703852955495016,-1.1327136198626917,-4.6177948156939905,-4.890423957501547,0.6930469870567322,0.0,-0.0,0.0,0.0,0.0,0.0,0.0,0.0,0.0,0.0,0.0,0.0,0
1786496262,208973646,100.0,-1.7199981848346155,-1.7038410345660608,-1.1327255407916468,-4.617746893559591,-4.890435997639791,0.6930110454559326,0.0,-0.0,0.0,0.0,0.0,0.0,0.0,0.0,0.0,0.0,0.0,0.0,0
1786496262,228815078,100.0,-1.7200105826007288,-1.7037809530841272,-1.1327136198626917,-4.6177828947650355,-4.890435997639791,0.6930469870567322,0.0,-0.0,0.0,0.0,0.0,0.0,0.0,0.0,0.0,0.0,0.0,0.0,0
1786496262,248962402,100.0,-1.7200582663165491,-1.7037928740130823,-1.1327374617206019,-4.617746893559591,-4.890412036572592,0.6929990649223328,0.0,-0.0,0.0,0.0,0.0,0.0,0.0,0.0,0.0,0.0,0.0,0.0,0
1786496262,268830537,100.0,-1.7199862639056605,-1.703864876423971,-1.132749382649557,-4.617746893559591,-4.890423957501547,0.6930350065231323,0.0,-0.0,0.0,0.0,0.0,0.0,0.0,0.0,0.0,0.0,0.0,0.0,0
1786496262,289172410,100.0,-1.7200225035296839,-1.7038052717791956,-1.1327374617206019,-4.6177348534213465,-4.890447918568746,0.6930110454559326,0.0,-0.0,0.0,0.0,0.0,0.0,0.0,0.0,0.0,0.0,0.0,0.0,0
1786496262,308732509,100.0,-1.7200105826007288,-1.7038167158709925,-1.1327255407916468,-4.617722932492391,-4.890447918568746,0.6930469870567322,0.0,-0.0,0.0,0.0,0.0,0.0,0.0,0.0,0.0,0.0,0.0,0.0,0
1786496262,329411029,100.0,-1.720034424458639,-1.7038167158709925,-1.132749382649557,-4.617770854626791,-4.890459958706991,0.693058967590332,0.0,-0.0,0.0,0.0,0.0,0.0,0.0,0.0,0.0,0.0,0.0,0.0,0
1786496262,348877668,100.0,-1.720034424458639,-1.7038410345660608,-1.1327374617206019,-4.617746893559591,-4.890483919774191,0.6930709481239319,0.0,-0.0,0.0,0.0,0.0,0.0,0.0,0.0,0.0,0.0,0.0,0.0,0
1786496262,369305372,100.0,-1.720046345387594,-1.7038052717791956,-1.132749382649557,-4.617746893559591,-4.890471879635946,0.6930230259895325,0.0,-0.0,0.0,0.0,0.0,0.0,0.0,0.0,0.0,0.0,0.0,0.0,0
1786496262,388798713,100.0,-1.7200701872455042,-1.7037690321551722,-1.132749382649557,-4.6177948156939905,-4.890399638806478,0.6930469870567322,0.0,-0.0,0.0,0.0,0.0,0.0,0.0,0.0,0.0,0.0,0.0,0.0,0
1786496262,408975601,100.0,-1.7199862639056605,-1.7037928740130823,-1.132761303578512,-4.617806855832235,-4.890435997639791,0.6929990649223328,0.0,-0.0,0.0,0.0,0.0,0.0,0.0,0.0,0.0,0.0,0.0,0.0,0
1786496262,428778409,100.0,-1.7199862639056605,-1.7038052717791956,-1.1327737013446253,-4.617770854626791,-4.890435997639791,0.6930469870567322,0.0,-0.0,0.0,0.0,0.0,0.0,0.0,0.0,0.0,0.0,0.0,0.0,0
1786496262,449471473,100.0,-1.7199981848346155,-1.7038410345660608,-1.132749382649557,-4.617758814488546,-4.890423957501547,0.6930350065231323,0.0,-0.0,0.0,0.0,0.0,0.0,0.0,0.0,0.0,0.0,0.0,0.0,0
1786496262,468767642,100.0,-1.7200105826007288,-1.7037928740130823,-1.132749382649557,-4.617806855832235,-4.890459958706991,0.6930469870567322,0.0,-0.0,0.0,0.0,0.0,0.0,0.0,0.0,0.0,0.0,0.0,0.0,0
1786496262,489089488,100.0,-1.720046345387594,-1.7037213484393519,-1.1327374617206019,-4.6177828947650355,-4.890399638806478,0.6930469870567322,0.0,-0.0,0.0,0.0,0.0,0.0,0.0,0.0,0.0,0.0,0.0,0.0,0
1786496262,508910417,100.0,-1.7199862639056605,-1.7037809530841272,-1.132749382649557,-4.617770854626791,-4.890435997639791,0.6930350065231323,0.0,-0.0,0.0,0.0,0.0,0.0,0.0,0.0,0.0,0.0,0.0,0.0,0
1786496262,528995990,100.0,-1.7199743429767054,-1.7038167158709925,-1.1327255407916468,-4.6177828947650355,-4.890435997639791,0.6930469870567322,0.0,-0.0,0.0,0.0,0.0,0.0,0.0,0.0,0.0,0.0,0.0,0.0,0
1786496262,548869848,100.0,-1.720034424458639,-1.703757111226217,-1.132749382649557,-4.617758814488546,-4.890447918568746,0.6930110454559326,0.0,-0.0,0.0,0.0,0.0,0.0,0.0,0.0,0.0,0.0,0.0,0.0,0
1786496262,569043874,100.0,-1.7199862639056605,-1.703864876423971,-1.1327255407916468,-4.617770854626791,-4.890459958706991,0.6930350065231323,0.0,-0.0,0.0,0.0,0.0,0.0,0.0,0.0,0.0,0.0,0.0,0.0,0
1786496262,588795423,100.0,-1.7200225035296839,-1.7038291136371058,-1.1327136198626917,-4.617746893559591,-4.890423957501547,0.6929990649223328,0.0,-0.0,0.0,0.0,0.0,0.0,0.0,0.0,0.0,0.0,0.0,0.0,0
1786496262,609065055,100.0,-1.720034424458639,-1.7037928740130823,-1.132761303578512,-4.617758814488546,-4.890423957501547,0.6930230259895325,0.0,-0.0,0.0,0.0,0.0,0.0,0.0,0.0,0.0,0.0,0.0,0.0,0
1786496262,628760814,100.0,-1.7200225035296839,-1.703852955495016,-1.1327737013446253,-4.617770854626791,-4.890459958706991,0.6930230259895325,0.0,-0.0,0.0,0.0,0.0,0.0,0.0,0.0,0.0,0.0,0.0,0.0,0
1786496262,649280309,100.0,-1.7200105826007288,-1.703864876423971,-1.132749382649557,-4.6177828947650355,-4.890423957501547,0.6930350065231323,0.0,-0.0,0.0,0.0,0.0,0.0,0.0,0.0,0.0,0.0,0.0,0.0,0
1786496262,668999671,100.0,-1.720046345387594,-1.703757111226217,-1.132749382649557,-4.617746893559591,-4.890435997639791,0.6930469870567322,0.0,-0.0,0.0,0.0,0.0,0.0,0.0,0.0,0.0,0.0,0.0,0.0,0
1786496262,689302682,100.0,-1.7199981848346155,-1.7038291136371058,-1.1327136198626917,-4.617746893559591,-4.890412036572592,0.693058967590332,0.0,-0.0,0.0,0.0,0.0,0.0,0.0,0.0,0.0,0.0,0.0,0.0,0
1786496262,708752870,100.0,-1.720046345387594,-1.7038291136371058,-1.132749382649557,-4.617746893559591,-4.890435997639791,0.6929870843887329,0.0,-0.0,0.0,0.0,0.0,0.0,0.0,0.0,0.0,0.0,0.0,0.0,0
1786496262,729391813,100.0,-1.720046345387594,-1.7038052717791956,-1.1327856222735804,-4.617770854626791,-4.890447918568746,0.6930230259895325,0.0,-0.0,0.0,0.0,0.0,0.0,0.0,0.0,0.0,0.0,0.0,0.0,0
1786496262,748774290,100.0,-1.7200225035296839,-1.7038052717791956,-1.132749382649557,-4.6177348534213465,-4.890412036572592,0.6930110454559326,0.0,-0.0,0.0,0.0,0.0,0.0,0.0,0.0,0.0,0.0,0.0,0.0,0
1786496262,769052743,100.0,-1.7200225035296839,-1.7038291136371058,-1.1327255407916468,-4.617746893559591,-4.890423957501547,0.6930230259895325,0.0,-0.0,0.0,0.0,0.0,0.0,0.0,0.0,0.0,0.0,0.0,0.0,0
1786496262,788785219,100.0,-1.7200582663165491,-1.7038291136371058,-1.132749382649557,-4.617758814488546,-4.890435997639791,0.6930110454559326,0.0,-0.0,0.0,0.0,0.0,0.0,0.0,0.0,0.0,0.0,0.0,0.0,0
1786496262,808799266,100.0,-1.7200225035296839,-1.7038410345660608,-1.1327374617206019,-4.6177948156939905,-4.890435997639791,0.6930110454559326,0.0,-0.0,0.0,0.0,0.0,0.0,0.0,0.0,0.0,0.0,0.0,0.0,0
1786496262,828866481,100.0,-1.720046345387594,-1.7038052717791956,-1.132761303578512,-4.617758814488546,-4.890412036572592,0.6930469870567322,0.0,-0.0,0.0,0.0,0.0,0.0,0.0,0.0,0.0,0.0,0.0,0.0,0
1786496262,849537372,100.0,-1.720034424458639,-1.7038167158709925,-1.1327374617206019,-4.617758814488546,-4.890459958706991,0.6930829286575317,0.0,-0.0,0.0,0.0,0.0,0.0,0.0,0.0,0.0,0.0,0.0,0.0,0
1786496262,868792057,100.0,-1.7200105826007288,-1.7037809530841272,-1.1327255407916468,-4.617770854626791,-4.890435997639791,0.6930350065231323,0.0,-0.0,0.0,0.0,0.0,0.0,0.0,0.0,0.0,0.0,0.0,0.0,0
1786496262,888782501,100.0,-1.7200582663165491,-1.7038052717791956,-1.1327374617206019,-4.617746893559591,-4.890423957501547,0.6930110454559326,0.0,-0.0,0.0,0.0,0.0,0.0,0.0,0.0,0.0,0.0,0.0,0.0,0
1786496262,908744096,100.0,-1.720046345387594,-1.7038167158709925,-1.1327374617206019,-4.617746893559591,-4.890435997639791,0.6929990649223328,0.0,-0.0,0.0,0.0,0.0,0.0,0.0,0.0,0.0,0.0,0.0,0.0,0
1786496262,928932666,100.0,-1.7200225035296839,-1.7038291136371058,-1.132749382649557,-4.617758814488546,-4.890435997639791,0.6929751038551331,0.0,-0.0,0.0,0.0,0.0,0.0,0.0,0.0,0.0,0.0,0.0,0.0,0
1786496262,948879241,100.0,-1.720046345387594,-1.7038291136371058,-1.1327136198626917,-4.6177828947650355,-4.890423957501547,0.6929990649223328,0.0,-0.0,0.0,0.0,0.0,0.0,0.0,0.0,0.0,0.0,0.0,0.0,0
1786496262,969094514,100.0,-1.7199981848346155,-1.7037809530841272,-1.1327374617206019,-4.6177828947650355,-4.890399638806478,0.693058967590332,0.0,-0.0,0.0,0.0,0.0,0.0,0.0,0.0,0.0,0.0,0.0,0.0,0
1786496262,988869428,100.0,-1.7200225035296839,-1.7037809530841272,-1.1327255407916468,-4.617758814488546,-4.890399638806478,0.6930469870567322,0.0,-0.0,0.0,0.0,0.0,0.0,0.0,0.0,0.0,0.0,0.0,0.0,0
1786496263,9171724,100.0,-1.720034424458639,-1.7037928740130823,-1.1327255407916468,-4.617770854626791,-4.890412036572592,0.6930110454559326,0.0,-0.0,0.0,0.0,0.0,0.0,0.0,0.0,0.0,0.0,0.0,0.0,0
1786496263,28738498,100.0,-1.720046345387594,-1.7037690321551722,-1.1327255407916468,-4.6177828947650355,-4.890447918568746,0.6930350065231323,0.0,-0.0,0.0,0.0,0.0,0.0,0.0,0.0,0.0,0.0,0.0,0.0,0
1786496263,49237251,100.0,-1.720046345387594,-1.7038052717791956,-1.1327255407916468,-4.617710892354147,-4.890459958706991,0.6930469870567322,0.0,-0.0,0.0,0.0,0.0,0.0,0.0,0.0,0.0,0.0,0.0,0.0,0
1786496263,68724632,100.0,-1.7200225035296839,-1.7037809530841272,-1.1327255407916468,-4.617758814488546,-4.890423957501547,0.6929990649223328,0.0,-0.0,0.0,0.0,0.0,0.0,0.0,0.0,0.0,0.0,0.0,0.0,0
1786496263,89444875,100.0,-1.720046345387594,-1.7038167158709925,-1.1327255407916468,-4.6177948156939905,-4.890435997639791,0.6930709481239319,0.0,-0.0,0.0,0.0,0.0,0.0,0.0,0.0,0.0,0.0,0.0,0.0,0
1786496263,108716964,100.0,-1.720046345387594,-1.7038052717791956,-1.132749382649557,-4.617758814488546,-4.890387598668234,0.6930230259895325,0.0,-0.0,0.0,0.0,0.0,0.0,0.0,0.0,0.0,0.0,0.0,0.0,0
1786496263,128888368,100.0,-1.7200105826007288,-1.7038410345660608,-1.1327016989337366,-4.617770854626791,-4.890423957501547,0.6930110454559326,0.0,-0.0,0.0,0.0,0.0,0.0,0.0,0.0,0.0,0.0,0.0,0.0,0
1786496263,148885965,100.0,-1.720046345387594,-1.703852955495016,-1.132749382649557,-4.617746893559591,-4.890435997639791,0.6930350065231323,0.0,-0.0,0.0,0.0,0.0,0.0,0.0,0.0,0.0,0.0,0.0,0.0,0
1786496263,168848752,100.0,-1.7199981848346155,-1.7037928740130823,-1.132761303578512,-4.617722932492391,-4.890471879635946,0.6929990649223328,0.0,-0.0,0.0,0.0,0.0,0.0,0.0,0.0,0.0,0.0,0.0,0.0,0
1786496263,188875198,100.0,-1.7200225035296839,-1.7037928740130823,-1.1327255407916468,-4.6177348534213465,-4.890399638806478,0.6930469870567322,0.0,-0.0,0.0,0.0,0.0,0.0,0.0,0.0,0.0,0.0,0.0,0.0,0
1786496263,209039688,100.0,-1.7199981848346155,-1.7038052717791956,-1.132749382649557,-4.617746893559591,-4.890459958706991,0.693058967590332,0.0,-0.0,0.0,0.0,0.0,0.0,0.0,0.0,0.0,0.0,0.0,0.0,0
1786496263,228808879,100.0,-1.720034424458639,-1.7038167158709925,-1.1327136198626917,-4.617770854626791,-4.890471879635946,0.6930350065231323,0.0,-0.0,0.0,0.0,0.0,0.0,0.0,0.0,0.0,0.0,0.0,0.0,0
1786496263,249420642,100.0,-1.7200105826007288,-1.7038410345660608,-1.1327255407916468,-4.617746893559591,-4.890412036572592,0.6929990649223328,0.0,-0.0,0.0,0.0,0.0,0.0,0.0,0.0,0.0,0.0,0.0,0.0,0
1786496263,268833875,100.0,-1.7200225035296839,-1.7038167158709925,-1.1327374617206019,-4.617746893559591,-4.890435997639791,0.6930469870567322,0.0,-0.0,0.0,0.0,0.0,0.0,0.0,0.0,0.0,0.0,0.0,0.0,0
1786496263,288969516,100.0,-1.720046345387594,-1.7038410345660608,-1.132761303578512,-4.617746893559591,-4.890387598668234,0.6930469870567322,0.0,-0.0,0.0,0.0,0.0,0.0,0.0,0.0,0.0,0.0,0.0,0.0,0
1786496263,308758974,100.0,-1.7200225035296839,-1.7038167158709925,-1.1327374617206019,-4.617758814488546,-4.890399638806478,0.6930469870567322,0.0,-0.0,0.0,0.0,0.0,0.0,0.0,0.0,0.0,0.0,0.0,0.0,0
1786496263,329283237,100.0,-1.7200105826007288,-1.7038167158709925,-1.132761303578512,-4.6177948156939905,-4.890399638806478,0.6930469870567322,0.0,-0.0,0.0,0.0,0.0,0.0,0.0,0.0,0.0,0.0,0.0,0.0,0
1786496263,348883867,100.0,-1.7199981848346155,-1.7037809530841272,-1.1327136198626917,-4.617758814488546,-4.890435997639791,0.6930469870567322,0.0,-0.0,0.0,0.0,0.0,0.0,0.0,0.0,0.0,0.0,0.0,0.0,0
1786496263,368876218,100.0,-1.7200105826007288,-1.7038410345660608,-1.1327016989337366,-4.617746893559591,-4.890423957501547,0.6930709481239319,0.0,-0.0,0.0,0.0,0.0,0.0,0.0,0.0,0.0,0.0,0.0,0.0,0
1786496263,388836383,100.0,-1.720034424458639,-1.7038167158709925,-1.132749382649557,-4.6177348534213465,-4.890399638806478,0.6930230259895325,0.0,-0.0,0.0,0.0,0.0,0.0,0.0,0.0,0.0,0.0,0.0,0.0,0
1786496263,408833503,100.0,-1.7200105826007288,-1.7038167158709925,-1.132761303578512,-4.617722932492391,-4.890435997639791,0.6930469870567322,0.0,-0.0,0.0,0.0,0.0,0.0,0.0,0.0,0.0,0.0,0.0,0.0,0
1786496263,428872585,100.0,-1.7199743429767054,-1.7038167158709925,-1.1327255407916468,-4.617758814488546,-4.890423957501547,0.6930829286575317,0.0,-0.0,0.0,0.0,0.0,0.0,0.0,0.0,0.0,0.0,0.0,0.0,0
1786496263,449461221,100.0,-1.7199981848346155,-1.7037809530841272,-1.1327016989337366,-4.617746893559591,-4.890459958706991,0.693058967590332,0.0,-0.0,0.0,0.0,0.0,0.0,0.0,0.0,0.0,0.0,0.0,0.0,0
1786496263,468763113,100.0,-1.7200225035296839,-1.7037809530841272,-1.1327374617206019,-4.6177948156939905,-4.890435997639791,0.6930110454559326,0.0,-0.0,0.0,0.0,0.0,0.0,0.0,0.0,0.0,0.0,0.0,0.0,0
1786496263,489070653,100.0,-1.720046345387594,-1.7038167158709925,-1.132761303578512,-4.617722932492391,-4.890459958706991,0.6930110454559326,0.0,-0.0,0.0,0.0,0.0,0.0,0.0,0.0,0.0,0.0,0.0,0.0,0
1786496263,508782863,100.0,-1.720046345387594,-1.7037928740130823,-1.132749382649557,-4.617746893559591,-4.890423957501547,0.6930350065231323,0.0,-0.0,0.0,0.0,0.0,0.0,0.0,0.0,0.0,0.0,0.0,0.0,0
1786496263,528939008,100.0,-1.7200225035296839,-1.703757111226217,-1.132749382649557,-4.617758814488546,-4.890423957501547,0.6930230259895325,0.0,-0.0,0.0,0.0,0.0,0.0,0.0,0.0,0.0,0.0,0.0,0.0,0
1786496263,548880338,100.0,-1.720034424458639,-1.7038052717791956,-1.1327374617206019,-4.6177348534213465,-4.890471879635946,0.693058967590332,0.0,-0.0,0.0,0.0,0.0,0.0,0.0,0.0,0.0,0.0,0.0,0.0,0
1786496263,569573879,100.0,-1.7199981848346155,-1.703757111226217,-1.1326897780047815,-4.617722932492391,-4.890412036572592,0.6930230259895325,0.0,-0.0,0.0,0.0,0.0,0.0,0.0,0.0,0.0,0.0,0.0,0.0,0
1786496263,588783025,100.0,-1.7200225035296839,-1.7038291136371058,-1.132749382649557,-4.6177348534213465,-4.890435997639791,0.6930350065231323,0.0,-0.0,0.0,0.0,0.0,0.0,0.0,0.0,0.0,0.0,0.0,0.0,0
1786496263,609136104,100.0,-1.7200582663165491,-1.703757111226217,-1.132749382649557,-4.617758814488546,-4.890412036572592,0.693058967590332,0.0,-0.0,0.0,0.0,0.0,0.0,0.0,0.0,0.0,0.0,0.0,0.0,0
1786496263,628783464,100.0,-1.7200105826007288,-1.7037327925311487,-1.132749382649557,-4.6177948156939905,-4.890423957501547,0.6930350065231323,0.0,-0.0,0.0,0.0,0.0,0.0,0.0,0.0,0.0,0.0,0.0,0.0,0
1786496263,649398803,100.0,-1.720046345387594,-1.7038167158709925,-1.1327255407916468,-4.617770854626791,-4.890423957501547,0.693058967590332,0.0,-0.0,0.0,0.0,0.0,0.0,0.0,0.0,0.0,0.0,0.0,0.0,0
1786496263,668716430,100.0,-1.7200225035296839,-1.7038052717791956,-1.1327136198626917,-4.617806855832235,-4.890423957501547,0.6930350065231323,0.0,-0.0,0.0,0.0,0.0,0.0,0.0,0.0,0.0,0.0,0.0,0.0,0
1786496263,688906192,100.0,-1.7200105826007288,-1.703852955495016,-1.1327374617206019,-4.6177828947650355,-4.890447918568746,0.693058967590332,0.0,-0.0,0.0,0.0,0.0,0.0,0.0,0.0,0.0,0.0,0.0,0.0,0
1786496263,708725214,100.0,-1.720034424458639,-1.7037327925311487,-1.132749382649557,-4.6177948156939905,-4.890412036572592,0.6930110454559326,0.0,-0.0,0.0,0.0,0.0,0.0,0.0,0.0,0.0,0.0,0.0,0.0,0
1786496263,728998661,100.0,-1.7199624220477503,-1.7038052717791956,-1.132749382649557,-4.617758814488546,-4.890471879635946,0.6929870843887329,0.0,-0.0,0.0,0.0,0.0,0.0,0.0,0.0,0.0,0.0,0.0,0.0,0
1786496263,748898506,100.0,-1.720046345387594,-1.7037690321551722,-1.1326659361468714,-4.617770854626791,-4.890459958706991,0.6930709481239319,0.0,-0.0,0.0,0.0,0.0,0.0,0.0,0.0,0.0,0.0,0.0,0.0,0
1786496263,769710302,100.0,-1.7200225035296839,-1.703745190297262,-1.132761303578512,-4.6177948156939905,-4.890399638806478,0.6930230259895325,0.0,-0.0,0.0,0.0,0.0,0.0,0.0,0.0,0.0,0.0,0.0,0.0,0
1786496263,788748741,100.0,-1.7199862639056605,-1.7037809530841272,-1.132749382649557,-4.617698971425192,-4.890435997639791,0.6930350065231323,0.0,-0.0,0.0,0.0,0.0,0.0,0.0,0.0,0.0,0.0,0.0,0.0,0
1786496263,808890581,100.0,-1.7199862639056605,-1.7037928740130823,-1.1327374617206019,-4.617770854626791,-4.890435997639791,0.6930110454559326,0.0,-0.0,0.0,0.0,0.0,0.0,0.0,0.0,0.0,0.0,0.0,0.0,0
1786496263,828757286,100.0,-1.7199981848346155,-1.7038410345660608,-1.1327374617206019,-4.617746893559591,-4.890412036572592,0.6930110454559326,0.0,-0.0,0.0,0.0,0.0,0.0,0.0,0.0,0.0,0.0,0.0,0.0,0
1786496263,849081993,100.0,-1.7200701872455042,-1.7038291136371058,-1.1327016989337366,-4.617758814488546,-4.890412036572592,0.6930469870567322,0.0,-0.0,0.0,0.0,0.0,0.0,0.0,0.0,0.0,0.0,0.0,0.0,0
1786496263,868792533,100.0,-1.7200225035296839,-1.7038167158709925,-1.1326897780047815,-4.617806855832235,-4.890471879635946,0.6930469870567322,0.0,-0.0,0.0,0.0,0.0,0.0,0.0,0.0,0.0,0.0,0.0,0.0,0
1786496263,888895511,100.0,-1.7199862639056605,-1.7037809530841272,-1.1327016989337366,-4.617806855832235,-4.890412036572592,0.6930469870567322,0.0,-0.0,0.0,0.0,0.0,0.0,0.0,0.0,0.0,0.0,0.0,0.0,0
1786496263,908776998,100.0,-1.720034424458639,-1.703757111226217,-1.1327737013446253,-4.6177948156939905,-4.890423957501547,0.6930350065231323,0.0,-0.0,0.0,0.0,0.0,0.0,0.0,0.0,0.0,0.0,0.0,0.0,0
1786496263,929485797,100.0,-1.7200701872455042,-1.703757111226217,-1.1327136198626917,-4.617746893559591,-4.890447918568746,0.6930709481239319,0.0,-0.0,0.0,0.0,0.0,0.0,0.0,0.0,0.0,0.0,0.0,0.0,0
1786496263,948840618,100.0,-1.720046345387594,-1.7037690321551722,-1.1327255407916468,-4.617758814488546,-4.890447918568746,0.6929990649223328,0.0,-0.0,0.0,0.0,0.0,0.0,0.0,0.0,0.0,0.0,0.0,0.0,0
1786496263,969241380,100.0,-1.720046345387594,-1.7037928740130823,-1.1327374617206019,-4.617758814488546,-4.890459958706991,0.6930350065231323,0.0,-0.0,0.0,0.0,0.0,0.0,0.0,0.0,0.0,0.0,0.0,0.0,0
1786496263,988761663,100.0,-1.720046345387594,-1.7038052717791956,-1.1327255407916468,-4.6177948156939905,-4.890423957501547,0.6930110454559326,0.0,-0.0,0.0,0.0,0.0,0.0,0.0,0.0,0.0,0.0,0.0,0.0,0
1786496264,8944749,100.0,-1.7200701872455042,-1.7038167158709925,-1.132749382649557,-4.617770854626791,-4.890423957501547,0.6930469870567322,0.0,-0.0,0.0,0.0,0.0,0.0,0.0,0.0,0.0,0.0,0.0,0.0,0
1786496264,28823852,100.0,-1.7199981848346155,-1.7037928740130823,-1.1327136198626917,-4.617758814488546,-4.890459958706991,0.6930829286575317,0.0,-0.0,0.0,0.0,0.0,0.0,0.0,0.0,0.0,0.0,0.0,0.0,0
1786496264,49129962,100.0,-1.720034424458639,-1.7037809530841272,-1.1327255407916468,-4.617758814488546,-4.890435997639791,0.6930230259895325,0.0,-0.0,0.0,0.0,0.0,0.0,0.0,0.0,0.0,0.0,0.0,0.0,0
1786496264,68779230,100.0,-1.7199862639056605,-1.7038167158709925,-1.1327737013446253,-4.6177348534213465,-4.890471879635946,0.6930350065231323,0.0,-0.0,0.0,0.0,0.0,0.0,0.0,0.0,0.0,0.0,0.0,0.0,0
1786496264,89506387,100.0,-1.720034424458639,-1.7038291136371058,-1.1327737013446253,-4.617722932492391,-4.890447918568746,0.6930469870567322,0.0,-0.0,0.0,0.0,0.0,0.0,0.0,0.0,0.0,0.0,0.0,0.0,0
1786496264,108776807,100.0,-1.7200225035296839,-1.7038410345660608,-1.1327136198626917,-4.617746893559591,-4.890447918568746,0.6930350065231323,0.0,-0.0,0.0,0.0,0.0,0.0,0.0,0.0,0.0,0.0,0.0,0.0,0
1786496264,129041671,100.0,-1.720034424458639,-1.7038052717791956,-1.1326897780047815,-4.6177828947650355,-4.890435997639791,0.6930469870567322,0.0,-0.0,0.0,0.0,0.0,0.0,0.0,0.0,0.0,0.0,0.0,0.0,0
1786496264,148893117,100.0,-1.7199862639056605,-1.703852955495016,-1.132761303578512,-4.617806855832235,-4.890423957501547,0.693058967590332,0.0,-0.0,0.0,0.0,0.0,0.0,0.0,0.0,0.0,0.0,0.0,0.0,0
1786496264,169135570,100.0,-1.7200105826007288,-1.7037809530841272,-1.132749382649557,-4.617770854626791,-4.890447918568746,0.6930110454559326,0.0,-0.0,0.0,0.0,0.0,0.0,0.0,0.0,0.0,0.0,0.0,0.0,0
1786496264,188782930,100.0,-1.7200105826007288,-1.7037690321551722,-1.1327374617206019,-4.6177828947650355,-4.890423957501547,0.6929990649223328,0.0,-0.0,0.0,0.0,0.0,0.0,0.0,0.0,0.0,0.0,0.0,0.0,0
1786496264,209381818,100.0,-1.720034424458639,-1.7038052717791956,-1.1327374617206019,-4.617758814488546,-4.890459958706991,0.6930949091911316,0.0,-0.0,0.0,0.0,0.0,0.0,0.0,0.0,0.0,0.0,0.0,0.0,0
1786496264,228775262,100.0,-1.720046345387594,-1.7037690321551722,-1.1327016989337366,-4.617746893559591,-4.890423957501547,0.6929990649223328,0.0,-0.0,0.0,0.0,0.0,0.0,0.0,0.0,0.0,0.0,0.0,0.0,0
1786496264,249182701,100.0,-1.7200105826007288,-1.7037928740130823,-1.1327136198626917,-4.6177948156939905,-4.890412036572592,0.6930230259895325,0.0,-0.0,0.0,0.0,0.0,0.0,0.0,0.0,0.0,0.0,0.0,0.0,0
1786496264,268756151,100.0,-1.7200582663165491,-1.7038167158709925,-1.1327737013446253,-4.617758814488546,-4.890412036572592,0.6930469870567322,0.0,-0.0,0.0,0.0,0.0,0.0,0.0,0.0,0.0,0.0,0.0,0.0,0
1786496264,289067268,100.0,-1.720034424458639,-1.703852955495016,-1.132749382649557,-4.617746893559591,-4.890399638806478,0.6930350065231323,0.0,-0.0,0.0,0.0,0.0,0.0,0.0,0.0,0.0,0.0,0.0,0.0,0
1786496264,308814287,100.0,-1.7200701872455042,-1.7038052717791956,-1.1327255407916468,-4.6177828947650355,-4.890435997639791,0.6930469870567322,0.0,-0.0,0.0,0.0,0.0,0.0,0.0,0.0,0.0,0.0,0.0,0.0,0
1786496264,328926801,100.0,-1.7199624220477503,-1.7037928740130823,-1.132749382649557,-4.6177828947650355,-4.890412036572592,0.6930469870567322,0.0,-0.0,0.0,0.0,0.0,0.0,0.0,0.0,0.0,0.0,0.0,0.0,0
1786496264,348909854,100.0,-1.720046345387594,-1.7037809530841272,-1.1327737013446253,-4.617746893559591,-4.890387598668234,0.693058967590332,0.0,-0.0,0.0,0.0,0.0,0.0,0.0,0.0,0.0,0.0,0.0,0.0,0
1786496264,369113683,100.0,-1.720046345387594,-1.7037809530841272,-1.1327374617206019,-4.617746893559591,-4.890412036572592,0.6929870843887329,0.0,-0.0,0.0,0.0,0.0,0.0,0.0,0.0,0.0,0.0,0.0,0.0,0
1786496264,388901948,100.0,-1.7200105826007288,-1.7038052717791956,-1.1327136198626917,-4.6177828947650355,-4.890387598668234,0.6930110454559326,0.0,-0.0,0.0,0.0,0.0,0.0,0.0,0.0,0.0,0.0,0.0,0.0,0
1786496264,409162998,100.0,-1.720034424458639,-1.703852955495016,-1.1327255407916468,-4.617758814488546,-4.890423957501547,0.6929990649223328,0.0,-0.0,0.0,0.0,0.0,0.0,0.0,0.0,0.0,0.0,0.0,0.0,0
1786496264,428826808,100.0,-1.720046345387594,-1.7038291136371058,-1.132761303578512,-4.617758814488546,-4.890447918568746,0.6929990649223328,0.0,-0.0,0.0,0.0,0.0,0.0,0.0,0.0,0.0,0.0,0.0,0.0,0
1786496264,449284315,100.0,-1.7199862639056605,-1.7038052717791956,-1.1327016989337366,-4.617806855832235,-4.890459958706991,0.6930709481239319,0.0,-0.0,0.0,0.0,0.0,0.0,0.0,0.0,0.0,0.0,0.0,0.0,0
1786496264,468771219,100.0,-1.7200701872455042,-1.7038052717791956,-1.1327255407916468,-4.6177948156939905,-4.890399638806478,0.6930350065231323,0.0,-0.0,0.0,0.0,0.0,0.0,0.0,0.0,0.0,0.0,0.0,0.0,0
1786496264,489242076,100.0,-1.720046345387594,-1.7038052717791956,-1.1327255407916468,-4.6177828947650355,-4.890423957501547,0.693058967590332,0.0,-0.0,0.0,0.0,0.0,0.0,0.0,0.0,0.0,0.0,0.0,0.0,0
1786496264,508748054,100.0,-1.7199981848346155,-1.7037690321551722,-1.1327136198626917,-4.617722932492391,-4.890435997639791,0.6929990649223328,0.0,-0.0,0.0,0.0,0.0,0.0,0.0,0.0,0.0,0.0,0.0,0.0,0
1786496264,528879880,100.0,-1.7199981848346155,-1.7037928740130823,-1.1327136198626917,-4.617746893559591,-4.890459958706991,0.6930829286575317,0.0,-0.0,0.0,0.0,0.0,0.0,0.0,0.0,0.0,0.0,0.0,0.0,0
1786496264,548857450,100.0,-1.7200105826007288,-1.7037928740130823,-1.1326773802386683,-4.6177348534213465,-4.890387598668234,0.6930230259895325,0.0,-0.0,0.0,0.0,0.0,0.0,0.0,0.0,0.0,0.0,0.0,0.0,0
1786496264,568682670,100.0,-1.7200225035296839,-1.7038167158709925,-1.1327016989337366,-4.617710892354147,-4.890412036572592,0.6930110454559326,0.0,-0.0,0.0,0.0,0.0,0.0,0.0,0.0,0.0,0.0,0.0,0.0,0
1786496264,588851451,100.0,-1.7200105826007288,-1.7037809530841272,-1.1327737013446253,-4.61781877676119,-4.890399638806478,0.6930230259895325,0.0,-0.0,0.0,0.0,0.0,0.0,0.0,0.0,0.0,0.0,0.0,0.0,0
1786496264,608943462,100.0,-1.7199743429767054,-1.7038167158709925,-1.1327374617206019,-4.617770854626791,-4.890399638806478,0.6930230259895325,0.0,-0.0,0.0,0.0,0.0,0.0,0.0,0.0,0.0,0.0,0.0,0.0,0
1786496264,628862619,100.0,-1.7200105826007288,-1.7037928740130823,-1.132749382649557,-4.617746893559591,-4.890435997639791,0.6930350065231323,0.0,-0.0,0.0,0.0,0.0,0.0,0.0,0.0,0.0,0.0,0.0,0.0,0
1786496264,649634838,100.0,-1.7200225035296839,-1.703757111226217,-1.1326897780047815,-4.617722932492391,-4.890399638806478,0.6930230259895325,0.0,-0.0,0.0,0.0,0.0,0.0,0.0,0.0,0.0,0.0,0.0,0.0,0
1786496264,668814897,100.0,-1.7200105826007288,-1.7038291136371058,-1.1327255407916468,-4.6177828947650355,-4.890423957501547,0.693058967590332,0.0,-0.0,0.0,0.0,0.0,0.0,0.0,0.0,0.0,0.0,0.0,0.0,0
1786496264,689142465,100.0,-1.7200105826007288,-1.703852955495016,-1.1327374617206019,-4.617710892354147,-4.890447918568746,0.693058967590332,0.0,-0.0,0.0,0.0,0.0,0.0,0.0,0.0,0.0,0.0,0.0,0.0,0
1786496264,708784818,100.0,-1.720034424458639,-1.7038291136371058,-1.1326773802386683,-4.617746893559591,-4.890412036572592,0.6930230259895325,0.0,-0.0,0.0,0.0,0.0,0.0,0.0,0.0,0.0,0.0,0.0,0.0,0
1786496264,729194164,100.0,-1.7199981848346155,-1.703864876423971,-1.132761303578512,-4.6177828947650355,-4.890435997639791,0.6930110454559326,0.0,-0.0,0.0,0.0,0.0,0.0,0.0,0.0,0.0,0.0,0.0,0.0,0
1786496264,748852729,100.0,-1.7199981848346155,-1.7038291136371058,-1.1326897780047815,-4.617746893559591,-4.890399638806478,0.6930709481239319,0.0,-0.0,0.0,0.0,0.0,0.0,0.0,0.0,0.0,0.0,0.0,0.0,0
1786496264,768882989,100.0,-1.7200582663165491,-1.7037809530841272,-1.132761303578512,-4.617770854626791,-4.890423957501547,0.693058967590332,0.0,-0.0,0.0,0.0,0.0,0.0,0.0,0.0,0.0,0.0,0.0,0.0,0
1786496264,789167642,100.0,-1.7200225035296839,-1.7038410345660608,-1.1327374617206019,-4.617758814488546,-4.890435997639791,0.6930469870567322,0.0,-0.0,0.0,0.0,0.0,0.0,0.0,0.0,0.0,0.0,0.0,0.0,0
1786496264,808748245,100.0,-1.7200105826007288,-1.7038167158709925,-1.132749382649557,-4.617770854626791,-4.890423957501547,0.6930110454559326,0.0,-0.0,0.0,0.0,0.0,0.0,0.0,0.0,0.0,0.0,0.0,0.0,0
1786496264,828745126,100.0,-1.7200225035296839,-1.7037690321551722,-1.1327374617206019,-4.617770854626791,-4.890459958706991,0.6930230259895325,0.0,-0.0,0.0,0.0,0.0,0.0,0.0,0.0,0.0,0.0,0.0,0.0,0
1786496264,849436759,100.0,-1.720034424458639,-1.7037809530841272,-1.132761303578512,-4.617758814488546,-4.890399638806478,0.6930230259895325,0.0,-0.0,0.0,0.0,0.0,0.0,0.0,0.0,0.0,0.0,0.0,0.0,0
1786496264,868808507,100.0,-1.7200225035296839,-1.7037928740130823,-1.132749382649557,-4.6177348534213465,-4.890447918568746,0.6930469870567322,0.0,-0.0,0.0,0.0,0.0,0.0,0.0,0.0,0.0,0.0,0.0,0.0,0
1786496264,889601945,100.0,-1.7199981848346155,-1.7037928740130823,-1.1327737013446253,-4.6177828947650355,-4.890423957501547,0.6930110454559326,0.0,-0.0,0.0,0.0,0.0,0.0,0.0,0.0,0.0,0.0,0.0,0.0,0
1786496264,908793449,100.0,-1.7200225035296839,-1.7037690321551722,-1.132749382649557,-4.617770854626791,-4.890459958706991,0.6930110454559326,0.0,-0.0,0.0,0.0,0.0,0.0,0.0,0.0,0.0,0.0,0.0,0.0,0
1786496264,929051876,100.0,-1.7199743429767054,-1.7038167158709925,-1.1327136198626917,-4.6177948156939905,-4.890459958706991,0.6930110454559326,0.0,-0.0,0.0,0.0,0.0,0.0,0.0,0.0,0.0,0.0,0.0,0.0,0
1786496264,948861122,100.0,-1.7200105826007288,-1.7038052717791956,-1.1327136198626917,-4.617770854626791,-4.890435997639791,0.6930110454559326,0.0,-0.0,0.0,0.0,0.0,0.0,0.0,0.0,0.0,0.0,0.0,0.0,0
1786496264,968996047,100.0,-1.7200225035296839,-1.7038052717791956,-1.1327856222735804,-4.6177948156939905,-4.890399638806478,0.6930469870567322,0.0,-0.0,0.0,0.0,0.0,0.0,0.0,0.0,0.0,0.0,0.0,0.0,0
1786496264,988827466,100.0,-1.7199981848346155,-1.7038291136371058,-1.1327975432025355,-4.617758814488546,-4.890471879635946,0.6930230259895325,0.0,-0.0,0.0,0.0,0.0,0.0,0.0,0.0,0.0,0.0,0.0,0.0,0
1786496265,9234905,100.0,-1.7200225035296839,-1.7038291136371058,-1.132749382649557,-4.617770854626791,-4.890435997639791,0.6929990649223328,0.0,-0.0,0.0,0.0,0.0,0.0,0.0,0.0,0.0,0.0,0.0,0.0,0
1786496265,28770208,100.0,-1.7200225035296839,-1.7038291136371058,-1.1327255407916468,-4.6177828947650355,-4.890387598668234,0.6930829286575317,0.0,-0.0,0.0,0.0,0.0,0.0,0.0,0.0,0.0,0.0,0.0,0.0,0
1786496265,49173593,100.0,-1.720046345387594,-1.7037928740130823,-1.132761303578512,-4.6177948156939905,-4.890435997639791,0.6930230259895325,0.0,-0.0,0.0,0.0,0.0,0.0,0.0,0.0,0.0,0.0,0.0,0.0,0
1786496265,68754673,100.0,-1.7200225035296839,-1.7038291136371058,-1.1327016989337366,-4.617722932492391,-4.890399638806478,0.6930350065231323,0.0,-0.0,0.0,0.0,0.0,0.0,0.0,0.0,0.0,0.0,0.0,0.0,0
1786496265,88860750,100.0,-1.7199981848346155,-1.7038052717791956,-1.1327136198626917,-4.617770854626791,-4.890447918568746,0.6930350065231323,0.0,-0.0,0.0,0.0,0.0,0.0,0.0,0.0,0.0,0.0,0.0,0.0,0
1786496265,108865737,100.0,-1.7199624220477503,-1.703852955495016,-1.132749382649557,-4.617770854626791,-4.890459958706991,0.6930230259895325,0.0,-0.0,0.0,0.0,0.0,0.0,0.0,0.0,0.0,0.0,0.0,0.0,0
1786496265,128924608,100.0,-1.720034424458639,-1.7037809530841272,-1.132749382649557,-4.617806855832235,-4.890412036572592,0.6930469870567322,0.0,-0.0,0.0,0.0,0.0,0.0,0.0,0.0,0.0,0.0,0.0,0.0,0
1786496265,148906469,100.0,-1.7200821081744593,-1.7038167158709925,-1.1327136198626917,-4.617722932492391,-4.890423957501547,0.693058967590332,0.0,-0.0,0.0,0.0,0.0,0.0,0.0,0.0,0.0,0.0,0.0,0.0,0
1786496265,169244766,100.0,-1.720034424458639,-1.7038291136371058,-1.1327136198626917,-4.617746893559591,-4.890412036572592,0.6930829286575317,0.0,-0.0,0.0,0.0,0.0,0.0,0.0,0.0,0.0,0.0,0.0,0.0,0
1786496265,188806295,100.0,-1.7200105826007288,-1.703852955495016,-1.1326773802386683,-4.6177348534213465,-4.890459958706991,0.6930230259895325,0.0,-0.0,0.0,0.0,0.0,0.0,0.0,0.0,0.0,0.0,0.0,0.0,0
1786496265,209102630,100.0,-1.7200225035296839,-1.7038052717791956,-1.1327136198626917,-4.6177828947650355,-4.890412036572592,0.6930469870567322,0.0,-0.0,0.0,0.0,0.0,0.0,0.0,0.0,0.0,0.0,0.0,0.0,0
1786496265,228761911,100.0,-1.720046345387594,-1.7038052717791956,-1.1327016989337366,-4.617770854626791,-4.890435997639791,0.6930829286575317,0.0,-0.0,0.0,0.0,0.0,0.0,0.0,0.0,0.0,0.0,0.0,0.0,0
1786496265,249013662,100.0,-1.7199862639056605,-1.7037809530841272,-1.1327374617206019,-4.617770854626791,-4.890412036572592,0.6930949091911316,0.0,-0.0,0.0,0.0,0.0,0.0,0.0,0.0,0.0,0.0,0.0,0.0,0
1786496265,268801212,100.0,-1.7200225035296839,-1.7037809530841272,-1.1327737013446253,-4.617758814488546,-4.890412036572592,0.6929990649223328,0.0,-0.0,0.0,0.0,0.0,0.0,0.0,0.0,0.0,0.0,0.0,0.0,0
1786496265,289176225,100.0,-1.7200105826007288,-1.703864876423971,-1.1327255407916468,-4.617758814488546,-4.890435997639791,0.6930230259895325,0.0,-0.0,0.0,0.0,0.0,0.0,0.0,0.0,0.0,0.0,0.0,0.0,0
1786496265,308774232,100.0,-1.720046345387594,-1.703852955495016,-1.1327374617206019,-4.61781877676119,-4.890399638806478,0.6929990649223328,0.0,-0.0,0.0,0.0,0.0,0.0,0.0,0.0,0.0,0.0,0.0,0.0,0
1786496265,329525947,100.0,-1.7200225035296839,-1.7038052717791956,-1.132749382649557,-4.6177828947650355,-4.890387598668234,0.6930350065231323,0.0,-0.0,0.0,0.0,0.0,0.0,0.0,0.0,0.0,0.0,0.0,0.0,0
1786496265,348837614,100.0,-1.7199981848346155,-1.7037928740130823,-1.132761303578512,-4.617758814488546,-4.890447918568746,0.6930110454559326,0.0,-0.0,0.0,0.0,0.0,0.0,0.0,0.0,0.0,0.0,0.0,0.0,0
1786496265,369135618,100.0,-1.7199981848346155,-1.7037809530841272,-1.1327737013446253,-4.617770854626791,-4.890459958706991,0.6929990649223328,0.0,-0.0,0.0,0.0,0.0,0.0,0.0,0.0,0.0,0.0,0.0,0.0,0
1786496265,388748168,100.0,-1.7200701872455042,-1.703864876423971,-1.1327255407916468,-4.617722932492391,-4.890423957501547,0.6930709481239319,0.0,-0.0,0.0,0.0,0.0,0.0,0.0,0.0,0.0,0.0,0.0,0.0,0
1786496265,408825159,100.0,-1.7200582663165491,-1.7037928740130823,-1.1327737013446253,-4.617806855832235,-4.890423957501547,0.6930230259895325,0.0,-0.0,0.0,0.0,0.0,0.0,0.0,0.0,0.0,0.0,0.0,0.0,0
1786496265,428730726,100.0,-1.7200105826007288,-1.7038167158709925,-1.1326897780047815,-4.617770854626791,-4.890471879635946,0.6930469870567322,0.0,-0.0,0.0,0.0,0.0,0.0,0.0,0.0,0.0,0.0,0.0,0.0,0
1786496265,449124336,100.0,-1.7200105826007288,-1.7038052717791956,-1.1327255407916468,-4.617758814488546,-4.890435997639791,0.6930110454559326,0.0,-0.0,0.0,0.0,0.0,0.0,0.0,0.0,0.0,0.0,0.0,0.0,0
1786496265,468795061,100.0,-1.7200225035296839,-1.7037690321551722,-1.132749382649557,-4.617770854626791,-4.890447918568746,0.6929990649223328,0.0,-0.0,0.0,0.0,0.0,0.0,0.0,0.0,0.0,0.0,0.0,0.0,0
1786496265,489142179,100.0,-1.720034424458639,-1.7037928740130823,-1.132749382649557,-4.6177948156939905,-4.890399638806478,0.6930469870567322,0.0,-0.0,0.0,0.0,0.0,0.0,0.0,0.0,0.0,0.0,0.0,0.0,0
1786496265,508841991,100.0,-1.7199981848346155,-1.7038052717791956,-1.132749382649557,-4.617770854626791,-4.890471879635946,0.6930350065231323,0.0,-0.0,0.0,0.0,0.0,0.0,0.0,0.0,0.0,0.0,0.0,0.0,0
1786496265,529046535,100.0,-1.7199743429767054,-1.7037928740130823,-1.132749382649557,-4.617758814488546,-4.890423957501547,0.6930350065231323,0.0,-0.0,0.0,0.0,0.0,0.0,0.0,0.0,0.0,0.0,0.0,0.0,0
1786496265,548817396,100.0,-1.7199743429767054,-1.7038291136371058,-1.1327136198626917,-4.617746893559591,-4.890447918568746,0.6930350065231323,0.0,-0.0,0.0,0.0,0.0,0.0,0.0,0.0,0.0,0.0,0.0,0.0,0
1786496265,568960428,100.0,-1.7200225035296839,-1.703876797352926,-1.1327374617206019,-4.617758814488546,-4.890447918568746,0.6929990649223328,0.0,-0.0,0.0,0.0,0.0,0.0,0.0,0.0,0.0,0.0,0.0,0.0,0
1786496265,588803052,100.0,-1.7200105826007288,-1.7038167158709925,-1.1327374617206019,-4.6177948156939905,-4.890423957501547,0.6930230259895325,0.0,-0.0,0.0,0.0,0.0,0.0,0.0,0.0,0.0,0.0,0.0,0.0,0
1786496265,608870506,100.0,-1.7200105826007288,-1.7037928740130823,-1.1327255407916468,-4.617746893559591,-4.890459958706991,0.693058967590332,0.0,-0.0,0.0,0.0,0.0,0.0,0.0,0.0,0.0,0.0,0.0,0.0,0
1786496265,628879308,100.0,-1.720034424458639,-1.7037928740130823,-1.1327016989337366,-4.6177348534213465,-4.890412036572592,0.6930469870567322,0.0,-0.0,0.0,0.0,0.0,0.0,0.0,0.0,0.0,0.0,0.0,0.0,0
1786496265,649322032,100.0,-1.720046345387594,-1.7037690321551722,-1.132761303578512,-4.6177828947650355,-4.890471879635946,0.6930469870567322,0.0,-0.0,0.0,0.0,0.0,0.0,0.0,0.0,0.0,0.0,0.0,0.0,0
1786496265,668759346,100.0,-1.7200225035296839,-1.7038052717791956,-1.1327016989337366,-4.617770854626791,-4.890447918568746,0.6930469870567322,0.0,-0.0,0.0,0.0,0.0,0.0,0.0,0.0,0.0,0.0,0.0,0.0,0
1786496265,689290046,100.0,-1.7200105826007288,-1.7038052717791956,-1.1327136198626917,-4.617746893559591,-4.890435997639791,0.693058967590332,0.0,-0.0,0.0,0.0,0.0,0.0,0.0,0.0,0.0,0.0,0.0,0.0,0
1786496265,708774089,100.0,-1.720034424458639,-1.703852955495016,-1.1327136198626917,-4.617770854626791,-4.890423957501547,0.693058967590332,0.0,-0.0,0.0,0.0,0.0,0.0,0.0,0.0,0.0,0.0,0.0,0.0,0
1786496265,729379415,100.0,-1.7200225035296839,-1.7037928740130823,-1.1327856222735804,-4.6177948156939905,-4.890435997639791,0.6930230259895325,0.0,-0.0,0.0,0.0,0.0,0.0,0.0,0.0,0.0,0.0,0.0,0.0,0
1786496265,748808145,100.0,-1.7200225035296839,-1.7038167158709925,-1.132749382649557,-4.617758814488546,-4.890471879635946,0.6930469870567322,0.0,-0.0,0.0,0.0,0.0,0.0,0.0,0.0,0.0,0.0,0.0,0.0,0
1786496265,769102096,100.0,-1.720034424458639,-1.7038052717791956,-1.132761303578512,-4.617758814488546,-4.890447918568746,0.6930469870567322,0.0,-0.0,0.0,0.0,0.0,0.0,0.0,0.0,0.0,0.0,0.0,0.0,0
1786496265,788869380,100.0,-1.7200105826007288,-1.7038052717791956,-1.132749382649557,-4.6177348534213465,-4.890471879635946,0.6929751038551331,0.0,-0.0,0.0,0.0,0.0,0.0,0.0,0.0,0.0,0.0,0.0,0.0,0
1786496265,809335947,100.0,-1.720034424458639,-1.7038167158709925,-1.132761303578512,-4.617806855832235,-4.890435997639791,0.6930469870567322,0.0,-0.0,0.0,0.0,0.0,0.0,0.0,0.0,0.0,0.0,0.0,0.0,0
1786496265,828933954,100.0,-1.7199981848346155,-1.7038410345660608,-1.1327136198626917,-4.61781877676119,-4.890399638806478,0.6930230259895325,0.0,-0.0,0.0,0.0,0.0,0.0,0.0,0.0,0.0,0.0,0.0,0.0,0
1786496265,849961996,100.0,-1.7199743429767054,-1.7038052717791956,-1.132749382649557,-4.617746893559591,-4.890423957501547,0.6930230259895325,0.0,-0.0,0.0,0.0,0.0,0.0,0.0,0.0,0.0,0.0,0.0,0.0,0
1786496265,868855237,100.0,-1.7200105826007288,-1.7037928740130823,-1.132749382649557,-4.617746893559591,-4.890471879635946,0.6930350065231323,0.0,-0.0,0.0,0.0,0.0,0.0,0.0,0.0,0.0,0.0,0.0,0.0,0
1786496265,889714002,100.0,-1.7199862639056605,-1.7038052717791956,-1.1327136198626917,-4.617770854626791,-4.890399638806478,0.6930110454559326,0.0,-0.0,0.0,0.0,0.0,0.0,0.0,0.0,0.0,0.0,0.0,0.0,0
1786496265,908786773,100.0,-1.7200105826007288,-1.7038291136371058,-1.1327856222735804,-4.617770854626791,-4.890435997639791,0.6929990649223328,0.0,-0.0,0.0,0.0,0.0,0.0,0.0,0.0,0.0,0.0,0.0,0.0,0
1786496265,929465293,100.0,-1.7200225035296839,-1.7037928740130823,-1.1327255407916468,-4.617758814488546,-4.890459958706991,0.6930469870567322,0.0,-0.0,0.0,0.0,0.0,0.0,0.0,0.0,0.0,0.0,0.0,0.0,0
1786496265,948874235,100.0,-1.720046345387594,-1.7037928740130823,-1.1327136198626917,-4.6177348534213465,-4.890399638806478,0.6930469870567322,0.0,-0.0,0.0,0.0,0.0,0.0,0.0,0.0,0.0,0.0,0.0,0.0,0
1786496265,968933105,100.0,-1.7199981848346155,-1.7038291136371058,-1.1327374617206019,-4.6177348534213465,-4.890423957501547,0.6930469870567322,0.0,-0.0,0.0,0.0,0.0,0.0,0.0,0.0,0.0,0.0,0.0,0.0,0
1786496265,988801479,100.0,-1.720046345387594,-1.7038052717791956,-1.132749382649557,-4.617746893559591,-4.890447918568746,0.6930350065231323,0.0,-0.0,0.0,0.0,0.0,0.0,0.0,0.0,0.0,0.0,0.0,0.0,0
1786496266,9108781,100.0,-1.7200105826007288,-1.7038167158709925,-1.1327136198626917,-4.6177828947650355,-4.890423957501547,0.6930829286575317,0.0,-0.0,0.0,0.0,0.0,0.0,0.0,0.0,0.0,0.0,0.0,0.0,0
1786496266,28858184,100.0,-1.7200105826007288,-1.7038167158709925,-1.1327136198626917,-4.6177828947650355,-4.890399638806478,0.6930350065231323,0.0,-0.0,0.0,0.0,0.0,0.0,0.0,0.0,0.0,0.0,0.0,0.0,0
1786496266,49469470,100.0,-1.720034424458639,-1.7038052717791956,-1.1327136198626917,-4.617746893559591,-4.890447918568746,0.6930110454559326,0.0,-0.0,0.0,0.0,0.0,0.0,0.0,0.0,0.0,0.0,0.0,0.0,0
1786496266,68791389,100.0,-1.720034424458639,-1.7038291136371058,-1.1327737013446253,-4.617806855832235,-4.890412036572592,0.6930230259895325,0.0,-0.0,0.0,0.0,0.0,0.0,0.0,0.0,0.0,0.0,0.0,0.0,0
1786496266,89506387,100.0,-1.7199862639056605,-1.7037928740130823,-1.132749382649557,-4.6177348534213465,-4.890447918568746,0.6930110454559326,0.0,-0.0,0.0,0.0,0.0,0.0,0.0,0.0,0.0,0.0,0.0,0.0,0
1786496266,108738422,100.0,-1.7200105826007288,-1.7038052717791956,-1.132761303578512,-4.617746893559591,-4.890387598668234,0.6930949091911316,0.0,-0.0,0.0,0.0,0.0,0.0,0.0,0.0,0.0,0.0,0.0,0.0,0
1786496266,128938436,100.0,-1.7200582663165491,-1.7037928740130823,-1.1327374617206019,-4.617710892354147,-4.890412036572592,0.693058967590332,0.0,-0.0,0.0,0.0,0.0,0.0,0.0,0.0,0.0,0.0,0.0,0.0,0
1786496266,148794412,100.0,-1.7200105826007288,-1.7038291136371058,-1.132761303578512,-4.6177948156939905,-4.890423957501547,0.6930350065231323,0.0,-0.0,0.0,0.0,0.0,0.0,0.0,0.0,0.0,0.0,0.0,0.0,0
1786496266,168909788,100.0,-1.7199981848346155,-1.7038291136371058,-1.1327374617206019,-4.6177828947650355,-4.890399638806478,0.6930350065231323,0.0,-0.0,0.0,0.0,0.0,0.0,0.0,0.0,0.0,0.0,0.0,0.0,0
1786496266,188789129,100.0,-1.7200105826007288,-1.7037928740130823,-1.1327136198626917,-4.617770854626791,-4.890447918568746,0.6930469870567322,0.0,-0.0,0.0,0.0,0.0,0.0,0.0,0.0,0.0,0.0,0.0,0.0,0
1786496266,208948373,100.0,-1.7200225035296839,-1.7037928740130823,-1.1327136198626917,-4.6177348534213465,-4.890495840703146,0.693058967590332,0.0,-0.0,0.0,0.0,0.0,0.0,0.0,0.0,0.0,0.0,0.0,0.0,0
1786496266,228884458,100.0,-1.7200105826007288,-1.7038052717791956,-1.1326773802386683,-4.617806855832235,-4.890435997639791,0.693058967590332,0.0,-0.0,0.0,0.0,0.0,0.0,0.0,0.0,0.0,0.0,0.0,0.0,0
1786496266,249145269,100.0,-1.720034424458639,-1.7038052717791956,-1.1327136198626917,-4.6177948156939905,-4.890447918568746,0.693058967590332,0.0,-0.0,0.0,0.0,0.0,0.0,0.0,0.0,0.0,0.0,0.0,0.0,0
1786496266,268841028,100.0,-1.7200701872455042,-1.7038167158709925,-1.1327136198626917,-4.617722932492391,-4.890447918568746,0.6930230259895325,0.0,-0.0,0.0,0.0,0.0,0.0,0.0,0.0,0.0,0.0,0.0,0.0,0
1786496266,289100170,100.0,-1.7200701872455042,-1.7037928740130823,-1.1327737013446253,-4.617806855832235,-4.890423957501547,0.6930829286575317,0.0,-0.0,0.0,0.0,0.0,0.0,0.0,0.0,0.0,0.0,0.0,0.0,0
1786496266,308744192,100.0,-1.7199862639056605,-1.7038052717791956,-1.1327737013446253,-4.6177828947650355,-4.890447918568746,0.693058967590332,0.0,-0.0,0.0,0.0,0.0,0.0,0.0,0.0,0.0,0.0,0.0,0.0,0
1786496266,329591274,100.0,-1.7200582663165491,-1.7038167158709925,-1.1327136198626917,-4.617758814488546,-4.890423957501547,0.6930829286575317,0.0,-0.0,0.0,0.0,0.0,0.0,0.0,0.0,0.0,0.0,0.0,0.0,0
1786496266,348843574,100.0,-1.7200105826007288,-1.7037809530841272,-1.1327374617206019,-4.617770854626791,-4.890399638806478,0.6930469870567322,0.0,-0.0,0.0,0.0,0.0,0.0,0.0,0.0,0.0,0.0,0.0,0.0,0
1786496266,369001626,100.0,-1.7200225035296839,-1.7037690321551722,-1.1327374617206019,-4.617722932492391,-4.890447918568746,0.693058967590332,0.0,-0.0,0.0,0.0,0.0,0.0,0.0,0.0,0.0,0.0,0.0,0.0,0
1786496266,388741016,100.0,-1.7200105826007288,-1.7038167158709925,-1.1327136198626917,-4.617770854626791,-4.890435997639791,0.6930230259895325,0.0,-0.0,0.0,0.0,0.0,0.0,0.0,0.0,0.0,0.0,0.0,0.0,0
1786496266,409051179,100.0,-1.720046345387594,-1.7037809530841272,-1.132749382649557,-4.617770854626791,-4.890399638806478,0.6930230259895325,0.0,-0.0,0.0,0.0,0.0,0.0,0.0,0.0,0.0,0.0,0.0,0.0,0
1786496266,428825855,100.0,-1.7200105826007288,-1.7038410345660608,-1.132761303578512,-4.6177828947650355,-4.890447918568746,0.6930230259895325,0.0,-0.0,0.0,0.0,0.0,0.0,0.0,0.0,0.0,0.0,0.0,0.0,0
1786496266,449061632,100.0,-1.720034424458639,-1.7038052717791956,-1.132749382649557,-4.6177348534213465,-4.890447918568746,0.6930469870567322,0.0,-0.0,0.0,0.0,0.0,0.0,0.0,0.0,0.0,0.0,0.0,0.0,0
1786496266,468888998,100.0,-1.720046345387594,-1.7038052717791956,-1.1327255407916468,-4.617758814488546,-4.890447918568746,0.6929990649223328,0.0,-0.0,0.0,0.0,0.0,0.0,0.0,0.0,0.0,0.0,0.0,0.0,0
1786496266,489093303,100.0,-1.720034424458639,-1.7038410345660608,-1.1327374617206019,-4.617770854626791,-4.890447918568746,0.6930350065231323,0.0,-0.0,0.0,0.0,0.0,0.0,0.0,0.0,0.0,0.0,0.0,0.0,0
1786496266,508756875,100.0,-1.7200105826007288,-1.7038052717791956,-1.1327136198626917,-4.6177348534213465,-4.890423957501547,0.6930469870567322,0.0,-0.0,0.0,0.0,0.0,0.0,0.0,0.0,0.0,0.0,0.0,0.0,0
1786496266,529416561,100.0,-1.7200105826007288,-1.7038410345660608,-1.132761303578512,-4.617770854626791,-4.890399638806478,0.6930350065231323,0.0,-0.0,0.0,0.0,0.0,0.0,0.0,0.0,0.0,0.0,0.0,0.0,0
1786496266,548840761,100.0,-1.7199862639056605,-1.7038410345660608,-1.1327016989337366,-4.617722932492391,-4.890459958706991,0.6930230259895325,0.0,-0.0,0.0,0.0,0.0,0.0,0.0,0.0,0.0,0.0,0.0,0.0,0
1786496266,569483757,100.0,-1.7200701872455042,-1.7037809530841272,-1.132749382649557,-4.617746893559591,-4.890447918568746,0.6930709481239319,0.0,-0.0,0.0,0.0,0.0,0.0,0.0,0.0,0.0,0.0,0.0,0.0,0
1786496266,588793992,100.0,-1.7200225035296839,-1.7038052717791956,-1.1327255407916468,-4.6177948156939905,-4.890387598668234,0.693058967590332,0.0,-0.0,0.0,0.0,0.0,0.0,0.0,0.0,0.0,0.0,0.0,0.0,0
1786496266,609313964,100.0,-1.7200582663165491,-1.7038167158709925,-1.132761303578512,-4.617710892354147,-4.890447918568746,0.6930110454559326,0.0,-0.0,0.0,0.0,0.0,0.0,0.0,0.0,0.0,0.0,0.0,0.0,0
1786496266,628819465,100.0,-1.7200225035296839,-1.7038410345660608,-1.1327255407916468,-4.617758814488546,-4.890423957501547,0.6929870843887329,0.0,-0.0,0.0,0.0,0.0,0.0,0.0,0.0,0.0,0.0,0.0,0.0,0
1786496266,649316787,100.0,-1.7199981848346155,-1.7038291136371058,-1.1327737013446253,-4.617770854626791,-4.890399638806478,0.6930350065231323,0.0,-0.0,0.0,0.0,0.0,0.0,0.0,0.0,0.0,0.0,0.0,0.0,0
1786496266,668787240,100.0,-1.720034424458639,-1.7037690321551722,-1.132749382649557,-4.6177828947650355,-4.890399638806478,0.6930350065231323,0.0,-0.0,0.0,0.0,0.0,0.0,0.0,0.0,0.0,0.0,0.0,0.0,0
1786496266,689047098,100.0,-1.7199624220477503,-1.7038052717791956,-1.132761303578512,-4.617806855832235,-4.890447918568746,0.6930469870567322,0.0,-0.0,0.0,0.0,0.0,0.0,0.0,0.0,0.0,0.0,0.0,0.0,0
1786496266,708811044,100.0,-1.7200225035296839,-1.7038410345660608,-1.1327016989337366,-4.6177348534213465,-4.890399638806478,0.6930469870567322,0.0,-0.0,0.0,0.0,0.0,0.0,0.0,0.0,0.0,0.0,0.0,0.0,0
1786496266,729463577,100.0,-1.720046345387594,-1.7038167158709925,-1.1327374617206019,-4.617722932492391,-4.890459958706991,0.693058967590332,0.0,-0.0,0.0,0.0,0.0,0.0,0.0,0.0,0.0,0.0,0.0,0.0,0
1786496266,748794078,100.0,-1.720034424458639,-1.703852955495016,-1.1327136198626917,-4.617746893559591,-4.890435997639791,0.6929990649223328,0.0,-0.0,0.0,0.0,0.0,0.0,0.0,0.0,0.0,0.0,0.0,0.0,0
1786496266,769098758,100.0,-1.720034424458639,-1.7038052717791956,-1.132761303578512,-4.6177828947650355,-4.890447918568746,0.693058967590332,0.0,-0.0,0.0,0.0,0.0,0.0,0.0,0.0,0.0,0.0,0.0,0.0,0
1786496266,788750648,100.0,-1.7199981848346155,-1.7037809530841272,-1.1327255407916468,-4.617758814488546,-4.890459958706991,0.6930110454559326,0.0,-0.0,0.0,0.0,0.0,0.0,0.0,0.0,0.0,0.0,0.0,0.0,0
1786496266,809148311,100.0,-1.720034424458639,-1.7037928740130823,-1.1327374617206019,-4.6177348534213465,-4.890412036572592,0.6929870843887329,0.0,-0.0,0.0,0.0,0.0,0.0,0.0,0.0,0.0,0.0,0.0,0.0,0
1786496266,828822851,100.0,-1.7199862639056605,-1.7038291136371058,-1.1327374617206019,-4.6177828947650355,-4.890399638806478,0.6930350065231323,0.0,-0.0,0.0,0.0,0.0,0.0,0.0,0.0,0.0,0.0,0.0,0.0,0
1786496266,849018096,100.0,-1.720034424458639,-1.7038291136371058,-1.132749382649557,-4.61781877676119,-4.890423957501547,0.6930469870567322,0.0,-0.0,0.0,0.0,0.0,0.0,0.0,0.0,0.0,0.0,0.0,0.0,0
1786496266,868885755,100.0,-1.720046345387594,-1.703852955495016,-1.1327016989337366,-4.6177828947650355,-4.890399638806478,0.6930469870567322,0.0,-0.0,0.0,0.0,0.0,0.0,0.0,0.0,0.0,0.0,0.0,0.0,0
1786496266,889000415,100.0,-1.720046345387594,-1.7037928740130823,-1.1327016989337366,-4.617746893559591,-4.890387598668234,0.6930469870567322,0.0,-0.0,0.0,0.0,0.0,0.0,0.0,0.0,0.0,0.0,0.0,0.0,0
1786496266,908794164,100.0,-1.7200105826007288,-1.7038167158709925,-1.1327737013446253,-4.617758814488546,-4.890435997639791,0.6930949091911316,0.0,-0.0,0.0,0.0,0.0,0.0,0.0,0.0,0.0,0.0,0.0,0.0,0
1786496266,929205417,100.0,-1.720046345387594,-1.7038052717791956,-1.1327016989337366,-4.6177948156939905,-4.890412036572592,0.6929990649223328,0.0,-0.0,0.0,0.0,0.0,0.0,0.0,0.0,0.0,0.0,0.0,0.0,0
1786496266,948854684,100.0,-1.7199862639056605,-1.7037690321551722,-1.132749382649557,-4.6177828947650355,-4.890423957501547,0.6930709481239319,0.0,-0.0,0.0,0.0,0.0,0.0,0.0,0.0,0.0,0.0,0.0,0.0,0
1786496266,969006538,100.0,-1.7200701872455042,-1.7038167158709925,-1.1326897780047815,-4.617770854626791,-4.890435997639791,0.6930350065231323,0.0,-0.0,0.0,0.0,0.0,0.0,0.0,0.0,0.0,0.0,0.0,0.0,0
1786496266,988822698,100.0,-1.7199981848346155,-1.7038291136371058,-1.132749382649557,-4.617770854626791,-4.890412036572592,0.6929751038551331,0.0,-0.0,0.0,0.0,0.0,0.0,0.0,0.0,0.0,0.0,0.0,0.0,0
1786496267,8891105,100.0,-1.7200225035296839,-1.7037690321551722,-1.132749382649557,-4.617770854626791,-4.890423957501547,0.6930469870567322,0.0,-0.0,0.0,0.0,0.0,0.0,0.0,0.0,0.0,0.0,0.0,0.0,0
1786496267,28841972,100.0,-1.720034424458639,-1.7038291136371058,-1.1327255407916468,-4.617806855832235,-4.890483919774191,0.6930709481239319,0.0,-0.0,0.0,0.0,0.0,0.0,0.0,0.0,0.0,0.0,0.0,0.0,0
1786496267,49487113,100.0,-1.7199624220477503,-1.7038410345660608,-1.1327374617206019,-4.6177348534213465,-4.890435997639791,0.693058967590332,0.0,-0.0,0.0,0.0,0.0,0.0,0.0,0.0,0.0,0.0,0.0,0.0,0
1786496267,68781137,100.0,-1.7199862639056605,-1.7037928740130823,-1.1327136198626917,-4.617770854626791,-4.890423957501547,0.6930110454559326,0.0,-0.0,0.0,0.0,0.0,0.0,0.0,0.0,0.0,0.0,0.0,0.0,0
1786496267,88995695,100.0,-1.7200701872455042,-1.7038052717791956,-1.1327374617206019,-4.6177348534213465,-4.890447918568746,0.6930469870567322,0.0,-0.0,0.0,0.0,0.0,0.0,0.0,0.0,0.0,0.0,0.0,0.0,0
1786496267,108801126,100.0,-1.7199981848346155,-1.7038167158709925,-1.132749382649557,-4.6177948156939905,-4.890447918568746,0.6930230259895325,0.0,-0.0,0.0,0.0,0.0,0.0,0.0,0.0,0.0,0.0,0.0,0.0,0
1786496267,128890275,100.0,-1.7199981848346155,-1.703852955495016,-1.132761303578512,-4.617746893559591,-4.890471879635946,0.6930469870567322,0.0,-0.0,0.0,0.0,0.0,0.0,0.0,0.0,0.0,0.0,0.0,0.0,0
1786496267,148900032,100.0,-1.7199981848346155,-1.7038410345660608,-1.1327136198626917,-4.617758814488546,-4.890423957501547,0.6930469870567322,0.0,-0.0,0.0,0.0,0.0,0.0,0.0,0.0,0.0,0.0,0.0,0.0,0
1786496267,169142484,100.0,-1.7199862639056605,-1.7037809530841272,-1.1327255407916468,-4.617710892354147,-4.890435997639791,0.6930709481239319,0.0,-0.0,0.0,0.0,0.0,0.0,0.0,0.0,0.0,0.0,0.0,0.0,0
1786496267,188872337,100.0,-1.7200225035296839,-1.7038291136371058,-1.132749382649557,-4.617722932492391,-4.890435997639791,0.6930469870567322,0.0,-0.0,0.0,0.0,0.0,0.0,0.0,0.0,0.0,0.0,0.0,0.0,0
1786496267,208969116,100.0,-1.7200701872455042,-1.703864876423971,-1.1327374617206019,-4.617770854626791,-4.890459958706991,0.6930110454559326,0.0,-0.0,0.0,0.0,0.0,0.0,0.0,0.0,0.0,0.0,0.0,0.0,0
1786496267,228771686,100.0,-1.720046345387594,-1.7038167158709925,-1.132761303578512,-4.617806855832235,-4.890423957501547,0.6930469870567322,0.0,-0.0,0.0,0.0,0.0,0.0,0.0,0.0,0.0,0.0,0.0,0.0,0
1786496267,249467134,100.0,-1.7200105826007288,-1.7038291136371058,-1.1327374617206019,-4.617710892354147,-4.890412036572592,0.6930709481239319,0.0,-0.0,0.0,0.0,0.0,0.0,0.0,0.0,0.0,0.0,0.0,0.0,0
1786496267,268689632,100.0,-1.7200105826007288,-1.703864876423971,-1.1327374617206019,-4.6177828947650355,-4.890459958706991,0.6930350065231323,0.0,-0.0,0.0,0.0,0.0,0.0,0.0,0.0,0.0,0.0,0.0,0.0,0
1786496267,288897752,100.0,-1.7200225035296839,-1.7037928740130823,-1.1326897780047815,-4.6177348534213465,-4.890459958706991,0.6930350065231323,0.0,-0.0,0.0,0.0,0.0,0.0,0.0,0.0,0.0,0.0,0.0,0.0,0
1786496267,308734178,100.0,-1.720034424458639,-1.7038052717791956,-1.132749382649557,-4.6177348534213465,-4.890387598668234,0.6929870843887329,0.0,-0.0,0.0,0.0,0.0,0.0,0.0,0.0,0.0,0.0,0.0,0.0,0
1786496267,328963279,100.0,-1.7200105826007288,-1.7038167158709925,-1.132749382649557,-4.6177948156939905,-4.890435997639791,0.6930469870567322,0.0,-0.0,0.0,0.0,0.0,0.0,0.0,0.0,0.0,0.0,0.0,0.0,0
1786496267,348900556,100.0,-1.7200225035296839,-1.7038410345660608,-1.1327255407916468,-4.617770854626791,-4.890375677739279,0.6930350065231323,0.0,-0.0,0.0,0.0,0.0,0.0,0.0,0.0,0.0,0.0,0.0,0.0,0
1786496267,368965625,100.0,-1.7200225035296839,-1.7038167158709925,-1.1327016989337366,-4.6177828947650355,-4.890447918568746,0.6929990649223328,0.0,-0.0,0.0,0.0,0.0,0.0,0.0,0.0,0.0,0.0,0.0,0.0,0
1786496267,388823747,100.0,-1.7200105826007288,-1.7037928740130823,-1.1327016989337366,-4.6177948156939905,-4.890423957501547,0.6930829286575317,0.0,-0.0,0.0,0.0,0.0,0.0,0.0,0.0,0.0,0.0,0.0,0.0,0
1786496267,409071207,100.0,-1.7200105826007288,-1.7037928740130823,-1.132749382649557,-4.6177348534213465,-4.890471879635946,0.6930469870567322,0.0,-0.0,0.0,0.0,0.0,0.0,0.0,0.0,0.0,0.0,0.0,0.0,0
1786496267,428743839,100.0,-1.7199981848346155,-1.7038052717791956,-1.1327255407916468,-4.617806855832235,-4.890435997639791,0.6930829286575317,0.0,-0.0,0.0,0.0,0.0,0.0,0.0,0.0,0.0,0.0,0.0,0.0,0
1786496267,449218988,100.0,-1.720046345387594,-1.7038410345660608,-1.132749382649557,-4.617770854626791,-4.890412036572592,0.6930709481239319,0.0,-0.0,0.0,0.0,0.0,0.0,0.0,0.0,0.0,0.0,0.0,0.0,0
1786496267,468801975,100.0,-1.7200225035296839,-1.7038167158709925,-1.1327136198626917,-4.617758814488546,-4.890459958706991,0.6930110454559326,0.0,-0.0,0.0,0.0,0.0,0.0,0.0,0.0,0.0,0.0,0.0,0.0,0
1786496267,489193201,100.0,-1.720046345387594,-1.7038410345660608,-1.1327255407916468,-4.617758814488546,-4.890447918568746,0.6930230259895325,0.0,-0.0,0.0,0.0,0.0,0.0,0.0,0.0,0.0,0.0,0.0,0.0,0
1786496267,508786678,100.0,-1.720046345387594,-1.7038052717791956,-1.132749382649557,-4.6177348534213465,-4.890459958706991,0.6930230259895325,0.0,-0.0,0.0,0.0,0.0,0.0,0.0,0.0,0.0,0.0,0.0,0.0,0
1786496267,529395818,100.0,-1.720034424458639,-1.703852955495016,-1.1327255407916468,-4.617746893559591,-4.890399638806478,0.6930350065231323,0.0,-0.0,0.0,0.0,0.0,0.0,0.0,0.0,0.0,0.0,0.0,0.0,0
1786496267,548797130,100.0,-1.7199862639056605,-1.7037690321551722,-1.1326897780047815,-4.6177828947650355,-4.890412036572592,0.693058967590332,0.0,-0.0,0.0,0.0,0.0,0.0,0.0,0.0,0.0,0.0,0.0,0.0,0
1786496267,569076061,100.0,-1.7199385801898401,-1.7038052717791956,-1.132761303578512,-4.617746893559591,-4.890459958706991,0.6930469870567322,0.0,-0.0,0.0,0.0,0.0,0.0,0.0,0.0,0.0,0.0,0.0,0.0,0
1786496267,588741064,100.0,-1.7200225035296839,-1.7037690321551722,-1.1327374617206019,-4.617758814488546,-4.890412036572592,0.6929870843887329,0.0,-0.0,0.0,0.0,0.0,0.0,0.0,0.0,0.0,0.0,0.0,0.0,0
1786496267,609117269,100.0,-1.7200701872455042,-1.7038410345660608,-1.1327255407916468,-4.6177348534213465,-4.890483919774191,0.6929990649223328,0.0,-0.0,0.0,0.0,0.0,0.0,0.0,0.0,0.0,0.0,0.0,0.0,0
1786496267,628867864,100.0,-1.7200105826007288,-1.7037809530841272,-1.1327374617206019,-4.6177828947650355,-4.890435997639791,0.6930350065231323,0.0,-0.0,0.0,0.0,0.0,0.0,0.0,0.0,0.0,0.0,0.0,0.0,0
1786496267,649044275,100.0,-1.7200582663165491,-1.7038052717791956,-1.1327374617206019,-4.617770854626791,-4.890412036572592,0.6930110454559326,0.0,-0.0,0.0,0.0,0.0,0.0,0.0,0.0,0.0,0.0,0.0,0.0,0
1786496267,668829917,100.0,-1.720034424458639,-1.7038167158709925,-1.1327255407916468,-4.6177348534213465,-4.890399638806478,0.6930230259895325,0.0,-0.0,0.0,0.0,0.0,0.0,0.0,0.0,0.0,0.0,0.0,0.0,0
1786496267,689446926,100.0,-1.720034424458639,-1.7038052717791956,-1.1327255407916468,-4.617758814488546,-4.890423957501547,0.6930230259895325,0.0,-0.0,0.0,0.0,0.0,0.0,0.0,0.0,0.0,0.0,0.0,0.0,0
1786496267,708780765,100.0,-1.7199743429767054,-1.7038410345660608,-1.1327016989337366,-4.617758814488546,-4.890423957501547,0.6929990649223328,0.0,-0.0,0.0,0.0,0.0,0.0,0.0,0.0,0.0,0.0,0.0,0.0,0
1786496267,729206800,100.0,-1.7200225035296839,-1.703852955495016,-1.132749382649557,-4.617770854626791,-4.890447918568746,0.6930230259895325,0.0,-0.0,0.0,0.0,0.0,0.0,0.0,0.0,0.0,0.0,0.0,0.0,0
1786496267,748849391,100.0,-1.720034424458639,-1.7037928740130823,-1.132749382649557,-4.617806855832235,-4.890447918568746,0.6930709481239319,0.0,-0.0,0.0,0.0,0.0,0.0,0.0,0.0,0.0,0.0,0.0,0.0,0
1786496267,768811225,100.0,-1.7200225035296839,-1.7038052717791956,-1.1327856222735804,-4.617770854626791,-4.890447918568746,0.6930110454559326,0.0,-0.0,0.0,0.0,0.0,0.0,0.0,0.0,0.0,0.0,0.0,0.0,0
1786496267,788840770,100.0,-1.7200225035296839,-1.7037809530841272,-1.1327016989337366,-4.6177828947650355,-4.890412036572592,0.6930469870567322,0.0,-0.0,0.0,0.0,0.0,0.0,0.0,0.0,0.0,0.0,0.0,0.0,0
1786496267,808905839,100.0,-1.720034424458639,-1.7038291136371058,-1.1327136198626917,-4.617722932492391,-4.890459958706991,0.693058967590332,0.0,-0.0,0.0,0.0,0.0,0.0,0.0,0.0,0.0,0.0,0.0,0.0,0
1786496267,828864574,100.0,-1.7199862639056605,-1.7038167158709925,-1.1327374617206019,-4.6177948156939905,-4.890387598668234,0.6930230259895325,0.0,-0.0,0.0,0.0,0.0,0.0,0.0,0.0,0.0,0.0,0.0,0.0,0
1786496267,849577665,100.0,-1.720034424458639,-1.7038167158709925,-1.132749382649557,-4.617770854626791,-4.890435997639791,0.6930469870567322,0.0,-0.0,0.0,0.0,0.0,0.0,0.0,0.0,0.0,0.0,0.0,0.0,0
1786496267,868787050,100.0,-1.7199862639056605,-1.7038410345660608,-1.1327856222735804,-4.6177828947650355,-4.890412036572592,0.6930230259895325,0.0,-0.0,0.0,0.0,0.0,0.0,0.0,0.0,0.0,0.0,0.0,0.0,0
1786496267,889083862,100.0,-1.7200225035296839,-1.7038410345660608,-1.1327255407916468,-4.617770854626791,-4.890459958706991,0.6930829286575317,0.0,-0.0,0.0,0.0,0.0,0.0,0.0,0.0,0.0,0.0,0.0,0.0,0
1786496267,908784151,100.0,-1.720046345387594,-1.7038052717791956,-1.1327136198626917,-4.6177948156939905,-4.890412036572592,0.6930230259895325,0.0,-0.0,0.0,0.0,0.0,0.0,0.0,0.0,0.0,0.0,0.0,0.0,0
1786496267,928957462,100.0,-1.7200105826007288,-1.7038167158709925,-1.1327136198626917,-4.6177948156939905,-4.890471879635946,0.6930829286575317,0.0,-0.0,0.0,0.0,0.0,0.0,0.0,0.0,0.0,0.0,0.0,0.0,0
1786496267,948857784,100.0,-1.7200105826007288,-1.7037809530841272,-1.132749382649557,-4.617758814488546,-4.890435997639791,0.693058967590332,0.0,-0.0,0.0,0.0,0.0,0.0,0.0,0.0,0.0,0.0,0.0,0.0,0
1786496267,969274520,100.0,-1.7200225035296839,-1.703852955495016,-1.1327136198626917,-4.6177948156939905,-4.890435997639791,0.6930469870567322,0.0,-0.0,0.0,0.0,0.0,0.0,0.0,0.0,0.0,0.0,0.0,0.0,0
1786496267,988807439,100.0,-1.7200105826007288,-1.7038167158709925,-1.1327374617206019,-4.617722932492391,-4.890423957501547,0.6930469870567322,0.0,-0.0,0.0,0.0,0.0,0.0,0.0,0.0,0.0,0.0,0.0,0.0,0
1786496268,8926868,100.0,-1.7200225035296839,-1.7037809530841272,-1.132749382649557,-4.617746893559591,-4.890412036572592,0.6930230259895325,0.0,-0.0,0.0,0.0,0.0,0.0,0.0,0.0,0.0,0.0,0.0,0.0,0
1786496268,28761386,100.0,-1.7200225035296839,-1.7038052717791956,-1.1327016989337366,-4.617758814488546,-4.890412036572592,0.6930230259895325,0.0,-0.0,0.0,0.0,0.0,0.0,0.0,0.0,0.0,0.0,0.0,0.0,0
1786496268,49829483,100.0,-1.7200225035296839,-1.703852955495016,-1.1327374617206019,-4.617758814488546,-4.890412036572592,0.6930469870567322,0.0,-0.0,0.0,0.0,0.0,0.0,0.0,0.0,0.0,0.0,0.0,0.0,0
1786496268,68771600,100.0,-1.720046345387594,-1.7038167158709925,-1.1327737013446253,-4.617746893559591,-4.890459958706991,0.6930350065231323,0.0,-0.0,0.0,0.0,0.0,0.0,0.0,0.0,0.0,0.0,0.0,0.0,0
1786496268,89381217,100.0,-1.7199981848346155,-1.7037928740130823,-1.1326897780047815,-4.6177348534213465,-4.890399638806478,0.6930709481239319,0.0,-0.0,0.0,0.0,0.0,0.0,0.0,0.0,0.0,0.0,0.0,0.0,0
1786496268,108774185,100.0,-1.7200225035296839,-1.7037928740130823,-1.1326773802386683,-4.6177948156939905,-4.890459958706991,0.6930469870567322,0.0,-0.0,0.0,0.0,0.0,0.0,0.0,0.0,0.0,0.0,0.0,0.0,0
1786496268,129250526,100.0,-1.7199624220477503,-1.7038052717791956,-1.1327255407916468,-4.6177948156939905,-4.890412036572592,0.6930230259895325,0.0,-0.0,0.0,0.0,0.0,0.0,0.0,0.0,0.0,0.0,0.0,0.0,0
1786496268,148896455,100.0,-1.7199981848346155,-1.7037928740130823,-1.132749382649557,-4.6177348534213465,-4.890483919774191,0.6930350065231323,0.0,-0.0,0.0,0.0,0.0,0.0,0.0,0.0,0.0,0.0,0.0,0.0,0
1786496268,168947458,100.0,-1.720034424458639,-1.7037327925311487,-1.1327016989337366,-4.6177828947650355,-4.890459958706991,0.6930829286575317,0.0,-0.0,0.0,0.0,0.0,0.0,0.0,0.0,0.0,0.0,0.0,0.0,0
1786496268,188855648,100.0,-1.720034424458639,-1.7038167158709925,-1.132749382649557,-4.617746893559591,-4.890447918568746,0.6930469870567322,0.0,-0.0,0.0,0.0,0.0,0.0,0.0,0.0,0.0,0.0,0.0,0.0,0
1786496268,209390878,100.0,-1.720034424458639,-1.7038167158709925,-1.1327255407916468,-4.6177348534213465,-4.890447918568746,0.6930709481239319,0.0,-0.0,0.0,0.0,0.0,0.0,0.0,0.0,0.0,0.0,0.0,0.0,0
1786496268,228757619,100.0,-1.7200225035296839,-1.7038291136371058,-1.132749382649557,-4.617746893559591,-4.890447918568746,0.6930350065231323,0.0,-0.0,0.0,0.0,0.0,0.0,0.0,0.0,0.0,0.0,0.0,0.0,0
1786496268,249321699,100.0,-1.7199862639056605,-1.7038052717791956,-1.132761303578512,-4.617758814488546,-4.890387598668234,0.6930350065231323,0.0,-0.0,0.0,0.0,0.0,0.0,0.0,0.0,0.0,0.0,0.0,0.0,0
1786496268,268785476,100.0,-1.7199981848346155,-1.7038410345660608,-1.1327136198626917,-4.617758814488546,-4.890399638806478,0.6930230259895325,0.0,-0.0,0.0,0.0,0.0,0.0,0.0,0.0,0.0,0.0,0.0,0.0,0
1786496268,289055585,100.0,-1.720034424458639,-1.7037809530841272,-1.1327136198626917,-4.617770854626791,-4.890412036572592,0.6930350065231323,0.0,-0.0,0.0,0.0,0.0,0.0,0.0,0.0,0.0,0.0,0.0,0.0,0
1786496268,308749198,100.0,-1.7200225035296839,-1.7037928740130823,-1.1327255407916468,-4.6177348534213465,-4.890471879635946,0.693058967590332,0.0,-0.0,0.0,0.0,0.0,0.0,0.0,0.0,0.0,0.0,0.0,0.0,0
1786496268,329393386,100.0,-1.7200105826007288,-1.7038410345660608,-1.1327737013446253,-4.617722932492391,-4.890459958706991,0.6930350065231323,0.0,-0.0,0.0,0.0,0.0,0.0,0.0,0.0,0.0,0.0,0.0,0.0,0
1786496268,348900794,100.0,-1.7200105826007288,-1.703864876423971,-1.1327136198626917,-4.6177828947650355,-4.890399638806478,0.6930110454559326,0.0,-0.0,0.0,0.0,0.0,0.0,0.0,0.0,0.0,0.0,0.0,0.0,0
1786496268,369090557,100.0,-1.720046345387594,-1.7038052717791956,-1.132749382649557,-4.6177348534213465,-4.890459958706991,0.6930230259895325,0.0,-0.0,0.0,0.0,0.0,0.0,0.0,0.0,0.0,0.0,0.0,0.0,0
1786496268,388746261,100.0,-1.7200105826007288,-1.7038167158709925,-1.1327016989337366,-4.617770854626791,-4.890459958706991,0.6929870843887329,0.0,-0.0,0.0,0.0,0.0,0.0,0.0,0.0,0.0,0.0,0.0,0.0,0
1786496268,408982276,100.0,-1.7200225035296839,-1.7038167158709925,-1.132749382649557,-4.617758814488546,-4.890471879635946,0.6930469870567322,0.0,-0.0,0.0,0.0,0.0,0.0,0.0,0.0,0.0,0.0,0.0,0.0,0
1786496268,428794622,100.0,-1.720034424458639,-1.7038291136371058,-1.132749382649557,-4.617746893559591,-4.890399638806478,0.693058967590332,0.0,-0.0,0.0,0.0,0.0,0.0,0.0,0.0,0.0,0.0,0.0,0.0,0
1786496268,449253559,100.0,-1.720046345387594,-1.7037928740130823,-1.132749382649557,-4.6177348534213465,-4.890447918568746,0.6930230259895325,0.0,-0.0,0.0,0.0,0.0,0.0,0.0,0.0,0.0,0.0,0.0,0.0,0
1786496268,468699216,100.0,-1.7200105826007288,-1.7038410345660608,-1.1327374617206019,-4.617758814488546,-4.890447918568746,0.6930709481239319,0.0,-0.0,0.0,0.0,0.0,0.0,0.0,0.0,0.0,0.0,0.0,0.0,0
1786496268,488935708,100.0,-1.7200225035296839,-1.7038052717791956,-1.1327737013446253,-4.617746893559591,-4.890423957501547,0.6930709481239319,0.0,-0.0,0.0,0.0,0.0,0.0,0.0,0.0,0.0,0.0,0.0,0.0,0
1786496268,508943557,100.0,-1.7200105826007288,-1.703852955495016,-1.1327136198626917,-4.617758814488546,-4.890459958706991,0.6930469870567322,0.0,-0.0,0.0,0.0,0.0,0.0,0.0,0.0,0.0,0.0,0.0,0.0,0
1786496268,528976678,100.0,-1.7199743429767054,-1.7038410345660608,-1.132761303578512,-4.617770854626791,-4.890435997639791,0.6930350065231323,0.0,-0.0,0.0,0.0,0.0,0.0,0.0,0.0,0.0,0.0,0.0,0.0,0
1786496268,548960685,100.0,-1.720046345387594,-1.7037690321551722,-1.1327136198626917,-4.6177828947650355,-4.890399638806478,0.6930230259895325,0.0,-0.0,0.0,0.0,0.0,0.0,0.0,0.0,0.0,0.0,0.0,0.0,0
1786496268,569422245,100.0,-1.7199862639056605,-1.7037809530841272,-1.1327737013446253,-4.6177828947650355,-4.890447918568746,0.6929990649223328,0.0,-0.0,0.0,0.0,0.0,0.0,0.0,0.0,0.0,0.0,0.0,0.0,0
1786496268,588768482,100.0,-1.7199743429767054,-1.7038052717791956,-1.1327255407916468,-4.617722932492391,-4.890399638806478,0.6930230259895325,0.0,-0.0,0.0,0.0,0.0,0.0,0.0,0.0,0.0,0.0,0.0,0.0,0
1786496268,608925580,100.0,-1.7199981848346155,-1.7038291136371058,-1.132761303578512,-4.6177348534213465,-4.890412036572592,0.693058967590332,0.0,-0.0,0.0,0.0,0.0,0.0,0.0,0.0,0.0,0.0,0.0,0.0,0
1786496268,628746032,100.0,-1.7200582663165491,-1.7038410345660608,-1.1327856222735804,-4.6177348534213465,-4.890447918568746,0.6930230259895325,0.0,-0.0,0.0,0.0,0.0,0.0,0.0,0.0,0.0,0.0,0.0,0.0,0
1786496268,649591922,100.0,-1.7200582663165491,-1.7038291136371058,-1.1326897780047815,-4.617722932492391,-4.890423957501547,0.6930350065231323,0.0,-0.0,0.0,0.0,0.0,0.0,0.0,0.0,0.0,0.0,0.0,0.0,0
1786496268,668740749,100.0,-1.720034424458639,-1.7038291136371058,-1.1327016989337366,-4.617758814488546,-4.890447918568746,0.6929870843887329,0.0,-0.0,0.0,0.0,0.0,0.0,0.0,0.0,0.0,0.0,0.0,0.0,0
1786496268,688980817,100.0,-1.7199981848346155,-1.7038167158709925,-1.1327374617206019,-4.617770854626791,-4.890375677739279,0.6930230259895325,0.0,-0.0,0.0,0.0,0.0,0.0,0.0,0.0,0.0,0.0,0.0,0.0,0
1786496268,708770990,100.0,-1.7199743429767054,-1.7038052717791956,-1.1327255407916468,-4.6177948156939905,-4.890447918568746,0.6929870843887329,0.0,-0.0,0.0,0.0,0.0,0.0,0.0,0.0,0.0,0.0,0.0,0.0,0
1786496268,729667663,100.0,-1.720034424458639,-1.7037809530841272,-1.1327136198626917,-4.61781877676119,-4.890471879635946,0.6930230259895325,0.0,-0.0,0.0,0.0,0.0,0.0,0.0,0.0,0.0,0.0,0.0,0.0,0
1786496268,748837947,100.0,-1.7200105826007288,-1.7038291136371058,-1.1327255407916468,-4.6177348534213465,-4.890435997639791,0.6930829286575317,0.0,-0.0,0.0,0.0,0.0,0.0,0.0,0.0,0.0,0.0,0.0,0.0,0
1786496268,768917322,100.0,-1.720034424458639,-1.7038167158709925,-1.132761303578512,-4.6177828947650355,-4.890399638806478,0.6930829286575317,0.0,-0.0,0.0,0.0,0.0,0.0,0.0,0.0,0.0,0.0,0.0,0.0,0
1786496268,788734197,100.0,-1.720034424458639,-1.7038052717791956,-1.1327255407916468,-4.617758814488546,-4.890423957501547,0.693058967590332,0.0,-0.0,0.0,0.0,0.0,0.0,0.0,0.0,0.0,0.0,0.0,0.0,0
1786496268,809454917,100.0,-1.7200225035296839,-1.7037809530841272,-1.1327374617206019,-4.617770854626791,-4.890399638806478,0.6930230259895325,0.0,-0.0,0.0,0.0,0.0,0.0,0.0,0.0,0.0,0.0,0.0,0.0,0
1786496268,828839778,100.0,-1.7200701872455042,-1.7038167158709925,-1.1327016989337366,-4.6177828947650355,-4.890399638806478,0.6930469870567322,0.0,-0.0,0.0,0.0,0.0,0.0,0.0,0.0,0.0,0.0,0.0,0.0,0
1786496268,849317312,100.0,-1.720034424458639,-1.7037690321551722,-1.132761303578512,-4.617770854626791,-4.890387598668234,0.6930110454559326,0.0,-0.0,0.0,0.0,0.0,0.0,0.0,0.0,0.0,0.0,0.0,0.0,0
1786496268,868864774,100.0,-1.7199981848346155,-1.7038052717791956,-1.1327136198626917,-4.6177828947650355,-4.890423957501547,0.6930469870567322,0.0,-0.0,0.0,0.0,0.0,0.0,0.0,0.0,0.0,0.0,0.0,0.0,0
1786496268,889003276,100.0,-1.7199981848346155,-1.7037809530841272,-1.132761303578512,-4.617770854626791,-4.890447918568746,0.6930469870567322,0.0,-0.0,0.0,0.0,0.0,0.0,0.0,0.0,0.0,0.0,0.0,0.0,0
1786496268,908775329,100.0,-1.7200701872455042,-1.7038167158709925,-1.1327136198626917,-4.617758814488546,-4.890447918568746,0.6930350065231323,0.0,-0.0,0.0,0.0,0.0,0.0,0.0,0.0,0.0,0.0,0.0,0.0,0
1786496268,929634094,100.0,-1.720046345387594,-1.7038167158709925,-1.132761303578512,-4.617722932492391,-4.890423957501547,0.6929990649223328,0.0,-0.0,0.0,0.0,0.0,0.0,0.0,0.0,0.0,0.0,0.0,0.0,0
1786496268,948750019,100.0,-1.720046345387594,-1.7037809530841272,-1.1327374617206019,-4.6177828947650355,-4.890471879635946,0.6930230259895325,0.0,-0.0,0.0,0.0,0.0,0.0,0.0,0.0,0.0,0.0,0.0,0.0,0
1786496268,969046592,100.0,-1.7199862639056605,-1.7038167158709925,-1.1327255407916468,-4.6177948156939905,-4.890423957501547,0.6929990649223328,0.0,-0.0,0.0,0.0,0.0,0.0,0.0,0.0,0.0,0.0,0.0,0.0,0
1786496268,988726615,100.0,-1.7199862639056605,-1.7038052717791956,-1.132749382649557,-4.617758814488546,-4.890412036572592,0.6930709481239319,0.0,-0.0,0.0,0.0,0.0,0.0,0.0,0.0,0.0,0.0,0.0,0.0,0
1786496269,9566068,100.0,-1.7200105826007288,-1.7038052717791956,-1.1327016989337366,-4.6177948156939905,-4.890423957501547,0.6930469870567322,0.0,-0.0,0.0,0.0,0.0,0.0,0.0,0.0,0.0,0.0,0.0,0.0,0
1786496269,28738260,100.0,-1.7199981848346155,-1.703757111226217,-1.1327255407916468,-4.617770854626791,-4.890423957501547,0.6929990649223328,0.0,-0.0,0.0,0.0,0.0,0.0,0.0,0.0,0.0,0.0,0.0,0.0,0
1786496269,49569129,100.0,-1.720034424458639,-1.7038410345660608,-1.1327255407916468,-4.61781877676119,-4.890412036572592,0.693058967590332,0.0,-0.0,0.0,0.0,0.0,0.0,0.0,0.0,0.0,0.0,0.0,0.0,0
1786496269,68752050,100.0,-1.720046345387594,-1.7038291136371058,-1.1326897780047815,-4.617806855832235,-4.890399638806478,0.693058967590332,0.0,-0.0,0.0,0.0,0.0,0.0,0.0,0.0,0.0,0.0,0.0,0.0,0
1786496269,89035272,100.0,-1.7200701872455042,-1.7038410345660608,-1.132761303578512,-4.61781877676119,-4.890412036572592,0.6930469870567322,0.0,-0.0,0.0,0.0,0.0,0.0,0.0,0.0,0.0,0.0,0.0,0.0,0
1786496269,108756542,100.0,-1.7199981848346155,-1.7038410345660608,-1.1327374617206019,-4.617770854626791,-4.890447918568746,0.6930230259895325,0.0,-0.0,0.0,0.0,0.0,0.0,0.0,0.0,0.0,0.0,0.0,0.0,0
1786496269,129359722,100.0,-1.7200701872455042,-1.7038167158709925,-1.1327374617206019,-4.617758814488546,-4.890412036572592,0.6930110454559326,0.0,-0.0,0.0,0.0,0.0,0.0,0.0,0.0,0.0,0.0,0.0,0.0,0
1786496269,148816108,100.0,-1.7200582663165491,-1.7038052717791956,-1.1327255407916468,-4.617770854626791,-4.890412036572592,0.6930350065231323,0.0,-0.0,0.0,0.0,0.0,0.0,0.0,0.0,0.0,0.0,0.0,0.0,0
1786496269,168991804,100.0,-1.720034424458639,-1.7037928740130823,-1.132749382649557,-4.617746893559591,-4.890412036572592,0.6930350065231323,0.0,-0.0,0.0,0.0,0.0,0.0,0.0,0.0,0.0,0.0,0.0,0.0,0
1786496269,188718795,100.0,-1.7200225035296839,-1.7037928740130823,-1.1327374617206019,-4.6177828947650355,-4.890423957501547,0.6930110454559326,0.0,-0.0,0.0,0.0,0.0,0.0,0.0,0.0,0.0,0.0,0.0,0.0,0
1786496269,209520339,100.0,-1.7200225035296839,-1.7038052717791956,-1.132761303578512,-4.617722932492391,-4.890447918568746,0.6929870843887329,0.0,-0.0,0.0,0.0,0.0,0.0,0.0,0.0,0.0,0.0,0.0,0.0,0
1786496269,228816747,100.0,-1.7199981848346155,-1.7038052717791956,-1.1326897780047815,-4.617770854626791,-4.890435997639791,0.693058967590332,0.0,-0.0,0.0,0.0,0.0,0.0,0.0,0.0,0.0,0.0,0.0,0.0,0
1786496269,249294996,100.0,-1.7200105826007288,-1.7037809530841272,-1.132749382649557,-4.617806855832235,-4.890459958706991,0.693058967590332,0.0,-0.0,0.0,0.0,0.0,0.0,0.0,0.0,0.0,0.0,0.0,0.0,0
1786496269,268759489,100.0,-1.7200105826007288,-1.703757111226217,-1.132749382649557,-4.617758814488546,-4.890387598668234,0.6930469870567322,0.0,-0.0,0.0,0.0,0.0,0.0,0.0,0.0,0.0,0.0,0.0,0.0,0
1786496269,289077043,100.0,-1.7200701872455042,-1.7038410345660608,-1.1327136198626917,-4.617806855832235,-4.890423957501547,0.6930469870567322,0.0,-0.0,0.0,0.0,0.0,0.0,0.0,0.0,0.0,0.0,0.0,0.0,0
1786496269,308860778,100.0,-1.720046345387594,-1.7038410345660608,-1.1327737013446253,-4.617746893559591,-4.890412036572592,0.6930469870567322,0.0,-0.0,0.0,0.0,0.0,0.0,0.0,0.0,0.0,0.0,0.0,0.0,0
1786496269,329200029,100.0,-1.7199862639056605,-1.7038291136371058,-1.1327374617206019,-4.617770854626791,-4.890459958706991,0.6930110454559326,0.0,-0.0,0.0,0.0,0.0,0.0,0.0,0.0,0.0,0.0,0.0,0.0,0
1786496269,348845481,100.0,-1.7200105826007288,-1.7038410345660608,-1.132761303578512,-4.617746893559591,-4.890435997639791,0.6930110454559326,0.0,-0.0,0.0,0.0,0.0,0.0,0.0,0.0,0.0,0.0,0.0,0.0,0
1786496269,369687557,100.0,-1.7200105826007288,-1.7038167158709925,-1.1327255407916468,-4.6177348534213465,-4.890459958706991,0.6930709481239319,0.0,-0.0,0.0,0.0,0.0,0.0,0.0,0.0,0.0,0.0,0.0,0.0,0
1786496269,388734102,100.0,-1.7199743429767054,-1.7037928740130823,-1.1327737013446253,-4.6177948156939905,-4.890412036572592,0.6930230259895325,0.0,-0.0,0.0,0.0,0.0,0.0,0.0,0.0,0.0,0.0,0.0,0.0,0
1786496269,409343957,100.0,-1.720034424458639,-1.7037928740130823,-1.1326773802386683,-4.617770854626791,-4.890412036572592,0.6930709481239319,0.0,-0.0,0.0,0.0,0.0,0.0,0.0,0.0,0.0,0.0,0.0,0.0,0
1786496269,428835630,100.0,-1.7200582663165491,-1.7038052717791956,-1.1327016989337366,-4.617806855832235,-4.890412036572592,0.6930469870567322,0.0,-0.0,0.0,0.0,0.0,0.0,0.0,0.0,0.0,0.0,0.0,0.0,0
1786496269,449004650,100.0,-1.720034424458639,-1.7037928740130823,-1.132749382649557,-4.617770854626791,-4.890412036572592,0.693058967590332,0.0,-0.0,0.0,0.0,0.0,0.0,0.0,0.0,0.0,0.0,0.0,0.0,0
1786496269,468812465,100.0,-1.7199981848346155,-1.703745190297262,-1.1327255407916468,-4.617746893559591,-4.890447918568746,0.6930469870567322,0.0,-0.0,0.0,0.0,0.0,0.0,0.0,0.0,0.0,0.0,0.0,0.0,0
1786496269,489177703,100.0,-1.7200701872455042,-1.7038167158709925,-1.132749382649557,-4.617746893559591,-4.890399638806478,0.693058967590332,0.0,-0.0,0.0,0.0,0.0,0.0,0.0,0.0,0.0,0.0,0.0,0.0,0
1786496269,508773803,100.0,-1.7199981848346155,-1.703852955495016,-1.1327136198626917,-4.617770854626791,-4.890423957501547,0.693058967590332,0.0,-0.0,0.0,0.0,0.0,0.0,0.0,0.0,0.0,0.0,0.0,0.0,0
1786496269,529033660,100.0,-1.7200225035296839,-1.7038052717791956,-1.1327255407916468,-4.617770854626791,-4.890435997639791,0.6930230259895325,0.0,-0.0,0.0,0.0,0.0,0.0,0.0,0.0,0.0,0.0,0.0,0.0,0
1786496269,548860073,100.0,-1.720046345387594,-1.7038052717791956,-1.1327016989337366,-4.617758814488546,-4.890435997639791,0.6930230259895325,0.0,-0.0,0.0,0.0,0.0,0.0,0.0,0.0,0.0,0.0,0.0,0.0,0
1786496269,568687438,100.0,-1.7200821081744593,-1.7038167158709925,-1.132761303578512,-4.617746893559591,-4.890459958706991,0.6930469870567322,0.0,-0.0,0.0,0.0,0.0,0.0,0.0,0.0,0.0,0.0,0.0,0.0,0
1786496269,588746309,100.0,-1.720046345387594,-1.703864876423971,-1.1326897780047815,-4.617770854626791,-4.890459958706991,0.6930230259895325,0.0,-0.0,0.0,0.0,0.0,0.0,0.0,0.0,0.0,0.0,0.0,0.0,0
1786496269,608951807,100.0,-1.7199981848346155,-1.7038052717791956,-1.1327016989337366,-4.6177828947650355,-4.890399638806478,0.693058967590332,0.0,-0.0,0.0,0.0,0.0,0.0,0.0,0.0,0.0,0.0,0.0,0.0,0
1786496269,628837823,100.0,-1.7200105826007288,-1.7038167158709925,-1.1327374617206019,-4.617770854626791,-4.890459958706991,0.693058967590332,0.0,-0.0,0.0,0.0,0.0,0.0,0.0,0.0,0.0,0.0,0.0,0.0,0
1786496269,649772882,100.0,-1.7200225035296839,-1.7038167158709925,-1.1327374617206019,-4.617746893559591,-4.890447918568746,0.6929990649223328,0.0,-0.0,0.0,0.0,0.0,0.0,0.0,0.0,0.0,0.0,0.0,0.0,0
1786496269,669023513,100.0,-1.7199981848346155,-1.7038410345660608,-1.132749382649557,-4.617758814488546,-4.890399638806478,0.6929990649223328,0.0,-0.0,0.0,0.0,0.0,0.0,0.0,0.0,0.0,0.0,0.0,0.0,0
1786496269,689141511,100.0,-1.720034424458639,-1.703864876423971,-1.1326897780047815,-4.6177348534213465,-4.890459958706991,0.6929870843887329,0.0,-0.0,0.0,0.0,0.0,0.0,0.0,0.0,0.0,0.0,0.0,0.0,0
1786496269,708732604,100.0,-1.7199862639056605,-1.7038052717791956,-1.1327255407916468,-4.6177948156939905,-4.890387598668234,0.6930230259895325,0.0,-0.0,0.0,0.0,0.0,0.0,0.0,0.0,0.0,0.0,0.0,0.0,0
1786496269,729177713,100.0,-1.720034424458639,-1.703852955495016,-1.1327136198626917,-4.617758814488546,-4.890435997639791,0.693058967590332,0.0,-0.0,0.0,0.0,0.0,0.0,0.0,0.0,0.0,0.0,0.0,0.0,0
1786496269,748893260,100.0,-1.7199981848346155,-1.7037928740130823,-1.1327016989337366,-4.617722932492391,-4.890399638806478,0.6929990649223328,0.0,-0.0,0.0,0.0,0.0,0.0,0.0,0.0,0.0,0.0,0.0,0.0,0
1786496269,769097566,100.0,-1.7199981848346155,-1.703864876423971,-1.1327374617206019,-4.617770854626791,-4.890447918568746,0.693058967590332,0.0,-0.0,0.0,0.0,0.0,0.0,0.0,0.0,0.0,0.0,0.0,0.0,0
1786496269,788764715,100.0,-1.7199743429767054,-1.7038167158709925,-1.132749382649557,-4.617758814488546,-4.890423957501547,0.6930230259895325,0.0,-0.0,0.0,0.0,0.0,0.0,0.0,0.0,0.0,0.0,0.0,0.0,0
1786496269,809334754,100.0,-1.720046345387594,-1.7038410345660608,-1.132749382649557,-4.617770854626791,-4.890435997639791,0.6930350065231323,0.0,-0.0,0.0,0.0,0.0,0.0,0.0,0.0,0.0,0.0,0.0,0.0,0
1786496269,828763246,100.0,-1.720046345387594,-1.7037690321551722,-1.1327255407916468,-4.617758814488546,-4.890387598668234,0.6929990649223328,0.0,-0.0,0.0,0.0,0.0,0.0,0.0,0.0,0.0,0.0,0.0,0.0,0
1786496269,849321842,100.0,-1.7200105826007288,-1.7038291136371058,-1.1327136198626917,-4.6177828947650355,-4.890435997639791,0.6930350065231323,0.0,-0.0,0.0,0.0,0.0,0.0,0.0,0.0,0.0,0.0,0.0,0.0,0
1786496269,868741989,100.0,-1.7199981848346155,-1.703852955495016,-1.132749382649557,-4.6177348534213465,-4.890447918568746,0.6930709481239319,0.0,-0.0,0.0,0.0,0.0,0.0,0.0,0.0,0.0,0.0,0.0,0.0,0
1786496269,889201641,100.0,-1.7200225035296839,-1.7037690321551722,-1.1327975432025355,-4.617806855832235,-4.890423957501547,0.6929990649223328,0.0,-0.0,0.0,0.0,0.0,0.0,0.0,0.0,0.0,0.0,0.0,0.0,0
1786496269,908754587,100.0,-1.720034424458639,-1.7037928740130823,-1.1327016989337366,-4.6177348534213465,-4.890399638806478,0.6930110454559326,0.0,-0.0,0.0,0.0,0.0,0.0,0.0,0.0,0.0,0.0,0.0,0.0,0
1786496269,929160356,100.0,-1.7200105826007288,-1.703852955495016,-1.1327136198626917,-4.617770854626791,-4.890447918568746,0.6929990649223328,0.0,-0.0,0.0,0.0,0.0,0.0,0.0,0.0,0.0,0.0,0.0,0.0,0
1786496269,948910951,100.0,-1.7199743429767054,-1.7038167158709925,-1.1327374617206019,-4.6177348534213465,-4.890399638806478,0.6929990649223328,0.0,-0.0,0.0,0.0,0.0,0.0,0.0,0.0,0.0,0.0,0.0,0.0,0
1786496269,969735622,100.0,-1.720034424458639,-1.7038167158709925,-1.1327374617206019,-4.6177348534213465,-4.890399638806478,0.693058967590332,0.0,-0.0,0.0,0.0,0.0,0.0,0.0,0.0,0.0,0.0,0.0,0.0,0
1786496269,988781213,100.0,-1.720046345387594,-1.7038410345660608,-1.1327374617206019,-4.6177828947650355,-4.890423957501547,0.6930230259895325,0.0,-0.0,0.0,0.0,0.0,0.0,0.0,0.0,0.0,0.0,0.0,0.0,0
1786496270,9413480,100.0,-1.7200225035296839,-1.7038052717791956,-1.1327255407916468,-4.617758814488546,-4.890423957501547,0.6930469870567322,0.0,-0.0,0.0,0.0,0.0,0.0,0.0,0.0,0.0,0.0,0.0,0.0,0
1786496270,28724670,100.0,-1.7199862639056605,-1.703852955495016,-1.1326897780047815,-4.617758814488546,-4.890459958706991,0.6930350065231323,0.0,-0.0,0.0,0.0,0.0,0.0,0.0,0.0,0.0,0.0,0.0,0.0,0
1786496270,49252748,100.0,-1.7200105826007288,-1.703745190297262,-1.1327016989337366,-4.617758814488546,-4.890423957501547,0.6930230259895325,0.0,-0.0,0.0,0.0,0.0,0.0,0.0,0.0,0.0,0.0,0.0,0.0,0
1786496270,68743228,100.0,-1.7200225035296839,-1.7038291136371058,-1.1327374617206019,-4.6177828947650355,-4.890423957501547,0.693058967590332,0.0,-0.0,0.0,0.0,0.0,0.0,0.0,0.0,0.0,0.0,0.0,0.0,0
1786496270,88905811,100.0,-1.7199743429767054,-1.703745190297262,-1.1327255407916468,-4.617758814488546,-4.890435997639791,0.6929990649223328,0.0,-0.0,0.0,0.0,0.0,0.0,0.0,0.0,0.0,0.0,0.0,0.0,0
1786496270,108800649,100.0,-1.7199981848346155,-1.7038052717791956,-1.1327255407916468,-4.6177948156939905,-4.890447918568746,0.6930350065231323,0.0,-0.0,0.0,0.0,0.0,0.0,0.0,0.0,0.0,0.0,0.0,0.0,0
1786496270,129252910,100.0,-1.7200225035296839,-1.703757111226217,-1.132761303578512,-4.6177948156939905,-4.890423957501547,0.6930709481239319,0.0,-0.0,0.0,0.0,0.0,0.0,0.0,0.0,0.0,0.0,0.0,0.0,0
1786496270,148883104,100.0,-1.7200225035296839,-1.7038410345660608,-1.1327374617206019,-4.617722932492391,-4.890471879635946,0.6929870843887329,0.0,-0.0,0.0,0.0,0.0,0.0,0.0,0.0,0.0,0.0,0.0,0.0,0
1786496270,169437408,100.0,-1.7200225035296839,-1.7037928740130823,-1.1327016989337366,-4.617710892354147,-4.890423957501547,0.6930230259895325,0.0,-0.0,0.0,0.0,0.0,0.0,0.0,0.0,0.0,0.0,0.0,0.0,0
1786496270,188755750,100.0,-1.7200105826007288,-1.703864876423971,-1.132749382649557,-4.617770854626791,-4.890435997639791,0.693058967590332,0.0,-0.0,0.0,0.0,0.0,0.0,0.0,0.0,0.0,0.0,0.0,0.0,0
1786496270,209043264,100.0,-1.720034424458639,-1.7037809530841272,-1.1327374617206019,-4.617746893559591,-4.890423957501547,0.6930350065231323,0.0,-0.0,0.0,0.0,0.0,0.0,0.0,0.0,0.0,0.0,0.0,0.0,0
1786496270,228782176,100.0,-1.720034424458639,-1.7038052717791956,-1.132749382649557,-4.617770854626791,-4.890459958706991,0.6930230259895325,0.0,-0.0,0.0,0.0,0.0,0.0,0.0,0.0,0.0,0.0,0.0,0.0,0
1786496270,249413490,100.0,-1.7200225035296839,-1.7038167158709925,-1.132749382649557,-4.617746893559591,-4.890435997639791,0.6930350065231323,0.0,-0.0,0.0,0.0,0.0,0.0,0.0,0.0,0.0,0.0,0.0,0.0,0
1786496270,268758058,100.0,-1.7200105826007288,-1.703864876423971,-1.132749382649557,-4.617758814488546,-4.890412036572592,0.6930469870567322,0.0,-0.0,0.0,0.0,0.0,0.0,0.0,0.0,0.0,0.0,0.0,0.0,0
1786496270,289275646,100.0,-1.720046345387594,-1.7037809530841272,-1.1327255407916468,-4.617758814488546,-4.890412036572592,0.6930350065231323,0.0,-0.0,0.0,0.0,0.0,0.0,0.0,0.0,0.0,0.0,0.0,0.0,0
1786496270,308758974,100.0,-1.720046345387594,-1.7038410345660608,-1.1327374617206019,-4.617722932492391,-4.890459958706991,0.6930230259895325,0.0,-0.0,0.0,0.0,0.0,0.0,0.0,0.0,0.0,0.0,0.0,0.0,0
1786496270,328973770,100.0,-1.720034424458639,-1.703852955495016,-1.1326773802386683,-4.617770854626791,-4.890435997639791,0.6930230259895325,0.0,-0.0,0.0,0.0,0.0,0.0,0.0,0.0,0.0,0.0,0.0,0.0,0
1786496270,348912954,100.0,-1.7200105826007288,-1.7037928740130823,-1.132749382649557,-4.617770854626791,-4.890423957501547,0.6930230259895325,0.0,-0.0,0.0,0.0,0.0,0.0,0.0,0.0,0.0,0.0,0.0,0.0,0
1786496270,369144201,100.0,-1.7199862639056605,-1.7038052717791956,-1.1327136198626917,-4.617770854626791,-4.890399638806478,0.6930230259895325,0.0,-0.0,0.0,0.0,0.0,0.0,0.0,0.0,0.0,0.0,0.0,0.0,0
1786496270,388855695,100.0,-1.720046345387594,-1.7038052717791956,-1.1327016989337366,-4.617722932492391,-4.890435997639791,0.693058967590332,0.0,-0.0,0.0,0.0,0.0,0.0,0.0,0.0,0.0,0.0,0.0,0.0,0
1786496270,409479141,100.0,-1.720046345387594,-1.7037928740130823,-1.1327255407916468,-4.617746893559591,-4.890435997639791,0.6930709481239319,0.0,-0.0,0.0,0.0,0.0,0.0,0.0,0.0,0.0,0.0,0.0,0.0,0
1786496270,428751468,100.0,-1.7200225035296839,-1.7038291136371058,-1.1327374617206019,-4.617758814488546,-4.890423957501547,0.6930230259895325,0.0,-0.0,0.0,0.0,0.0,0.0,0.0,0.0,0.0,0.0,0.0,0.0,0
1786496270,449332475,100.0,-1.7200582663165491,-1.703864876423971,-1.1327136198626917,-4.6177828947650355,-4.890399638806478,0.6930469870567322,0.0,-0.0,0.0,0.0,0.0,0.0,0.0,0.0,0.0,0.0,0.0,0.0,0
1786496270,468823432,100.0,-1.720034424458639,-1.7037690321551722,-1.1327737013446253,-4.6177828947650355,-4.890423957501547,0.6930230259895325,0.0,-0.0,0.0,0.0,0.0,0.0,0.0,0.0,0.0,0.0,0.0,0.0,0
1786496270,488961935,100.0,-1.720034424458639,-1.7038410345660608,-1.1327016989337366,-4.617758814488546,-4.890412036572592,0.693058967590332,0.0,-0.0,0.0,0.0,0.0,0.0,0.0,0.0,0.0,0.0,0.0,0.0,0
1786496270,508807659,100.0,-1.720046345387594,-1.7038410345660608,-1.1327374617206019,-4.617722932492391,-4.890447918568746,0.6930949091911316,0.0,-0.0,0.0,0.0,0.0,0.0,0.0,0.0,0.0,0.0,0.0,0.0,0
1786496270,529806852,100.0,-1.7199981848346155,-1.7037809530841272,-1.1327016989337366,-4.6177828947650355,-4.890447918568746,0.6930469870567322,0.0,-0.0,0.0,0.0,0.0,0.0,0.0,0.0,0.0,0.0,0.0,0.0,0
1786496270,548815250,100.0,-1.7199862639056605,-1.7038291136371058,-1.1327136198626917,-4.6177948156939905,-4.890399638806478,0.6930469870567322,0.0,-0.0,0.0,0.0,0.0,0.0,0.0,0.0,0.0,0.0,0.0,0.0,0
1786496270,569411277,100.0,-1.7199862639056605,-1.7038167158709925,-1.1327255407916468,-4.6177828947650355,-4.890447918568746,0.693058967590332,0.0,-0.0,0.0,0.0,0.0,0.0,0.0,0.0,0.0,0.0,0.0,0.0,0
1786496270,588747024,100.0,-1.7199862639056605,-1.7038167158709925,-1.1327016989337366,-4.617770854626791,-4.890435997639791,0.6930110454559326,0.0,-0.0,0.0,0.0,0.0,0.0,0.0,0.0,0.0,0.0,0.0,0.0,0
1786496270,609274148,100.0,-1.720034424458639,-1.7037690321551722,-1.132749382649557,-4.617770854626791,-4.890412036572592,0.6930469870567322,0.0,-0.0,0.0,0.0,0.0,0.0,0.0,0.0,0.0,0.0,0.0,0.0,0
1786496270,628725051,100.0,-1.7200105826007288,-1.7037809530841272,-1.1327374617206019,-4.6177348534213465,-4.890459958706991,0.6930469870567322,0.0,-0.0,0.0,0.0,0.0,0.0,0.0,0.0,0.0,0.0,0.0,0.0,0
1786496270,649824619,100.0,-1.7199862639056605,-1.703852955495016,-1.1327136198626917,-4.6177948156939905,-4.890447918568746,0.693058967590332,0.0,-0.0,0.0,0.0,0.0,0.0,0.0,0.0,0.0,0.0,0.0,0.0,0
1786496270,668755769,100.0,-1.720034424458639,-1.7037928740130823,-1.1327374617206019,-4.617746893559591,-4.890423957501547,0.6929870843887329,0.0,-0.0,0.0,0.0,0.0,0.0,0.0,0.0,0.0,0.0,0.0,0.0,0
1786496270,688977241,100.0,-1.7200105826007288,-1.7037690321551722,-1.1327255407916468,-4.6177348534213465,-4.890459958706991,0.6930350065231323,0.0,-0.0,0.0,0.0,0.0,0.0,0.0,0.0,0.0,0.0,0.0,0.0,0
1786496270,708751916,100.0,-1.7200225035296839,-1.7037809530841272,-1.1327737013446253,-4.617758814488546,-4.890447918568746,0.6929990649223328,0.0,-0.0,0.0,0.0,0.0,0.0,0.0,0.0,0.0,0.0,0.0,0.0,0
1786496270,729559659,100.0,-1.7200225035296839,-1.7038052717791956,-1.1327136198626917,-4.617758814488546,-4.890471879635946,0.6930110454559326,0.0,-0.0,0.0,0.0,0.0,0.0,0.0,0.0,0.0,0.0,0.0,0.0,0
1786496270,748807907,100.0,-1.720046345387594,-1.7038291136371058,-1.132749382649557,-4.617770854626791,-4.890447918568746,0.693058967590332,0.0,-0.0,0.0,0.0,0.0,0.0,0.0,0.0,0.0,0.0,0.0,0.0,0
1786496270,769482851,100.0,-1.7199624220477503,-1.7038167158709925,-1.1327136198626917,-4.61781877676119,-4.890387598668234,0.6930469870567322,0.0,-0.0,0.0,0.0,0.0,0.0,0.0,0.0,0.0,0.0,0.0,0.0,0
1786496270,788710594,100.0,-1.7200582663165491,-1.7038291136371058,-1.1326773802386683,-4.6177948156939905,-4.890423957501547,0.6930469870567322,0.0,-0.0,0.0,0.0,0.0,0.0,0.0,0.0,0.0,0.0,0.0,0.0,0
1786496270,809274435,100.0,-1.7199862639056605,-1.703864876423971,-1.1327136198626917,-4.6177348534213465,-4.890399638806478,0.6930110454559326,0.0,-0.0,0.0,0.0,0.0,0.0,0.0,0.0,0.0,0.0,0.0,0.0,0
1786496270,828736543,100.0,-1.7199981848346155,-1.703757111226217,-1.1327136198626917,-4.6177948156939905,-4.890435997639791,0.6930709481239319,0.0,-0.0,0.0,0.0,0.0,0.0,0.0,0.0,0.0,0.0,0.0,0.0,0
1786496270,849454879,100.0,-1.7200225035296839,-1.7037690321551722,-1.132761303578512,-4.617722932492391,-4.890423957501547,0.6929990649223328,0.0,-0.0,0.0,0.0,0.0,0.0,0.0,0.0,0.0,0.0,0.0,0.0,0
1786496270,868892192,100.0,-1.7200105826007288,-1.7037809530841272,-1.1327136198626917,-4.6177828947650355,-4.890435997639791,0.6929870843887329,0.0,-0.0,0.0,0.0,0.0,0.0,0.0,0.0,0.0,0.0,0.0,0.0,0
1786496270,889769315,100.0,-1.720046345387594,-1.7037690321551722,-1.1327255407916468,-4.617758814488546,-4.890447918568746,0.6930110454559326,0.0,-0.0,0.0,0.0,0.0,0.0,0.0,0.0,0.0,0.0,0.0,0.0,0
1786496270,908770799,100.0,-1.720046345387594,-1.7037809530841272,-1.1327255407916468,-4.617758814488546,-4.890435997639791,0.6929990649223328,0.0,-0.0,0.0,0.0,0.0,0.0,0.0,0.0,0.0,0.0,0.0,0.0,0
1786496270,929294586,100.0,-1.7200225035296839,-1.7038291136371058,-1.1327374617206019,-4.617746893559591,-4.890412036572592,0.6930230259895325,0.0,-0.0,0.0,0.0,0.0,0.0,0.0,0.0,0.0,0.0,0.0,0.0,0
1786496270,948873043,100.0,-1.720046345387594,-1.7037928740130823,-1.1327255407916468,-4.617746893559591,-4.890459958706991,0.6930350065231323,0.0,-0.0,0.0,0.0,0.0,0.0,0.0,0.0,0.0,0.0,0.0,0.0,0
1786496270,969277858,100.0,-1.7200225035296839,-1.7037809530841272,-1.132749382649557,-4.617770854626791,-4.890387598668234,0.693058967590332,0.0,-0.0,0.0,0.0,0.0,0.0,0.0,0.0,0.0,0.0,0.0,0.0,0
1786496270,988745927,100.0,-1.7200105826007288,-1.7038167158709925,-1.132749382649557,-4.617758814488546,-4.890412036572592,0.6930350065231323,0.0,-0.0,0.0,0.0,0.0,0.0,0.0,0.0,0.0,0.0,0.0,0.0,0
1786496271,9231328,100.0,-1.720034424458639,-1.7038167158709925,-1.1327374617206019,-4.6177948156939905,-4.890412036572592,0.6929990649223328,0.0,-0.0,0.0,0.0,0.0,0.0,0.0,0.0,0.0,0.0,0.0,0.0,0
1786496271,28785228,100.0,-1.720046345387594,-1.7038052717791956,-1.1327255407916468,-4.617758814488546,-4.890412036572592,0.6930350065231323,0.0,-0.0,0.0,0.0,0.0,0.0,0.0,0.0,0.0,0.0,0.0,0.0,0
1786496271,49031972,100.0,-1.7199981848346155,-1.7038291136371058,-1.1327255407916468,-4.6177348534213465,-4.890423957501547,0.6930350065231323,0.0,-0.0,0.0,0.0,0.0,0.0,0.0,0.0,0.0,0.0,0.0,0.0,0
1786496271,68918704,100.0,-1.7200225035296839,-1.703864876423971,-1.1327016989337366,-4.6177828947650355,-4.890412036572592,0.6930350065231323,0.0,-0.0,0.0,0.0,0.0,0.0,0.0,0.0,0.0,0.0,0.0,0.0,0
1786496271,89066267,100.0,-1.7200225035296839,-1.703757111226217,-1.1327374617206019,-4.617746893559591,-4.890447918568746,0.6930469870567322,0.0,-0.0,0.0,0.0,0.0,0.0,0.0,0.0,0.0,0.0,0.0,0.0,0
1786496271,108813047,100.0,-1.7200701872455042,-1.7038291136371058,-1.1327737013446253,-4.617746893559591,-4.890435997639791,0.6930110454559326,0.0,-0.0,0.0,0.0,0.0,0.0,0.0,0.0,0.0,0.0,0.0,0.0,0
1786496271,129250288,100.0,-1.7200105826007288,-1.7038291136371058,-1.1327016989337366,-4.617746893559591,-4.890459958706991,0.6930230259895325,0.0,-0.0,0.0,0.0,0.0,0.0,0.0,0.0,0.0,0.0,0.0,0.0,0
1786496271,148852586,100.0,-1.7200105826007288,-1.7037809530841272,-1.1327136198626917,-4.6177828947650355,-4.890399638806478,0.6930350065231323,0.0,-0.0,0.0,0.0,0.0,0.0,0.0,0.0,0.0,0.0,0.0,0.0,0
1786496271,169208526,100.0,-1.7199981848346155,-1.7037690321551722,-1.1327737013446253,-4.617770854626791,-4.890399638806478,0.6930350065231323,0.0,-0.0,0.0,0.0,0.0,0.0,0.0,0.0,0.0,0.0,0.0,0.0,0
1786496271,188797950,100.0,-1.7200105826007288,-1.7038291136371058,-1.1327255407916468,-4.617722932492391,-4.890447918568746,0.6930350065231323,0.0,-0.0,0.0,0.0,0.0,0.0,0.0,0.0,0.0,0.0,0.0,0.0,0
1786496271,209032297,100.0,-1.7200701872455042,-1.7038291136371058,-1.1327374617206019,-4.6177828947650355,-4.890447918568746,0.6930469870567322,0.0,-0.0,0.0,0.0,0.0,0.0,0.0,0.0,0.0,0.0,0.0,0.0,0
1786496271,228852748,100.0,-1.7200105826007288,-1.7038410345660608,-1.132749382649557,-4.6177948156939905,-4.890399638806478,0.6929751038551331,0.0,-0.0,0.0,0.0,0.0,0.0,0.0,0.0,0.0,0.0,0.0,0.0,0
1786496271,249544382,100.0,-1.7200701872455042,-1.7038052717791956,-1.1327737013446253,-4.617758814488546,-4.890435997639791,0.6930469870567322,0.0,-0.0,0.0,0.0,0.0,0.0,0.0,0.0,0.0,0.0,0.0,0.0,0
1786496271,268773317,100.0,-1.7200105826007288,-1.7037928740130823,-1.1327374617206019,-4.617746893559591,-4.890435997639791,0.6930350065231323,0.0,-0.0,0.0,0.0,0.0,0.0,0.0,0.0,0.0,0.0,0.0,0.0,0
1786496271,289302825,100.0,-1.7200701872455042,-1.7038291136371058,-1.1327374617206019,-4.617758814488546,-4.890399638806478,0.6930350065231323,0.0,-0.0,0.0,0.0,0.0,0.0,0.0,0.0,0.0,0.0,0.0,0.0,0
1786496271,308790206,100.0,-1.7200701872455042,-1.7038291136371058,-1.1327255407916468,-4.617746893559591,-4.890399638806478,0.6930110454559326,0.0,-0.0,0.0,0.0,0.0,0.0,0.0,0.0,0.0,0.0,0.0,0.0,0
1786496271,329021930,100.0,-1.7200701872455042,-1.7038167158709925,-1.1327737013446253,-4.6177348534213465,-4.890412036572592,0.6930350065231323,0.0,-0.0,0.0,0.0,0.0,0.0,0.0,0.0,0.0,0.0,0.0,0.0,0
1786496271,348848581,100.0,-1.7200582663165491,-1.703757111226217,-1.132749382649557,-4.6177828947650355,-4.890447918568746,0.6930469870567322,0.0,-0.0,0.0,0.0,0.0,0.0,0.0,0.0,0.0,0.0,0.0,0.0,0
1786496271,369129419,100.0,-1.7200105826007288,-1.7038291136371058,-1.132761303578512,-4.6177828947650355,-4.890435997639791,0.6930469870567322,0.0,-0.0,0.0,0.0,0.0,0.0,0.0,0.0,0.0,0.0,0.0,0.0,0
1786496271,388855457,100.0,-1.7199862639056605,-1.7038410345660608,-1.1326773802386683,-4.617746893559591,-4.890423957501547,0.6929990649223328,0.0,-0.0,0.0,0.0,0.0,0.0,0.0,0.0,0.0,0.0,0.0,0.0,0
1786496271,409548759,100.0,-1.720046345387594,-1.7038052717791956,-1.1327136198626917,-4.617806855832235,-4.890412036572592,0.6930469870567322,0.0,-0.0,0.0,0.0,0.0,0.0,0.0,0.0,0.0,0.0,0.0,0.0,0
1786496271,428747415,100.0,-1.720046345387594,-1.7038291136371058,-1.1327136198626917,-4.617722932492391,-4.890447918568746,0.6930110454559326,0.0,-0.0,0.0,0.0,0.0,0.0,0.0,0.0,0.0,0.0,0.0,0.0,0
1786496271,449424982,100.0,-1.720034424458639,-1.7038052717791956,-1.132761303578512,-4.617770854626791,-4.890423957501547,0.6930110454559326,0.0,-0.0,0.0,0.0,0.0,0.0,0.0,0.0,0.0,0.0,0.0,0.0,0
1786496271,468741893,100.0,-1.7200225035296839,-1.7038291136371058,-1.1327737013446253,-4.6177948156939905,-4.890423957501547,0.6930110454559326,0.0,-0.0,0.0,0.0,0.0,0.0,0.0,0.0,0.0,0.0,0.0,0.0,0
1786496271,488999605,100.0,-1.720034424458639,-1.703757111226217,-1.1327255407916468,-4.6177828947650355,-4.890399638806478,0.6930110454559326,0.0,-0.0,0.0,0.0,0.0,0.0,0.0,0.0,0.0,0.0,0.0,0.0,0
1786496271,508932590,100.0,-1.7199862639056605,-1.7038052717791956,-1.132749382649557,-4.6177948156939905,-4.890399638806478,0.6930829286575317,0.0,-0.0,0.0,0.0,0.0,0.0,0.0,0.0,0.0,0.0,0.0,0.0,0
1786496271,529155254,100.0,-1.7200225035296839,-1.703757111226217,-1.1327136198626917,-4.617770854626791,-4.890375677739279,0.6930230259895325,0.0,-0.0,0.0,0.0,0.0,0.0,0.0,0.0,0.0,0.0,0.0,0.0,0
1786496271,548854589,100.0,-1.7199981848346155,-1.703852955495016,-1.1327255407916468,-4.617758814488546,-4.890447918568746,0.6930709481239319,0.0,-0.0,0.0,0.0,0.0,0.0,0.0,0.0,0.0,0.0,0.0,0.0,0
1786496271,568988323,100.0,-1.720034424458639,-1.7038052717791956,-1.1327255407916468,-4.617770854626791,-4.890447918568746,0.693058967590332,0.0,-0.0,0.0,0.0,0.0,0.0,0.0,0.0,0.0,0.0,0.0,0.0,0
1786496271,588801383,100.0,-1.7200225035296839,-1.7037928740130823,-1.1327016989337366,-4.617758814488546,-4.890423957501547,0.6930469870567322,0.0,-0.0,0.0,0.0,0.0,0.0,0.0,0.0,0.0,0.0,0.0,0.0,0
1786496271,608906984,100.0,-1.7200582663165491,-1.7038052717791956,-1.132749382649557,-4.617758814488546,-4.890423957501547,0.6930230259895325,0.0,-0.0,0.0,0.0,0.0,0.0,0.0,0.0,0.0,0.0,0.0,0.0,0
1786496271,628905773,100.0,-1.7200105826007288,-1.7038052717791956,-1.1327374617206019,-4.617758814488546,-4.890387598668234,0.693058967590332,0.0,-0.0,0.0,0.0,0.0,0.0,0.0,0.0,0.0,0.0,0.0,0.0,0
1786496271,649974107,100.0,-1.7199862639056605,-1.7038167158709925,-1.1327255407916468,-4.617758814488546,-4.890399638806478,0.6930110454559326,0.0,-0.0,0.0,0.0,0.0,0.0,0.0,0.0,0.0,0.0,0.0,0.0,0
1786496271,668784141,100.0,-1.7200225035296839,-1.7038052717791956,-1.132761303578512,-4.6177828947650355,-4.890435997639791,0.6930110454559326,0.0,-0.0,0.0,0.0,0.0,0.0,0.0,0.0,0.0,0.0,0.0,0.0,0
1786496271,689213037,100.0,-1.7200225035296839,-1.7038410345660608,-1.132749382649557,-4.617746893559591,-4.890375677739279,0.6930709481239319,0.0,-0.0,0.0,0.0,0.0,0.0,0.0,0.0,0.0,0.0,0.0,0.0,0
1786496271,708733558,100.0,-1.7199862639056605,-1.7038052717791956,-1.132749382649557,-4.6177948156939905,-4.890387598668234,0.6930469870567322,0.0,-0.0,0.0,0.0,0.0,0.0,0.0,0.0,0.0,0.0,0.0,0.0,0
1786496271,729334592,100.0,-1.7199743429767054,-1.7038167158709925,-1.1327255407916468,-4.617758814488546,-4.890399638806478,0.6930829286575317,0.0,-0.0,0.0,0.0,0.0,0.0,0.0,0.0,0.0,0.0,0.0,0.0,0
1786496271,748831987,100.0,-1.720034424458639,-1.7037327925311487,-1.1327255407916468,-4.6177948156939905,-4.890423957501547,0.6930230259895325,0.0,-0.0,0.0,0.0,0.0,0.0,0.0,0.0,0.0,0.0,0.0,0.0,0
1786496271,768957138,100.0,-1.720034424458639,-1.7038410345660608,-1.1327136198626917,-4.6177948156939905,-4.890471879635946,0.6929870843887329,0.0,-0.0,0.0,0.0,0.0,0.0,0.0,0.0,0.0,0.0,0.0,0.0,0
1786496271,788816928,100.0,-1.720034424458639,-1.703864876423971,-1.1327255407916468,-4.6177948156939905,-4.890387598668234,0.6930350065231323,0.0,-0.0,0.0,0.0,0.0,0.0,0.0,0.0,0.0,0.0,0.0,0.0,0
1786496271,808813095,100.0,-1.7199981848346155,-1.7037809530841272,-1.132749382649557,-4.6177828947650355,-4.890387598668234,0.6930350065231323,0.0,-0.0,0.0,0.0,0.0,0.0,0.0,0.0,0.0,0.0,0.0,0.0,0
1786496271,828920364,100.0,-1.7199862639056605,-1.7038052717791956,-1.1327016989337366,-4.617746893559591,-4.890459958706991,0.6930230259895325,0.0,-0.0,0.0,0.0,0.0,0.0,0.0,0.0,0.0,0.0,0.0,0.0,0
1786496271,849380016,100.0,-1.7200105826007288,-1.7038052717791956,-1.132761303578512,-4.617758814488546,-4.890387598668234,0.6930230259895325,0.0,-0.0,0.0,0.0,0.0,0.0,0.0,0.0,0.0,0.0,0.0,0.0,0
1786496271,868861913,100.0,-1.720046345387594,-1.7038052717791956,-1.1327374617206019,-4.6177948156939905,-4.890375677739279,0.6930350065231323,0.0,-0.0,0.0,0.0,0.0,0.0,0.0,0.0,0.0,0.0,0.0,0.0,0
1786496271,889162540,100.0,-1.7199862639056605,-1.703852955495016,-1.1327737013446253,-4.6177828947650355,-4.890483919774191,0.693058967590332,0.0,-0.0,0.0,0.0,0.0,0.0,0.0,0.0,0.0,0.0,0.0,0.0,0
1786496271,908773660,100.0,-1.7200225035296839,-1.7038167158709925,-1.132749382649557,-4.617770854626791,-4.890471879635946,0.6930469870567322,0.0,-0.0,0.0,0.0,0.0,0.0,0.0,0.0,0.0,0.0,0.0,0.0,0
1786496271,929155826,100.0,-1.720034424458639,-1.7037928740130823,-1.1327374617206019,-4.617758814488546,-4.890471879635946,0.6930469870567322,0.0,-0.0,0.0,0.0,0.0,0.0,0.0,0.0,0.0,0.0,0.0,0.0,0
1786496271,948822736,100.0,-1.7200225035296839,-1.7037690321551722,-1.1327016989337366,-4.6177948156939905,-4.890423957501547,0.6930230259895325,0.0,-0.0,0.0,0.0,0.0,0.0,0.0,0.0,0.0,0.0,0.0,0.0,0
1786496271,968826055,100.0,-1.7200105826007288,-1.7037928740130823,-1.1327136198626917,-4.617770854626791,-4.890447918568746,0.6930469870567322,0.0,-0.0,0.0,0.0,0.0,0.0,0.0,0.0,0.0,0.0,0.0,0.0,0
1786496271,988845825,100.0,-1.7200105826007288,-1.7037809530841272,-1.1327016989337366,-4.617758814488546,-4.890412036572592,0.693058967590332,0.0,-0.0,0.0,0.0,0.0,0.0,0.0,0.0,0.0,0.0,0.0,0.0,0
1786496272,9134054,100.0,-1.7200105826007288,-1.703852955495016,-1.1327856222735804,-4.6177348534213465,-4.890412036572592,0.6929990649223328,0.0,-0.0,0.0,0.0,0.0,0.0,0.0,0.0,0.0,0.0,0.0,0.0,0
1786496272,28847455,100.0,-1.7200105826007288,-1.7038052717791956,-1.1327374617206019,-4.6177348534213465,-4.890399638806478,0.693058967590332,0.0,-0.0,0.0,0.0,0.0,0.0,0.0,0.0,0.0,0.0,0.0,0.0,0
1786496272,49452066,100.0,-1.7200701872455042,-1.7038052717791956,-1.1327255407916468,-4.6177348534213465,-4.890447918568746,0.6930230259895325,0.0,-0.0,0.0,0.0,0.0,0.0,0.0,0.0,0.0,0.0,0.0,0.0,0
1786496272,68762063,100.0,-1.7200105826007288,-1.7038291136371058,-1.1327374617206019,-4.617722932492391,-4.890399638806478,0.6930350065231323,0.0,-0.0,0.0,0.0,0.0,0.0,0.0,0.0,0.0,0.0,0.0,0.0,0
1786496272,89395761,100.0,-1.7200105826007288,-1.7038167158709925,-1.1327016989337366,-4.617806855832235,-4.890399638806478,0.6930469870567322,0.0,-0.0,0.0,0.0,0.0,0.0,0.0,0.0,0.0,0.0,0.0,0.0,0
1786496272,109008550,100.0,-1.7200945059405726,-1.7038410345660608,-1.1327016989337366,-4.6177828947650355,-4.890423957501547,0.6929870843887329,0.0,-0.0,0.0,0.0,0.0,0.0,0.0,0.0,0.0,0.0,0.0,0.0,0
1786496272,128668308,100.0,-1.720034424458639,-1.7038052717791956,-1.1327136198626917,-4.617758814488546,-4.890375677739279,0.6930230259895325,0.0,-0.0,0.0,0.0,0.0,0.0,0.0,0.0,0.0,0.0,0.0,0.0,0
1786496272,148918390,100.0,-1.720034424458639,-1.7038167158709925,-1.1327136198626917,-4.617758814488546,-4.890435997639791,0.6930230259895325,0.0,-0.0,0.0,0.0,0.0,0.0,0.0,0.0,0.0,0.0,0.0,0.0,0
1786496272,168957471,100.0,-1.7200582663165491,-1.703864876423971,-1.132749382649557,-4.617770854626791,-4.890412036572592,0.6930230259895325,0.0,-0.0,0.0,0.0,0.0,0.0,0.0,0.0,0.0,0.0,0.0,0.0,0
1786496272,188794612,100.0,-1.7200105826007288,-1.7038410345660608,-1.1327374617206019,-4.617758814488546,-4.890459958706991,0.6930469870567322,0.0,-0.0,0.0,0.0,0.0,0.0,0.0,0.0,0.0,0.0,0.0,0.0,0
1786496272,209094285,100.0,-1.7200225035296839,-1.7038291136371058,-1.132761303578512,-4.617746893559591,-4.890399638806478,0.693058967590332,0.0,-0.0,0.0,0.0,0.0,0.0,0.0,0.0,0.0,0.0,0.0,0.0,0
1786496272,228825330,100.0,-1.7200582663165491,-1.7038167158709925,-1.1327374617206019,-4.617758814488546,-4.890423957501547,0.6930350065231323,0.0,-0.0,0.0,0.0,0.0,0.0,0.0,0.0,0.0,0.0,0.0,0.0,0
1786496272,249144792,100.0,-1.720046345387594,-1.7038410345660608,-1.1326897780047815,-4.617710892354147,-4.890459958706991,0.6930350065231323,0.0,-0.0,0.0,0.0,0.0,0.0,0.0,0.0,0.0,0.0,0.0,0.0,0
1786496272,268745183,100.0,-1.720046345387594,-1.7037809530841272,-1.132749382649557,-4.6177948156939905,-4.890387598668234,0.6930469870567322,0.0,-0.0,0.0,0.0,0.0,0.0,0.0,0.0,0.0,0.0,0.0,0.0,0
1786496272,289213657,100.0,-1.7199981848346155,-1.7038052717791956,-1.1327016989337366,-4.617758814488546,-4.890423957501547,0.6930469870567322,0.0,-0.0,0.0,0.0,0.0,0.0,0.0,0.0,0.0,0.0,0.0,0.0,0
1786496272,308736562,100.0,-1.7200225035296839,-1.703757111226217,-1.1327016989337366,-4.617770854626791,-4.890435997639791,0.6930230259895325,0.0,-0.0,0.0,0.0,0.0,0.0,0.0,0.0,0.0,0.0,0.0,0.0,0
1786496272,329259157,100.0,-1.7199981848346155,-1.7037809530841272,-1.1326897780047815,-4.617746893559591,-4.890423957501547,0.6930469870567322,0.0,-0.0,0.0,0.0,0.0,0.0,0.0,0.0,0.0,0.0,0.0,0.0,0
1786496272,348833560,100.0,-1.720034424458639,-1.7037690321551722,-1.1327016989337366,-4.617722932492391,-4.890435997639791,0.6930350065231323,0.0,-0.0,0.0,0.0,0.0,0.0,0.0,0.0,0.0,0.0,0.0,0.0,0
1786496272,368978977,100.0,-1.7200701872455042,-1.7037809530841272,-1.132761303578512,-4.6177348534213465,-4.890412036572592,0.6930469870567322,0.0,-0.0,0.0,0.0,0.0,0.0,0.0,0.0,0.0,0.0,0.0,0.0,0
1786496272,388788700,100.0,-1.7200225035296839,-1.7038052717791956,-1.1327255407916468,-4.617806855832235,-4.890399638806478,0.6929990649223328,0.0,-0.0,0.0,0.0,0.0,0.0,0.0,0.0,0.0,0.0,0.0,0.0,0
1786496272,409165859,100.0,-1.7199743429767054,-1.703757111226217,-1.1327374617206019,-4.617758814488546,-4.890447918568746,0.6929990649223328,0.0,-0.0,0.0,0.0,0.0,0.0,0.0,0.0,0.0,0.0,0.0,0.0,0
1786496272,428823709,100.0,-1.7199743429767054,-1.7037809530841272,-1.132749382649557,-4.617806855832235,-4.890459958706991,0.6930350065231323,0.0,-0.0,0.0,0.0,0.0,0.0,0.0,0.0,0.0,0.0,0.0,0.0,0
1786496272,449208974,100.0,-1.7199743429767054,-1.7037928740130823,-1.1327016989337366,-4.617770854626791,-4.890387598668234,0.6930469870567322,0.0,-0.0,0.0,0.0,0.0,0.0,0.0,0.0,0.0,0.0,0.0,0.0,0
1786496272,468767881,100.0,-1.720046345387594,-1.7037809530841272,-1.1327255407916468,-4.6177948156939905,-4.890387598668234,0.6929870843887329,0.0,-0.0,0.0,0.0,0.0,0.0,0.0,0.0,0.0,0.0,0.0,0.0,0
1786496272,488987445,100.0,-1.7200225035296839,-1.7037809530841272,-1.132761303578512,-4.617770854626791,-4.890423957501547,0.6930110454559326,0.0,-0.0,0.0,0.0,0.0,0.0,0.0,0.0,0.0,0.0,0.0,0.0,0
1786496272,508755207,100.0,-1.720034424458639,-1.7038167158709925,-1.1327255407916468,-4.6177828947650355,-4.890412036572592,0.6929990649223328,0.0,-0.0,0.0,0.0,0.0,0.0,0.0,0.0,0.0,0.0,0.0,0.0,0
1786496272,529157876,100.0,-1.7200582663165491,-1.7037809530841272,-1.1327255407916468,-4.617758814488546,-4.890412036572592,0.6930709481239319,0.0,-0.0,0.0,0.0,0.0,0.0,0.0,0.0,0.0,0.0,0.0,0.0,0
1786496272,548877000,100.0,-1.7199981848346155,-1.703852955495016,-1.1327374617206019,-4.6177948156939905,-4.890447918568746,0.6929990649223328,0.0,-0.0,0.0,0.0,0.0,0.0,0.0,0.0,0.0,0.0,0.0,0.0,0
1786496272,568905353,100.0,-1.7200225035296839,-1.7038291136371058,-1.1327374617206019,-4.617770854626791,-4.890387598668234,0.6930230259895325,0.0,-0.0,0.0,0.0,0.0,0.0,0.0,0.0,0.0,0.0,0.0,0.0,0
1786496272,588814735,100.0,-1.720046345387594,-1.7038291136371058,-1.1327136198626917,-4.617758814488546,-4.890423957501547,0.6930469870567322,0.0,-0.0,0.0,0.0,0.0,0.0,0.0,0.0,0.0,0.0,0.0,0.0,0
1786496272,608979225,100.0,-1.7200105826007288,-1.7038052717791956,-1.1327255407916468,-4.617758814488546,-4.890447918568746,0.693058967590332,0.0,-0.0,0.0,0.0,0.0,0.0,0.0,0.0,0.0,0.0,0.0,0.0,0
1786496272,628808975,100.0,-1.720034424458639,-1.7037690321551722,-1.1326897780047815,-4.6177828947650355,-4.890399638806478,0.6930469870567322,0.0,-0.0,0.0,0.0,0.0,0.0,0.0,0.0,0.0,0.0,0.0,0.0,0
1786496272,649280548,100.0,-1.7200225035296839,-1.703757111226217,-1.1327374617206019,-4.617770854626791,-4.890459958706991,0.6930110454559326,0.0,-0.0,0.0,0.0,0.0,0.0,0.0,0.0,0.0,0.0,0.0,0.0,0
1786496272,668846368,100.0,-1.720034424458639,-1.7037809530841272,-1.1327136198626917,-4.6177948156939905,-4.890435997639791,0.6930469870567322,0.0,-0.0,0.0,0.0,0.0,0.0,0.0,0.0,0.0,0.0,0.0,0.0,0
1786496272,689500570,100.0,-1.7199981848346155,-1.7038052717791956,-1.1327016989337366,-4.617746893559591,-4.890423957501547,0.6930350065231323,0.0,-0.0,0.0,0.0,0.0,0.0,0.0,0.0,0.0,0.0,0.0,0.0,0
1786496272,708776950,100.0,-1.720034424458639,-1.703757111226217,-1.132761303578512,-4.6177828947650355,-4.890412036572592,0.6930230259895325,0.0,-0.0,0.0,0.0,0.0,0.0,0.0,0.0,0.0,0.0,0.0,0.0,0
1786496272,729377269,100.0,-1.7200225035296839,-1.7038410345660608,-1.132749382649557,-4.617746893559591,-4.890399638806478,0.693058967590332,0.0,-0.0,0.0,0.0,0.0,0.0,0.0,0.0,0.0,0.0,0.0,0.0,0
1786496272,748831033,100.0,-1.7200105826007288,-1.7037928740130823,-1.1326773802386683,-4.617746893559591,-4.890435997639791,0.6930230259895325,0.0,-0.0,0.0,0.0,0.0,0.0,0.0,0.0,0.0,0.0,0.0,0.0,0
1786496272,768955469,100.0,-1.7200105826007288,-1.7037928740130823,-1.1326897780047815,-4.617722932492391,-4.890412036572592,0.6930709481239319,0.0,-0.0,0.0,0.0,0.0,0.0,0.0,0.0,0.0,0.0,0.0,0.0,0
1786496272,788767337,100.0,-1.7199981848346155,-1.7037928740130823,-1.1327016989337366,-4.617758814488546,-4.890459958706991,0.693058967590332,0.0,-0.0,0.0,0.0,0.0,0.0,0.0,0.0,0.0,0.0,0.0,0.0,0
1786496272,808943271,100.0,-1.7200225035296839,-1.7037928740130823,-1.1326897780047815,-4.617770854626791,-4.890387598668234,0.6930829286575317,0.0,-0.0,0.0,0.0,0.0,0.0,0.0,0.0,0.0,0.0,0.0,0.0,0
1786496272,828830003,100.0,-1.7199981848346155,-1.7038167158709925,-1.1327136198626917,-4.61781877676119,-4.890435997639791,0.693058967590332,0.0,-0.0,0.0,0.0,0.0,0.0,0.0,0.0,0.0,0.0,0.0,0.0,0
1786496272,849332571,100.0,-1.7199862639056605,-1.703852955495016,-1.132749382649557,-4.617758814488546,-4.890447918568746,0.6930230259895325,0.0,-0.0,0.0,0.0,0.0,0.0,0.0,0.0,0.0,0.0,0.0,0.0,0
1786496272,868775844,100.0,-1.7199981848346155,-1.7037809530841272,-1.1327374617206019,-4.617806855832235,-4.890412036572592,0.6930469870567322,0.0,-0.0,0.0,0.0,0.0,0.0,0.0,0.0,0.0,0.0,0.0,0.0,0
1786496272,889281272,100.0,-1.720034424458639,-1.703745190297262,-1.1327255407916468,-4.617746893559591,-4.890423957501547,0.6930469870567322,0.0,-0.0,0.0,0.0,0.0,0.0,0.0,0.0,0.0,0.0,0.0,0.0,0
1786496272,908757686,100.0,-1.720034424458639,-1.7038291136371058,-1.1327136198626917,-4.617770854626791,-4.890471879635946,0.6930829286575317,0.0,-0.0,0.0,0.0,0.0,0.0,0.0,0.0,0.0,0.0,0.0,0.0,0
1786496272,929056882,100.0,-1.7200105826007288,-1.7038291136371058,-1.132749382649557,-4.6177948156939905,-4.890471879635946,0.6930709481239319,0.0,-0.0,0.0,0.0,0.0,0.0,0.0,0.0,0.0,0.0,0.0,0.0,0
1786496272,948781967,100.0,-1.7200105826007288,-1.7038052717791956,-1.132749382649557,-4.617770854626791,-4.890447918568746,0.6930350065231323,0.0,-0.0,0.0,0.0,0.0,0.0,0.0,0.0,0.0,0.0,0.0,0.0,0
1786496272,969093561,100.0,-1.7199862639056605,-1.703757111226217,-1.132749382649557,-4.6177348534213465,-4.890471879635946,0.6930709481239319,0.0,-0.0,0.0,0.0,0.0,0.0,0.0,0.0,0.0,0.0,0.0,0.0,0
1786496272,988831520,100.0,-1.7200225035296839,-1.7038167158709925,-1.1327136198626917,-4.617758814488546,-4.890435997639791,0.6930230259895325,0.0,-0.0,0.0,0.0,0.0,0.0,0.0,0.0,0.0,0.0,0.0,0.0,0
1786496273,9174585,100.0,-1.7200582663165491,-1.7037809530841272,-1.132749382649557,-4.617710892354147,-4.890447918568746,0.6930469870567322,0.0,-0.0,0.0,0.0,0.0,0.0,0.0,0.0,0.0,0.0,0.0,0.0,0
1786496273,28757333,100.0,-1.720034424458639,-1.7038410345660608,-1.1326897780047815,-4.617758814488546,-4.890447918568746,0.6930469870567322,0.0,-0.0,0.0,0.0,0.0,0.0,0.0,0.0,0.0,0.0,0.0,0.0,0
1786496273,49348354,100.0,-1.720046345387594,-1.7037928740130823,-1.1327136198626917,-4.6177948156939905,-4.890459958706991,0.6930230259895325,0.0,-0.0,0.0,0.0,0.0,0.0,0.0,0.0,0.0,0.0,0.0,0.0,0
1786496273,68751811,100.0,-1.720034424458639,-1.7038167158709925,-1.132749382649557,-4.6177348534213465,-4.890483919774191,0.6930230259895325,0.0,-0.0,0.0,0.0,0.0,0.0,0.0,0.0,0.0,0.0,0.0,0.0,0
1786496273,88838577,100.0,-1.7200105826007288,-1.703852955495016,-1.1327136198626917,-4.617722932492391,-4.890459958706991,0.693058967590332,0.0,-0.0,0.0,0.0,0.0,0.0,0.0,0.0,0.0,0.0,0.0,0.0,0
1786496273,108787536,100.0,-1.7200105826007288,-1.7038167158709925,-1.1327016989337366,-4.617722932492391,-4.890447918568746,0.6930709481239319,0.0,-0.0,0.0,0.0,0.0,0.0,0.0,0.0,0.0,0.0,0.0,0.0,0
1786496273,128857851,100.0,-1.7199862639056605,-1.7037928740130823,-1.132749382649557,-4.6177348534213465,-4.890423957501547,0.6930829286575317,0.0,-0.0,0.0,0.0,0.0,0.0,0.0,0.0,0.0,0.0,0.0,0.0,0
1786496273,148918867,100.0,-1.7199981848346155,-1.7038167158709925,-1.132749382649557,-4.617758814488546,-4.890399638806478,0.6930230259895325,0.0,-0.0,0.0,0.0,0.0,0.0,0.0,0.0,0.0,0.0,0.0,0.0,0
1786496273,169107675,100.0,-1.7200225035296839,-1.7038167158709925,-1.1327374617206019,-4.617722932492391,-4.890423957501547,0.6930709481239319,0.0,-0.0,0.0,0.0,0.0,0.0,0.0,0.0,0.0,0.0,0.0,0.0,0
1786496273,188736915,100.0,-1.720046345387594,-1.703852955495016,-1.1327737013446253,-4.6177348534213465,-4.890423957501547,0.693058967590332,0.0,-0.0,0.0,0.0,0.0,0.0,0.0,0.0,0.0,0.0,0.0,0.0,0
1786496273,209514141,100.0,-1.7199743429767054,-1.7038052717791956,-1.1326897780047815,-4.617770854626791,-4.890447918568746,0.6930469870567322,0.0,-0.0,0.0,0.0,0.0,0.0,0.0,0.0,0.0,0.0,0.0,0.0,0
1786496273,228745222,100.0,-1.7200701872455042,-1.7038410345660608,-1.1326897780047815,-4.617770854626791,-4.890399638806478,0.6930110454559326,0.0,-0.0,0.0,0.0,0.0,0.0,0.0,0.0,0.0,0.0,0.0,0.0,0
1786496273,249324560,100.0,-1.7199743429767054,-1.7038052717791956,-1.1327016989337366,-4.617758814488546,-4.890459958706991,0.6930709481239319,0.0,-0.0,0.0,0.0,0.0,0.0,0.0,0.0,0.0,0.0,0.0,0.0,0
1786496273,268722534,100.0,-1.7199624220477503,-1.7038291136371058,-1.132761303578512,-4.617758814488546,-4.890459958706991,0.6930350065231323,0.0,-0.0,0.0,0.0,0.0,0.0,0.0,0.0,0.0,0.0,0.0,0.0,0
1786496273,289270877,100.0,-1.7200582663165491,-1.7038052717791956,-1.1327975432025355,-4.6177348534213465,-4.890447918568746,0.6930230259895325,0.0,-0.0,0.0,0.0,0.0,0.0,0.0,0.0,0.0,0.0,0.0,0.0,0
1786496273,308781862,100.0,-1.7200701872455042,-1.703757111226217,-1.1327374617206019,-4.617746893559591,-4.890423957501547,0.6930110454559326,0.0,-0.0,0.0,0.0,0.0,0.0,0.0,0.0,0.0,0.0,0.0,0.0,0
1786496273,329576253,100.0,-1.7200225035296839,-1.7037809530841272,-1.1327737013446253,-4.6177348534213465,-4.890423957501547,0.6930110454559326,0.0,-0.0,0.0,0.0,0.0,0.0,0.0,0.0,0.0,0.0,0.0,0.0,0
1786496273,348830699,100.0,-1.720046345387594,-1.7038291136371058,-1.132749382649557,-4.617806855832235,-4.890471879635946,0.6930230259895325,0.0,-0.0,0.0,0.0,0.0,0.0,0.0,0.0,0.0,0.0,0.0,0.0,0
1786496273,369318962,100.0,-1.7200105826007288,-1.7038167158709925,-1.1327374617206019,-4.617758814488546,-4.890447918568746,0.6930350065231323,0.0,-0.0,0.0,0.0,0.0,0.0,0.0,0.0,0.0,0.0,0.0,0.0,0
1786496273,388812065,100.0,-1.7200225035296839,-1.7038167158709925,-1.1327136198626917,-4.6177828947650355,-4.890423957501547,0.6930230259895325,0.0,-0.0,0.0,0.0,0.0,0.0,0.0,0.0,0.0,0.0,0.0,0.0,0
1786496273,409509420,100.0,-1.7199862639056605,-1.703864876423971,-1.1327016989337366,-4.6177828947650355,-4.890412036572592,0.6930110454559326,0.0,-0.0,0.0,0.0,0.0,0.0,0.0,0.0,0.0,0.0,0.0,0.0,0
1786496273,428767919,100.0,-1.7199862639056605,-1.7038167158709925,-1.1327374617206019,-4.617746893559591,-4.890412036572592,0.6930469870567322,0.0,-0.0,0.0,0.0,0.0,0.0,0.0,0.0,0.0,0.0,0.0,0.0,0
1786496273,449083089,100.0,-1.7200225035296839,-1.7037690321551722,-1.132749382649557,-4.6177828947650355,-4.890471879635946,0.6930230259895325,0.0,-0.0,0.0,0.0,0.0,0.0,0.0,0.0,0.0,0.0,0.0,0.0,0
1786496273,468730449,100.0,-1.7200225035296839,-1.7037089506732386,-1.1327374617206019,-4.6177348534213465,-4.890435997639791,0.6929990649223328,0.0,-0.0,0.0,0.0,0.0,0.0,0.0,0.0,0.0,0.0,0.0,0.0,0
1786496273,489140987,100.0,-1.7199981848346155,-1.7038167158709925,-1.1327255407916468,-4.617746893559591,-4.890412036572592,0.6930230259895325,0.0,-0.0,0.0,0.0,0.0,0.0,0.0,0.0,0.0,0.0,0.0,0.0,0
1786496273,508797168,100.0,-1.720034424458639,-1.703852955495016,-1.132749382649557,-4.6177948156939905,-4.890423957501547,0.6930350065231323,0.0,-0.0,0.0,0.0,0.0,0.0,0.0,0.0,0.0,0.0,0.0,0.0,0
1786496273,528945922,100.0,-1.7199981848346155,-1.7037690321551722,-1.132761303578512,-4.617770854626791,-4.890399638806478,0.6930110454559326,0.0,-0.0,0.0,0.0,0.0,0.0,0.0,0.0,0.0,0.0,0.0,0.0,0
1786496273,548890829,100.0,-1.7200105826007288,-1.7038052717791956,-1.1327374617206019,-4.6177828947650355,-4.890399638806478,0.693058967590332,0.0,-0.0,0.0,0.0,0.0,0.0,0.0,0.0,0.0,0.0,0.0,0.0,0
1786496273,569309473,100.0,-1.7199981848346155,-1.7038167158709925,-1.1327374617206019,-4.617770854626791,-4.890459958706991,0.6930230259895325,0.0,-0.0,0.0,0.0,0.0,0.0,0.0,0.0,0.0,0.0,0.0,0.0,0
1786496273,588848829,100.0,-1.7200225035296839,-1.7037690321551722,-1.132761303578512,-4.6177348534213465,-4.890471879635946,0.6930709481239319,0.0,-0.0,0.0,0.0,0.0,0.0,0.0,0.0,0.0,0.0,0.0,0.0,0
1786496273,608954191,100.0,-1.7200225035296839,-1.7038291136371058,-1.1327374617206019,-4.617770854626791,-4.890412036572592,0.6930230259895325,0.0,-0.0,0.0,0.0,0.0,0.0,0.0,0.0,0.0,0.0,0.0,0.0,0
1786496273,628796815,100.0,-1.7199862639056605,-1.703852955495016,-1.1327136198626917,-4.617770854626791,-4.890399638806478,0.6930110454559326,0.0,-0.0,0.0,0.0,0.0,0.0,0.0,0.0,0.0,0.0,0.0,0.0,0
1786496273,649165630,100.0,-1.7199862639056605,-1.7038410345660608,-1.1327374617206019,-4.6177828947650355,-4.890399638806478,0.693058967590332,0.0,-0.0,0.0,0.0,0.0,0.0,0.0,0.0,0.0,0.0,0.0,0.0,0
1786496273,668746709,100.0,-1.7200225035296839,-1.7038291136371058,-1.132761303578512,-4.617758814488546,-4.890423957501547,0.6930230259895325,0.0,-0.0,0.0,0.0,0.0,0.0,0.0,0.0,0.0,0.0,0.0,0.0,0
1786496273,688995599,100.0,-1.7199743429767054,-1.7038410345660608,-1.132749382649557,-4.617770854626791,-4.890459958706991,0.6930469870567322,0.0,-0.0,0.0,0.0,0.0,0.0,0.0,0.0,0.0,0.0,0.0,0.0,0
1786496273,708760738,100.0,-1.720034424458639,-1.7037690321551722,-1.1327374617206019,-4.617806855832235,-4.890375677739279,0.6930110454559326,0.0,-0.0,0.0,0.0,0.0,0.0,0.0,0.0,0.0,0.0,0.0,0.0,0
1786496273,728967428,100.0,-1.7200105826007288,-1.7038167158709925,-1.1326897780047815,-4.617758814488546,-4.890399638806478,0.6929870843887329,0.0,-0.0,0.0,0.0,0.0,0.0,0.0,0.0,0.0,0.0,0.0,0.0,0
1786496273,748899698,100.0,-1.7200225035296839,-1.7038167158709925,-1.1327016989337366,-4.617746893559591,-4.890399638806478,0.6930709481239319,0.0,-0.0,0.0,0.0,0.0,0.0,0.0,0.0,0.0,0.0,0.0,0.0,0
1786496273,769228219,100.0,-1.7200225035296839,-1.703876797352926,-1.1327374617206019,-4.617758814488546,-4.890399638806478,0.693058967590332,0.0,-0.0,0.0,0.0,0.0,0.0,0.0,0.0,0.0,0.0,0.0,0.0,0
1786496273,788770198,100.0,-1.720034424458639,-1.7038410345660608,-1.132761303578512,-4.617746893559591,-4.890447918568746,0.6930350065231323,0.0,-0.0,0.0,0.0,0.0,0.0,0.0,0.0,0.0,0.0,0.0,0.0,0
1786496273,808952569,100.0,-1.7200225035296839,-1.7038052717791956,-1.1327016989337366,-4.617758814488546,-4.890447918568746,0.6930709481239319,0.0,-0.0,0.0,0.0,0.0,0.0,0.0,0.0,0.0,0.0,0.0,0.0,0
1786496273,828828573,100.0,-1.7199981848346155,-1.7037928740130823,-1.132761303578512,-4.617722932492391,-4.890423957501547,0.6930709481239319,0.0,-0.0,0.0,0.0,0.0,0.0,0.0,0.0,0.0,0.0,0.0,0.0,0
1786496273,849274635,100.0,-1.720046345387594,-1.7037809530841272,-1.132749382649557,-4.617746893559591,-4.890459958706991,0.6930829286575317,0.0,-0.0,0.0,0.0,0.0,0.0,0.0,0.0,0.0,0.0,0.0,0.0,0
1786496273,868812322,100.0,-1.7199981848346155,-1.7038167158709925,-1.132761303578512,-4.617770854626791,-4.890435997639791,0.6930469870567322,0.0,-0.0,0.0,0.0,0.0,0.0,0.0,0.0,0.0,0.0,0.0,0.0,0
1786496273,888811349,100.0,-1.7199862639056605,-1.7037809530841272,-1.1327136198626917,-4.617770854626791,-4.890447918568746,0.6930230259895325,0.0,-0.0,0.0,0.0,0.0,0.0,0.0,0.0,0.0,0.0,0.0,0.0,0
1786496273,908812522,100.0,-1.7200225035296839,-1.7037809530841272,-1.1327255407916468,-4.617758814488546,-4.890399638806478,0.6930110454559326,0.0,-0.0,0.0,0.0,0.0,0.0,0.0,0.0,0.0,0.0,0.0,0.0,0
1786496273,929455518,100.0,-1.7200225035296839,-1.7037928740130823,-1.1327374617206019,-4.6177348534213465,-4.890459958706991,0.6930949091911316,0.0,-0.0,0.0,0.0,0.0,0.0,0.0,0.0,0.0,0.0,0.0,0.0,0
1786496273,948865890,100.0,-1.720034424458639,-1.703852955495016,-1.1327136198626917,-4.6177348534213465,-4.890435997639791,0.6930469870567322,0.0,-0.0,0.0,0.0,0.0,0.0,0.0,0.0,0.0,0.0,0.0,0.0,0
1786496273,969469785,100.0,-1.7199743429767054,-1.7038052717791956,-1.1327374617206019,-4.6177828947650355,-4.890399638806478,0.6930709481239319,0.0,-0.0,0.0,0.0,0.0,0.0,0.0,0.0,0.0,0.0,0.0,0.0,0
1786496273,988736152,100.0,-1.7200225035296839,-1.7037690321551722,-1.1327856222735804,-4.617722932492391,-4.890423957501547,0.6930110454559326,0.0,-0.0,0.0,0.0,0.0,0.0,0.0,0.0,0.0,0.0,0.0,0.0,0
1786496274,9183883,100.0,-1.7200701872455042,-1.7038052717791956,-1.1327255407916468,-4.617746893559591,-4.890387598668234,0.6929990649223328,0.0,-0.0,0.0,0.0,0.0,0.0,0.0,0.0,0.0,0.0,0.0,0.0,0
1786496274,28737545,100.0,-1.7199743429767054,-1.703852955495016,-1.1327255407916468,-4.617722932492391,-4.890412036572592,0.693058967590332,0.0,-0.0,0.0,0.0,0.0,0.0,0.0,0.0,0.0,0.0,0.0,0.0,0
1786496274,49079179,100.0,-1.720046345387594,-1.7038052717791956,-1.132749382649557,-4.617746893559591,-4.890412036572592,0.6930230259895325,0.0,-0.0,0.0,0.0,0.0,0.0,0.0,0.0,0.0,0.0,0.0,0.0,0
1786496274,68782091,100.0,-1.7200701872455042,-1.7037809530841272,-1.1327255407916468,-4.6177348534213465,-4.890412036572592,0.6930230259895325,0.0,-0.0,0.0,0.0,0.0,0.0,0.0,0.0,0.0,0.0,0.0,0.0,0
1786496274,89056730,100.0,-1.720034424458639,-1.7037809530841272,-1.132761303578512,-4.617770854626791,-4.890399638806478,0.6930230259895325,0.0,-0.0,0.0,0.0,0.0,0.0,0.0,0.0,0.0,0.0,0.0,0.0,0
1786496274,108794689,100.0,-1.7200582663165491,-1.703852955495016,-1.1327136198626917,-4.617770854626791,-4.890387598668234,0.6930350065231323,0.0,-0.0,0.0,0.0,0.0,0.0,0.0,0.0,0.0,0.0,0.0,0.0,0
1786496274,129411935,100.0,-1.720034424458639,-1.7037690321551722,-1.132761303578512,-4.6177828947650355,-4.890399638806478,0.6930110454559326,0.0,-0.0,0.0,0.0,0.0,0.0,0.0,0.0,0.0,0.0,0.0,0.0,0
1786496274,148840665,100.0,-1.720034424458639,-1.7038167158709925,-1.1327374617206019,-4.617746893559591,-4.890447918568746,0.6930469870567322,0.0,-0.0,0.0,0.0,0.0,0.0,0.0,0.0,0.0,0.0,0.0,0.0,0
1786496274,169172048,100.0,-1.720034424458639,-1.7037809530841272,-1.1327255407916468,-4.6177348534213465,-4.890447918568746,0.693058967590332,0.0,-0.0,0.0,0.0,0.0,0.0,0.0,0.0,0.0,0.0,0.0,0.0,0
1786496274,188758134,100.0,-1.7200225035296839,-1.703852955495016,-1.132761303578512,-4.617770854626791,-4.890435997639791,0.693058967590332,0.0,-0.0,0.0,0.0,0.0,0.0,0.0,0.0,0.0,0.0,0.0,0.0,0
1786496274,209091663,100.0,-1.7200105826007288,-1.7038291136371058,-1.132749382649557,-4.617758814488546,-4.890447918568746,0.6930110454559326,0.0,-0.0,0.0,0.0,0.0,0.0,0.0,0.0,0.0,0.0,0.0,0.0,0
1786496274,228786945,100.0,-1.720034424458639,-1.7038167158709925,-1.132749382649557,-4.617758814488546,-4.890375677739279,0.6930230259895325,0.0,-0.0,0.0,0.0,0.0,0.0,0.0,0.0,0.0,0.0,0.0,0.0,0
1786496274,249083280,100.0,-1.7199981848346155,-1.703757111226217,-1.132749382649557,-4.617758814488546,-4.890423957501547,0.6930350065231323,0.0,-0.0,0.0,0.0,0.0,0.0,0.0,0.0,0.0,0.0,0.0,0.0,0
1786496274,268849849,100.0,-1.7200225035296839,-1.703852955495016,-1.1327737013446253,-4.617770854626791,-4.890459958706991,0.6930469870567322,0.0,-0.0,0.0,0.0,0.0,0.0,0.0,0.0,0.0,0.0,0.0,0.0,0
1786496274,289179563,100.0,-1.7199981848346155,-1.7038052717791956,-1.1327016989337366,-4.6177348534213465,-4.890435997639791,0.6930110454559326,0.0,-0.0,0.0,0.0,0.0,0.0,0.0,0.0,0.0,0.0,0.0,0.0,0
1786496274,308703422,100.0,-1.7199981848346155,-1.7037928740130823,-1.1327374617206019,-4.617758814488546,-4.890423957501547,0.6930230259895325,0.0,-0.0,0.0,0.0,0.0,0.0,0.0,0.0,0.0,0.0,0.0,0.0,0
1786496274,329225540,100.0,-1.720046345387594,-1.7038291136371058,-1.132761303578512,-4.617770854626791,-4.890435997639791,0.6929990649223328,0.0,-0.0,0.0,0.0,0.0,0.0,0.0,0.0,0.0,0.0,0.0,0.0,0
1786496274,348805665,100.0,-1.720034424458639,-1.7037928740130823,-1.1327374617206019,-4.617770854626791,-4.890459958706991,0.6930230259895325,0.0,-0.0,0.0,0.0,0.0,0.0,0.0,0.0,0.0,0.0,0.0,0.0,0
1786496274,368863344,100.0,-1.7199743429767054,-1.7038167158709925,-1.1327136198626917,-4.617770854626791,-4.890399638806478,0.6930230259895325,0.0,-0.0,0.0,0.0,0.0,0.0,0.0,0.0,0.0,0.0,0.0,0.0,0
1786496274,388756036,100.0,-1.720034424458639,-1.7038410345660608,-1.1327255407916468,-4.617758814488546,-4.890423957501547,0.6930469870567322,0.0,-0.0,0.0,0.0,0.0,0.0,0.0,0.0,0.0,0.0,0.0,0.0,0
1786496274,409336566,100.0,-1.7200105826007288,-1.7037809530841272,-1.1326897780047815,-4.6177828947650355,-4.890423957501547,0.693058967590332,0.0,-0.0,0.0,0.0,0.0,0.0,0.0,0.0,0.0,0.0,0.0,0.0,0
1786496274,428762674,100.0,-1.7199862639056605,-1.7037690321551722,-1.1327255407916468,-4.617770854626791,-4.890412036572592,0.6930469870567322,0.0,-0.0,0.0,0.0,0.0,0.0,0.0,0.0,0.0,0.0,0.0,0.0,0
1786496274,449212074,100.0,-1.7199862639056605,-1.7038410345660608,-1.1327136198626917,-4.617758814488546,-4.890447918568746,0.6930469870567322,0.0,-0.0,0.0,0.0,0.0,0.0,0.0,0.0,0.0,0.0,0.0,0.0,0
1786496274,468817234,100.0,-1.7200582663165491,-1.7038167158709925,-1.132749382649557,-4.617770854626791,-4.890435997639791,0.6929990649223328,0.0,-0.0,0.0,0.0,0.0,0.0,0.0,0.0,0.0,0.0,0.0,0.0,0
1786496274,489256143,100.0,-1.720046345387594,-1.7037690321551722,-1.1327136198626917,-4.6177948156939905,-4.890447918568746,0.6930350065231323,0.0,-0.0,0.0,0.0,0.0,0.0,0.0,0.0,0.0,0.0,0.0,0.0,0
1786496274,508919954,100.0,-1.720046345387594,-1.7038052717791956,-1.132749382649557,-4.617746893559591,-4.890399638806478,0.6930110454559326,0.0,-0.0,0.0,0.0,0.0,0.0,0.0,0.0,0.0,0.0,0.0,0.0,0
1786496274,528836250,100.0,-1.7200105826007288,-1.7037928740130823,-1.132749382649557,-4.617710892354147,-4.890399638806478,0.693058967590332,0.0,-0.0,0.0,0.0,0.0,0.0,0.0,0.0,0.0,0.0,0.0,0.0,0
1786496274,548769950,100.0,-1.7200225035296839,-1.7038052717791956,-1.1327374617206019,-4.6177828947650355,-4.890435997639791,0.6930709481239319,0.0,-0.0,0.0,0.0,0.0,0.0,0.0,0.0,0.0,0.0,0.0,0.0,0
1786496274,569067478,100.0,-1.7199981848346155,-1.7037809530841272,-1.1327737013446253,-4.6177948156939905,-4.890459958706991,0.6929990649223328,0.0,-0.0,0.0,0.0,0.0,0.0,0.0,0.0,0.0,0.0,0.0,0.0,0
1786496274,588799715,100.0,-1.7200225035296839,-1.7038410345660608,-1.1327016989337366,-4.6177948156939905,-4.890423957501547,0.6930110454559326,0.0,-0.0,0.0,0.0,0.0,0.0,0.0,0.0,0.0,0.0,0.0,0.0,0
1786496274,608850717,100.0,-1.7200225035296839,-1.7038167158709925,-1.132749382649557,-4.617746893559591,-4.890459958706991,0.6930350065231323,0.0,-0.0,0.0,0.0,0.0,0.0,0.0,0.0,0.0,0.0,0.0,0.0,0
1786496274,628858327,100.0,-1.7199981848346155,-1.7038167158709925,-1.1327016989337366,-4.617746893559591,-4.890435997639791,0.6930469870567322,0.0,-0.0,0.0,0.0,0.0,0.0,0.0,0.0,0.0,0.0,0.0,0.0,0
1786496274,649427652,100.0,-1.7199743429767054,-1.7038291136371058,-1.132761303578512,-4.617770854626791,-4.890412036572592,0.6930110454559326,0.0,-0.0,0.0,0.0,0.0,0.0,0.0,0.0,0.0,0.0,0.0,0.0,0
1786496274,668761253,100.0,-1.720046345387594,-1.7038052717791956,-1.1327016989337366,-4.617770854626791,-4.890435997639791,0.6930350065231323,0.0,-0.0,0.0,0.0,0.0,0.0,0.0,0.0,0.0,0.0,0.0,0.0,0
1786496274,689192533,100.0,-1.7199981848346155,-1.7037928740130823,-1.1327374617206019,-4.617710892354147,-4.890447918568746,0.6930230259895325,0.0,-0.0,0.0,0.0,0.0,0.0,0.0,0.0,0.0,0.0,0.0,0.0,0
1786496274,708720684,100.0,-1.7200821081744593,-1.7038291136371058,-1.1327016989337366,-4.6177828947650355,-4.890435997639791,0.6929990649223328,0.0,-0.0,0.0,0.0,0.0,0.0,0.0,0.0,0.0,0.0,0.0,0.0,0
1786496274,728990793,100.0,-1.720034424458639,-1.703757111226217,-1.1327374617206019,-4.617746893559591,-4.890459958706991,0.6929990649223328,0.0,-0.0,0.0,0.0,0.0,0.0,0.0,0.0,0.0,0.0,0.0,0.0,0
1786496274,748895168,100.0,-1.7200225035296839,-1.7037809530841272,-1.1327016989337366,-4.617770854626791,-4.890435997639791,0.6930469870567322,0.0,-0.0,0.0,0.0,0.0,0.0,0.0,0.0,0.0,0.0,0.0,0.0,0
1786496274,769013643,100.0,-1.7199981848346155,-1.7038410345660608,-1.1327255407916468,-4.617770854626791,-4.890399638806478,0.6929751038551331,0.0,-0.0,0.0,0.0,0.0,0.0,0.0,0.0,0.0,0.0,0.0,0.0,0
1786496274,788864850,100.0,-1.720046345387594,-1.7037928740130823,-1.1327016989337366,-4.617770854626791,-4.890399638806478,0.693058967590332,0.0,-0.0,0.0,0.0,0.0,0.0,0.0,0.0,0.0,0.0,0.0,0.0,0
1786496274,809229373,100.0,-1.7199624220477503,-1.7037809530841272,-1.132761303578512,-4.6177348534213465,-4.890423957501547,0.6929990649223328,0.0,-0.0,0.0,0.0,0.0,0.0,0.0,0.0,0.0,0.0,0.0,0.0,0
1786496274,828869819,100.0,-1.7200225035296839,-1.7038052717791956,-1.1327255407916468,-4.6177348534213465,-4.890423957501547,0.6930350065231323,0.0,-0.0,0.0,0.0,0.0,0.0,0.0,0.0,0.0,0.0,0.0,0.0,0
1786496274,849473714,100.0,-1.7200225035296839,-1.7037809530841272,-1.132761303578512,-4.617746893559591,-4.890435997639791,0.6930230259895325,0.0,-0.0,0.0,0.0,0.0,0.0,0.0,0.0,0.0,0.0,0.0,0.0,0
1786496274,868942737,100.0,-1.7199981848346155,-1.7038167158709925,-1.1327374617206019,-4.617758814488546,-4.890423957501547,0.6930709481239319,0.0,-0.0,0.0,0.0,0.0,0.0,0.0,0.0,0.0,0.0,0.0,0.0,0
1786496274,889024257,100.0,-1.7199981848346155,-1.7037809530841272,-1.1327374617206019,-4.617722932492391,-4.890375677739279,0.6930110454559326,0.0,-0.0,0.0,0.0,0.0,0.0,0.0,0.0,0.0,0.0,0.0,0.0,0
1786496274,908738851,100.0,-1.7200105826007288,-1.7037690321551722,-1.1326897780047815,-4.617770854626791,-4.890423957501547,0.6930110454559326,0.0,-0.0,0.0,0.0,0.0,0.0,0.0,0.0,0.0,0.0,0.0,0.0,0
1786496274,928875207,100.0,-1.7200105826007288,-1.7038167158709925,-1.132761303578512,-4.617770854626791,-4.890423957501547,0.693058967590332,0.0,-0.0,0.0,0.0,0.0,0.0,0.0,0.0,0.0,0.0,0.0,0.0,0
1786496274,948863744,100.0,-1.7200582663165491,-1.7038291136371058,-1.1327016989337366,-4.617770854626791,-4.890412036572592,0.6929990649223328,0.0,-0.0,0.0,0.0,0.0,0.0,0.0,0.0,0.0,0.0,0.0,0.0,0
1786496274,969124078,100.0,-1.7200582663165491,-1.7037928740130823,-1.132749382649557,-4.6177828947650355,-4.890459958706991,0.6929990649223328,0.0,-0.0,0.0,0.0,0.0,0.0,0.0,0.0,0.0,0.0,0.0,0.0,0
1786496274,988822460,100.0,-1.7199743429767054,-1.703864876423971,-1.1327016989337366,-4.6177348534213465,-4.890412036572592,0.6930110454559326,0.0,-0.0,0.0,0.0,0.0,0.0,0.0,0.0,0.0,0.0,0.0,0.0,0
1786496275,9167909,100.0,-1.720046345387594,-1.7038052717791956,-1.132761303578512,-4.6177828947650355,-4.890435997639791,0.6929870843887329,0.0,-0.0,0.0,0.0,0.0,0.0,0.0,0.0,0.0,0.0,0.0,0.0,0
1786496275,28803110,100.0,-1.7200105826007288,-1.703745190297262,-1.1327374617206019,-4.617746893559591,-4.890412036572592,0.6930350065231323,0.0,-0.0,0.0,0.0,0.0,0.0,0.0,0.0,0.0,0.0,0.0,0.0,0
1786496275,49301862,100.0,-1.7199862639056605,-1.7037928740130823,-1.1327856222735804,-4.6177948156939905,-4.890399638806478,0.6930230259895325,0.0,-0.0,0.0,0.0,0.0,0.0,0.0,0.0,0.0,0.0,0.0,0.0,0
1786496275,68754673,100.0,-1.7200225035296839,-1.7038052717791956,-1.132761303578512,-4.617746893559591,-4.890387598668234,0.6930469870567322,0.0,-0.0,0.0,0.0,0.0,0.0,0.0,0.0,0.0,0.0,0.0,0.0,0
1786496275,88920116,100.0,-1.7200701872455042,-1.7038167158709925,-1.1327136198626917,-4.617746893559591,-4.890399638806478,0.6929990649223328,0.0,-0.0,0.0,0.0,0.0,0.0,0.0,0.0,0.0,0.0,0.0,0.0,0
1786496275,108797788,100.0,-1.7199862639056605,-1.7038167158709925,-1.1327374617206019,-4.6177948156939905,-4.890423957501547,0.6930949091911316,0.0,-0.0,0.0,0.0,0.0,0.0,0.0,0.0,0.0,0.0,0.0,0.0,0
1786496275,128808498,100.0,-1.720046345387594,-1.7038167158709925,-1.1327255407916468,-4.617770854626791,-4.890399638806478,0.6930110454559326,0.0,-0.0,0.0,0.0,0.0,0.0,0.0,0.0,0.0,0.0,0.0,0.0,0
1786496275,148852825,100.0,-1.7200105826007288,-1.703757111226217,-1.1327255407916468,-4.617770854626791,-4.890435997639791,0.6930709481239319,0.0,-0.0,0.0,0.0,0.0,0.0,0.0,0.0,0.0,0.0,0.0,0.0,0
1786496275,169151544,100.0,-1.7200701872455042,-1.7038052717791956,-1.1327374617206019,-4.617746893559591,-4.890435997639791,0.6930709481239319,0.0,-0.0,0.0,0.0,0.0,0.0,0.0,0.0,0.0,0.0,0.0,0.0,0
1786496275,188838720,100.0,-1.7200225035296839,-1.703852955495016,-1.1327016989337366,-4.617830816899435,-4.890399638806478,0.6930110454559326,0.0,-0.0,0.0,0.0,0.0,0.0,0.0,0.0,0.0,0.0,0.0,0.0,0
1786496275,209088802,100.0,-1.7199981848346155,-1.7038291136371058,-1.1327374617206019,-4.6177828947650355,-4.890423957501547,0.6930469870567322,0.0,-0.0,0.0,0.0,0.0,0.0,0.0,0.0,0.0,0.0,0.0,0.0,0
1786496275,228753328,100.0,-1.720046345387594,-1.7037690321551722,-1.1326897780047815,-4.617758814488546,-4.890447918568746,0.6930350065231323,0.0,-0.0,0.0,0.0,0.0,0.0,0.0,0.0,0.0,0.0,0.0,0.0,0
1786496275,249236583,100.0,-1.7200225035296839,-1.7037928740130823,-1.132761303578512,-4.617722932492391,-4.890423957501547,0.6929990649223328,0.0,-0.0,0.0,0.0,0.0,0.0,0.0,0.0,0.0,0.0,0.0,0.0,0
1786496275,268758058,100.0,-1.7200582663165491,-1.7038052717791956,-1.132749382649557,-4.617758814488546,-4.890423957501547,0.6930230259895325,0.0,-0.0,0.0,0.0,0.0,0.0,0.0,0.0,0.0,0.0,0.0,0.0,0
1786496275,289279937,100.0,-1.7200701872455042,-1.7038167158709925,-1.1327255407916468,-4.617746893559591,-4.890375677739279,0.6930469870567322,0.0,-0.0,0.0,0.0,0.0,0.0,0.0,0.0,0.0,0.0,0.0,0.0,0
1786496275,308759450,100.0,-1.7200105826007288,-1.7038291136371058,-1.1327737013446253,-4.6177828947650355,-4.890387598668234,0.6930469870567322,0.0,-0.0,0.0,0.0,0.0,0.0,0.0,0.0,0.0,0.0,0.0,0.0,0
1786496275,329056501,100.0,-1.720034424458639,-1.7037928740130823,-1.1327374617206019,-4.617830816899435,-4.890423957501547,0.6930350065231323,0.0,-0.0,0.0,0.0,0.0,0.0,0.0,0.0,0.0,0.0,0.0,0.0,0
1786496275,348840713,100.0,-1.7199981848346155,-1.7038052717791956,-1.1327136198626917,-4.617806855832235,-4.890459958706991,0.6930469870567322,0.0,-0.0,0.0,0.0,0.0,0.0,0.0,0.0,0.0,0.0,0.0,0.0,0
1786496275,369169473,100.0,-1.7200821081744593,-1.7038410345660608,-1.132749382649557,-4.617758814488546,-4.890471879635946,0.693058967590332,0.0,-0.0,0.0,0.0,0.0,0.0,0.0,0.0,0.0,0.0,0.0,0.0,0
1786496275,388768434,100.0,-1.7200582663165491,-1.7038167158709925,-1.1326773802386683,-4.617770854626791,-4.890399638806478,0.6930469870567322,0.0,-0.0,0.0,0.0,0.0,0.0,0.0,0.0,0.0,0.0,0.0,0.0,0
1786496275,409232378,100.0,-1.7200105826007288,-1.7038167158709925,-1.1327255407916468,-4.617758814488546,-4.890399638806478,0.693058967590332,0.0,-0.0,0.0,0.0,0.0,0.0,0.0,0.0,0.0,0.0,0.0,0.0,0
1786496275,428782939,100.0,-1.7200105826007288,-1.7037928740130823,-1.1327136198626917,-4.6177828947650355,-4.890412036572592,0.6930469870567322,0.0,-0.0,0.0,0.0,0.0,0.0,0.0,0.0,0.0,0.0,0.0,0.0,0
1786496275,449167251,100.0,-1.7200105826007288,-1.7037809530841272,-1.1327374617206019,-4.617746893559591,-4.890387598668234,0.693058967590332,0.0,-0.0,0.0,0.0,0.0,0.0,0.0,0.0,0.0,0.0,0.0,0.0,0
1786496275,468775749,100.0,-1.7199981848346155,-1.7037928740130823,-1.1327374617206019,-4.6177948156939905,-4.890412036572592,0.6930949091911316,0.0,-0.0,0.0,0.0,0.0,0.0,0.0,0.0,0.0,0.0,0.0,0.0,0
1786496275,489059686,100.0,-1.7200701872455042,-1.7037809530841272,-1.132761303578512,-4.617758814488546,-4.890423957501547,0.6930230259895325,0.0,-0.0,0.0,0.0,0.0,0.0,0.0,0.0,0.0,0.0,0.0,0.0,0
1786496275,508893013,100.0,-1.7200225035296839,-1.7038167158709925,-1.132761303578512,-4.617710892354147,-4.890423957501547,0.6930110454559326,0.0,-0.0,0.0,0.0,0.0,0.0,0.0,0.0,0.0,0.0,0.0,0.0,0
1786496275,529946565,100.0,-1.7200105826007288,-1.7038052717791956,-1.1327136198626917,-4.617770854626791,-4.890471879635946,0.6930110454559326,0.0,-0.0,0.0,0.0,0.0,0.0,0.0,0.0,0.0,0.0,0.0,0.0,0
1786496275,548836469,100.0,-1.7200105826007288,-1.7038291136371058,-1.1327374617206019,-4.617698971425192,-4.890471879635946,0.693058967590332,0.0,-0.0,0.0,0.0,0.0,0.0,0.0,0.0,0.0,0.0,0.0,0.0,0
1786496275,569063663,100.0,-1.720034424458639,-1.703852955495016,-1.132761303578512,-4.6177348534213465,-4.890423957501547,0.6930829286575317,0.0,-0.0,0.0,0.0,0.0,0.0,0.0,0.0,0.0,0.0,0.0,0.0,0
1786496275,588783264,100.0,-1.720034424458639,-1.7038052717791956,-1.1327136198626917,-4.6177948156939905,-4.890423957501547,0.6930230259895325,0.0,-0.0,0.0,0.0,0.0,0.0,0.0,0.0,0.0,0.0,0.0,0.0,0
1786496275,608983278,100.0,-1.7200582663165491,-1.7038291136371058,-1.132749382649557,-4.6177348534213465,-4.890435997639791,0.6930469870567322,0.0,-0.0,0.0,0.0,0.0,0.0,0.0,0.0,0.0,0.0,0.0,0.0,0
1786496275,628813028,100.0,-1.7200105826007288,-1.7037928740130823,-1.1327255407916468,-4.61781877676119,-4.890423957501547,0.6930110454559326,0.0,-0.0,0.0,0.0,0.0,0.0,0.0,0.0,0.0,0.0,0.0,0.0,0
1786496275,649185895,100.0,-1.7200582663165491,-1.7037809530841272,-1.1327374617206019,-4.6177948156939905,-4.890435997639791,0.6930469870567322,0.0,-0.0,0.0,0.0,0.0,0.0,0.0,0.0,0.0,0.0,0.0,0.0,0
1786496275,668890476,100.0,-1.7200105826007288,-1.7038052717791956,-1.1326897780047815,-4.617806855832235,-4.890412036572592,0.6930230259895325,0.0,-0.0,0.0,0.0,0.0,0.0,0.0,0.0,0.0,0.0,0.0,0.0,0
1786496275,689189434,100.0,-1.7199981848346155,-1.7038410345660608,-1.1327856222735804,-4.617806855832235,-4.890435997639791,0.6929990649223328,0.0,-0.0,0.0,0.0,0.0,0.0,0.0,0.0,0.0,0.0,0.0,0.0,0
1786496275,708816289,100.0,-1.7200105826007288,-1.7038410345660608,-1.132749382649557,-4.617758814488546,-4.890412036572592,0.6930709481239319,0.0,-0.0,0.0,0.0,0.0,0.0,0.0,0.0,0.0,0.0,0.0,0.0,0
1786496275,729573726,100.0,-1.7200225035296839,-1.7038167158709925,-1.1327374617206019,-4.617806855832235,-4.890447918568746,0.6930110454559326,0.0,-0.0,0.0,0.0,0.0,0.0,0.0,0.0,0.0,0.0,0.0,0.0,0
1786496275,748833894,100.0,-1.720034424458639,-1.7038052717791956,-1.132749382649557,-4.617722932492391,-4.890447918568746,0.6930709481239319,0.0,-0.0,0.0,0.0,0.0,0.0,0.0,0.0,0.0,0.0,0.0,0.0,0
1786496275,769106149,100.0,-1.720034424458639,-1.703745190297262,-1.132761303578512,-4.617758814488546,-4.890435997639791,0.6930110454559326,0.0,-0.0,0.0,0.0,0.0,0.0,0.0,0.0,0.0,0.0,0.0,0.0,0
1786496275,788728713,100.0,-1.7200105826007288,-1.7037690321551722,-1.132761303578512,-4.617758814488546,-4.890423957501547,0.6930230259895325,0.0,-0.0,0.0,0.0,0.0,0.0,0.0,0.0,0.0,0.0,0.0,0.0,0
1786496275,809075117,100.0,-1.7199862639056605,-1.7037327925311487,-1.1327975432025355,-4.6177828947650355,-4.890447918568746,0.6930469870567322,0.0,-0.0,0.0,0.0,0.0,0.0,0.0,0.0,0.0,0.0,0.0,0.0,0
1786496275,828713178,100.0,-1.720046345387594,-1.7037809530841272,-1.132761303578512,-4.6177828947650355,-4.890447918568746,0.693058967590332,0.0,-0.0,0.0,0.0,0.0,0.0,0.0,0.0,0.0,0.0,0.0,0.0,0
1786496275,849024772,100.0,-1.7199981848346155,-1.703864876423971,-1.1327136198626917,-4.617806855832235,-4.890387598668234,0.6930709481239319,0.0,-0.0,0.0,0.0,0.0,0.0,0.0,0.0,0.0,0.0,0.0,0.0,0
1786496275,868775844,100.0,-1.7200225035296839,-1.7038291136371058,-1.1327856222735804,-4.6177828947650355,-4.890447918568746,0.6930469870567322,0.0,-0.0,0.0,0.0,0.0,0.0,0.0,0.0,0.0,0.0,0.0,0.0,0
1786496275,889063358,100.0,-1.7199743429767054,-1.7038052717791956,-1.1327255407916468,-4.617722932492391,-4.890423957501547,0.6930350065231323,0.0,-0.0,0.0,0.0,0.0,0.0,0.0,0.0,0.0,0.0,0.0,0.0,0
1786496275,908713579,100.0,-1.7200105826007288,-1.703757111226217,-1.1327374617206019,-4.617746893559591,-4.890459958706991,0.6930110454559326,0.0,-0.0,0.0,0.0,0.0,0.0,0.0,0.0,0.0,0.0,0.0,0.0,0
1786496275,929608821,100.0,-1.7200225035296839,-1.7038052717791956,-1.1327016989337366,-4.617806855832235,-4.890447918568746,0.6929990649223328,0.0,-0.0,0.0,0.0,0.0,0.0,0.0,0.0,0.0,0.0,0.0,0.0,0
1786496275,948818683,100.0,-1.7200582663165491,-1.7038167158709925,-1.132749382649557,-4.617806855832235,-4.890435997639791,0.6930709481239319,0.0,-0.0,0.0,0.0,0.0,0.0,0.0,0.0,0.0,0.0,0.0,0.0,0
1786496275,969436407,100.0,-1.7200105826007288,-1.7037928740130823,-1.1327016989337366,-4.617770854626791,-4.890423957501547,0.6930469870567322,0.0,-0.0,0.0,0.0,0.0,0.0,0.0,0.0,0.0,0.0,0.0,0.0,0
1786496275,988755226,100.0,-1.7199743429767054,-1.7037928740130823,-1.1327136198626917,-4.617770854626791,-4.890399638806478,0.693058967590332,0.0,-0.0,0.0,0.0,0.0,0.0,0.0,0.0,0.0,0.0,0.0,0.0,0
1786496276,9072065,100.0,-1.7200225035296839,-1.703852955495016,-1.132749382649557,-4.617770854626791,-4.890412036572592,0.693058967590332,0.0,-0.0,0.0,0.0,0.0,0.0,0.0,0.0,0.0,0.0,0.0,0.0,0
1786496276,28729915,100.0,-1.7199981848346155,-1.703745190297262,-1.132749382649557,-4.617710892354147,-4.890423957501547,0.6930230259895325,0.0,-0.0,0.0,0.0,0.0,0.0,0.0,0.0,0.0,0.0,0.0,0.0,0
1786496276,49301862,100.0,-1.7200582663165491,-1.7037928740130823,-1.1327737013446253,-4.617770854626791,-4.890447918568746,0.6930469870567322,0.0,-0.0,0.0,0.0,0.0,0.0,0.0,0.0,0.0,0.0,0.0,0.0,0
1786496276,68765878,100.0,-1.720034424458639,-1.7037690321551722,-1.1327374617206019,-4.617770854626791,-4.890435997639791,0.6930230259895325,0.0,-0.0,0.0,0.0,0.0,0.0,0.0,0.0,0.0,0.0,0.0,0.0,0
1786496276,88878631,100.0,-1.7200225035296839,-1.7037928740130823,-1.1327255407916468,-4.6177948156939905,-4.890447918568746,0.6930350065231323,0.0,-0.0,0.0,0.0,0.0,0.0,0.0,0.0,0.0,0.0,0.0,0.0,0
1786496276,108864068,100.0,-1.7199862639056605,-1.7038052717791956,-1.1327016989337366,-4.617758814488546,-4.890447918568746,0.693058967590332,0.0,-0.0,0.0,0.0,0.0,0.0,0.0,0.0,0.0,0.0,0.0,0.0,0
1786496276,128866910,100.0,-1.720034424458639,-1.7038052717791956,-1.132749382649557,-4.617758814488546,-4.890423957501547,0.6930110454559326,0.0,-0.0,0.0,0.0,0.0,0.0,0.0,0.0,0.0,0.0,0.0,0.0,0
1786496276,148871898,100.0,-1.720034424458639,-1.7037928740130823,-1.1327255407916468,-4.617746893559591,-4.890447918568746,0.6930469870567322,0.0,-0.0,0.0,0.0,0.0,0.0,0.0,0.0,0.0,0.0,0.0,0.0,0
1786496276,169412612,100.0,-1.7199981848346155,-1.7037928740130823,-1.1327136198626917,-4.617758814488546,-4.890399638806478,0.6930230259895325,0.0,-0.0,0.0,0.0,0.0,0.0,0.0,0.0,0.0,0.0,0.0,0.0,0
1786496276,188796997,100.0,-1.7200582663165491,-1.7038052717791956,-1.132749382649557,-4.6177948156939905,-4.890399638806478,0.6929870843887329,0.0,-0.0,0.0,0.0,0.0,0.0,0.0,0.0,0.0,0.0,0.0,0.0,0
1786496276,209192276,100.0,-1.7199862639056605,-1.7038167158709925,-1.132749382649557,-4.61781877676119,-4.890423957501547,0.6930350065231323,0.0,-0.0,0.0,0.0,0.0,0.0,0.0,0.0,0.0,0.0,0.0,0.0,0
1786496276,228746175,100.0,-1.7200225035296839,-1.7038052717791956,-1.1327374617206019,-4.617770854626791,-4.890483919774191,0.6930829286575317,0.0,-0.0,0.0,0.0,0.0,0.0,0.0,0.0,0.0,0.0,0.0,0.0,0
1786496276,249301671,100.0,-1.720046345387594,-1.7038410345660608,-1.1326897780047815,-4.6177828947650355,-4.890412036572592,0.6930230259895325,0.0,-0.0,0.0,0.0,0.0,0.0,0.0,0.0,0.0,0.0,0.0,0.0,0
1786496276,268732786,100.0,-1.7200225035296839,-1.7037809530841272,-1.1327255407916468,-4.617770854626791,-4.890412036572592,0.6929990649223328,0.0,-0.0,0.0,0.0,0.0,0.0,0.0,0.0,0.0,0.0,0.0,0.0,0
1786496276,289160490,100.0,-1.7200225035296839,-1.7038410345660608,-1.1326897780047815,-4.617758814488546,-4.890412036572592,0.6929631233215332,0.0,-0.0,0.0,0.0,0.0,0.0,0.0,0.0,0.0,0.0,0.0,0.0,0
1786496276,308731317,100.0,-1.7199743429767054,-1.7037928740130823,-1.132749382649557,-4.6177828947650355,-4.890435997639791,0.6930230259895325,0.0,-0.0,0.0,0.0,0.0,0.0,0.0,0.0,0.0,0.0,0.0,0.0,0
1786496276,329161882,100.0,-1.7200225035296839,-1.7038052717791956,-1.1327136198626917,-4.617758814488546,-4.890399638806478,0.6930469870567322,0.0,-0.0,0.0,0.0,0.0,0.0,0.0,0.0,0.0,0.0,0.0,0.0,0
1786496276,348904848,100.0,-1.720034424458639,-1.7038167158709925,-1.132761303578512,-4.617722932492391,-4.890387598668234,0.6930469870567322,0.0,-0.0,0.0,0.0,0.0,0.0,0.0,0.0,0.0,0.0,0.0,0.0,0
1786496276,368951320,100.0,-1.720034424458639,-1.7037809530841272,-1.1327374617206019,-4.617722932492391,-4.890435997639791,0.6930469870567322,0.0,-0.0,0.0,0.0,0.0,0.0,0.0,0.0,0.0,0.0,0.0,0.0,0
1786496276,388832569,100.0,-1.720034424458639,-1.7038052717791956,-1.1327255407916468,-4.6177828947650355,-4.890435997639791,0.6930350065231323,0.0,-0.0,0.0,0.0,0.0,0.0,0.0,0.0,0.0,0.0,0.0,0.0,0
1786496276,408691883,100.0,-1.7200105826007288,-1.7037928740130823,-1.1327255407916468,-4.617758814488546,-4.890423957501547,0.6930350065231323,0.0,-0.0,0.0,0.0,0.0,0.0,0.0,0.0,0.0,0.0,0.0,0.0,0
1786496276,428823709,100.0,-1.7200225035296839,-1.703745190297262,-1.132749382649557,-4.617722932492391,-4.890447918568746,0.6930230259895325,0.0,-0.0,0.0,0.0,0.0,0.0,0.0,0.0,0.0,0.0,0.0,0.0,0
1786496276,449123144,100.0,-1.7199981848346155,-1.7038410345660608,-1.1327374617206019,-4.617770854626791,-4.890423957501547,0.6930230259895325,0.0,-0.0,0.0,0.0,0.0,0.0,0.0,0.0,0.0,0.0,0.0,0.0,0
1786496276,468730688,100.0,-1.7200225035296839,-1.7037809530841272,-1.1327374617206019,-4.617770854626791,-4.890423957501547,0.6930230259895325,0.0,-0.0,0.0,0.0,0.0,0.0,0.0,0.0,0.0,0.0,0.0,0.0,0
1786496276,489443063,100.0,-1.720046345387594,-1.703852955495016,-1.1326897780047815,-4.617746893559591,-4.890447918568746,0.6930110454559326,0.0,-0.0,0.0,0.0,0.0,0.0,0.0,0.0,0.0,0.0,0.0,0.0,0
1786496276,508751392,100.0,-1.7200105826007288,-1.7037690321551722,-1.1327016989337366,-4.617746893559591,-4.890459958706991,0.6930230259895325,0.0,-0.0,0.0,0.0,0.0,0.0,0.0,0.0,0.0,0.0,0.0,0.0,0
1786496276,528943300,100.0,-1.7199981848346155,-1.7037809530841272,-1.132749382649557,-4.617746893559591,-4.890399638806478,0.6930949091911316,0.0,-0.0,0.0,0.0,0.0,0.0,0.0,0.0,0.0,0.0,0.0,0.0,0
1786496276,548859834,100.0,-1.720034424458639,-1.7038167158709925,-1.132749382649557,-4.617746893559591,-4.890435997639791,0.693058967590332,0.0,-0.0,0.0,0.0,0.0,0.0,0.0,0.0,0.0,0.0,0.0,0.0,0
1786496276,569032907,100.0,-1.7200225035296839,-1.7037809530841272,-1.132749382649557,-4.617758814488546,-4.890387598668234,0.6930230259895325,0.0,-0.0,0.0,0.0,0.0,0.0,0.0,0.0,0.0,0.0,0.0,0.0,0
1786496276,588862419,100.0,-1.7200582663165491,-1.7038052717791956,-1.1327374617206019,-4.617758814488546,-4.890447918568746,0.6930230259895325,0.0,-0.0,0.0,0.0,0.0,0.0,0.0,0.0,0.0,0.0,0.0,0.0,0
1786496276,608989953,100.0,-1.720046345387594,-1.7038052717791956,-1.132761303578512,-4.617758814488546,-4.890387598668234,0.693058967590332,0.0,-0.0,0.0,0.0,0.0,0.0,0.0,0.0,0.0,0.0,0.0,0.0,0
1786496276,628893852,100.0,-1.7200225035296839,-1.7038167158709925,-1.1327737013446253,-4.617758814488546,-4.890447918568746,0.6930350065231323,0.0,-0.0,0.0,0.0,0.0,0.0,0.0,0.0,0.0,0.0,0.0,0.0,0
1786496276,648822307,100.0,-1.7199743429767054,-1.7038052717791956,-1.1326897780047815,-4.6177348534213465,-4.890447918568746,0.693058967590332,0.0,-0.0,0.0,0.0,0.0,0.0,0.0,0.0,0.0,0.0,0.0,0.0,0
1786496276,668746471,100.0,-1.7199505011187952,-1.7038410345660608,-1.1327856222735804,-4.6177348534213465,-4.890447918568746,0.6930110454559326,0.0,-0.0,0.0,0.0,0.0,0.0,0.0,0.0,0.0,0.0,0.0,0.0,0
1786496276,689297437,100.0,-1.720046345387594,-1.7038052717791956,-1.1327255407916468,-4.617758814488546,-4.890423957501547,0.6930230259895325,0.0,-0.0,0.0,0.0,0.0,0.0,0.0,0.0,0.0,0.0,0.0,0.0,0
1786496276,708788156,100.0,-1.7200105826007288,-1.7038052717791956,-1.132749382649557,-4.617758814488546,-4.890447918568746,0.6930350065231323,0.0,-0.0,0.0,0.0,0.0,0.0,0.0,0.0,0.0,0.0,0.0,0.0,0
1786496276,729151010,100.0,-1.7200105826007288,-1.7038410345660608,-1.1327255407916468,-4.6177828947650355,-4.890423957501547,0.6929990649223328,0.0,-0.0,0.0,0.0,0.0,0.0,0.0,0.0,0.0,0.0,0.0,0.0,0
1786496276,748860120,100.0,-1.720046345387594,-1.7038410345660608,-1.132749382649557,-4.6177348534213465,-4.890435997639791,0.6930230259895325,0.0,-0.0,0.0,0.0,0.0,0.0,0.0,0.0,0.0,0.0,0.0,0.0,0
1786496276,768868446,100.0,-1.720034424458639,-1.7038167158709925,-1.1327136198626917,-4.617806855832235,-4.890423957501547,0.6930230259895325,0.0,-0.0,0.0,0.0,0.0,0.0,0.0,0.0,0.0,0.0,0.0,0.0,0
1786496276,788837432,100.0,-1.7200225035296839,-1.7038291136371058,-1.132749382649557,-4.6177828947650355,-4.890399638806478,0.6930230259895325,0.0,-0.0,0.0,0.0,0.0,0.0,0.0,0.0,0.0,0.0,0.0,0.0,0
1786496276,808875083,100.0,-1.7199624220477503,-1.703864876423971,-1.1327255407916468,-4.617746893559591,-4.890447918568746,0.6930110454559326,0.0,-0.0,0.0,0.0,0.0,0.0,0.0,0.0,0.0,0.0,0.0,0.0,0
1786496276,828792333,100.0,-1.7199981848346155,-1.7038291136371058,-1.1327136198626917,-4.617758814488546,-4.890423957501547,0.693058967590332,0.0,-0.0,0.0,0.0,0.0,0.0,0.0,0.0,0.0,0.0,0.0,0.0,0
1786496276,849111795,100.0,-1.7199981848346155,-1.7037928740130823,-1.1327374617206019,-4.617770854626791,-4.890423957501547,0.693058967590332,0.0,-0.0,0.0,0.0,0.0,0.0,0.0,0.0,0.0,0.0,0.0,0.0,0
1786496276,868885040,100.0,-1.7200225035296839,-1.7038167158709925,-1.1327255407916468,-4.6177828947650355,-4.890435997639791,0.6930230259895325,0.0,-0.0,0.0,0.0,0.0,0.0,0.0,0.0,0.0,0.0,0.0,0.0,0
1786496276,888835668,100.0,-1.720046345387594,-1.7038410345660608,-1.1327136198626917,-4.617758814488546,-4.890423957501547,0.6930469870567322,0.0,-0.0,0.0,0.0,0.0,0.0,0.0,0.0,0.0,0.0,0.0,0.0,0
1786496276,908734560,100.0,-1.7200105826007288,-1.703852955495016,-1.132749382649557,-4.617746893559591,-4.890447918568746,0.6930350065231323,0.0,-0.0,0.0,0.0,0.0,0.0,0.0,0.0,0.0,0.0,0.0,0.0,0
1786496276,929187059,100.0,-1.7200701872455042,-1.7038410345660608,-1.1327737013446253,-4.6177948156939905,-4.890399638806478,0.6930709481239319,0.0,-0.0,0.0,0.0,0.0,0.0,0.0,0.0,0.0,0.0,0.0,0.0,0
1786496276,948829174,100.0,-1.7199981848346155,-1.7038167158709925,-1.1327136198626917,-4.6177348534213465,-4.890447918568746,0.6930709481239319,0.0,-0.0,0.0,0.0,0.0,0.0,0.0,0.0,0.0,0.0,0.0,0.0,0
1786496276,969032049,100.0,-1.7200225035296839,-1.7037809530841272,-1.1327255407916468,-4.6177348534213465,-4.890412036572592,0.6929990649223328,0.0,-0.0,0.0,0.0,0.0,0.0,0.0,0.0,0.0,0.0,0.0,0.0,0
1786496276,989047527,100.0,-1.7199981848346155,-1.7038052717791956,-1.132761303578512,-4.617770854626791,-4.890387598668234,0.6930469870567322,0.0,-0.0,0.0,0.0,0.0,0.0,0.0,0.0,0.0,0.0,0.0,0.0,0
1786496277,8730649,100.0,-1.720046345387594,-1.703852955495016,-1.132761303578512,-4.6177828947650355,-4.890459958706991,0.6930829286575317,0.0,-0.0,0.0,0.0,0.0,0.0,0.0,0.0,0.0,0.0,0.0,0.0,0
1786496277,28824090,100.0,-1.7199743429767054,-1.7038052717791956,-1.1327374617206019,-4.617806855832235,-4.890423957501547,0.6930829286575317,0.0,-0.0,0.0,0.0,0.0,0.0,0.0,0.0,0.0,0.0,0.0,0.0,0
1786496277,49228906,100.0,-1.7200105826007288,-1.7038291136371058,-1.1327136198626917,-4.617770854626791,-4.890435997639791,0.6930949091911316,0.0,-0.0,0.0,0.0,0.0,0.0,0.0,0.0,0.0,0.0,0.0,0.0,0
1786496277,68840980,100.0,-1.7199981848346155,-1.7038052717791956,-1.1327737013446253,-4.617758814488546,-4.890447918568746,0.6930469870567322,0.0,-0.0,0.0,0.0,0.0,0.0,0.0,0.0,0.0,0.0,0.0,0.0,0
1786496277,89125156,100.0,-1.7200225035296839,-1.7038052717791956,-1.1326897780047815,-4.6177828947650355,-4.890447918568746,0.6930350065231323,0.0,-0.0,0.0,0.0,0.0,0.0,0.0,0.0,0.0,0.0,0.0,0.0,0
1786496277,108768224,100.0,-1.720046345387594,-1.7038167158709925,-1.1327374617206019,-4.6177348534213465,-4.890447918568746,0.693058967590332,0.0,-0.0,0.0,0.0,0.0,0.0,0.0,0.0,0.0,0.0,0.0,0.0,0
1786496277,129061937,100.0,-1.7200105826007288,-1.7038052717791956,-1.1327374617206019,-4.617746893559591,-4.890412036572592,0.6929990649223328,0.0,-0.0,0.0,0.0,0.0,0.0,0.0,0.0,0.0,0.0,0.0,0.0,0
1786496277,148933649,100.0,-1.7199862639056605,-1.7037928740130823,-1.132749382649557,-4.6177348534213465,-4.890423957501547,0.6930350065231323,0.0,-0.0,0.0,0.0,0.0,0.0,0.0,0.0,0.0,0.0,0.0,0.0,0
1786496277,169159889,100.0,-1.7200225035296839,-1.703852955495016,-1.1327016989337366,-4.6177348534213465,-4.890423957501547,0.6930469870567322,0.0,-0.0,0.0,0.0,0.0,0.0,0.0,0.0,0.0,0.0,0.0,0.0,0
1786496277,188775777,100.0,-1.7200105826007288,-1.7038167158709925,-1.1327255407916468,-4.6177348534213465,-4.890423957501547,0.6930469870567322,0.0,-0.0,0.0,0.0,0.0,0.0,0.0,0.0,0.0,0.0,0.0,0.0,0
1786496277,209364891,100.0,-1.7200225035296839,-1.7038052717791956,-1.1327016989337366,-4.617746893559591,-4.890471879635946,0.6930110454559326,0.0,-0.0,0.0,0.0,0.0,0.0,0.0,0.0,0.0,0.0,0.0,0.0,0
1786496277,228725671,100.0,-1.7200225035296839,-1.7037928740130823,-1.1327255407916468,-4.617746893559591,-4.890423957501547,0.6930469870567322,0.0,-0.0,0.0,0.0,0.0,0.0,0.0,0.0,0.0,0.0,0.0,0.0,0
1786496277,249285459,100.0,-1.7200701872455042,-1.7038410345660608,-1.1327374617206019,-4.6177948156939905,-4.890399638806478,0.693058967590332,0.0,-0.0,0.0,0.0,0.0,0.0,0.0,0.0,0.0,0.0,0.0,0.0,0
1786496277,268836975,100.0,-1.7200225035296839,-1.7037809530841272,-1.1327374617206019,-4.617758814488546,-4.890447918568746,0.6930350065231323,0.0,-0.0,0.0,0.0,0.0,0.0,0.0,0.0,0.0,0.0,0.0,0.0,0
1786496277,288999080,100.0,-1.7200821081744593,-1.7037327925311487,-1.1327255407916468,-4.617770854626791,-4.890423957501547,0.6930110454559326,0.0,-0.0,0.0,0.0,0.0,0.0,0.0,0.0,0.0,0.0,0.0,0.0,0
1786496277,308783292,100.0,-1.7200701872455042,-1.703864876423971,-1.132749382649557,-4.617746893559591,-4.890459958706991,0.6929990649223328,0.0,-0.0,0.0,0.0,0.0,0.0,0.0,0.0,0.0,0.0,0.0,0.0,0
1786496277,329465627,100.0,-1.7200225035296839,-1.7038410345660608,-1.1327374617206019,-4.6177828947650355,-4.890435997639791,0.6929990649223328,0.0,-0.0,0.0,0.0,0.0,0.0,0.0,0.0,0.0,0.0,0.0,0.0,0
1786496277,348841667,100.0,-1.7200225035296839,-1.7038167158709925,-1.1327136198626917,-4.6177348534213465,-4.890387598668234,0.6930350065231323,0.0,-0.0,0.0,0.0,0.0,0.0,0.0,0.0,0.0,0.0,0.0,0.0,0
1786496277,369354963,100.0,-1.7200105826007288,-1.7037928740130823,-1.132761303578512,-4.6177948156939905,-4.890423957501547,0.6930230259895325,0.0,-0.0,0.0,0.0,0.0,0.0,0.0,0.0,0.0,0.0,0.0,0.0,0
1786496277,388768196,100.0,-1.7200105826007288,-1.7037690321551722,-1.1327255407916468,-4.6177828947650355,-4.890412036572592,0.6929990649223328,0.0,-0.0,0.0,0.0,0.0,0.0,0.0,0.0,0.0,0.0,0.0,0.0,0
1786496277,409038066,100.0,-1.7199862639056605,-1.7038291136371058,-1.1327374617206019,-4.6177948156939905,-4.890423957501547,0.6930230259895325,0.0,-0.0,0.0,0.0,0.0,0.0,0.0,0.0,0.0,0.0,0.0,0.0,0
1786496277,428736448,100.0,-1.720046345387594,-1.7037928740130823,-1.132749382649557,-4.617770854626791,-4.890423957501547,0.6930230259895325,0.0,-0.0,0.0,0.0,0.0,0.0,0.0,0.0,0.0,0.0,0.0,0.0,0
1786496277,449033260,100.0,-1.7200105826007288,-1.7037690321551722,-1.132761303578512,-4.6177828947650355,-4.890471879635946,0.6929990649223328,0.0,-0.0,0.0,0.0,0.0,0.0,0.0,0.0,0.0,0.0,0.0,0.0,0
1786496277,468767881,100.0,-1.720034424458639,-1.7037809530841272,-1.132749382649557,-4.617722932492391,-4.890412036572592,0.6930469870567322,0.0,-0.0,0.0,0.0,0.0,0.0,0.0,0.0,0.0,0.0,0.0,0.0,0
1786496277,489082813,100.0,-1.720046345387594,-1.7038052717791956,-1.1327374617206019,-4.617770854626791,-4.890423957501547,0.6930709481239319,0.0,-0.0,0.0,0.0,0.0,0.0,0.0,0.0,0.0,0.0,0.0,0.0,0
1786496277,508925199,100.0,-1.7200225035296839,-1.7037809530841272,-1.132749382649557,-4.617806855832235,-4.890412036572592,0.6930350065231323,0.0,-0.0,0.0,0.0,0.0,0.0,0.0,0.0,0.0,0.0,0.0,0.0,0
1786496277,528970479,100.0,-1.7200105826007288,-1.7038052717791956,-1.1327374617206019,-4.617770854626791,-4.890412036572592,0.6930230259895325,0.0,-0.0,0.0,0.0,0.0,0.0,0.0,0.0,0.0,0.0,0.0,0.0,0
1786496277,548858404,100.0,-1.7199981848346155,-1.7037690321551722,-1.1327255407916468,-4.617746893559591,-4.890459958706991,0.6930469870567322,0.0,-0.0,0.0,0.0,0.0,0.0,0.0,0.0,0.0,0.0,0.0,0.0,0
1786496277,568882703,100.0,-1.7200225035296839,-1.7037928740130823,-1.1327374617206019,-4.617758814488546,-4.890412036572592,0.693058967590332,0.0,-0.0,0.0,0.0,0.0,0.0,0.0,0.0,0.0,0.0,0.0,0.0,0
1786496277,588731050,100.0,-1.720034424458639,-1.7037928740130823,-1.1327374617206019,-4.6177948156939905,-4.890387598668234,0.6930350065231323,0.0,-0.0,0.0,0.0,0.0,0.0,0.0,0.0,0.0,0.0,0.0,0.0,0
1786496277,609112501,100.0,-1.7200105826007288,-1.7038167158709925,-1.1327374617206019,-4.6177828947650355,-4.890447918568746,0.6930110454559326,0.0,-0.0,0.0,0.0,0.0,0.0,0.0,0.0,0.0,0.0,0.0,0.0,0
1786496277,628773689,100.0,-1.720034424458639,-1.7038410345660608,-1.1327255407916468,-4.617758814488546,-4.890412036572592,0.6929990649223328,0.0,-0.0,0.0,0.0,0.0,0.0,0.0,0.0,0.0,0.0,0.0,0.0,0
1786496277,648989677,100.0,-1.720046345387594,-1.7038410345660608,-1.132749382649557,-4.6177828947650355,-4.890423957501547,0.6929631233215332,0.0,-0.0,0.0,0.0,0.0,0.0,0.0,0.0,0.0,0.0,0.0,0.0,0
1786496277,668831348,100.0,-1.7199981848346155,-1.7038167158709925,-1.1327737013446253,-4.6177948156939905,-4.890412036572592,0.6929990649223328,0.0,-0.0,0.0,0.0,0.0,0.0,0.0,0.0,0.0,0.0,0.0,0.0,0
1786496277,689098358,100.0,-1.7200582663165491,-1.7038167158709925,-1.1327016989337366,-4.617758814488546,-4.890423957501547,0.6930230259895325,0.0,-0.0,0.0,0.0,0.0,0.0,0.0,0.0,0.0,0.0,0.0,0.0,0
1786496277,708771467,100.0,-1.7200105826007288,-1.7037809530841272,-1.1326897780047815,-4.6177828947650355,-4.890435997639791,0.693058967590332,0.0,-0.0,0.0,0.0,0.0,0.0,0.0,0.0,0.0,0.0,0.0,0.0,0
1786496277,729605436,100.0,-1.7199624220477503,-1.7037809530841272,-1.1327255407916468,-4.617770854626791,-4.890423957501547,0.6930110454559326,0.0,-0.0,0.0,0.0,0.0,0.0,0.0,0.0,0.0,0.0,0.0,0.0,0
1786496277,748769283,100.0,-1.7200105826007288,-1.7038052717791956,-1.1327374617206019,-4.617770854626791,-4.890471879635946,0.693058967590332,0.0,-0.0,0.0,0.0,0.0,0.0,0.0,0.0,0.0,0.0,0.0,0.0,0
1786496277,769038915,100.0,-1.720046345387594,-1.7037213484393519,-1.132749382649557,-4.617746893559591,-4.890423957501547,0.6929751038551331,0.0,-0.0,0.0,0.0,0.0,0.0,0.0,0.0,0.0,0.0,0.0,0.0,0
1786496277,788807392,100.0,-1.720046345387594,-1.7037690321551722,-1.1327016989337366,-4.617758814488546,-4.890399638806478,0.693058967590332,0.0,-0.0,0.0,0.0,0.0,0.0,0.0,0.0,0.0,0.0,0.0,0.0,0
1786496277,808964490,100.0,-1.7200105826007288,-1.7038167158709925,-1.1327136198626917,-4.617758814488546,-4.890447918568746,0.6930110454559326,0.0,-0.0,0.0,0.0,0.0,0.0,0.0,0.0,0.0,0.0,0.0,0.0,0
1786496277,828895807,100.0,-1.7200582663165491,-1.7038291136371058,-1.1327016989337366,-4.6177828947650355,-4.890423957501547,0.6930230259895325,0.0,-0.0,0.0,0.0,0.0,0.0,0.0,0.0,0.0,0.0,0.0,0.0,0
1786496277,849505901,100.0,-1.7199981848346155,-1.7038052717791956,-1.1327255407916468,-4.6177948156939905,-4.890412036572592,0.6929990649223328,0.0,-0.0,0.0,0.0,0.0,0.0,0.0,0.0,0.0,0.0,0.0,0.0,0
1786496277,868851900,100.0,-1.7200105826007288,-1.7038410345660608,-1.132749382649557,-4.617722932492391,-4.890447918568746,0.6930469870567322,0.0,-0.0,0.0,0.0,0.0,0.0,0.0,0.0,0.0,0.0,0.0,0.0,0
1786496277,889239311,100.0,-1.720046345387594,-1.7037809530841272,-1.1327016989337366,-4.617806855832235,-4.890387598668234,0.6930709481239319,0.0,-0.0,0.0,0.0,0.0,0.0,0.0,0.0,0.0,0.0,0.0,0.0,0
1786496277,908724069,100.0,-1.7200225035296839,-1.7037928740130823,-1.132749382649557,-4.617746893559591,-4.890447918568746,0.6930230259895325,0.0,-0.0,0.0,0.0,0.0,0.0,0.0,0.0,0.0,0.0,0.0,0.0,0
1786496277,929507017,100.0,-1.7199743429767054,-1.7038291136371058,-1.1327016989337366,-4.617806855832235,-4.890447918568746,0.6930350065231323,0.0,-0.0,0.0,0.0,0.0,0.0,0.0,0.0,0.0,0.0,0.0,0.0,0
1786496277,948920488,100.0,-1.7200821081744593,-1.7038052717791956,-1.1327374617206019,-4.6177948156939905,-4.890435997639791,0.6930350065231323,0.0,-0.0,0.0,0.0,0.0,0.0,0.0,0.0,0.0,0.0,0.0,0.0,0
1786496277,969007015,100.0,-1.7199743429767054,-1.7037928740130823,-1.1327255407916468,-4.617746893559591,-4.890412036572592,0.6929990649223328,0.0,-0.0,0.0,0.0,0.0,0.0,0.0,0.0,0.0,0.0,0.0,0.0,0
1786496277,988836288,100.0,-1.720046345387594,-1.7037928740130823,-1.132749382649557,-4.617722932492391,-4.890459958706991,0.6930350065231323,0.0,-0.0,0.0,0.0,0.0,0.0,0.0,0.0,0.0,0.0,0.0,0.0,0
1786496278,9188175,100.0,-1.7200105826007288,-1.7037809530841272,-1.1326897780047815,-4.617770854626791,-4.890435997639791,0.6930110454559326,0.0,-0.0,0.0,0.0,0.0,0.0,0.0,0.0,0.0,0.0,0.0,0.0,0
1786496278,28775215,100.0,-1.720034424458639,-1.7038052717791956,-1.1327136198626917,-4.617746893559591,-4.890471879635946,0.6930709481239319,0.0,-0.0,0.0,0.0,0.0,0.0,0.0,0.0,0.0,0.0,0.0,0.0,0
1786496278,49546480,100.0,-1.7200105826007288,-1.7037928740130823,-1.132761303578512,-4.617806855832235,-4.890412036572592,0.693058967590332,0.0,-0.0,0.0,0.0,0.0,0.0,0.0,0.0,0.0,0.0,0.0,0.0,0
1786496278,68750858,100.0,-1.7200105826007288,-1.7038167158709925,-1.132749382649557,-4.6177348534213465,-4.890423957501547,0.6929870843887329,0.0,-0.0,0.0,0.0,0.0,0.0,0.0,0.0,0.0,0.0,0.0,0.0,0
1786496278,89184761,100.0,-1.7200582663165491,-1.7038291136371058,-1.132749382649557,-4.6177948156939905,-4.890412036572592,0.693058967590332,0.0,-0.0,0.0,0.0,0.0,0.0,0.0,0.0,0.0,0.0,0.0,0.0,0
1786496278,108785390,100.0,-1.7200582663165491,-1.7038410345660608,-1.1327255407916468,-4.617758814488546,-4.890471879635946,0.6930230259895325,0.0,-0.0,0.0,0.0,0.0,0.0,0.0,0.0,0.0,0.0,0.0,0.0,0
1786496278,128933191,100.0,-1.7200225035296839,-1.7038291136371058,-1.1327136198626917,-4.617722932492391,-4.890423957501547,0.6930469870567322,0.0,-0.0,0.0,0.0,0.0,0.0,0.0,0.0,0.0,0.0,0.0,0.0,0
1786496278,148804903,100.0,-1.7200225035296839,-1.703757111226217,-1.132749382649557,-4.6177948156939905,-4.890399638806478,0.6930230259895325,0.0,-0.0,0.0,0.0,0.0,0.0,0.0,0.0,0.0,0.0,0.0,0.0,0
1786496278,168963670,100.0,-1.720046345387594,-1.7038410345660608,-1.1327374617206019,-4.617758814488546,-4.890423957501547,0.6930469870567322,0.0,-0.0,0.0,0.0,0.0,0.0,0.0,0.0,0.0,0.0,0.0,0.0,0
1786496278,188832759,100.0,-1.7200225035296839,-1.7037928740130823,-1.132749382649557,-4.6177948156939905,-4.890459958706991,0.6930829286575317,0.0,-0.0,0.0,0.0,0.0,0.0,0.0,0.0,0.0,0.0,0.0,0.0,0
1786496278,209631443,100.0,-1.7200582663165491,-1.7037690321551722,-1.132749382649557,-4.617770854626791,-4.890447918568746,0.6929990649223328,0.0,-0.0,0.0,0.0,0.0,0.0,0.0,0.0,0.0,0.0,0.0,0.0,0
1786496278,228770256,100.0,-1.7200225035296839,-1.7037809530841272,-1.1327374617206019,-4.6177948156939905,-4.890459958706991,0.6930350065231323,0.0,-0.0,0.0,0.0,0.0,0.0,0.0,0.0,0.0,0.0,0.0,0.0,0
1786496278,249163627,100.0,-1.7200105826007288,-1.7038167158709925,-1.1327255407916468,-4.617746893559591,-4.890471879635946,0.6930110454559326,0.0,-0.0,0.0,0.0,0.0,0.0,0.0,0.0,0.0,0.0,0.0,0.0,0
1786496278,268835783,100.0,-1.720046345387594,-1.703757111226217,-1.1327136198626917,-4.6177348534213465,-4.890447918568746,0.6930110454559326,0.0,-0.0,0.0,0.0,0.0,0.0,0.0,0.0,0.0,0.0,0.0,0.0,0
1786496278,289340972,100.0,-1.7200225035296839,-1.703852955495016,-1.1327016989337366,-4.617746893559591,-4.890459958706991,0.6930469870567322,0.0,-0.0,0.0,0.0,0.0,0.0,0.0,0.0,0.0,0.0,0.0,0.0,0
1786496278,308768987,100.0,-1.720034424458639,-1.7038291136371058,-1.132749382649557,-4.6177348534213465,-4.890423957501547,0.693058967590332,0.0,-0.0,0.0,0.0,0.0,0.0,0.0,0.0,0.0,0.0,0.0,0.0,0
1786496278,329425096,100.0,-1.7199981848346155,-1.7037809530841272,-1.132749382649557,-4.617758814488546,-4.890447918568746,0.6930709481239319,0.0,-0.0,0.0,0.0,0.0,0.0,0.0,0.0,0.0,0.0,0.0,0.0,0
1786496278,348835945,100.0,-1.7199981848346155,-1.7038052717791956,-1.1326897780047815,-4.617806855832235,-4.890412036572592,0.6929751038551331,0.0,-0.0,0.0,0.0,0.0,0.0,0.0,0.0,0.0,0.0,0.0,0.0,0
1786496278,368918418,100.0,-1.7200945059405726,-1.7038167158709925,-1.1327136198626917,-4.61781877676119,-4.890412036572592,0.6930709481239319,0.0,-0.0,0.0,0.0,0.0,0.0,0.0,0.0,0.0,0.0,0.0,0.0,0
1786496278,388786077,100.0,-1.720046345387594,-1.7038410345660608,-1.132749382649557,-4.617722932492391,-4.890435997639791,0.6930949091911316,0.0,-0.0,0.0,0.0,0.0,0.0,0.0,0.0,0.0,0.0,0.0,0.0,0
1786496278,409065485,100.0,-1.720046345387594,-1.7037928740130823,-1.132749382649557,-4.617698971425192,-4.890447918568746,0.6930469870567322,0.0,-0.0,0.0,0.0,0.0,0.0,0.0,0.0,0.0,0.0,0.0,0.0,0
1786496278,428832530,100.0,-1.720034424458639,-1.7037809530841272,-1.1327374617206019,-4.617758814488546,-4.890435997639791,0.693058967590332,0.0,-0.0,0.0,0.0,0.0,0.0,0.0,0.0,0.0,0.0,0.0,0.0,0
1786496278,449353694,100.0,-1.720034424458639,-1.7038167158709925,-1.1327255407916468,-4.6177348534213465,-4.890447918568746,0.6930350065231323,0.0,-0.0,0.0,0.0,0.0,0.0,0.0,0.0,0.0,0.0,0.0,0.0,0
1786496278,468762159,100.0,-1.7199862639056605,-1.7037928740130823,-1.132749382649557,-4.6177828947650355,-4.890375677739279,0.6930110454559326,0.0,-0.0,0.0,0.0,0.0,0.0,0.0,0.0,0.0,0.0,0.0,0.0,0
1786496278,489197015,100.0,-1.720046345387594,-1.7037809530841272,-1.1327374617206019,-4.6177348534213465,-4.890412036572592,0.6930469870567322,0.0,-0.0,0.0,0.0,0.0,0.0,0.0,0.0,0.0,0.0,0.0,0.0,0
1786496278,508740186,100.0,-1.7200105826007288,-1.7038291136371058,-1.1327136198626917,-4.6177348534213465,-4.890375677739279,0.6930230259895325,0.0,-0.0,0.0,0.0,0.0,0.0,0.0,0.0,0.0,0.0,0.0,0.0,0
1786496278,529168128,100.0,-1.7199981848346155,-1.7038167158709925,-1.1327374617206019,-4.6177828947650355,-4.890435997639791,0.6930230259895325,0.0,-0.0,0.0,0.0,0.0,0.0,0.0,0.0,0.0,0.0,0.0,0.0,0
1786496278,548885583,100.0,-1.7200225035296839,-1.7038167158709925,-1.132761303578512,-4.6177948156939905,-4.890435997639791,0.6930110454559326,0.0,-0.0,0.0,0.0,0.0,0.0,0.0,0.0,0.0,0.0,0.0,0.0,0
1786496278,568913698,100.0,-1.7200105826007288,-1.7037809530841272,-1.132761303578512,-4.6177828947650355,-4.890459958706991,0.6929990649223328,0.0,-0.0,0.0,0.0,0.0,0.0,0.0,0.0,0.0,0.0,0.0,0.0,0
1786496278,588804960,100.0,-1.7200105826007288,-1.7038167158709925,-1.132749382649557,-4.6177828947650355,-4.890399638806478,0.6930230259895325,0.0,-0.0,0.0,0.0,0.0,0.0,0.0,0.0,0.0,0.0,0.0,0.0,0
1786496278,608959436,100.0,-1.7199981848346155,-1.7038052717791956,-1.1327737013446253,-4.617746893559591,-4.890412036572592,0.6930709481239319,0.0,-0.0,0.0,0.0,0.0,0.0,0.0,0.0,0.0,0.0,0.0,0.0,0
1786496278,628923177,100.0,-1.7200225035296839,-1.7037809530841272,-1.1327255407916468,-4.6177828947650355,-4.890423957501547,0.6930350065231323,0.0,-0.0,0.0,0.0,0.0,0.0,0.0,0.0,0.0,0.0,0.0,0.0,0
1786496278,649606943,100.0,-1.7200105826007288,-1.7037928740130823,-1.132749382649557,-4.6177348534213465,-4.890459958706991,0.6930469870567322,0.0,-0.0,0.0,0.0,0.0,0.0,0.0,0.0,0.0,0.0,0.0,0.0,0
1786496278,668739080,100.0,-1.7200105826007288,-1.7038167158709925,-1.1327374617206019,-4.617746893559591,-4.890412036572592,0.6929990649223328,0.0,-0.0,0.0,0.0,0.0,0.0,0.0,0.0,0.0,0.0,0.0,0.0,0
1786496278,689105510,100.0,-1.7200225035296839,-1.7037928740130823,-1.1326897780047815,-4.617770854626791,-4.890459958706991,0.6930350065231323,0.0,-0.0,0.0,0.0,0.0,0.0,0.0,0.0,0.0,0.0,0.0,0.0,0
1786496278,708715915,100.0,-1.7199862639056605,-1.7038052717791956,-1.1327016989337366,-4.617758814488546,-4.890447918568746,0.6930350065231323,0.0,-0.0,0.0,0.0,0.0,0.0,0.0,0.0,0.0,0.0,0.0,0.0,0
1786496278,729353666,100.0,-1.720046345387594,-1.7037690321551722,-1.1327136198626917,-4.617770854626791,-4.890423957501547,0.6929990649223328,0.0,-0.0,0.0,0.0,0.0,0.0,0.0,0.0,0.0,0.0,0.0,0.0,0
1786496278,748770713,100.0,-1.7200701872455042,-1.7037809530841272,-1.1327374617206019,-4.617770854626791,-4.890471879635946,0.6930469870567322,0.0,-0.0,0.0,0.0,0.0,0.0,0.0,0.0,0.0,0.0,0.0,0.0,0
1786496278,769010543,100.0,-1.7200225035296839,-1.7038410345660608,-1.1327016989337366,-4.617710892354147,-4.890435997639791,0.6930350065231323,0.0,-0.0,0.0,0.0,0.0,0.0,0.0,0.0,0.0,0.0,0.0,0.0,0
1786496278,788756132,100.0,-1.720046345387594,-1.7038052717791956,-1.132761303578512,-4.617758814488546,-4.890412036572592,0.6929870843887329,0.0,-0.0,0.0,0.0,0.0,0.0,0.0,0.0,0.0,0.0,0.0,0.0,0
1786496278,809168338,100.0,-1.7199743429767054,-1.7037928740130823,-1.1327136198626917,-4.617770854626791,-4.890412036572592,0.6930350065231323,0.0,-0.0,0.0,0.0,0.0,0.0,0.0,0.0,0.0,0.0,0.0,0.0,0
1786496278,828783988,100.0,-1.7199743429767054,-1.7038291136371058,-1.132749382649557,-4.6177828947650355,-4.890412036572592,0.6930469870567322,0.0,-0.0,0.0,0.0,0.0,0.0,0.0,0.0,0.0,0.0,0.0,0.0,0
1786496278,849238872,100.0,-1.7200225035296839,-1.7038052717791956,-1.1327016989337366,-4.6177828947650355,-4.890399638806478,0.6930350065231323,0.0,-0.0,0.0,0.0,0.0,0.0,0.0,0.0,0.0,0.0,0.0,0.0,0
1786496278,868842601,100.0,-1.7200225035296839,-1.7038052717791956,-1.132749382649557,-4.6177948156939905,-4.890447918568746,0.6930110454559326,0.0,-0.0,0.0,0.0,0.0,0.0,0.0,0.0,0.0,0.0,0.0,0.0,0
1786496278,889219522,100.0,-1.7200701872455042,-1.7037809530841272,-1.132749382649557,-4.6177948156939905,-4.890423957501547,0.6929990649223328,0.0,-0.0,0.0,0.0,0.0,0.0,0.0,0.0,0.0,0.0,0.0,0.0,0
1786496278,908743381,100.0,-1.720034424458639,-1.7038291136371058,-1.132761303578512,-4.617770854626791,-4.890471879635946,0.6930230259895325,0.0,-0.0,0.0,0.0,0.0,0.0,0.0,0.0,0.0,0.0,0.0,0.0,0
1786496278,929247379,100.0,-1.7199743429767054,-1.7038291136371058,-1.1327374617206019,-4.617758814488546,-4.890471879635946,0.6930230259895325,0.0,-0.0,0.0,0.0,0.0,0.0,0.0,0.0,0.0,0.0,0.0,0.0,0
1786496278,948774576,100.0,-1.7199981848346155,-1.7038291136371058,-1.1327016989337366,-4.617758814488546,-4.890435997639791,0.6930230259895325,0.0,-0.0,0.0,0.0,0.0,0.0,0.0,0.0,0.0,0.0,0.0,0.0,0
1786496278,969297647,100.0,-1.7200582663165491,-1.7037809530841272,-1.1326897780047815,-4.617770854626791,-4.890459958706991,0.6930230259895325,0.0,-0.0,0.0,0.0,0.0,0.0,0.0,0.0,0.0,0.0,0.0,0.0,0
1786496278,988815784,100.0,-1.720046345387594,-1.7037928740130823,-1.1327737013446253,-4.617770854626791,-4.890423957501547,0.6930350065231323,0.0,-0.0,0.0,0.0,0.0,0.0,0.0,0.0,0.0,0.0,0.0,0.0,0
1786496279,8957862,100.0,-1.7199981848346155,-1.703757111226217,-1.132749382649557,-4.617770854626791,-4.890423957501547,0.6930469870567322,0.0,-0.0,0.0,0.0,0.0,0.0,0.0,0.0,0.0,0.0,0.0,0.0,0
1786496279,28829336,100.0,-1.7200225035296839,-1.7037809530841272,-1.1327374617206019,-4.617770854626791,-4.890387598668234,0.6929990649223328,0.0,-0.0,0.0,0.0,0.0,0.0,0.0,0.0,0.0,0.0,0.0,0.0,0
1786496279,49363613,100.0,-1.7199862639056605,-1.7038167158709925,-1.1327374617206019,-4.617758814488546,-4.890412036572592,0.6930110454559326,0.0,-0.0,0.0,0.0,0.0,0.0,0.0,0.0,0.0,0.0,0.0,0.0,0
1786496279,68772554,100.0,-1.7200225035296839,-1.7038410345660608,-1.1326897780047815,-4.617758814488546,-4.890459958706991,0.6930110454559326,0.0,-0.0,0.0,0.0,0.0,0.0,0.0,0.0,0.0,0.0,0.0,0.0,0
1786496279,89140176,100.0,-1.7200701872455042,-1.7038167158709925,-1.1326897780047815,-4.6177348534213465,-4.890459958706991,0.6929751038551331,0.0,-0.0,0.0,0.0,0.0,0.0,0.0,0.0,0.0,0.0,0.0,0.0,0
1786496279,108786106,100.0,-1.720046345387594,-1.7037809530841272,-1.1327856222735804,-4.617770854626791,-4.890412036572592,0.6930350065231323,0.0,-0.0,0.0,0.0,0.0,0.0,0.0,0.0,0.0,0.0,0.0,0.0,0
1786496279,129299879,100.0,-1.7199624220477503,-1.7038052717791956,-1.1327136198626917,-4.617746893559591,-4.890447918568746,0.6930469870567322,0.0,-0.0,0.0,0.0,0.0,0.0,0.0,0.0,0.0,0.0,0.0,0.0,0
1786496279,148817062,100.0,-1.7200225035296839,-1.7037809530841272,-1.132761303578512,-4.617770854626791,-4.890435997639791,0.6930110454559326,0.0,-0.0,0.0,0.0,0.0,0.0,0.0,0.0,0.0,0.0,0.0,0.0,0
1786496279,168920040,100.0,-1.720034424458639,-1.7038410345660608,-1.132749382649557,-4.617746893559591,-4.890423957501547,0.6930350065231323,0.0,-0.0,0.0,0.0,0.0,0.0,0.0,0.0,0.0,0.0,0.0,0.0,0
1786496279,188735246,100.0,-1.7200105826007288,-1.7038291136371058,-1.1327136198626917,-4.617806855832235,-4.890399638806478,0.693058967590332,0.0,-0.0,0.0,0.0,0.0,0.0,0.0,0.0,0.0,0.0,0.0,0.0,0
1786496279,208856821,100.0,-1.7200225035296839,-1.703852955495016,-1.132749382649557,-4.6177348534213465,-4.890412036572592,0.6929870843887329,0.0,-0.0,0.0,0.0,0.0,0.0,0.0,0.0,0.0,0.0,0.0,0.0,0
1786496279,228861331,100.0,-1.7199743429767054,-1.7038052717791956,-1.132749382649557,-4.6177948156939905,-4.890399638806478,0.6929870843887329,0.0,-0.0,0.0,0.0,0.0,0.0,0.0,0.0,0.0,0.0,0.0,0.0,0
1786496279,249100208,100.0,-1.7199862639056605,-1.7038291136371058,-1.132749382649557,-4.6177348534213465,-4.890447918568746,0.6930469870567322,0.0,-0.0,0.0,0.0,0.0,0.0,0.0,0.0,0.0,0.0,0.0,0.0,0
1786496279,268798351,100.0,-1.720034424458639,-1.7038167158709925,-1.132761303578512,-4.617758814488546,-4.890423957501547,0.6930469870567322,0.0,-0.0,0.0,0.0,0.0,0.0,0.0,0.0,0.0,0.0,0.0,0.0,0
1786496279,289027929,100.0,-1.7200225035296839,-1.7038052717791956,-1.1327374617206019,-4.617746893559591,-4.890447918568746,0.6930350065231323,0.0,-0.0,0.0,0.0,0.0,0.0,0.0,0.0,0.0,0.0,0.0,0.0,0
1786496279,308890581,100.0,-1.7199505011187952,-1.7038052717791956,-1.1326897780047815,-4.617770854626791,-4.890447918568746,0.6930350065231323,0.0,-0.0,0.0,0.0,0.0,0.0,0.0,0.0,0.0,0.0,0.0,0.0,0
1786496279,329250097,100.0,-1.7200701872455042,-1.7038052717791956,-1.1327255407916468,-4.6177348534213465,-4.890447918568746,0.6930230259895325,0.0,-0.0,0.0,0.0,0.0,0.0,0.0,0.0,0.0,0.0,0.0,0.0,0
1786496279,348828077,100.0,-1.7200582663165491,-1.7038167158709925,-1.132749382649557,-4.6177948156939905,-4.890423957501547,0.6930709481239319,0.0,-0.0,0.0,0.0,0.0,0.0,0.0,0.0,0.0,0.0,0.0,0.0,0
1786496279,369140148,100.0,-1.720046345387594,-1.7038291136371058,-1.1327136198626917,-4.6177828947650355,-4.890459958706991,0.6930110454559326,0.0,-0.0,0.0,0.0,0.0,0.0,0.0,0.0,0.0,0.0,0.0,0.0,0
1786496279,388713359,100.0,-1.720046345387594,-1.7037690321551722,-1.1327374617206019,-4.617770854626791,-4.890435997639791,0.6930469870567322,0.0,-0.0,0.0,0.0,0.0,0.0,0.0,0.0,0.0,0.0,0.0,0.0,0
1786496279,409013509,100.0,-1.7200105826007288,-1.7037690321551722,-1.132761303578512,-4.6177828947650355,-4.890412036572592,0.6930350065231323,0.0,-0.0,0.0,0.0,0.0,0.0,0.0,0.0,0.0,0.0,0.0,0.0,0
1786496279,428815364,100.0,-1.720046345387594,-1.7038052717791956,-1.1327374617206019,-4.617758814488546,-4.890423957501547,0.6930469870567322,0.0,-0.0,0.0,0.0,0.0,0.0,0.0,0.0,0.0,0.0,0.0,0.0,0
1786496279,449120521,100.0,-1.7200225035296839,-1.7038052717791956,-1.1327136198626917,-4.617746893559591,-4.890423957501547,0.693058967590332,0.0,-0.0,0.0,0.0,0.0,0.0,0.0,0.0,0.0,0.0,0.0,0.0,0
1786496279,468794107,100.0,-1.7199981848346155,-1.7038052717791956,-1.1327374617206019,-4.617710892354147,-4.890447918568746,0.6930110454559326,0.0,-0.0,0.0,0.0,0.0,0.0,0.0,0.0,0.0,0.0,0.0,0.0,0
1786496279,489737033,100.0,-1.7199981848346155,-1.7037809530841272,-1.132749382649557,-4.6177948156939905,-4.890447918568746,0.6929990649223328,0.0,-0.0,0.0,0.0,0.0,0.0,0.0,0.0,0.0,0.0,0.0,0.0,0
1786496279,508729696,100.0,-1.7200225035296839,-1.7038410345660608,-1.1327255407916468,-4.617710892354147,-4.890435997639791,0.6930350065231323,0.0,-0.0,0.0,0.0,0.0,0.0,0.0,0.0,0.0,0.0,0.0,0.0,0
1786496279,529431343,100.0,-1.7200582663165491,-1.7038291136371058,-1.1327374617206019,-4.617770854626791,-4.890435997639791,0.6930469870567322,0.0,-0.0,0.0,0.0,0.0,0.0,0.0,0.0,0.0,0.0,0.0,0.0,0
1786496279,549119234,100.0,-1.720034424458639,-1.7037928740130823,-1.1327136198626917,-4.617770854626791,-4.890447918568746,0.6930110454559326,0.0,-0.0,0.0,0.0,0.0,0.0,0.0,0.0,0.0,0.0,0.0,0.0,0
1786496279,568693399,100.0,-1.7200225035296839,-1.7037690321551722,-1.132761303578512,-4.617758814488546,-4.890435997639791,0.6930469870567322,0.0,-0.0,0.0,0.0,0.0,0.0,0.0,0.0,0.0,0.0,0.0,0.0,0
1786496279,588823318,100.0,-1.720034424458639,-1.7037928740130823,-1.1327255407916468,-4.6177828947650355,-4.890471879635946,0.6930230259895325,0.0,-0.0,0.0,0.0,0.0,0.0,0.0,0.0,0.0,0.0,0.0,0.0,0
1786496279,608963489,100.0,-1.7200582663165491,-1.7038291136371058,-1.1327136198626917,-4.6177948156939905,-4.890423957501547,0.6930829286575317,0.0,-0.0,0.0,0.0,0.0,0.0,0.0,0.0,0.0,0.0,0.0,0.0,0
1786496279,628846168,100.0,-1.7199862639056605,-1.7038167158709925,-1.1327136198626917,-4.617806855832235,-4.890399638806478,0.6930350065231323,0.0,-0.0,0.0,0.0,0.0,0.0,0.0,0.0,0.0,0.0,0.0,0.0,0
1786496279,649309158,100.0,-1.7200105826007288,-1.7038052717791956,-1.132749382649557,-4.617770854626791,-4.890471879635946,0.693058967590332,0.0,-0.0,0.0,0.0,0.0,0.0,0.0,0.0,0.0,0.0,0.0,0.0,0
1786496279,668817996,100.0,-1.7200105826007288,-1.7038167158709925,-1.1327255407916468,-4.6177948156939905,-4.890375677739279,0.6929990649223328,0.0,-0.0,0.0,0.0,0.0,0.0,0.0,0.0,0.0,0.0,0.0,0.0,0
1786496279,689259529,100.0,-1.720034424458639,-1.7038052717791956,-1.132761303578512,-4.617758814488546,-4.890423957501547,0.6930469870567322,0.0,-0.0,0.0,0.0,0.0,0.0,0.0,0.0,0.0,0.0,0.0,0.0,0
1786496279,708807229,100.0,-1.7200582663165491,-1.7038291136371058,-1.1327016989337366,-4.617758814488546,-4.890447918568746,0.693058967590332,0.0,-0.0,0.0,0.0,0.0,0.0,0.0,0.0,0.0,0.0,0.0,0.0,0
1786496279,728963136,100.0,-1.720046345387594,-1.703852955495016,-1.132749382649557,-4.617770854626791,-4.890459958706991,0.6930110454559326,0.0,-0.0,0.0,0.0,0.0,0.0,0.0,0.0,0.0,0.0,0.0,0.0,0
1786496279,748873233,100.0,-1.7200225035296839,-1.7037809530841272,-1.1327016989337366,-4.617758814488546,-4.890447918568746,0.6929870843887329,0.0,-0.0,0.0,0.0,0.0,0.0,0.0,0.0,0.0,0.0,0.0,0.0,0
1786496279,769181728,100.0,-1.7200105826007288,-1.7038052717791956,-1.1327016989337366,-4.6177948156939905,-4.890435997639791,0.6930110454559326,0.0,-0.0,0.0,0.0,0.0,0.0,0.0,0.0,0.0,0.0,0.0,0.0,0
1786496279,788884639,100.0,-1.720034424458639,-1.7037928740130823,-1.1327136198626917,-4.6177348534213465,-4.890387598668234,0.6930709481239319,0.0,-0.0,0.0,0.0,0.0,0.0,0.0,0.0,0.0,0.0,0.0,0.0,0
1786496279,808917760,100.0,-1.720034424458639,-1.7037809530841272,-1.1327016989337366,-4.617806855832235,-4.890447918568746,0.6930110454559326,0.0,-0.0,0.0,0.0,0.0,0.0,0.0,0.0,0.0,0.0,0.0,0.0,0
1786496279,828837871,100.0,-1.720034424458639,-1.7037690321551722,-1.132749382649557,-4.617746893559591,-4.890412036572592,0.6929870843887329,0.0,-0.0,0.0,0.0,0.0,0.0,0.0,0.0,0.0,0.0,0.0,0.0,0
1786496279,849642515,100.0,-1.720034424458639,-1.703852955495016,-1.1327737013446253,-4.6177348534213465,-4.890447918568746,0.6929751038551331,0.0,-0.0,0.0,0.0,0.0,0.0,0.0,0.0,0.0,0.0,0.0,0.0,0
1786496279,868759870,100.0,-1.7200105826007288,-1.7038167158709925,-1.132749382649557,-4.617698971425192,-4.890423957501547,0.6930469870567322,0.0,-0.0,0.0,0.0,0.0,0.0,0.0,0.0,0.0,0.0,0.0,0.0,0
1786496279,889149904,100.0,-1.7200225035296839,-1.7038167158709925,-1.1327374617206019,-4.617770854626791,-4.890399638806478,0.6930709481239319,0.0,-0.0,0.0,0.0,0.0,0.0,0.0,0.0,0.0,0.0,0.0,0.0,0
1786496279,908835649,100.0,-1.7200105826007288,-1.7037928740130823,-1.1327136198626917,-4.617806855832235,-4.890423957501547,0.6930350065231323,0.0,-0.0,0.0,0.0,0.0,0.0,0.0,0.0,0.0,0.0,0.0,0.0,0
1786496279,929082155,100.0,-1.7200225035296839,-1.7038410345660608,-1.1327374617206019,-4.617746893559591,-4.890435997639791,0.6930949091911316,0.0,-0.0,0.0,0.0,0.0,0.0,0.0,0.0,0.0,0.0,0.0,0.0,0
1786496279,948866128,100.0,-1.7200225035296839,-1.703864876423971,-1.1327255407916468,-4.617722932492391,-4.890387598668234,0.6930110454559326,0.0,-0.0,0.0,0.0,0.0,0.0,0.0,0.0,0.0,0.0,0.0,0.0,0
1786496279,969093322,100.0,-1.720034424458639,-1.7038167158709925,-1.1327016989337366,-4.617722932492391,-4.890447918568746,0.6930350065231323,0.0,-0.0,0.0,0.0,0.0,0.0,0.0,0.0,0.0,0.0,0.0,0.0,0
1786496279,988796234,100.0,-1.7200225035296839,-1.7037809530841272,-1.1327255407916468,-4.617746893559591,-4.890447918568746,0.6930230259895325,0.0,-0.0,0.0,0.0,0.0,0.0,0.0,0.0,0.0,0.0,0.0,0.0,0
1786496280,9259700,100.0,-1.7200225035296839,-1.7037928740130823,-1.1326773802386683,-4.6177948156939905,-4.890435997639791,0.6930469870567322,0.0,-0.0,0.0,0.0,0.0,0.0,0.0,0.0,0.0,0.0,0.0,0.0,0
1786496280,28861761,100.0,-1.7200225035296839,-1.703852955495016,-1.1327255407916468,-4.617710892354147,-4.890399638806478,0.6929990649223328,0.0,-0.0,0.0,0.0,0.0,0.0,0.0,0.0,0.0,0.0,0.0,0.0,0
1786496280,48811435,100.0,-1.720046345387594,-1.7038410345660608,-1.1327016989337366,-4.617806855832235,-4.890459958706991,0.6929990649223328,0.0,-0.0,0.0,0.0,0.0,0.0,0.0,0.0,0.0,0.0,0.0,0.0,0
1786496280,68844318,100.0,-1.7199624220477503,-1.7038052717791956,-1.132749382649557,-4.6177948156939905,-4.890435997639791,0.6930469870567322,0.0,-0.0,0.0,0.0,0.0,0.0,0.0,0.0,0.0,0.0,0.0,0.0,0
1786496280,89254856,100.0,-1.7200225035296839,-1.7038167158709925,-1.1327374617206019,-4.617770854626791,-4.890399638806478,0.6930110454559326,0.0,-0.0,0.0,0.0,0.0,0.0,0.0,0.0,0.0,0.0,0.0,0.0,0
1786496280,108784198,100.0,-1.7199981848346155,-1.7038167158709925,-1.1327016989337366,-4.617770854626791,-4.890399638806478,0.6930469870567322,0.0,-0.0,0.0,0.0,0.0,0.0,0.0,0.0,0.0,0.0,0.0,0.0,0
1786496280,129139184,100.0,-1.7200105826007288,-1.7038410345660608,-1.132749382649557,-4.617758814488546,-4.890459958706991,0.6930829286575317,0.0,-0.0,0.0,0.0,0.0,0.0,0.0,0.0,0.0,0.0,0.0,0.0,0
1786496280,148808717,100.0,-1.7200225035296839,-1.7038167158709925,-1.132761303578512,-4.6177828947650355,-4.890447918568746,0.6930829286575317,0.0,-0.0,0.0,0.0,0.0,0.0,0.0,0.0,0.0,0.0,0.0,0.0,0
1786496280,169459819,100.0,-1.7199981848346155,-1.7038410345660608,-1.132749382649557,-4.6177828947650355,-4.890447918568746,0.6929990649223328,0.0,-0.0,0.0,0.0,0.0,0.0,0.0,0.0,0.0,0.0,0.0,0.0,0
1786496280,188750505,100.0,-1.7199862639056605,-1.7038052717791956,-1.1327856222735804,-4.6177828947650355,-4.890399638806478,0.693058967590332,0.0,-0.0,0.0,0.0,0.0,0.0,0.0,0.0,0.0,0.0,0.0,0.0,0
1786496280,209109067,100.0,-1.7199862639056605,-1.7038291136371058,-1.1327374617206019,-4.617746893559591,-4.890447918568746,0.6930230259895325,0.0,-0.0,0.0,0.0,0.0,0.0,0.0,0.0,0.0,0.0,0.0,0.0,0
1786496280,228800535,100.0,-1.7199862639056605,-1.7038052717791956,-1.1327136198626917,-4.6177948156939905,-4.890399638806478,0.6930350065231323,0.0,-0.0,0.0,0.0,0.0,0.0,0.0,0.0,0.0,0.0,0.0,0.0,0
1786496280,249144315,100.0,-1.7200225035296839,-1.7037809530841272,-1.132761303578512,-4.617770854626791,-4.890387598668234,0.693058967590332,0.0,-0.0,0.0,0.0,0.0,0.0,0.0,0.0,0.0,0.0,0.0,0.0,0
1786496280,268802404,100.0,-1.7200701872455042,-1.7037809530841272,-1.1326773802386683,-4.6177828947650355,-4.890471879635946,0.6930469870567322,0.0,-0.0,0.0,0.0,0.0,0.0,0.0,0.0,0.0,0.0,0.0,0.0,0
1786496280,288891315,100.0,-1.7200582663165491,-1.7037809530841272,-1.132761303578512,-4.6177348534213465,-4.890435997639791,0.693058967590332,0.0,-0.0,0.0,0.0,0.0,0.0,0.0,0.0,0.0,0.0,0.0,0.0,0
1786496280,308773279,100.0,-1.7200225035296839,-1.7038052717791956,-1.1327255407916468,-4.6177828947650355,-4.890423957501547,0.6930829286575317,0.0,-0.0,0.0,0.0,0.0,0.0,0.0,0.0,0.0,0.0,0.0,0.0,0
1786496280,329339027,100.0,-1.7199743429767054,-1.7038410345660608,-1.1328094641314905,-4.617770854626791,-4.890447918568746,0.6929870843887329,0.0,-0.0,0.0,0.0,0.0,0.0,0.0,0.0,0.0,0.0,0.0,0.0,0
1786496280,348812341,100.0,-1.7200105826007288,-1.7038291136371058,-1.1327374617206019,-4.617758814488546,-4.890399638806478,0.6930709481239319,0.0,-0.0,0.0,0.0,0.0,0.0,0.0,0.0,0.0,0.0,0.0,0.0,0
1786496280,369027853,100.0,-1.720034424458639,-1.7037809530841272,-1.1327136198626917,-4.6177948156939905,-4.890399638806478,0.6929990649223328,0.0,-0.0,0.0,0.0,0.0,0.0,0.0,0.0,0.0,0.0,0.0,0.0,0
1786496280,388806343,100.0,-1.7200105826007288,-1.7038052717791956,-1.1326897780047815,-4.617746893559591,-4.890412036572592,0.6930709481239319,0.0,-0.0,0.0,0.0,0.0,0.0,0.0,0.0,0.0,0.0,0.0,0.0,0
1786496280,409038543,100.0,-1.720046345387594,-1.7037809530841272,-1.1327374617206019,-4.6177828947650355,-4.890459958706991,0.6930469870567322,0.0,-0.0,0.0,0.0,0.0,0.0,0.0,0.0,0.0,0.0,0.0,0.0,0
1786496280,428778648,100.0,-1.7199624220477503,-1.7037809530841272,-1.132749382649557,-4.617746893559591,-4.890471879635946,0.6930350065231323,0.0,-0.0,0.0,0.0,0.0,0.0,0.0,0.0,0.0,0.0,0.0,0.0,0
1786496280,449661731,100.0,-1.7200105826007288,-1.7038291136371058,-1.1327136198626917,-4.617746893559591,-4.890423957501547,0.6929990649223328,0.0,-0.0,0.0,0.0,0.0,0.0,0.0,0.0,0.0,0.0,0.0,0.0,0
1786496280,468769073,100.0,-1.7200225035296839,-1.7038052717791956,-1.1327374617206019,-4.6177948156939905,-4.890435997639791,0.6930230259895325,0.0,-0.0,0.0,0.0,0.0,0.0,0.0,0.0,0.0,0.0,0.0,0.0,0
1786496280,489404916,100.0,-1.720046345387594,-1.703757111226217,-1.1327016989337366,-4.617758814488546,-4.890423957501547,0.6930230259895325,0.0,-0.0,0.0,0.0,0.0,0.0,0.0,0.0,0.0,0.0,0.0,0.0,0
1786496280,509184598,100.0,-1.720034424458639,-1.703757111226217,-1.132749382649557,-4.617770854626791,-4.890412036572592,0.6930110454559326,0.0,-0.0,0.0,0.0,0.0,0.0,0.0,0.0,0.0,0.0,0.0,0.0,0
1786496280,528780698,100.0,-1.7199862639056605,-1.7038410345660608,-1.1327737013446253,-4.617722932492391,-4.890447918568746,0.6930469870567322,0.0,-0.0,0.0,0.0,0.0,0.0,0.0,0.0,0.0,0.0,0.0,0.0,0
1786496280,548815965,100.0,-1.7199862639056605,-1.7038167158709925,-1.1327374617206019,-4.6177948156939905,-4.890459958706991,0.6930110454559326,0.0,-0.0,0.0,0.0,0.0,0.0,0.0,0.0,0.0,0.0,0.0,0.0,0
1786496280,569216728,100.0,-1.7199981848346155,-1.7037809530841272,-1.1327255407916468,-4.617770854626791,-4.890435997639791,0.6930709481239319,0.0,-0.0,0.0,0.0,0.0,0.0,0.0,0.0,0.0,0.0,0.0,0.0,0
1786496280,588773727,100.0,-1.7200701872455042,-1.703757111226217,-1.1327136198626917,-4.61781877676119,-4.890447918568746,0.6930230259895325,0.0,-0.0,0.0,0.0,0.0,0.0,0.0,0.0,0.0,0.0,0.0,0.0,0
1786496280,609506130,100.0,-1.7199624220477503,-1.703757111226217,-1.1327374617206019,-4.617770854626791,-4.890412036572592,0.6930230259895325,0.0,-0.0,0.0,0.0,0.0,0.0,0.0,0.0,0.0,0.0,0.0,0.0,0
1786496280,628836154,100.0,-1.7200225035296839,-1.7037928740130823,-1.1327255407916468,-4.6177948156939905,-4.890459958706991,0.6930230259895325,0.0,-0.0,0.0,0.0,0.0,0.0,0.0,0.0,0.0,0.0,0.0,0.0,0
1786496280,649311542,100.0,-1.720034424458639,-1.7037928740130823,-1.132761303578512,-4.6177348534213465,-4.890399638806478,0.6930469870567322,0.0,-0.0,0.0,0.0,0.0,0.0,0.0,0.0,0.0,0.0,0.0,0.0,0
1786496280,668775320,100.0,-1.7200225035296839,-1.7038052717791956,-1.1327255407916468,-4.617758814488546,-4.890412036572592,0.6930350065231323,0.0,-0.0,0.0,0.0,0.0,0.0,0.0,0.0,0.0,0.0,0.0,0.0,0
1786496280,689253091,100.0,-1.7200582663165491,-1.7038052717791956,-1.132761303578512,-4.6177828947650355,-4.890412036572592,0.693058967590332,0.0,-0.0,0.0,0.0,0.0,0.0,0.0,0.0,0.0,0.0,0.0,0.0,0
1786496280,708767652,100.0,-1.7200582663165491,-1.7037809530841272,-1.1328094641314905,-4.6177948156939905,-4.890412036572592,0.6929990649223328,0.0,-0.0,0.0,0.0,0.0,0.0,0.0,0.0,0.0,0.0,0.0,0.0,0
1786496280,729464292,100.0,-1.7200582663165491,-1.7038410345660608,-1.1327374617206019,-4.6177828947650355,-4.890423957501547,0.6929870843887329,0.0,-0.0,0.0,0.0,0.0,0.0,0.0,0.0,0.0,0.0,0.0,0.0,0
1786496280,748814105,100.0,-1.7200105826007288,-1.7037809530841272,-1.1327136198626917,-4.617758814488546,-4.890435997639791,0.6930469870567322,0.0,-0.0,0.0,0.0,0.0,0.0,0.0,0.0,0.0,0.0,0.0,0.0,0
1786496280,768962621,100.0,-1.7199981848346155,-1.703852955495016,-1.1327856222735804,-4.617770854626791,-4.890387598668234,0.6930469870567322,0.0,-0.0,0.0,0.0,0.0,0.0,0.0,0.0,0.0,0.0,0.0,0.0,0
1786496280,788775682,100.0,-1.7199981848346155,-1.7038167158709925,-1.1327016989337366,-4.617758814488546,-4.890435997639791,0.693058967590332,0.0,-0.0,0.0,0.0,0.0,0.0,0.0,0.0,0.0,0.0,0.0,0.0,0
1786496280,808976411,100.0,-1.720046345387594,-1.7038052717791956,-1.132761303578512,-4.617806855832235,-4.890412036572592,0.6929990649223328,0.0,-0.0,0.0,0.0,0.0,0.0,0.0,0.0,0.0,0.0,0.0,0.0,0
1786496280,828897476,100.0,-1.7199862639056605,-1.7037809530841272,-1.1327737013446253,-4.617758814488546,-4.890435997639791,0.6930350065231323,0.0,-0.0,0.0,0.0,0.0,0.0,0.0,0.0,0.0,0.0,0.0,0.0,0
1786496280,849258661,100.0,-1.720034424458639,-1.7037928740130823,-1.132749382649557,-4.6177348534213465,-4.890447918568746,0.6930469870567322,0.0,-0.0,0.0,0.0,0.0,0.0,0.0,0.0,0.0,0.0,0.0,0.0,0
1786496280,868885040,100.0,-1.7200225035296839,-1.7038052717791956,-1.1327374617206019,-4.6177348534213465,-4.890447918568746,0.6930230259895325,0.0,-0.0,0.0,0.0,0.0,0.0,0.0,0.0,0.0,0.0,0.0,0.0,0
1786496280,888878107,100.0,-1.7200582663165491,-1.703745190297262,-1.1327136198626917,-4.617746893559591,-4.890435997639791,0.6930230259895325,0.0,-0.0,0.0,0.0,0.0,0.0,0.0,0.0,0.0,0.0,0.0,0.0,0
1786496280,908772706,100.0,-1.7200582663165491,-1.7037690321551722,-1.1327016989337366,-4.617770854626791,-4.890412036572592,0.693058967590332,0.0,-0.0,0.0,0.0,0.0,0.0,0.0,0.0,0.0,0.0,0.0,0.0,0
1786496280,929334163,100.0,-1.7199862639056605,-1.7038410345660608,-1.1327737013446253,-4.617746893559591,-4.890399638806478,0.6930350065231323,0.0,-0.0,0.0,0.0,0.0,0.0,0.0,0.0,0.0,0.0,0.0,0.0,0
1786496280,948849916,100.0,-1.720046345387594,-1.703852955495016,-1.1326659361468714,-4.617806855832235,-4.890399638806478,0.6930350065231323,0.0,-0.0,0.0,0.0,0.0,0.0,0.0,0.0,0.0,0.0,0.0,0.0,0
1786496280,969172716,100.0,-1.7200225035296839,-1.7037928740130823,-1.132749382649557,-4.617722932492391,-4.890447918568746,0.693058967590332,0.0,-0.0,0.0,0.0,0.0,0.0,0.0,0.0,0.0,0.0,0.0,0.0,0
1786496280,988827466,100.0,-1.7199743429767054,-1.7037690321551722,-1.1327136198626917,-4.617758814488546,-4.890423957501547,0.6930949091911316,0.0,-0.0,0.0,0.0,0.0,0.0,0.0,0.0,0.0,0.0,0.0,0.0,0
1786496281,9245395,100.0,-1.7199743429767054,-1.7038291136371058,-1.1327374617206019,-4.6177948156939905,-4.890399638806478,0.6929990649223328,0.0,-0.0,0.0,0.0,0.0,0.0,0.0,0.0,0.0,0.0,0.0,0.0,0
1786496281,28775691,100.0,-1.7200225035296839,-1.7038167158709925,-1.132749382649557,-4.6177828947650355,-4.890412036572592,0.6930350065231323,0.0,-0.0,0.0,0.0,0.0,0.0,0.0,0.0,0.0,0.0,0.0,0.0,0
1786496281,49192190,100.0,-1.7200105826007288,-1.7037809530841272,-1.132749382649557,-4.617770854626791,-4.890447918568746,0.6930469870567322,0.0,-0.0,0.0,0.0,0.0,0.0,0.0,0.0,0.0,0.0,0.0,0.0,0
1786496281,68740129,100.0,-1.7199743429767054,-1.7037928740130823,-1.132749382649557,-4.6177828947650355,-4.890387598668234,0.693058967590332,0.0,-0.0,0.0,0.0,0.0,0.0,0.0,0.0,0.0,0.0,0.0,0.0,0
1786496281,89162588,100.0,-1.7199862639056605,-1.7037809530841272,-1.1327136198626917,-4.617806855832235,-4.890471879635946,0.693058967590332,0.0,-0.0,0.0,0.0,0.0,0.0,0.0,0.0,0.0,0.0,0.0,0.0,0
1786496281,108790874,100.0,-1.7199624220477503,-1.7038052717791956,-1.1327374617206019,-4.617770854626791,-4.890412036572592,0.6930110454559326,0.0,-0.0,0.0,0.0,0.0,0.0,0.0,0.0,0.0,0.0,0.0,0.0,0
1786496281,128880023,100.0,-1.720046345387594,-1.7038167158709925,-1.1327374617206019,-4.6177828947650355,-4.890412036572592,0.6929990649223328,0.0,-0.0,0.0,0.0,0.0,0.0,0.0,0.0,0.0,0.0,0.0,0.0,0
1786496281,148874044,100.0,-1.720046345387594,-1.7038052717791956,-1.132749382649557,-4.617806855832235,-4.890447918568746,0.6929990649223328,0.0,-0.0,0.0,0.0,0.0,0.0,0.0,0.0,0.0,0.0,0.0,0.0,0
1786496281,169114589,100.0,-1.720034424458639,-1.7038052717791956,-1.1327374617206019,-4.617758814488546,-4.890471879635946,0.6930469870567322,0.0,-0.0,0.0,0.0,0.0,0.0,0.0,0.0,0.0,0.0,0.0,0.0,0
1786496281,188800573,100.0,-1.7199743429767054,-1.7038052717791956,-1.132761303578512,-4.6177828947650355,-4.890423957501547,0.6930350065231323,0.0,-0.0,0.0,0.0,0.0,0.0,0.0,0.0,0.0,0.0,0.0,0.0,0
1786496281,208995103,100.0,-1.720046345387594,-1.7038052717791956,-1.132749382649557,-4.617758814488546,-4.890387598668234,0.693058967590332,0.0,-0.0,0.0,0.0,0.0,0.0,0.0,0.0,0.0,0.0,0.0,0.0,0
1786496281,228746891,100.0,-1.7200105826007288,-1.7037928740130823,-1.1327016989337366,-4.617770854626791,-4.890447918568746,0.693058967590332,0.0,-0.0,0.0,0.0,0.0,0.0,0.0,0.0,0.0,0.0,0.0,0.0,0
1786496281,249082565,100.0,-1.720046345387594,-1.7038052717791956,-1.1327016989337366,-4.617806855832235,-4.890447918568746,0.6929990649223328,0.0,-0.0,0.0,0.0,0.0,0.0,0.0,0.0,0.0,0.0,0.0,0.0,0
1786496281,268785238,100.0,-1.7200105826007288,-1.7037690321551722,-1.1327136198626917,-4.6177348534213465,-4.890399638806478,0.6930469870567322,0.0,-0.0,0.0,0.0,0.0,0.0,0.0,0.0,0.0,0.0,0.0,0.0,0
1786496281,288972377,100.0,-1.7200225035296839,-1.7038410345660608,-1.1326659361468714,-4.617746893559591,-4.890447918568746,0.6930469870567322,0.0,-0.0,0.0,0.0,0.0,0.0,0.0,0.0,0.0,0.0,0.0,0.0,0
1786496281,308772087,100.0,-1.720034424458639,-1.7038052717791956,-1.132749382649557,-4.6177828947650355,-4.890412036572592,0.6930230259895325,0.0,-0.0,0.0,0.0,0.0,0.0,0.0,0.0,0.0,0.0,0.0,0.0,0
1786496281,328936815,100.0,-1.7199624220477503,-1.7038291136371058,-1.1327016989337366,-4.6177828947650355,-4.890423957501547,0.6930469870567322,0.0,-0.0,0.0,0.0,0.0,0.0,0.0,0.0,0.0,0.0,0.0,0.0,0
1786496281,348916530,100.0,-1.7199981848346155,-1.7038167158709925,-1.1327374617206019,-4.617770854626791,-4.890375677739279,0.693058967590332,0.0,-0.0,0.0,0.0,0.0,0.0,0.0,0.0,0.0,0.0,0.0,0.0,0
1786496281,369288206,100.0,-1.720034424458639,-1.7037690321551722,-1.1327255407916468,-4.617722932492391,-4.890423957501547,0.6930110454559326,0.0,-0.0,0.0,0.0,0.0,0.0,0.0,0.0,0.0,0.0,0.0,0.0,0
1786496281,388742685,100.0,-1.720046345387594,-1.7037690321551722,-1.132761303578512,-4.617722932492391,-4.890412036572592,0.6930469870567322,0.0,-0.0,0.0,0.0,0.0,0.0,0.0,0.0,0.0,0.0,0.0,0.0,0
1786496281,409120321,100.0,-1.7199981848346155,-1.7038410345660608,-1.132749382649557,-4.617710892354147,-4.890435997639791,0.693058967590332,0.0,-0.0,0.0,0.0,0.0,0.0,0.0,0.0,0.0,0.0,0.0,0.0,0
1786496281,428762435,100.0,-1.720046345387594,-1.7038052717791956,-1.1327136198626917,-4.6177348534213465,-4.890447918568746,0.6930230259895325,0.0,-0.0,0.0,0.0,0.0,0.0,0.0,0.0,0.0,0.0,0.0,0.0,0
1786496281,449071645,100.0,-1.7200225035296839,-1.7038052717791956,-1.132761303578512,-4.617758814488546,-4.890435997639791,0.6930469870567322,0.0,-0.0,0.0,0.0,0.0,0.0,0.0,0.0,0.0,0.0,0.0,0.0,0
1786496281,468826293,100.0,-1.7200225035296839,-1.703852955495016,-1.1327136198626917,-4.617770854626791,-4.890387598668234,0.6930230259895325,0.0,-0.0,0.0,0.0,0.0,0.0,0.0,0.0,0.0,0.0,0.0,0.0,0
1786496281,488991498,100.0,-1.7200225035296839,-1.7038291136371058,-1.1327374617206019,-4.617746893559591,-4.890435997639791,0.6930110454559326,0.0,-0.0,0.0,0.0,0.0,0.0,0.0,0.0,0.0,0.0,0.0,0.0,0
1786496281,508728981,100.0,-1.7199981848346155,-1.7037690321551722,-1.1327255407916468,-4.617722932492391,-4.890412036572592,0.6929990649223328,0.0,-0.0,0.0,0.0,0.0,0.0,0.0,0.0,0.0,0.0,0.0,0.0,0
1786496281,529188394,100.0,-1.7199981848346155,-1.7037928740130823,-1.132761303578512,-4.617710892354147,-4.890459958706991,0.6930709481239319,0.0,-0.0,0.0,0.0,0.0,0.0,0.0,0.0,0.0,0.0,0.0,0.0,0
1786496281,548848152,100.0,-1.7199981848346155,-1.7038052717791956,-1.132749382649557,-4.617770854626791,-4.890459958706991,0.6930350065231323,0.0,-0.0,0.0,0.0,0.0,0.0,0.0,0.0,0.0,0.0,0.0,0.0,0
1786496281,569135427,100.0,-1.720034424458639,-1.7038410345660608,-1.132749382649557,-4.617722932492391,-4.890459958706991,0.6930709481239319,0.0,-0.0,0.0,0.0,0.0,0.0,0.0,0.0,0.0,0.0,0.0,0.0,0
1786496281,588780403,100.0,-1.7199981848346155,-1.7038052717791956,-1.1326897780047815,-4.6177348534213465,-4.890447918568746,0.6930350065231323,0.0,-0.0,0.0,0.0,0.0,0.0,0.0,0.0,0.0,0.0,0.0,0.0,0
1786496281,609130382,100.0,-1.7200582663165491,-1.703852955495016,-1.1327136198626917,-4.617770854626791,-4.890399638806478,0.6930110454559326,0.0,-0.0,0.0,0.0,0.0,0.0,0.0,0.0,0.0,0.0,0.0,0.0,0
1786496281,628850221,100.0,-1.720046345387594,-1.7038052717791956,-1.1327136198626917,-4.6177948156939905,-4.890447918568746,0.6930350065231323,0.0,-0.0,0.0,0.0,0.0,0.0,0.0,0.0,0.0,0.0,0.0,0.0,0
1786496281,649073839,100.0,-1.7200582663165491,-1.7037928740130823,-1.1327255407916468,-4.617770854626791,-4.890423957501547,0.6930469870567322,0.0,-0.0,0.0,0.0,0.0,0.0,0.0,0.0,0.0,0.0,0.0,0.0,0
1786496281,668881416,100.0,-1.720034424458639,-1.7038052717791956,-1.1327016989337366,-4.617746893559591,-4.890447918568746,0.6930350065231323,0.0,-0.0,0.0,0.0,0.0,0.0,0.0,0.0,0.0,0.0,0.0,0.0,0
1786496281,689361095,100.0,-1.7200105826007288,-1.7037809530841272,-1.1327255407916468,-4.617746893559591,-4.890483919774191,0.6929990649223328,0.0,-0.0,0.0,0.0,0.0,0.0,0.0,0.0,0.0,0.0,0.0,0.0,0
1786496281,708765268,100.0,-1.720034424458639,-1.7038167158709925,-1.1327255407916468,-4.6177348534213465,-4.890447918568746,0.6929870843887329,0.0,-0.0,0.0,0.0,0.0,0.0,0.0,0.0,0.0,0.0,0.0,0.0,0
1786496281,729431629,100.0,-1.720034424458639,-1.7037928740130823,-1.1326773802386683,-4.617770854626791,-4.890387598668234,0.6930469870567322,0.0,-0.0,0.0,0.0,0.0,0.0,0.0,0.0,0.0,0.0,0.0,0.0,0
1786496281,748887538,100.0,-1.7199862639056605,-1.7038052717791956,-1.1327374617206019,-4.617758814488546,-4.890447918568746,0.693058967590332,0.0,-0.0,0.0,0.0,0.0,0.0,0.0,0.0,0.0,0.0,0.0,0.0,0
1786496281,768883466,100.0,-1.7199862639056605,-1.7038052717791956,-1.1327737013446253,-4.6177348534213465,-4.890435997639791,0.6930110454559326,0.0,-0.0,0.0,0.0,0.0,0.0,0.0,0.0,0.0,0.0,0.0,0.0,0
1786496281,788727760,100.0,-1.7200582663165491,-1.7038167158709925,-1.1327136198626917,-4.617746893559591,-4.890399638806478,0.6929990649223328,0.0,-0.0,0.0,0.0,0.0,0.0,0.0,0.0,0.0,0.0,0.0,0.0,0
1786496281,809132099,100.0,-1.7199981848346155,-1.7038167158709925,-1.1327255407916468,-4.617758814488546,-4.890412036572592,0.6930110454559326,0.0,-0.0,0.0,0.0,0.0,0.0,0.0,0.0,0.0,0.0,0.0,0.0,0
1786496281,828768014,100.0,-1.7200225035296839,-1.7038410345660608,-1.1327374617206019,-4.6177828947650355,-4.890399638806478,0.6930110454559326,0.0,-0.0,0.0,0.0,0.0,0.0,0.0,0.0,0.0,0.0,0.0,0.0,0
1786496281,849286079,100.0,-1.7199862639056605,-1.7037809530841272,-1.1327737013446253,-4.617746893559591,-4.890375677739279,0.6930469870567322,0.0,-0.0,0.0,0.0,0.0,0.0,0.0,0.0,0.0,0.0,0.0,0.0,0
1786496281,868803501,100.0,-1.7200105826007288,-1.7038410345660608,-1.1327374617206019,-4.617746893559591,-4.890447918568746,0.6930110454559326,0.0,-0.0,0.0,0.0,0.0,0.0,0.0,0.0,0.0,0.0,0.0,0.0,0
1786496281,889020919,100.0,-1.720046345387594,-1.7037809530841272,-1.1327255407916468,-4.617722932492391,-4.890423957501547,0.6930709481239319,0.0,-0.0,0.0,0.0,0.0,0.0,0.0,0.0,0.0,0.0,0.0,0.0,0
1786496281,908779859,100.0,-1.7200582663165491,-1.7038052717791956,-1.132761303578512,-4.617758814488546,-4.890471879635946,0.6929870843887329,0.0,-0.0,0.0,0.0,0.0,0.0,0.0,0.0,0.0,0.0,0.0,0.0,0
1786496281,929281234,100.0,-1.7200225035296839,-1.7037809530841272,-1.1327255407916468,-4.617770854626791,-4.890435997639791,0.6930110454559326,0.0,-0.0,0.0,0.0,0.0,0.0,0.0,0.0,0.0,0.0,0.0,0.0,0
1786496281,948840618,100.0,-1.7200225035296839,-1.7037809530841272,-1.1327374617206019,-4.6177948156939905,-4.890423957501547,0.6930350065231323,0.0,-0.0,0.0,0.0,0.0,0.0,0.0,0.0,0.0,0.0,0.0,0.0,0
1786496281,969111919,100.0,-1.720046345387594,-1.7038167158709925,-1.132749382649557,-4.617806855832235,-4.890447918568746,0.693058967590332,0.0,-0.0,0.0,0.0,0.0,0.0,0.0,0.0,0.0,0.0,0.0,0.0,0
1786496281,988810300,100.0,-1.7199862639056605,-1.7038052717791956,-1.132749382649557,-4.6177828947650355,-4.890483919774191,0.6930709481239319,0.0,-0.0,0.0,0.0,0.0,0.0,0.0,0.0,0.0,0.0,0.0,0.0,0
1786496282,8804082,100.0,-1.7200225035296839,-1.7038410345660608,-1.1327374617206019,-4.617770854626791,-4.890412036572592,0.6930350065231323,0.0,-0.0,0.0,0.0,0.0,0.0,0.0,0.0,0.0,0.0,0.0,0.0,0
1786496282,28764247,100.0,-1.7199862639056605,-1.7038410345660608,-1.1327374617206019,-4.6177348534213465,-4.890471879635946,0.6930110454559326,0.0,-0.0,0.0,0.0,0.0,0.0,0.0,0.0,0.0,0.0,0.0,0.0,0
1786496282,49115657,100.0,-1.7200225035296839,-1.7037928740130823,-1.132749382649557,-4.6177948156939905,-4.890435997639791,0.6929990649223328,0.0,-0.0,0.0,0.0,0.0,0.0,0.0,0.0,0.0,0.0,0.0,0.0,0
1786496282,68750619,100.0,-1.7200225035296839,-1.703757111226217,-1.1327255407916468,-4.6177828947650355,-4.890447918568746,0.6930230259895325,0.0,-0.0,0.0,0.0,0.0,0.0,0.0,0.0,0.0,0.0,0.0,0.0,0
1786496282,89036464,100.0,-1.720034424458639,-1.7037690321551722,-1.1327016989337366,-4.6177948156939905,-4.890423957501547,0.6930469870567322,0.0,-0.0,0.0,0.0,0.0,0.0,0.0,0.0,0.0,0.0,0.0,0.0,0
1786496282,108837127,100.0,-1.7200105826007288,-1.7037809530841272,-1.1327255407916468,-4.617746893559591,-4.890399638806478,0.6930110454559326,0.0,-0.0,0.0,0.0,0.0,0.0,0.0,0.0,0.0,0.0,0.0,0.0,0
1786496282,129442930,100.0,-1.720034424458639,-1.7038167158709925,-1.1327374617206019,-4.617758814488546,-4.890435997639791,0.6930350065231323,0.0,-0.0,0.0,0.0,0.0,0.0,0.0,0.0,0.0,0.0,0.0,0.0,0
1786496282,148836135,100.0,-1.720046345387594,-1.7037809530841272,-1.132749382649557,-4.617770854626791,-4.890471879635946,0.693058967590332,0.0,-0.0,0.0,0.0,0.0,0.0,0.0,0.0,0.0,0.0,0.0,0.0,0
1786496282,169162988,100.0,-1.720046345387594,-1.7038052717791956,-1.1327374617206019,-4.617758814488546,-4.890459958706991,0.6930469870567322,0.0,-0.0,0.0,0.0,0.0,0.0,0.0,0.0,0.0,0.0,0.0,0.0,0
1786496282,188729524,100.0,-1.7200582663165491,-1.7038167158709925,-1.1327016989337366,-4.617758814488546,-4.890459958706991,0.693058967590332,0.0,-0.0,0.0,0.0,0.0,0.0,0.0,0.0,0.0,0.0,0.0,0.0,0
1786496282,209190845,100.0,-1.720034424458639,-1.703864876423971,-1.132749382649557,-4.617746893559591,-4.890412036572592,0.6930709481239319,0.0,-0.0,0.0,0.0,0.0,0.0,0.0,0.0,0.0,0.0,0.0,0.0,0
1786496282,228806734,100.0,-1.7200105826007288,-1.7038052717791956,-1.1327136198626917,-4.6177828947650355,-4.890412036572592,0.6930230259895325,0.0,-0.0,0.0,0.0,0.0,0.0,0.0,0.0,0.0,0.0,0.0,0.0,0
1786496282,249358654,100.0,-1.7200225035296839,-1.7037690321551722,-1.1327016989337366,-4.6177948156939905,-4.890399638806478,0.6930469870567322,0.0,-0.0,0.0,0.0,0.0,0.0,0.0,0.0,0.0,0.0,0.0,0.0,0
1786496282,268843412,100.0,-1.7200105826007288,-1.7037809530841272,-1.1327374617206019,-4.617710892354147,-4.890399638806478,0.6930469870567322,0.0,-0.0,0.0,0.0,0.0,0.0,0.0,0.0,0.0,0.0,0.0,0.0,0
1786496282,289466142,100.0,-1.7200225035296839,-1.7038410345660608,-1.1327255407916468,-4.6177828947650355,-4.890423957501547,0.6929751038551331,0.0,-0.0,0.0,0.0,0.0,0.0,0.0,0.0,0.0,0.0,0.0,0.0,0
1786496282,308796644,100.0,-1.7200105826007288,-1.7038291136371058,-1.1327374617206019,-4.6177828947650355,-4.890423957501547,0.6930110454559326,0.0,-0.0,0.0,0.0,0.0,0.0,0.0,0.0,0.0,0.0,0.0,0.0,0
1786496282,329149246,100.0,-1.7199862639056605,-1.7038052717791956,-1.132761303578512,-4.61784273782839,-4.890447918568746,0.6930230259895325,0.0,-0.0,0.0,0.0,0.0,0.0,0.0,0.0,0.0,0.0,0.0,0.0,0
1786496282,348805189,100.0,-1.720034424458639,-1.7038052717791956,-1.132749382649557,-4.6177828947650355,-4.890471879635946,0.6930110454559326,0.0,-0.0,0.0,0.0,0.0,0.0,0.0,0.0,0.0,0.0,0.0,0.0,0
1786496282,368899345,100.0,-1.7200582663165491,-1.7037809530841272,-1.132749382649557,-4.6177948156939905,-4.890447918568746,0.6930230259895325,0.0,-0.0,0.0,0.0,0.0,0.0,0.0,0.0,0.0,0.0,0.0,0.0,0
1786496282,388760805,100.0,-1.7199862639056605,-1.7038167158709925,-1.1327374617206019,-4.6177348534213465,-4.890423957501547,0.693058967590332,0.0,-0.0,0.0,0.0,0.0,0.0,0.0,0.0,0.0,0.0,0.0,0.0,0
1786496282,409027099,100.0,-1.720034424458639,-1.7038291136371058,-1.132761303578512,-4.6177348534213465,-4.890435997639791,0.6930709481239319,0.0,-0.0,0.0,0.0,0.0,0.0,0.0,0.0,0.0,0.0,0.0,0.0,0
1786496282,428793430,100.0,-1.7200582663165491,-1.7038052717791956,-1.1327136198626917,-4.617770854626791,-4.890471879635946,0.6930469870567322,0.0,-0.0,0.0,0.0,0.0,0.0,0.0,0.0,0.0,0.0,0.0,0.0,0
1786496282,449411630,100.0,-1.7199743429767054,-1.703852955495016,-1.132761303578512,-4.617770854626791,-4.890387598668234,0.693058967590332,0.0,-0.0,0.0,0.0,0.0,0.0,0.0,0.0,0.0,0.0,0.0,0.0,0
1786496282,468793392,100.0,-1.720046345387594,-1.7038052717791956,-1.1327374617206019,-4.6177828947650355,-4.890459958706991,0.6930230259895325,0.0,-0.0,0.0,0.0,0.0,0.0,0.0,0.0,0.0,0.0,0.0,0.0,0
1786496282,489402294,100.0,-1.7200225035296839,-1.703852955495016,-1.132749382649557,-4.6177828947650355,-4.890423957501547,0.6930350065231323,0.0,-0.0,0.0,0.0,0.0,0.0,0.0,0.0,0.0,0.0,0.0,0.0,0
1786496282,508754491,100.0,-1.7199862639056605,-1.703864876423971,-1.132761303578512,-4.617746893559591,-4.890483919774191,0.6930709481239319,0.0,-0.0,0.0,0.0,0.0,0.0,0.0,0.0,0.0,0.0,0.0,0.0,0
1786496282,529324531,100.0,-1.7200225035296839,-1.7038291136371058,-1.1327255407916468,-4.617758814488546,-4.890483919774191,0.6930350065231323,0.0,-0.0,0.0,0.0,0.0,0.0,0.0,0.0,0.0,0.0,0.0,0.0,0
1786496282,548823595,100.0,-1.720034424458639,-1.7037690321551722,-1.1327374617206019,-4.6177348534213465,-4.890399638806478,0.693058967590332,0.0,-0.0,0.0,0.0,0.0,0.0,0.0,0.0,0.0,0.0,0.0,0.0,0
1786496282,569097995,100.0,-1.7199981848346155,-1.7038410345660608,-1.132749382649557,-4.617770854626791,-4.890375677739279,0.6929631233215332,0.0,-0.0,0.0,0.0,0.0,0.0,0.0,0.0,0.0,0.0,0.0,0.0,0
1786496282,588840484,100.0,-1.7200582663165491,-1.7038167158709925,-1.132749382649557,-4.617722932492391,-4.890447918568746,0.6930230259895325,0.0,-0.0,0.0,0.0,0.0,0.0,0.0,0.0,0.0,0.0,0.0,0.0,0
1786496282,609059572,100.0,-1.720046345387594,-1.703745190297262,-1.1327136198626917,-4.617746893559591,-4.890447918568746,0.6930469870567322,0.0,-0.0,0.0,0.0,0.0,0.0,0.0,0.0,0.0,0.0,0.0,0.0,0
1786496282,628812074,100.0,-1.7199862639056605,-1.7038167158709925,-1.132749382649557,-4.617746893559591,-4.890412036572592,0.6929751038551331,0.0,-0.0,0.0,0.0,0.0,0.0,0.0,0.0,0.0,0.0,0.0,0.0,0
1786496282,649284124,100.0,-1.720046345387594,-1.7038291136371058,-1.1327136198626917,-4.6177828947650355,-4.890399638806478,0.6929990649223328,0.0,-0.0,0.0,0.0,0.0,0.0,0.0,0.0,0.0,0.0,0.0,0.0,0
1786496282,668817996,100.0,-1.7200105826007288,-1.7038410345660608,-1.132749382649557,-4.617722932492391,-4.890447918568746,0.6930709481239319,0.0,-0.0,0.0,0.0,0.0,0.0,0.0,0.0,0.0,0.0,0.0,0.0,0
1786496282,689131975,100.0,-1.7199862639056605,-1.7038291136371058,-1.1327255407916468,-4.61784273782839,-4.890399638806478,0.6930469870567322,0.0,-0.0,0.0,0.0,0.0,0.0,0.0,0.0,0.0,0.0,0.0,0.0,0
1786496282,708765745,100.0,-1.7199981848346155,-1.7037809530841272,-1.1327255407916468,-4.617722932492391,-4.890447918568746,0.6930230259895325,0.0,-0.0,0.0,0.0,0.0,0.0,0.0,0.0,0.0,0.0,0.0,0.0,0
1786496282,729000806,100.0,-1.7200225035296839,-1.7038167158709925,-1.132749382649557,-4.6177948156939905,-4.890412036572592,0.6930110454559326,0.0,-0.0,0.0,0.0,0.0,0.0,0.0,0.0,0.0,0.0,0.0,0.0,0
1786496282,748801469,100.0,-1.7200701872455042,-1.7038167158709925,-1.132749382649557,-4.6177348534213465,-4.890423957501547,0.6930350065231323,0.0,-0.0,0.0,0.0,0.0,0.0,0.0,0.0,0.0,0.0,0.0,0.0,0
1786496282,769236564,100.0,-1.720046345387594,-1.7038052717791956,-1.1327255407916468,-4.617770854626791,-4.890447918568746,0.693058967590332,0.0,-0.0,0.0,0.0,0.0,0.0,0.0,0.0,0.0,0.0,0.0,0.0,0
1786496282,788726091,100.0,-1.7200105826007288,-1.7038410345660608,-1.132761303578512,-4.617758814488546,-4.890447918568746,0.6930230259895325,0.0,-0.0,0.0,0.0,0.0,0.0,0.0,0.0,0.0,0.0,0.0,0.0,0
1786496282,809239625,100.0,-1.7200701872455042,-1.7037809530841272,-1.1327737013446253,-4.6177948156939905,-4.890399638806478,0.6929990649223328,0.0,-0.0,0.0,0.0,0.0,0.0,0.0,0.0,0.0,0.0,0.0,0.0,0
1786496282,828768968,100.0,-1.7199862639056605,-1.7038167158709925,-1.132749382649557,-4.6177828947650355,-4.890399638806478,0.6930350065231323,0.0,-0.0,0.0,0.0,0.0,0.0,0.0,0.0,0.0,0.0,0.0,0.0,0
1786496282,849252700,100.0,-1.720034424458639,-1.7037809530841272,-1.132749382649557,-4.6177948156939905,-4.890412036572592,0.6930469870567322,0.0,-0.0,0.0,0.0,0.0,0.0,0.0,0.0,0.0,0.0,0.0,0.0,0
1786496282,868744134,100.0,-1.7199981848346155,-1.7037928740130823,-1.1327374617206019,-4.617746893559591,-4.890423957501547,0.6930110454559326,0.0,-0.0,0.0,0.0,0.0,0.0,0.0,0.0,0.0,0.0,0.0,0.0,0
1786496282,888888835,100.0,-1.7199862639056605,-1.7038291136371058,-1.1327255407916468,-4.6177348534213465,-4.890399638806478,0.6930230259895325,0.0,-0.0,0.0,0.0,0.0,0.0,0.0,0.0,0.0,0.0,0.0,0.0,0
1786496282,908818960,100.0,-1.7200701872455042,-1.7038167158709925,-1.1327737013446253,-4.617758814488546,-4.890412036572592,0.6930829286575317,0.0,-0.0,0.0,0.0,0.0,0.0,0.0,0.0,0.0,0.0,0.0,0.0,0
1786496282,929029464,100.0,-1.720034424458639,-1.7038167158709925,-1.1327255407916468,-4.617746893559591,-4.890447918568746,0.6930709481239319,0.0,-0.0,0.0,0.0,0.0,0.0,0.0,0.0,0.0,0.0,0.0,0.0,0
1786496282,948888778,100.0,-1.7200225035296839,-1.703757111226217,-1.1327737013446253,-4.617770854626791,-4.890423957501547,0.6930230259895325,0.0,-0.0,0.0,0.0,0.0,0.0,0.0,0.0,0.0,0.0,0.0,0.0,0
1786496282,969205141,100.0,-1.7200105826007288,-1.7038291136371058,-1.132761303578512,-4.617746893559591,-4.890423957501547,0.6929990649223328,0.0,-0.0,0.0,0.0,0.0,0.0,0.0,0.0,0.0,0.0,0.0,0.0,0
1786496282,988816976,100.0,-1.7199981848346155,-1.7037809530841272,-1.1327374617206019,-4.617770854626791,-4.890447918568746,0.6930469870567322,0.0,-0.0,0.0,0.0,0.0,0.0,0.0,0.0,0.0,0.0,0.0,0.0,0
1786496283,9276628,100.0,-1.7200225035296839,-1.7038052717791956,-1.1327374617206019,-4.617770854626791,-4.890399638806478,0.693058967590332,0.0,-0.0,0.0,0.0,0.0,0.0,0.0,0.0,0.0,0.0,0.0,0.0,0
1786496283,28747081,100.0,-1.7200701872455042,-1.7037809530841272,-1.1327737013446253,-4.617770854626791,-4.890435997639791,0.6930110454559326,0.0,-0.0,0.0,0.0,0.0,0.0,0.0,0.0,0.0,0.0,0.0,0.0,0
1786496283,49348831,100.0,-1.720046345387594,-1.7038167158709925,-1.132749382649557,-4.617758814488546,-4.890471879635946,0.6930110454559326,0.0,-0.0,0.0,0.0,0.0,0.0,0.0,0.0,0.0,0.0,0.0,0.0,0
1786496283,68822622,100.0,-1.7199862639056605,-1.7038052717791956,-1.1327255407916468,-4.617758814488546,-4.890375677739279,0.6930110454559326,0.0,-0.0,0.0,0.0,0.0,0.0,0.0,0.0,0.0,0.0,0.0,0.0,0
1786496283,89111566,100.0,-1.720034424458639,-1.7037928740130823,-1.1327136198626917,-4.6177828947650355,-4.890435997639791,0.6930230259895325,0.0,-0.0,0.0,0.0,0.0,0.0,0.0,0.0,0.0,0.0,0.0,0.0,0
1786496283,108838081,100.0,-1.7200225035296839,-1.7038052717791956,-1.132749382649557,-4.6177948156939905,-4.890412036572592,0.6930350065231323,0.0,-0.0,0.0,0.0,0.0,0.0,0.0,0.0,0.0,0.0,0.0,0.0,0
1786496283,129127025,100.0,-1.7199981848346155,-1.7038052717791956,-1.132749382649557,-4.617758814488546,-4.890435997639791,0.6930949091911316,0.0,-0.0,0.0,0.0,0.0,0.0,0.0,0.0,0.0,0.0,0.0,0.0,0
1786496283,148872613,100.0,-1.720046345387594,-1.7037809530841272,-1.132749382649557,-4.6177348534213465,-4.890399638806478,0.6930469870567322,0.0,-0.0,0.0,0.0,0.0,0.0,0.0,0.0,0.0,0.0,0.0,0.0,0
1786496283,169155597,100.0,-1.720034424458639,-1.7038291136371058,-1.1327255407916468,-4.617746893559591,-4.890423957501547,0.6930110454559326,0.0,-0.0,0.0,0.0,0.0,0.0,0.0,0.0,0.0,0.0,0.0,0.0,0
1786496283,188809871,100.0,-1.7200225035296839,-1.7038052717791956,-1.132761303578512,-4.617770854626791,-4.890471879635946,0.693058967590332,0.0,-0.0,0.0,0.0,0.0,0.0,0.0,0.0,0.0,0.0,0.0,0.0,0
1786496283,209512472,100.0,-1.7200225035296839,-1.7038167158709925,-1.132749382649557,-4.617746893559591,-4.890447918568746,0.6930230259895325,0.0,-0.0,0.0,0.0,0.0,0.0,0.0,0.0,0.0,0.0,0.0,0.0,0
1786496283,228801965,100.0,-1.7200225035296839,-1.7038410345660608,-1.1327737013446253,-4.617746893559591,-4.890423957501547,0.6930709481239319,0.0,-0.0,0.0,0.0,0.0,0.0,0.0,0.0,0.0,0.0,0.0,0.0,0
1786496283,249304533,100.0,-1.7200105826007288,-1.7038167158709925,-1.1327374617206019,-4.617722932492391,-4.890387598668234,0.693058967590332,0.0,-0.0,0.0,0.0,0.0,0.0,0.0,0.0,0.0,0.0,0.0,0.0,0
1786496283,268796205,100.0,-1.720046345387594,-1.7037928740130823,-1.1327255407916468,-4.617758814488546,-4.890423957501547,0.6930709481239319,0.0,-0.0,0.0,0.0,0.0,0.0,0.0,0.0,0.0,0.0,0.0,0.0,0
1786496283,289223670,100.0,-1.7200105826007288,-1.703757111226217,-1.1327136198626917,-4.6177828947650355,-4.890447918568746,0.6930110454559326,0.0,-0.0,0.0,0.0,0.0,0.0,0.0,0.0,0.0,0.0,0.0,0.0,0
1786496283,308790206,100.0,-1.7200225035296839,-1.7038291136371058,-1.132749382649557,-4.6177948156939905,-4.890435997639791,0.6930469870567322,0.0,-0.0,0.0,0.0,0.0,0.0,0.0,0.0,0.0,0.0,0.0,0.0,0
1786496283,329130172,100.0,-1.7199743429767054,-1.7037690321551722,-1.1327136198626917,-4.617758814488546,-4.890471879635946,0.6930230259895325,0.0,-0.0,0.0,0.0,0.0,0.0,0.0,0.0,0.0,0.0,0.0,0.0,0
1786496283,348872423,100.0,-1.7200225035296839,-1.7038291136371058,-1.1327255407916468,-4.617722932492391,-4.890399638806478,0.6930829286575317,0.0,-0.0,0.0,0.0,0.0,0.0,0.0,0.0,0.0,0.0,0.0,0.0,0
1786496283,369076967,100.0,-1.7199743429767054,-1.7037809530841272,-1.1327255407916468,-4.617770854626791,-4.890447918568746,0.6930110454559326,0.0,-0.0,0.0,0.0,0.0,0.0,0.0,0.0,0.0,0.0,0.0,0.0,0
1786496283,388777256,100.0,-1.7200225035296839,-1.7037928740130823,-1.1327255407916468,-4.6177828947650355,-4.890471879635946,0.693058967590332,0.0,-0.0,0.0,0.0,0.0,0.0,0.0,0.0,0.0,0.0,0.0,0.0,0
1786496283,409263134,100.0,-1.720034424458639,-1.7037809530841272,-1.1327374617206019,-4.617746893559591,-4.890412036572592,0.6930709481239319,0.0,-0.0,0.0,0.0,0.0,0.0,0.0,0.0,0.0,0.0,0.0,0.0,0
1786496283,428762435,100.0,-1.7200225035296839,-1.7037928740130823,-1.1327374617206019,-4.6177948156939905,-4.890435997639791,0.6930469870567322,0.0,-0.0,0.0,0.0,0.0,0.0,0.0,0.0,0.0,0.0,0.0,0.0,0
1786496283,449527978,100.0,-1.7200105826007288,-1.7038291136371058,-1.1327136198626917,-4.617758814488546,-4.890399638806478,0.6930350065231323,0.0,-0.0,0.0,0.0,0.0,0.0,0.0,0.0,0.0,0.0,0.0,0.0,0
1786496283,468750000,100.0,-1.7199981848346155,-1.7037928740130823,-1.1327374617206019,-4.617758814488546,-4.890423957501547,0.6930110454559326,0.0,-0.0,0.0,0.0,0.0,0.0,0.0,0.0,0.0,0.0,0.0,0.0,0
1786496283,489227056,100.0,-1.720046345387594,-1.7037928740130823,-1.1327136198626917,-4.6177828947650355,-4.890412036572592,0.693058967590332,0.0,-0.0,0.0,0.0,0.0,0.0,0.0,0.0,0.0,0.0,0.0,0.0,0
1786496283,508852958,100.0,-1.7200582663165491,-1.7037690321551722,-1.1327255407916468,-4.617746893559591,-4.890423957501547,0.6930469870567322,0.0,-0.0,0.0,0.0,0.0,0.0,0.0,0.0,0.0,0.0,0.0,0.0,0
1786496283,528851985,100.0,-1.7199981848346155,-1.7038052717791956,-1.1327016989337366,-4.6177348534213465,-4.890447918568746,0.6930350065231323,0.0,-0.0,0.0,0.0,0.0,0.0,0.0,0.0,0.0,0.0,0.0,0.0,0
1786496283,548918962,100.0,-1.7200225035296839,-1.7038052717791956,-1.1327136198626917,-4.6177348534213465,-4.890399638806478,0.6930709481239319,0.0,-0.0,0.0,0.0,0.0,0.0,0.0,0.0,0.0,0.0,0.0,0.0,0
1786496283,569153070,100.0,-1.7200582663165491,-1.7038167158709925,-1.1327255407916468,-4.6177828947650355,-4.890412036572592,0.6930469870567322,0.0,-0.0,0.0,0.0,0.0,0.0,0.0,0.0,0.0,0.0,0.0,0.0,0
1786496283,588730573,100.0,-1.7200225035296839,-1.7037690321551722,-1.132749382649557,-4.6177828947650355,-4.890471879635946,0.693058967590332,0.0,-0.0,0.0,0.0,0.0,0.0,0.0,0.0,0.0,0.0,0.0,0.0,0
1786496283,609628915,100.0,-1.7200582663165491,-1.703852955495016,-1.132749382649557,-4.617758814488546,-4.890435997639791,0.6930110454559326,0.0,-0.0,0.0,0.0,0.0,0.0,0.0,0.0,0.0,0.0,0.0,0.0,0
1786496283,628680467,100.0,-1.7199385801898401,-1.7037690321551722,-1.1327255407916468,-4.6177348534213465,-4.890459958706991,0.6929870843887329,0.0,-0.0,0.0,0.0,0.0,0.0,0.0,0.0,0.0,0.0,0.0,0.0,0
1786496283,649435281,100.0,-1.7200225035296839,-1.7037690321551722,-1.132749382649557,-4.617758814488546,-4.890447918568746,0.6929990649223328,0.0,-0.0,0.0,0.0,0.0,0.0,0.0,0.0,0.0,0.0,0.0,0.0,0
1786496283,668695449,100.0,-1.7199981848346155,-1.7037690321551722,-1.132749382649557,-4.617746893559591,-4.890423957501547,0.6930350065231323,0.0,-0.0,0.0,0.0,0.0,0.0,0.0,0.0,0.0,0.0,0.0,0.0,0
1786496283,689156770,100.0,-1.7199981848346155,-1.7038052717791956,-1.132749382649557,-4.6177948156939905,-4.890447918568746,0.6930469870567322,0.0,-0.0,0.0,0.0,0.0,0.0,0.0,0.0,0.0,0.0,0.0,0.0,0
1786496283,708792924,100.0,-1.7200225035296839,-1.7037928740130823,-1.132749382649557,-4.617746893559591,-4.890435997639791,0.6929990649223328,0.0,-0.0,0.0,0.0,0.0,0.0,0.0,0.0,0.0,0.0,0.0,0.0,0
1786496283,729263067,100.0,-1.7199743429767054,-1.7037809530841272,-1.132749382649557,-4.617746893559591,-4.890399638806478,0.6929751038551331,0.0,-0.0,0.0,0.0,0.0,0.0,0.0,0.0,0.0,0.0,0.0,0.0,0
1786496283,748838663,100.0,-1.7199862639056605,-1.7037690321551722,-1.1326897780047815,-4.617758814488546,-4.890412036572592,0.693058967590332,0.0,-0.0,0.0,0.0,0.0,0.0,0.0,0.0,0.0,0.0,0.0,0.0,0
1786496283,769075155,100.0,-1.7200105826007288,-1.7038052717791956,-1.1327374617206019,-4.617758814488546,-4.890399638806478,0.6930350065231323,0.0,-0.0,0.0,0.0,0.0,0.0,0.0,0.0,0.0,0.0,0.0,0.0,0
1786496283,788809299,100.0,-1.720034424458639,-1.7038052717791956,-1.1327737013446253,-4.617758814488546,-4.890447918568746,0.6930350065231323,0.0,-0.0,0.0,0.0,0.0,0.0,0.0,0.0,0.0,0.0,0.0,0.0,0
1786496283,809035778,100.0,-1.7200225035296839,-1.7038167158709925,-1.132749382649557,-4.617758814488546,-4.890447918568746,0.6930709481239319,0.0,-0.0,0.0,0.0,0.0,0.0,0.0,0.0,0.0,0.0,0.0,0.0,0
1786496283,828815698,100.0,-1.7200582663165491,-1.7038167158709925,-1.1327374617206019,-4.6177948156939905,-4.890399638806478,0.6930110454559326,0.0,-0.0,0.0,0.0,0.0,0.0,0.0,0.0,0.0,0.0,0.0,0.0,0
1786496283,849164724,100.0,-1.7199862639056605,-1.7037928740130823,-1.132749382649557,-4.617758814488546,-4.890459958706991,0.693058967590332,0.0,-0.0,0.0,0.0,0.0,0.0,0.0,0.0,0.0,0.0,0.0,0.0,0
1786496283,868960857,100.0,-1.720034424458639,-1.7038052717791956,-1.1327136198626917,-4.617770854626791,-4.890412036572592,0.6930469870567322,0.0,-0.0,0.0,0.0,0.0,0.0,0.0,0.0,0.0,0.0,0.0,0.0,0
1786496283,889013290,100.0,-1.720046345387594,-1.7038291136371058,-1.1327255407916468,-4.617722932492391,-4.890423957501547,0.6929990649223328,0.0,-0.0,0.0,0.0,0.0,0.0,0.0,0.0,0.0,0.0,0.0,0.0,0
1786496283,908801794,100.0,-1.7199862639056605,-1.7037809530841272,-1.132749382649557,-4.6177828947650355,-4.890447918568746,0.6930350065231323,0.0,-0.0,0.0,0.0,0.0,0.0,0.0,0.0,0.0,0.0,0.0,0.0,0
1786496283,929152488,100.0,-1.7200225035296839,-1.7038291136371058,-1.132761303578512,-4.617746893559591,-4.890412036572592,0.6930230259895325,0.0,-0.0,0.0,0.0,0.0,0.0,0.0,0.0,0.0,0.0,0.0,0.0,0
1786496283,948921680,100.0,-1.7200225035296839,-1.7038052717791956,-1.132749382649557,-4.617758814488546,-4.890483919774191,0.6930469870567322,0.0,-0.0,0.0,0.0,0.0,0.0,0.0,0.0,0.0,0.0,0.0,0.0,0
1786496283,969238996,100.0,-1.720046345387594,-1.7037690321551722,-1.132749382649557,-4.617770854626791,-4.890471879635946,0.6930469870567322,0.0,-0.0,0.0,0.0,0.0,0.0,0.0,0.0,0.0,0.0,0.0,0.0,0
1786496283,988806724,100.0,-1.7199862639056605,-1.7038167158709925,-1.1327016989337366,-4.617746893559591,-4.890423957501547,0.6930230259895325,0.0,-0.0,0.0,0.0,0.0,0.0,0.0,0.0,0.0,0.0,0.0,0.0,0
1786496284,9137153,100.0,-1.7200225035296839,-1.7038410345660608,-1.132749382649557,-4.617770854626791,-4.890412036572592,0.6929990649223328,0.0,-0.0,0.0,0.0,0.0,0.0,0.0,0.0,0.0,0.0,0.0,0.0,0
1786496284,28773069,100.0,-1.720034424458639,-1.7038167158709925,-1.132749382649557,-4.617758814488546,-4.890471879635946,0.6930110454559326,0.0,-0.0,0.0,0.0,0.0,0.0,0.0,0.0,0.0,0.0,0.0,0.0,0
1786496284,49149036,100.0,-1.7199981848346155,-1.703852955495016,-1.132749382649557,-4.6177948156939905,-4.890447918568746,0.6929990649223328,0.0,-0.0,0.0,0.0,0.0,0.0,0.0,0.0,0.0,0.0,0.0,0.0,0
1786496284,68783760,100.0,-1.7200225035296839,-1.703852955495016,-1.1327136198626917,-4.6177828947650355,-4.890423957501547,0.6930350065231323,0.0,-0.0,0.0,0.0,0.0,0.0,0.0,0.0,0.0,0.0,0.0,0.0,0
1786496284,89237451,100.0,-1.720046345387594,-1.7038291136371058,-1.1327136198626917,-4.617746893559591,-4.890447918568746,0.6930350065231323,0.0,-0.0,0.0,0.0,0.0,0.0,0.0,0.0,0.0,0.0,0.0,0.0,0
1786496284,108791589,100.0,-1.7199981848346155,-1.7037690321551722,-1.1327255407916468,-4.617758814488546,-4.890423957501547,0.6930350065231323,0.0,-0.0,0.0,0.0,0.0,0.0,0.0,0.0,0.0,0.0,0.0,0.0,0
1786496284,128932237,100.0,-1.7199981848346155,-1.7038291136371058,-1.1327374617206019,-4.617770854626791,-4.890459958706991,0.6930230259895325,0.0,-0.0,0.0,0.0,0.0,0.0,0.0,0.0,0.0,0.0,0.0,0.0,0
1786496284,148935079,100.0,-1.720034424458639,-1.7038052717791956,-1.1327136198626917,-4.617758814488546,-4.890399638806478,0.6930110454559326,0.0,-0.0,0.0,0.0,0.0,0.0,0.0,0.0,0.0,0.0,0.0,0.0,0
1786496284,169285297,100.0,-1.7200582663165491,-1.7037690321551722,-1.1327136198626917,-4.617758814488546,-4.890412036572592,0.6930469870567322,0.0,-0.0,0.0,0.0,0.0,0.0,0.0,0.0,0.0,0.0,0.0,0.0,0
1786496284,188713312,100.0,-1.7200701872455042,-1.7037690321551722,-1.132761303578512,-4.617722932492391,-4.890399638806478,0.6929990649223328,0.0,-0.0,0.0,0.0,0.0,0.0,0.0,0.0,0.0,0.0,0.0,0.0,0
1786496284,208937168,100.0,-1.720046345387594,-1.7038167158709925,-1.1327255407916468,-4.617806855832235,-4.890399638806478,0.6930829286575317,0.0,-0.0,0.0,0.0,0.0,0.0,0.0,0.0,0.0,0.0,0.0,0.0,0
1786496284,228765249,100.0,-1.7200821081744593,-1.7037928740130823,-1.1327016989337366,-4.617746893559591,-4.890447918568746,0.6930110454559326,0.0,-0.0,0.0,0.0,0.0,0.0,0.0,0.0,0.0,0.0,0.0,0.0,0
1786496284,249378442,100.0,-1.720046345387594,-1.7038167158709925,-1.132749382649557,-4.6177828947650355,-4.890459958706991,0.6930230259895325,0.0,-0.0,0.0,0.0,0.0,0.0,0.0,0.0,0.0,0.0,0.0,0.0,0
1786496284,268790245,100.0,-1.7200105826007288,-1.7037928740130823,-1.132761303578512,-4.617770854626791,-4.890423957501547,0.6929990649223328,0.0,-0.0,0.0,0.0,0.0,0.0,0.0,0.0,0.0,0.0,0.0,0.0,0
1786496284,288909673,100.0,-1.720034424458639,-1.7038052717791956,-1.1326897780047815,-4.617758814488546,-4.890375677739279,0.6930350065231323,0.0,-0.0,0.0,0.0,0.0,0.0,0.0,0.0,0.0,0.0,0.0,0.0,0
1786496284,308930873,100.0,-1.720034424458639,-1.7037690321551722,-1.1327136198626917,-4.617746893559591,-4.890412036572592,0.6930469870567322,0.0,-0.0,0.0,0.0,0.0,0.0,0.0,0.0,0.0,0.0,0.0,0.0,0
1786496284,328979253,100.0,-1.7199862639056605,-1.703852955495016,-1.1326897780047815,-4.617758814488546,-4.890399638806478,0.6930230259895325,0.0,-0.0,0.0,0.0,0.0,0.0,0.0,0.0,0.0,0.0,0.0,0.0,0
1786496284,348833799,100.0,-1.7199862639056605,-1.7037928740130823,-1.1327136198626917,-4.6177828947650355,-4.890412036572592,0.693058967590332,0.0,-0.0,0.0,0.0,0.0,0.0,0.0,0.0,0.0,0.0,0.0,0.0,0
1786496284,369227886,100.0,-1.7200582663165491,-1.7038167158709925,-1.132749382649557,-4.617770854626791,-4.890459958706991,0.6929990649223328,0.0,-0.0,0.0,0.0,0.0,0.0,0.0,0.0,0.0,0.0,0.0,0.0,0
1786496284,388748645,100.0,-1.7199624220477503,-1.7037928740130823,-1.1327737013446253,-4.6177348534213465,-4.890412036572592,0.693058967590332,0.0,-0.0,0.0,0.0,0.0,0.0,0.0,0.0,0.0,0.0,0.0,0.0,0
1786496284,409082889,100.0,-1.7200701872455042,-1.7038167158709925,-1.132749382649557,-4.617710892354147,-4.890412036572592,0.693058967590332,0.0,-0.0,0.0,0.0,0.0,0.0,0.0,0.0,0.0,0.0,0.0,0.0,0
1786496284,428823471,100.0,-1.7199862639056605,-1.7038052717791956,-1.1327136198626917,-4.617770854626791,-4.890399638806478,0.6930829286575317,0.0,-0.0,0.0,0.0,0.0,0.0,0.0,0.0,0.0,0.0,0.0,0.0,0
1786496284,449189186,100.0,-1.7200105826007288,-1.7038052717791956,-1.132761303578512,-4.617770854626791,-4.890435997639791,0.6930709481239319,0.0,-0.0,0.0,0.0,0.0,0.0,0.0,0.0,0.0,0.0,0.0,0.0,0
1786496284,468844652,100.0,-1.7200105826007288,-1.7037928740130823,-1.132761303578512,-4.617746893559591,-4.890423957501547,0.6930110454559326,0.0,-0.0,0.0,0.0,0.0,0.0,0.0,0.0,0.0,0.0,0.0,0.0,0
1786496284,489382028,100.0,-1.7200105826007288,-1.7038052717791956,-1.1327255407916468,-4.617710892354147,-4.890399638806478,0.6930350065231323,0.0,-0.0,0.0,0.0,0.0,0.0,0.0,0.0,0.0,0.0,0.0,0.0,0
1786496284,508813619,100.0,-1.720046345387594,-1.7038291136371058,-1.132749382649557,-4.617746893559591,-4.890387598668234,0.693058967590332,0.0,-0.0,0.0,0.0,0.0,0.0,0.0,0.0,0.0,0.0,0.0,0.0,0
1786496284,529532670,100.0,-1.7199981848346155,-1.7038410345660608,-1.1327737013446253,-4.6177828947650355,-4.890423957501547,0.6930350065231323,0.0,-0.0,0.0,0.0,0.0,0.0,0.0,0.0,0.0,0.0,0.0,0.0,0
1786496284,548781394,100.0,-1.7200225035296839,-1.7037928740130823,-1.1327136198626917,-4.617770854626791,-4.890412036572592,0.6930350065231323,0.0,-0.0,0.0,0.0,0.0,0.0,0.0,0.0,0.0,0.0,0.0,0.0,0
1786496284,568926095,100.0,-1.7199862639056605,-1.7038410345660608,-1.1327374617206019,-4.617770854626791,-4.890447918568746,0.6930110454559326,0.0,-0.0,0.0,0.0,0.0,0.0,0.0,0.0,0.0,0.0,0.0,0.0,0
1786496284,588760614,100.0,-1.7200105826007288,-1.7038410345660608,-1.1327255407916468,-4.617746893559591,-4.890399638806478,0.6930350065231323,0.0,-0.0,0.0,0.0,0.0,0.0,0.0,0.0,0.0,0.0,0.0,0.0,0
1786496284,609114885,100.0,-1.7200225035296839,-1.7038052717791956,-1.132761303578512,-4.6177948156939905,-4.890399638806478,0.6929990649223328,0.0,-0.0,0.0,0.0,0.0,0.0,0.0,0.0,0.0,0.0,0.0,0.0,0
1786496284,628941059,100.0,-1.7199862639056605,-1.7037690321551722,-1.1327016989337366,-4.617758814488546,-4.890412036572592,0.6930230259895325,0.0,-0.0,0.0,0.0,0.0,0.0,0.0,0.0,0.0,0.0,0.0,0.0,0
1786496284,649353265,100.0,-1.7200225035296839,-1.7037809530841272,-1.1327136198626917,-4.617746893559591,-4.890435997639791,0.6930350065231323,0.0,-0.0,0.0,0.0,0.0,0.0,0.0,0.0,0.0,0.0,0.0,0.0,0
1786496284,668786764,100.0,-1.7199743429767054,-1.7038052717791956,-1.1327136198626917,-4.617746893559591,-4.890423957501547,0.6930110454559326,0.0,-0.0,0.0,0.0,0.0,0.0,0.0,0.0,0.0,0.0,0.0,0.0,0
1786496284,689211845,100.0,-1.7200225035296839,-1.7038167158709925,-1.1327374617206019,-4.6177828947650355,-4.890412036572592,0.6930469870567322,0.0,-0.0,0.0,0.0,0.0,0.0,0.0,0.0,0.0,0.0,0.0,0.0,0
1786496284,708774566,100.0,-1.7200225035296839,-1.7038052717791956,-1.132749382649557,-4.617758814488546,-4.890412036572592,0.6930110454559326,0.0,-0.0,0.0,0.0,0.0,0.0,0.0,0.0,0.0,0.0,0.0,0.0,0
1786496284,729245901,100.0,-1.7199981848346155,-1.7038410345660608,-1.1327374617206019,-4.617746893559591,-4.890412036572592,0.6930709481239319,0.0,-0.0,0.0,0.0,0.0,0.0,0.0,0.0,0.0,0.0,0.0,0.0,0
1786496284,748838186,100.0,-1.7200225035296839,-1.7037690321551722,-1.1326897780047815,-4.617758814488546,-4.890459958706991,0.6930829286575317,0.0,-0.0,0.0,0.0,0.0,0.0,0.0,0.0,0.0,0.0,0.0,0.0,0
1786496284,769270181,100.0,-1.7200225035296839,-1.703852955495016,-1.132749382649557,-4.617758814488546,-4.890399638806478,0.6930350065231323,0.0,-0.0,0.0,0.0,0.0,0.0,0.0,0.0,0.0,0.0,0.0,0.0,0
1786496284,788769960,100.0,-1.7199981848346155,-1.703757111226217,-1.1327374617206019,-4.617746893559591,-4.890435997639791,0.693058967590332,0.0,-0.0,0.0,0.0,0.0,0.0,0.0,0.0,0.0,0.0,0.0,0.0,0
1786496284,809509515,100.0,-1.720034424458639,-1.7038167158709925,-1.1327136198626917,-4.617722932492391,-4.890399638806478,0.6930469870567322,0.0,-0.0,0.0,0.0,0.0,0.0,0.0,0.0,0.0,0.0,0.0,0.0,0
1786496284,828865528,100.0,-1.7200105826007288,-1.7038410345660608,-1.132749382649557,-4.617758814488546,-4.890412036572592,0.6930110454559326,0.0,-0.0,0.0,0.0,0.0,0.0,0.0,0.0,0.0,0.0,0.0,0.0,0
1786496284,849263191,100.0,-1.720034424458639,-1.7037690321551722,-1.132749382649557,-4.6177348534213465,-4.890387598668234,0.6930230259895325,0.0,-0.0,0.0,0.0,0.0,0.0,0.0,0.0,0.0,0.0,0.0,0.0,0
1786496284,868746519,100.0,-1.720034424458639,-1.7038410345660608,-1.1327374617206019,-4.617746893559591,-4.890412036572592,0.6930230259895325,0.0,-0.0,0.0,0.0,0.0,0.0,0.0,0.0,0.0,0.0,0.0,0.0,0
1786496284,889136314,100.0,-1.720046345387594,-1.7038167158709925,-1.1327255407916468,-4.6177348534213465,-4.890471879635946,0.6930709481239319,0.0,-0.0,0.0,0.0,0.0,0.0,0.0,0.0,0.0,0.0,0.0,0.0,0
1786496284,908801555,100.0,-1.7200225035296839,-1.7038052717791956,-1.1327136198626917,-4.617770854626791,-4.890423957501547,0.6930709481239319,0.0,-0.0,0.0,0.0,0.0,0.0,0.0,0.0,0.0,0.0,0.0,0.0,0
1786496284,929145812,100.0,-1.720046345387594,-1.7037928740130823,-1.1327255407916468,-4.6177948156939905,-4.890435997639791,0.6930350065231323,0.0,-0.0,0.0,0.0,0.0,0.0,0.0,0.0,0.0,0.0,0.0,0.0,0
1786496284,948902606,100.0,-1.7200105826007288,-1.7038167158709925,-1.1327374617206019,-4.617722932492391,-4.890447918568746,0.6930469870567322,0.0,-0.0,0.0,0.0,0.0,0.0,0.0,0.0,0.0,0.0,0.0,0.0,0
1786496284,969452381,100.0,-1.7199981848346155,-1.7038167158709925,-1.132749382649557,-4.617746893559591,-4.890423957501547,0.6930350065231323,0.0,-0.0,0.0,0.0,0.0,0.0,0.0,0.0,0.0,0.0,0.0,0.0,0
1786496284,988748073,100.0,-1.7199624220477503,-1.7038052717791956,-1.1327374617206019,-4.6177828947650355,-4.890435997639791,0.6929990649223328,0.0,-0.0,0.0,0.0,0.0,0.0,0.0,0.0,0.0,0.0,0.0,0.0,0
1786496285,9054660,100.0,-1.7199862639056605,-1.7037809530841272,-1.132761303578512,-4.617746893559591,-4.890447918568746,0.6929990649223328,0.0,-0.0,0.0,0.0,0.0,0.0,0.0,0.0,0.0,0.0,0.0,0.0,0
1786496285,28752803,100.0,-1.720046345387594,-1.7037928740130823,-1.1327136198626917,-4.617758814488546,-4.890471879635946,0.6930230259895325,0.0,-0.0,0.0,0.0,0.0,0.0,0.0,0.0,0.0,0.0,0.0,0.0,0
1786496285,49224615,100.0,-1.7199862639056605,-1.7038291136371058,-1.132749382649557,-4.617722932492391,-4.890447918568746,0.6930469870567322,0.0,-0.0,0.0,0.0,0.0,0.0,0.0,0.0,0.0,0.0,0.0,0.0,0
1786496285,68805932,100.0,-1.7200105826007288,-1.7038167158709925,-1.1327737013446253,-4.617758814488546,-4.890412036572592,0.6930709481239319,0.0,-0.0,0.0,0.0,0.0,0.0,0.0,0.0,0.0,0.0,0.0,0.0,0
1786496285,88989734,100.0,-1.7199981848346155,-1.7038291136371058,-1.1327255407916468,-4.617758814488546,-4.890459958706991,0.6930110454559326,0.0,-0.0,0.0,0.0,0.0,0.0,0.0,0.0,0.0,0.0,0.0,0.0,0
1786496285,108822107,100.0,-1.7200582663165491,-1.7038167158709925,-1.132761303578512,-4.617806855832235,-4.890447918568746,0.6930110454559326,0.0,-0.0,0.0,0.0,0.0,0.0,0.0,0.0,0.0,0.0,0.0,0.0,0
1786496285,129523515,100.0,-1.7199862639056605,-1.7038167158709925,-1.132761303578512,-4.6177348534213465,-4.890447918568746,0.6930350065231323,0.0,-0.0,0.0,0.0,0.0,0.0,0.0,0.0,0.0,0.0,0.0,0.0,0
1786496285,148838281,100.0,-1.7199743429767054,-1.7037928740130823,-1.1327016989337366,-4.6177948156939905,-4.890447918568746,0.6930350065231323,0.0,-0.0,0.0,0.0,0.0,0.0,0.0,0.0,0.0,0.0,0.0,0.0,0
1786496285,169568300,100.0,-1.7199981848346155,-1.7038291136371058,-1.1327255407916468,-4.617770854626791,-4.890435997639791,0.6929990649223328,0.0,-0.0,0.0,0.0,0.0,0.0,0.0,0.0,0.0,0.0,0.0,0.0,0
1786496285,188748598,100.0,-1.720046345387594,-1.7037928740130823,-1.1327255407916468,-4.617758814488546,-4.890423957501547,0.6930350065231323,0.0,-0.0,0.0,0.0,0.0,0.0,0.0,0.0,0.0,0.0,0.0,0.0,0
1786496285,208978652,100.0,-1.7200582663165491,-1.7038167158709925,-1.132749382649557,-4.617770854626791,-4.890423957501547,0.6930110454559326,0.0,-0.0,0.0,0.0,0.0,0.0,0.0,0.0,0.0,0.0,0.0,0.0,0
1786496285,228791236,100.0,-1.7200105826007288,-1.7037928740130823,-1.1327016989337366,-4.6177348534213465,-4.890412036572592,0.693058967590332,0.0,-0.0,0.0,0.0,0.0,0.0,0.0,0.0,0.0,0.0,0.0,0.0,0
1786496285,249188661,100.0,-1.7199981848346155,-1.7037928740130823,-1.1327255407916468,-4.617710892354147,-4.890423957501547,0.693058967590332,0.0,-0.0,0.0,0.0,0.0,0.0,0.0,0.0,0.0,0.0,0.0,0.0,0
1786496285,268821716,100.0,-1.7200225035296839,-1.7038052717791956,-1.132749382649557,-4.617746893559591,-4.890459958706991,0.6929990649223328,0.0,-0.0,0.0,0.0,0.0,0.0,0.0,0.0,0.0,0.0,0.0,0.0,0
1786496285,289223909,100.0,-1.7199981848346155,-1.7038410345660608,-1.1326773802386683,-4.617746893559591,-4.890387598668234,0.6930230259895325,0.0,-0.0,0.0,0.0,0.0,0.0,0.0,0.0,0.0,0.0,0.0,0.0,0
1786496285,308776617,100.0,-1.7200105826007288,-1.7038167158709925,-1.132761303578512,-4.6177348534213465,-4.890447918568746,0.6930350065231323,0.0,-0.0,0.0,0.0,0.0,0.0,0.0,0.0,0.0,0.0,0.0,0.0,0
1786496285,329541683,100.0,-1.7200105826007288,-1.703757111226217,-1.1327737013446253,-4.617770854626791,-4.890412036572592,0.6930469870567322,0.0,-0.0,0.0,0.0,0.0,0.0,0.0,0.0,0.0,0.0,0.0,0.0,0
1786496285,348829984,100.0,-1.7200701872455042,-1.7038291136371058,-1.1327255407916468,-4.617758814488546,-4.890459958706991,0.6930110454559326,0.0,-0.0,0.0,0.0,0.0,0.0,0.0,0.0,0.0,0.0,0.0,0.0,0
1786496285,369239807,100.0,-1.7199743429767054,-1.7038052717791956,-1.132749382649557,-4.617758814488546,-4.890423957501547,0.6930230259895325,0.0,-0.0,0.0,0.0,0.0,0.0,0.0,0.0,0.0,0.0,0.0,0.0,0
1786496285,388787269,100.0,-1.720034424458639,-1.7038052717791956,-1.1327255407916468,-4.617722932492391,-4.890459958706991,0.6930469870567322,0.0,-0.0,0.0,0.0,0.0,0.0,0.0,0.0,0.0,0.0,0.0,0.0,0
1786496285,408889293,100.0,-1.7199505011187952,-1.7038052717791956,-1.1327737013446253,-4.6177828947650355,-4.890447918568746,0.6930469870567322,0.0,-0.0,0.0,0.0,0.0,0.0,0.0,0.0,0.0,0.0,0.0,0.0,0
1786496285,428770303,100.0,-1.7200225035296839,-1.7038291136371058,-1.1326897780047815,-4.61781877676119,-4.890447918568746,0.6930230259895325,0.0,-0.0,0.0,0.0,0.0,0.0,0.0,0.0,0.0,0.0,0.0,0.0,0
1786496285,449140548,100.0,-1.7200225035296839,-1.7037809530841272,-1.132749382649557,-4.6177348534213465,-4.890459958706991,0.6929990649223328,0.0,-0.0,0.0,0.0,0.0,0.0,0.0,0.0,0.0,0.0,0.0,0.0,0
1786496285,468726634,100.0,-1.720034424458639,-1.7038291136371058,-1.1327136198626917,-4.617746893559591,-4.890399638806478,0.6930350065231323,0.0,-0.0,0.0,0.0,0.0,0.0,0.0,0.0,0.0,0.0,0.0,0.0,0
1786496285,489158630,100.0,-1.720046345387594,-1.7037928740130823,-1.132761303578512,-4.617770854626791,-4.890435997639791,0.6929990649223328,0.0,-0.0,0.0,0.0,0.0,0.0,0.0,0.0,0.0,0.0,0.0,0.0,0
1786496285,508737325,100.0,-1.7199862639056605,-1.7038052717791956,-1.132761303578512,-4.6177348534213465,-4.890459958706991,0.6929990649223328,0.0,-0.0,0.0,0.0,0.0,0.0,0.0,0.0,0.0,0.0,0.0,0.0,0
1786496285,529302120,100.0,-1.7199981848346155,-1.7038167158709925,-1.1327737013446253,-4.6177348534213465,-4.890423957501547,0.6930469870567322,0.0,-0.0,0.0,0.0,0.0,0.0,0.0,0.0,0.0,0.0,0.0,0.0,0
1786496285,548854827,100.0,-1.7200225035296839,-1.7038052717791956,-1.132749382649557,-4.6177948156939905,-4.890423957501547,0.6930350065231323,0.0,-0.0,0.0,0.0,0.0,0.0,0.0,0.0,0.0,0.0,0.0,0.0,0
1786496285,568973779,100.0,-1.7199981848346155,-1.7037809530841272,-1.1327737013446253,-4.617806855832235,-4.890412036572592,0.6930469870567322,0.0,-0.0,0.0,0.0,0.0,0.0,0.0,0.0,0.0,0.0,0.0,0.0,0
1786496285,588835477,100.0,-1.7200701872455042,-1.7037690321551722,-1.1327255407916468,-4.617758814488546,-4.890483919774191,0.6929990649223328,0.0,-0.0,0.0,0.0,0.0,0.0,0.0,0.0,0.0,0.0,0.0,0.0,0
1786496285,608892917,100.0,-1.7200105826007288,-1.7038410345660608,-1.132761303578512,-4.6177948156939905,-4.890399638806478,0.6930469870567322,0.0,-0.0,0.0,0.0,0.0,0.0,0.0,0.0,0.0,0.0,0.0,0.0,0
1786496285,628856182,100.0,-1.7200225035296839,-1.7038052717791956,-1.1327016989337366,-4.6177828947650355,-4.890471879635946,0.6930469870567322,0.0,-0.0,0.0,0.0,0.0,0.0,0.0,0.0,0.0,0.0,0.0,0.0,0
1786496285,649836778,100.0,-1.7200225035296839,-1.7038052717791956,-1.132749382649557,-4.617722932492391,-4.890387598668234,0.693058967590332,0.0,-0.0,0.0,0.0,0.0,0.0,0.0,0.0,0.0,0.0,0.0,0.0,0
1786496285,668779373,100.0,-1.7199743429767054,-1.7037809530841272,-1.132749382649557,-4.617758814488546,-4.890423957501547,0.6930469870567322,0.0,-0.0,0.0,0.0,0.0,0.0,0.0,0.0,0.0,0.0,0.0,0.0,0
1786496285,689176321,100.0,-1.7200225035296839,-1.7037690321551722,-1.1327016989337366,-4.617722932492391,-4.890423957501547,0.6930110454559326,0.0,-0.0,0.0,0.0,0.0,0.0,0.0,0.0,0.0,0.0,0.0,0.0,0
1786496285,708727359,100.0,-1.7200582663165491,-1.7038052717791956,-1.1327374617206019,-4.617746893559591,-4.890447918568746,0.6930709481239319,0.0,-0.0,0.0,0.0,0.0,0.0,0.0,0.0,0.0,0.0,0.0,0.0,0
1786496285,729186058,100.0,-1.7199862639056605,-1.7037809530841272,-1.1326659361468714,-4.617758814488546,-4.890447918568746,0.6930350065231323,0.0,-0.0,0.0,0.0,0.0,0.0,0.0,0.0,0.0,0.0,0.0,0.0,0
1786496285,748890638,100.0,-1.7200225035296839,-1.7037928740130823,-1.132749382649557,-4.617722932492391,-4.890435997639791,0.6930469870567322,0.0,-0.0,0.0,0.0,0.0,0.0,0.0,0.0,0.0,0.0,0.0,0.0,0
1786496285,769079208,100.0,-1.720046345387594,-1.7038291136371058,-1.1327016989337366,-4.617758814488546,-4.890447918568746,0.6930829286575317,0.0,-0.0,0.0,0.0,0.0,0.0,0.0,0.0,0.0,0.0,0.0,0.0,0
1786496285,788810014,100.0,-1.7200105826007288,-1.7038410345660608,-1.132761303578512,-4.617746893559591,-4.890435997639791,0.6930350065231323,0.0,-0.0,0.0,0.0,0.0,0.0,0.0,0.0,0.0,0.0,0.0,0.0,0
1786496285,809189558,100.0,-1.7199862639056605,-1.703757111226217,-1.132761303578512,-4.6177828947650355,-4.890435997639791,0.6930110454559326,0.0,-0.0,0.0,0.0,0.0,0.0,0.0,0.0,0.0,0.0,0.0,0.0,0
1786496285,828840494,100.0,-1.720046345387594,-1.7038291136371058,-1.1326897780047815,-4.617758814488546,-4.890459958706991,0.6930350065231323,0.0,-0.0,0.0,0.0,0.0,0.0,0.0,0.0,0.0,0.0,0.0,0.0,0
1786496285,848823070,100.0,-1.7200225035296839,-1.7038291136371058,-1.1327016989337366,-4.617758814488546,-4.890459958706991,0.6930469870567322,0.0,-0.0,0.0,0.0,0.0,0.0,0.0,0.0,0.0,0.0,0.0,0.0,0
1786496285,868879079,100.0,-1.7200105826007288,-1.7038167158709925,-1.1326897780047815,-4.617770854626791,-4.890423957501547,0.6929870843887329,0.0,-0.0,0.0,0.0,0.0,0.0,0.0,0.0,0.0,0.0,0.0,0.0,0
1786496285,889018297,100.0,-1.7200225035296839,-1.7037928740130823,-1.132749382649557,-4.617758814488546,-4.890387598668234,0.6929990649223328,0.0,-0.0,0.0,0.0,0.0,0.0,0.0,0.0,0.0,0.0,0.0,0.0,0
1786496285,908736467,100.0,-1.7199624220477503,-1.7037928740130823,-1.1327136198626917,-4.617746893559591,-4.890412036572592,0.6930230259895325,0.0,-0.0,0.0,0.0,0.0,0.0,0.0,0.0,0.0,0.0,0.0,0.0,0
1786496285,929192304,100.0,-1.7200225035296839,-1.7038291136371058,-1.1327136198626917,-4.617830816899435,-4.890435997639791,0.6930469870567322,0.0,-0.0,0.0,0.0,0.0,0.0,0.0,0.0,0.0,0.0,0.0,0.0,0
1786496285,948857545,100.0,-1.720034424458639,-1.7037928740130823,-1.132761303578512,-4.617746893559591,-4.890435997639791,0.6930350065231323,0.0,-0.0,0.0,0.0,0.0,0.0,0.0,0.0,0.0,0.0,0.0,0.0,0
1786496285,969380855,100.0,-1.7199981848346155,-1.7037928740130823,-1.1327374617206019,-4.617770854626791,-4.890412036572592,0.693058967590332,0.0,-0.0,0.0,0.0,0.0,0.0,0.0,0.0,0.0,0.0,0.0,0.0,0
1786496285,988845586,100.0,-1.7200105826007288,-1.7038410345660608,-1.132749382649557,-4.617758814488546,-4.890412036572592,0.693058967590332,0.0,-0.0,0.0,0.0,0.0,0.0,0.0,0.0,0.0,0.0,0.0,0.0,0
1786496286,9050369,100.0,-1.7199743429767054,-1.7038291136371058,-1.1327374617206019,-4.617770854626791,-4.890387598668234,0.6930110454559326,0.0,-0.0,0.0,0.0,0.0,0.0,0.0,0.0,0.0,0.0,0.0,0.0,0
1786496286,28789281,100.0,-1.7199743429767054,-1.7038052717791956,-1.1327374617206019,-4.617770854626791,-4.890412036572592,0.6930469870567322,0.0,-0.0,0.0,0.0,0.0,0.0,0.0,0.0,0.0,0.0,0.0,0.0,0
1786496286,49115419,100.0,-1.720034424458639,-1.7038167158709925,-1.1327737013446253,-4.6177948156939905,-4.890423957501547,0.6930469870567322,0.0,-0.0,0.0,0.0,0.0,0.0,0.0,0.0,0.0,0.0,0.0,0.0,0
1786496286,68803071,100.0,-1.7200701872455042,-1.703757111226217,-1.1327374617206019,-4.6177948156939905,-4.890447918568746,0.6930350065231323,0.0,-0.0,0.0,0.0,0.0,0.0,0.0,0.0,0.0,0.0,0.0,0.0,0
1786496286,89164495,100.0,-1.720034424458639,-1.7037809530841272,-1.1327016989337366,-4.617758814488546,-4.890459958706991,0.6930350065231323,0.0,-0.0,0.0,0.0,0.0,0.0,0.0,0.0,0.0,0.0,0.0,0.0,0
1786496286,108766794,100.0,-1.7200105826007288,-1.7038167158709925,-1.1326897780047815,-4.617758814488546,-4.890435997639791,0.6930469870567322,0.0,-0.0,0.0,0.0,0.0,0.0,0.0,0.0,0.0,0.0,0.0,0.0,0
1786496286,129015445,100.0,-1.7200821081744593,-1.7038167158709925,-1.1327255407916468,-4.617758814488546,-4.890412036572592,0.6930709481239319,0.0,-0.0,0.0,0.0,0.0,0.0,0.0,0.0,0.0,0.0,0.0,0.0,0
1786496286,148863792,100.0,-1.7199981848346155,-1.7037928740130823,-1.1326897780047815,-4.617698971425192,-4.890435997639791,0.6930469870567322,0.0,-0.0,0.0,0.0,0.0,0.0,0.0,0.0,0.0,0.0,0.0,0.0,0
1786496286,169271707,100.0,-1.720046345387594,-1.703852955495016,-1.1327374617206019,-4.6177948156939905,-4.890447918568746,0.6930350065231323,0.0,-0.0,0.0,0.0,0.0,0.0,0.0,0.0,0.0,0.0,0.0,0.0,0
1786496286,188753366,100.0,-1.720046345387594,-1.7038052717791956,-1.1327374617206019,-4.617722932492391,-4.890387598668234,0.6930469870567322,0.0,-0.0,0.0,0.0,0.0,0.0,0.0,0.0,0.0,0.0,0.0,0.0,0
1786496286,209333658,100.0,-1.7200225035296839,-1.7037690321551722,-1.132749382649557,-4.617758814488546,-4.890399638806478,0.693058967590332,0.0,-0.0,0.0,0.0,0.0,0.0,0.0,0.0,0.0,0.0,0.0,0.0,0
1786496286,228860378,100.0,-1.720034424458639,-1.7038052717791956,-1.1327374617206019,-4.617746893559591,-4.890387598668234,0.6930350065231323,0.0,-0.0,0.0,0.0,0.0,0.0,0.0,0.0,0.0,0.0,0.0,0.0,0
1786496286,249477624,100.0,-1.7200225035296839,-1.7038167158709925,-1.132749382649557,-4.6177828947650355,-4.890412036572592,0.6930829286575317,0.0,-0.0,0.0,0.0,0.0,0.0,0.0,0.0,0.0,0.0,0.0,0.0,0
1786496286,268759965,100.0,-1.7199862639056605,-1.7037809530841272,-1.1327255407916468,-4.617746893559591,-4.890423957501547,0.6930230259895325,0.0,-0.0,0.0,0.0,0.0,0.0,0.0,0.0,0.0,0.0,0.0,0.0,0
1786496286,289057016,100.0,-1.7200225035296839,-1.7038052717791956,-1.1327136198626917,-4.6177828947650355,-4.890435997639791,0.693058967590332,0.0,-0.0,0.0,0.0,0.0,0.0,0.0,0.0,0.0,0.0,0.0,0.0,0
1786496286,308728694,100.0,-1.7199624220477503,-1.7038052717791956,-1.1327255407916468,-4.617722932492391,-4.890459958706991,0.693058967590332,0.0,-0.0,0.0,0.0,0.0,0.0,0.0,0.0,0.0,0.0,0.0,0.0,0
1786496286,329319477,100.0,-1.720034424458639,-1.7038052717791956,-1.1327136198626917,-4.617770854626791,-4.890447918568746,0.6930709481239319,0.0,-0.0,0.0,0.0,0.0,0.0,0.0,0.0,0.0,0.0,0.0,0.0,0
1786496286,348841667,100.0,-1.7199981848346155,-1.7038167158709925,-1.1327374617206019,-4.6177948156939905,-4.890399638806478,0.6930350065231323,0.0,-0.0,0.0,0.0,0.0,0.0,0.0,0.0,0.0,0.0,0.0,0.0,0
1786496286,369096755,100.0,-1.7199981848346155,-1.7037928740130823,-1.1327016989337366,-4.617770854626791,-4.890399638806478,0.6930230259895325,0.0,-0.0,0.0,0.0,0.0,0.0,0.0,0.0,0.0,0.0,0.0,0.0,0
1786496286,388759851,100.0,-1.720046345387594,-1.7038410345660608,-1.132749382649557,-4.6177348534213465,-4.890447918568746,0.6930469870567322,0.0,-0.0,0.0,0.0,0.0,0.0,0.0,0.0,0.0,0.0,0.0,0.0,0
1786496286,409012794,100.0,-1.7200225035296839,-1.703852955495016,-1.1327856222735804,-4.6177348534213465,-4.890399638806478,0.6929990649223328,0.0,-0.0,0.0,0.0,0.0,0.0,0.0,0.0,0.0,0.0,0.0,0.0,0
1786496286,428802490,100.0,-1.720046345387594,-1.7038167158709925,-1.1327136198626917,-4.617758814488546,-4.890423957501547,0.6930350065231323,0.0,-0.0,0.0,0.0,0.0,0.0,0.0,0.0,0.0,0.0,0.0,0.0,0
1786496286,449374675,100.0,-1.7200225035296839,-1.7038052717791956,-1.132749382649557,-4.617710892354147,-4.890435997639791,0.6929990649223328,0.0,-0.0,0.0,0.0,0.0,0.0,0.0,0.0,0.0,0.0,0.0,0.0,0
1786496286,468702554,100.0,-1.7200225035296839,-1.7038167158709925,-1.1326897780047815,-4.617770854626791,-4.890387598668234,0.6929870843887329,0.0,-0.0,0.0,0.0,0.0,0.0,0.0,0.0,0.0,0.0,0.0,0.0,0
1786496286,489076375,100.0,-1.7199981848346155,-1.7037809530841272,-1.1327374617206019,-4.617746893559591,-4.890447918568746,0.6930230259895325,0.0,-0.0,0.0,0.0,0.0,0.0,0.0,0.0,0.0,0.0,0.0,0.0,0
1786496286,508827924,100.0,-1.7200225035296839,-1.7038167158709925,-1.1326897780047815,-4.6177348534213465,-4.890447918568746,0.6930469870567322,0.0,-0.0,0.0,0.0,0.0,0.0,0.0,0.0,0.0,0.0,0.0,0.0,0
1786496286,528676271,100.0,-1.7200225035296839,-1.7038167158709925,-1.1327374617206019,-4.6177348534213465,-4.890459958706991,0.693058967590332,0.0,-0.0,0.0,0.0,0.0,0.0,0.0,0.0,0.0,0.0,0.0,0.0,0
1786496286,548914432,100.0,-1.7199743429767054,-1.7038052717791956,-1.1327255407916468,-4.617722932492391,-4.890447918568746,0.6929751038551331,0.0,-0.0,0.0,0.0,0.0,0.0,0.0,0.0,0.0,0.0,0.0,0.0,0
1786496286,569068193,100.0,-1.720034424458639,-1.7037690321551722,-1.1327136198626917,-4.617746893559591,-4.890399638806478,0.6930469870567322,0.0,-0.0,0.0,0.0,0.0,0.0,0.0,0.0,0.0,0.0,0.0,0.0,0
1786496286,588848352,100.0,-1.7200105826007288,-1.703757111226217,-1.1327255407916468,-4.617710892354147,-4.890412036572592,0.6930350065231323,0.0,-0.0,0.0,0.0,0.0,0.0,0.0,0.0,0.0,0.0,0.0,0.0,0
1786496286,608837366,100.0,-1.7200225035296839,-1.7038410345660608,-1.132761303578512,-4.6177828947650355,-4.890447918568746,0.6930829286575317,0.0,-0.0,0.0,0.0,0.0,0.0,0.0,0.0,0.0,0.0,0.0,0.0,0
1786496286,628850698,100.0,-1.720034424458639,-1.7038052717791956,-1.1327016989337366,-4.617758814488546,-4.890399638806478,0.6930709481239319,0.0,-0.0,0.0,0.0,0.0,0.0,0.0,0.0,0.0,0.0,0.0,0.0,0
1786496286,648851871,100.0,-1.7200105826007288,-1.7038052717791956,-1.132749382649557,-4.617806855832235,-4.890423957501547,0.6930230259895325,0.0,-0.0,0.0,0.0,0.0,0.0,0.0,0.0,0.0,0.0,0.0,0.0,0
1786496286,668846130,100.0,-1.720034424458639,-1.7038052717791956,-1.1327737013446253,-4.617758814488546,-4.890412036572592,0.6930709481239319,0.0,-0.0,0.0,0.0,0.0,0.0,0.0,0.0,0.0,0.0,0.0,0.0,0
1786496286,689286947,100.0,-1.7200225035296839,-1.703852955495016,-1.1327016989337366,-4.617758814488546,-4.890412036572592,0.6930469870567322,0.0,-0.0,0.0,0.0,0.0,0.0,0.0,0.0,0.0,0.0,0.0,0.0,0
1786496286,708769083,100.0,-1.7200225035296839,-1.7037928740130823,-1.1327374617206019,-4.617758814488546,-4.890399638806478,0.6930469870567322,0.0,-0.0,0.0,0.0,0.0,0.0,0.0,0.0,0.0,0.0,0.0,0.0,0
1786496286,729619026,100.0,-1.7200105826007288,-1.703757111226217,-1.132749382649557,-4.617746893559591,-4.890423957501547,0.6930350065231323,0.0,-0.0,0.0,0.0,0.0,0.0,0.0,0.0,0.0,0.0,0.0,0.0,0
1786496286,748832702,100.0,-1.7200105826007288,-1.7038167158709925,-1.132749382649557,-4.617746893559591,-4.890423957501547,0.6930469870567322,0.0,-0.0,0.0,0.0,0.0,0.0,0.0,0.0,0.0,0.0,0.0,0.0,0
1786496286,768977165,100.0,-1.7199981848346155,-1.7038052717791956,-1.1327374617206019,-4.61781877676119,-4.890435997639791,0.6930230259895325,0.0,-0.0,0.0,0.0,0.0,0.0,0.0,0.0,0.0,0.0,0.0,0.0,0
1786496286,788789033,100.0,-1.7200225035296839,-1.7037809530841272,-1.132749382649557,-4.617770854626791,-4.890447918568746,0.6930829286575317,0.0,-0.0,0.0,0.0,0.0,0.0,0.0,0.0,0.0,0.0,0.0,0.0,0
1786496286,809420108,100.0,-1.720046345387594,-1.7038291136371058,-1.1327136198626917,-4.617746893559591,-4.890399638806478,0.693058967590332,0.0,-0.0,0.0,0.0,0.0,0.0,0.0,0.0,0.0,0.0,0.0,0.0,0
1786496286,828889369,100.0,-1.7199981848346155,-1.7037809530841272,-1.132749382649557,-4.6177828947650355,-4.890459958706991,0.6929990649223328,0.0,-0.0,0.0,0.0,0.0,0.0,0.0,0.0,0.0,0.0,0.0,0.0,0
1786496286,849240541,100.0,-1.7199981848346155,-1.7037928740130823,-1.1327374617206019,-4.617746893559591,-4.890423957501547,0.6930709481239319,0.0,-0.0,0.0,0.0,0.0,0.0,0.0,0.0,0.0,0.0,0.0,0.0,0
1786496286,869050741,100.0,-1.7199862639056605,-1.7038052717791956,-1.132749382649557,-4.6177828947650355,-4.890375677739279,0.6930469870567322,0.0,-0.0,0.0,0.0,0.0,0.0,0.0,0.0,0.0,0.0,0.0,0.0,0
1786496286,889072179,100.0,-1.7200582663165491,-1.7038291136371058,-1.132749382649557,-4.617746893559591,-4.890447918568746,0.6930469870567322,0.0,-0.0,0.0,0.0,0.0,0.0,0.0,0.0,0.0,0.0,0.0,0.0,0
1786496286,908725500,100.0,-1.7200225035296839,-1.7037690321551722,-1.1327016989337366,-4.617770854626791,-4.890423957501547,0.6930230259895325,0.0,-0.0,0.0,0.0,0.0,0.0,0.0,0.0,0.0,0.0,0.0,0.0,0
1786496286,929200172,100.0,-1.7199862639056605,-1.7038291136371058,-1.132749382649557,-4.6177348534213465,-4.890412036572592,0.6930350065231323,0.0,-0.0,0.0,0.0,0.0,0.0,0.0,0.0,0.0,0.0,0.0,0.0,0
1786496286,948912382,100.0,-1.720034424458639,-1.7038052717791956,-1.132761303578512,-4.61781877676119,-4.890399638806478,0.6930230259895325,0.0,-0.0,0.0,0.0,0.0,0.0,0.0,0.0,0.0,0.0,0.0,0.0,0
1786496286,968958377,100.0,-1.7200582663165491,-1.7038410345660608,-1.132761303578512,-4.617770854626791,-4.890399638806478,0.693058967590332,0.0,-0.0,0.0,0.0,0.0,0.0,0.0,0.0,0.0,0.0,0.0,0.0,0
1786496286,988710403,100.0,-1.7200225035296839,-1.7038052717791956,-1.1327255407916468,-4.617758814488546,-4.890423957501547,0.6930469870567322,0.0,-0.0,0.0,0.0,0.0,0.0,0.0,0.0,0.0,0.0,0.0,0.0,0
1786496287,9076595,100.0,-1.7200105826007288,-1.703852955495016,-1.1326897780047815,-4.617770854626791,-4.890459958706991,0.6930469870567322,0.0,-0.0,0.0,0.0,0.0,0.0,0.0,0.0,0.0,0.0,0.0,0.0,0
1786496287,28778791,100.0,-1.7199743429767054,-1.7038167158709925,-1.132749382649557,-4.617722932492391,-4.890435997639791,0.6930709481239319,0.0,-0.0,0.0,0.0,0.0,0.0,0.0,0.0,0.0,0.0,0.0,0.0,0
1786496287,49039125,100.0,-1.7200582663165491,-1.703852955495016,-1.1327374617206019,-4.617806855832235,-4.890435997639791,0.6930110454559326,0.0,-0.0,0.0,0.0,0.0,0.0,0.0,0.0,0.0,0.0,0.0,0.0,0
1786496287,68876743,100.0,-1.7200105826007288,-1.7038052717791956,-1.1327374617206019,-4.617806855832235,-4.890447918568746,0.6930469870567322,0.0,-0.0,0.0,0.0,0.0,0.0,0.0,0.0,0.0,0.0,0.0,0.0,0
1786496287,89077949,100.0,-1.7200105826007288,-1.7038410345660608,-1.132749382649557,-4.617770854626791,-4.890483919774191,0.6930469870567322,0.0,-0.0,0.0,0.0,0.0,0.0,0.0,0.0,0.0,0.0,0.0,0.0,0
1786496287,108721256,100.0,-1.720034424458639,-1.7038052717791956,-1.1327374617206019,-4.617746893559591,-4.890423957501547,0.6930350065231323,0.0,-0.0,0.0,0.0,0.0,0.0,0.0,0.0,0.0,0.0,0.0,0.0,0
1786496287,129091024,100.0,-1.7199862639056605,-1.7037809530841272,-1.1327136198626917,-4.617722932492391,-4.890447918568746,0.6930110454559326,0.0,-0.0,0.0,0.0,0.0,0.0,0.0,0.0,0.0,0.0,0.0,0.0,0
1786496287,148856401,100.0,-1.720034424458639,-1.7037928740130823,-1.1327016989337366,-4.617770854626791,-4.890483919774191,0.6930110454559326,0.0,-0.0,0.0,0.0,0.0,0.0,0.0,0.0,0.0,0.0,0.0,0.0,0
1786496287,169052362,100.0,-1.7199743429767054,-1.7038052717791956,-1.1327374617206019,-4.617770854626791,-4.890435997639791,0.6930469870567322,0.0,-0.0,0.0,0.0,0.0,0.0,0.0,0.0,0.0,0.0,0.0,0.0,0
1786496287,188767910,100.0,-1.720046345387594,-1.7037928740130823,-1.1327255407916468,-4.6177948156939905,-4.890459958706991,0.6929990649223328,0.0,-0.0,0.0,0.0,0.0,0.0,0.0,0.0,0.0,0.0,0.0,0.0,0
1786496287,208889484,100.0,-1.7200582663165491,-1.7037809530841272,-1.1326897780047815,-4.6177348534213465,-4.890459958706991,0.6930350065231323,0.0,-0.0,0.0,0.0,0.0,0.0,0.0,0.0,0.0,0.0,0.0,0.0,0
1786496287,228850126,100.0,-1.7199981848346155,-1.7038052717791956,-1.1327016989337366,-4.6177828947650355,-4.890447918568746,0.6929990649223328,0.0,-0.0,0.0,0.0,0.0,0.0,0.0,0.0,0.0,0.0,0.0,0.0,0
1786496287,249179601,100.0,-1.7200225035296839,-1.7037809530841272,-1.132761303578512,-4.6177828947650355,-4.890447918568746,0.6929990649223328,0.0,-0.0,0.0,0.0,0.0,0.0,0.0,0.0,0.0,0.0,0.0,0.0,0
1786496287,268803596,100.0,-1.720046345387594,-1.703864876423971,-1.132749382649557,-4.617758814488546,-4.890399638806478,0.6929990649223328,0.0,-0.0,0.0,0.0,0.0,0.0,0.0,0.0,0.0,0.0,0.0,0.0,0
1786496287,289562702,100.0,-1.7199862639056605,-1.7038052717791956,-1.1327856222735804,-4.617770854626791,-4.890435997639791,0.6930350065231323,0.0,-0.0,0.0,0.0,0.0,0.0,0.0,0.0,0.0,0.0,0.0,0.0,0
1786496287,308803081,100.0,-1.720046345387594,-1.7038291136371058,-1.1327136198626917,-4.617770854626791,-4.890399638806478,0.6930350065231323,0.0,-0.0,0.0,0.0,0.0,0.0,0.0,0.0,0.0,0.0,0.0,0.0,0
1786496287,328945875,100.0,-1.7199862639056605,-1.7038291136371058,-1.1327255407916468,-4.617710892354147,-4.890447918568746,0.693058967590332,0.0,-0.0,0.0,0.0,0.0,0.0,0.0,0.0,0.0,0.0,0.0,0.0,0
1786496287,348848819,100.0,-1.7200105826007288,-1.7037928740130823,-1.1327255407916468,-4.6177948156939905,-4.890459958706991,0.6930350065231323,0.0,-0.0,0.0,0.0,0.0,0.0,0.0,0.0,0.0,0.0,0.0,0.0,0
1786496287,369177818,100.0,-1.7199862639056605,-1.7037809530841272,-1.1327374617206019,-4.617758814488546,-4.890447918568746,0.6930350065231323,0.0,-0.0,0.0,0.0,0.0,0.0,0.0,0.0,0.0,0.0,0.0,0.0,0
1786496287,388744115,100.0,-1.7200582663165491,-1.7038052717791956,-1.1327136198626917,-4.617758814488546,-4.890412036572592,0.693058967590332,0.0,-0.0,0.0,0.0,0.0,0.0,0.0,0.0,0.0,0.0,0.0,0.0,0
1786496287,409263134,100.0,-1.7200701872455042,-1.7038167158709925,-1.1327255407916468,-4.6177948156939905,-4.890435997639791,0.6929990649223328,0.0,-0.0,0.0,0.0,0.0,0.0,0.0,0.0,0.0,0.0,0.0,0.0,0
1786496287,428814888,100.0,-1.720034424458639,-1.7038167158709925,-1.132749382649557,-4.617758814488546,-4.890423957501547,0.6930709481239319,0.0,-0.0,0.0,0.0,0.0,0.0,0.0,0.0,0.0,0.0,0.0,0.0,0
1786496287,449272394,100.0,-1.7200105826007288,-1.7038167158709925,-1.1326659361468714,-4.6177948156939905,-4.890447918568746,0.6929990649223328,0.0,-0.0,0.0,0.0,0.0,0.0,0.0,0.0,0.0,0.0,0.0,0.0,0
1786496287,468790054,100.0,-1.720034424458639,-1.7038052717791956,-1.132749382649557,-4.617770854626791,-4.890471879635946,0.6930350065231323,0.0,-0.0,0.0,0.0,0.0,0.0,0.0,0.0,0.0,0.0,0.0,0.0,0
1786496287,489556550,100.0,-1.720034424458639,-1.7038167158709925,-1.1327136198626917,-4.6177348534213465,-4.890375677739279,0.6930469870567322,0.0,-0.0,0.0,0.0,0.0,0.0,0.0,0.0,0.0,0.0,0.0,0.0,0
1786496287,508825302,100.0,-1.7200105826007288,-1.7038167158709925,-1.1327255407916468,-4.6177828947650355,-4.890435997639791,0.6929990649223328,0.0,-0.0,0.0,0.0,0.0,0.0,0.0,0.0,0.0,0.0,0.0,0.0,0
1786496287,529205322,100.0,-1.7199862639056605,-1.7038167158709925,-1.1327255407916468,-4.617770854626791,-4.890423957501547,0.6930230259895325,0.0,-0.0,0.0,0.0,0.0,0.0,0.0,0.0,0.0,0.0,0.0,0.0,0
1786496287,548911333,100.0,-1.7200105826007288,-1.7038291136371058,-1.1327255407916468,-4.617770854626791,-4.890447918568746,0.6929990649223328,0.0,-0.0,0.0,0.0,0.0,0.0,0.0,0.0,0.0,0.0,0.0,0.0,0
1786496287,569450855,100.0,-1.7199862639056605,-1.7037809530841272,-1.1327136198626917,-4.617770854626791,-4.890375677739279,0.6930110454559326,0.0,-0.0,0.0,0.0,0.0,0.0,0.0,0.0,0.0,0.0,0.0,0.0,0
1786496287,588812589,100.0,-1.7200225035296839,-1.7037809530841272,-1.132749382649557,-4.6177828947650355,-4.890412036572592,0.6929990649223328,0.0,-0.0,0.0,0.0,0.0,0.0,0.0,0.0,0.0,0.0,0.0,0.0,0
1786496287,609473943,100.0,-1.7200225035296839,-1.7038167158709925,-1.1327374617206019,-4.617770854626791,-4.890435997639791,0.693058967590332,0.0,-0.0,0.0,0.0,0.0,0.0,0.0,0.0,0.0,0.0,0.0,0.0,0
1786496287,628731727,100.0,-1.7199981848346155,-1.7038291136371058,-1.132749382649557,-4.617758814488546,-4.890412036572592,0.6930110454559326,0.0,-0.0,0.0,0.0,0.0,0.0,0.0,0.0,0.0,0.0,0.0,0.0,0
1786496287,649656057,100.0,-1.720034424458639,-1.7038291136371058,-1.1327374617206019,-4.6177828947650355,-4.890423957501547,0.6930230259895325,0.0,-0.0,0.0,0.0,0.0,0.0,0.0,0.0,0.0,0.0,0.0,0.0,0
1786496287,668759584,100.0,-1.7200225035296839,-1.7038167158709925,-1.132749382649557,-4.6177348534213465,-4.890412036572592,0.6930350065231323,0.0,-0.0,0.0,0.0,0.0,0.0,0.0,0.0,0.0,0.0,0.0,0.0,0
1786496287,689184427,100.0,-1.7200105826007288,-1.7038167158709925,-1.1327255407916468,-4.617758814488546,-4.890435997639791,0.6930230259895325,0.0,-0.0,0.0,0.0,0.0,0.0,0.0,0.0,0.0,0.0,0.0,0.0,0
1786496287,708847522,100.0,-1.7199862639056605,-1.7038052717791956,-1.1327136198626917,-4.6177348534213465,-4.890459958706991,0.6930230259895325,0.0,-0.0,0.0,0.0,0.0,0.0,0.0,0.0,0.0,0.0,0.0,0.0,0
1786496287,729801893,100.0,-1.7199862639056605,-1.703864876423971,-1.1327374617206019,-4.617722932492391,-4.890412036572592,0.6930709481239319,0.0,-0.0,0.0,0.0,0.0,0.0,0.0,0.0,0.0,0.0,0.0,0.0,0
1786496287,748824834,100.0,-1.720034424458639,-1.7038291136371058,-1.1327016989337366,-4.6177948156939905,-4.890435997639791,0.6930230259895325,0.0,-0.0,0.0,0.0,0.0,0.0,0.0,0.0,0.0,0.0,0.0,0.0,0
1786496287,769174098,100.0,-1.720046345387594,-1.703852955495016,-1.1327136198626917,-4.617746893559591,-4.890423957501547,0.6930110454559326,0.0,-0.0,0.0,0.0,0.0,0.0,0.0,0.0,0.0,0.0,0.0,0.0,0
1786496287,788721084,100.0,-1.7200225035296839,-1.7037809530841272,-1.1327136198626917,-4.617722932492391,-4.890435997639791,0.6930469870567322,0.0,-0.0,0.0,0.0,0.0,0.0,0.0,0.0,0.0,0.0,0.0,0.0,0
1786496287,808962821,100.0,-1.7199981848346155,-1.7037928740130823,-1.1327255407916468,-4.617770854626791,-4.890412036572592,0.6930469870567322,0.0,-0.0,0.0,0.0,0.0,0.0,0.0,0.0,0.0,0.0,0.0,0.0,0
1786496287,828807353,100.0,-1.720046345387594,-1.7038052717791956,-1.132761303578512,-4.6177828947650355,-4.890387598668234,0.6930949091911316,0.0,-0.0,0.0,0.0,0.0,0.0,0.0,0.0,0.0,0.0,0.0,0.0,0
1786496287,849334716,100.0,-1.720034424458639,-1.7038052717791956,-1.1327016989337366,-4.6177348534213465,-4.890387598668234,0.6930230259895325,0.0,-0.0,0.0,0.0,0.0,0.0,0.0,0.0,0.0,0.0,0.0,0.0,0
1786496287,868771314,100.0,-1.7200582663165491,-1.703852955495016,-1.1327136198626917,-4.6177948156939905,-4.890399638806478,0.693058967590332,0.0,-0.0,0.0,0.0,0.0,0.0,0.0,0.0,0.0,0.0,0.0,0.0,0
1786496287,889043569,100.0,-1.7200225035296839,-1.7038052717791956,-1.132749382649557,-4.617758814488546,-4.890435997639791,0.6930350065231323,0.0,-0.0,0.0,0.0,0.0,0.0,0.0,0.0,0.0,0.0,0.0,0.0,0
1786496287,908849477,100.0,-1.720034424458639,-1.7037928740130823,-1.1327374617206019,-4.617770854626791,-4.890423957501547,0.6930469870567322,0.0,-0.0,0.0,0.0,0.0,0.0,0.0,0.0,0.0,0.0,0.0,0.0,0
1786496287,929162979,100.0,-1.7200582663165491,-1.7038052717791956,-1.1327737013446253,-4.6177348534213465,-4.890471879635946,0.6930110454559326,0.0,-0.0,0.0,0.0,0.0,0.0,0.0,0.0,0.0,0.0,0.0,0.0,0
1786496287,948839902,100.0,-1.7199981848346155,-1.7038167158709925,-1.132761303578512,-4.6177348534213465,-4.890447918568746,0.6930230259895325,0.0,-0.0,0.0,0.0,0.0,0.0,0.0,0.0,0.0,0.0,0.0,0.0,0
1786496287,969120979,100.0,-1.720034424458639,-1.703852955495016,-1.132749382649557,-4.617758814488546,-4.890435997639791,0.6929990649223328,0.0,-0.0,0.0,0.0,0.0,0.0,0.0,0.0,0.0,0.0,0.0,0.0,0
1786496287,988745450,100.0,-1.720034424458639,-1.7038291136371058,-1.132749382649557,-4.617746893559591,-4.890387598668234,0.6930469870567322,0.0,-0.0,0.0,0.0,0.0,0.0,0.0,0.0,0.0,0.0,0.0,0.0,0
1786496288,8972883,100.0,-1.720034424458639,-1.7038410345660608,-1.1327016989337366,-4.617722932492391,-4.890423957501547,0.6930469870567322,0.0,-0.0,0.0,0.0,0.0,0.0,0.0,0.0,0.0,0.0,0.0,0.0,0
1786496288,28764486,100.0,-1.720046345387594,-1.703757111226217,-1.132761303578512,-4.617770854626791,-4.890423957501547,0.6929990649223328,0.0,-0.0,0.0,0.0,0.0,0.0,0.0,0.0,0.0,0.0,0.0,0.0,0
1786496288,49112081,100.0,-1.7199981848346155,-1.7038291136371058,-1.1327016989337366,-4.617770854626791,-4.890435997639791,0.6930469870567322,0.0,-0.0,0.0,0.0,0.0,0.0,0.0,0.0,0.0,0.0,0.0,0.0,0
1786496288,68809747,100.0,-1.7200225035296839,-1.7038410345660608,-1.1327255407916468,-4.617770854626791,-4.890447918568746,0.6929990649223328,0.0,-0.0,0.0,0.0,0.0,0.0,0.0,0.0,0.0,0.0,0.0,0.0,0
1786496288,89215517,100.0,-1.720034424458639,-1.7038052717791956,-1.1327255407916468,-4.617722932492391,-4.890423957501547,0.6929990649223328,0.0,-0.0,0.0,0.0,0.0,0.0,0.0,0.0,0.0,0.0,0.0,0.0,0
1786496288,108812332,100.0,-1.7200105826007288,-1.7037928740130823,-1.1327374617206019,-4.6177828947650355,-4.890399638806478,0.6930110454559326,0.0,-0.0,0.0,0.0,0.0,0.0,0.0,0.0,0.0,0.0,0.0,0.0,0
1786496288,129395246,100.0,-1.7200105826007288,-1.7038410345660608,-1.1327374617206019,-4.6177828947650355,-4.890412036572592,0.693058967590332,0.0,-0.0,0.0,0.0,0.0,0.0,0.0,0.0,0.0,0.0,0.0,0.0,0
1786496288,148822069,100.0,-1.720034424458639,-1.7038052717791956,-1.132761303578512,-4.617746893559591,-4.890423957501547,0.6930350065231323,0.0,-0.0,0.0,0.0,0.0,0.0,0.0,0.0,0.0,0.0,0.0,0.0,0
1786496288,169079065,100.0,-1.720046345387594,-1.7038167158709925,-1.1327255407916468,-4.617746893559591,-4.890423957501547,0.6930230259895325,0.0,-0.0,0.0,0.0,0.0,0.0,0.0,0.0,0.0,0.0,0.0,0.0,0
1786496288,188808679,100.0,-1.7199862639056605,-1.7037928740130823,-1.1326897780047815,-4.61781877676119,-4.890412036572592,0.6930230259895325,0.0,-0.0,0.0,0.0,0.0,0.0,0.0,0.0,0.0,0.0,0.0,0.0,0
1786496288,209199190,100.0,-1.720046345387594,-1.7037690321551722,-1.1326659361468714,-4.6177948156939905,-4.890399638806478,0.6930350065231323,0.0,-0.0,0.0,0.0,0.0,0.0,0.0,0.0,0.0,0.0,0.0,0.0,0
1786496288,228669881,100.0,-1.7200105826007288,-1.7037809530841272,-1.1327255407916468,-4.617806855832235,-4.890412036572592,0.6930230259895325,0.0,-0.0,0.0,0.0,0.0,0.0,0.0,0.0,0.0,0.0,0.0,0.0,0
1786496288,249109745,100.0,-1.7199862639056605,-1.7038052717791956,-1.1327374617206019,-4.6177348534213465,-4.890399638806478,0.6930709481239319,0.0,-0.0,0.0,0.0,0.0,0.0,0.0,0.0,0.0,0.0,0.0,0.0,0
1786496288,268799543,100.0,-1.720046345387594,-1.7037928740130823,-1.132749382649557,-4.617722932492391,-4.890412036572592,0.6930709481239319,0.0,-0.0,0.0,0.0,0.0,0.0,0.0,0.0,0.0,0.0,0.0,0.0,0
1786496288,289083480,100.0,-1.720046345387594,-1.7037928740130823,-1.1327374617206019,-4.6177348534213465,-4.890412036572592,0.6929870843887329,0.0,-0.0,0.0,0.0,0.0,0.0,0.0,0.0,0.0,0.0,0.0,0.0,0
1786496288,308881998,100.0,-1.7200105826007288,-1.7037928740130823,-1.132761303578512,-4.6177348534213465,-4.890435997639791,0.6930350065231323,0.0,-0.0,0.0,0.0,0.0,0.0,0.0,0.0,0.0,0.0,0.0,0.0,0
1786496288,329019308,100.0,-1.720034424458639,-1.7037928740130823,-1.132749382649557,-4.6177828947650355,-4.890375677739279,0.693058967590332,0.0,-0.0,0.0,0.0,0.0,0.0,0.0,0.0,0.0,0.0,0.0,0.0,0
1786496288,348849296,100.0,-1.720034424458639,-1.7037928740130823,-1.1327255407916468,-4.617770854626791,-4.890387598668234,0.6930709481239319,0.0,-0.0,0.0,0.0,0.0,0.0,0.0,0.0,0.0,0.0,0.0,0.0,0
1786496288,369204044,100.0,-1.7200225035296839,-1.703757111226217,-1.132749382649557,-4.6177828947650355,-4.890423957501547,0.6930709481239319,0.0,-0.0,0.0,0.0,0.0,0.0,0.0,0.0,0.0,0.0,0.0,0.0,0
1786496288,388761281,100.0,-1.7200105826007288,-1.7038291136371058,-1.1327374617206019,-4.617770854626791,-4.890447918568746,0.6930469870567322,0.0,-0.0,0.0,0.0,0.0,0.0,0.0,0.0,0.0,0.0,0.0,0.0,0
1786496288,409284591,100.0,-1.720034424458639,-1.7038052717791956,-1.1327255407916468,-4.617770854626791,-4.890483919774191,0.6930230259895325,0.0,-0.0,0.0,0.0,0.0,0.0,0.0,0.0,0.0,0.0,0.0,0.0,0
1786496288,428770780,100.0,-1.7199981848346155,-1.7037928740130823,-1.1327374617206019,-4.6177948156939905,-4.890447918568746,0.6930230259895325,0.0,-0.0,0.0,0.0,0.0,0.0,0.0,0.0,0.0,0.0,0.0,0.0,0
1786496288,449851274,100.0,-1.7200105826007288,-1.7038291136371058,-1.1327136198626917,-4.6177828947650355,-4.890447918568746,0.6930350065231323,0.0,-0.0,0.0,0.0,0.0,0.0,0.0,0.0,0.0,0.0,0.0,0.0,0
1786496288,468767881,100.0,-1.720046345387594,-1.7038291136371058,-1.1327374617206019,-4.617770854626791,-4.890471879635946,0.6930230259895325,0.0,-0.0,0.0,0.0,0.0,0.0,0.0,0.0,0.0,0.0,0.0,0.0,0
1786496288,489100456,100.0,-1.7200105826007288,-1.7038167158709925,-1.132749382649557,-4.617770854626791,-4.890423957501547,0.6930469870567322,0.0,-0.0,0.0,0.0,0.0,0.0,0.0,0.0,0.0,0.0,0.0,0.0,0
1786496288,508781194,100.0,-1.7200105826007288,-1.7037928740130823,-1.132749382649557,-4.6177948156939905,-4.890412036572592,0.6930110454559326,0.0,-0.0,0.0,0.0,0.0,0.0,0.0,0.0,0.0,0.0,0.0,0.0,0
1786496288,528998136,100.0,-1.7200582663165491,-1.7037928740130823,-1.132761303578512,-4.617770854626791,-4.890412036572592,0.6930469870567322,0.0,-0.0,0.0,0.0,0.0,0.0,0.0,0.0,0.0,0.0,0.0,0.0,0
1786496288,548847913,100.0,-1.7199981848346155,-1.7037928740130823,-1.1327016989337366,-4.617746893559591,-4.890435997639791,0.6930230259895325,0.0,-0.0,0.0,0.0,0.0,0.0,0.0,0.0,0.0,0.0,0.0,0.0,0
1786496288,568897962,100.0,-1.7199862639056605,-1.7038052717791956,-1.132749382649557,-4.617758814488546,-4.890459958706991,0.6930350065231323,0.0,-0.0,0.0,0.0,0.0,0.0,0.0,0.0,0.0,0.0,0.0,0.0,0
1786496288,588781595,100.0,-1.720046345387594,-1.7037809530841272,-1.1327737013446253,-4.617770854626791,-4.890435997639791,0.6930469870567322,0.0,-0.0,0.0,0.0,0.0,0.0,0.0,0.0,0.0,0.0,0.0,0.0,0
1786496288,608860492,100.0,-1.7200105826007288,-1.7038410345660608,-1.1327374617206019,-4.617770854626791,-4.890471879635946,0.6930469870567322,0.0,-0.0,0.0,0.0,0.0,0.0,0.0,0.0,0.0,0.0,0.0,0.0,0
1786496288,628839969,100.0,-1.7200225035296839,-1.7038410345660608,-1.132749382649557,-4.617758814488546,-4.890412036572592,0.6929990649223328,0.0,-0.0,0.0,0.0,0.0,0.0,0.0,0.0,0.0,0.0,0.0,0.0,0
1786496288,649478435,100.0,-1.7200821081744593,-1.7038410345660608,-1.1326897780047815,-4.617758814488546,-4.890412036572592,0.6930350065231323,0.0,-0.0,0.0,0.0,0.0,0.0,0.0,0.0,0.0,0.0,0.0,0.0,0
1786496288,668745994,100.0,-1.7199981848346155,-1.703852955495016,-1.1327374617206019,-4.6177348534213465,-4.890399638806478,0.6930469870567322,0.0,-0.0,0.0,0.0,0.0,0.0,0.0,0.0,0.0,0.0,0.0,0.0,0
1786496288,689371824,100.0,-1.7200105826007288,-1.7038291136371058,-1.1326897780047815,-4.617758814488546,-4.890471879635946,0.6930230259895325,0.0,-0.0,0.0,0.0,0.0,0.0,0.0,0.0,0.0,0.0,0.0,0.0,0
1786496288,708773612,100.0,-1.7200105826007288,-1.7037809530841272,-1.1327016989337366,-4.617722932492391,-4.890447918568746,0.693058967590332,0.0,-0.0,0.0,0.0,0.0,0.0,0.0,0.0,0.0,0.0,0.0,0.0,0
1786496288,729540586,100.0,-1.7200582663165491,-1.7038410345660608,-1.1327255407916468,-4.6177948156939905,-4.890412036572592,0.6930230259895325,0.0,-0.0,0.0,0.0,0.0,0.0,0.0,0.0,0.0,0.0,0.0,0.0,0
1786496288,748859405,100.0,-1.720046345387594,-1.7037809530841272,-1.132749382649557,-4.6177348534213465,-4.890459958706991,0.6930230259895325,0.0,-0.0,0.0,0.0,0.0,0.0,0.0,0.0,0.0,0.0,0.0,0.0,0
1786496288,769081830,100.0,-1.7200582663165491,-1.7038167158709925,-1.1327255407916468,-4.617746893559591,-4.890423957501547,0.6930350065231323,0.0,-0.0,0.0,0.0,0.0,0.0,0.0,0.0,0.0,0.0,0.0,0.0,0
1786496288,788813829,100.0,-1.7200582663165491,-1.7038052717791956,-1.1327136198626917,-4.617770854626791,-4.890447918568746,0.6930469870567322,0.0,-0.0,0.0,0.0,0.0,0.0,0.0,0.0,0.0,0.0,0.0,0.0,0
1786496288,809139013,100.0,-1.7199981848346155,-1.7038291136371058,-1.1327374617206019,-4.617770854626791,-4.890435997639791,0.6930709481239319,0.0,-0.0,0.0,0.0,0.0,0.0,0.0,0.0,0.0,0.0,0.0,0.0,0
1786496288,828780889,100.0,-1.7200225035296839,-1.7037690321551722,-1.132761303578512,-4.617770854626791,-4.890459958706991,0.6929990649223328,0.0,-0.0,0.0,0.0,0.0,0.0,0.0,0.0,0.0,0.0,0.0,0.0,0
1786496288,849170207,100.0,-1.7199981848346155,-1.7038052717791956,-1.1327737013446253,-4.6177828947650355,-4.890399638806478,0.6930469870567322,0.0,-0.0,0.0,0.0,0.0,0.0,0.0,0.0,0.0,0.0,0.0,0.0,0
1786496288,868855953,100.0,-1.7199862639056605,-1.7038291136371058,-1.1326773802386683,-4.617770854626791,-4.890459958706991,0.6930110454559326,0.0,-0.0,0.0,0.0,0.0,0.0,0.0,0.0,0.0,0.0,0.0,0.0,0
1786496288,888896465,100.0,-1.7200225035296839,-1.7038167158709925,-1.1327374617206019,-4.617770854626791,-4.890412036572592,0.6930230259895325,0.0,-0.0,0.0,0.0,0.0,0.0,0.0,0.0,0.0,0.0,0.0,0.0,0
1786496288,908788681,100.0,-1.720034424458639,-1.7038052717791956,-1.1327255407916468,-4.6177828947650355,-4.890412036572592,0.6929990649223328,0.0,-0.0,0.0,0.0,0.0,0.0,0.0,0.0,0.0,0.0,0.0,0.0,0
1786496288,928934335,100.0,-1.7200105826007288,-1.703757111226217,-1.1327136198626917,-4.6177828947650355,-4.890399638806478,0.6930230259895325,0.0,-0.0,0.0,0.0,0.0,0.0,0.0,0.0,0.0,0.0,0.0,0.0,0
1786496288,948924303,100.0,-1.720034424458639,-1.7038167158709925,-1.1327136198626917,-4.617710892354147,-4.890459958706991,0.6930110454559326,0.0,-0.0,0.0,0.0,0.0,0.0,0.0,0.0,0.0,0.0,0.0,0.0,0
1786496288,969228029,100.0,-1.7200225035296839,-1.7037928740130823,-1.1327016989337366,-4.6177828947650355,-4.890412036572592,0.6930230259895325,0.0,-0.0,0.0,0.0,0.0,0.0,0.0,0.0,0.0,0.0,0.0,0.0,0
1786496288,988761901,100.0,-1.7199624220477503,-1.7037928740130823,-1.1327374617206019,-4.617746893559591,-4.890412036572592,0.6930829286575317,0.0,-0.0,0.0,0.0,0.0,0.0,0.0,0.0,0.0,0.0,0.0,0.0,0
1786496289,9080648,100.0,-1.720046345387594,-1.7038167158709925,-1.132749382649557,-4.617758814488546,-4.890447918568746,0.6930230259895325,0.0,-0.0,0.0,0.0,0.0,0.0,0.0,0.0,0.0,0.0,0.0,0.0,0
1786496289,28823852,100.0,-1.7199981848346155,-1.7037809530841272,-1.1327255407916468,-4.6177948156939905,-4.890459958706991,0.6930469870567322,0.0,-0.0,0.0,0.0,0.0,0.0,0.0,0.0,0.0,0.0,0.0,0.0,0
1786496289,49332618,100.0,-1.720046345387594,-1.703864876423971,-1.132761303578512,-4.617758814488546,-4.890412036572592,0.6929990649223328,0.0,-0.0,0.0,0.0,0.0,0.0,0.0,0.0,0.0,0.0,0.0,0.0,0
1786496289,68724155,100.0,-1.7200582663165491,-1.7038052717791956,-1.1327136198626917,-4.617710892354147,-4.890375677739279,0.6930110454559326,0.0,-0.0,0.0,0.0,0.0,0.0,0.0,0.0,0.0,0.0,0.0,0.0,0
1786496289,89212894,100.0,-1.7200105826007288,-1.7038410345660608,-1.1327136198626917,-4.6177348534213465,-4.890447918568746,0.693058967590332,0.0,-0.0,0.0,0.0,0.0,0.0,0.0,0.0,0.0,0.0,0.0,0.0,0
1786496289,108754396,100.0,-1.7199862639056605,-1.7038410345660608,-1.132749382649557,-4.6177948156939905,-4.890435997639791,0.6930230259895325,0.0,-0.0,0.0,0.0,0.0,0.0,0.0,0.0,0.0,0.0,0.0,0.0,0
1786496289,129155874,100.0,-1.7199981848346155,-1.7038052717791956,-1.1326897780047815,-4.617758814488546,-4.890423957501547,0.6929990649223328,0.0,-0.0,0.0,0.0,0.0,0.0,0.0,0.0,0.0,0.0,0.0,0.0,0
1786496289,148956298,100.0,-1.720046345387594,-1.7038291136371058,-1.1327374617206019,-4.617746893559591,-4.890399638806478,0.6930230259895325,0.0,-0.0,0.0,0.0,0.0,0.0,0.0,0.0,0.0,0.0,0.0,0.0,0
1786496289,169059991,100.0,-1.720034424458639,-1.703757111226217,-1.1326897780047815,-4.6177828947650355,-4.890412036572592,0.6930230259895325,0.0,-0.0,0.0,0.0,0.0,0.0,0.0,0.0,0.0,0.0,0.0,0.0,0
1786496289,188845396,100.0,-1.7200225035296839,-1.7037928740130823,-1.1327737013446253,-4.6177828947650355,-4.890423957501547,0.6930230259895325,0.0,-0.0,0.0,0.0,0.0,0.0,0.0,0.0,0.0,0.0,0.0,0.0,0
1786496289,208968400,100.0,-1.7200105826007288,-1.7038167158709925,-1.1327136198626917,-4.617758814488546,-4.890423957501547,0.6929990649223328,0.0,-0.0,0.0,0.0,0.0,0.0,0.0,0.0,0.0,0.0,0.0,0.0,0
1786496289,228783845,100.0,-1.7199981848346155,-1.7037809530841272,-1.132749382649557,-4.617722932492391,-4.890399638806478,0.6930469870567322,0.0,-0.0,0.0,0.0,0.0,0.0,0.0,0.0,0.0,0.0,0.0,0.0,0
1786496289,249647617,100.0,-1.7200105826007288,-1.7038410345660608,-1.132749382649557,-4.6177828947650355,-4.890399638806478,0.6930469870567322,0.0,-0.0,0.0,0.0,0.0,0.0,0.0,0.0,0.0,0.0,0.0,0.0,0
1786496289,268764257,100.0,-1.7199862639056605,-1.7037928740130823,-1.1327374617206019,-4.617746893559591,-4.890447918568746,0.6930469870567322,0.0,-0.0,0.0,0.0,0.0,0.0,0.0,0.0,0.0,0.0,0.0,0.0,0
1786496289,289273262,100.0,-1.720034424458639,-1.7037928740130823,-1.1327374617206019,-4.617770854626791,-4.890412036572592,0.6930350065231323,0.0,-0.0,0.0,0.0,0.0,0.0,0.0,0.0,0.0,0.0,0.0,0.0,0
1786496289,308785200,100.0,-1.7200225035296839,-1.7037809530841272,-1.1327016989337366,-4.6177348534213465,-4.890423957501547,0.6930469870567322,0.0,-0.0,0.0,0.0,0.0,0.0,0.0,0.0,0.0,0.0,0.0,0.0,0
1786496289,329102277,100.0,-1.7200582663165491,-1.7037928740130823,-1.1327374617206019,-4.6177828947650355,-4.890423957501547,0.6930350065231323,0.0,-0.0,0.0,0.0,0.0,0.0,0.0,0.0,0.0,0.0,0.0,0.0,0
1786496289,348847627,100.0,-1.7200105826007288,-1.7038291136371058,-1.1327136198626917,-4.617722932492391,-4.890399638806478,0.6930350065231323,0.0,-0.0,0.0,0.0,0.0,0.0,0.0,0.0,0.0,0.0,0.0,0.0,0
1786496289,369083642,100.0,-1.720046345387594,-1.7038052717791956,-1.1326773802386683,-4.617770854626791,-4.890399638806478,0.693058967590332,0.0,-0.0,0.0,0.0,0.0,0.0,0.0,0.0,0.0,0.0,0.0,0.0,0
1786496289,388728380,100.0,-1.7199862639056605,-1.7038167158709925,-1.132761303578512,-4.617746893559591,-4.890423957501547,0.6930829286575317,0.0,-0.0,0.0,0.0,0.0,0.0,0.0,0.0,0.0,0.0,0.0,0.0,0
1786496289,409018039,100.0,-1.7199981848346155,-1.7037809530841272,-1.132749382649557,-4.617770854626791,-4.890412036572592,0.6930469870567322,0.0,-0.0,0.0,0.0,0.0,0.0,0.0,0.0,0.0,0.0,0.0,0.0,0
1786496289,428839206,100.0,-1.7200105826007288,-1.7038167158709925,-1.1327016989337366,-4.617758814488546,-4.890399638806478,0.6930350065231323,0.0,-0.0,0.0,0.0,0.0,0.0,0.0,0.0,0.0,0.0,0.0,0.0,0
1786496289,449324607,100.0,-1.7200105826007288,-1.703864876423971,-1.132749382649557,-4.6177348534213465,-4.890447918568746,0.6930110454559326,0.0,-0.0,0.0,0.0,0.0,0.0,0.0,0.0,0.0,0.0,0.0,0.0,0
1786496289,468835353,100.0,-1.720046345387594,-1.7038410345660608,-1.1327374617206019,-4.617758814488546,-4.890423957501547,0.6930469870567322,0.0,-0.0,0.0,0.0,0.0,0.0,0.0,0.0,0.0,0.0,0.0,0.0,0
1786496289,489178180,100.0,-1.7200701872455042,-1.7038167158709925,-1.1327255407916468,-4.617770854626791,-4.890387598668234,0.6930230259895325,0.0,-0.0,0.0,0.0,0.0,0.0,0.0,0.0,0.0,0.0,0.0,0.0,0
1786496289,508847951,100.0,-1.7199981848346155,-1.7037809530841272,-1.1327255407916468,-4.6177348534213465,-4.890435997639791,0.6930110454559326,0.0,-0.0,0.0,0.0,0.0,0.0,0.0,0.0,0.0,0.0,0.0,0.0,0
1786496289,529124498,100.0,-1.7199981848346155,-1.7037809530841272,-1.1327136198626917,-4.617758814488546,-4.890471879635946,0.6930469870567322,0.0,-0.0,0.0,0.0,0.0,0.0,0.0,0.0,0.0,0.0,0.0,0.0,0
1786496289,548831701,100.0,-1.7200105826007288,-1.7037690321551722,-1.132749382649557,-4.617770854626791,-4.890471879635946,0.6929990649223328,0.0,-0.0,0.0,0.0,0.0,0.0,0.0,0.0,0.0,0.0,0.0,0.0,0
1786496289,569206714,100.0,-1.7200105826007288,-1.7038052717791956,-1.1327374617206019,-4.617758814488546,-4.890412036572592,0.6930350065231323,0.0,-0.0,0.0,0.0,0.0,0.0,0.0,0.0,0.0,0.0,0.0,0.0,0
1786496289,588704824,100.0,-1.7200582663165491,-1.7038167158709925,-1.132749382649557,-4.617770854626791,-4.890459958706991,0.6930350065231323,0.0,-0.0,0.0,0.0,0.0,0.0,0.0,0.0,0.0,0.0,0.0,0.0,0
1786496289,608975648,100.0,-1.7200701872455042,-1.7038052717791956,-1.132749382649557,-4.6177948156939905,-4.890412036572592,0.6930350065231323,0.0,-0.0,0.0,0.0,0.0,0.0,0.0,0.0,0.0,0.0,0.0,0.0,0
1786496289,628801345,100.0,-1.720046345387594,-1.7037690321551722,-1.1327136198626917,-4.6177948156939905,-4.890447918568746,0.6930350065231323,0.0,-0.0,0.0,0.0,0.0,0.0,0.0,0.0,0.0,0.0,0.0,0.0,0
1786496289,649180173,100.0,-1.7200225035296839,-1.7038052717791956,-1.1327374617206019,-4.617806855832235,-4.890423957501547,0.6929990649223328,0.0,-0.0,0.0,0.0,0.0,0.0,0.0,0.0,0.0,0.0,0.0,0.0,0
1786496289,668845653,100.0,-1.7199862639056605,-1.7037809530841272,-1.132749382649557,-4.617758814488546,-4.890447918568746,0.6930230259895325,0.0,-0.0,0.0,0.0,0.0,0.0,0.0,0.0,0.0,0.0,0.0,0.0,0
1786496289,688924074,100.0,-1.7199981848346155,-1.7038291136371058,-1.1327374617206019,-4.617770854626791,-4.890447918568746,0.6930709481239319,0.0,-0.0,0.0,0.0,0.0,0.0,0.0,0.0,0.0,0.0,0.0,0.0,0
1786496289,708728790,100.0,-1.7200105826007288,-1.7037928740130823,-1.1327016989337366,-4.617746893559591,-4.890399638806478,0.6930110454559326,0.0,-0.0,0.0,0.0,0.0,0.0,0.0,0.0,0.0,0.0,0.0,0.0,0
1786496289,729240655,100.0,-1.7200225035296839,-1.7038291136371058,-1.132749382649557,-4.617770854626791,-4.890447918568746,0.6930469870567322,0.0,-0.0,0.0,0.0,0.0,0.0,0.0,0.0,0.0,0.0,0.0,0.0,0
1786496289,748833179,100.0,-1.7200225035296839,-1.7038052717791956,-1.1327737013446253,-4.617746893559591,-4.890459958706991,0.6930709481239319,0.0,-0.0,0.0,0.0,0.0,0.0,0.0,0.0,0.0,0.0,0.0,0.0,0
1786496289,768859148,100.0,-1.7200582663165491,-1.7037690321551722,-1.132749382649557,-4.6177948156939905,-4.890435997639791,0.6930230259895325,0.0,-0.0,0.0,0.0,0.0,0.0,0.0,0.0,0.0,0.0,0.0,0.0,0
1786496289,788710355,100.0,-1.7200225035296839,-1.7037928740130823,-1.1327374617206019,-4.617746893559591,-4.890399638806478,0.6930110454559326,0.0,-0.0,0.0,0.0,0.0,0.0,0.0,0.0,0.0,0.0,0.0,0.0,0
1786496289,809183835,100.0,-1.720046345387594,-1.7037690321551722,-1.132761303578512,-4.617746893559591,-4.890471879635946,0.6930230259895325,0.0,-0.0,0.0,0.0,0.0,0.0,0.0,0.0,0.0,0.0,0.0,0.0,0
1786496289,828860044,100.0,-1.7200105826007288,-1.7038291136371058,-1.1327136198626917,-4.617746893559591,-4.890399638806478,0.6930110454559326,0.0,-0.0,0.0,0.0,0.0,0.0,0.0,0.0,0.0,0.0,0.0,0.0,0
1786496289,849290847,100.0,-1.7199862639056605,-1.7038167158709925,-1.1327255407916468,-4.617770854626791,-4.890459958706991,0.6930469870567322,0.0,-0.0,0.0,0.0,0.0,0.0,0.0,0.0,0.0,0.0,0.0,0.0,0
1786496289,869000434,100.0,-1.7200105826007288,-1.7038291136371058,-1.132749382649557,-4.6177828947650355,-4.890412036572592,0.6930230259895325,0.0,-0.0,0.0,0.0,0.0,0.0,0.0,0.0,0.0,0.0,0.0,0.0,0
1786496289,889014959,100.0,-1.7199981848346155,-1.7038167158709925,-1.1327737013446253,-4.617770854626791,-4.890399638806478,0.6930110454559326,0.0,-0.0,0.0,0.0,0.0,0.0,0.0,0.0,0.0,0.0,0.0,0.0,0
1786496289,908788204,100.0,-1.7199862639056605,-1.7037928740130823,-1.1327255407916468,-4.6177828947650355,-4.890399638806478,0.6929990649223328,0.0,-0.0,0.0,0.0,0.0,0.0,0.0,0.0,0.0,0.0,0.0,0.0,0
1786496289,929110288,100.0,-1.7199981848346155,-1.7038052717791956,-1.132749382649557,-4.617758814488546,-4.890459958706991,0.6930709481239319,0.0,-0.0,0.0,0.0,0.0,0.0,0.0,0.0,0.0,0.0,0.0,0.0,0
1786496289,948820590,100.0,-1.720034424458639,-1.7038167158709925,-1.1327374617206019,-4.617758814488546,-4.890459958706991,0.6930469870567322,0.0,-0.0,0.0,0.0,0.0,0.0,0.0,0.0,0.0,0.0,0.0,0.0,0
1786496289,969210386,100.0,-1.720046345387594,-1.7037928740130823,-1.1327136198626917,-4.6177828947650355,-4.890423957501547,0.693058967590332,0.0,-0.0,0.0,0.0,0.0,0.0,0.0,0.0,0.0,0.0,0.0,0.0,0
1786496289,988708019,100.0,-1.7199862639056605,-1.7037809530841272,-1.1327374617206019,-4.617770854626791,-4.890447918568746,0.6930709481239319,0.0,-0.0,0.0,0.0,0.0,0.0,0.0,0.0,0.0,0.0,0.0,0.0,0
1786496290,9193658,100.0,-1.7200582663165491,-1.7037690321551722,-1.1327136198626917,-4.617758814488546,-4.890447918568746,0.693058967590332,0.0,-0.0,0.0,0.0,0.0,0.0,0.0,0.0,0.0,0.0,0.0,0.0,0
1786496290,28778791,100.0,-1.7200105826007288,-1.7037809530841272,-1.1327255407916468,-4.617806855832235,-4.890483919774191,0.693058967590332,0.0,-0.0,0.0,0.0,0.0,0.0,0.0,0.0,0.0,0.0,0.0,0.0,0
1786496290,49319267,100.0,-1.720046345387594,-1.7038291136371058,-1.1327136198626917,-4.6177948156939905,-4.890447918568746,0.6930350065231323,0.0,-0.0,0.0,0.0,0.0,0.0,0.0,0.0,0.0,0.0,0.0,0.0,0
1786496290,68791151,100.0,-1.7200105826007288,-1.7038291136371058,-1.1327136198626917,-4.617746893559591,-4.890435997639791,0.6931068897247314,0.0,-0.0,0.0,0.0,0.0,0.0,0.0,0.0,0.0,0.0,0.0,0.0,0
1786496290,89458465,100.0,-1.7200225035296839,-1.7037928740130823,-1.1327737013446253,-4.617746893559591,-4.890459958706991,0.6930469870567322,0.0,-0.0,0.0,0.0,0.0,0.0,0.0,0.0,0.0,0.0,0.0,0.0,0
1786496290,108771324,100.0,-1.7199981848346155,-1.7037809530841272,-1.1327136198626917,-4.6177828947650355,-4.890459958706991,0.6931068897247314,0.0,-0.0,0.0,0.0,0.0,0.0,0.0,0.0,0.0,0.0,0.0,0.0,0
1786496290,129043817,100.0,-1.7200225035296839,-1.7038291136371058,-1.1327136198626917,-4.617722932492391,-4.890435997639791,0.6930469870567322,0.0,-0.0,0.0,0.0,0.0,0.0,0.0,0.0,0.0,0.0,0.0,0.0,0
1786496290,148789405,100.0,-1.7199743429767054,-1.7038052717791956,-1.1327255407916468,-4.617758814488546,-4.890459958706991,0.6929990649223328,0.0,-0.0,0.0,0.0,0.0,0.0,0.0,0.0,0.0,0.0,0.0,0.0,0
1786496290,169441461,100.0,-1.7199981848346155,-1.7037928740130823,-1.1327255407916468,-4.617806855832235,-4.890387598668234,0.6929990649223328,0.0,-0.0,0.0,0.0,0.0,0.0,0.0,0.0,0.0,0.0,0.0,0.0,0
1786496290,188730478,100.0,-1.7200582663165491,-1.7037928740130823,-1.1327255407916468,-4.617758814488546,-4.890447918568746,0.6930469870567322,0.0,-0.0,0.0,0.0,0.0,0.0,0.0,0.0,0.0,0.0,0.0,0.0,0
1786496290,209114789,100.0,-1.720034424458639,-1.703852955495016,-1.1327255407916468,-4.6177348534213465,-4.890412036572592,0.6930230259895325,0.0,-0.0,0.0,0.0,0.0,0.0,0.0,0.0,0.0,0.0,0.0,0.0,0
1786496290,228816270,100.0,-1.7200105826007288,-1.7038410345660608,-1.1326897780047815,-4.617746893559591,-4.890387598668234,0.6930709481239319,0.0,-0.0,0.0,0.0,0.0,0.0,0.0,0.0,0.0,0.0,0.0,0.0,0
1786496290,249552965,100.0,-1.720046345387594,-1.7038167158709925,-1.1326773802386683,-4.6177828947650355,-4.890399638806478,0.6930709481239319,0.0,-0.0,0.0,0.0,0.0,0.0,0.0,0.0,0.0,0.0,0.0,0.0,0
1786496290,268671989,100.0,-1.720034424458639,-1.7038410345660608,-1.1327255407916468,-4.6177828947650355,-4.890447918568746,0.693058967590332,0.0,-0.0,0.0,0.0,0.0,0.0,0.0,0.0,0.0,0.0,0.0,0.0,0
1786496290,289279937,100.0,-1.720046345387594,-1.7038291136371058,-1.1327374617206019,-4.617746893559591,-4.890423957501547,0.6930230259895325,0.0,-0.0,0.0,0.0,0.0,0.0,0.0,0.0,0.0,0.0,0.0,0.0,0
1786496290,308854818,100.0,-1.7200225035296839,-1.7038052717791956,-1.132761303578512,-4.6177828947650355,-4.890412036572592,0.6930469870567322,0.0,-0.0,0.0,0.0,0.0,0.0,0.0,0.0,0.0,0.0,0.0,0.0,0
1786496290,329154968,100.0,-1.7200701872455042,-1.7038052717791956,-1.1327374617206019,-4.617806855832235,-4.890423957501547,0.6930350065231323,0.0,-0.0,0.0,0.0,0.0,0.0,0.0,0.0,0.0,0.0,0.0,0.0,0
1786496290,348880052,100.0,-1.720046345387594,-1.7038167158709925,-1.1327374617206019,-4.6177348534213465,-4.890435997639791,0.6930110454559326,0.0,-0.0,0.0,0.0,0.0,0.0,0.0,0.0,0.0,0.0,0.0,0.0,0
1786496290,369361877,100.0,-1.7200582663165491,-1.7037928740130823,-1.1327374617206019,-4.6177348534213465,-4.890423957501547,0.6929870843887329,0.0,-0.0,0.0,0.0,0.0,0.0,0.0,0.0,0.0,0.0,0.0,0.0,0
1786496290,388731956,100.0,-1.720034424458639,-1.7038167158709925,-1.132761303578512,-4.617770854626791,-4.890399638806478,0.6930469870567322,0.0,-0.0,0.0,0.0,0.0,0.0,0.0,0.0,0.0,0.0,0.0,0.0,0
1786496290,409264087,100.0,-1.7199981848346155,-1.7038291136371058,-1.132749382649557,-4.6177828947650355,-4.890447918568746,0.6930230259895325,0.0,-0.0,0.0,0.0,0.0,0.0,0.0,0.0,0.0,0.0,0.0,0.0,0
1786496290,428770065,100.0,-1.7199505011187952,-1.7038167158709925,-1.1327255407916468,-4.6177948156939905,-4.890399638806478,0.6930829286575317,0.0,-0.0,0.0,0.0,0.0,0.0,0.0,0.0,0.0,0.0,0.0,0.0,0
1786496290,449054718,100.0,-1.7200821081744593,-1.7038052717791956,-1.132749382649557,-4.617770854626791,-4.890423957501547,0.6930350065231323,0.0,-0.0,0.0,0.0,0.0,0.0,0.0,0.0,0.0,0.0,0.0,0.0,0
1786496290,468719005,100.0,-1.720046345387594,-1.7038167158709925,-1.132749382649557,-4.6177828947650355,-4.890471879635946,0.6930230259895325,0.0,-0.0,0.0,0.0,0.0,0.0,0.0,0.0,0.0,0.0,0.0,0.0,0
1786496290,489033937,100.0,-1.7199981848346155,-1.7038167158709925,-1.1327374617206019,-4.617758814488546,-4.890447918568746,0.6930469870567322,0.0,-0.0,0.0,0.0,0.0,0.0,0.0,0.0,0.0,0.0,0.0,0.0,0
1786496290,508812427,100.0,-1.7199981848346155,-1.7038167158709925,-1.132761303578512,-4.617746893559591,-4.890412036572592,0.6929990649223328,0.0,-0.0,0.0,0.0,0.0,0.0,0.0,0.0,0.0,0.0,0.0,0.0,0
1786496290,528958797,100.0,-1.720034424458639,-1.7037690321551722,-1.132761303578512,-4.6177948156939905,-4.890399638806478,0.6930469870567322,0.0,-0.0,0.0,0.0,0.0,0.0,0.0,0.0,0.0,0.0,0.0,0.0,0
1786496290,548832416,100.0,-1.7199624220477503,-1.7038167158709925,-1.1327136198626917,-4.617722932492391,-4.890412036572592,0.6930230259895325,0.0,-0.0,0.0,0.0,0.0,0.0,0.0,0.0,0.0,0.0,0.0,0.0,0
1786496290,569061279,100.0,-1.7200225035296839,-1.7038291136371058,-1.1327374617206019,-4.617758814488546,-4.890412036572592,0.6930469870567322,0.0,-0.0,0.0,0.0,0.0,0.0,0.0,0.0,0.0,0.0,0.0,0.0,0
1786496290,588821172,100.0,-1.7200105826007288,-1.7037928740130823,-1.132749382649557,-4.617710892354147,-4.890471879635946,0.6930230259895325,0.0,-0.0,0.0,0.0,0.0,0.0,0.0,0.0,0.0,0.0,0.0,0.0,0
1786496290,609241247,100.0,-1.720034424458639,-1.7038052717791956,-1.132749382649557,-4.617698971425192,-4.890435997639791,0.6930110454559326,0.0,-0.0,0.0,0.0,0.0,0.0,0.0,0.0,0.0,0.0,0.0,0.0,0
1786496290,628903150,100.0,-1.7200105826007288,-1.7037928740130823,-1.1327136198626917,-4.617746893559591,-4.890387598668234,0.6930230259895325,0.0,-0.0,0.0,0.0,0.0,0.0,0.0,0.0,0.0,0.0,0.0,0.0,0
1786496290,649544715,100.0,-1.7200225035296839,-1.7038291136371058,-1.1327255407916468,-4.617770854626791,-4.890412036572592,0.693058967590332,0.0,-0.0,0.0,0.0,0.0,0.0,0.0,0.0,0.0,0.0,0.0,0.0,0
1786496290,668742895,100.0,-1.7200105826007288,-1.7038052717791956,-1.1327016989337366,-4.617746893559591,-4.890387598668234,0.6930709481239319,0.0,-0.0,0.0,0.0,0.0,0.0,0.0,0.0,0.0,0.0,0.0,0.0,0
1786496290,689677238,100.0,-1.720034424458639,-1.7038410345660608,-1.1327255407916468,-4.6177948156939905,-4.890399638806478,0.6930709481239319,0.0,-0.0,0.0,0.0,0.0,0.0,0.0,0.0,0.0,0.0,0.0,0.0,0
1786496290,708815097,100.0,-1.7199743429767054,-1.7037928740130823,-1.1327374617206019,-4.617758814488546,-4.890423957501547,0.6930469870567322,0.0,-0.0,0.0,0.0,0.0,0.0,0.0,0.0,0.0,0.0,0.0,0.0,0
1786496290,729441881,100.0,-1.7200225035296839,-1.7038052717791956,-1.1327737013446253,-4.617746893559591,-4.890447918568746,0.6930829286575317,0.0,-0.0,0.0,0.0,0.0,0.0,0.0,0.0,0.0,0.0,0.0,0.0,0
1786496290,748852491,100.0,-1.7199981848346155,-1.7037928740130823,-1.1327016989337366,-4.6177348534213465,-4.890387598668234,0.6930829286575317,0.0,-0.0,0.0,0.0,0.0,0.0,0.0,0.0,0.0,0.0,0.0,0.0,0
1786496290,768920421,100.0,-1.720046345387594,-1.7038167158709925,-1.1327136198626917,-4.6177348534213465,-4.890387598668234,0.6929990649223328,0.0,-0.0,0.0,0.0,0.0,0.0,0.0,0.0,0.0,0.0,0.0,0.0,0
1786496290,788801193,100.0,-1.7200105826007288,-1.7037928740130823,-1.1327374617206019,-4.617746893559591,-4.890423957501547,0.6930350065231323,0.0,-0.0,0.0,0.0,0.0,0.0,0.0,0.0,0.0,0.0,0.0,0.0,0
1786496290,809307098,100.0,-1.720046345387594,-1.7037928740130823,-1.1327737013446253,-4.617710892354147,-4.890412036572592,0.6930230259895325,0.0,-0.0,0.0,0.0,0.0,0.0,0.0,0.0,0.0,0.0,0.0,0.0,0
1786496290,828701972,100.0,-1.7200225035296839,-1.7038052717791956,-1.132749382649557,-4.617770854626791,-4.890412036572592,0.6930230259895325,0.0,-0.0,0.0,0.0,0.0,0.0,0.0,0.0,0.0,0.0,0.0,0.0,0
1786496290,849429607,100.0,-1.720034424458639,-1.7037928740130823,-1.132761303578512,-4.617746893559591,-4.890412036572592,0.693058967590332,0.0,-0.0,0.0,0.0,0.0,0.0,0.0,0.0,0.0,0.0,0.0,0.0,0
1786496290,868753194,100.0,-1.7200582663165491,-1.7038167158709925,-1.132749382649557,-4.6177948156939905,-4.890435997639791,0.6930709481239319,0.0,-0.0,0.0,0.0,0.0,0.0,0.0,0.0,0.0,0.0,0.0,0.0,0
1786496290,889036655,100.0,-1.7200225035296839,-1.7038167158709925,-1.1327255407916468,-4.617758814488546,-4.890412036572592,0.6930350065231323,0.0,-0.0,0.0,0.0,0.0,0.0,0.0,0.0,0.0,0.0,0.0,0.0,0
1786496290,908716201,100.0,-1.7199981848346155,-1.7037809530841272,-1.1327255407916468,-4.617770854626791,-4.890435997639791,0.6930709481239319,0.0,-0.0,0.0,0.0,0.0,0.0,0.0,0.0,0.0,0.0,0.0,0.0,0
1786496290,929419517,100.0,-1.7200701872455042,-1.7038291136371058,-1.1327374617206019,-4.617746893559591,-4.890412036572592,0.6930350065231323,0.0,-0.0,0.0,0.0,0.0,0.0,0.0,0.0,0.0,0.0,0.0,0.0,0
1786496290,948898077,100.0,-1.7200225035296839,-1.703757111226217,-1.1327374617206019,-4.6177948156939905,-4.890435997639791,0.6930469870567322,0.0,-0.0,0.0,0.0,0.0,0.0,0.0,0.0,0.0,0.0,0.0,0.0,0
1786496290,969025850,100.0,-1.720034424458639,-1.7037690321551722,-1.1326897780047815,-4.6177828947650355,-4.890412036572592,0.6929990649223328,0.0,-0.0,0.0,0.0,0.0,0.0,0.0,0.0,0.0,0.0,0.0,0.0,0
1786496290,988797664,100.0,-1.7200582663165491,-1.7038167158709925,-1.1327255407916468,-4.617770854626791,-4.890435997639791,0.693058967590332,0.0,-0.0,0.0,0.0,0.0,0.0,0.0,0.0,0.0,0.0,0.0,0.0,0
1786496291,8756160,100.0,-1.720034424458639,-1.7038410345660608,-1.1327374617206019,-4.617758814488546,-4.890447918568746,0.6930350065231323,0.0,-0.0,0.0,0.0,0.0,0.0,0.0,0.0,0.0,0.0,0.0,0.0,0
1786496291,28781652,100.0,-1.720046345387594,-1.7038052717791956,-1.1327016989337366,-4.617758814488546,-4.890459958706991,0.6930350065231323,0.0,-0.0,0.0,0.0,0.0,0.0,0.0,0.0,0.0,0.0,0.0,0.0,0
1786496291,49557209,100.0,-1.7199981848346155,-1.7038052717791956,-1.1327136198626917,-4.6177948156939905,-4.890435997639791,0.6929751038551331,0.0,-0.0,0.0,0.0,0.0,0.0,0.0,0.0,0.0,0.0,0.0,0.0,0
1786496291,68776607,100.0,-1.720034424458639,-1.7037809530841272,-1.1327136198626917,-4.6177948156939905,-4.890435997639791,0.6929990649223328,0.0,-0.0,0.0,0.0,0.0,0.0,0.0,0.0,0.0,0.0,0.0,0.0,0
1786496291,89081048,100.0,-1.720034424458639,-1.7038291136371058,-1.1327255407916468,-4.617806855832235,-4.890423957501547,0.6930110454559326,0.0,-0.0,0.0,0.0,0.0,0.0,0.0,0.0,0.0,0.0,0.0,0.0,0
1786496291,108734369,100.0,-1.7200105826007288,-1.7038291136371058,-1.1327374617206019,-4.617746893559591,-4.890447918568746,0.6930469870567322,0.0,-0.0,0.0,0.0,0.0,0.0,0.0,0.0,0.0,0.0,0.0,0.0,0
1786496291,129281282,100.0,-1.7199862639056605,-1.7038052717791956,-1.132749382649557,-4.617770854626791,-4.890459958706991,0.6930110454559326,0.0,-0.0,0.0,0.0,0.0,0.0,0.0,0.0,0.0,0.0,0.0,0.0,0
1786496291,148824930,100.0,-1.7200105826007288,-1.7038052717791956,-1.1327016989337366,-4.6177348534213465,-4.890459958706991,0.6930829286575317,0.0,-0.0,0.0,0.0,0.0,0.0,0.0,0.0,0.0,0.0,0.0,0.0,0
1786496291,168813228,100.0,-1.7200105826007288,-1.7038052717791956,-1.132749382649557,-4.617746893559591,-4.890447918568746,0.6929990649223328,0.0,-0.0,0.0,0.0,0.0,0.0,0.0,0.0,0.0,0.0,0.0,0.0,0
1786496291,188919067,100.0,-1.720046345387594,-1.7037928740130823,-1.1326773802386683,-4.617710892354147,-4.890435997639791,0.6930110454559326,0.0,-0.0,0.0,0.0,0.0,0.0,0.0,0.0,0.0,0.0,0.0,0.0,0
1786496291,208937168,100.0,-1.7199981848346155,-1.7038410345660608,-1.1327136198626917,-4.617758814488546,-4.890412036572592,0.6930709481239319,0.0,-0.0,0.0,0.0,0.0,0.0,0.0,0.0,0.0,0.0,0.0,0.0,0
1786496291,228843927,100.0,-1.7200225035296839,-1.7038410345660608,-1.1327255407916468,-4.617746893559591,-4.890459958706991,0.693058967590332,0.0,-0.0,0.0,0.0,0.0,0.0,0.0,0.0,0.0,0.0,0.0,0.0,0
1786496291,248945236,100.0,-1.7199981848346155,-1.7038167158709925,-1.1327255407916468,-4.617770854626791,-4.890423957501547,0.6929990649223328,0.0,-0.0,0.0,0.0,0.0,0.0,0.0,0.0,0.0,0.0,0.0,0.0,0
1786496291,268815755,100.0,-1.7199743429767054,-1.7038291136371058,-1.1327136198626917,-4.617710892354147,-4.890399638806478,0.6930469870567322,0.0,-0.0,0.0,0.0,0.0,0.0,0.0,0.0,0.0,0.0,0.0,0.0,0
1786496291,289237499,100.0,-1.7200582663165491,-1.7038291136371058,-1.132749382649557,-4.617770854626791,-4.890412036572592,0.6930469870567322,0.0,-0.0,0.0,0.0,0.0,0.0,0.0,0.0,0.0,0.0,0.0,0.0,0
1786496291,308814048,100.0,-1.7200225035296839,-1.7038410345660608,-1.1327136198626917,-4.617746893559591,-4.890435997639791,0.6930469870567322,0.0,-0.0,0.0,0.0,0.0,0.0,0.0,0.0,0.0,0.0,0.0,0.0,0
1786496291,328834056,100.0,-1.7199624220477503,-1.7038291136371058,-1.1327136198626917,-4.617758814488546,-4.890459958706991,0.6930110454559326,0.0,-0.0,0.0,0.0,0.0,0.0,0.0,0.0,0.0,0.0,0.0,0.0,0
1786496291,348828554,100.0,-1.720034424458639,-1.703852955495016,-1.1327136198626917,-4.617770854626791,-4.890435997639791,0.6929990649223328,0.0,-0.0,0.0,0.0,0.0,0.0,0.0,0.0,0.0,0.0,0.0,0.0,0
1786496291,369178533,100.0,-1.7200105826007288,-1.7038167158709925,-1.1327136198626917,-4.6177948156939905,-4.890435997639791,0.693058967590332,0.0,-0.0,0.0,0.0,0.0,0.0,0.0,0.0,0.0,0.0,0.0,0.0,0
1786496291,388745069,100.0,-1.7199862639056605,-1.7038291136371058,-1.1327856222735804,-4.6177948156939905,-4.890447918568746,0.6930350065231323,0.0,-0.0,0.0,0.0,0.0,0.0,0.0,0.0,0.0,0.0,0.0,0.0,0
1786496291,409248590,100.0,-1.7199981848346155,-1.703864876423971,-1.1327374617206019,-4.6177348534213465,-4.890375677739279,0.6930230259895325,0.0,-0.0,0.0,0.0,0.0,0.0,0.0,0.0,0.0,0.0,0.0,0.0,0
1786496291,428795576,100.0,-1.7200225035296839,-1.7038291136371058,-1.132761303578512,-4.617746893559591,-4.890412036572592,0.6930469870567322,0.0,-0.0,0.0,0.0,0.0,0.0,0.0,0.0,0.0,0.0,0.0,0.0,0
1786496291,449079275,100.0,-1.7200225035296839,-1.7037928740130823,-1.1327016989337366,-4.617746893559591,-4.890399638806478,0.6930230259895325,0.0,-0.0,0.0,0.0,0.0,0.0,0.0,0.0,0.0,0.0,0.0,0.0,0
1786496291,468809366,100.0,-1.7199981848346155,-1.7038052717791956,-1.132749382649557,-4.617758814488546,-4.890423957501547,0.6930469870567322,0.0,-0.0,0.0,0.0,0.0,0.0,0.0,0.0,0.0,0.0,0.0,0.0,0
1786496291,489184141,100.0,-1.7200225035296839,-1.7037928740130823,-1.132761303578512,-4.617758814488546,-4.890459958706991,0.6930230259895325,0.0,-0.0,0.0,0.0,0.0,0.0,0.0,0.0,0.0,0.0,0.0,0.0,0
1786496291,508771896,100.0,-1.7199981848346155,-1.7038167158709925,-1.132749382649557,-4.6177828947650355,-4.890459958706991,0.6929990649223328,0.0,-0.0,0.0,0.0,0.0,0.0,0.0,0.0,0.0,0.0,0.0,0.0,0
1786496291,529232740,100.0,-1.720034424458639,-1.7038052717791956,-1.1327136198626917,-4.617722932492391,-4.890399638806478,0.6930350065231323,0.0,-0.0,0.0,0.0,0.0,0.0,0.0,0.0,0.0,0.0,0.0,0.0,0
1786496291,548844575,100.0,-1.7199743429767054,-1.703757111226217,-1.1327016989337366,-4.617806855832235,-4.890447918568746,0.6930469870567322,0.0,-0.0,0.0,0.0,0.0,0.0,0.0,0.0,0.0,0.0,0.0,0.0,0
1786496291,569003582,100.0,-1.7200225035296839,-1.7038410345660608,-1.132749382649557,-4.617746893559591,-4.890447918568746,0.6930469870567322,0.0,-0.0,0.0,0.0,0.0,0.0,0.0,0.0,0.0,0.0,0.0,0.0,0
1786496291,588798284,100.0,-1.7199862639056605,-1.7038052717791956,-1.132749382649557,-4.6177948156939905,-4.890387598668234,0.6930469870567322,0.0,-0.0,0.0,0.0,0.0,0.0,0.0,0.0,0.0,0.0,0.0,0.0,0
1786496291,608972311,100.0,-1.7200105826007288,-1.7037928740130823,-1.132749382649557,-4.617770854626791,-4.890412036572592,0.6930469870567322,0.0,-0.0,0.0,0.0,0.0,0.0,0.0,0.0,0.0,0.0,0.0,0.0,0
1786496291,628922224,100.0,-1.7200225035296839,-1.7038052717791956,-1.1327016989337366,-4.6177348534213465,-4.890447918568746,0.6930230259895325,0.0,-0.0,0.0,0.0,0.0,0.0,0.0,0.0,0.0,0.0,0.0,0.0,0
1786496291,649526119,100.0,-1.7199981848346155,-1.7038052717791956,-1.1327255407916468,-4.617722932492391,-4.890412036572592,0.6930350065231323,0.0,-0.0,0.0,0.0,0.0,0.0,0.0,0.0,0.0,0.0,0.0,0.0,0
1786496291,668766736,100.0,-1.7200225035296839,-1.703864876423971,-1.1327136198626917,-4.617758814488546,-4.890399638806478,0.6930469870567322,0.0,-0.0,0.0,0.0,0.0,0.0,0.0,0.0,0.0,0.0,0.0,0.0,0
1786496291,688992738,100.0,-1.7199862639056605,-1.7038167158709925,-1.1327136198626917,-4.6177828947650355,-4.890459958706991,0.6930469870567322,0.0,-0.0,0.0,0.0,0.0,0.0,0.0,0.0,0.0,0.0,0.0,0.0,0
1786496291,708784580,100.0,-1.7199743429767054,-1.7038052717791956,-1.132749382649557,-4.6177348534213465,-4.890435997639791,0.6930469870567322,0.0,-0.0,0.0,0.0,0.0,0.0,0.0,0.0,0.0,0.0,0.0,0.0,0
1786496291,729209661,100.0,-1.720034424458639,-1.7037690321551722,-1.1327374617206019,-4.6177348534213465,-4.890471879635946,0.6930230259895325,0.0,-0.0,0.0,0.0,0.0,0.0,0.0,0.0,0.0,0.0,0.0,0.0,0
1786496291,748857259,100.0,-1.7199981848346155,-1.703864876423971,-1.1327255407916468,-4.617770854626791,-4.890423957501547,0.6930230259895325,0.0,-0.0,0.0,0.0,0.0,0.0,0.0,0.0,0.0,0.0,0.0,0.0,0
1786496291,768835783,100.0,-1.7200225035296839,-1.7038167158709925,-1.1327255407916468,-4.617770854626791,-4.890423957501547,0.6930110454559326,0.0,-0.0,0.0,0.0,0.0,0.0,0.0,0.0,0.0,0.0,0.0,0.0,0
1786496291,788830518,100.0,-1.7200105826007288,-1.7038410345660608,-1.1327374617206019,-4.617770854626791,-4.890459958706991,0.6930469870567322,0.0,-0.0,0.0,0.0,0.0,0.0,0.0,0.0,0.0,0.0,0.0,0.0,0
1786496291,808809757,100.0,-1.7200701872455042,-1.7038052717791956,-1.1327374617206019,-4.617722932492391,-4.890399638806478,0.6930350065231323,0.0,-0.0,0.0,0.0,0.0,0.0,0.0,0.0,0.0,0.0,0.0,0.0,0
1786496291,828882455,100.0,-1.7200105826007288,-1.7038291136371058,-1.1327374617206019,-4.617770854626791,-4.890412036572592,0.6930230259895325,0.0,-0.0,0.0,0.0,0.0,0.0,0.0,0.0,0.0,0.0,0.0,0.0,0
1786496291,849434375,100.0,-1.7200105826007288,-1.7037809530841272,-1.132749382649557,-4.617746893559591,-4.890412036572592,0.6930829286575317,0.0,-0.0,0.0,0.0,0.0,0.0,0.0,0.0,0.0,0.0,0.0,0.0,0
1786496291,868785619,100.0,-1.7200701872455042,-1.7038167158709925,-1.132749382649557,-4.617770854626791,-4.890399638806478,0.6930350065231323,0.0,-0.0,0.0,0.0,0.0,0.0,0.0,0.0,0.0,0.0,0.0,0.0,0
1786496291,888958215,100.0,-1.7199981848346155,-1.7038291136371058,-1.1327136198626917,-4.6177948156939905,-4.890435997639791,0.6930110454559326,0.0,-0.0,0.0,0.0,0.0,0.0,0.0,0.0,0.0,0.0,0.0,0.0,0
1786496291,908768415,100.0,-1.720046345387594,-1.7037809530841272,-1.132749382649557,-4.617722932492391,-4.890435997639791,0.693058967590332,0.0,-0.0,0.0,0.0,0.0,0.0,0.0,0.0,0.0,0.0,0.0,0.0,0
1786496291,929172754,100.0,-1.7200821081744593,-1.7037928740130823,-1.132761303578512,-4.6177828947650355,-4.890447918568746,0.6930709481239319,0.0,-0.0,0.0,0.0,0.0,0.0,0.0,0.0,0.0,0.0,0.0,0.0,0
1786496291,948904275,100.0,-1.720034424458639,-1.7038410345660608,-1.1326897780047815,-4.617746893559591,-4.890447918568746,0.6930350065231323,0.0,-0.0,0.0,0.0,0.0,0.0,0.0,0.0,0.0,0.0,0.0,0.0,0
1786496291,969024419,100.0,-1.7200582663165491,-1.7038052717791956,-1.1327255407916468,-4.6177348534213465,-4.890423957501547,0.6930110454559326,0.0,-0.0,0.0,0.0,0.0,0.0,0.0,0.0,0.0,0.0,0.0,0.0,0
1786496291,988768577,100.0,-1.7200582663165491,-1.7038291136371058,-1.132749382649557,-4.6177348534213465,-4.890423957501547,0.6929990649223328,0.0,-0.0,0.0,0.0,0.0,0.0,0.0,0.0,0.0,0.0,0.0,0.0,0
1786496292,9103536,100.0,-1.7199624220477503,-1.7037809530841272,-1.132761303578512,-4.617758814488546,-4.890447918568746,0.6930350065231323,0.0,-0.0,0.0,0.0,0.0,0.0,0.0,0.0,0.0,0.0,0.0,0.0,0
1786496292,28841495,100.0,-1.7200225035296839,-1.7038052717791956,-1.1327255407916468,-4.617758814488546,-4.890423957501547,0.6930709481239319,0.0,-0.0,0.0,0.0,0.0,0.0,0.0,0.0,0.0,0.0,0.0,0.0,0
1786496292,49272537,100.0,-1.7200225035296839,-1.7038167158709925,-1.1327975432025355,-4.617806855832235,-4.890423957501547,0.693058967590332,0.0,-0.0,0.0,0.0,0.0,0.0,0.0,0.0,0.0,0.0,0.0,0.0,0
1786496292,68758964,100.0,-1.7199743429767054,-1.7037928740130823,-1.1327856222735804,-4.617746893559591,-4.890423957501547,0.6930110454559326,0.0,-0.0,0.0,0.0,0.0,0.0,0.0,0.0,0.0,0.0,0.0,0.0,0
1786496292,89116811,100.0,-1.720034424458639,-1.7037928740130823,-1.132761303578512,-4.617758814488546,-4.890412036572592,0.6930110454559326,0.0,-0.0,0.0,0.0,0.0,0.0,0.0,0.0,0.0,0.0,0.0,0.0,0
1786496292,108764171,100.0,-1.7199981848346155,-1.7038291136371058,-1.1327374617206019,-4.617758814488546,-4.890375677739279,0.6929990649223328,0.0,-0.0,0.0,0.0,0.0,0.0,0.0,0.0,0.0,0.0,0.0,0.0,0
1786496292,129091978,100.0,-1.7200225035296839,-1.7038052717791956,-1.132761303578512,-4.6177828947650355,-4.890459958706991,0.6930829286575317,0.0,-0.0,0.0,0.0,0.0,0.0,0.0,0.0,0.0,0.0,0.0,0.0,0
1786496292,148846864,100.0,-1.7199862639056605,-1.7037809530841272,-1.1327374617206019,-4.6177948156939905,-4.890423957501547,0.693058967590332,0.0,-0.0,0.0,0.0,0.0,0.0,0.0,0.0,0.0,0.0,0.0,0.0,0
1786496292,169139385,100.0,-1.7200225035296839,-1.7038052717791956,-1.1327374617206019,-4.617770854626791,-4.890447918568746,0.6930829286575317,0.0,-0.0,0.0,0.0,0.0,0.0,0.0,0.0,0.0,0.0,0.0,0.0,0
1786496292,188768625,100.0,-1.7200225035296839,-1.7038167158709925,-1.132761303578512,-4.617746893559591,-4.890423957501547,0.6930350065231323,0.0,-0.0,0.0,0.0,0.0,0.0,0.0,0.0,0.0,0.0,0.0,0.0,0
1786496292,209164381,100.0,-1.7200105826007288,-1.7038291136371058,-1.1326897780047815,-4.6177948156939905,-4.890435997639791,0.6930110454559326,0.0,-0.0,0.0,0.0,0.0,0.0,0.0,0.0,0.0,0.0,0.0,0.0,0
1786496292,228827953,100.0,-1.7200105826007288,-1.7038167158709925,-1.1327136198626917,-4.617746893559591,-4.890399638806478,0.6930110454559326,0.0,-0.0,0.0,0.0,0.0,0.0,0.0,0.0,0.0,0.0,0.0,0.0,0
1786496292,249124050,100.0,-1.7200582663165491,-1.7037690321551722,-1.1327255407916468,-4.6177348534213465,-4.890447918568746,0.6930829286575317,0.0,-0.0,0.0,0.0,0.0,0.0,0.0,0.0,0.0,0.0,0.0,0.0,0
1786496292,268760919,100.0,-1.7199862639056605,-1.7038167158709925,-1.1327374617206019,-4.617758814488546,-4.890471879635946,0.6930230259895325,0.0,-0.0,0.0,0.0,0.0,0.0,0.0,0.0,0.0,0.0,0.0,0.0,0
1786496292,289323806,100.0,-1.7199862639056605,-1.7037690321551722,-1.1326897780047815,-4.617746893559591,-4.890423957501547,0.6930110454559326,0.0,-0.0,0.0,0.0,0.0,0.0,0.0,0.0,0.0,0.0,0.0,0.0,0
1786496292,308782577,100.0,-1.7199862639056605,-1.7038052717791956,-1.1326897780047815,-4.617746893559591,-4.890399638806478,0.6930230259895325,0.0,-0.0,0.0,0.0,0.0,0.0,0.0,0.0,0.0,0.0,0.0,0.0,0
1786496292,329286336,100.0,-1.720046345387594,-1.703852955495016,-1.132749382649557,-4.617758814488546,-4.890387598668234,0.6930230259895325,0.0,-0.0,0.0,0.0,0.0,0.0,0.0,0.0,0.0,0.0,0.0,0.0,0
1786496292,348799705,100.0,-1.7200105826007288,-1.7038052717791956,-1.132749382649557,-4.617770854626791,-4.890399638806478,0.6929990649223328,0.0,-0.0,0.0,0.0,0.0,0.0,0.0,0.0,0.0,0.0,0.0,0.0,0
1786496292,369437932,100.0,-1.720034424458639,-1.7038410345660608,-1.1327374617206019,-4.6177348534213465,-4.890435997639791,0.6930469870567322,0.0,-0.0,0.0,0.0,0.0,0.0,0.0,0.0,0.0,0.0,0.0,0.0,0
1786496292,388776302,100.0,-1.7199981848346155,-1.703745190297262,-1.1327136198626917,-4.617770854626791,-4.890435997639791,0.6930469870567322,0.0,-0.0,0.0,0.0,0.0,0.0,0.0,0.0,0.0,0.0,0.0,0.0,0
1786496292,409233093,100.0,-1.7200105826007288,-1.7037809530841272,-1.1327255407916468,-4.6177828947650355,-4.890412036572592,0.6930110454559326,0.0,-0.0,0.0,0.0,0.0,0.0,0.0,0.0,0.0,0.0,0.0,0.0,0
1786496292,428780555,100.0,-1.7200105826007288,-1.703876797352926,-1.1327136198626917,-4.6177348534213465,-4.890435997639791,0.6930110454559326,0.0,-0.0,0.0,0.0,0.0,0.0,0.0,0.0,0.0,0.0,0.0,0.0,0
1786496292,449132442,100.0,-1.7200105826007288,-1.7038052717791956,-1.1327374617206019,-4.6177828947650355,-4.890387598668234,0.6930829286575317,0.0,-0.0,0.0,0.0,0.0,0.0,0.0,0.0,0.0,0.0,0.0,0.0,0
1786496292,468838453,100.0,-1.7200701872455042,-1.7037690321551722,-1.1327255407916468,-4.617722932492391,-4.890399638806478,0.693058967590332,0.0,-0.0,0.0,0.0,0.0,0.0,0.0,0.0,0.0,0.0,0.0,0.0,0
1786496292,489680051,100.0,-1.7199624220477503,-1.7038410345660608,-1.1326897780047815,-4.617758814488546,-4.890435997639791,0.6930469870567322,0.0,-0.0,0.0,0.0,0.0,0.0,0.0,0.0,0.0,0.0,0.0,0.0,0
1786496292,508810758,100.0,-1.7200225035296839,-1.7038052717791956,-1.1327856222735804,-4.617758814488546,-4.890387598668234,0.6930110454559326,0.0,-0.0,0.0,0.0,0.0,0.0,0.0,0.0,0.0,0.0,0.0,0.0,0
1786496292,529494285,100.0,-1.7199981848346155,-1.7038052717791956,-1.1327374617206019,-4.617746893559591,-4.890459958706991,0.6930709481239319,0.0,-0.0,0.0,0.0,0.0,0.0,0.0,0.0,0.0,0.0,0.0,0.0,0
1786496292,548833370,100.0,-1.7200701872455042,-1.7038291136371058,-1.1327255407916468,-4.617722932492391,-4.890435997639791,0.6930469870567322,0.0,-0.0,0.0,0.0,0.0,0.0,0.0,0.0,0.0,0.0,0.0,0.0,0
1786496292,569129467,100.0,-1.7200225035296839,-1.7038167158709925,-1.1327255407916468,-4.6177828947650355,-4.890447918568746,0.693058967590332,0.0,-0.0,0.0,0.0,0.0,0.0,0.0,0.0,0.0,0.0,0.0,0.0,0
1786496292,588803052,100.0,-1.7200225035296839,-1.7037809530841272,-1.1327255407916468,-4.617746893559591,-4.890423957501547,0.6930350065231323,0.0,-0.0,0.0,0.0,0.0,0.0,0.0,0.0,0.0,0.0,0.0,0.0,0
1786496292,609325170,100.0,-1.720034424458639,-1.7037928740130823,-1.1327856222735804,-4.617770854626791,-4.890471879635946,0.6929990649223328,0.0,-0.0,0.0,0.0,0.0,0.0,0.0,0.0,0.0,0.0,0.0,0.0,0
1786496292,628754854,100.0,-1.7199743429767054,-1.7037809530841272,-1.132749382649557,-4.61781877676119,-4.890423957501547,0.6930350065231323,0.0,-0.0,0.0,0.0,0.0,0.0,0.0,0.0,0.0,0.0,0.0,0.0,0
1786496292,649361610,100.0,-1.7200225035296839,-1.7038410345660608,-1.1327374617206019,-4.6177948156939905,-4.890435997639791,0.6929990649223328,0.0,-0.0,0.0,0.0,0.0,0.0,0.0,0.0,0.0,0.0,0.0,0.0,0
1786496292,668781995,100.0,-1.720046345387594,-1.703864876423971,-1.132761303578512,-4.617746893559591,-4.890423957501547,0.6930110454559326,0.0,-0.0,0.0,0.0,0.0,0.0,0.0,0.0,0.0,0.0,0.0,0.0,0
1786496292,689085721,100.0,-1.7200105826007288,-1.7037690321551722,-1.132749382649557,-4.617758814488546,-4.890447918568746,0.6930469870567322,0.0,-0.0,0.0,0.0,0.0,0.0,0.0,0.0,0.0,0.0,0.0,0.0,0
1786496292,708848476,100.0,-1.7200225035296839,-1.7037809530841272,-1.1327255407916468,-4.617806855832235,-4.890447918568746,0.6930230259895325,0.0,-0.0,0.0,0.0,0.0,0.0,0.0,0.0,0.0,0.0,0.0,0.0,0
1786496292,729393959,100.0,-1.720046345387594,-1.7038052717791956,-1.1327016989337366,-4.6177828947650355,-4.890423957501547,0.6930469870567322,0.0,-0.0,0.0,0.0,0.0,0.0,0.0,0.0,0.0,0.0,0.0,0.0,0
1786496292,748804807,100.0,-1.7199981848346155,-1.7038052717791956,-1.1327136198626917,-4.617746893559591,-4.890459958706991,0.6930110454559326,0.0,-0.0,0.0,0.0,0.0,0.0,0.0,0.0,0.0,0.0,0.0,0.0,0
1786496292,768975019,100.0,-1.7199743429767054,-1.7038410345660608,-1.1326897780047815,-4.6177348534213465,-4.890447918568746,0.693058967590332,0.0,-0.0,0.0,0.0,0.0,0.0,0.0,0.0,0.0,0.0,0.0,0.0,0
1786496292,788758754,100.0,-1.7200105826007288,-1.7037928740130823,-1.1327136198626917,-4.6177348534213465,-4.890459958706991,0.6930110454559326,0.0,-0.0,0.0,0.0,0.0,0.0,0.0,0.0,0.0,0.0,0.0,0.0,0
1786496292,809166431,100.0,-1.7199981848346155,-1.7037690321551722,-1.132749382649557,-4.6177828947650355,-4.890412036572592,0.6930829286575317,0.0,-0.0,0.0,0.0,0.0,0.0,0.0,0.0,0.0,0.0,0.0,0.0,0
1786496292,828806400,100.0,-1.720046345387594,-1.7037809530841272,-1.132749382649557,-4.6177948156939905,-4.890459958706991,0.6930469870567322,0.0,-0.0,0.0,0.0,0.0,0.0,0.0,0.0,0.0,0.0,0.0,0.0,0
1786496292,849166154,100.0,-1.720034424458639,-1.7037690321551722,-1.1327255407916468,-4.617770854626791,-4.890435997639791,0.6930350065231323,0.0,-0.0,0.0,0.0,0.0,0.0,0.0,0.0,0.0,0.0,0.0,0.0,0
1786496292,868933439,100.0,-1.7200105826007288,-1.7038167158709925,-1.1327374617206019,-4.617770854626791,-4.890435997639791,0.6930110454559326,0.0,-0.0,0.0,0.0,0.0,0.0,0.0,0.0,0.0,0.0,0.0,0.0,0
1786496292,889241456,100.0,-1.7200225035296839,-1.7038291136371058,-1.1327136198626917,-4.6177348534213465,-4.890423957501547,0.6930469870567322,0.0,-0.0,0.0,0.0,0.0,0.0,0.0,0.0,0.0,0.0,0.0,0.0,0
1786496292,908797025,100.0,-1.7200701872455042,-1.7038410345660608,-1.1327374617206019,-4.6177948156939905,-4.890387598668234,0.6930350065231323,0.0,-0.0,0.0,0.0,0.0,0.0,0.0,0.0,0.0,0.0,0.0,0.0,0
1786496292,929231882,100.0,-1.7200225035296839,-1.7037690321551722,-1.1327255407916468,-4.6177828947650355,-4.890459958706991,0.6930110454559326,0.0,-0.0,0.0,0.0,0.0,0.0,0.0,0.0,0.0,0.0,0.0,0.0,0
1786496292,948884963,100.0,-1.7200105826007288,-1.7038410345660608,-1.1327016989337366,-4.617770854626791,-4.890459958706991,0.6929990649223328,0.0,-0.0,0.0,0.0,0.0,0.0,0.0,0.0,0.0,0.0,0.0,0.0,0
1786496292,969882965,100.0,-1.7199862639056605,-1.7037690321551722,-1.1327856222735804,-4.6177828947650355,-4.890399638806478,0.693058967590332,0.0,-0.0,0.0,0.0,0.0,0.0,0.0,0.0,0.0,0.0,0.0,0.0,0
1786496292,988756656,100.0,-1.720046345387594,-1.7037690321551722,-1.132749382649557,-4.617722932492391,-4.890423957501547,0.693058967590332,0.0,-0.0,0.0,0.0,0.0,0.0,0.0,0.0,0.0,0.0,0.0,0.0,0
1786496293,9147167,100.0,-1.7200582663165491,-1.7037690321551722,-1.132749382649557,-4.6177948156939905,-4.890399638806478,0.6930469870567322,0.0,-0.0,0.0,0.0,0.0,0.0,0.0,0.0,0.0,0.0,0.0,0.0,0
1786496293,28747081,100.0,-1.720034424458639,-1.7038052717791956,-1.1327136198626917,-4.617710892354147,-4.890483919774191,0.6929990649223328,0.0,-0.0,0.0,0.0,0.0,0.0,0.0,0.0,0.0,0.0,0.0,0.0,0
1786496293,49234390,100.0,-1.720034424458639,-1.7038167158709925,-1.132761303578512,-4.6177948156939905,-4.890483919774191,0.6929870843887329,0.0,-0.0,0.0,0.0,0.0,0.0,0.0,0.0,0.0,0.0,0.0,0.0,0
1786496293,68727731,100.0,-1.720034424458639,-1.7037809530841272,-1.1327136198626917,-4.617758814488546,-4.890399638806478,0.6929990649223328,0.0,-0.0,0.0,0.0,0.0,0.0,0.0,0.0,0.0,0.0,0.0,0.0,0
1786496293,89133262,100.0,-1.720046345387594,-1.7038167158709925,-1.1327255407916468,-4.617770854626791,-4.890423957501547,0.6930469870567322,0.0,-0.0,0.0,0.0,0.0,0.0,0.0,0.0,0.0,0.0,0.0,0.0,0
1786496293,108709573,100.0,-1.720046345387594,-1.7037809530841272,-1.1327136198626917,-4.617770854626791,-4.890459958706991,0.6930350065231323,0.0,-0.0,0.0,0.0,0.0,0.0,0.0,0.0,0.0,0.0,0.0,0.0,0
1786496293,128973960,100.0,-1.7199624220477503,-1.7038167158709925,-1.1327016989337366,-4.6177948156939905,-4.890423957501547,0.6930829286575317,0.0,-0.0,0.0,0.0,0.0,0.0,0.0,0.0,0.0,0.0,0.0,0.0,0
1786496293,148908615,100.0,-1.7200225035296839,-1.7037690321551722,-1.1327737013446253,-4.617770854626791,-4.890423957501547,0.6929990649223328,0.0,-0.0,0.0,0.0,0.0,0.0,0.0,0.0,0.0,0.0,0.0,0.0,0
1786496293,168834924,100.0,-1.7199862639056605,-1.7038052717791956,-1.132749382649557,-4.6177348534213465,-4.890412036572592,0.6930110454559326,0.0,-0.0,0.0,0.0,0.0,0.0,0.0,0.0,0.0,0.0,0.0,0.0,0
1786496293,188786268,100.0,-1.7200225035296839,-1.7038167158709925,-1.1327255407916468,-4.617770854626791,-4.890447918568746,0.6930949091911316,0.0,-0.0,0.0,0.0,0.0,0.0,0.0,0.0,0.0,0.0,0.0,0.0,0
1786496293,208879947,100.0,-1.7200225035296839,-1.7038410345660608,-1.1327255407916468,-4.617758814488546,-4.890435997639791,0.6929990649223328,0.0,-0.0,0.0,0.0,0.0,0.0,0.0,0.0,0.0,0.0,0.0,0.0,0
1786496293,228726387,100.0,-1.7200105826007288,-1.7037928740130823,-1.1327136198626917,-4.617770854626791,-4.890423957501547,0.6930110454559326,0.0,-0.0,0.0,0.0,0.0,0.0,0.0,0.0,0.0,0.0,0.0,0.0,0
1786496293,249723434,100.0,-1.7200105826007288,-1.7038167158709925,-1.1327255407916468,-4.617758814488546,-4.890412036572592,0.693058967590332,0.0,-0.0,0.0,0.0,0.0,0.0,0.0,0.0,0.0,0.0,0.0,0.0,0
1786496293,268770933,100.0,-1.7200105826007288,-1.7037928740130823,-1.1327255407916468,-4.617758814488546,-4.890435997639791,0.6930469870567322,0.0,-0.0,0.0,0.0,0.0,0.0,0.0,0.0,0.0,0.0,0.0,0.0,0
1786496293,288971424,100.0,-1.7200225035296839,-1.7038052717791956,-1.1327374617206019,-4.617722932492391,-4.890423957501547,0.6930350065231323,0.0,-0.0,0.0,0.0,0.0,0.0,0.0,0.0,0.0,0.0,0.0,0.0,0
1786496293,308801889,100.0,-1.720034424458639,-1.7038291136371058,-1.1327136198626917,-4.617746893559591,-4.890447918568746,0.693058967590332,0.0,-0.0,0.0,0.0,0.0,0.0,0.0,0.0,0.0,0.0,0.0,0.0,0
1786496293,329225778,100.0,-1.7200225035296839,-1.7037809530841272,-1.132749382649557,-4.617770854626791,-4.890471879635946,0.693058967590332,0.0,-0.0,0.0,0.0,0.0,0.0,0.0,0.0,0.0,0.0,0.0,0.0,0
1786496293,348801374,100.0,-1.720034424458639,-1.7038291136371058,-1.132749382649557,-4.617746893559591,-4.890423957501547,0.6930469870567322,0.0,-0.0,0.0,0.0,0.0,0.0,0.0,0.0,0.0,0.0,0.0,0.0,0
1786496293,368976831,100.0,-1.7199624220477503,-1.7037690321551722,-1.1327737013446253,-4.617806855832235,-4.890423957501547,0.693058967590332,0.0,-0.0,0.0,0.0,0.0,0.0,0.0,0.0,0.0,0.0,0.0,0.0,0
1786496293,388746976,100.0,-1.7199862639056605,-1.7037809530841272,-1.1327016989337366,-4.617830816899435,-4.890423957501547,0.6930110454559326,0.0,-0.0,0.0,0.0,0.0,0.0,0.0,0.0,0.0,0.0,0.0,0.0,0
1786496293,409000873,100.0,-1.720046345387594,-1.7038167158709925,-1.1327136198626917,-4.617746893559591,-4.890399638806478,0.6930469870567322,0.0,-0.0,0.0,0.0,0.0,0.0,0.0,0.0,0.0,0.0,0.0,0.0,0
1786496293,428755283,100.0,-1.7199981848346155,-1.7038291136371058,-1.132749382649557,-4.617758814488546,-4.890435997639791,0.6930469870567322,0.0,-0.0,0.0,0.0,0.0,0.0,0.0,0.0,0.0,0.0,0.0,0.0,0
1786496293,449223279,100.0,-1.7200105826007288,-1.7038052717791956,-1.1327374617206019,-4.617806855832235,-4.890447918568746,0.6930469870567322,0.0,-0.0,0.0,0.0,0.0,0.0,0.0,0.0,0.0,0.0,0.0,0.0,0
1786496293,468872785,100.0,-1.720034424458639,-1.7037809530841272,-1.1327374617206019,-4.6177948156939905,-4.890435997639791,0.6930110454559326,0.0,-0.0,0.0,0.0,0.0,0.0,0.0,0.0,0.0,0.0,0.0,0.0,0
1786496293,489181756,100.0,-1.720034424458639,-1.7037809530841272,-1.1327374617206019,-4.617806855832235,-4.890387598668234,0.693058967590332,0.0,-0.0,0.0,0.0,0.0,0.0,0.0,0.0,0.0,0.0,0.0,0.0,0
1786496293,508766889,100.0,-1.7199624220477503,-1.7038410345660608,-1.1327255407916468,-4.617746893559591,-4.890447918568746,0.6930469870567322,0.0,-0.0,0.0,0.0,0.0,0.0,0.0,0.0,0.0,0.0,0.0,0.0,0
1786496293,529368162,100.0,-1.7200105826007288,-1.7037809530841272,-1.1327016989337366,-4.6177828947650355,-4.890435997639791,0.6930230259895325,0.0,-0.0,0.0,0.0,0.0,0.0,0.0,0.0,0.0,0.0,0.0,0.0,0
1786496293,548875808,100.0,-1.7199862639056605,-1.7038291136371058,-1.132749382649557,-4.6177348534213465,-4.890387598668234,0.6930230259895325,0.0,-0.0,0.0,0.0,0.0,0.0,0.0,0.0,0.0,0.0,0.0,0.0,0
1786496293,569101095,100.0,-1.7199743429767054,-1.7037690321551722,-1.1327374617206019,-4.617746893559591,-4.890375677739279,0.6929990649223328,0.0,-0.0,0.0,0.0,0.0,0.0,0.0,0.0,0.0,0.0,0.0,0.0,0
1786496293,588768720,100.0,-1.7199862639056605,-1.7037928740130823,-1.1327255407916468,-4.6177348534213465,-4.890399638806478,0.6930709481239319,0.0,-0.0,0.0,0.0,0.0,0.0,0.0,0.0,0.0,0.0,0.0,0.0,0
1786496293,609309196,100.0,-1.7200582663165491,-1.7037213484393519,-1.1327374617206019,-4.617770854626791,-4.890399638806478,0.6930110454559326,0.0,-0.0,0.0,0.0,0.0,0.0,0.0,0.0,0.0,0.0,0.0,0.0,0
1786496293,628861665,100.0,-1.7199981848346155,-1.7038291136371058,-1.1326897780047815,-4.6177948156939905,-4.890375677739279,0.6930709481239319,0.0,-0.0,0.0,0.0,0.0,0.0,0.0,0.0,0.0,0.0,0.0,0.0,0
1786496293,649386644,100.0,-1.720046345387594,-1.7037928740130823,-1.132749382649557,-4.617770854626791,-4.890399638806478,0.6929990649223328,0.0,-0.0,0.0,0.0,0.0,0.0,0.0,0.0,0.0,0.0,0.0,0.0,0
1786496293,668811798,100.0,-1.7200225035296839,-1.7038052717791956,-1.1327136198626917,-4.617758814488546,-4.890423957501547,0.6930350065231323,0.0,-0.0,0.0,0.0,0.0,0.0,0.0,0.0,0.0,0.0,0.0,0.0,0
1786496293,689539670,100.0,-1.7199862639056605,-1.7038291136371058,-1.132749382649557,-4.617746893559591,-4.890459958706991,0.6930230259895325,0.0,-0.0,0.0,0.0,0.0,0.0,0.0,0.0,0.0,0.0,0.0,0.0,0
1786496293,708770275,100.0,-1.7200225035296839,-1.703852955495016,-1.1327136198626917,-4.617770854626791,-4.890459958706991,0.6929990649223328,0.0,-0.0,0.0,0.0,0.0,0.0,0.0,0.0,0.0,0.0,0.0,0.0,0
1786496293,729225397,100.0,-1.7199862639056605,-1.7038291136371058,-1.1327136198626917,-4.617770854626791,-4.890435997639791,0.693058967590332,0.0,-0.0,0.0,0.0,0.0,0.0,0.0,0.0,0.0,0.0,0.0,0.0,0
1786496293,748872280,100.0,-1.7200105826007288,-1.7037928740130823,-1.1327016989337366,-4.617746893559591,-4.890399638806478,0.6930350065231323,0.0,-0.0,0.0,0.0,0.0,0.0,0.0,0.0,0.0,0.0,0.0,0.0,0
1786496293,769300222,100.0,-1.7200105826007288,-1.7038052717791956,-1.1326897780047815,-4.617722932492391,-4.890435997639791,0.6930350065231323,0.0,-0.0,0.0,0.0,0.0,0.0,0.0,0.0,0.0,0.0,0.0,0.0,0
1786496293,788784980,100.0,-1.720046345387594,-1.7038052717791956,-1.132749382649557,-4.617758814488546,-4.890435997639791,0.6930709481239319,0.0,-0.0,0.0,0.0,0.0,0.0,0.0,0.0,0.0,0.0,0.0,0.0,0
1786496293,809419870,100.0,-1.7200225035296839,-1.7038052717791956,-1.1327374617206019,-4.617770854626791,-4.890423957501547,0.6930469870567322,0.0,-0.0,0.0,0.0,0.0,0.0,0.0,0.0,0.0,0.0,0.0,0.0,0
1786496293,828916549,100.0,-1.720046345387594,-1.7038410345660608,-1.132749382649557,-4.6177948156939905,-4.890447918568746,0.6930350065231323,0.0,-0.0,0.0,0.0,0.0,0.0,0.0,0.0,0.0,0.0,0.0,0.0,0
1786496293,849201440,100.0,-1.7200225035296839,-1.7038052717791956,-1.1327255407916468,-4.6177348534213465,-4.890435997639791,0.6930709481239319,0.0,-0.0,0.0,0.0,0.0,0.0,0.0,0.0,0.0,0.0,0.0,0.0,0
1786496293,868888854,100.0,-1.720034424458639,-1.7038052717791956,-1.1327255407916468,-4.617806855832235,-4.890447918568746,0.693058967590332,0.0,-0.0,0.0,0.0,0.0,0.0,0.0,0.0,0.0,0.0,0.0,0.0,0
1786496293,889008045,100.0,-1.720046345387594,-1.703757111226217,-1.1327374617206019,-4.6177948156939905,-4.890447918568746,0.6930110454559326,0.0,-0.0,0.0,0.0,0.0,0.0,0.0,0.0,0.0,0.0,0.0,0.0,0
1786496293,908782243,100.0,-1.7200105826007288,-1.7037928740130823,-1.1327136198626917,-4.617722932492391,-4.890423957501547,0.6930469870567322,0.0,-0.0,0.0,0.0,0.0,0.0,0.0,0.0,0.0,0.0,0.0,0.0,0
1786496293,929417371,100.0,-1.7200225035296839,-1.7038167158709925,-1.132761303578512,-4.6177828947650355,-4.890423957501547,0.6930350065231323,0.0,-0.0,0.0,0.0,0.0,0.0,0.0,0.0,0.0,0.0,0.0,0.0,0
1786496293,948901891,100.0,-1.720034424458639,-1.7038167158709925,-1.132761303578512,-4.617746893559591,-4.890447918568746,0.6930110454559326,0.0,-0.0,0.0,0.0,0.0,0.0,0.0,0.0,0.0,0.0,0.0,0.0,0
1786496293,969495058,100.0,-1.7200225035296839,-1.7038410345660608,-1.132749382649557,-4.6177948156939905,-4.890399638806478,0.6929870843887329,0.0,-0.0,0.0,0.0,0.0,0.0,0.0,0.0,0.0,0.0,0.0,0.0,0
1786496293,988732337,100.0,-1.7199862639056605,-1.7037690321551722,-1.1327374617206019,-4.617770854626791,-4.890459958706991,0.6930469870567322,0.0,-0.0,0.0,0.0,0.0,0.0,0.0,0.0,0.0,0.0,0.0,0.0,0
1786496294,9078264,100.0,-1.720034424458639,-1.7038052717791956,-1.1327374617206019,-4.617770854626791,-4.890412036572592,0.6930949091911316,0.0,-0.0,0.0,0.0,0.0,0.0,0.0,0.0,0.0,0.0,0.0,0.0,0
1786496294,28720378,100.0,-1.7200105826007288,-1.7037928740130823,-1.1327136198626917,-4.617806855832235,-4.890435997639791,0.6930469870567322,0.0,-0.0,0.0,0.0,0.0,0.0,0.0,0.0,0.0,0.0,0.0,0.0,0
1786496294,49135208,100.0,-1.7199743429767054,-1.7037690321551722,-1.1327255407916468,-4.617722932492391,-4.890447918568746,0.6930469870567322,0.0,-0.0,0.0,0.0,0.0,0.0,0.0,0.0,0.0,0.0,0.0,0.0,0
1786496294,68830251,100.0,-1.7200105826007288,-1.7038167158709925,-1.1327016989337366,-4.617758814488546,-4.890447918568746,0.6930350065231323,0.0,-0.0,0.0,0.0,0.0,0.0,0.0,0.0,0.0,0.0,0.0,0.0,0
1786496294,89065790,100.0,-1.7200105826007288,-1.7038410345660608,-1.1327737013446253,-4.617722932492391,-4.890459958706991,0.6930110454559326,0.0,-0.0,0.0,0.0,0.0,0.0,0.0,0.0,0.0,0.0,0.0,0.0,0
1786496294,108784198,100.0,-1.7200225035296839,-1.7038052717791956,-1.1327255407916468,-4.617770854626791,-4.890399638806478,0.6930350065231323,0.0,-0.0,0.0,0.0,0.0,0.0,0.0,0.0,0.0,0.0,0.0,0.0,0
1786496294,128937005,100.0,-1.7200105826007288,-1.7038291136371058,-1.1327374617206019,-4.617758814488546,-4.890447918568746,0.6930350065231323,0.0,-0.0,0.0,0.0,0.0,0.0,0.0,0.0,0.0,0.0,0.0,0.0,0
1786496294,148840427,100.0,-1.7200225035296839,-1.703864876423971,-1.1327737013446253,-4.617746893559591,-4.890412036572592,0.6930110454559326,0.0,-0.0,0.0,0.0,0.0,0.0,0.0,0.0,0.0,0.0,0.0,0.0,0
1786496294,168968439,100.0,-1.7200225035296839,-1.7038052717791956,-1.1327856222735804,-4.617758814488546,-4.890483919774191,0.6930469870567322,0.0,-0.0,0.0,0.0,0.0,0.0,0.0,0.0,0.0,0.0,0.0,0.0,0
1786496294,188876628,100.0,-1.7199862639056605,-1.7037928740130823,-1.132749382649557,-4.617710892354147,-4.890471879635946,0.6930350065231323,0.0,-0.0,0.0,0.0,0.0,0.0,0.0,0.0,0.0,0.0,0.0,0.0,0
1786496294,208641767,100.0,-1.720034424458639,-1.7037928740130823,-1.132749382649557,-4.617758814488546,-4.890447918568746,0.693058967590332,0.0,-0.0,0.0,0.0,0.0,0.0,0.0,0.0,0.0,0.0,0.0,0.0,0
1786496294,228894233,100.0,-1.720034424458639,-1.7038410345660608,-1.1327975432025355,-4.6177348534213465,-4.890423957501547,0.6930110454559326,0.0,-0.0,0.0,0.0,0.0,0.0,0.0,0.0,0.0,0.0,0.0,0.0,0
1786496294,249627351,100.0,-1.7200105826007288,-1.7037928740130823,-1.1326897780047815,-4.617770854626791,-4.890435997639791,0.6930469870567322,0.0,-0.0,0.0,0.0,0.0,0.0,0.0,0.0,0.0,0.0,0.0,0.0,0
1786496294,268739700,100.0,-1.7199743429767054,-1.7038291136371058,-1.1327255407916468,-4.617746893559591,-4.890423957501547,0.6930350065231323,0.0,-0.0,0.0,0.0,0.0,0.0,0.0,0.0,0.0,0.0,0.0,0.0,0
1786496294,289037466,100.0,-1.7200225035296839,-1.7038410345660608,-1.1327374617206019,-4.617758814488546,-4.890412036572592,0.6930469870567322,0.0,-0.0,0.0,0.0,0.0,0.0,0.0,0.0,0.0,0.0,0.0,0.0,0
1786496294,308757305,100.0,-1.7200225035296839,-1.7038052717791956,-1.1327737013446253,-4.61781877676119,-4.890459958706991,0.6930110454559326,0.0,-0.0,0.0,0.0,0.0,0.0,0.0,0.0,0.0,0.0,0.0,0.0,0
1786496294,329031705,100.0,-1.7200105826007288,-1.703852955495016,-1.1327136198626917,-4.617722932492391,-4.890447918568746,0.6930709481239319,0.0,-0.0,0.0,0.0,0.0,0.0,0.0,0.0,0.0,0.0,0.0,0.0,0
1786496294,348868608,100.0,-1.7200105826007288,-1.7038410345660608,-1.1327856222735804,-4.6177828947650355,-4.890399638806478,0.6930230259895325,0.0,-0.0,0.0,0.0,0.0,0.0,0.0,0.0,0.0,0.0,0.0,0.0,0
1786496294,368959188,100.0,-1.7199624220477503,-1.7037809530841272,-1.1327374617206019,-4.617758814488546,-4.890447918568746,0.6930709481239319,0.0,-0.0,0.0,0.0,0.0,0.0,0.0,0.0,0.0,0.0,0.0,0.0,0
1786496294,388796329,100.0,-1.720046345387594,-1.703757111226217,-1.132761303578512,-4.617746893559591,-4.890423957501547,0.6930469870567322,0.0,-0.0,0.0,0.0,0.0,0.0,0.0,0.0,0.0,0.0,0.0,0.0,0
1786496294,409218549,100.0,-1.720034424458639,-1.7037809530841272,-1.132749382649557,-4.617758814488546,-4.890471879635946,0.6929990649223328,0.0,-0.0,0.0,0.0,0.0,0.0,0.0,0.0,0.0,0.0,0.0,0.0,0
1786496294,428828477,100.0,-1.7199743429767054,-1.7038291136371058,-1.132749382649557,-4.6177348534213465,-4.890412036572592,0.6930110454559326,0.0,-0.0,0.0,0.0,0.0,0.0,0.0,0.0,0.0,0.0,0.0,0.0,0
1786496294,448860645,100.0,-1.7200105826007288,-1.7037809530841272,-1.1327856222735804,-4.617746893559591,-4.890459958706991,0.6930469870567322,0.0,-0.0,0.0,0.0,0.0,0.0,0.0,0.0,0.0,0.0,0.0,0.0,0
1786496294,468851089,100.0,-1.7199981848346155,-1.7037809530841272,-1.1327374617206019,-4.617806855832235,-4.890399638806478,0.6930829286575317,0.0,-0.0,0.0,0.0,0.0,0.0,0.0,0.0,0.0,0.0,0.0,0.0,0
1786496294,489436864,100.0,-1.720046345387594,-1.7037690321551722,-1.1327374617206019,-4.6177828947650355,-4.890412036572592,0.6930230259895325,0.0,-0.0,0.0,0.0,0.0,0.0,0.0,0.0,0.0,0.0,0.0,0.0,0
1786496294,508755922,100.0,-1.7199743429767054,-1.7038887182818812,-1.1327975432025355,-4.617758814488546,-4.890435997639791,0.693058967590332,0.0,-0.0,0.0,0.0,0.0,0.0,0.0,0.0,0.0,0.0,0.0,0.0,0
1786496294,529211044,100.0,-1.7200105826007288,-1.7038052717791956,-1.1327374617206019,-4.617758814488546,-4.890471879635946,0.6929990649223328,0.0,-0.0,0.0,0.0,0.0,0.0,0.0,0.0,0.0,0.0,0.0,0.0,0
1786496294,548845529,100.0,-1.7199981848346155,-1.7037690321551722,-1.1327136198626917,-4.6177828947650355,-4.890459958706991,0.693058967590332,0.0,-0.0,0.0,0.0,0.0,0.0,0.0,0.0,0.0,0.0,0.0,0.0,0
1786496294,569056510,100.0,-1.7200105826007288,-1.7038167158709925,-1.1327136198626917,-4.6177948156939905,-4.890483919774191,0.693058967590332,0.0,-0.0,0.0,0.0,0.0,0.0,0.0,0.0,0.0,0.0,0.0,0.0,0
1786496294,588712215,100.0,-1.7200105826007288,-1.7038167158709925,-1.1327136198626917,-4.617746893559591,-4.890412036572592,0.6929870843887329,0.0,-0.0,0.0,0.0,0.0,0.0,0.0,0.0,0.0,0.0,0.0,0.0,0
1786496294,609069585,100.0,-1.7200225035296839,-1.703852955495016,-1.1327737013446253,-4.617698971425192,-4.890459958706991,0.6930709481239319,0.0,-0.0,0.0,0.0,0.0,0.0,0.0,0.0,0.0,0.0,0.0,0.0,0
1786496294,628826618,100.0,-1.7199624220477503,-1.7038167158709925,-1.132749382649557,-4.6177828947650355,-4.890447918568746,0.6930350065231323,0.0,-0.0,0.0,0.0,0.0,0.0,0.0,0.0,0.0,0.0,0.0,0.0,0
1786496294,649322271,100.0,-1.720034424458639,-1.7038291136371058,-1.132761303578512,-4.6177348534213465,-4.890412036572592,0.6930469870567322,0.0,-0.0,0.0,0.0,0.0,0.0,0.0,0.0,0.0,0.0,0.0,0.0,0
1786496294,668814659,100.0,-1.7200105826007288,-1.7037928740130823,-1.132761303578512,-4.617770854626791,-4.890423957501547,0.6929990649223328,0.0,-0.0,0.0,0.0,0.0,0.0,0.0,0.0,0.0,0.0,0.0,0.0,0
1786496294,688925981,100.0,-1.720034424458639,-1.7038052717791956,-1.1327016989337366,-4.617770854626791,-4.890447918568746,0.6929990649223328,0.0,-0.0,0.0,0.0,0.0,0.0,0.0,0.0,0.0,0.0,0.0,0.0,0
1786496294,708744287,100.0,-1.7200701872455042,-1.7038291136371058,-1.1327016989337366,-4.6177348534213465,-4.890423957501547,0.6930230259895325,0.0,-0.0,0.0,0.0,0.0,0.0,0.0,0.0,0.0,0.0,0.0,0.0,0
1786496294,728943824,100.0,-1.7200105826007288,-1.7037809530841272,-1.132761303578512,-4.617770854626791,-4.890471879635946,0.6930110454559326,0.0,-0.0,0.0,0.0,0.0,0.0,0.0,0.0,0.0,0.0,0.0,0.0,0
1786496294,748914957,100.0,-1.7199981848346155,-1.703745190297262,-1.1327374617206019,-4.617770854626791,-4.890435997639791,0.693058967590332,0.0,-0.0,0.0,0.0,0.0,0.0,0.0,0.0,0.0,0.0,0.0,0.0,0
1786496294,769217491,100.0,-1.720046345387594,-1.7038291136371058,-1.1327255407916468,-4.6177828947650355,-4.890423957501547,0.6930350065231323,0.0,-0.0,0.0,0.0,0.0,0.0,0.0,0.0,0.0,0.0,0.0,0.0,0
1786496294,788764238,100.0,-1.7200105826007288,-1.7037809530841272,-1.132749382649557,-4.6177948156939905,-4.890447918568746,0.6930230259895325,0.0,-0.0,0.0,0.0,0.0,0.0,0.0,0.0,0.0,0.0,0.0,0.0,0
1786496294,809184551,100.0,-1.720046345387594,-1.7038167158709925,-1.1327975432025355,-4.6177828947650355,-4.890447918568746,0.6930110454559326,0.0,-0.0,0.0,0.0,0.0,0.0,0.0,0.0,0.0,0.0,0.0,0.0,0
1786496294,828813791,100.0,-1.7200105826007288,-1.7037809530841272,-1.132749382649557,-4.617758814488546,-4.890412036572592,0.6930230259895325,0.0,-0.0,0.0,0.0,0.0,0.0,0.0,0.0,0.0,0.0,0.0,0.0,0
1786496294,849352359,100.0,-1.720034424458639,-1.7037809530841272,-1.1327016989337366,-4.6177348534213465,-4.890447918568746,0.6929990649223328,0.0,-0.0,0.0,0.0,0.0,0.0,0.0,0.0,0.0,0.0,0.0,0.0,0
1786496294,868699312,100.0,-1.7199624220477503,-1.7038291136371058,-1.1327136198626917,-4.6177948156939905,-4.890399638806478,0.6930469870567322,0.0,-0.0,0.0,0.0,0.0,0.0,0.0,0.0,0.0,0.0,0.0,0.0,0
1786496294,888823270,100.0,-1.7199981848346155,-1.7038052717791956,-1.1327136198626917,-4.6177948156939905,-4.890447918568746,0.6930469870567322,0.0,-0.0,0.0,0.0,0.0,0.0,0.0,0.0,0.0,0.0,0.0,0.0,0
1786496294,908754587,100.0,-1.7200105826007288,-1.7038291136371058,-1.1326773802386683,-4.617770854626791,-4.890412036572592,0.6930230259895325,0.0,-0.0,0.0,0.0,0.0,0.0,0.0,0.0,0.0,0.0,0.0,0.0,0
1786496294,929193496,100.0,-1.7199743429767054,-1.7037809530841272,-1.132749382649557,-4.617806855832235,-4.890435997639791,0.6930230259895325,0.0,-0.0,0.0,0.0,0.0,0.0,0.0,0.0,0.0,0.0,0.0,0.0,0
1786496294,948848009,100.0,-1.7199981848346155,-1.7037690321551722,-1.1327374617206019,-4.617770854626791,-4.890412036572592,0.6930230259895325,0.0,-0.0,0.0,0.0,0.0,0.0,0.0,0.0,0.0,0.0,0.0,0.0,0
1786496294,969387292,100.0,-1.7200701872455042,-1.7038167158709925,-1.132761303578512,-4.6177348534213465,-4.890423957501547,0.6929990649223328,0.0,-0.0,0.0,0.0,0.0,0.0,0.0,0.0,0.0,0.0,0.0,0.0,0
1786496294,988827466,100.0,-1.7200225035296839,-1.7037928740130823,-1.132761303578512,-4.6177948156939905,-4.890412036572592,0.6930709481239319,0.0,-0.0,0.0,0.0,0.0,0.0,0.0,0.0,0.0,0.0,0.0,0.0,0
1786496295,9023666,100.0,-1.7200582663165491,-1.7037928740130823,-1.1327374617206019,-4.6177348534213465,-4.890423957501547,0.6930469870567322,0.0,-0.0,0.0,0.0,0.0,0.0,0.0,0.0,0.0,0.0,0.0,0.0,0
1786496295,28838157,100.0,-1.7200225035296839,-1.7037928740130823,-1.132749382649557,-4.6177828947650355,-4.890447918568746,0.6930110454559326,0.0,-0.0,0.0,0.0,0.0,0.0,0.0,0.0,0.0,0.0,0.0,0.0,0
1786496295,49392700,100.0,-1.7200105826007288,-1.7038410345660608,-1.1327374617206019,-4.6177348534213465,-4.890447918568746,0.6930230259895325,0.0,-0.0,0.0,0.0,0.0,0.0,0.0,0.0,0.0,0.0,0.0,0.0,0
1786496295,68793535,100.0,-1.7200225035296839,-1.703852955495016,-1.1327374617206019,-4.6177948156939905,-4.890423957501547,0.6930469870567322,0.0,-0.0,0.0,0.0,0.0,0.0,0.0,0.0,0.0,0.0,0.0,0.0,0
1786496295,88958978,100.0,-1.7200225035296839,-1.703757111226217,-1.132749382649557,-4.6177348534213465,-4.890387598668234,0.6930709481239319,0.0,-0.0,0.0,0.0,0.0,0.0,0.0,0.0,0.0,0.0,0.0,0.0,0
1786496295,108742713,100.0,-1.7200225035296839,-1.7037809530841272,-1.1327856222735804,-4.6177948156939905,-4.890399638806478,0.6930230259895325,0.0,-0.0,0.0,0.0,0.0,0.0,0.0,0.0,0.0,0.0,0.0,0.0,0
1786496295,129409551,100.0,-1.7199981848346155,-1.7037809530841272,-1.1327136198626917,-4.617746893559591,-4.890423957501547,0.6930709481239319,0.0,-0.0,0.0,0.0,0.0,0.0,0.0,0.0,0.0,0.0,0.0,0.0,0
1786496295,148855209,100.0,-1.7200225035296839,-1.7037809530841272,-1.1327016989337366,-4.617746893559591,-4.890399638806478,0.6930110454559326,0.0,-0.0,0.0,0.0,0.0,0.0,0.0,0.0,0.0,0.0,0.0,0.0,0
1786496295,170034408,100.0,-1.7200821081744593,-1.7038291136371058,-1.1326773802386683,-4.617758814488546,-4.890399638806478,0.693058967590332,0.0,-0.0,0.0,0.0,0.0,0.0,0.0,0.0,0.0,0.0,0.0,0.0,0
1786496295,188753843,100.0,-1.7199862639056605,-1.7038052717791956,-1.1327136198626917,-4.617770854626791,-4.890399638806478,0.6930469870567322,0.0,-0.0,0.0,0.0,0.0,0.0,0.0,0.0,0.0,0.0,0.0,0.0,0
1786496295,209107160,100.0,-1.7200582663165491,-1.703864876423971,-1.1327016989337366,-4.6177828947650355,-4.890447918568746,0.6930469870567322,0.0,-0.0,0.0,0.0,0.0,0.0,0.0,0.0,0.0,0.0,0.0,0.0,0
1786496295,228790998,100.0,-1.7200105826007288,-1.7037928740130823,-1.1327255407916468,-4.617770854626791,-4.890447918568746,0.6930709481239319,0.0,-0.0,0.0,0.0,0.0,0.0,0.0,0.0,0.0,0.0,0.0,0.0,0
1786496295,249564886,100.0,-1.7199981848346155,-1.7038410345660608,-1.1327255407916468,-4.6177828947650355,-4.890399638806478,0.6930110454559326,0.0,-0.0,0.0,0.0,0.0,0.0,0.0,0.0,0.0,0.0,0.0,0.0,0
1786496295,268727779,100.0,-1.7200225035296839,-1.7038167158709925,-1.1327374617206019,-4.617770854626791,-4.890447918568746,0.6930829286575317,0.0,-0.0,0.0,0.0,0.0,0.0,0.0,0.0,0.0,0.0,0.0,0.0,0
1786496295,289082288,100.0,-1.720034424458639,-1.703852955495016,-1.132749382649557,-4.617770854626791,-4.890423957501547,0.6929990649223328,0.0,-0.0,0.0,0.0,0.0,0.0,0.0,0.0,0.0,0.0,0.0,0.0,0
1786496295,308707952,100.0,-1.7200225035296839,-1.7038052717791956,-1.1326897780047815,-4.617758814488546,-4.890423957501547,0.6930709481239319,0.0,-0.0,0.0,0.0,0.0,0.0,0.0,0.0,0.0,0.0,0.0,0.0,0
1786496295,329075813,100.0,-1.7200225035296839,-1.7037809530841272,-1.1327136198626917,-4.617758814488546,-4.890447918568746,0.6930709481239319,0.0,-0.0,0.0,0.0,0.0,0.0,0.0,0.0,0.0,0.0,0.0,0.0,0
1786496295,348906278,100.0,-1.7200225035296839,-1.7037809530841272,-1.132749382649557,-4.617722932492391,-4.890412036572592,0.6930230259895325,0.0,-0.0,0.0,0.0,0.0,0.0,0.0,0.0,0.0,0.0,0.0,0.0,0
1786496295,369177818,100.0,-1.7200105826007288,-1.7038052717791956,-1.132749382649557,-4.617770854626791,-4.890459958706991,0.6930709481239319,0.0,-0.0,0.0,0.0,0.0,0.0,0.0,0.0,0.0,0.0,0.0,0.0,0
1786496295,388792514,100.0,-1.7200225035296839,-1.7037690321551722,-1.1328094641314905,-4.617770854626791,-4.890412036572592,0.6930469870567322,0.0,-0.0,0.0,0.0,0.0,0.0,0.0,0.0,0.0,0.0,0.0,0.0,0
1786496295,409580230,100.0,-1.7200225035296839,-1.7038052717791956,-1.132761303578512,-4.617806855832235,-4.890447918568746,0.6930110454559326,0.0,-0.0,0.0,0.0,0.0,0.0,0.0,0.0,0.0,0.0,0.0,0.0,0
1786496295,428692817,100.0,-1.720034424458639,-1.7038167158709925,-1.132749382649557,-4.6177948156939905,-4.890412036572592,0.6929990649223328,0.0,-0.0,0.0,0.0,0.0,0.0,0.0,0.0,0.0,0.0,0.0,0.0,0
1786496295,449197769,100.0,-1.720034424458639,-1.7038410345660608,-1.1327136198626917,-4.6177348534213465,-4.890412036572592,0.6930350065231323,0.0,-0.0,0.0,0.0,0.0,0.0,0.0,0.0,0.0,0.0,0.0,0.0,0
1786496295,468854665,100.0,-1.720046345387594,-1.7038291136371058,-1.132761303578512,-4.6177948156939905,-4.890483919774191,0.6930469870567322,0.0,-0.0,0.0,0.0,0.0,0.0,0.0,0.0,0.0,0.0,0.0,0.0,0
1786496295,488975524,100.0,-1.7200105826007288,-1.7037690321551722,-1.1327737013446253,-4.617746893559591,-4.890435997639791,0.6930110454559326,0.0,-0.0,0.0,0.0,0.0,0.0,0.0,0.0,0.0,0.0,0.0,0.0,0
1786496295,508835315,100.0,-1.7200105826007288,-1.7038052717791956,-1.1327255407916468,-4.617746893559591,-4.890471879635946,0.6930709481239319,0.0,-0.0,0.0,0.0,0.0,0.0,0.0,0.0,0.0,0.0,0.0,0.0,0
1786496295,529124021,100.0,-1.7200582663165491,-1.7038410345660608,-1.1327255407916468,-4.617722932492391,-4.890447918568746,0.6930350065231323,0.0,-0.0,0.0,0.0,0.0,0.0,0.0,0.0,0.0,0.0,0.0,0.0,0
1786496295,548905134,100.0,-1.7200225035296839,-1.7038052717791956,-1.132761303578512,-4.617758814488546,-4.890459958706991,0.6930469870567322,0.0,-0.0,0.0,0.0,0.0,0.0,0.0,0.0,0.0,0.0,0.0,0.0,0
1786496295,568812131,100.0,-1.7200225035296839,-1.7038052717791956,-1.1327255407916468,-4.6177948156939905,-4.890399638806478,0.6930350065231323,0.0,-0.0,0.0,0.0,0.0,0.0,0.0,0.0,0.0,0.0,0.0,0.0,0
1786496295,588810682,100.0,-1.7200225035296839,-1.7038052717791956,-1.1327255407916468,-4.6177348534213465,-4.890423957501547,0.693058967590332,0.0,-0.0,0.0,0.0,0.0,0.0,0.0,0.0,0.0,0.0,0.0,0.0,0
1786496295,609078645,100.0,-1.7200582663165491,-1.7037928740130823,-1.1327374617206019,-4.6177828947650355,-4.890399638806478,0.693058967590332,0.0,-0.0,0.0,0.0,0.0,0.0,0.0,0.0,0.0,0.0,0.0,0.0,0
1786496295,628812551,100.0,-1.7199743429767054,-1.7038052717791956,-1.1327856222735804,-4.6177348534213465,-4.890483919774191,0.6930469870567322,0.0,-0.0,0.0,0.0,0.0,0.0,0.0,0.0,0.0,0.0,0.0,0.0,0
1786496295,649738788,100.0,-1.7200582663165491,-1.7038167158709925,-1.1327136198626917,-4.61781877676119,-4.890387598668234,0.693058967590332,0.0,-0.0,0.0,0.0,0.0,0.0,0.0,0.0,0.0,0.0,0.0,0.0,0
1786496295,668877601,100.0,-1.7200105826007288,-1.7037690321551722,-1.1326773802386683,-4.617710892354147,-4.890459958706991,0.6930230259895325,0.0,-0.0,0.0,0.0,0.0,0.0,0.0,0.0,0.0,0.0,0.0,0.0,0
1786496295,689301729,100.0,-1.720034424458639,-1.7037928740130823,-1.1327374617206019,-4.6177348534213465,-4.890423957501547,0.6930350065231323,0.0,-0.0,0.0,0.0,0.0,0.0,0.0,0.0,0.0,0.0,0.0,0.0,0
1786496295,708790063,100.0,-1.720034424458639,-1.7038167158709925,-1.132749382649557,-4.617710892354147,-4.890399638806478,0.6929990649223328,0.0,-0.0,0.0,0.0,0.0,0.0,0.0,0.0,0.0,0.0,0.0,0.0,0
1786496295,729136943,100.0,-1.7200105826007288,-1.7038291136371058,-1.1327255407916468,-4.6177828947650355,-4.890423957501547,0.6930829286575317,0.0,-0.0,0.0,0.0,0.0,0.0,0.0,0.0,0.0,0.0,0.0,0.0,0
1786496295,748851299,100.0,-1.7200701872455042,-1.7038291136371058,-1.1327374617206019,-4.617746893559591,-4.890412036572592,0.693058967590332,0.0,-0.0,0.0,0.0,0.0,0.0,0.0,0.0,0.0,0.0,0.0,0.0,0
1786496295,768942117,100.0,-1.7199743429767054,-1.7037809530841272,-1.1327136198626917,-4.6177948156939905,-4.890423957501547,0.6930230259895325,0.0,-0.0,0.0,0.0,0.0,0.0,0.0,0.0,0.0,0.0,0.0,0.0,0
1786496295,788795709,100.0,-1.7200582663165491,-1.7037928740130823,-1.1327374617206019,-4.617770854626791,-4.890447918568746,0.6929990649223328,0.0,-0.0,0.0,0.0,0.0,0.0,0.0,0.0,0.0,0.0,0.0,0.0,0
1786496295,808977603,100.0,-1.7200105826007288,-1.703852955495016,-1.132749382649557,-4.6177948156939905,-4.890412036572592,0.6930350065231323,0.0,-0.0,0.0,0.0,0.0,0.0,0.0,0.0,0.0,0.0,0.0,0.0,0
1786496295,828851222,100.0,-1.720046345387594,-1.703757111226217,-1.1327856222735804,-4.617746893559591,-4.890423957501547,0.6930230259895325,0.0,-0.0,0.0,0.0,0.0,0.0,0.0,0.0,0.0,0.0,0.0,0.0,0
1786496295,849489450,100.0,-1.7200582663165491,-1.7038291136371058,-1.132749382649557,-4.617758814488546,-4.890399638806478,0.6930829286575317,0.0,-0.0,0.0,0.0,0.0,0.0,0.0,0.0,0.0,0.0,0.0,0.0,0
1786496295,868860244,100.0,-1.7199981848346155,-1.7037327925311487,-1.132761303578512,-4.61781877676119,-4.890459958706991,0.6930469870567322,0.0,-0.0,0.0,0.0,0.0,0.0,0.0,0.0,0.0,0.0,0.0,0.0,0
1786496295,889194250,100.0,-1.7199981848346155,-1.7037928740130823,-1.1327136198626917,-4.617770854626791,-4.890435997639791,0.6929990649223328,0.0,-0.0,0.0,0.0,0.0,0.0,0.0,0.0,0.0,0.0,0.0,0.0,0
1786496295,908738851,100.0,-1.7200105826007288,-1.7038167158709925,-1.1327856222735804,-4.617770854626791,-4.890459958706991,0.6930350065231323,0.0,-0.0,0.0,0.0,0.0,0.0,0.0,0.0,0.0,0.0,0.0,0.0,0
1786496295,929069042,100.0,-1.720034424458639,-1.7038052717791956,-1.1327374617206019,-4.617806855832235,-4.890447918568746,0.6930350065231323,0.0,-0.0,0.0,0.0,0.0,0.0,0.0,0.0,0.0,0.0,0.0,0.0,0
1786496295,948833703,100.0,-1.7199981848346155,-1.7037928740130823,-1.132761303578512,-4.617770854626791,-4.890423957501547,0.6930469870567322,0.0,-0.0,0.0,0.0,0.0,0.0,0.0,0.0,0.0,0.0,0.0,0.0,0
1786496295,969078063,100.0,-1.720034424458639,-1.7037690321551722,-1.132749382649557,-4.6177828947650355,-4.890423957501547,0.6930110454559326,0.0,-0.0,0.0,0.0,0.0,0.0,0.0,0.0,0.0,0.0,0.0,0.0,0
1786496295,988784551,100.0,-1.7199862639056605,-1.703852955495016,-1.1327016989337366,-4.617770854626791,-4.890447918568746,0.6930110454559326,0.0,-0.0,0.0,0.0,0.0,0.0,0.0,0.0,0.0,0.0,0.0,0.0,0
1786496296,8806943,100.0,-1.7200105826007288,-1.7038410345660608,-1.132761303578512,-4.617806855832235,-4.890399638806478,0.6929990649223328,0.0,-0.0,0.0,0.0,0.0,0.0,0.0,0.0,0.0,0.0,0.0,0.0,0
1786496296,28895139,100.0,-1.720046345387594,-1.7038052717791956,-1.1327136198626917,-4.617770854626791,-4.890387598668234,0.6930469870567322,0.0,-0.0,0.0,0.0,0.0,0.0,0.0,0.0,0.0,0.0,0.0,0.0,0
1786496296,49359321,100.0,-1.720034424458639,-1.7038167158709925,-1.1327374617206019,-4.617746893559591,-4.890459958706991,0.6929990649223328,0.0,-0.0,0.0,0.0,0.0,0.0,0.0,0.0,0.0,0.0,0.0,0.0,0
1786496296,68852663,100.0,-1.7199743429767054,-1.7038167158709925,-1.132749382649557,-4.6177948156939905,-4.890435997639791,0.6930230259895325,0.0,-0.0,0.0,0.0,0.0,0.0,0.0,0.0,0.0,0.0,0.0,0.0,0
1786496296,89329242,100.0,-1.7199981848346155,-1.7037690321551722,-1.1327255407916468,-4.617746893559591,-4.890447918568746,0.6929990649223328,0.0,-0.0,0.0,0.0,0.0,0.0,0.0,0.0,0.0,0.0,0.0,0.0,0
1786496296,108729600,100.0,-1.7200225035296839,-1.703852955495016,-1.132761303578512,-4.6177348534213465,-4.890447918568746,0.6929990649223328,0.0,-0.0,0.0,0.0,0.0,0.0,0.0,0.0,0.0,0.0,0.0,0.0,0
1786496296,129542112,100.0,-1.720034424458639,-1.7037809530841272,-1.1327136198626917,-4.617746893559591,-4.890459958706991,0.6930230259895325,0.0,-0.0,0.0,0.0,0.0,0.0,0.0,0.0,0.0,0.0,0.0,0.0,0
1786496296,148760318,100.0,-1.720046345387594,-1.7038052717791956,-1.1327255407916468,-4.6177828947650355,-4.890435997639791,0.6930110454559326,0.0,-0.0,0.0,0.0,0.0,0.0,0.0,0.0,0.0,0.0,0.0,0.0,0
1786496296,169236183,100.0,-1.7200225035296839,-1.7038167158709925,-1.1327136198626917,-4.617710892354147,-4.890423957501547,0.6930350065231323,0.0,-0.0,0.0,0.0,0.0,0.0,0.0,0.0,0.0,0.0,0.0,0.0,0
1786496296,188781976,100.0,-1.7199743429767054,-1.7038167158709925,-1.1327136198626917,-4.617758814488546,-4.890399638806478,0.6930350065231323,0.0,-0.0,0.0,0.0,0.0,0.0,0.0,0.0,0.0,0.0,0.0,0.0,0
1786496296,209089517,100.0,-1.720046345387594,-1.703757111226217,-1.1327136198626917,-4.6177828947650355,-4.890387598668234,0.6930230259895325,0.0,-0.0,0.0,0.0,0.0,0.0,0.0,0.0,0.0,0.0,0.0,0.0,0
1786496296,228753328,100.0,-1.7200225035296839,-1.7038410345660608,-1.1327136198626917,-4.617770854626791,-4.890412036572592,0.6930110454559326,0.0,-0.0,0.0,0.0,0.0,0.0,0.0,0.0,0.0,0.0,0.0,0.0,0
1786496296,249511480,100.0,-1.7200105826007288,-1.7038291136371058,-1.132749382649557,-4.617758814488546,-4.890387598668234,0.6930469870567322,0.0,-0.0,0.0,0.0,0.0,0.0,0.0,0.0,0.0,0.0,0.0,0.0,0
1786496296,268798828,100.0,-1.7199862639056605,-1.7037928740130823,-1.132749382649557,-4.617830816899435,-4.890447918568746,0.6930469870567322,0.0,-0.0,0.0,0.0,0.0,0.0,0.0,0.0,0.0,0.0,0.0,0.0,0
1786496296,289163589,100.0,-1.7200105826007288,-1.7038167158709925,-1.1327975432025355,-4.6177348534213465,-4.890387598668234,0.6930110454559326,0.0,-0.0,0.0,0.0,0.0,0.0,0.0,0.0,0.0,0.0,0.0,0.0,0
1786496296,308880805,100.0,-1.7200582663165491,-1.7038052717791956,-1.132749382649557,-4.617758814488546,-4.890412036572592,0.6930110454559326,0.0,-0.0,0.0,0.0,0.0,0.0,0.0,0.0,0.0,0.0,0.0,0.0,0
1786496296,329331159,100.0,-1.7199624220477503,-1.703852955495016,-1.132761303578512,-4.617806855832235,-4.890435997639791,0.6930110454559326,0.0,-0.0,0.0,0.0,0.0,0.0,0.0,0.0,0.0,0.0,0.0,0.0,0
1786496296,348840713,100.0,-1.7200105826007288,-1.7037809530841272,-1.1327374617206019,-4.617758814488546,-4.890412036572592,0.6930469870567322,0.0,-0.0,0.0,0.0,0.0,0.0,0.0,0.0,0.0,0.0,0.0,0.0,0
1786496296,368987321,100.0,-1.720034424458639,-1.7037809530841272,-1.1327016989337366,-4.617758814488546,-4.890459958706991,0.6929990649223328,0.0,-0.0,0.0,0.0,0.0,0.0,0.0,0.0,0.0,0.0,0.0,0.0,0
1786496296,388737678,100.0,-1.720046345387594,-1.7038052717791956,-1.1327374617206019,-4.617770854626791,-4.890435997639791,0.6930230259895325,0.0,-0.0,0.0,0.0,0.0,0.0,0.0,0.0,0.0,0.0,0.0,0.0,0
1786496296,409026145,100.0,-1.7199981848346155,-1.7038410345660608,-1.1326897780047815,-4.617770854626791,-4.890447918568746,0.6929990649223328,0.0,-0.0,0.0,0.0,0.0,0.0,0.0,0.0,0.0,0.0,0.0,0.0,0
1786496296,428758621,100.0,-1.7200105826007288,-1.7038291136371058,-1.1327255407916468,-4.617722932492391,-4.890447918568746,0.6930110454559326,0.0,-0.0,0.0,0.0,0.0,0.0,0.0,0.0,0.0,0.0,0.0,0.0,0
1786496296,449218034,100.0,-1.7200225035296839,-1.703757111226217,-1.1327737013446253,-4.617770854626791,-4.890459958706991,0.6930230259895325,0.0,-0.0,0.0,0.0,0.0,0.0,0.0,0.0,0.0,0.0,0.0,0.0,0
1786496296,468750476,100.0,-1.720034424458639,-1.7037809530841272,-1.1327016989337366,-4.6177828947650355,-4.890447918568746,0.693058967590332,0.0,-0.0,0.0,0.0,0.0,0.0,0.0,0.0,0.0,0.0,0.0,0.0,0
1786496296,489171743,100.0,-1.720046345387594,-1.7037928740130823,-1.1326897780047815,-4.617722932492391,-4.890459958706991,0.6930469870567322,0.0,-0.0,0.0,0.0,0.0,0.0,0.0,0.0,0.0,0.0,0.0,0.0,0
1786496296,508796453,100.0,-1.7199862639056605,-1.7038052717791956,-1.1327255407916468,-4.6177828947650355,-4.890423957501547,0.693058967590332,0.0,-0.0,0.0,0.0,0.0,0.0,0.0,0.0,0.0,0.0,0.0,0.0,0
1786496296,528789043,100.0,-1.720034424458639,-1.7038167158709925,-1.1327255407916468,-4.617770854626791,-4.890412036572592,0.6930350065231323,0.0,-0.0,0.0,0.0,0.0,0.0,0.0,0.0,0.0,0.0,0.0,0.0,0
1786496296,548862218,100.0,-1.7200105826007288,-1.7038167158709925,-1.1327255407916468,-4.617770854626791,-4.890399638806478,0.6930350065231323,0.0,-0.0,0.0,0.0,0.0,0.0,0.0,0.0,0.0,0.0,0.0,0.0,0
1786496296,569182395,100.0,-1.7200582663165491,-1.7038291136371058,-1.1327374617206019,-4.617770854626791,-4.890435997639791,0.6930110454559326,0.0,-0.0,0.0,0.0,0.0,0.0,0.0,0.0,0.0,0.0,0.0,0.0,0
1786496296,588779211,100.0,-1.7200701872455042,-1.7037809530841272,-1.1327374617206019,-4.617746893559591,-4.890447918568746,0.6930230259895325,0.0,-0.0,0.0,0.0,0.0,0.0,0.0,0.0,0.0,0.0,0.0,0.0,0
1786496296,609113693,100.0,-1.720046345387594,-1.7038410345660608,-1.132749382649557,-4.6177828947650355,-4.890412036572592,0.6929870843887329,0.0,-0.0,0.0,0.0,0.0,0.0,0.0,0.0,0.0,0.0,0.0,0.0,0
1786496296,628801584,100.0,-1.7200582663165491,-1.7038052717791956,-1.1327136198626917,-4.617758814488546,-4.890483919774191,0.6930469870567322,0.0,-0.0,0.0,0.0,0.0,0.0,0.0,0.0,0.0,0.0,0.0,0.0,0
1786496296,649044990,100.0,-1.720046345387594,-1.7037809530841272,-1.1327136198626917,-4.617770854626791,-4.890387598668234,0.6930230259895325,0.0,-0.0,0.0,0.0,0.0,0.0,0.0,0.0,0.0,0.0,0.0,0.0,0
1786496296,668699979,100.0,-1.7199981848346155,-1.703852955495016,-1.132761303578512,-4.6177348534213465,-4.890412036572592,0.6930350065231323,0.0,-0.0,0.0,0.0,0.0,0.0,0.0,0.0,0.0,0.0,0.0,0.0,0
1786496296,689271450,100.0,-1.7200225035296839,-1.7037690321551722,-1.1327255407916468,-4.6177828947650355,-4.890412036572592,0.693058967590332,0.0,-0.0,0.0,0.0,0.0,0.0,0.0,0.0,0.0,0.0,0.0,0.0,0
1786496296,708779335,100.0,-1.7199624220477503,-1.7037809530841272,-1.1327374617206019,-4.617758814488546,-4.890447918568746,0.6929870843887329,0.0,-0.0,0.0,0.0,0.0,0.0,0.0,0.0,0.0,0.0,0.0,0.0,0
1786496296,729118824,100.0,-1.7199981848346155,-1.7037928740130823,-1.132749382649557,-4.617770854626791,-4.890459958706991,0.6930469870567322,0.0,-0.0,0.0,0.0,0.0,0.0,0.0,0.0,0.0,0.0,0.0,0.0,0
1786496296,749095439,100.0,-1.7199981848346155,-1.7038052717791956,-1.1327374617206019,-4.6177348534213465,-4.890447918568746,0.6930230259895325,0.0,-0.0,0.0,0.0,0.0,0.0,0.0,0.0,0.0,0.0,0.0,0.0,0
1786496296,769043207,100.0,-1.7200105826007288,-1.7037809530841272,-1.132749382649557,-4.617758814488546,-4.890423957501547,0.6930230259895325,0.0,-0.0,0.0,0.0,0.0,0.0,0.0,0.0,0.0,0.0,0.0,0.0,0
1786496296,788886547,100.0,-1.720046345387594,-1.7037690321551722,-1.132749382649557,-4.617758814488546,-4.890399638806478,0.6930110454559326,0.0,-0.0,0.0,0.0,0.0,0.0,0.0,0.0,0.0,0.0,0.0,0.0,0
1786496296,809119701,100.0,-1.720046345387594,-1.7038167158709925,-1.132749382649557,-4.617746893559591,-4.890447918568746,0.6930469870567322,0.0,-0.0,0.0,0.0,0.0,0.0,0.0,0.0,0.0,0.0,0.0,0.0,0
1786496296,828792095,100.0,-1.7200225035296839,-1.7038167158709925,-1.1327136198626917,-4.617770854626791,-4.890375677739279,0.6930469870567322,0.0,-0.0,0.0,0.0,0.0,0.0,0.0,0.0,0.0,0.0,0.0,0.0,0
1786496296,849226236,100.0,-1.7199862639056605,-1.7037809530841272,-1.1327255407916468,-4.6177348534213465,-4.890423957501547,0.6930110454559326,0.0,-0.0,0.0,0.0,0.0,0.0,0.0,0.0,0.0,0.0,0.0,0.0,0
1786496296,868855476,100.0,-1.7200105826007288,-1.7037690321551722,-1.1327856222735804,-4.617758814488546,-4.890399638806478,0.6930469870567322,0.0,-0.0,0.0,0.0,0.0,0.0,0.0,0.0,0.0,0.0,0.0,0.0,0
1786496296,888988018,100.0,-1.7200701872455042,-1.7037928740130823,-1.1327016989337366,-4.617770854626791,-4.890412036572592,0.6930110454559326,0.0,-0.0,0.0,0.0,0.0,0.0,0.0,0.0,0.0,0.0,0.0,0.0,0
1786496296,908720970,100.0,-1.7200105826007288,-1.7038167158709925,-1.1327374617206019,-4.617722932492391,-4.890435997639791,0.693058967590332,0.0,-0.0,0.0,0.0,0.0,0.0,0.0,0.0,0.0,0.0,0.0,0.0,0
1786496296,929406166,100.0,-1.7199743429767054,-1.7037928740130823,-1.132749382649557,-4.617806855832235,-4.890459958706991,0.6930469870567322,0.0,-0.0,0.0,0.0,0.0,0.0,0.0,0.0,0.0,0.0,0.0,0.0,0
1786496296,948835849,100.0,-1.7199862639056605,-1.7037928740130823,-1.132749382649557,-4.6177828947650355,-4.890423957501547,0.6930469870567322,0.0,-0.0,0.0,0.0,0.0,0.0,0.0,0.0,0.0,0.0,0.0,0.0,0
1786496296,968802452,100.0,-1.7200225035296839,-1.7037809530841272,-1.132749382649557,-4.617770854626791,-4.890447918568746,0.6930709481239319,0.0,-0.0,0.0,0.0,0.0,0.0,0.0,0.0,0.0,0.0,0.0,0.0,0
1786496296,988802194,100.0,-1.7200225035296839,-1.7037809530841272,-1.1326897780047815,-4.6177828947650355,-4.890423957501547,0.6930230259895325,0.0,-0.0,0.0,0.0,0.0,0.0,0.0,0.0,0.0,0.0,0.0,0.0,0
1786496297,9137868,100.0,-1.7199981848346155,-1.7037690321551722,-1.1327374617206019,-4.617758814488546,-4.890447918568746,0.6930350065231323,0.0,-0.0,0.0,0.0,0.0,0.0,0.0,0.0,0.0,0.0,0.0,0.0,0
1786496297,28931856,100.0,-1.7199743429767054,-1.703852955495016,-1.132749382649557,-4.617806855832235,-4.890435997639791,0.6929990649223328,0.0,-0.0,0.0,0.0,0.0,0.0,0.0,0.0,0.0,0.0,0.0,0.0,0
1786496297,49339532,100.0,-1.7200105826007288,-1.703852955495016,-1.1327737013446253,-4.617758814488546,-4.890423957501547,0.6930350065231323,0.0,-0.0,0.0,0.0,0.0,0.0,0.0,0.0,0.0,0.0,0.0,0.0,0
1786496297,68814754,100.0,-1.7199862639056605,-1.7037809530841272,-1.132761303578512,-4.6177348534213465,-4.890459958706991,0.6930230259895325,0.0,-0.0,0.0,0.0,0.0,0.0,0.0,0.0,0.0,0.0,0.0,0.0,0
1786496297,89083909,100.0,-1.7199862639056605,-1.7038291136371058,-1.132749382649557,-4.6177948156939905,-4.890412036572592,0.6930110454559326,0.0,-0.0,0.0,0.0,0.0,0.0,0.0,0.0,0.0,0.0,0.0,0.0,0
1786496297,108777046,100.0,-1.7199862639056605,-1.7037928740130823,-1.1327255407916468,-4.617770854626791,-4.890412036572592,0.6929870843887329,0.0,-0.0,0.0,0.0,0.0,0.0,0.0,0.0,0.0,0.0,0.0,0.0,0
1786496297,129729986,100.0,-1.7199743429767054,-1.7037809530841272,-1.1327255407916468,-4.6177828947650355,-4.890435997639791,0.6930350065231323,0.0,-0.0,0.0,0.0,0.0,0.0,0.0,0.0,0.0,0.0,0.0,0.0,0
1786496297,148910999,100.0,-1.7200105826007288,-1.7037928740130823,-1.1327136198626917,-4.617770854626791,-4.890435997639791,0.6930230259895325,0.0,-0.0,0.0,0.0,0.0,0.0,0.0,0.0,0.0,0.0,0.0,0.0,0
1786496297,169172525,100.0,-1.7200105826007288,-1.7037809530841272,-1.1327136198626917,-4.6177948156939905,-4.890471879635946,0.6930469870567322,0.0,-0.0,0.0,0.0,0.0,0.0,0.0,0.0,0.0,0.0,0.0,0.0,0
1786496297,188737869,100.0,-1.7200701872455042,-1.703852955495016,-1.132749382649557,-4.617746893559591,-4.890447918568746,0.693058967590332,0.0,-0.0,0.0,0.0,0.0,0.0,0.0,0.0,0.0,0.0,0.0,0.0,0
1786496297,208981275,100.0,-1.7200225035296839,-1.7038167158709925,-1.1326897780047815,-4.6177948156939905,-4.890435997639791,0.6929870843887329,0.0,-0.0,0.0,0.0,0.0,0.0,0.0,0.0,0.0,0.0,0.0,0.0,0
1786496297,228839397,100.0,-1.720046345387594,-1.703757111226217,-1.132749382649557,-4.6177348534213465,-4.890423957501547,0.6930469870567322,0.0,-0.0,0.0,0.0,0.0,0.0,0.0,0.0,0.0,0.0,0.0,0.0,0
1786496297,249713182,100.0,-1.720034424458639,-1.7037809530841272,-1.1327136198626917,-4.6177348534213465,-4.890399638806478,0.6930469870567322,0.0,-0.0,0.0,0.0,0.0,0.0,0.0,0.0,0.0,0.0,0.0,0.0,0
1786496297,268674373,100.0,-1.720046345387594,-1.703864876423971,-1.132749382649557,-4.6177948156939905,-4.890399638806478,0.693058967590332,0.0,-0.0,0.0,0.0,0.0,0.0,0.0,0.0,0.0,0.0,0.0,0.0,0
1786496297,289271593,100.0,-1.7199862639056605,-1.7038052717791956,-1.132761303578512,-4.6177828947650355,-4.890435997639791,0.6930829286575317,0.0,-0.0,0.0,0.0,0.0,0.0,0.0,0.0,0.0,0.0,0.0,0.0,0
1786496297,308796644,100.0,-1.7199981848346155,-1.7038410345660608,-1.132749382649557,-4.6177348534213465,-4.890412036572592,0.6930709481239319,0.0,-0.0,0.0,0.0,0.0,0.0,0.0,0.0,0.0,0.0,0.0,0.0,0
1786496297,329184532,100.0,-1.7200225035296839,-1.7038291136371058,-1.1327136198626917,-4.617758814488546,-4.890447918568746,0.6929990649223328,0.0,-0.0,0.0,0.0,0.0,0.0,0.0,0.0,0.0,0.0,0.0,0.0,0
1786496297,348867893,100.0,-1.720046345387594,-1.7037928740130823,-1.1327255407916468,-4.617770854626791,-4.890412036572592,0.6930350065231323,0.0,-0.0,0.0,0.0,0.0,0.0,0.0,0.0,0.0,0.0,0.0,0.0,0
1786496297,369680404,100.0,-1.720034424458639,-1.7038052717791956,-1.132749382649557,-4.617746893559591,-4.890447918568746,0.6930469870567322,0.0,-0.0,0.0,0.0,0.0,0.0,0.0,0.0,0.0,0.0,0.0,0.0,0
1786496297,388734579,100.0,-1.720046345387594,-1.7037809530841272,-1.132749382649557,-4.6177348534213465,-4.890447918568746,0.693058967590332,0.0,-0.0,0.0,0.0,0.0,0.0,0.0,0.0,0.0,0.0,0.0,0.0,0
1786496297,408977508,100.0,-1.7199862639056605,-1.7038167158709925,-1.1327374617206019,-4.617758814488546,-4.890412036572592,0.6930469870567322,0.0,-0.0,0.0,0.0,0.0,0.0,0.0,0.0,0.0,0.0,0.0,0.0,0
1786496297,428877115,100.0,-1.7199981848346155,-1.7037928740130823,-1.1327737013446253,-4.617806855832235,-4.890447918568746,0.6930230259895325,0.0,-0.0,0.0,0.0,0.0,0.0,0.0,0.0,0.0,0.0,0.0,0.0,0
1786496297,449237108,100.0,-1.720046345387594,-1.7037928740130823,-1.1327374617206019,-4.6177828947650355,-4.890399638806478,0.6929870843887329,0.0,-0.0,0.0,0.0,0.0,0.0,0.0,0.0,0.0,0.0,0.0,0.0,0
1786496297,468789100,100.0,-1.7200225035296839,-1.7037809530841272,-1.1326897780047815,-4.6177828947650355,-4.890423957501547,0.6930709481239319,0.0,-0.0,0.0,0.0,0.0,0.0,0.0,0.0,0.0,0.0,0.0,0.0,0
1786496297,489243984,100.0,-1.7200105826007288,-1.7038052717791956,-1.1327016989337366,-4.6177348534213465,-4.890447918568746,0.693058967590332,0.0,-0.0,0.0,0.0,0.0,0.0,0.0,0.0,0.0,0.0,0.0,0.0,0
1786496297,508736848,100.0,-1.7200105826007288,-1.7037809530841272,-1.1327255407916468,-4.6177828947650355,-4.890412036572592,0.6930110454559326,0.0,-0.0,0.0,0.0,0.0,0.0,0.0,0.0,0.0,0.0,0.0,0.0,0
1786496297,529050588,100.0,-1.7199981848346155,-1.7038052717791956,-1.132761303578512,-4.617722932492391,-4.890447918568746,0.6930829286575317,0.0,-0.0,0.0,0.0,0.0,0.0,0.0,0.0,0.0,0.0,0.0,0.0,0
1786496297,548789024,100.0,-1.720046345387594,-1.7038052717791956,-1.132749382649557,-4.6177348534213465,-4.890471879635946,0.6930469870567322,0.0,-0.0,0.0,0.0,0.0,0.0,0.0,0.0,0.0,0.0,0.0,0.0,0
1786496297,568956375,100.0,-1.720034424458639,-1.7037690321551722,-1.1327016989337366,-4.617722932492391,-4.890399638806478,0.6930230259895325,0.0,-0.0,0.0,0.0,0.0,0.0,0.0,0.0,0.0,0.0,0.0,0.0,0
1786496297,588821411,100.0,-1.7200582663165491,-1.7037809530841272,-1.132761303578512,-4.617758814488546,-4.890423957501547,0.6930350065231323,0.0,-0.0,0.0,0.0,0.0,0.0,0.0,0.0,0.0,0.0,0.0,0.0,0
1786496297,609002590,100.0,-1.7200582663165491,-1.7038167158709925,-1.1327856222735804,-4.6177828947650355,-4.890447918568746,0.6929870843887329,0.0,-0.0,0.0,0.0,0.0,0.0,0.0,0.0,0.0,0.0,0.0,0.0,0
1786496297,628758430,100.0,-1.7200105826007288,-1.7037928740130823,-1.1326773802386683,-4.6177828947650355,-4.890423957501547,0.6930350065231323,0.0,-0.0,0.0,0.0,0.0,0.0,0.0,0.0,0.0,0.0,0.0,0.0,0
1786496297,649363756,100.0,-1.7200105826007288,-1.7038291136371058,-1.132761303578512,-4.617746893559591,-4.890435997639791,0.6930469870567322,0.0,-0.0,0.0,0.0,0.0,0.0,0.0,0.0,0.0,0.0,0.0,0.0,0
1786496297,668844938,100.0,-1.7199981848346155,-1.7037690321551722,-1.1327016989337366,-4.617746893559591,-4.890423957501547,0.6930110454559326,0.0,-0.0,0.0,0.0,0.0,0.0,0.0,0.0,0.0,0.0,0.0,0.0,0
1786496297,689214229,100.0,-1.7200225035296839,-1.7038052717791956,-1.132761303578512,-4.6177348534213465,-4.890412036572592,0.6929990649223328,0.0,-0.0,0.0,0.0,0.0,0.0,0.0,0.0,0.0,0.0,0.0,0.0,0
1786496297,708797693,100.0,-1.720034424458639,-1.7037928740130823,-1.1327374617206019,-4.617746893559591,-4.890399638806478,0.6930350065231323,0.0,-0.0,0.0,0.0,0.0,0.0,0.0,0.0,0.0,0.0,0.0,0.0,0
1786496297,729139566,100.0,-1.7200225035296839,-1.7037928740130823,-1.1327374617206019,-4.6177348534213465,-4.890459958706991,0.6930230259895325,0.0,-0.0,0.0,0.0,0.0,0.0,0.0,0.0,0.0,0.0,0.0,0.0,0
1786496297,748809576,100.0,-1.7200105826007288,-1.7038291136371058,-1.1327374617206019,-4.6177348534213465,-4.890399638806478,0.6929990649223328,0.0,-0.0,0.0,0.0,0.0,0.0,0.0,0.0,0.0,0.0,0.0,0.0,0
1786496297,769016981,100.0,-1.7200582663165491,-1.7037928740130823,-1.1327136198626917,-4.617758814488546,-4.890447918568746,0.6930350065231323,0.0,-0.0,0.0,0.0,0.0,0.0,0.0,0.0,0.0,0.0,0.0,0.0,0
1786496297,788757801,100.0,-1.7200105826007288,-1.7038291136371058,-1.1326773802386683,-4.617770854626791,-4.890387598668234,0.6930350065231323,0.0,-0.0,0.0,0.0,0.0,0.0,0.0,0.0,0.0,0.0,0.0,0.0,0
1786496297,809114456,100.0,-1.720034424458639,-1.7038167158709925,-1.1327737013446253,-4.6177348534213465,-4.890447918568746,0.6930350065231323,0.0,-0.0,0.0,0.0,0.0,0.0,0.0,0.0,0.0,0.0,0.0,0.0,0
1786496297,828799486,100.0,-1.7200225035296839,-1.7038052717791956,-1.1327136198626917,-4.617722932492391,-4.890435997639791,0.6930230259895325,0.0,-0.0,0.0,0.0,0.0,0.0,0.0,0.0,0.0,0.0,0.0,0.0,0
1786496297,849580287,100.0,-1.7199981848346155,-1.7037327925311487,-1.1327016989337366,-4.617722932492391,-4.890447918568746,0.6929990649223328,0.0,-0.0,0.0,0.0,0.0,0.0,0.0,0.0,0.0,0.0,0.0,0.0,0
1786496297,868770122,100.0,-1.7200225035296839,-1.7037928740130823,-1.1327136198626917,-4.617770854626791,-4.890423957501547,0.6930469870567322,0.0,-0.0,0.0,0.0,0.0,0.0,0.0,0.0,0.0,0.0,0.0,0.0,0
1786496297,889008998,100.0,-1.7200582663165491,-1.703864876423971,-1.132749382649557,-4.6177828947650355,-4.890459958706991,0.6930469870567322,0.0,-0.0,0.0,0.0,0.0,0.0,0.0,0.0,0.0,0.0,0.0,0.0,0
1786496297,908813476,100.0,-1.7199981848346155,-1.7038052717791956,-1.1327374617206019,-4.6177348534213465,-4.890423957501547,0.6930350065231323,0.0,-0.0,0.0,0.0,0.0,0.0,0.0,0.0,0.0,0.0,0.0,0.0,0
1786496297,929535627,100.0,-1.720046345387594,-1.703852955495016,-1.1327255407916468,-4.6177828947650355,-4.890412036572592,0.6930110454559326,0.0,-0.0,0.0,0.0,0.0,0.0,0.0,0.0,0.0,0.0,0.0,0.0,0
1786496297,948817729,100.0,-1.7199981848346155,-1.703864876423971,-1.1327737013446253,-4.617758814488546,-4.890423957501547,0.6930469870567322,0.0,-0.0,0.0,0.0,0.0,0.0,0.0,0.0,0.0,0.0,0.0,0.0,0
1786496297,969419002,100.0,-1.7199862639056605,-1.7038052717791956,-1.132761303578512,-4.6177828947650355,-4.890447918568746,0.6929990649223328,0.0,-0.0,0.0,0.0,0.0,0.0,0.0,0.0,0.0,0.0,0.0,0.0,0
1786496297,988714456,100.0,-1.7200225035296839,-1.7038167158709925,-1.1327374617206019,-4.6177948156939905,-4.890447918568746,0.6930110454559326,0.0,-0.0,0.0,0.0,0.0,0.0,0.0,0.0,0.0,0.0,0.0,0.0,0
1786496298,8995771,100.0,-1.7200105826007288,-1.7037809530841272,-1.132749382649557,-4.617770854626791,-4.890459958706991,0.6930709481239319,0.0,-0.0,0.0,0.0,0.0,0.0,0.0,0.0,0.0,0.0,0.0,0.0,0
1786496298,28807401,100.0,-1.7199981848346155,-1.7037928740130823,-1.132749382649557,-4.617806855832235,-4.890447918568746,0.6930709481239319,0.0,-0.0,0.0,0.0,0.0,0.0,0.0,0.0,0.0,0.0,0.0,0.0,0
1786496298,48930644,100.0,-1.7200225035296839,-1.7037809530841272,-1.1327255407916468,-4.617746893559591,-4.890459958706991,0.6930230259895325,0.0,-0.0,0.0,0.0,0.0,0.0,0.0,0.0,0.0,0.0,0.0,0.0,0
1786496298,68841934,100.0,-1.7199981848346155,-1.7038291136371058,-1.1327255407916468,-4.617758814488546,-4.890412036572592,0.6929870843887329,0.0,-0.0,0.0,0.0,0.0,0.0,0.0,0.0,0.0,0.0,0.0,0.0,0
1786496298,89162588,100.0,-1.720034424458639,-1.703852955495016,-1.1327136198626917,-4.6177948156939905,-4.890399638806478,0.6930350065231323,0.0,-0.0,0.0,0.0,0.0,0.0,0.0,0.0,0.0,0.0,0.0,0.0,0
1786496298,108708858,100.0,-1.720046345387594,-1.7037809530841272,-1.132749382649557,-4.6177828947650355,-4.890423957501547,0.6930709481239319,0.0,-0.0,0.0,0.0,0.0,0.0,0.0,0.0,0.0,0.0,0.0,0.0,0
1786496298,129165410,100.0,-1.720046345387594,-1.7037928740130823,-1.1326773802386683,-4.617746893559591,-4.890447918568746,0.6930709481239319,0.0,-0.0,0.0,0.0,0.0,0.0,0.0,0.0,0.0,0.0,0.0,0.0,0
1786496298,148832082,100.0,-1.7200105826007288,-1.7037809530841272,-1.1327136198626917,-4.6177828947650355,-4.890447918568746,0.6930709481239319,0.0,-0.0,0.0,0.0,0.0,0.0,0.0,0.0,0.0,0.0,0.0,0.0,0
1786496298,169034719,100.0,-1.720046345387594,-1.7037809530841272,-1.1327737013446253,-4.617770854626791,-4.890412036572592,0.6930110454559326,0.0,-0.0,0.0,0.0,0.0,0.0,0.0,0.0,0.0,0.0,0.0,0.0,0
1786496298,188828468,100.0,-1.7200225035296839,-1.7038167158709925,-1.1327975432025355,-4.617710892354147,-4.890412036572592,0.6930230259895325,0.0,-0.0,0.0,0.0,0.0,0.0,0.0,0.0,0.0,0.0,0.0,0.0,0
1786496298,209089517,100.0,-1.7200225035296839,-1.7038167158709925,-1.1327737013446253,-4.617770854626791,-4.890447918568746,0.6930110454559326,0.0,-0.0,0.0,0.0,0.0,0.0,0.0,0.0,0.0,0.0,0.0,0.0,0
1786496298,228853940,100.0,-1.720046345387594,-1.7038167158709925,-1.1327136198626917,-4.6177348534213465,-4.890423957501547,0.6929990649223328,0.0,-0.0,0.0,0.0,0.0,0.0,0.0,0.0,0.0,0.0,0.0,0.0,0
1786496298,249197483,100.0,-1.7200105826007288,-1.7038291136371058,-1.132761303578512,-4.6177348534213465,-4.890435997639791,0.6929990649223328,0.0,-0.0,0.0,0.0,0.0,0.0,0.0,0.0,0.0,0.0,0.0,0.0,0
1786496298,268822193,100.0,-1.7200105826007288,-1.7038052717791956,-1.1327016989337366,-4.617710892354147,-4.890435997639791,0.693058967590332,0.0,-0.0,0.0,0.0,0.0,0.0,0.0,0.0,0.0,0.0,0.0,0.0,0
1786496298,289482831,100.0,-1.7199862639056605,-1.7037809530841272,-1.132749382649557,-4.617806855832235,-4.890423957501547,0.6930350065231323,0.0,-0.0,0.0,0.0,0.0,0.0,0.0,0.0,0.0,0.0,0.0,0.0,0
1786496298,308725357,100.0,-1.7199981848346155,-1.7037690321551722,-1.1326897780047815,-4.617806855832235,-4.890412036572592,0.6929990649223328,0.0,-0.0,0.0,0.0,0.0,0.0,0.0,0.0,0.0,0.0,0.0,0.0,0
1786496298,329459190,100.0,-1.7200225035296839,-1.7037928740130823,-1.1327255407916468,-4.6177948156939905,-4.890387598668234,0.6930350065231323,0.0,-0.0,0.0,0.0,0.0,0.0,0.0,0.0,0.0,0.0,0.0,0.0,0
1786496298,348829030,100.0,-1.720046345387594,-1.7038167158709925,-1.132761303578512,-4.617746893559591,-4.890399638806478,0.6930469870567322,0.0,-0.0,0.0,0.0,0.0,0.0,0.0,0.0,0.0,0.0,0.0,0.0,0
1786496298,369212150,100.0,-1.7200225035296839,-1.7037809530841272,-1.132749382649557,-4.617770854626791,-4.890399638806478,0.6930350065231323,0.0,-0.0,0.0,0.0,0.0,0.0,0.0,0.0,0.0,0.0,0.0,0.0,0
1786496298,388809204,100.0,-1.720034424458639,-1.7037928740130823,-1.1327737013446253,-4.617758814488546,-4.890435997639791,0.693058967590332,0.0,-0.0,0.0,0.0,0.0,0.0,0.0,0.0,0.0,0.0,0.0,0.0,0
1786496298,409018516,100.0,-1.720046345387594,-1.7038052717791956,-1.1327136198626917,-4.6177348534213465,-4.890447918568746,0.6930350065231323,0.0,-0.0,0.0,0.0,0.0,0.0,0.0,0.0,0.0,0.0,0.0,0.0,0
1786496298,428785085,100.0,-1.720034424458639,-1.703745190297262,-1.1326773802386683,-4.617770854626791,-4.890423957501547,0.6930230259895325,0.0,-0.0,0.0,0.0,0.0,0.0,0.0,0.0,0.0,0.0,0.0,0.0,0
1786496298,449180126,100.0,-1.7200225035296839,-1.7038052717791956,-1.1327136198626917,-4.617722932492391,-4.890471879635946,0.6929870843887329,0.0,-0.0,0.0,0.0,0.0,0.0,0.0,0.0,0.0,0.0,0.0,0.0,0
1786496298,468841075,100.0,-1.7200701872455042,-1.7038167158709925,-1.1327255407916468,-4.6177348534213465,-4.890459958706991,0.6930469870567322,0.0,-0.0,0.0,0.0,0.0,0.0,0.0,0.0,0.0,0.0,0.0,0.0,0
1786496298,489274024,100.0,-1.7199981848346155,-1.7037928740130823,-1.1327136198626917,-4.617770854626791,-4.890399638806478,0.693058967590332,0.0,-0.0,0.0,0.0,0.0,0.0,0.0,0.0,0.0,0.0,0.0,0.0,0
1786496298,508879423,100.0,-1.7200225035296839,-1.7037690321551722,-1.132749382649557,-4.617770854626791,-4.890423957501547,0.693058967590332,0.0,-0.0,0.0,0.0,0.0,0.0,0.0,0.0,0.0,0.0,0.0,0.0,0
1786496298,528937816,100.0,-1.7200105826007288,-1.7037690321551722,-1.1327374617206019,-4.617758814488546,-4.890447918568746,0.6930350065231323,0.0,-0.0,0.0,0.0,0.0,0.0,0.0,0.0,0.0,0.0,0.0,0.0,0
1786496298,548879861,100.0,-1.7200821081744593,-1.7037928740130823,-1.1327255407916468,-4.617770854626791,-4.890447918568746,0.693058967590332,0.0,-0.0,0.0,0.0,0.0,0.0,0.0,0.0,0.0,0.0,0.0,0.0,0
1786496298,569653272,100.0,-1.7200105826007288,-1.7037690321551722,-1.1327136198626917,-4.617770854626791,-4.890435997639791,0.6930110454559326,0.0,-0.0,0.0,0.0,0.0,0.0,0.0,0.0,0.0,0.0,0.0,0.0,0
1786496298,588814496,100.0,-1.7199505011187952,-1.7037928740130823,-1.1326659361468714,-4.617770854626791,-4.890412036572592,0.6930469870567322,0.0,-0.0,0.0,0.0,0.0,0.0,0.0,0.0,0.0,0.0,0.0,0.0,0
1786496298,609050512,100.0,-1.7200225035296839,-1.7037690321551722,-1.1327255407916468,-4.617770854626791,-4.890423957501547,0.6930469870567322,0.0,-0.0,0.0,0.0,0.0,0.0,0.0,0.0,0.0,0.0,0.0,0.0,0
1786496298,628812551,100.0,-1.7200225035296839,-1.7037809530841272,-1.1327016989337366,-4.617758814488546,-4.890412036572592,0.6930469870567322,0.0,-0.0,0.0,0.0,0.0,0.0,0.0,0.0,0.0,0.0,0.0,0.0,0
1786496298,649393558,100.0,-1.7200225035296839,-1.7038052717791956,-1.1327737013446253,-4.617746893559591,-4.890412036572592,0.6930709481239319,0.0,-0.0,0.0,0.0,0.0,0.0,0.0,0.0,0.0,0.0,0.0,0.0,0
1786496298,668826818,100.0,-1.720034424458639,-1.703852955495016,-1.1327016989337366,-4.617722932492391,-4.890399638806478,0.6930110454559326,0.0,-0.0,0.0,0.0,0.0,0.0,0.0,0.0,0.0,0.0,0.0,0.0,0
1786496298,689065456,100.0,-1.7200105826007288,-1.7038052717791956,-1.132761303578512,-4.617722932492391,-4.890423957501547,0.693058967590332,0.0,-0.0,0.0,0.0,0.0,0.0,0.0,0.0,0.0,0.0,0.0,0.0,0
1786496298,708787441,100.0,-1.7199981848346155,-1.7038410345660608,-1.1327374617206019,-4.617722932492391,-4.890387598668234,0.6930110454559326,0.0,-0.0,0.0,0.0,0.0,0.0,0.0,0.0,0.0,0.0,0.0,0.0,0
1786496298,728891372,100.0,-1.7200701872455042,-1.7037928740130823,-1.1327136198626917,-4.617770854626791,-4.890423957501547,0.6930350065231323,0.0,-0.0,0.0,0.0,0.0,0.0,0.0,0.0,0.0,0.0,0.0,0.0,0
1786496298,748785257,100.0,-1.7200701872455042,-1.7037690321551722,-1.132749382649557,-4.617746893559591,-4.890471879635946,0.6930350065231323,0.0,-0.0,0.0,0.0,0.0,0.0,0.0,0.0,0.0,0.0,0.0,0.0,0
1786496298,768978118,100.0,-1.7199624220477503,-1.7038052717791956,-1.1327374617206019,-4.617770854626791,-4.890412036572592,0.6929990649223328,0.0,-0.0,0.0,0.0,0.0,0.0,0.0,0.0,0.0,0.0,0.0,0.0,0
1786496298,788810729,100.0,-1.7200105826007288,-1.7037690321551722,-1.1327737013446253,-4.6177828947650355,-4.890387598668234,0.693058967590332,0.0,-0.0,0.0,0.0,0.0,0.0,0.0,0.0,0.0,0.0,0.0,0.0,0
1786496298,809130191,100.0,-1.720034424458639,-1.7038167158709925,-1.1327374617206019,-4.617770854626791,-4.890412036572592,0.6930949091911316,0.0,-0.0,0.0,0.0,0.0,0.0,0.0,0.0,0.0,0.0,0.0,0.0,0
1786496298,828926324,100.0,-1.7199862639056605,-1.7037809530841272,-1.1327374617206019,-4.617722932492391,-4.890375677739279,0.6929870843887329,0.0,-0.0,0.0,0.0,0.0,0.0,0.0,0.0,0.0,0.0,0.0,0.0,0
1786496298,849412918,100.0,-1.7199981848346155,-1.7037928740130823,-1.1327374617206019,-4.6177348534213465,-4.890387598668234,0.6930469870567322,0.0,-0.0,0.0,0.0,0.0,0.0,0.0,0.0,0.0,0.0,0.0,0.0,0
1786496298,868815183,100.0,-1.7200225035296839,-1.7037809530841272,-1.1327136198626917,-4.617722932492391,-4.890435997639791,0.6930230259895325,0.0,-0.0,0.0,0.0,0.0,0.0,0.0,0.0,0.0,0.0,0.0,0.0,0
1786496298,889011383,100.0,-1.7200225035296839,-1.7037809530841272,-1.1327737013446253,-4.6177828947650355,-4.890447918568746,0.6930469870567322,0.0,-0.0,0.0,0.0,0.0,0.0,0.0,0.0,0.0,0.0,0.0,0.0,0
1786496298,908742904,100.0,-1.720034424458639,-1.7037809530841272,-1.132749382649557,-4.617770854626791,-4.890399638806478,0.6930709481239319,0.0,-0.0,0.0,0.0,0.0,0.0,0.0,0.0,0.0,0.0,0.0,0.0,0
1786496298,928927659,100.0,-1.7200225035296839,-1.7037809530841272,-1.1327016989337366,-4.6177828947650355,-4.890435997639791,0.6929990649223328,0.0,-0.0,0.0,0.0,0.0,0.0,0.0,0.0,0.0,0.0,0.0,0.0,0
1786496298,948836088,100.0,-1.7199981848346155,-1.7038167158709925,-1.1327255407916468,-4.617770854626791,-4.890435997639791,0.6930110454559326,0.0,-0.0,0.0,0.0,0.0,0.0,0.0,0.0,0.0,0.0,0.0,0.0,0
1786496298,968833446,100.0,-1.7199743429767054,-1.7037809530841272,-1.1327255407916468,-4.617770854626791,-4.890423957501547,0.693058967590332,0.0,-0.0,0.0,0.0,0.0,0.0,0.0,0.0,0.0,0.0,0.0,0.0,0
1786496298,988830566,100.0,-1.720046345387594,-1.7037690321551722,-1.1327136198626917,-4.617758814488546,-4.890412036572592,0.6930350065231323,0.0,-0.0,0.0,0.0,0.0,0.0,0.0,0.0,0.0,0.0,0.0,0.0,0
1786496299,8958816,100.0,-1.7199981848346155,-1.703864876423971,-1.1326897780047815,-4.617746893559591,-4.890423957501547,0.6930469870567322,0.0,-0.0,0.0,0.0,0.0,0.0,0.0,0.0,0.0,0.0,0.0,0.0,0
1786496299,28794527,100.0,-1.720034424458639,-1.7037928740130823,-1.1327374617206019,-4.617746893559591,-4.890399638806478,0.6930469870567322,0.0,-0.0,0.0,0.0,0.0,0.0,0.0,0.0,0.0,0.0,0.0,0.0,0
1786496299,48939704,100.0,-1.7200701872455042,-1.7038052717791956,-1.1327374617206019,-4.6177348534213465,-4.890399638806478,0.6930110454559326,0.0,-0.0,0.0,0.0,0.0,0.0,0.0,0.0,0.0,0.0,0.0,0.0,0
1786496299,68883180,100.0,-1.7200582663165491,-1.7038167158709925,-1.1327374617206019,-4.617710892354147,-4.890447918568746,0.6930709481239319,0.0,-0.0,0.0,0.0,0.0,0.0,0.0,0.0,0.0,0.0,0.0,0.0,0
1786496299,88910341,100.0,-1.720046345387594,-1.7037809530841272,-1.1327255407916468,-4.617770854626791,-4.890435997639791,0.6929990649223328,0.0,-0.0,0.0,0.0,0.0,0.0,0.0,0.0,0.0,0.0,0.0,0.0,0
1786496299,108759641,100.0,-1.720046345387594,-1.7037928740130823,-1.132749382649557,-4.617770854626791,-4.890435997639791,0.6930350065231323,0.0,-0.0,0.0,0.0,0.0,0.0,0.0,0.0,0.0,0.0,0.0,0.0,0
1786496299,129291057,100.0,-1.7200225035296839,-1.7038052717791956,-1.132749382649557,-4.617770854626791,-4.890423957501547,0.6930469870567322,0.0,-0.0,0.0,0.0,0.0,0.0,0.0,0.0,0.0,0.0,0.0,0.0,0
1786496299,148865938,100.0,-1.7200225035296839,-1.7037928740130823,-1.1327136198626917,-4.6177348534213465,-4.890459958706991,0.6930110454559326,0.0,-0.0,0.0,0.0,0.0,0.0,0.0,0.0,0.0,0.0,0.0,0.0,0
1786496299,169221401,100.0,-1.720034424458639,-1.7037928740130823,-1.1327374617206019,-4.617806855832235,-4.890447918568746,0.6930230259895325,0.0,-0.0,0.0,0.0,0.0,0.0,0.0,0.0,0.0,0.0,0.0,0.0,0
1786496299,188895702,100.0,-1.7200582663165491,-1.7038167158709925,-1.1327136198626917,-4.617770854626791,-4.890447918568746,0.6929870843887329,0.0,-0.0,0.0,0.0,0.0,0.0,0.0,0.0,0.0,0.0,0.0,0.0,0
1786496299,209162712,100.0,-1.7200225035296839,-1.703852955495016,-1.1327255407916468,-4.617722932492391,-4.890399638806478,0.6930110454559326,0.0,-0.0,0.0,0.0,0.0,0.0,0.0,0.0,0.0,0.0,0.0,0.0,0
1786496299,228791236,100.0,-1.720034424458639,-1.7038052717791956,-1.132749382649557,-4.617770854626791,-4.890435997639791,0.693058967590332,0.0,-0.0,0.0,0.0,0.0,0.0,0.0,0.0,0.0,0.0,0.0,0.0,0
1786496299,249102354,100.0,-1.7200225035296839,-1.703757111226217,-1.1327737013446253,-4.617746893559591,-4.890399638806478,0.6930709481239319,0.0,-0.0,0.0,0.0,0.0,0.0,0.0,0.0,0.0,0.0,0.0,0.0,0
1786496299,268796443,100.0,-1.7199624220477503,-1.7037928740130823,-1.1327136198626917,-4.617758814488546,-4.890399638806478,0.6930350065231323,0.0,-0.0,0.0,0.0,0.0,0.0,0.0,0.0,0.0,0.0,0.0,0.0,0
1786496299,289028644,100.0,-1.7200225035296839,-1.7037809530841272,-1.1327136198626917,-4.6177828947650355,-4.890447918568746,0.6930230259895325,0.0,-0.0,0.0,0.0,0.0,0.0,0.0,0.0,0.0,0.0,0.0,0.0,0
1786496299,308746814,100.0,-1.7200105826007288,-1.7038291136371058,-1.1327374617206019,-4.617746893559591,-4.890459958706991,0.6930949091911316,0.0,-0.0,0.0,0.0,0.0,0.0,0.0,0.0,0.0,0.0,0.0,0.0,0
1786496299,329306364,100.0,-1.7200105826007288,-1.7038052717791956,-1.1327737013446253,-4.6177348534213465,-4.890423957501547,0.693058967590332,0.0,-0.0,0.0,0.0,0.0,0.0,0.0,0.0,0.0,0.0,0.0,0.0,0
1786496299,348922014,100.0,-1.720046345387594,-1.7038410345660608,-1.132761303578512,-4.6177828947650355,-4.890471879635946,0.6930350065231323,0.0,-0.0,0.0,0.0,0.0,0.0,0.0,0.0,0.0,0.0,0.0,0.0,0
1786496299,369161844,100.0,-1.7200701872455042,-1.7037928740130823,-1.132749382649557,-4.617746893559591,-4.890471879635946,0.693058967590332,0.0,-0.0,0.0,0.0,0.0,0.0,0.0,0.0,0.0,0.0,0.0,0.0,0
1786496299,388779163,100.0,-1.720046345387594,-1.7037690321551722,-1.1327016989337366,-4.617746893559591,-4.890423957501547,0.6930230259895325,0.0,-0.0,0.0,0.0,0.0,0.0,0.0,0.0,0.0,0.0,0.0,0.0,0
1786496299,409117937,100.0,-1.7200105826007288,-1.7038052717791956,-1.1327856222735804,-4.6177828947650355,-4.890435997639791,0.6930350065231323,0.0,-0.0,0.0,0.0,0.0,0.0,0.0,0.0,0.0,0.0,0.0,0.0,0
1786496299,428791999,100.0,-1.720046345387594,-1.7038291136371058,-1.132761303578512,-4.617758814488546,-4.890471879635946,0.6930230259895325,0.0,-0.0,0.0,0.0,0.0,0.0,0.0,0.0,0.0,0.0,0.0,0.0,0
1786496299,449112415,100.0,-1.7200105826007288,-1.7037928740130823,-1.1327136198626917,-4.617758814488546,-4.890471879635946,0.6930709481239319,0.0,-0.0,0.0,0.0,0.0,0.0,0.0,0.0,0.0,0.0,0.0,0.0,0
1786496299,468846321,100.0,-1.720046345387594,-1.7038052717791956,-1.1327016989337366,-4.617758814488546,-4.890423957501547,0.6930230259895325,0.0,-0.0,0.0,0.0,0.0,0.0,0.0,0.0,0.0,0.0,0.0,0.0,0
1786496299,489251136,100.0,-1.7200105826007288,-1.7038052717791956,-1.1327374617206019,-4.617806855832235,-4.890447918568746,0.6930469870567322,0.0,-0.0,0.0,0.0,0.0,0.0,0.0,0.0,0.0,0.0,0.0,0.0,0
1786496299,508821010,100.0,-1.720046345387594,-1.703757111226217,-1.1327737013446253,-4.617758814488546,-4.890435997639791,0.6930110454559326,0.0,-0.0,0.0,0.0,0.0,0.0,0.0,0.0,0.0,0.0,0.0,0.0,0
1786496299,529103517,100.0,-1.7200225035296839,-1.7038167158709925,-1.132761303578512,-4.6177348534213465,-4.890435997639791,0.693058967590332,0.0,-0.0,0.0,0.0,0.0,0.0,0.0,0.0,0.0,0.0,0.0,0.0,0
1786496299,548807144,100.0,-1.7199981848346155,-1.7038167158709925,-1.1327016989337366,-4.617806855832235,-4.890459958706991,0.6929870843887329,0.0,-0.0,0.0,0.0,0.0,0.0,0.0,0.0,0.0,0.0,0.0,0.0,0
1786496299,568937063,100.0,-1.7200105826007288,-1.7038291136371058,-1.1327255407916468,-4.617758814488546,-4.890459958706991,0.6929870843887329,0.0,-0.0,0.0,0.0,0.0,0.0,0.0,0.0,0.0,0.0,0.0,0.0,0
1786496299,588806629,100.0,-1.7199743429767054,-1.7038291136371058,-1.132761303578512,-4.6177948156939905,-4.890459958706991,0.6930469870567322,0.0,-0.0,0.0,0.0,0.0,0.0,0.0,0.0,0.0,0.0,0.0,0.0,0
1786496299,608872413,100.0,-1.7199862639056605,-1.7038410345660608,-1.1327374617206019,-4.6177948156939905,-4.890471879635946,0.6930829286575317,0.0,-0.0,0.0,0.0,0.0,0.0,0.0,0.0,0.0,0.0,0.0,0.0,0
1786496299,628839969,100.0,-1.7200105826007288,-1.7038410345660608,-1.1327255407916468,-4.6177828947650355,-4.890387598668234,0.6930230259895325,0.0,-0.0,0.0,0.0,0.0,0.0,0.0,0.0,0.0,0.0,0.0,0.0,0
1786496299,649106740,100.0,-1.7199981848346155,-1.7038167158709925,-1.132761303578512,-4.617758814488546,-4.890447918568746,0.6929990649223328,0.0,-0.0,0.0,0.0,0.0,0.0,0.0,0.0,0.0,0.0,0.0,0.0,0
1786496299,668837308,100.0,-1.7200225035296839,-1.7038291136371058,-1.1327374617206019,-4.6177348534213465,-4.890423957501547,0.6930110454559326,0.0,-0.0,0.0,0.0,0.0,0.0,0.0,0.0,0.0,0.0,0.0,0.0,0
1786496299,689125299,100.0,-1.7200105826007288,-1.7037690321551722,-1.132749382649557,-4.617758814488546,-4.890387598668234,0.6930469870567322,0.0,-0.0,0.0,0.0,0.0,0.0,0.0,0.0,0.0,0.0,0.0,0.0,0
1786496299,708802461,100.0,-1.7200105826007288,-1.7037809530841272,-1.132749382649557,-4.617770854626791,-4.890399638806478,0.6930110454559326,0.0,-0.0,0.0,0.0,0.0,0.0,0.0,0.0,0.0,0.0,0.0,0.0,0
1786496299,729498386,100.0,-1.7199743429767054,-1.7038410345660608,-1.132749382649557,-4.61781877676119,-4.890423957501547,0.6930110454559326,0.0,-0.0,0.0,0.0,0.0,0.0,0.0,0.0,0.0,0.0,0.0,0.0,0
1786496299,748919248,100.0,-1.7200225035296839,-1.7037809530841272,-1.1327374617206019,-4.6177828947650355,-4.890387598668234,0.6929990649223328,0.0,-0.0,0.0,0.0,0.0,0.0,0.0,0.0,0.0,0.0,0.0,0.0,0
1786496299,769316911,100.0,-1.7199862639056605,-1.7037690321551722,-1.1327374617206019,-4.617770854626791,-4.890412036572592,0.6930469870567322,0.0,-0.0,0.0,0.0,0.0,0.0,0.0,0.0,0.0,0.0,0.0,0.0,0
1786496299,788729667,100.0,-1.7200225035296839,-1.7037928740130823,-1.1327136198626917,-4.617770854626791,-4.890435997639791,0.6930350065231323,0.0,-0.0,0.0,0.0,0.0,0.0,0.0,0.0,0.0,0.0,0.0,0.0,0
1786496299,808964967,100.0,-1.7199624220477503,-1.703757111226217,-1.1327136198626917,-4.617758814488546,-4.890423957501547,0.6930469870567322,0.0,-0.0,0.0,0.0,0.0,0.0,0.0,0.0,0.0,0.0,0.0,0.0,0
1786496299,828772783,100.0,-1.720034424458639,-1.7038052717791956,-1.1327136198626917,-4.617770854626791,-4.890435997639791,0.6930110454559326,0.0,-0.0,0.0,0.0,0.0,0.0,0.0,0.0,0.0,0.0,0.0,0.0,0
1786496299,849213838,100.0,-1.7200105826007288,-1.7038410345660608,-1.1327737013446253,-4.617758814488546,-4.890447918568746,0.6930350065231323,0.0,-0.0,0.0,0.0,0.0,0.0,0.0,0.0,0.0,0.0,0.0,0.0,0
1786496299,868853807,100.0,-1.7199981848346155,-1.7037928740130823,-1.132761303578512,-4.617758814488546,-4.890459958706991,0.6930230259895325,0.0,-0.0,0.0,0.0,0.0,0.0,0.0,0.0,0.0,0.0,0.0,0.0,0
1786496299,889322996,100.0,-1.7200582663165491,-1.7037809530841272,-1.1327374617206019,-4.617722932492391,-4.890435997639791,0.6930469870567322,0.0,-0.0,0.0,0.0,0.0,0.0,0.0,0.0,0.0,0.0,0.0,0.0,0
1786496299,908748149,100.0,-1.720034424458639,-1.7038410345660608,-1.132761303578512,-4.6177828947650355,-4.890399638806478,0.6930230259895325,0.0,-0.0,0.0,0.0,0.0,0.0,0.0,0.0,0.0,0.0,0.0,0.0,0
1786496299,929302453,100.0,-1.720034424458639,-1.7038167158709925,-1.1327016989337366,-4.617770854626791,-4.890471879635946,0.6930350065231323,0.0,-0.0,0.0,0.0,0.0,0.0,0.0,0.0,0.0,0.0,0.0,0.0,0
1786496299,948783159,100.0,-1.720046345387594,-1.703852955495016,-1.1327255407916468,-4.6177828947650355,-4.890459958706991,0.6930230259895325,0.0,-0.0,0.0,0.0,0.0,0.0,0.0,0.0,0.0,0.0,0.0,0.0,0
1786496299,969213485,100.0,-1.7200225035296839,-1.7037809530841272,-1.1327136198626917,-4.617722932492391,-4.890412036572592,0.6929990649223328,0.0,-0.0,0.0,0.0,0.0,0.0,0.0,0.0,0.0,0.0,0.0,0.0,0
1786496299,988786220,100.0,-1.7200105826007288,-1.7037809530841272,-1.1327016989337366,-4.6177948156939905,-4.890423957501547,0.6930469870567322,0.0,-0.0,0.0,0.0,0.0,0.0,0.0,0.0,0.0,0.0,0.0,0.0,0
1786496300,9088754,100.0,-1.7199862639056605,-1.7038291136371058,-1.1327255407916468,-4.617758814488546,-4.890399638806478,0.6930469870567322,0.0,-0.0,0.0,0.0,0.0,0.0,0.0,0.0,0.0,0.0,0.0,0.0,0
1786496300,28833627,100.0,-1.7200582663165491,-1.7038291136371058,-1.1327016989337366,-4.6177348534213465,-4.890412036572592,0.6930469870567322,0.0,-0.0,0.0,0.0,0.0,0.0,0.0,0.0,0.0,0.0,0.0,0.0,0
1786496300,49857139,100.0,-1.7200582663165491,-1.7038410345660608,-1.1327255407916468,-4.617746893559591,-4.890447918568746,0.6930110454559326,0.0,-0.0,0.0,0.0,0.0,0.0,0.0,0.0,0.0,0.0,0.0,0.0,0
1786496300,68816900,100.0,-1.7200105826007288,-1.7038291136371058,-1.132761303578512,-4.617746893559591,-4.890459958706991,0.693058967590332,0.0,-0.0,0.0,0.0,0.0,0.0,0.0,0.0,0.0,0.0,0.0,0.0,0
1786496300,89610576,100.0,-1.720034424458639,-1.7038052717791956,-1.1327374617206019,-4.617770854626791,-4.890435997639791,0.6930230259895325,0.0,-0.0,0.0,0.0,0.0,0.0,0.0,0.0,0.0,0.0,0.0,0.0,0
1786496300,108780384,100.0,-1.7200582663165491,-1.703757111226217,-1.1327016989337366,-4.6177828947650355,-4.890423957501547,0.6930709481239319,0.0,-0.0,0.0,0.0,0.0,0.0,0.0,0.0,0.0,0.0,0.0,0.0,0
1786496300,129230022,100.0,-1.7200225035296839,-1.7037809530841272,-1.1327255407916468,-4.6177348534213465,-4.890412036572592,0.6930110454559326,0.0,-0.0,0.0,0.0,0.0,0.0,0.0,0.0,0.0,0.0,0.0,0.0,0
1786496300,148837804,100.0,-1.720046345387594,-1.7037690321551722,-1.1327737013446253,-4.6177828947650355,-4.890447918568746,0.6930350065231323,0.0,-0.0,0.0,0.0,0.0,0.0,0.0,0.0,0.0,0.0,0.0,0.0,0
1786496300,169344186,100.0,-1.7199862639056605,-1.7037690321551722,-1.132749382649557,-4.617770854626791,-4.890447918568746,0.693058967590332,0.0,-0.0,0.0,0.0,0.0,0.0,0.0,0.0,0.0,0.0,0.0,0.0,0
1786496300,188716173,100.0,-1.7200225035296839,-1.703852955495016,-1.132761303578512,-4.6177348534213465,-4.890412036572592,0.6930469870567322,0.0,-0.0,0.0,0.0,0.0,0.0,0.0,0.0,0.0,0.0,0.0,0.0,0
1786496300,209277868,100.0,-1.7200105826007288,-1.7037928740130823,-1.1327856222735804,-4.6177348534213465,-4.890447918568746,0.6930469870567322,0.0,-0.0,0.0,0.0,0.0,0.0,0.0,0.0,0.0,0.0,0.0,0.0,0
1786496300,228803396,100.0,-1.7199862639056605,-1.7038410345660608,-1.132749382649557,-4.617722932492391,-4.890447918568746,0.693058967590332,0.0,-0.0,0.0,0.0,0.0,0.0,0.0,0.0,0.0,0.0,0.0,0.0,0
1786496300,249177694,100.0,-1.7199862639056605,-1.7038052717791956,-1.1327374617206019,-4.617758814488546,-4.890412036572592,0.6930350065231323,0.0,-0.0,0.0,0.0,0.0,0.0,0.0,0.0,0.0,0.0,0.0,0.0,0
1786496300,268857717,100.0,-1.7199743429767054,-1.7037690321551722,-1.132749382649557,-4.6177348534213465,-4.890412036572592,0.6930709481239319,0.0,-0.0,0.0,0.0,0.0,0.0,0.0,0.0,0.0,0.0,0.0,0.0,0
1786496300,289556980,100.0,-1.720046345387594,-1.703852955495016,-1.132761303578512,-4.6177948156939905,-4.890412036572592,0.6930350065231323,0.0,-0.0,0.0,0.0,0.0,0.0,0.0,0.0,0.0,0.0,0.0,0.0,0
1786496300,308723926,100.0,-1.7200225035296839,-1.7037809530841272,-1.132749382649557,-4.617806855832235,-4.890447918568746,0.6930110454559326,0.0,-0.0,0.0,0.0,0.0,0.0,0.0,0.0,0.0,0.0,0.0,0.0,0
1786496300,329441070,100.0,-1.720046345387594,-1.7038167158709925,-1.1327136198626917,-4.617746893559591,-4.890412036572592,0.6930469870567322,0.0,-0.0,0.0,0.0,0.0,0.0,0.0,0.0,0.0,0.0,0.0,0.0,0
1786496300,348855733,100.0,-1.7199981848346155,-1.703864876423971,-1.1326897780047815,-4.617758814488546,-4.890399638806478,0.6930469870567322,0.0,-0.0,0.0,0.0,0.0,0.0,0.0,0.0,0.0,0.0,0.0,0.0,0
1786496300,369315862,100.0,-1.7200225035296839,-1.7037690321551722,-1.132749382649557,-4.6177348534213465,-4.890459958706991,0.6929990649223328,0.0,-0.0,0.0,0.0,0.0,0.0,0.0,0.0,0.0,0.0,0.0,0.0,0
1786496300,388793706,100.0,-1.7200582663165491,-1.7038410345660608,-1.1327374617206019,-4.6177828947650355,-4.890459958706991,0.6930469870567322,0.0,-0.0,0.0,0.0,0.0,0.0,0.0,0.0,0.0,0.0,0.0,0.0,0
1786496300,409495830,100.0,-1.7200701872455042,-1.703745190297262,-1.1327255407916468,-4.6177948156939905,-4.890459958706991,0.6930110454559326,0.0,-0.0,0.0,0.0,0.0,0.0,0.0,0.0,0.0,0.0,0.0,0.0,0
1786496300,428782939,100.0,-1.720046345387594,-1.703876797352926,-1.1327374617206019,-4.617770854626791,-4.890412036572592,0.6930469870567322,0.0,-0.0,0.0,0.0,0.0,0.0,0.0,0.0,0.0,0.0,0.0,0.0,0
1786496300,449217796,100.0,-1.7199981848346155,-1.7037690321551722,-1.1327136198626917,-4.617758814488546,-4.890423957501547,0.6930110454559326,0.0,-0.0,0.0,0.0,0.0,0.0,0.0,0.0,0.0,0.0,0.0,0.0,0
1786496300,468752145,100.0,-1.720046345387594,-1.7038167158709925,-1.1327856222735804,-4.617758814488546,-4.890471879635946,0.6930709481239319,0.0,-0.0,0.0,0.0,0.0,0.0,0.0,0.0,0.0,0.0,0.0,0.0,0
1786496300,488987922,100.0,-1.720046345387594,-1.7038052717791956,-1.132749382649557,-4.617770854626791,-4.890423957501547,0.693058967590332,0.0,-0.0,0.0,0.0,0.0,0.0,0.0,0.0,0.0,0.0,0.0,0.0,0
1786496300,508829593,100.0,-1.7200225035296839,-1.703852955495016,-1.1327255407916468,-4.617758814488546,-4.890399638806478,0.693058967590332,0.0,-0.0,0.0,0.0,0.0,0.0,0.0,0.0,0.0,0.0,0.0,0.0,0
1786496300,529592752,100.0,-1.7200225035296839,-1.7038291136371058,-1.1327255407916468,-4.617770854626791,-4.890399638806478,0.6929990649223328,0.0,-0.0,0.0,0.0,0.0,0.0,0.0,0.0,0.0,0.0,0.0,0.0,0
1786496300,548820257,100.0,-1.720046345387594,-1.7038410345660608,-1.1327374617206019,-4.617746893559591,-4.890423957501547,0.6930110454559326,0.0,-0.0,0.0,0.0,0.0,0.0,0.0,0.0,0.0,0.0,0.0,0.0,0
1786496300,569046735,100.0,-1.720046345387594,-1.7038052717791956,-1.1327136198626917,-4.6177828947650355,-4.890447918568746,0.6930230259895325,0.0,-0.0,0.0,0.0,0.0,0.0,0.0,0.0,0.0,0.0,0.0,0.0,0
1786496300,588722467,100.0,-1.7200105826007288,-1.7037928740130823,-1.1327136198626917,-4.6177828947650355,-4.890399638806478,0.6930230259895325,0.0,-0.0,0.0,0.0,0.0,0.0,0.0,0.0,0.0,0.0,0.0,0.0,0
1786496300,608976125,100.0,-1.720046345387594,-1.7038291136371058,-1.1327255407916468,-4.6177348534213465,-4.890459958706991,0.693058967590332,0.0,-0.0,0.0,0.0,0.0,0.0,0.0,0.0,0.0,0.0,0.0,0.0,0
1786496300,628848075,100.0,-1.720034424458639,-1.7038410345660608,-1.1327136198626917,-4.617806855832235,-4.890399638806478,0.6930469870567322,0.0,-0.0,0.0,0.0,0.0,0.0,0.0,0.0,0.0,0.0,0.0,0.0,0
1786496300,649058580,100.0,-1.7200105826007288,-1.7037809530841272,-1.1327374617206019,-4.617806855832235,-4.890447918568746,0.6930110454559326,0.0,-0.0,0.0,0.0,0.0,0.0,0.0,0.0,0.0,0.0,0.0,0.0,0
1786496300,668897628,100.0,-1.720034424458639,-1.7038052717791956,-1.1327136198626917,-4.617770854626791,-4.890399638806478,0.6930709481239319,0.0,-0.0,0.0,0.0,0.0,0.0,0.0,0.0,0.0,0.0,0.0,0.0,0
1786496300,689595937,100.0,-1.7199981848346155,-1.7037690321551722,-1.132761303578512,-4.617746893559591,-4.890447918568746,0.693058967590332,0.0,-0.0,0.0,0.0,0.0,0.0,0.0,0.0,0.0,0.0,0.0,0.0,0
1786496300,708743572,100.0,-1.7200105826007288,-1.7037928740130823,-1.132761303578512,-4.617710892354147,-4.890423957501547,0.6929990649223328,0.0,-0.0,0.0,0.0,0.0,0.0,0.0,0.0,0.0,0.0,0.0,0.0,0
1786496300,729569673,100.0,-1.7200225035296839,-1.7038052717791956,-1.1327374617206019,-4.617758814488546,-4.890447918568746,0.6930350065231323,0.0,-0.0,0.0,0.0,0.0,0.0,0.0,0.0,0.0,0.0,0.0,0.0,0
1786496300,748707294,100.0,-1.7200582663165491,-1.7038167158709925,-1.1327016989337366,-4.617770854626791,-4.890399638806478,0.6930230259895325,0.0,-0.0,0.0,0.0,0.0,0.0,0.0,0.0,0.0,0.0,0.0,0.0,0
1786496300,768828630,100.0,-1.720046345387594,-1.7038291136371058,-1.1327737013446253,-4.6177948156939905,-4.890423957501547,0.6930350065231323,0.0,-0.0,0.0,0.0,0.0,0.0,0.0,0.0,0.0,0.0,0.0,0.0,0
1786496300,788798093,100.0,-1.720034424458639,-1.7038052717791956,-1.1327374617206019,-4.6177348534213465,-4.890447918568746,0.6930469870567322,0.0,-0.0,0.0,0.0,0.0,0.0,0.0,0.0,0.0,0.0,0.0,0.0,0
1786496300,808748960,100.0,-1.7199981848346155,-1.7037690321551722,-1.132749382649557,-4.617806855832235,-4.890423957501547,0.6930709481239319,0.0,-0.0,0.0,0.0,0.0,0.0,0.0,0.0,0.0,0.0,0.0,0.0,0
1786496300,828786373,100.0,-1.7200105826007288,-1.7038052717791956,-1.1327255407916468,-4.617770854626791,-4.890412036572592,0.6930709481239319,0.0,-0.0,0.0,0.0,0.0,0.0,0.0,0.0,0.0,0.0,0.0,0.0,0
1786496300,849749088,100.0,-1.7200701872455042,-1.7038291136371058,-1.1327016989337366,-4.617758814488546,-4.890471879635946,0.6930230259895325,0.0,-0.0,0.0,0.0,0.0,0.0,0.0,0.0,0.0,0.0,0.0,0.0,0
1786496300,868732452,100.0,-1.7200105826007288,-1.7038052717791956,-1.1327255407916468,-4.617710892354147,-4.890471879635946,0.6930469870567322,0.0,-0.0,0.0,0.0,0.0,0.0,0.0,0.0,0.0,0.0,0.0,0.0,0
1786496300,889271020,100.0,-1.7200105826007288,-1.7038167158709925,-1.1326773802386683,-4.6177948156939905,-4.890447918568746,0.6929990649223328,0.0,-0.0,0.0,0.0,0.0,0.0,0.0,0.0,0.0,0.0,0.0,0.0,0
1786496300,908741712,100.0,-1.7199862639056605,-1.7037809530841272,-1.1327374617206019,-4.61781877676119,-4.890459958706991,0.6930230259895325,0.0,-0.0,0.0,0.0,0.0,0.0,0.0,0.0,0.0,0.0,0.0,0.0,0
1786496300,929416894,100.0,-1.7199862639056605,-1.7038291136371058,-1.1327374617206019,-4.617746893559591,-4.890399638806478,0.6930230259895325,0.0,-0.0,0.0,0.0,0.0,0.0,0.0,0.0,0.0,0.0,0.0,0.0,0
1786496300,948771476,100.0,-1.720034424458639,-1.7038167158709925,-1.132749382649557,-4.617770854626791,-4.890399638806478,0.6930350065231323,0.0,-0.0,0.0,0.0,0.0,0.0,0.0,0.0,0.0,0.0,0.0,0.0,0
1786496300,968986988,100.0,-1.720046345387594,-1.7037690321551722,-1.1327374617206019,-4.6177828947650355,-4.890399638806478,0.6930110454559326,0.0,-0.0,0.0,0.0,0.0,0.0,0.0,0.0,0.0,0.0,0.0,0.0,0
1786496300,988834381,100.0,-1.720046345387594,-1.7038410345660608,-1.132749382649557,-4.617758814488546,-4.890435997639791,0.6930469870567322,0.0,-0.0,0.0,0.0,0.0,0.0,0.0,0.0,0.0,0.0,0.0,0.0,0
1786496301,8964061,100.0,-1.7200582663165491,-1.7037809530841272,-1.132749382649557,-4.617758814488546,-4.890447918568746,0.6930230259895325,0.0,-0.0,0.0,0.0,0.0,0.0,0.0,0.0,0.0,0.0,0.0,0.0,0
1786496301,28797388,100.0,-1.720046345387594,-1.7038291136371058,-1.1327737013446253,-4.6177828947650355,-4.890423957501547,0.6930350065231323,0.0,-0.0,0.0,0.0,0.0,0.0,0.0,0.0,0.0,0.0,0.0,0.0,0
1786496301,49162387,100.0,-1.7200105826007288,-1.7038052717791956,-1.1327255407916468,-4.617806855832235,-4.890435997639791,0.6930949091911316,0.0,-0.0,0.0,0.0,0.0,0.0,0.0,0.0,0.0,0.0,0.0,0.0,0
1786496301,68763732,100.0,-1.7199862639056605,-1.7038167158709925,-1.1327374617206019,-4.617758814488546,-4.890423957501547,0.693058967590332,0.0,-0.0,0.0,0.0,0.0,0.0,0.0,0.0,0.0,0.0,0.0,0.0,0
1786496301,89319467,100.0,-1.7200225035296839,-1.7038052717791956,-1.1327737013446253,-4.617758814488546,-4.890399638806478,0.6930110454559326,0.0,-0.0,0.0,0.0,0.0,0.0,0.0,0.0,0.0,0.0,0.0,0.0,0
1786496301,108724832,100.0,-1.7200225035296839,-1.7038052717791956,-1.1327016989337366,-4.6177348534213465,-4.890459958706991,0.6930230259895325,0.0,-0.0,0.0,0.0,0.0,0.0,0.0,0.0,0.0,0.0,0.0,0.0,0
1786496301,129283189,100.0,-1.720034424458639,-1.7038052717791956,-1.132761303578512,-4.617758814488546,-4.890412036572592,0.693058967590332,0.0,-0.0,0.0,0.0,0.0,0.0,0.0,0.0,0.0,0.0,0.0,0.0,0
1786496301,148783206,100.0,-1.7199862639056605,-1.7037690321551722,-1.1327374617206019,-4.617806855832235,-4.890387598668234,0.6930350065231323,0.0,-0.0,0.0,0.0,0.0,0.0,0.0,0.0,0.0,0.0,0.0,0.0,0
1786496301,169058322,100.0,-1.7200225035296839,-1.7037928740130823,-1.132749382649557,-4.617770854626791,-4.890399638806478,0.6929990649223328,0.0,-0.0,0.0,0.0,0.0,0.0,0.0,0.0,0.0,0.0,0.0,0.0,0
1786496301,188747167,100.0,-1.7199743429767054,-1.7038167158709925,-1.132749382649557,-4.617806855832235,-4.890412036572592,0.6930230259895325,0.0,-0.0,0.0,0.0,0.0,0.0,0.0,0.0,0.0,0.0,0.0,0.0,0
1786496301,208886623,100.0,-1.720034424458639,-1.7037928740130823,-1.132749382649557,-4.617746893559591,-4.890423957501547,0.6929990649223328,0.0,-0.0,0.0,0.0,0.0,0.0,0.0,0.0,0.0,0.0,0.0,0.0,0
1786496301,228821516,100.0,-1.7199743429767054,-1.7037809530841272,-1.132761303578512,-4.617746893559591,-4.890412036572592,0.6930230259895325,0.0,-0.0,0.0,0.0,0.0,0.0,0.0,0.0,0.0,0.0,0.0,0.0,0
1786496301,249172210,100.0,-1.7200105826007288,-1.7037690321551722,-1.132749382649557,-4.6177348534213465,-4.890447918568746,0.6929990649223328,0.0,-0.0,0.0,0.0,0.0,0.0,0.0,0.0,0.0,0.0,0.0,0.0,0
1786496301,268903017,100.0,-1.720046345387594,-1.7037928740130823,-1.132749382649557,-4.6177948156939905,-4.890435997639791,0.6930350065231323,0.0,-0.0,0.0,0.0,0.0,0.0,0.0,0.0,0.0,0.0,0.0,0.0,0
1786496301,288972139,100.0,-1.7200582663165491,-1.7038052717791956,-1.1327016989337366,-4.6177948156939905,-4.890423957501547,0.6929870843887329,0.0,-0.0,0.0,0.0,0.0,0.0,0.0,0.0,0.0,0.0,0.0,0.0,0
1786496301,308768272,100.0,-1.7200105826007288,-1.7037690321551722,-1.1327255407916468,-4.617758814488546,-4.890471879635946,0.6930469870567322,0.0,-0.0,0.0,0.0,0.0,0.0,0.0,0.0,0.0,0.0,0.0,0.0,0
1786496301,329516649,100.0,-1.7199862639056605,-1.7037809530841272,-1.1327136198626917,-4.6177948156939905,-4.890459958706991,0.6930110454559326,0.0,-0.0,0.0,0.0,0.0,0.0,0.0,0.0,0.0,0.0,0.0,0.0,0
1786496301,348915338,100.0,-1.7200225035296839,-1.7038410345660608,-1.132761303578512,-4.617746893559591,-4.890471879635946,0.6930110454559326,0.0,-0.0,0.0,0.0,0.0,0.0,0.0,0.0,0.0,0.0,0.0,0.0,0
1786496301,369383096,100.0,-1.7200225035296839,-1.7038167158709925,-1.1327016989337366,-4.6177348534213465,-4.890412036572592,0.6930469870567322,0.0,-0.0,0.0,0.0,0.0,0.0,0.0,0.0,0.0,0.0,0.0,0.0,0
1786496301,388768672,100.0,-1.7200225035296839,-1.7038052717791956,-1.132749382649557,-4.6177348534213465,-4.890423957501547,0.6929751038551331,0.0,-0.0,0.0,0.0,0.0,0.0,0.0,0.0,0.0,0.0,0.0,0.0,0
1786496301,408883094,100.0,-1.7199981848346155,-1.7038291136371058,-1.1327136198626917,-4.617770854626791,-4.890399638806478,0.6929990649223328,0.0,-0.0,0.0,0.0,0.0,0.0,0.0,0.0,0.0,0.0,0.0,0.0,0
1786496301,428768396,100.0,-1.720034424458639,-1.7037928740130823,-1.132749382649557,-4.61781877676119,-4.890459958706991,0.693058967590332,0.0,-0.0,0.0,0.0,0.0,0.0,0.0,0.0,0.0,0.0,0.0,0.0,0
1786496301,449100017,100.0,-1.7200105826007288,-1.7037690321551722,-1.1327016989337366,-4.617722932492391,-4.890399638806478,0.6930469870567322,0.0,-0.0,0.0,0.0,0.0,0.0,0.0,0.0,0.0,0.0,0.0,0.0,0
1786496301,468770265,100.0,-1.7199743429767054,-1.703864876423971,-1.1327374617206019,-4.617758814488546,-4.890435997639791,0.6930350065231323,0.0,-0.0,0.0,0.0,0.0,0.0,0.0,0.0,0.0,0.0,0.0,0.0,0
1786496301,488946199,100.0,-1.7199862639056605,-1.7038167158709925,-1.132749382649557,-4.6177828947650355,-4.890423957501547,0.693058967590332,0.0,-0.0,0.0,0.0,0.0,0.0,0.0,0.0,0.0,0.0,0.0,0.0,0
1786496301,508755445,100.0,-1.720034424458639,-1.7038167158709925,-1.132749382649557,-4.617746893559591,-4.890447918568746,0.6930469870567322,0.0,-0.0,0.0,0.0,0.0,0.0,0.0,0.0,0.0,0.0,0.0,0.0,0
1786496301,528991460,100.0,-1.720034424458639,-1.7038410345660608,-1.1326897780047815,-4.617758814488546,-4.890375677739279,0.6929990649223328,0.0,-0.0,0.0,0.0,0.0,0.0,0.0,0.0,0.0,0.0,0.0,0.0,0
1786496301,548840761,100.0,-1.720046345387594,-1.7038052717791956,-1.1327255407916468,-4.6177828947650355,-4.890483919774191,0.6930709481239319,0.0,-0.0,0.0,0.0,0.0,0.0,0.0,0.0,0.0,0.0,0.0,0.0,0
1786496301,569180965,100.0,-1.7200225035296839,-1.7038167158709925,-1.1327136198626917,-4.617746893559591,-4.890399638806478,0.6930110454559326,0.0,-0.0,0.0,0.0,0.0,0.0,0.0,0.0,0.0,0.0,0.0,0.0,0
1786496301,588732719,100.0,-1.7199862639056605,-1.7038291136371058,-1.1327255407916468,-4.617770854626791,-4.890459958706991,0.6929990649223328,0.0,-0.0,0.0,0.0,0.0,0.0,0.0,0.0,0.0,0.0,0.0,0.0,0
1786496301,609223365,100.0,-1.7200105826007288,-1.7038167158709925,-1.132761303578512,-4.617770854626791,-4.890399638806478,0.6929870843887329,0.0,-0.0,0.0,0.0,0.0,0.0,0.0,0.0,0.0,0.0,0.0,0.0,0
1786496301,629058599,100.0,-1.7199624220477503,-1.7038167158709925,-1.1327737013446253,-4.617770854626791,-4.890423957501547,0.6930469870567322,0.0,-0.0,0.0,0.0,0.0,0.0,0.0,0.0,0.0,0.0,0.0,0.0,0
1786496301,649314880,100.0,-1.7200105826007288,-1.7037928740130823,-1.1327255407916468,-4.617758814488546,-4.890399638806478,0.6930350065231323,0.0,-0.0,0.0,0.0,0.0,0.0,0.0,0.0,0.0,0.0,0.0,0.0,0
1786496301,668814182,100.0,-1.7199862639056605,-1.7038410345660608,-1.1327374617206019,-4.617758814488546,-4.890435997639791,0.6930350065231323,0.0,-0.0,0.0,0.0,0.0,0.0,0.0,0.0,0.0,0.0,0.0,0.0,0
1786496301,689000606,100.0,-1.7200225035296839,-1.7038291136371058,-1.1327374617206019,-4.617746893559591,-4.890459958706991,0.6930350065231323,0.0,-0.0,0.0,0.0,0.0,0.0,0.0,0.0,0.0,0.0,0.0,0.0,0
1786496301,708776235,100.0,-1.7200225035296839,-1.7038410345660608,-1.132749382649557,-4.617758814488546,-4.890399638806478,0.693058967590332,0.0,-0.0,0.0,0.0,0.0,0.0,0.0,0.0,0.0,0.0,0.0,0.0,0
1786496301,729228258,100.0,-1.720034424458639,-1.7038167158709925,-1.1326773802386683,-4.617722932492391,-4.890412036572592,0.6930469870567322,0.0,-0.0,0.0,0.0,0.0,0.0,0.0,0.0,0.0,0.0,0.0,0.0,0
1786496301,748817205,100.0,-1.7200225035296839,-1.7038167158709925,-1.132749382649557,-4.617770854626791,-4.890412036572592,0.6930469870567322,0.0,-0.0,0.0,0.0,0.0,0.0,0.0,0.0,0.0,0.0,0.0,0.0,0
1786496301,769204378,100.0,-1.7200225035296839,-1.7038052717791956,-1.132749382649557,-4.617770854626791,-4.890459958706991,0.6930230259895325,0.0,-0.0,0.0,0.0,0.0,0.0,0.0,0.0,0.0,0.0,0.0,0.0,0
1786496301,788761377,100.0,-1.7199981848346155,-1.7037809530841272,-1.132749382649557,-4.617758814488546,-4.890471879635946,0.6930350065231323,0.0,-0.0,0.0,0.0,0.0,0.0,0.0,0.0,0.0,0.0,0.0,0.0,0
1786496301,809192180,100.0,-1.720034424458639,-1.7038052717791956,-1.1326773802386683,-4.617770854626791,-4.890459958706991,0.6930469870567322,0.0,-0.0,0.0,0.0,0.0,0.0,0.0,0.0,0.0,0.0,0.0,0.0,0
1786496301,828775167,100.0,-1.7200821081744593,-1.7038410345660608,-1.1327255407916468,-4.6177828947650355,-4.890375677739279,0.693058967590332,0.0,-0.0,0.0,0.0,0.0,0.0,0.0,0.0,0.0,0.0,0.0,0.0,0
1786496301,849558115,100.0,-1.7200582663165491,-1.7038410345660608,-1.132749382649557,-4.6177948156939905,-4.890447918568746,0.6930469870567322,0.0,-0.0,0.0,0.0,0.0,0.0,0.0,0.0,0.0,0.0,0.0,0.0,0
1786496301,868809461,100.0,-1.7200105826007288,-1.7038410345660608,-1.1327255407916468,-4.617758814488546,-4.890447918568746,0.6930829286575317,0.0,-0.0,0.0,0.0,0.0,0.0,0.0,0.0,0.0,0.0,0.0,0.0,0
1786496301,888739824,100.0,-1.720046345387594,-1.7038410345660608,-1.1327255407916468,-4.6177348534213465,-4.890412036572592,0.6930469870567322,0.0,-0.0,0.0,0.0,0.0,0.0,0.0,0.0,0.0,0.0,0.0,0.0,0
1786496301,908786773,100.0,-1.7200225035296839,-1.7037928740130823,-1.1327255407916468,-4.6177348534213465,-4.890435997639791,0.6930110454559326,0.0,-0.0,0.0,0.0,0.0,0.0,0.0,0.0,0.0,0.0,0.0,0.0,0
1786496301,928948879,100.0,-1.7200225035296839,-1.7038052717791956,-1.132749382649557,-4.617758814488546,-4.890459958706991,0.6930829286575317,0.0,-0.0,0.0,0.0,0.0,0.0,0.0,0.0,0.0,0.0,0.0,0.0,0
1786496301,948878765,100.0,-1.7200701872455042,-1.703876797352926,-1.132749382649557,-4.6177828947650355,-4.890387598668234,0.6930230259895325,0.0,-0.0,0.0,0.0,0.0,0.0,0.0,0.0,0.0,0.0,0.0,0.0,0
1786496301,969244003,100.0,-1.7199624220477503,-1.703757111226217,-1.1327016989337366,-4.617770854626791,-4.890399638806478,0.6930230259895325,0.0,-0.0,0.0,0.0,0.0,0.0,0.0,0.0,0.0,0.0,0.0,0.0,0
1786496301,988788366,100.0,-1.7199862639056605,-1.7038052717791956,-1.1327136198626917,-4.6177948156939905,-4.890375677739279,0.6930469870567322,0.0,-0.0,0.0,0.0,0.0,0.0,0.0,0.0,0.0,0.0,0.0,0.0,0
1786496302,9058475,100.0,-1.7200105826007288,-1.7038167158709925,-1.1327136198626917,-4.617758814488546,-4.890423957501547,0.6930110454559326,0.0,-0.0,0.0,0.0,0.0,0.0,0.0,0.0,0.0,0.0,0.0,0.0,0
1786496302,28778791,100.0,-1.7200105826007288,-1.7038167158709925,-1.1327374617206019,-4.6177828947650355,-4.890423957501547,0.6930709481239319,0.0,-0.0,0.0,0.0,0.0,0.0,0.0,0.0,0.0,0.0,0.0,0.0,0
1786496302,49130201,100.0,-1.720046345387594,-1.703757111226217,-1.132761303578512,-4.617758814488546,-4.890399638806478,0.6930350065231323,0.0,-0.0,0.0,0.0,0.0,0.0,0.0,0.0,0.0,0.0,0.0,0.0,0
1786496302,68794250,100.0,-1.7199981848346155,-1.7038167158709925,-1.1326897780047815,-4.6177828947650355,-4.890459958706991,0.693058967590332,0.0,-0.0,0.0,0.0,0.0,0.0,0.0,0.0,0.0,0.0,0.0,0.0,0
1786496302,89171171,100.0,-1.7200582663165491,-1.7038410345660608,-1.1326659361468714,-4.617806855832235,-4.890399638806478,0.6930469870567322,0.0,-0.0,0.0,0.0,0.0,0.0,0.0,0.0,0.0,0.0,0.0,0.0,0
1786496302,108795642,100.0,-1.720034424458639,-1.703852955495016,-1.132761303578512,-4.6177948156939905,-4.890423957501547,0.6930829286575317,0.0,-0.0,0.0,0.0,0.0,0.0,0.0,0.0,0.0,0.0,0.0,0.0,0
1786496302,129031181,100.0,-1.720046345387594,-1.7038167158709925,-1.1327374617206019,-4.6177948156939905,-4.890447918568746,0.6930949091911316,0.0,-0.0,0.0,0.0,0.0,0.0,0.0,0.0,0.0,0.0,0.0,0.0,0
1786496302,148902416,100.0,-1.7200105826007288,-1.7038291136371058,-1.1327737013446253,-4.617710892354147,-4.890399638806478,0.693058967590332,0.0,-0.0,0.0,0.0,0.0,0.0,0.0,0.0,0.0,0.0,0.0,0.0,0
1786496302,169088363,100.0,-1.720034424458639,-1.7038052717791956,-1.1327856222735804,-4.617746893559591,-4.890423957501547,0.6930230259895325,0.0,-0.0,0.0,0.0,0.0,0.0,0.0,0.0,0.0,0.0,0.0,0.0,0
1786496302,188805818,100.0,-1.720046345387594,-1.7038052717791956,-1.1326897780047815,-4.6177348534213465,-4.890423957501547,0.6929990649223328,0.0,-0.0,0.0,0.0,0.0,0.0,0.0,0.0,0.0,0.0,0.0,0.0,0
1786496302,208983898,100.0,-1.7200105826007288,-1.7038167158709925,-1.1326897780047815,-4.617770854626791,-4.890412036572592,0.6929870843887329,0.0,-0.0,0.0,0.0,0.0,0.0,0.0,0.0,0.0,0.0,0.0,0.0,0
1786496302,228778123,100.0,-1.720046345387594,-1.7038052717791956,-1.1326897780047815,-4.6177948156939905,-4.890471879635946,0.6929990649223328,0.0,-0.0,0.0,0.0,0.0,0.0,0.0,0.0,0.0,0.0,0.0,0.0,0
1786496302,249539852,100.0,-1.7200701872455042,-1.7038167158709925,-1.1327136198626917,-4.617770854626791,-4.890435997639791,0.6930469870567322,0.0,-0.0,0.0,0.0,0.0,0.0,0.0,0.0,0.0,0.0,0.0,0.0,0
1786496302,268795728,100.0,-1.720034424458639,-1.7038052717791956,-1.1327737013446253,-4.617746893559591,-4.890459958706991,0.693058967590332,0.0,-0.0,0.0,0.0,0.0,0.0,0.0,0.0,0.0,0.0,0.0,0.0,0
1786496302,289090633,100.0,-1.7200225035296839,-1.7037690321551722,-1.1327737013446253,-4.6177348534213465,-4.890459958706991,0.6929870843887329,0.0,-0.0,0.0,0.0,0.0,0.0,0.0,0.0,0.0,0.0,0.0,0.0,0
1786496302,308804273,100.0,-1.720046345387594,-1.7038291136371058,-1.1327136198626917,-4.617758814488546,-4.890412036572592,0.6930350065231323,0.0,-0.0,0.0,0.0,0.0,0.0,0.0,0.0,0.0,0.0,0.0,0.0,0
1786496302,329244136,100.0,-1.7200225035296839,-1.7037809530841272,-1.1327856222735804,-4.6177828947650355,-4.890447918568746,0.6929990649223328,0.0,-0.0,0.0,0.0,0.0,0.0,0.0,0.0,0.0,0.0,0.0,0.0,0
1786496302,348795890,100.0,-1.720034424458639,-1.7037809530841272,-1.132749382649557,-4.617758814488546,-4.890447918568746,0.6929990649223328,0.0,-0.0,0.0,0.0,0.0,0.0,0.0,0.0,0.0,0.0,0.0,0.0,0
1786496302,369361400,100.0,-1.7199981848346155,-1.7038167158709925,-1.1327016989337366,-4.617770854626791,-4.890471879635946,0.6930350065231323,0.0,-0.0,0.0,0.0,0.0,0.0,0.0,0.0,0.0,0.0,0.0,0.0,0
1786496302,388783693,100.0,-1.7200225035296839,-1.7037809530841272,-1.132749382649557,-4.6177828947650355,-4.890412036572592,0.6930350065231323,0.0,-0.0,0.0,0.0,0.0,0.0,0.0,0.0,0.0,0.0,0.0,0.0,0
1786496302,409330129,100.0,-1.7199981848346155,-1.7038167158709925,-1.132749382649557,-4.617746893559591,-4.890435997639791,0.6930469870567322,0.0,-0.0,0.0,0.0,0.0,0.0,0.0,0.0,0.0,0.0,0.0,0.0,0
1786496302,428731679,100.0,-1.720046345387594,-1.7038167158709925,-1.1327374617206019,-4.6177948156939905,-4.890447918568746,0.6930709481239319,0.0,-0.0,0.0,0.0,0.0,0.0,0.0,0.0,0.0,0.0,0.0,0.0,0
1786496302,449143886,100.0,-1.7200225035296839,-1.7037809530841272,-1.132749382649557,-4.617770854626791,-4.890459958706991,0.6930230259895325,0.0,-0.0,0.0,0.0,0.0,0.0,0.0,0.0,0.0,0.0,0.0,0.0,0
1786496302,468858957,100.0,-1.7200105826007288,-1.7038052717791956,-1.132749382649557,-4.617758814488546,-4.890423957501547,0.6930469870567322,0.0,-0.0,0.0,0.0,0.0,0.0,0.0,0.0,0.0,0.0,0.0,0.0,0
1786496302,489238023,100.0,-1.720034424458639,-1.7037809530841272,-1.132749382649557,-4.6177948156939905,-4.890447918568746,0.6930350065231323,0.0,-0.0,0.0,0.0,0.0,0.0,0.0,0.0,0.0,0.0,0.0,0.0,0
1786496302,508802890,100.0,-1.720034424458639,-1.7038167158709925,-1.1327737013446253,-4.617746893559591,-4.890435997639791,0.6930350065231323,0.0,-0.0,0.0,0.0,0.0,0.0,0.0,0.0,0.0,0.0,0.0,0.0,0
1786496302,529274702,100.0,-1.7200105826007288,-1.7038167158709925,-1.1327856222735804,-4.6177828947650355,-4.890399638806478,0.6930469870567322,0.0,-0.0,0.0,0.0,0.0,0.0,0.0,0.0,0.0,0.0,0.0,0.0,0
1786496302,548837900,100.0,-1.7199981848346155,-1.703757111226217,-1.1327136198626917,-4.617770854626791,-4.890447918568746,0.6930230259895325,0.0,-0.0,0.0,0.0,0.0,0.0,0.0,0.0,0.0,0.0,0.0,0.0,0
1786496302,569028139,100.0,-1.7199981848346155,-1.7038052717791956,-1.1327374617206019,-4.617770854626791,-4.890435997639791,0.6930230259895325,0.0,-0.0,0.0,0.0,0.0,0.0,0.0,0.0,0.0,0.0,0.0,0.0,0
1786496302,588762044,100.0,-1.720034424458639,-1.7038167158709925,-1.1327374617206019,-4.6177948156939905,-4.890459958706991,0.693058967590332,0.0,-0.0,0.0,0.0,0.0,0.0,0.0,0.0,0.0,0.0,0.0,0.0,0
1786496302,609067678,100.0,-1.720046345387594,-1.7038410345660608,-1.132761303578512,-4.617770854626791,-4.890423957501547,0.6930350065231323,0.0,-0.0,0.0,0.0,0.0,0.0,0.0,0.0,0.0,0.0,0.0,0.0,0
1786496302,628781080,100.0,-1.7199743429767054,-1.7038410345660608,-1.1327374617206019,-4.6177348534213465,-4.890412036572592,0.6930110454559326,0.0,-0.0,0.0,0.0,0.0,0.0,0.0,0.0,0.0,0.0,0.0,0.0,0
1786496302,649221897,100.0,-1.7200582663165491,-1.7037690321551722,-1.132749382649557,-4.6177948156939905,-4.890447918568746,0.6930469870567322,0.0,-0.0,0.0,0.0,0.0,0.0,0.0,0.0,0.0,0.0,0.0,0.0,0
1786496302,668835639,100.0,-1.720046345387594,-1.7037809530841272,-1.1327374617206019,-4.6177828947650355,-4.890399638806478,0.693058967590332,0.0,-0.0,0.0,0.0,0.0,0.0,0.0,0.0,0.0,0.0,0.0,0.0,0
1786496302,689297914,100.0,-1.7200582663165491,-1.7037690321551722,-1.1327374617206019,-4.617758814488546,-4.890399638806478,0.6930230259895325,0.0,-0.0,0.0,0.0,0.0,0.0,0.0,0.0,0.0,0.0,0.0,0.0,0
1786496302,708801269,100.0,-1.720046345387594,-1.7037928740130823,-1.132761303578512,-4.617770854626791,-4.890459958706991,0.6930110454559326,0.0,-0.0,0.0,0.0,0.0,0.0,0.0,0.0,0.0,0.0,0.0,0.0,0
1786496302,729638814,100.0,-1.7200225035296839,-1.703864876423971,-1.1326897780047815,-4.617758814488546,-4.890447918568746,0.6930230259895325,0.0,-0.0,0.0,0.0,0.0,0.0,0.0,0.0,0.0,0.0,0.0,0.0,0
1786496302,748820543,100.0,-1.7200225035296839,-1.7037690321551722,-1.1327016989337366,-4.617770854626791,-4.890459958706991,0.6930230259895325,0.0,-0.0,0.0,0.0,0.0,0.0,0.0,0.0,0.0,0.0,0.0,0.0,0
1786496302,768987655,100.0,-1.720034424458639,-1.703757111226217,-1.1327374617206019,-4.6177348534213465,-4.890435997639791,0.6930110454559326,0.0,-0.0,0.0,0.0,0.0,0.0,0.0,0.0,0.0,0.0,0.0,0.0,0
1786496302,788809061,100.0,-1.7200582663165491,-1.7038410345660608,-1.1326773802386683,-4.6177948156939905,-4.890435997639791,0.6929870843887329,0.0,-0.0,0.0,0.0,0.0,0.0,0.0,0.0,0.0,0.0,0.0,0.0,0
1786496302,809181928,100.0,-1.7200225035296839,-1.7038052717791956,-1.132761303578512,-4.617770854626791,-4.890447918568746,0.6930230259895325,0.0,-0.0,0.0,0.0,0.0,0.0,0.0,0.0,0.0,0.0,0.0,0.0,0
1786496302,828805208,100.0,-1.7200105826007288,-1.703852955495016,-1.1327737013446253,-4.6177348534213465,-4.890459958706991,0.6930110454559326,0.0,-0.0,0.0,0.0,0.0,0.0,0.0,0.0,0.0,0.0,0.0,0.0,0
1786496302,849553585,100.0,-1.7199862639056605,-1.7038052717791956,-1.1327374617206019,-4.6177348534213465,-4.890435997639791,0.6930350065231323,0.0,-0.0,0.0,0.0,0.0,0.0,0.0,0.0,0.0,0.0,0.0,0.0,0
1786496302,868767499,100.0,-1.7200225035296839,-1.7037928740130823,-1.1327374617206019,-4.617722932492391,-4.890447918568746,0.693058967590332,0.0,-0.0,0.0,0.0,0.0,0.0,0.0,0.0,0.0,0.0,0.0,0.0,0
1786496302,889238834,100.0,-1.7200105826007288,-1.703852955495016,-1.132761303578512,-4.6177828947650355,-4.890423957501547,0.6930469870567322,0.0,-0.0,0.0,0.0,0.0,0.0,0.0,0.0,0.0,0.0,0.0,0.0,0
1786496302,908819913,100.0,-1.7200225035296839,-1.7037928740130823,-1.132761303578512,-4.6177348534213465,-4.890387598668234,0.6930469870567322,0.0,-0.0,0.0,0.0,0.0,0.0,0.0,0.0,0.0,0.0,0.0,0.0,0
1786496302,929180860,100.0,-1.7199981848346155,-1.7038052717791956,-1.1327136198626917,-4.6177348534213465,-4.890423957501547,0.6930350065231323,0.0,-0.0,0.0,0.0,0.0,0.0,0.0,0.0,0.0,0.0,0.0,0.0,0
1786496302,948868274,100.0,-1.7200225035296839,-1.7038052717791956,-1.1327737013446253,-4.617746893559591,-4.890423957501547,0.6929870843887329,0.0,-0.0,0.0,0.0,0.0,0.0,0.0,0.0,0.0,0.0,0.0,0.0,0
1786496302,969395160,100.0,-1.7200105826007288,-1.7037690321551722,-1.132749382649557,-4.617758814488546,-4.890423957501547,0.6930230259895325,0.0,-0.0,0.0,0.0,0.0,0.0,0.0,0.0,0.0,0.0,0.0,0.0,0
1786496302,988756895,100.0,-1.7200225035296839,-1.703864876423971,-1.1327016989337366,-4.6177948156939905,-4.890471879635946,0.6929870843887329,0.0,-0.0,0.0,0.0,0.0,0.0,0.0,0.0,0.0,0.0,0.0,0.0,0
1786496303,9165048,100.0,-1.7200225035296839,-1.7038052717791956,-1.1327136198626917,-4.617770854626791,-4.890447918568746,0.6929990649223328,0.0,-0.0,0.0,0.0,0.0,0.0,0.0,0.0,0.0,0.0,0.0,0.0,0
1786496303,28748512,100.0,-1.7199981848346155,-1.7038052717791956,-1.1327374617206019,-4.617746893559591,-4.890399638806478,0.6929870843887329,0.0,-0.0,0.0,0.0,0.0,0.0,0.0,0.0,0.0,0.0,0.0,0.0,0
1786496303,49241065,100.0,-1.720046345387594,-1.7037809530841272,-1.1327255407916468,-4.6177828947650355,-4.890423957501547,0.693058967590332,0.0,-0.0,0.0,0.0,0.0,0.0,0.0,0.0,0.0,0.0,0.0,0.0,0
1786496303,68849563,100.0,-1.7200225035296839,-1.7037928740130823,-1.1327136198626917,-4.617770854626791,-4.890435997639791,0.6930469870567322,0.0,-0.0,0.0,0.0,0.0,0.0,0.0,0.0,0.0,0.0,0.0,0.0,0
1786496303,89340448,100.0,-1.7200225035296839,-1.7037928740130823,-1.1327374617206019,-4.617758814488546,-4.890447918568746,0.693058967590332,0.0,-0.0,0.0,0.0,0.0,0.0,0.0,0.0,0.0,0.0,0.0,0.0,0
1786496303,108825922,100.0,-1.7200225035296839,-1.7037809530841272,-1.1326773802386683,-4.617758814488546,-4.890447918568746,0.6930949091911316,0.0,-0.0,0.0,0.0,0.0,0.0,0.0,0.0,0.0,0.0,0.0,0.0,0
1786496303,129430294,100.0,-1.7199862639056605,-1.7037690321551722,-1.1327737013446253,-4.617710892354147,-4.890399638806478,0.693058967590332,0.0,-0.0,0.0,0.0,0.0,0.0,0.0,0.0,0.0,0.0,0.0,0.0,0
1786496303,148844003,100.0,-1.7200105826007288,-1.7038167158709925,-1.1326897780047815,-4.6177348534213465,-4.890423957501547,0.6930110454559326,0.0,-0.0,0.0,0.0,0.0,0.0,0.0,0.0,0.0,0.0,0.0,0.0,0
1786496303,169148445,100.0,-1.7200105826007288,-1.7037809530841272,-1.132761303578512,-4.6177828947650355,-4.890412036572592,0.6930469870567322,0.0,-0.0,0.0,0.0,0.0,0.0,0.0,0.0,0.0,0.0,0.0,0.0,0
1786496303,188789606,100.0,-1.7199862639056605,-1.7037928740130823,-1.1327136198626917,-4.617722932492391,-4.890423957501547,0.6929990649223328,0.0,-0.0,0.0,0.0,0.0,0.0,0.0,0.0,0.0,0.0,0.0,0.0,0
1786496303,209305524,100.0,-1.7200225035296839,-1.7038052717791956,-1.132749382649557,-4.617806855832235,-4.890447918568746,0.6929870843887329,0.0,-0.0,0.0,0.0,0.0,0.0,0.0,0.0,0.0,0.0,0.0,0.0,0
1786496303,228818893,100.0,-1.7199862639056605,-1.7037928740130823,-1.1327136198626917,-4.617770854626791,-4.890435997639791,0.6929990649223328,0.0,-0.0,0.0,0.0,0.0,0.0,0.0,0.0,0.0,0.0,0.0,0.0,0
1786496303,249631404,100.0,-1.720046345387594,-1.7038052717791956,-1.1327136198626917,-4.617758814488546,-4.890447918568746,0.693058967590332,0.0,-0.0,0.0,0.0,0.0,0.0,0.0,0.0,0.0,0.0,0.0,0.0,0
1786496303,268815040,100.0,-1.7199862639056605,-1.703757111226217,-1.1327255407916468,-4.617758814488546,-4.890471879635946,0.6930469870567322,0.0,-0.0,0.0,0.0,0.0,0.0,0.0,0.0,0.0,0.0,0.0,0.0,0
1786496303,289599895,100.0,-1.7200105826007288,-1.7038410345660608,-1.1327016989337366,-4.617758814488546,-4.890435997639791,0.6930709481239319,0.0,-0.0,0.0,0.0,0.0,0.0,0.0,0.0,0.0,0.0,0.0,0.0,0
1786496303,308776855,100.0,-1.7200225035296839,-1.7038052717791956,-1.132749382649557,-4.617746893559591,-4.890459958706991,0.6930709481239319,0.0,-0.0,0.0,0.0,0.0,0.0,0.0,0.0,0.0,0.0,0.0,0.0,0
1786496303,329205274,100.0,-1.720046345387594,-1.7037690321551722,-1.1327255407916468,-4.617758814488546,-4.890447918568746,0.693058967590332,0.0,-0.0,0.0,0.0,0.0,0.0,0.0,0.0,0.0,0.0,0.0,0.0,0
1786496303,348829269,100.0,-1.7200225035296839,-1.7038052717791956,-1.1327136198626917,-4.6177828947650355,-4.890399638806478,0.6930350065231323,0.0,-0.0,0.0,0.0,0.0,0.0,0.0,0.0,0.0,0.0,0.0,0.0,0
1786496303,369297504,100.0,-1.720034424458639,-1.7038291136371058,-1.1327255407916468,-4.617806855832235,-4.890423957501547,0.6930230259895325,0.0,-0.0,0.0,0.0,0.0,0.0,0.0,0.0,0.0,0.0,0.0,0.0,0
1786496303,388631343,100.0,-1.720034424458639,-1.7038167158709925,-1.1327255407916468,-4.617758814488546,-4.890435997639791,0.6930230259895325,0.0,-0.0,0.0,0.0,0.0,0.0,0.0,0.0,0.0,0.0,0.0,0.0,0
1786496303,408500671,100.0,-1.7199981848346155,-1.7038167158709925,-1.1327374617206019,-4.617746893559591,-4.890447918568746,0.6930469870567322,0.0,-0.0,0.0,0.0,0.0,0.0,0.0,0.0,0.0,0.0,0.0,0.0,0
1786496303,428705215,100.0,-1.720046345387594,-1.7037809530841272,-1.132749382649557,-4.6177948156939905,-4.890435997639791,0.6930230259895325,0.0,-0.0,0.0,0.0,0.0,0.0,0.0,0.0,0.0,0.0,0.0,0.0,0
1786496303,448867321,100.0,-1.7200105826007288,-1.7038052717791956,-1.132749382649557,-4.617770854626791,-4.890471879635946,0.6930110454559326,0.0,-0.0,0.0,0.0,0.0,0.0,0.0,0.0,0.0,0.0,0.0,0.0,0
1786496303,468655824,100.0,-1.7200701872455042,-1.7038167158709925,-1.1327255407916468,-4.617770854626791,-4.890412036572592,0.693058967590332,0.0,-0.0,0.0,0.0,0.0,0.0,0.0,0.0,0.0,0.0,0.0,0.0,0
1786496303,488642215,100.0,-1.7200225035296839,-1.7037928740130823,-1.132761303578512,-4.617722932492391,-4.890412036572592,0.693058967590332,0.0,-0.0,0.0,0.0,0.0,0.0,0.0,0.0,0.0,0.0,0.0,0.0,0
1786496303,508870124,100.0,-1.7200225035296839,-1.7037928740130823,-1.1327136198626917,-4.617722932492391,-4.890387598668234,0.6930350065231323,0.0,-0.0,0.0,0.0,0.0,0.0,0.0,0.0,0.0,0.0,0.0,0.0,0
1786496303,529721260,100.0,-1.7200225035296839,-1.703852955495016,-1.1327374617206019,-4.617758814488546,-4.890423957501547,0.6930230259895325,0.0,-0.0,0.0,0.0,0.0,0.0,0.0,0.0,0.0,0.0,0.0,0.0,0
1786496303,548866033,100.0,-1.7200225035296839,-1.7037809530841272,-1.132749382649557,-4.617746893559591,-4.890471879635946,0.6930350065231323,0.0,-0.0,0.0,0.0,0.0,0.0,0.0,0.0,0.0,0.0,0.0,0.0,0
1786496303,570041894,100.0,-1.7200225035296839,-1.7037809530841272,-1.132749382649557,-4.617758814488546,-4.890471879635946,0.693058967590332,0.0,-0.0,0.0,0.0,0.0,0.0,0.0,0.0,0.0,0.0,0.0,0.0,0
1786496303,588927030,100.0,-1.7200225035296839,-1.7037690321551722,-1.1327374617206019,-4.6177828947650355,-4.890435997639791,0.6930350065231323,0.0,-0.0,0.0,0.0,0.0,0.0,0.0,0.0,0.0,0.0,0.0,0.0,0
1786496303,609457969,100.0,-1.7200225035296839,-1.7038052717791956,-1.1326773802386683,-4.617746893559591,-4.890412036572592,0.6930230259895325,0.0,-0.0,0.0,0.0,0.0,0.0,0.0,0.0,0.0,0.0,0.0,0.0,0
1786496303,629021167,100.0,-1.7199743429767054,-1.7037690321551722,-1.132749382649557,-4.617758814488546,-4.890471879635946,0.6930350065231323,0.0,-0.0,0.0,0.0,0.0,0.0,0.0,0.0,0.0,0.0,0.0,0.0,0
1786496303,648802280,100.0,-1.7200225035296839,-1.7037809530841272,-1.1327016989337366,-4.6177948156939905,-4.890399638806478,0.693058967590332,0.0,-0.0,0.0,0.0,0.0,0.0,0.0,0.0,0.0,0.0,0.0,0.0,0
1786496303,668729305,100.0,-1.7199862639056605,-1.7038167158709925,-1.1327374617206019,-4.617770854626791,-4.890435997639791,0.6929990649223328,0.0,-0.0,0.0,0.0,0.0,0.0,0.0,0.0,0.0,0.0,0.0,0.0,0
1786496303,688869237,100.0,-1.7200225035296839,-1.7038291136371058,-1.1327374617206019,-4.617806855832235,-4.890399638806478,0.6929990649223328,0.0,-0.0,0.0,0.0,0.0,0.0,0.0,0.0,0.0,0.0,0.0,0.0,0
1786496303,708776235,100.0,-1.7199862639056605,-1.7037690321551722,-1.1327255407916468,-4.6177828947650355,-4.890423957501547,0.6930469870567322,0.0,-0.0,0.0,0.0,0.0,0.0,0.0,0.0,0.0,0.0,0.0,0.0,0
1786496303,729265213,100.0,-1.7200105826007288,-1.7037809530841272,-1.132761303578512,-4.6177828947650355,-4.890399638806478,0.693058967590332,0.0,-0.0,0.0,0.0,0.0,0.0,0.0,0.0,0.0,0.0,0.0,0.0,0
1786496303,748789310,100.0,-1.7200225035296839,-1.7038052717791956,-1.1327737013446253,-4.6177828947650355,-4.890459958706991,0.6930829286575317,0.0,-0.0,0.0,0.0,0.0,0.0,0.0,0.0,0.0,0.0,0.0,0.0,0
1786496303,768960952,100.0,-1.720034424458639,-1.7038167158709925,-1.1327374617206019,-4.617770854626791,-4.890387598668234,0.6930469870567322,0.0,-0.0,0.0,0.0,0.0,0.0,0.0,0.0,0.0,0.0,0.0,0.0,0
1786496303,788717746,100.0,-1.720034424458639,-1.7037809530841272,-1.1327374617206019,-4.6177828947650355,-4.890423957501547,0.693058967590332,0.0,-0.0,0.0,0.0,0.0,0.0,0.0,0.0,0.0,0.0,0.0,0.0,0
1786496303,809120178,100.0,-1.720046345387594,-1.7038052717791956,-1.1327737013446253,-4.617710892354147,-4.890459958706991,0.6930230259895325,0.0,-0.0,0.0,0.0,0.0,0.0,0.0,0.0,0.0,0.0,0.0,0.0,0
1786496303,828763961,100.0,-1.7199624220477503,-1.7038291136371058,-1.1327737013446253,-4.6177948156939905,-4.890399638806478,0.6930829286575317,0.0,-0.0,0.0,0.0,0.0,0.0,0.0,0.0,0.0,0.0,0.0,0.0,0
1786496303,849005222,100.0,-1.7200582663165491,-1.7038410345660608,-1.132749382649557,-4.6177828947650355,-4.890412036572592,0.6930469870567322,0.0,-0.0,0.0,0.0,0.0,0.0,0.0,0.0,0.0,0.0,0.0,0.0,0
1786496303,868864297,100.0,-1.7200821081744593,-1.7038167158709925,-1.132749382649557,-4.617770854626791,-4.890447918568746,0.6930350065231323,0.0,-0.0,0.0,0.0,0.0,0.0,0.0,0.0,0.0,0.0,0.0,0.0,0
1786496303,888777971,100.0,-1.7200105826007288,-1.7038052717791956,-1.1327374617206019,-4.617770854626791,-4.890435997639791,0.6929990649223328,0.0,-0.0,0.0,0.0,0.0,0.0,0.0,0.0,0.0,0.0,0.0,0.0,0
1786496303,908757209,100.0,-1.7200225035296839,-1.7038167158709925,-1.1327136198626917,-4.6177348534213465,-4.890459958706991,0.6929990649223328,0.0,-0.0,0.0,0.0,0.0,0.0,0.0,0.0,0.0,0.0,0.0,0.0,0
1786496303,929231882,100.0,-1.720046345387594,-1.703757111226217,-1.1327016989337366,-4.617806855832235,-4.890447918568746,0.693058967590332,0.0,-0.0,0.0,0.0,0.0,0.0,0.0,0.0,0.0,0.0,0.0,0.0,0
1786496303,948811769,100.0,-1.7200225035296839,-1.7037809530841272,-1.132749382649557,-4.6177948156939905,-4.890423957501547,0.6929990649223328,0.0,-0.0,0.0,0.0,0.0,0.0,0.0,0.0,0.0,0.0,0.0,0.0,0
1786496303,968825817,100.0,-1.7200105826007288,-1.7037809530841272,-1.132749382649557,-4.617770854626791,-4.890447918568746,0.6930230259895325,0.0,-0.0,0.0,0.0,0.0,0.0,0.0,0.0,0.0,0.0,0.0,0.0,0
1786496303,988741397,100.0,-1.720034424458639,-1.703852955495016,-1.1327255407916468,-4.617722932492391,-4.890435997639791,0.6930350065231323,0.0,-0.0,0.0,0.0,0.0,0.0,0.0,0.0,0.0,0.0,0.0,0.0,0
1786496304,8929014,100.0,-1.720046345387594,-1.7037809530841272,-1.132749382649557,-4.617746893559591,-4.890435997639791,0.6930469870567322,0.0,-0.0,0.0,0.0,0.0,0.0,0.0,0.0,0.0,0.0,0.0,0.0,0
1786496304,28799533,100.0,-1.7200225035296839,-1.7038410345660608,-1.1327016989337366,-4.617746893559591,-4.890459958706991,0.6930230259895325,0.0,-0.0,0.0,0.0,0.0,0.0,0.0,0.0,0.0,0.0,0.0,0.0,0
1786496304,48838615,100.0,-1.7200582663165491,-1.7038052717791956,-1.1327737013446253,-4.617746893559591,-4.890471879635946,0.6930350065231323,0.0,-0.0,0.0,0.0,0.0,0.0,0.0,0.0,0.0,0.0,0.0,0.0,0
1786496304,68806409,100.0,-1.7200105826007288,-1.7038410345660608,-1.1327374617206019,-4.6177948156939905,-4.890435997639791,0.6930350065231323,0.0,-0.0,0.0,0.0,0.0,0.0,0.0,0.0,0.0,0.0,0.0,0.0,0
1786496304,89606046,100.0,-1.7200582663165491,-1.7037928740130823,-1.132749382649557,-4.617722932492391,-4.890399638806478,0.6930350065231323,0.0,-0.0,0.0,0.0,0.0,0.0,0.0,0.0,0.0,0.0,0.0,0.0,0
1786496304,108781099,100.0,-1.7199862639056605,-1.7038167158709925,-1.1327374617206019,-4.617758814488546,-4.890447918568746,0.6930230259895325,0.0,-0.0,0.0,0.0,0.0,0.0,0.0,0.0,0.0,0.0,0.0,0.0,0
1786496304,129131555,100.0,-1.7200105826007288,-1.7038052717791956,-1.132749382649557,-4.617758814488546,-4.890399638806478,0.6930110454559326,0.0,-0.0,0.0,0.0,0.0,0.0,0.0,0.0,0.0,0.0,0.0,0.0,0
1786496304,148818254,100.0,-1.720046345387594,-1.7038291136371058,-1.1326897780047815,-4.617770854626791,-4.890435997639791,0.6930230259895325,0.0,-0.0,0.0,0.0,0.0,0.0,0.0,0.0,0.0,0.0,0.0,0.0,0
1786496304,168938398,100.0,-1.7199743429767054,-1.703757111226217,-1.1327255407916468,-4.617770854626791,-4.890447918568746,0.6930709481239319,0.0,-0.0,0.0,0.0,0.0,0.0,0.0,0.0,0.0,0.0,0.0,0.0,0
1786496304,188788175,100.0,-1.7200225035296839,-1.7038167158709925,-1.132749382649557,-4.617770854626791,-4.890399638806478,0.6930829286575317,0.0,-0.0,0.0,0.0,0.0,0.0,0.0,0.0,0.0,0.0,0.0,0.0,0
1786496304,209038019,100.0,-1.7199862639056605,-1.7038167158709925,-1.132749382649557,-4.6177348534213465,-4.890459958706991,0.6930829286575317,0.0,-0.0,0.0,0.0,0.0,0.0,0.0,0.0,0.0,0.0,0.0,0.0,0
1786496304,228780746,100.0,-1.7199743429767054,-1.703757111226217,-1.1327255407916468,-4.6177348534213465,-4.890435997639791,0.6930469870567322,0.0,-0.0,0.0,0.0,0.0,0.0,0.0,0.0,0.0,0.0,0.0,0.0,0
1786496304,249138593,100.0,-1.7200225035296839,-1.7038291136371058,-1.132749382649557,-4.6177948156939905,-4.890412036572592,0.6930110454559326,0.0,-0.0,0.0,0.0,0.0,0.0,0.0,0.0,0.0,0.0,0.0,0.0,0
1786496304,268792390,100.0,-1.7199862639056605,-1.7037928740130823,-1.132749382649557,-4.6177828947650355,-4.890447918568746,0.6929990649223328,0.0,-0.0,0.0,0.0,0.0,0.0,0.0,0.0,0.0,0.0,0.0,0.0,0
1786496304,288829803,100.0,-1.7200105826007288,-1.703852955495016,-1.1327737013446253,-4.617758814488546,-4.890423957501547,0.693058967590332,0.0,-0.0,0.0,0.0,0.0,0.0,0.0,0.0,0.0,0.0,0.0,0.0,0
1786496304,308801174,100.0,-1.720034424458639,-1.7037928740130823,-1.1327136198626917,-4.617758814488546,-4.890412036572592,0.6930110454559326,0.0,-0.0,0.0,0.0,0.0,0.0,0.0,0.0,0.0,0.0,0.0,0.0,0
1786496304,329133749,100.0,-1.720046345387594,-1.7038167158709925,-1.132749382649557,-4.6177948156939905,-4.890447918568746,0.6930230259895325,0.0,-0.0,0.0,0.0,0.0,0.0,0.0,0.0,0.0,0.0,0.0,0.0,0
1786496304,348812103,100.0,-1.7199862639056605,-1.7038291136371058,-1.1327136198626917,-4.617758814488546,-4.890399638806478,0.6930829286575317,0.0,-0.0,0.0,0.0,0.0,0.0,0.0,0.0,0.0,0.0,0.0,0.0,0
1786496304,369323253,100.0,-1.720034424458639,-1.7038052717791956,-1.1327374617206019,-4.6177948156939905,-4.890399638806478,0.6930709481239319,0.0,-0.0,0.0,0.0,0.0,0.0,0.0,0.0,0.0,0.0,0.0,0.0,0
1786496304,388704299,100.0,-1.7200105826007288,-1.7038291136371058,-1.1327136198626917,-4.617746893559591,-4.890423957501547,0.693058967590332,0.0,-0.0,0.0,0.0,0.0,0.0,0.0,0.0,0.0,0.0,0.0,0.0,0
1786496304,408932447,100.0,-1.720034424458639,-1.7037809530841272,-1.132749382649557,-4.6177348534213465,-4.890399638806478,0.6930230259895325,0.0,-0.0,0.0,0.0,0.0,0.0,0.0,0.0,0.0,0.0,0.0,0.0,0
1786496304,428691625,100.0,-1.720034424458639,-1.7038167158709925,-1.1327856222735804,-4.617770854626791,-4.890471879635946,0.6930350065231323,0.0,-0.0,0.0,0.0,0.0,0.0,0.0,0.0,0.0,0.0,0.0,0.0,0
1786496304,449148654,100.0,-1.7200105826007288,-1.7038410345660608,-1.1327255407916468,-4.617758814488546,-4.890412036572592,0.6930350065231323,0.0,-0.0,0.0,0.0,0.0,0.0,0.0,0.0,0.0,0.0,0.0,0.0,0
1786496304,468666315,100.0,-1.720034424458639,-1.703852955495016,-1.132761303578512,-4.617770854626791,-4.890435997639791,0.6930709481239319,0.0,-0.0,0.0,0.0,0.0,0.0,0.0,0.0,0.0,0.0,0.0,0.0,0
1786496304,489113807,100.0,-1.7200701872455042,-1.7038167158709925,-1.132761303578512,-4.617758814488546,-4.890447918568746,0.6930110454559326,0.0,-0.0,0.0,0.0,0.0,0.0,0.0,0.0,0.0,0.0,0.0,0.0,0
1786496304,508802890,100.0,-1.7200225035296839,-1.7037809530841272,-1.1327374617206019,-4.617770854626791,-4.890387598668234,0.6930469870567322,0.0,-0.0,0.0,0.0,0.0,0.0,0.0,0.0,0.0,0.0,0.0,0.0,0
1786496304,528869390,100.0,-1.720034424458639,-1.7038410345660608,-1.1327737013446253,-4.6177348534213465,-4.890412036572592,0.6930829286575317,0.0,-0.0,0.0,0.0,0.0,0.0,0.0,0.0,0.0,0.0,0.0,0.0,0
1786496304,548842668,100.0,-1.7200105826007288,-1.7038291136371058,-1.1327737013446253,-4.617770854626791,-4.890412036572592,0.6930350065231323,0.0,-0.0,0.0,0.0,0.0,0.0,0.0,0.0,0.0,0.0,0.0,0.0,0
1786496304,568924427,100.0,-1.7199862639056605,-1.7038052717791956,-1.132749382649557,-4.6177828947650355,-4.890435997639791,0.6930350065231323,0.0,-0.0,0.0,0.0,0.0,0.0,0.0,0.0,0.0,0.0,0.0,0.0,0
1786496304,588708162,100.0,-1.7200582663165491,-1.7038052717791956,-1.132749382649557,-4.617758814488546,-4.890447918568746,0.6930110454559326,0.0,-0.0,0.0,0.0,0.0,0.0,0.0,0.0,0.0,0.0,0.0,0.0,0
1786496304,609114170,100.0,-1.7200225035296839,-1.7038052717791956,-1.1327255407916468,-4.617770854626791,-4.890399638806478,0.6930469870567322,0.0,-0.0,0.0,0.0,0.0,0.0,0.0,0.0,0.0,0.0,0.0,0.0,0
1786496304,628824234,100.0,-1.7200582663165491,-1.7038167158709925,-1.132749382649557,-4.6177348534213465,-4.890412036572592,0.6929990649223328,0.0,-0.0,0.0,0.0,0.0,0.0,0.0,0.0,0.0,0.0,0.0,0.0,0
1786496304,649624824,100.0,-1.7200225035296839,-1.7038167158709925,-1.1327136198626917,-4.617770854626791,-4.890423957501547,0.6930110454559326,0.0,-0.0,0.0,0.0,0.0,0.0,0.0,0.0,0.0,0.0,0.0,0.0,0
1786496304,668812513,100.0,-1.7200225035296839,-1.7037809530841272,-1.1327374617206019,-4.617770854626791,-4.890412036572592,0.6930469870567322,0.0,-0.0,0.0,0.0,0.0,0.0,0.0,0.0,0.0,0.0,0.0,0.0,0
1786496304,688985586,100.0,-1.7200225035296839,-1.7038167158709925,-1.1327255407916468,-4.6177948156939905,-4.890459958706991,0.6930350065231323,0.0,-0.0,0.0,0.0,0.0,0.0,0.0,0.0,0.0,0.0,0.0,0.0,0
1786496304,708744287,100.0,-1.720034424458639,-1.7038410345660608,-1.132749382649557,-4.617746893559591,-4.890423957501547,0.6930230259895325,0.0,-0.0,0.0,0.0,0.0,0.0,0.0,0.0,0.0,0.0,0.0,0.0,0
1786496304,729368209,100.0,-1.7199743429767054,-1.7037928740130823,-1.1327255407916468,-4.617806855832235,-4.890459958706991,0.6930230259895325,0.0,-0.0,0.0,0.0,0.0,0.0,0.0,0.0,0.0,0.0,0.0,0.0,0
1786496304,748848438,100.0,-1.720046345387594,-1.7038291136371058,-1.1327374617206019,-4.6177828947650355,-4.890447918568746,0.6930469870567322,0.0,-0.0,0.0,0.0,0.0,0.0,0.0,0.0,0.0,0.0,0.0,0.0,0
1786496304,769755601,100.0,-1.7200225035296839,-1.7037809530841272,-1.132761303578512,-4.6177348534213465,-4.890387598668234,0.6930469870567322,0.0,-0.0,0.0,0.0,0.0,0.0,0.0,0.0,0.0,0.0,0.0,0.0,0
1786496304,788754224,100.0,-1.7200225035296839,-1.7037928740130823,-1.132761303578512,-4.617758814488546,-4.890399638806478,0.6929870843887329,0.0,-0.0,0.0,0.0,0.0,0.0,0.0,0.0,0.0,0.0,0.0,0.0,0
1786496304,809661626,100.0,-1.7200105826007288,-1.703745190297262,-1.1327856222735804,-4.617758814488546,-4.890459958706991,0.6930469870567322,0.0,-0.0,0.0,0.0,0.0,0.0,0.0,0.0,0.0,0.0,0.0,0.0,0
1786496304,828764438,100.0,-1.7200105826007288,-1.7038052717791956,-1.1327737013446253,-4.617746893559591,-4.890399638806478,0.693058967590332,0.0,-0.0,0.0,0.0,0.0,0.0,0.0,0.0,0.0,0.0,0.0,0.0,0
1786496304,849227666,100.0,-1.720046345387594,-1.7037809530841272,-1.1327255407916468,-4.61781877676119,-4.890459958706991,0.693058967590332,0.0,-0.0,0.0,0.0,0.0,0.0,0.0,0.0,0.0,0.0,0.0,0.0,0
1786496304,868869543,100.0,-1.720046345387594,-1.7038052717791956,-1.132749382649557,-4.6177348534213465,-4.890423957501547,0.693058967590332,0.0,-0.0,0.0,0.0,0.0,0.0,0.0,0.0,0.0,0.0,0.0,0.0,0
1786496304,889730930,100.0,-1.7199862639056605,-1.703864876423971,-1.132761303578512,-4.617770854626791,-4.890387598668234,0.6930230259895325,0.0,-0.0,0.0,0.0,0.0,0.0,0.0,0.0,0.0,0.0,0.0,0.0,0
1786496304,908670663,100.0,-1.720034424458639,-1.7038052717791956,-1.1327374617206019,-4.617758814488546,-4.890435997639791,0.6930110454559326,0.0,-0.0,0.0,0.0,0.0,0.0,0.0,0.0,0.0,0.0,0.0,0.0,0
1786496304,930155992,100.0,-1.7200225035296839,-1.703852955495016,-1.1327136198626917,-4.617722932492391,-4.890399638806478,0.6930469870567322,0.0,-0.0,0.0,0.0,0.0,0.0,0.0,0.0,0.0,0.0,0.0,0.0,0
1786496304,948746919,100.0,-1.7200105826007288,-1.7037690321551722,-1.1328213850604456,-4.617770854626791,-4.890399638806478,0.6930709481239319,0.0,-0.0,0.0,0.0,0.0,0.0,0.0,0.0,0.0,0.0,0.0,0.0,0
1786496304,969005346,100.0,-1.7199981848346155,-1.703852955495016,-1.1327136198626917,-4.617806855832235,-4.890435997639791,0.6930709481239319,0.0,-0.0,0.0,0.0,0.0,0.0,0.0,0.0,0.0,0.0,0.0,0.0,0
1786496304,988754510,100.0,-1.720046345387594,-1.7037928740130823,-1.1327136198626917,-4.617770854626791,-4.890447918568746,0.6930350065231323,0.0,-0.0,0.0,0.0,0.0,0.0,0.0,0.0,0.0,0.0,0.0,0.0,0
1786496305,9386062,100.0,-1.7200582663165491,-1.7037928740130823,-1.1327374617206019,-4.617770854626791,-4.890435997639791,0.6929990649223328,0.0,-0.0,0.0,0.0,0.0,0.0,0.0,0.0,0.0,0.0,0.0,0.0,0
1786496305,28864622,100.0,-1.720046345387594,-1.7037809530841272,-1.1327374617206019,-4.617770854626791,-4.890423957501547,0.6930350065231323,0.0,-0.0,0.0,0.0,0.0,0.0,0.0,0.0,0.0,0.0,0.0,0.0,0
1786496305,50534486,100.0,-1.7199981848346155,-1.7038167158709925,-1.1327136198626917,-4.617746893559591,-4.890412036572592,0.6929990649223328,0.0,-0.0,0.0,0.0,0.0,0.0,0.0,0.0,0.0,0.0,0.0,0.0,0
1786496305,68730592,100.0,-1.7200225035296839,-1.703864876423971,-1.1327374617206019,-4.617806855832235,-4.890412036572592,0.6930350065231323,0.0,-0.0,0.0,0.0,0.0,0.0,0.0,0.0,0.0,0.0,0.0,0.0,0
1786496305,89826822,100.0,-1.7200105826007288,-1.7038291136371058,-1.1327136198626917,-4.617746893559591,-4.890412036572592,0.6930469870567322,0.0,-0.0,0.0,0.0,0.0,0.0,0.0,0.0,0.0,0.0,0.0,0.0,0
1786496305,108690261,100.0,-1.720034424458639,-1.7038052717791956,-1.132749382649557,-4.617758814488546,-4.890447918568746,0.6930350065231323,0.0,-0.0,0.0,0.0,0.0,0.0,0.0,0.0,0.0,0.0,0.0,0.0,0
1786496305,129795789,100.0,-1.7200225035296839,-1.7037690321551722,-1.1327374617206019,-4.6177948156939905,-4.890435997639791,0.693058967590332,0.0,-0.0,0.0,0.0,0.0,0.0,0.0,0.0,0.0,0.0,0.0,0.0,0
1786496305,149079084,100.0,-1.7200225035296839,-1.7038052717791956,-1.1327016989337366,-4.617770854626791,-4.890423957501547,0.6930230259895325,0.0,-0.0,0.0,0.0,0.0,0.0,0.0,0.0,0.0,0.0,0.0,0.0,0
1786496305,169612646,100.0,-1.7200105826007288,-1.7038167158709925,-1.132749382649557,-4.617746893559591,-4.890399638806478,0.6930350065231323,0.0,-0.0,0.0,0.0,0.0,0.0,0.0,0.0,0.0,0.0,0.0,0.0,0
1786496305,188684701,100.0,-1.7200225035296839,-1.7038167158709925,-1.132749382649557,-4.6177828947650355,-4.890399638806478,0.6930230259895325,0.0,-0.0,0.0,0.0,0.0,0.0,0.0,0.0,0.0,0.0,0.0,0.0,0
1786496305,209591627,100.0,-1.7200225035296839,-1.7038167158709925,-1.132749382649557,-4.6177348534213465,-4.890423957501547,0.6930469870567322,0.0,-0.0,0.0,0.0,0.0,0.0,0.0,0.0,0.0,0.0,0.0,0.0,0
1786496305,228745698,100.0,-1.720034424458639,-1.7038052717791956,-1.1326897780047815,-4.6177828947650355,-4.890447918568746,0.6930469870567322,0.0,-0.0,0.0,0.0,0.0,0.0,0.0,0.0,0.0,0.0,0.0,0.0,0
1786496305,249528884,100.0,-1.720034424458639,-1.7037809530841272,-1.1327255407916468,-4.617746893559591,-4.890447918568746,0.6930110454559326,0.0,-0.0,0.0,0.0,0.0,0.0,0.0,0.0,0.0,0.0,0.0,0.0,0
1786496305,268690347,100.0,-1.720046345387594,-1.7037809530841272,-1.1327374617206019,-4.6177948156939905,-4.890412036572592,0.6929870843887329,0.0,-0.0,0.0,0.0,0.0,0.0,0.0,0.0,0.0,0.0,0.0,0.0,0
1786496305,289994001,100.0,-1.7200105826007288,-1.7038052717791956,-1.1327255407916468,-4.617746893559591,-4.890447918568746,0.6929990649223328,0.0,-0.0,0.0,0.0,0.0,0.0,0.0,0.0,0.0,0.0,0.0,0.0,0
1786496305,308657884,100.0,-1.720034424458639,-1.7037809530841272,-1.1327255407916468,-4.617746893559591,-4.890423957501547,0.693058967590332,0.0,-0.0,0.0,0.0,0.0,0.0,0.0,0.0,0.0,0.0,0.0,0.0,0
1786496305,329864978,100.0,-1.7200105826007288,-1.7038291136371058,-1.132749382649557,-4.617770854626791,-4.890387598668234,0.6930469870567322,0.0,-0.0,0.0,0.0,0.0,0.0,0.0,0.0,0.0,0.0,0.0,0.0,0
1786496305,348819017,100.0,-1.720034424458639,-1.7037690321551722,-1.132749382649557,-4.6177948156939905,-4.890387598668234,0.693058967590332,0.0,-0.0,0.0,0.0,0.0,0.0,0.0,0.0,0.0,0.0,0.0,0.0,0
1786496305,369533538,100.0,-1.720046345387594,-1.703852955495016,-1.1327255407916468,-4.617746893559591,-4.890423957501547,0.6930469870567322,0.0,-0.0,0.0,0.0,0.0,0.0,0.0,0.0,0.0,0.0,0.0,0.0,0
1786496305,388754367,100.0,-1.720034424458639,-1.703745190297262,-1.1327136198626917,-4.617758814488546,-4.890387598668234,0.6930110454559326,0.0,-0.0,0.0,0.0,0.0,0.0,0.0,0.0,0.0,0.0,0.0,0.0,0
1786496305,409523963,100.0,-1.7199981848346155,-1.7038291136371058,-1.1327255407916468,-4.617770854626791,-4.890447918568746,0.6930110454559326,0.0,-0.0,0.0,0.0,0.0,0.0,0.0,0.0,0.0,0.0,0.0,0.0,0
1786496305,428668737,100.0,-1.7199862639056605,-1.7038410345660608,-1.1327016989337366,-4.6177828947650355,-4.890412036572592,0.6930350065231323,0.0,-0.0,0.0,0.0,0.0,0.0,0.0,0.0,0.0,0.0,0.0,0.0,0
1786496305,449746370,100.0,-1.7200701872455042,-1.7038052717791956,-1.132749382649557,-4.617806855832235,-4.890435997639791,0.6930709481239319,0.0,-0.0,0.0,0.0,0.0,0.0,0.0,0.0,0.0,0.0,0.0,0.0,0
1786496305,468777656,100.0,-1.7199981848346155,-1.7037690321551722,-1.1327255407916468,-4.617806855832235,-4.890435997639791,0.693058967590332,0.0,-0.0,0.0,0.0,0.0,0.0,0.0,0.0,0.0,0.0,0.0,0.0,0
1786496305,489840269,100.0,-1.7200582663165491,-1.7038291136371058,-1.132749382649557,-4.617770854626791,-4.890459958706991,0.693058967590332,0.0,-0.0,0.0,0.0,0.0,0.0,0.0,0.0,0.0,0.0,0.0,0.0,0
1786496305,508678436,100.0,-1.7199981848346155,-1.703852955495016,-1.1327016989337366,-4.6177948156939905,-4.890447918568746,0.6930110454559326,0.0,-0.0,0.0,0.0,0.0,0.0,0.0,0.0,0.0,0.0,0.0,0.0,0
1786496305,529685974,100.0,-1.7200105826007288,-1.7038052717791956,-1.1327255407916468,-4.6177948156939905,-4.890387598668234,0.6930469870567322,0.0,-0.0,0.0,0.0,0.0,0.0,0.0,0.0,0.0,0.0,0.0,0.0,0
1786496305,548764705,100.0,-1.7200105826007288,-1.7038052717791956,-1.132749382649557,-4.6177348534213465,-4.890399638806478,0.6929751038551331,0.0,-0.0,0.0,0.0,0.0,0.0,0.0,0.0,0.0,0.0,0.0,0.0,0
1786496305,569461107,100.0,-1.7199862639056605,-1.7038167158709925,-1.132761303578512,-4.617758814488546,-4.890435997639791,0.6929990649223328,0.0,-0.0,0.0,0.0,0.0,0.0,0.0,0.0,0.0,0.0,0.0,0.0,0
1786496305,588667392,100.0,-1.720034424458639,-1.7038167158709925,-1.1327016989337366,-4.617770854626791,-4.890423957501547,0.693058967590332,0.0,-0.0,0.0,0.0,0.0,0.0,0.0,0.0,0.0,0.0,0.0,0.0,0
1786496305,609467983,100.0,-1.7200701872455042,-1.7038291136371058,-1.1327255407916468,-4.617770854626791,-4.890412036572592,0.6930829286575317,0.0,-0.0,0.0,0.0,0.0,0.0,0.0,0.0,0.0,0.0,0.0,0.0,0
1786496305,628707408,100.0,-1.7200105826007288,-1.7038167158709925,-1.132749382649557,-4.617746893559591,-4.890447918568746,0.693058967590332,0.0,-0.0,0.0,0.0,0.0,0.0,0.0,0.0,0.0,0.0,0.0,0.0,0
1786496305,649840354,100.0,-1.7200225035296839,-1.7037809530841272,-1.1327737013446253,-4.617746893559591,-4.890423957501547,0.6930350065231323,0.0,-0.0,0.0,0.0,0.0,0.0,0.0,0.0,0.0,0.0,0.0,0.0,0
1786496305,668748140,100.0,-1.7199981848346155,-1.703757111226217,-1.132749382649557,-4.6177948156939905,-4.890435997639791,0.693058967590332,0.0,-0.0,0.0,0.0,0.0,0.0,0.0,0.0,0.0,0.0,0.0,0.0,0
1786496305,689677000,100.0,-1.7200105826007288,-1.7038167158709925,-1.1327255407916468,-4.617770854626791,-4.890423957501547,0.6929990649223328,0.0,-0.0,0.0,0.0,0.0,0.0,0.0,0.0,0.0,0.0,0.0,0.0,0
1786496305,708771228,100.0,-1.7200105826007288,-1.7038291136371058,-1.1327016989337366,-4.6177948156939905,-4.890447918568746,0.6930469870567322,0.0,-0.0,0.0,0.0,0.0,0.0,0.0,0.0,0.0,0.0,0.0,0.0,0
1786496305,729724407,100.0,-1.720034424458639,-1.7038052717791956,-1.1327136198626917,-4.617710892354147,-4.890423957501547,0.6930829286575317,0.0,-0.0,0.0,0.0,0.0,0.0,0.0,0.0,0.0,0.0,0.0,0.0,0
1786496305,748806953,100.0,-1.7200105826007288,-1.7038291136371058,-1.1327255407916468,-4.617770854626791,-4.890447918568746,0.6930469870567322,0.0,-0.0,0.0,0.0,0.0,0.0,0.0,0.0,0.0,0.0,0.0,0.0,0
1786496305,770298719,100.0,-1.7200105826007288,-1.703852955495016,-1.1327016989337366,-4.6177948156939905,-4.890471879635946,0.6930469870567322,0.0,-0.0,0.0,0.0,0.0,0.0,0.0,0.0,0.0,0.0,0.0,0.0,0
1786496305,788720369,100.0,-1.7200225035296839,-1.7037809530841272,-1.132761303578512,-4.617758814488546,-4.890387598668234,0.6929990649223328,0.0,-0.0,0.0,0.0,0.0,0.0,0.0,0.0,0.0,0.0,0.0,0.0,0
1786496305,809717178,100.0,-1.720034424458639,-1.7038167158709925,-1.1326659361468714,-4.617770854626791,-4.890435997639791,0.6930350065231323,0.0,-0.0,0.0,0.0,0.0,0.0,0.0,0.0,0.0,0.0,0.0,0.0,0
1786496305,828767538,100.0,-1.7200225035296839,-1.7037690321551722,-1.1327136198626917,-4.617758814488546,-4.890435997639791,0.693058967590332,0.0,-0.0,0.0,0.0,0.0,0.0,0.0,0.0,0.0,0.0,0.0,0.0,0
1786496305,849996805,100.0,-1.7199981848346155,-1.7037928740130823,-1.132749382649557,-4.617770854626791,-4.890399638806478,0.6929990649223328,0.0,-0.0,0.0,0.0,0.0,0.0,0.0,0.0,0.0,0.0,0.0,0.0,0
1786496305,868715286,100.0,-1.720034424458639,-1.7038052717791956,-1.132749382649557,-4.617758814488546,-4.890447918568746,0.6930230259895325,0.0,-0.0,0.0,0.0,0.0,0.0,0.0,0.0,0.0,0.0,0.0,0.0,0
1786496305,889445304,100.0,-1.7200582663165491,-1.7038410345660608,-1.1327016989337366,-4.6177348534213465,-4.890447918568746,0.6930829286575317,0.0,-0.0,0.0,0.0,0.0,0.0,0.0,0.0,0.0,0.0,0.0,0.0,0
1786496305,908731222,100.0,-1.7200225035296839,-1.7038410345660608,-1.132749382649557,-4.6177948156939905,-4.890459958706991,0.693058967590332,0.0,-0.0,0.0,0.0,0.0,0.0,0.0,0.0,0.0,0.0,0.0,0.0,0
1786496305,929735660,100.0,-1.720034424458639,-1.7037928740130823,-1.132749382649557,-4.617758814488546,-4.890435997639791,0.6930230259895325,0.0,-0.0,0.0,0.0,0.0,0.0,0.0,0.0,0.0,0.0,0.0,0.0,0
1786496305,948899507,100.0,-1.7199862639056605,-1.7037809530841272,-1.1327255407916468,-4.617746893559591,-4.890435997639791,0.6930469870567322,0.0,-0.0,0.0,0.0,0.0,0.0,0.0,0.0,0.0,0.0,0.0,0.0,0
1786496305,969633579,100.0,-1.720034424458639,-1.7037809530841272,-1.1327374617206019,-4.6177828947650355,-4.890387598668234,0.6930110454559326,0.0,-0.0,0.0,0.0,0.0,0.0,0.0,0.0,0.0,0.0,0.0,0.0,0
1786496305,988786220,100.0,-1.7199981848346155,-1.7038167158709925,-1.1327255407916468,-4.617758814488546,-4.890459958706991,0.693058967590332,0.0,-0.0,0.0,0.0,0.0,0.0,0.0,0.0,0.0,0.0,0.0,0.0,0
1786496306,9672880,100.0,-1.7200225035296839,-1.7037809530841272,-1.1327255407916468,-4.617746893559591,-4.890447918568746,0.6930110454559326,0.0,-0.0,0.0,0.0,0.0,0.0,0.0,0.0,0.0,0.0,0.0,0.0,0
1786496306,28782129,100.0,-1.7199981848346155,-1.7038167158709925,-1.1327016989337366,-4.617758814488546,-4.890375677739279,0.6929990649223328,0.0,-0.0,0.0,0.0,0.0,0.0,0.0,0.0,0.0,0.0,0.0,0.0,0
1786496306,50052642,100.0,-1.720034424458639,-1.7038052717791956,-1.1326897780047815,-4.617770854626791,-4.890423957501547,0.693058967590332,0.0,-0.0,0.0,0.0,0.0,0.0,0.0,0.0,0.0,0.0,0.0,0.0,0
1786496306,68703651,100.0,-1.7199981848346155,-1.7038291136371058,-1.132761303578512,-4.617758814488546,-4.890412036572592,0.6930350065231323,0.0,-0.0,0.0,0.0,0.0,0.0,0.0,0.0,0.0,0.0,0.0,0.0,0
1786496306,89627742,100.0,-1.720034424458639,-1.703745190297262,-1.1327374617206019,-4.617746893559591,-4.890423957501547,0.6930469870567322,0.0,-0.0,0.0,0.0,0.0,0.0,0.0,0.0,0.0,0.0,0.0,0.0,0
1786496306,108673095,100.0,-1.7200225035296839,-1.7038167158709925,-1.1327136198626917,-4.617746893559591,-4.890435997639791,0.6930110454559326,0.0,-0.0,0.0,0.0,0.0,0.0,0.0,0.0,0.0,0.0,0.0,0.0,0
1786496306,129476070,100.0,-1.7200225035296839,-1.7038052717791956,-1.132761303578512,-4.6177948156939905,-4.890423957501547,0.6930709481239319,0.0,-0.0,0.0,0.0,0.0,0.0,0.0,0.0,0.0,0.0,0.0,0.0,0
1786496306,148863315,100.0,-1.7199862639056605,-1.703864876423971,-1.132761303578512,-4.617758814488546,-4.890447918568746,0.6930469870567322,0.0,-0.0,0.0,0.0,0.0,0.0,0.0,0.0,0.0,0.0,0.0,0.0,0
1786496306,169513225,100.0,-1.720034424458639,-1.7038052717791956,-1.1327737013446253,-4.6177828947650355,-4.890387598668234,0.6930709481239319,0.0,-0.0,0.0,0.0,0.0,0.0,0.0,0.0,0.0,0.0,0.0,0.0,0
1786496306,188832521,100.0,-1.7200225035296839,-1.7038410345660608,-1.1327255407916468,-4.617770854626791,-4.890412036572592,0.6930230259895325,0.0,-0.0,0.0,0.0,0.0,0.0,0.0,0.0,0.0,0.0,0.0,0.0,0
1786496306,209428787,100.0,-1.7199981848346155,-1.7037809530841272,-1.1327374617206019,-4.617758814488546,-4.890459958706991,0.6930230259895325,0.0,-0.0,0.0,0.0,0.0,0.0,0.0,0.0,0.0,0.0,0.0,0.0,0
1786496306,228741645,100.0,-1.7199624220477503,-1.7037690321551722,-1.1327255407916468,-4.617770854626791,-4.890423957501547,0.6930709481239319,0.0,-0.0,0.0,0.0,0.0,0.0,0.0,0.0,0.0,0.0,0.0,0.0,0
1786496306,249553203,100.0,-1.7200225035296839,-1.7037809530841272,-1.1327255407916468,-4.617722932492391,-4.890399638806478,0.6930110454559326,0.0,-0.0,0.0,0.0,0.0,0.0,0.0,0.0,0.0,0.0,0.0,0.0,0
1786496306,268749713,100.0,-1.720046345387594,-1.7038052717791956,-1.1327016989337366,-4.617758814488546,-4.890412036572592,0.6929990649223328,0.0,-0.0,0.0,0.0,0.0,0.0,0.0,0.0,0.0,0.0,0.0,0.0,0
1786496306,289643049,100.0,-1.7199862639056605,-1.7038410345660608,-1.132749382649557,-4.617746893559591,-4.890412036572592,0.6930110454559326,0.0,-0.0,0.0,0.0,0.0,0.0,0.0,0.0,0.0,0.0,0.0,0.0,0
1786496306,308735132,100.0,-1.7200701872455042,-1.7037690321551722,-1.132761303578512,-4.6177948156939905,-4.890423957501547,0.6930469870567322,0.0,-0.0,0.0,0.0,0.0,0.0,0.0,0.0,0.0,0.0,0.0,0.0,0
1786496306,329281568,100.0,-1.7199862639056605,-1.7038052717791956,-1.132761303578512,-4.617770854626791,-4.890459958706991,0.6930469870567322,0.0,-0.0,0.0,0.0,0.0,0.0,0.0,0.0,0.0,0.0,0.0,0.0,0
1786496306,348821163,100.0,-1.7199981848346155,-1.7038052717791956,-1.1326897780047815,-4.617770854626791,-4.890423957501547,0.6930110454559326,0.0,-0.0,0.0,0.0,0.0,0.0,0.0,0.0,0.0,0.0,0.0,0.0,0
1786496306,369579553,100.0,-1.7199981848346155,-1.7037809530841272,-1.1327737013446253,-4.617770854626791,-4.890447918568746,0.6929990649223328,0.0,-0.0,0.0,0.0,0.0,0.0,0.0,0.0,0.0,0.0,0.0,0.0,0
1786496306,388889789,100.0,-1.7199743429767054,-1.7038052717791956,-1.1327737013446253,-4.617770854626791,-4.890447918568746,0.6930350065231323,0.0,-0.0,0.0,0.0,0.0,0.0,0.0,0.0,0.0,0.0,0.0,0.0,0
1786496306,410003900,100.0,-1.7200225035296839,-1.7037928740130823,-1.1327136198626917,-4.6177948156939905,-4.890363637601034,0.6930469870567322,0.0,-0.0,0.0,0.0,0.0,0.0,0.0,0.0,0.0,0.0,0.0,0.0,0
1786496306,428731918,100.0,-1.720034424458639,-1.7037928740130823,-1.1327016989337366,-4.617758814488546,-4.890387598668234,0.6930350065231323,0.0,-0.0,0.0,0.0,0.0,0.0,0.0,0.0,0.0,0.0,0.0,0.0,0
1786496306,449703454,100.0,-1.7200225035296839,-1.703852955495016,-1.132749382649557,-4.617806855832235,-4.890412036572592,0.6929990649223328,0.0,-0.0,0.0,0.0,0.0,0.0,0.0,0.0,0.0,0.0,0.0,0.0,0
1786496306,468752622,100.0,-1.720046345387594,-1.7037690321551722,-1.1327255407916468,-4.617758814488546,-4.890447918568746,0.6929990649223328,0.0,-0.0,0.0,0.0,0.0,0.0,0.0,0.0,0.0,0.0,0.0,0.0,0
1786496306,489796161,100.0,-1.720034424458639,-1.7037690321551722,-1.132749382649557,-4.6177948156939905,-4.890459958706991,0.6929990649223328,0.0,-0.0,0.0,0.0,0.0,0.0,0.0,0.0,0.0,0.0,0.0,0.0,0
1786496306,509116888,100.0,-1.7200105826007288,-1.703757111226217,-1.132749382649557,-4.6177348534213465,-4.890387598668234,0.6930110454559326,0.0,-0.0,0.0,0.0,0.0,0.0,0.0,0.0,0.0,0.0,0.0,0.0,0
1786496306,529577255,100.0,-1.720046345387594,-1.703757111226217,-1.1326897780047815,-4.617770854626791,-4.890423957501547,0.6930230259895325,0.0,-0.0,0.0,0.0,0.0,0.0,0.0,0.0,0.0,0.0,0.0,0.0,0
1786496306,548920631,100.0,-1.7200225035296839,-1.7037809530841272,-1.1327374617206019,-4.617758814488546,-4.890447918568746,0.6930350065231323,0.0,-0.0,0.0,0.0,0.0,0.0,0.0,0.0,0.0,0.0,0.0,0.0,0
1786496306,569897890,100.0,-1.7200225035296839,-1.7038052717791956,-1.1327374617206019,-4.617770854626791,-4.890399638806478,0.6930230259895325,0.0,-0.0,0.0,0.0,0.0,0.0,0.0,0.0,0.0,0.0,0.0,0.0,0
1786496306,588864564,100.0,-1.7199981848346155,-1.7037809530841272,-1.1327374617206019,-4.617770854626791,-4.890423957501547,0.6930110454559326,0.0,-0.0,0.0,0.0,0.0,0.0,0.0,0.0,0.0,0.0,0.0,0.0,0
1786496306,609126806,100.0,-1.7200225035296839,-1.7038291136371058,-1.1327856222735804,-4.6177948156939905,-4.890435997639791,0.693058967590332,0.0,-0.0,0.0,0.0,0.0,0.0,0.0,0.0,0.0,0.0,0.0,0.0,0
1786496306,628799915,100.0,-1.7199981848346155,-1.7038052717791956,-1.1327255407916468,-4.617770854626791,-4.890459958706991,0.6930469870567322,0.0,-0.0,0.0,0.0,0.0,0.0,0.0,0.0,0.0,0.0,0.0,0.0,0
1786496306,649578332,100.0,-1.720046345387594,-1.7038052717791956,-1.1327255407916468,-4.6177828947650355,-4.890435997639791,0.6929990649223328,0.0,-0.0,0.0,0.0,0.0,0.0,0.0,0.0,0.0,0.0,0.0,0.0,0
1786496306,668811798,100.0,-1.7200105826007288,-1.7038052717791956,-1.1327374617206019,-4.6177948156939905,-4.890459958706991,0.6930829286575317,0.0,-0.0,0.0,0.0,0.0,0.0,0.0,0.0,0.0,0.0,0.0,0.0,0
1786496306,689003467,100.0,-1.7200225035296839,-1.7037928740130823,-1.1327374617206019,-4.617758814488546,-4.890459958706991,0.6929990649223328,0.0,-0.0,0.0,0.0,0.0,0.0,0.0,0.0,0.0,0.0,0.0,0.0,0
1786496306,708720922,100.0,-1.720034424458639,-1.7038291136371058,-1.132749382649557,-4.617770854626791,-4.890435997639791,0.6930709481239319,0.0,-0.0,0.0,0.0,0.0,0.0,0.0,0.0,0.0,0.0,0.0,0.0,0
1786496306,729013442,100.0,-1.7200225035296839,-1.7037928740130823,-1.1327136198626917,-4.617758814488546,-4.890447918568746,0.6930469870567322,0.0,-0.0,0.0,0.0,0.0,0.0,0.0,0.0,0.0,0.0,0.0,0.0,0
