timestamp_sec,timestamp_nanosec,trust_score,shoulder_pan_pos,shoulder_lift_pos,elbow_pos,wrist_1_pos,wrist_2_pos,wrist_3_pos,shoulder_pan_vel,shoulder_lift_vel,elbow_vel,wrist_1_vel,wrist_2_vel,wrist_3_vel,imu_ax_raw,imu_ay_raw,imu_az_raw,imu_ax_ema,imu_ay_ema,imu_az_ema,attack_active
1786037778,482519388,100.0,-1.589022461568014,-1.5492232481585901,-1.1327016989337366,-4.617806855832235,-4.890375677739279,0.45641547441482544,0.006966829765588045,0.0062765381298959255,0.0,0.0,0.0,-0.012322979047894478,0.0,0.0,0.0,0.0,0.0,0.0,0
1786037778,502381086,100.0,-1.5889743010150355,-1.549211327229635,-1.1326659361468714,-4.6177948156939905,-4.890387598668234,0.4561997652053833,0.003272492438554764,0.005279450677335262,0.0,0.0,0.0,-0.009024920873343945,0.0,0.0,0.0,0.0,0.0,0.0,0
1786037778,522406339,100.0,-1.5889623800860804,-1.5491398016559046,-1.1326659361468714,-4.61781877676119,-4.890375677739279,0.4560559391975403,0.0010610034223645926,0.001291100517846644,0.0,0.0,0.0,-0.003579288488253951,0.0,0.0,0.0,0.0,0.0,0.0,0
1786037778,542578935,100.0,-1.5889266172992151,-1.5491398016559046,-1.1327255407916468,-4.617758814488546,-4.890399638806478,0.4560559391975403,0.0007286408799700439,-0.0,0.0,0.0,0.0,-0.002543851500377059,0.0,0.0,0.0,0.0,0.0,0.0,0
1786037778,562171220,100.0,-1.589022461568014,-1.5491517225848597,-1.1327016989337366,-4.6177948156939905,-4.890375677739279,0.4560559391975403,0.0003962783666793257,-0.0,0.0,0.0,0.0,-0.001073786523193121,0.0,0.0,0.0,0.0,0.0,0.0,0
1786037778,582393646,100.0,-1.58889085451235,-1.5491040388690394,-1.1326773802386683,-4.6177348534213465,-4.890339676533834,0.45596006512641907,0.03158722072839737,0.03185566887259483,0.0,0.0,0.0,-0.03859240189194679,0.0,0.0,0.0,0.0,0.0,0.0,0
1786037778,602191448,100.0,-1.5884469191180628,-1.5485041777240198,-1.1327136198626917,-4.617806855832235,-4.890351716672079,0.4550608694553375,0.027547739446163177,0.027713920921087265,0.0,0.0,0.0,-0.04747670516371727,0.0,0.0,0.0,0.0,0.0,0.0,0
1786037778,622542858,100.0,-1.587919060383932,-1.547845188771383,-1.1327016989337366,-4.617770854626791,-4.890375677739279,0.4541381001472473,0.036674924194812775,0.04603220894932747,0.0,0.0,0.0,-0.06458058953285217,0.0,0.0,0.0,0.0,0.0,0.0,0
1786037778,643041610,100.0,-1.5868280569659632,-1.5466707388507288,-1.1327016989337366,-4.617806855832235,-4.890351716672079,0.4523041248321533,0.05224483087658882,0.059122178703546524,0.0,0.0,0.0,-0.08991684019565582,0.0,0.0,0.0,0.0,0.0,0.0,0
1786037778,662454128,100.0,-1.585904900227682,-1.5455916563617151,-1.1327374617206019,-4.6177948156939905,-4.890351716672079,0.45062634348869324,0.062202922999858856,0.06877347081899643,0.0,0.0,0.0,-0.10661166906356812,0.0,0.0,0.0,0.0,0.0,0.0,0
1786037778,682833194,100.0,-1.5843341986285608,-1.543781582509176,-1.1326773802386683,-4.617770854626791,-4.890351716672079,0.4478336572647095,0.07058868557214737,0.08346133679151535,0.0,0.0,0.0,-0.12797234952449799,0.0,0.0,0.0,0.0,0.0,0.0,0
1786037778,702410459,100.0,-1.5831106344806116,-1.5423195997821253,-1.1326897780047815,-4.6177948156939905,-4.890327755604879,0.44566449522972107,0.08205518871545792,0.0941225066781044,0.0,0.0,0.0,-0.14498674869537354,0.0,0.0,0.0,0.0,0.0,0.0,0
1786037778,722863912,100.0,-1.5811083952533167,-1.5397427717791956,-1.1326897780047815,-4.617770854626791,-4.890363637601034,0.44187673926353455,0.0938924103975296,0.11246635764837265,0.0,0.0,0.0,-0.17332704365253448,0.0,0.0,0.0,0.0,0.0,0.0,0
1786037778,742676496,100.0,-1.579585377370016,-1.537861172352926,-1.1326773802386683,-4.6177828947650355,-4.890387598668234,0.43888068199157715,0.10534613579511642,0.1197783350944519,0.0,0.0,0.0,-0.1897534281015396,0.0,0.0,0.0,0.0,0.0,0.0,0
1786037778,762146472,100.0,-1.5769594351397913,-1.53467303911318,-1.1326897780047815,-4.6177828947650355,-4.890375677739279,0.4339064657688141,0.12136344611644745,0.14113901555538177,0.0,0.0,0.0,-0.21450164914131165,0.0,0.0,0.0,0.0,0.0,0.0,0
1786037778,782569885,100.0,-1.5748251120196741,-1.5323832670794886,-1.1327255407916468,-4.617722932492391,-4.890339676533834,0.4302988648414612,0.13281717896461487,0.14978043735027313,0.0,0.0,0.0,-0.23120926320552826,0.0,0.0,0.0,0.0,0.0,0.0,0
1786037778,802354574,100.0,-1.5715754667865198,-1.5285957495318812,-1.1327374617206019,-4.61781877676119,-4.890387598668234,0.4244857430458069,0.14522963762283325,0.1698628067970276,0.0,0.0,0.0,-0.2520202696323395,0.0,0.0,0.0,0.0,0.0,0.0,0
1786037778,822403907,100.0,-1.5691893736468714,-1.5257790724383753,-1.1327374617206019,-4.617806855832235,-4.890375677739279,0.4202549457550049,0.15171070396900177,0.18014048039913177,0.0,0.0,0.0,-0.27152737975120544,0.0,0.0,0.0,0.0,0.0,0.0,0
1786037778,842737436,100.0,-1.5653045813189905,-1.5212724844561976,-1.1327255407916468,-4.617878739033834,-4.890387598668234,0.4134228229522705,0.164378821849823,0.19914905726909637,0.0,0.0,0.0,-0.29925408959388733,0.0,0.0,0.0,0.0,0.0,0.0,0
1786037778,862575054,100.0,-1.5625346342669886,-1.5181439558612269,-1.1327255407916468,-4.617746893559591,-4.890363637601034,0.40846097469329834,0.17532122135162354,0.20822511613368988,0.0,0.0,0.0,-0.315233051776886,0.0,0.0,0.0,0.0,0.0,0.0,0
1786037778,882887363,100.0,-1.5581343809710901,-1.513026539479391,-1.1327016989337366,-4.617854777966635,-4.890375677739279,0.400394082069397,0.18971507251262665,0.2247537523508072,0.0,0.0,0.0,-0.3417070209980011,0.0,0.0,0.0,0.0,0.0,0.0,0
1786037778,902510404,100.0,-1.5550287405597132,-1.509299103413717,-1.1326897780047815,-4.617830816899435,-4.890399638806478,0.3946884870529175,0.19857381284236908,0.2347501963376999,0.0,0.0,0.0,-0.35335248708724976,0.0,0.0,0.0,0.0,0.0,0.0,0
1786037778,922955036,100.0,-1.5501607100116175,-1.5034506956683558,-1.1326773802386683,-4.6177948156939905,-4.890399638806478,0.385770708322525,0.21964049339294434,0.2540527880191803,0.0,0.0,0.0,-0.3806445598602295,0.0,0.0,0.0,0.0,0.0,0.0,0
1786037778,942504167,100.0,-1.5467188994037073,-1.499411408101217,-1.1326773802386683,-4.61781877676119,-4.890363637601034,0.3795141875743866,0.22662009298801422,0.2641770541667938,0.0,0.0,0.0,-0.39801689982414246,0.0,0.0,0.0,0.0,0.0,0.0,0
1786037778,962985515,100.0,-1.5412395636187952,-1.492974583302633,-1.1327374617206019,-4.6177828947650355,-4.890363637601034,0.36951786279678345,0.23652705550193787,0.2802838683128357,0.0,0.0,0.0,-0.41985055804252625,0.0,0.0,0.0,0.0,0.0,0.0,0
1786037778,982419013,100.0,-1.5375350157367151,-1.4886120001422327,-1.1326897780047815,-4.617806855832235,-4.890375677739279,0.36275726556777954,0.23278158903121948,0.27587366104125977,0.0,0.0,0.0,-0.41159263253211975,0.0,0.0,0.0,0.0,0.0,0.0,0
1786037779,2430915,100.0,-1.5317915121661585,-1.4819844404803675,-1.1326540152179163,-4.6177948156939905,-4.890387598668234,0.35276055335998535,0.23246200382709503,0.275669127702713,0.0,0.0,0.0,-0.4158366322517395,0.0,0.0,0.0,0.0,0.0,0.0,0
1786037779,22460699,100.0,-1.5279906431781214,-1.4774420897113245,-1.1326773802386683,-4.61781877676119,-4.890375677739279,0.3460838198661804,0.23262819647789001,0.27320197224617004,0.0,0.0,0.0,-0.41344618797302246,0.0,0.0,0.0,0.0,0.0,0.0,0
1786037779,43408393,100.0,-1.522486988698141,-1.470886532460348,-1.1327255407916468,-4.617770854626791,-4.890375677739279,0.33607473969459534,0.22812850773334503,0.26553207635879517,0.0,0.0,0.0,-0.40828177332878113,0.0,0.0,0.0,0.0,0.0,0.0,0
1786037779,62347173,100.0,-1.5188782850848597,-1.4666913191424769,-1.1327255407916468,-4.617806855832235,-4.890339676533834,0.32955384254455566,0.22640278935432434,0.26604339480400085,0.0,0.0,0.0,-0.40366706252098083,0.0,0.0,0.0,0.0,0.0,0.0,0
1786037779,83257436,100.0,-1.5135787169085901,-1.4603036085711878,-1.132749382649557,-4.617746893559591,-4.890412036572592,0.31983238458633423,0.22491994500160217,0.2633078098297119,0.0,0.0,0.0,-0.4015578329563141,0.0,0.0,0.0,0.0,0.0,0.0,0
1786037779,102519989,100.0,-1.5100300947772425,-1.4561446348773401,-1.1327136198626917,-4.617854777966635,-4.890351716672079,0.31335940957069397,0.22200536727905273,0.2622468173503876,0.0,0.0,0.0,-0.4007524847984314,0.0,0.0,0.0,0.0,0.0,0.0,0
1786037779,122398376,100.0,-1.5047782103167933,-1.4499004522906702,-1.1327136198626917,-4.6177948156939905,-4.890399638806478,0.3036738932132721,0.21792754530906677,0.26016315817832947,0.0,0.0,0.0,-0.3975183367729187,0.0,0.0,0.0,0.0,0.0,0.0,0
1786037779,142553567,100.0,-1.5012410322772425,-1.4456217924701136,-1.1326659361468714,-4.617806855832235,-4.890399638806478,0.29744023084640503,0.22159631550312042,0.2557785212993622,0.0,0.0,0.0,-0.39286527037620544,0.0,0.0,0.0,0.0,0.0,0.0,0
1786037779,162329673,100.0,-1.495918099080221,-1.439437214528219,-1.1326897780047815,-4.6177948156939905,-4.890351716672079,0.288197785615921,0.21994727849960327,0.2528895139694214,0.0,0.0,0.0,-0.38899198174476624,0.0,0.0,0.0,0.0,0.0,0.0,0
1786037779,182569742,100.0,-1.4924171606646937,-1.4354584852801722,-1.1326897780047815,-4.6177948156939905,-4.890351716672079,0.28196409344673157,0.21445052325725555,0.24916961789131165,0.0,0.0,0.0,-0.3844155967235565,0.0,0.0,0.0,0.0,0.0,0.0,0
1786037779,202409029,100.0,-1.487321678792135,-1.4295147101031702,-1.1327255407916468,-4.617770854626791,-4.890412036572592,0.2726617157459259,0.21496184170246124,0.24695812165737152,0.0,0.0,0.0,-0.38096413016319275,0.0,0.0,0.0,0.0,0.0,0.0,0
1786037779,222449779,100.0,-1.4840605894671839,-1.4256194273578089,-1.1326773802386683,-4.617758814488546,-4.890363637601034,0.2667520046234131,0.20814841985702515,0.2430848330259323,0.0,0.0,0.0,-0.37390783429145813,0.0,0.0,0.0,0.0,0.0,0.0,0
1786037779,242803812,100.0,-1.4793122450457972,-1.4198549429522913,-1.1326659361468714,-4.617758814488546,-4.890412036572592,0.25794097781181335,0.1994558572769165,0.2398378998041153,0.0,0.0,0.0,-0.36766964197158813,0.0,0.0,0.0,0.0,0.0,0.0,0
1786037779,262530088,100.0,-1.4761832396136683,-1.4159234205829065,-1.1326773802386683,-4.61784273782839,-4.890375677739279,0.2521507143974304,0.19773012399673462,0.23444339632987976,0.0,0.0,0.0,-0.36387303471565247,0.0,0.0,0.0,0.0,0.0,0.0,0
1786037779,282910108,100.0,-1.4713156859027308,-1.4102070967303675,-1.1326773802386683,-4.617854777966635,-4.890399638806478,0.24355541169643402,0.19447042047977448,0.22913838922977448,0.0,0.0,0.0,-0.3535058796405792,0.0,0.0,0.0,0.0,0.0,0.0,0
1786037779,302523612,100.0,-1.468090836201803,-1.406492058430807,-1.1326659361468714,-4.617758814488546,-4.890399638806478,0.23794491589069366,0.192284494638443,0.22647948563098907,0.0,0.0,0.0,-0.3478429317474365,0.0,0.0,0.0,0.0,0.0,0.0,0
1786037779,323272705,100.0,-1.4633191267596644,-1.4010990301715296,-1.1327374617206019,-4.6177948156939905,-4.890387598668234,0.22975707054138184,0.19237397611141205,0.22080375254154205,0.0,0.0,0.0,-0.34196266531944275,0.0,0.0,0.0,0.0,0.0,0.0,0
1786037779,342631578,100.0,-1.460261646901266,-1.3976357618915003,-1.1326773802386683,-4.617806855832235,-4.890375677739279,0.22435031831264496,0.18485747277736664,0.21750569343566895,0.0,0.0,0.0,-0.3390481173992157,0.0,0.0,0.0,0.0,0.0,0.0,0
1786037779,362883329,100.0,-1.4560778776751917,-1.3926385084735315,-1.1327016989337366,-4.6177828947650355,-4.890375677739279,0.21645009517669678,0.17590925097465515,0.2089921087026596,0.0,0.0,0.0,-0.326328843832016,0.0,0.0,0.0,0.0,0.0,0.0,0
1786037779,382364511,100.0,-1.4534524122821253,-1.3893182913409632,-1.1326659361468714,-4.617758814488546,-4.890423957501547,0.21128301322460175,0.1710899919271469,0.20514437556266785,0.0,0.0,0.0,-0.31573161482810974,0.0,0.0,0.0,0.0,0.0,0.0,0
1786037779,402925968,100.0,-1.4494603315936487,-1.3844288031207483,-1.1327255407916468,-4.617854777966635,-4.890423957501547,0.2038981169462204,0.16624517738819122,0.1952885389328003,0.0,0.0,0.0,-0.3053005337715149,0.0,0.0,0.0,0.0,0.0,0.0,0
1786037779,422447919,100.0,-1.446822468434469,-1.3813489119159144,-1.1327374617206019,-4.61781877676119,-4.890375677739279,0.1992107778787613,0.16359905898571014,0.19121070206165314,0.0,0.0,0.0,-0.29959923028945923,0.0,0.0,0.0,0.0,0.0,0.0,0
1786037779,442571163,100.0,-1.4428060690509241,-1.3767226378070276,-1.1326773802386683,-4.6177828947650355,-4.890375677739279,0.19216105341911316,0.1593550443649292,0.1875547170639038,0.0,0.0,0.0,-0.28956446051597595,0.0,0.0,0.0,0.0,0.0,0.0,0
1786037779,462353229,100.0,-1.4402168432818812,-1.3737872282611292,-1.1326897780047815,-4.61781877676119,-4.890447918568746,0.18761754035949707,0.15770600736141205,0.18134209513664246,0.0,0.0,0.0,-0.2823036015033722,0.0,0.0,0.0,0.0,0.0,0.0,0
1786037779,482803106,100.0,-1.4363444487201136,-1.3695090452777308,-1.1326897780047815,-4.61781877676119,-4.890412036572592,0.181035578250885,0.14956313371658325,0.1710260808467865,0.0,0.0,0.0,-0.26587721705436707,0.0,0.0,0.0,0.0,0.0,0.0,0
1786037779,502423048,100.0,-1.4339945952044886,-1.366800610219137,-1.1326773802386683,-4.617758814488546,-4.890363637601034,0.17681562900543213,0.1420210599899292,0.17087267339229584,0.0,0.0,0.0,-0.25986912846565247,0.0,0.0,0.0,0.0,0.0,0.0,0
1786037779,522970914,100.0,-1.4308655897723597,-1.3629058043109339,-1.1326659361468714,-4.617806855832235,-4.890423957501547,0.17085722088813782,0.12909726798534393,0.15849857032299042,0.0,0.0,0.0,-0.24266298115253448,0.0,0.0,0.0,0.0,0.0,0.0,0
1786037779,542738914,100.0,-1.428875748311178,-1.360412899647848,-1.1326897780047815,-4.6177948156939905,-4.890387598668234,0.16708070039749146,0.1258503496646881,0.1539221853017807,0.0,0.0,0.0,-0.2370639592409134,0.0,0.0,0.0,0.0,0.0,0.0,0
1786037779,562671899,100.0,-1.4259980360614222,-1.3569377104388636,-1.1327016989337366,-4.61781877676119,-4.890412036572592,0.161505788564682,0.12124840170145035,0.1438107043504715,0.0,0.0,0.0,-0.22269566357135773,0.0,0.0,0.0,0.0,0.0,0.0,0
1786037779,582417011,100.0,-1.424164120350973,-1.3546488920794886,-1.1327016989337366,-4.617770854626791,-4.890375677739279,0.15805283188819885,0.11880681663751602,0.13810940086841583,0.0,0.0,0.0,-0.21310828626155853,0.0,0.0,0.0,0.0,0.0,0.0,0
1786037779,603210687,100.0,-1.421382252370016,-1.3513172308551233,-1.1326897780047815,-4.617770854626791,-4.890423957501547,0.15299324691295624,0.11261975765228271,0.12797234952449799,0.0,0.0,0.0,-0.19907236099243164,0.0,0.0,0.0,0.0,0.0,0.0,0
1786037779,622389793,100.0,-1.4195964972125452,-1.3492677847491663,-1.1326540152179163,-4.6177948156939905,-4.890447918568746,0.14991217851638794,0.10661166906356812,0.12248837202787399,0.0,0.0,0.0,-0.18695391714572906,0.0,0.0,0.0,0.0,0.0,0.0,0
1786037779,642971038,100.0,-1.4171622435199183,-1.3464277426349085,-1.1327136198626917,-4.6177828947650355,-4.890399638806478,0.14563192427158356,0.09779127687215805,0.11044661700725555,0.0,0.0,0.0,-0.16835439205169678,0.0,0.0,0.0,0.0,0.0,0.0,0
1786037779,662369012,100.0,-1.415640656148092,-1.3447383085833948,-1.1326897780047815,-4.61784273782839,-4.890412036572592,0.14298228919506073,0.09205163270235062,0.10298124700784683,0.0,0.0,0.0,-0.16008368134498596,0.0,0.0,0.0,0.0,0.0,0.0,0
1786037779,683203697,100.0,-1.413637940083639,-1.3424370924579065,-1.1327136198626917,-4.617770854626791,-4.890423957501547,0.1393859088420868,0.07908949255943298,0.09490227699279785,0.0,0.0,0.0,-0.1442708969116211,0.0,0.0,0.0,0.0,0.0,0.0,0
1786037779,702653169,100.0,-1.412475887929098,-1.340987507496969,-1.1327016989337366,-4.617770854626791,-4.890399638806478,0.13716769218444824,0.07157298922538757,0.08654208481311798,0.0,0.0,0.0,-0.13437671959400177,0.0,0.0,0.0,0.0,0.0,0.0,0
1786037779,722801685,100.0,-1.4108689467059534,-1.3389976660357874,-1.1326659361468714,-4.61786669889559,-4.890423957501547,0.13417014479637146,0.06387751549482346,0.0741296261548996,0.0,0.0,0.0,-0.11437105387449265,0.0,0.0,0.0,0.0,0.0,0.0,0
1786037779,742603778,100.0,-1.4098504225360315,-1.3379548231707972,-1.1327136198626917,-4.617806855832235,-4.890399638806478,0.13240770995616913,0.05769046023488045,0.0697961300611496,0.0,0.0,0.0,-0.10635600239038467,0.0,0.0,0.0,0.0,0.0,0.0,0
1786037779,762802839,100.0,-1.4085553328143519,-1.3363850752459925,-1.1327136198626917,-4.617758814488546,-4.890423957501547,0.1300221085548401,0.048537708818912506,0.058636415749788284,0.0,0.0,0.0,-0.0873602107167244,0.0,0.0,0.0,0.0,0.0,0.0,0
1786037779,782578945,100.0,-1.4077518622027796,-1.3355467955218714,-1.1326773802386683,-4.6177948156939905,-4.890435997639791,0.12871506810188293,0.04085502400994301,0.0491129532456398,0.0,0.0,0.0,-0.07571473717689514,0.0,0.0,0.0,0.0,0.0,0.0,0
1786037779,803475856,100.0,-1.406900707875387,-1.3345397154437464,-1.1326420942889612,-4.6177828947650355,-4.890399638806478,0.12719270586967468,0.02918398566544056,0.035780102014541626,0.0,0.0,0.0,-0.05565793812274933,0.0,0.0,0.0,0.0,0.0,0.0,0
1786037779,822426319,100.0,-1.406553093587057,-1.3340604940997522,-1.1327255407916468,-4.617830816899435,-4.890375677739279,0.12632909417152405,0.02075987309217453,0.02658900059759617,0.0,0.0,0.0,-0.041852109134197235,0.0,0.0,0.0,0.0,0.0,0.0,0
1786037779,843602418,100.0,-1.4062178770648401,-1.3335931936847132,-1.1326897780047815,-4.6177948156939905,-4.890435997639791,0.12559767067432404,0.009766344912350178,0.011977833695709705,0.0,0.0,0.0,-0.020657608285546303,0.0,0.0,0.0,0.0,0.0,0.0,0
1786037779,862377166,100.0,-1.4061339537249964,-1.3334735075580042,-1.1326773802386683,-4.6177948156939905,-4.890363637601034,0.1253819614648819,0.003272492438554764,0.007529288996011019,0.0,0.0,0.0,-0.007912784814834595,0.0,0.0,0.0,0.0,0.0,0.0,0
1786037779,883268356,100.0,-1.406182114277975,-1.3335211912738245,-1.1326897780047815,-4.61781877676119,-4.890291754399435,0.125357985496521,-0.003579288488253951,-0.009894176386296749,0.0,0.0,0.018455706536769867,-0.012284629978239536,0.0,0.0,0.0,0.0,0.0,0.0,0
1786037779,902390718,100.0,-1.4064696470843714,-1.3337367216693323,-1.1327136198626917,-4.617878739033834,-4.889668170605795,0.125141903758049,-0.018279938027262688,-0.022050974890589714,0.0,0.0,0.05440838262438774,-0.025834793224930763,0.0,0.0,0.0,0.0,0.0,0.0,0
1786037779,922856092,100.0,-1.4070571104632776,-1.334264103566305,-1.1326058546649378,-4.617938582097189,-4.887833539639608,0.12451872229576111,-0.0332234688103199,-0.029350167140364647,0.008317052386701107,-0.004026699811220169,0.09227853268384933,-0.03500032797455788,0.0,0.0,0.0,0.0,0.0,0.0,0
1786037779,942615509,100.0,-1.4076922575580042,-1.3348754088031214,-1.1324980894671839,-4.6180947462665,-4.885998789464132,0.12389516830444336,-0.04382072016596794,-0.040343694388866425,0.024567661806941032,-0.021595574915409088,0.13077186048030853,-0.04406359791755676,0.0,0.0,0.0,0.0,0.0,0.0,0
1786037779,962692975,100.0,-1.4089272657977503,-1.335977856312887,-1.1321633497821253,-4.618262592946188,-4.882377330456869,0.1226004958152771,-0.05916052684187889,-0.05549175664782524,0.02022937312722206,-0.016178704798221588,0.17583255469799042,-0.05808674171566963,0.0,0.0,0.0,0.0,0.0,0.0,0
1786037779,982647895,100.0,-1.4099581877337855,-1.3369129339801233,-1.131707493458883,-4.61844236055483,-4.879331056271688,0.12159344553947449,-0.07095939666032791,-0.0672011449933052,0.021571606397628784,-0.02509496733546257,0.20596089959144592,-0.06741845607757568,0.0,0.0,0.0,0.0,0.0,0.0,0
1786037780,2271652,100.0,-1.4118641058551233,-1.338722054158346,-1.131073300038473,-4.618789855633871,-4.873922769223348,0.11978308111429214,-0.08604354411363602,-0.08107088506221771,0.031925976276397705,-0.021595574915409088,0.24802552163600922,-0.08124984800815582,0.0,0.0,0.0,0.0,0.0,0.0,0
1786037780,22378683,100.0,-1.4133990446673792,-1.3401005903827112,-1.1305821577655237,-4.619005624447958,-4.869581524525778,0.11835620552301407,-0.09524742513895035,-0.08991684019565582,0.03295661881566048,-0.028810078278183937,0.2762603759765625,-0.09196215122938156,0.0,0.0,0.0,0.0,0.0,0.0,0
1786037780,44183015,100.0,-1.4158080259906214,-1.3423894087420862,-1.1297438780414026,-4.6192572752581995,-4.862278644238607,0.11605411022901535,-0.11086846143007278,-0.10391441732645035,0.03580886498093605,-0.007550062146037817,0.31156590580940247,-0.1048092395067215,0.0,0.0,0.0,0.0,0.0,0.0,0
1786037780,62345981,100.0,-1.4177020231830042,-1.3441746870623987,-1.1291454474078577,-4.6195449272738855,-4.856966201459066,0.11431565135717392,-0.1216830313205719,-0.11277315765619278,0.04201669245958328,-0.008628642186522484,0.33376067876815796,-0.11296490579843521,0.0,0.0,0.0,0.0,0.0,0.0,0
1786037780,83194732,100.0,-1.4207595030414026,-1.3469908873187464,-1.1281636396991175,-4.620180431996481,-4.84861928621401,0.11136603355407715,-0.1320885270833969,-0.12209209054708481,0.04362257942557335,-0.03262106329202652,0.377838671207428,-0.12725649774074554,0.0,0.0,0.0,0.0,0.0,0.0,0
1786037780,102530002,100.0,-1.4229052702533167,-1.3490284124957483,-1.1273849646197718,-4.620648209248678,-4.842467252408163,0.10930399596691132,-0.1407555192708969,-0.13078464567661285,0.04827246069908142,-0.030248185619711876,0.40580984950065613,-0.13533546030521393,0.0,0.0,0.0,0.0,0.0,0.0,0
1786037780,122462272,100.0,-1.4263575712787073,-1.3523839155780237,-1.126343075429098,-4.621223870907919,-4.831794563923971,0.10592257231473923,-0.15626151859760284,-0.14246846735477448,0.0481526181101799,-0.02569417841732502,0.43708866834640503,-0.1498827040195465,0.0,0.0,0.0,0.0,0.0,0.0,0
1786037780,142675399,100.0,-1.4289234320269983,-1.3547447363482874,-1.1255295912372034,-4.621631328259603,-4.824443284665243,0.10351299494504929,-0.16671815514564514,-0.14805471897125244,0.04760134220123291,-0.031326763331890106,0.45336323976516724,-0.15916329622268677,0.0,0.0,0.0,0.0,0.0,0.0,0
1786037780,162414312,100.0,-1.433035675679342,-1.3584354559527796,-1.1242240110980433,-4.622374240552084,-4.813266936932699,0.0995802953839302,-0.1750144213438034,-0.1581917703151703,0.05752428248524666,-0.02684466540813446,0.498208224773407,-0.16995228826999664,0.0,0.0,0.0,0.0,0.0,0.0,0
1786037780,182425498,100.0,-1.4358647505389612,-1.361108128224508,-1.1232660452472132,-4.622878019009725,-4.805076066647665,0.09684677422046661,-0.18426944315433502,-0.16578496992588043,0.054000917822122574,-0.032237567007541656,0.5204269886016846,-0.17644613981246948,0.0,0.0,0.0,0.0,0.0,0.0,0
1786037780,202577352,100.0,-1.440540615712301,-1.3651822249041956,-1.121948544179098,-4.623764816914694,-4.792112890874044,0.09243433177471161,-0.19510957598686218,-0.1788877248764038,0.06023271754384041,-0.03633617237210274,0.5471518039703369,-0.1914791613817215,0.0,0.0,0.0,0.0,0.0,0.0,0
1786037780,222604751,100.0,-1.4438613096820276,-1.3681305090533655,-1.1209071318255823,-4.62432843843569,-4.7833232323275965,0.08932891488075256,-0.20340585708618164,-0.186046302318573,0.06322877109050751,-0.038541268557310104,0.5749791860580444,-0.19632397592067719,0.0,0.0,0.0,0.0,0.0,0.0,0
1786037780,242896318,100.0,-1.4488485495196741,-1.3727205435382288,-1.1194103399859827,-4.62507146993746,-4.768680755292074,0.0845329761505127,-0.21070504188537598,-0.1979474425315857,0.06574545800685883,-0.03496997058391571,0.6027106642723083,-0.2025110274553299,0.0,0.0,0.0,0.0,0.0,0.0,0
1786037780,262402534,100.0,-1.452313248311178,-1.3760045210467737,-1.118392292653219,-4.625718657170431,-4.758751455937521,0.08131971210241318,-0.21590779721736908,-0.2044157236814499,0.06747119128704071,-0.04117779806256294,0.611027717590332,-0.20730473101139069,0.0,0.0,0.0,0.0,0.0,0.0,0
1786037780,282526016,100.0,-1.457564655934469,-1.3810251394854944,-1.1167157332049769,-4.626749698315756,-4.744372908269064,0.07621218264102936,-0.22714421153068542,-0.21466782689094543,0.0698200985789299,-0.0403149351477623,0.6493772268295288,-0.21866896748542786,0.0,0.0,0.0,0.0,0.0,0.0,0
1786037780,302451848,100.0,-1.4611848036395472,-1.3844407240497034,-1.1155303160296839,-4.627409521733419,-4.7331841627704065,0.0726626068353653,-0.23467350006103516,-0.21700716018676758,0.07310377806425095,-0.041561294347047806,0.6674014925956726,-0.22964970767498016,0.0,0.0,0.0,0.0,0.0,0.0,0
1786037780,324508428,100.0,-1.4669278303729456,-1.3897741476642054,-1.1137102285968226,-4.628320399914877,-4.717307392750875,0.06708769500255585,-0.2457948625087738,-0.22249113023281097,0.08218781650066376,-0.04127367213368416,0.6963793635368347,-0.23838062584400177,0.0,0.0,0.0,0.0,0.0,0.0,0
1786037780,342614412,100.0,-1.4710043112384241,-1.3934291044818323,-1.11257249513735,-4.629015390072958,-4.705579225217001,0.06319057196378708,-0.2489650845527649,-0.23003320395946503,0.07983890920877457,-0.042280346155166626,0.716081440448761,-0.24327658116817474,0.0,0.0,0.0,0.0,0.0,0.0,0
1786037780,362401247,100.0,-1.477262322102682,-1.3990138212787073,-1.110668961201803,-4.630082432423727,-4.688394610081808,0.05726736783981323,-0.2570568323135376,-0.23894308507442474,0.08074971288442612,-0.04911135509610176,0.7413201928138733,-0.24956589937210083,0.0,0.0,0.0,0.0,0.0,0.0,0
1786037780,382641553,100.0,-1.4814947287188929,-1.4028847853290003,-1.109351936970846,-4.630813781415121,-4.67621082464327,0.0532863587141037,-0.26730895042419434,-0.2467791587114334,0.0836978331208229,-0.048536114394664764,0.7552458643913269,-0.2543979287147522,0.0,0.0,0.0,0.0,0.0,0.0,0
1786037780,402402162,100.0,-1.487884823475973,-1.4089487234698694,-1.1072805563556116,-4.631892387066976,-4.658114973698751,0.04714781418442726,-0.2729335427284241,-0.25420618057250977,0.09309346228837967,-0.03887682780623436,0.7754992246627808,-0.2610324025154114,0.0,0.0,0.0,0.0,0.0,0.0,0
1786037780,422529935,100.0,-1.4921897093402308,-1.4131434599505823,-1.1059873739825647,-4.632659737263815,-4.645379487668173,0.042998652905225754,-0.28211185336112976,-0.25834792852401733,0.08702944219112396,-0.0487518273293972,0.7960880994796753,-0.27059420943260193,0.0,0.0,0.0,0.0,0.0,0.0,0
1786037780,442590236,100.0,-1.4988434950457972,-1.4195311705218714,-1.103771988545553,-4.633810583745138,-4.626001063977377,0.036452267318964005,-0.2835819125175476,-0.26119858026504517,0.09616142511367798,-0.0529702752828598,0.8147595524787903,-0.2788904905319214,0.0,0.0,0.0,0.0,0.0,0.0,0
1786037780,462439060,100.0,-1.5034592787372034,-1.4236539045916956,-1.1022871176349085,-4.634673897420065,-4.612629954014913,0.03196754679083824,-0.291430801153183,-0.2622084617614746,0.09009740501642227,-0.04951881989836693,0.8268876075744629,-0.28234195709228516,0.0,0.0,0.0,0.0,0.0,0.0,0
1786037780,482341051,100.0,-1.5105574766742151,-1.4300416151629847,-1.1000836531268519,-4.635860625897543,-4.59283167520632,0.025001341477036476,-0.29539358615875244,-0.2722560167312622,0.09410014003515244,-0.054072823375463486,0.8409570455551147,-0.28771087527275085,0.0,0.0,0.0,0.0,0.0,0.0,0
1786037780,502505064,100.0,-1.5154369513141077,-1.4343918005572718,-1.0985987822162073,-4.636675540600912,-4.578705612813131,0.020432354882359505,-0.30388161540031433,-0.28030943870544434,0.09472331404685974,-0.05081311613321304,0.847284734249115,-0.28684163093566895,0.0,0.0,0.0,0.0,0.0,0.0,0
1786037780,522427797,100.0,-1.5226905981646937,-1.4413073698626917,-1.0963123480426233,-4.6379223505603235,-4.558224264775411,0.0135260708630085,-0.31064391136169434,-0.2854354679584503,0.09980463236570358,-0.053473614156246185,0.8705820441246033,-0.2944348454475403,0.0,0.0,0.0,0.0,0.0,0.0,0
1786037780,542763710,100.0,-1.5276668707477015,-1.445993725453512,-1.0948155562030237,-4.638845149670736,-4.543846193944113,0.008861585520207882,-0.31300878524780273,-0.2903442084789276,0.09769540280103683,-0.05193963274359703,0.879642128944397,-0.30036622285842896,0.0,0.0,0.0,0.0,0.0,0.0,0
1786037780,562263965,100.0,-1.5352686087237757,-1.4529803434955042,-1.0923369566546839,-4.640068236981527,-4.522729221974508,0.001498777186498046,-0.3127020001411438,-0.2893727123737335,0.09697635471820831,-0.05464806780219078,0.9067264795303345,-0.30711573362350464,0.0,0.0,0.0,0.0,0.0,0.0,0
1786037780,582526206,100.0,-1.5403044859515589,-1.4575350920306605,-1.0906966368304651,-4.640967432652609,-4.508123461400167,-0.0034411589251917007,-0.31665199995040894,-0.2926451861858368,0.10543721169233322,-0.05884254723787308,0.9032270908355713,-0.30852189660072327,0.0,0.0,0.0,0.0,0.0,0.0,0
1786037780,602285146,100.0,-1.5479300657855433,-1.4645937124835413,-1.0882776419269007,-4.642285768185751,-4.486275021229879,-0.0108874479876917,-0.32046136260032654,-0.30110764503479004,0.10026002675294876,-0.056541576981544495,0.9261649250984192,-0.31228014826774597,0.0,0.0,0.0,0.0,0.0,0.0,0
1786037780,622676372,100.0,-1.5530503431903284,-1.4694479147540491,-1.086637322102682,-4.643304769192831,-4.471633378659384,-0.01579171815981084,-0.3338453471660614,-0.30602917075157166,0.1041429191827774,-0.05546299368143082,0.9305511116981506,-0.31272757053375244,0.0,0.0,0.0,0.0,0.0,0.0,0
1786037780,642448902,100.0,-1.5609400908099573,-1.4768784681903284,-1.084182087575094,-4.644635383282797,-4.4488142172442835,-0.023250404988424123,-0.33508533239364624,-0.3087008595466614,0.09942113608121872,-0.05766809359192848,0.9457950592041016,-0.3220592737197876,0.0,0.0,0.0,0.0,0.0,0.0,0
1786037780,662436723,100.0,-1.566395107899801,-1.4819844404803675,-1.0825179258929651,-4.64553422132601,-4.4340530077563685,-0.028370205556051076,-0.33894583582878113,-0.3066299855709076,0.10630007833242416,-0.05495965853333473,0.9515475034713745,-0.3219442367553711,0.0,0.0,0.0,0.0,0.0,0.0,0
1786037780,682422876,100.0,-1.5745614210711878,-1.4893315474139612,-1.0801356474505823,-4.646937076245443,-4.411102120076315,-0.03629666963686162,-0.33658096194267273,-0.3099152445793152,0.10644388943910599,-0.05934588238596916,0.9574916958808899,-0.32415571808815,0.0,0.0,0.0,0.0,0.0,0.0,0
1786037780,702574014,100.0,-1.5797408262835901,-1.4941495100604456,-1.07843524614443,-4.6479437986956995,-4.395621482525961,-0.041453186665670216,-0.34207773208618164,-0.31262528896331787,0.10618023574352264,-0.05977731570601463,0.975348174571991,-0.32294130325317383,0.0,0.0,0.0,0.0,0.0,0.0,0
1786037780,722389221,100.0,-1.5877755323993128,-1.5016401449786585,-1.075920883809225,-4.649322334920065,-4.3722867409335535,-0.049271408711568654,-0.34478774666786194,-0.31965604424476624,0.1071389764547348,-0.058698736131191254,0.9749407172203064,-0.33040669560432434,0.0,0.0,0.0,0.0,0.0,0.0,0
1786037780,742617130,100.0,-1.5933268705951136,-1.5067103544818323,-1.0741484800921839,-4.650185529385702,-4.356482926999227,-0.054511849080221,-0.3455163836479187,-0.32007789611816406,0.11231616139411926,-0.05632586032152176,0.9811245799064636,-0.3323497176170349,0.0,0.0,0.0,0.0,0.0,0.0,0
1786037780,762266159,100.0,-1.6015647093402308,-1.5143330732928675,-1.0716102758990687,-4.651624027882711,-4.332932774220602,-0.06259376207460576,-0.3427424430847168,-0.3163963258266449,0.11126154661178589,-0.05867476761341095,0.9901127219200134,-0.33160829544067383,0.0,0.0,0.0,0.0,0.0,0.0,0
1786037780,782578229,100.0,-1.6071651617633265,-1.5193670431720179,-1.0698860327350062,-4.652487341557638,-4.317129317914144,-0.06788236299623662,-0.3449411392211914,-0.3222382366657257,0.11085408180952072,-0.05385711044073105,0.9815559983253479,-0.33255425095558167,0.0,0.0,0.0,0.0,0.0,0.0,0
1786037780,802275419,100.0,-1.6154268423663538,-1.526977841054098,-1.0672515074359339,-4.653985683118002,-4.293243710194723,-0.07589275041689092,-0.3553466498851776,-0.3234526515007019,0.11339473724365234,-0.06461894512176514,0.9901127219200134,-0.332042932510376,0.0,0.0,0.0,0.0,0.0,0.0,0
1786037780,822527885,100.0,-1.6210745016681116,-1.5321677366839808,-1.0654194990741175,-4.655112210904257,-4.277703825627462,-0.08119327226747686,-0.34855878353118896,-0.3281312882900238,0.11150123178958893,-0.06296511739492416,0.9925814867019653,-0.33682385087013245,0.0,0.0,0.0,0.0,0.0,0.0,0
1786037780,842566967,100.0,-1.6295645872699183,-1.540030304585592,-1.0627978483783167,-4.656514708195822,-4.253435436879293,-0.08925182024110967,-0.3517034649848938,-0.32375943660736084,0.1101590022444725,-0.06488259881734848,0.9869728684425354,-0.33612075448036194,0.0,0.0,0.0,0.0,0.0,0.0,0
1786037780,862515449,100.0,-1.6351049582110804,-1.545220200215475,-1.0609648863421839,-4.657473866139547,-4.237464253102438,-0.09469634691347295,-0.34478774666786194,-0.32294130325317383,0.10483800619840622,-0.05800364911556244,0.9960569143295288,-0.33550718426704407,0.0,0.0,0.0,0.0,0.0,0.0,0
1786037780,882429599,100.0,-1.6434152762042444,-1.5529511610614222,-1.0583909193622034,-4.658864442502157,-4.213819328938619,-0.10286266008485967,-0.3508214056491852,-0.31993725895881653,0.10538927465677261,-0.06227003410458565,0.9957453012466431,-0.3299848437309265,0.0,0.0,0.0,0.0,0.0,0.0,0
1786037780,902562618,100.0,-1.6489437262164515,-1.5579856077777308,-1.056655232106344,-4.659847442303793,-4.19741660753359,-0.10823518434633428,-0.3515372574329376,-0.323861688375473,0.1101110652089119,-0.05850698798894882,0.9859901666641235,-0.3299848437309265,0.0,0.0,0.0,0.0,0.0,0.0,0
1786037780,922385454,100.0,-1.657433811818258,-1.5657761732684534,-1.0540927092181605,-4.661369506512777,-4.173868004475729,-0.11628181139101201,-0.34785571694374084,-0.32375943660736084,0.10749850422143936,-0.06157495081424713,0.9888184070587158,-0.3333340287208557,0.0,0.0,0.0,0.0,0.0,0.0,0
1786037780,942674160,100.0,-1.6630819479571741,-1.5709541479693812,-1.0523446241961878,-4.662388507519857,-4.1579933802234095,-0.12164241472353154,-0.34593823552131653,-0.3224683403968811,0.10804977267980576,-0.059369850903749466,0.9853909611701965,-0.33168500661849976,0.0,0.0,0.0,0.0,0.0,0.0,0
1786037780,962344884,100.0,-1.6713689009295862,-1.5786970297442835,-1.0498421827899378,-4.6637670437442225,-4.1342414061175745,-0.12964088121523076,-0.34219276905059814,-0.31932368874549866,0.11178885400295258,-0.0583871454000473,0.9822511076927185,-0.32769665122032166,0.0,0.0,0.0,0.0,0.0,0.0,0
1786037780,982614994,100.0,-1.6768134276019495,-1.5837557951556605,-1.04808217683901,-4.664653841649191,-4.119098250065939,-0.13501388231386358,-0.34694811701774597,-0.3189274072647095,0.10908041894435883,-0.0601847805082798,0.9858223795890808,-0.3253956735134125,0.0,0.0,0.0,0.0,0.0,0.0,0
1786037781,2345561,100.0,-1.6850760618792933,-1.5913193861590784,-1.045460049306051,-4.666212622319357,-4.095682684575216,-0.14294082323183233,-0.34248679876327515,-0.3191063702106476,0.11629492044448853,-0.05963350459933281,0.979686439037323,-0.3296780586242676,0.0,0.0,0.0,0.0,0.0,0.0,0
1786037781,22596597,100.0,-1.6906641165362757,-1.5964377562152308,-1.0437834898578089,-4.667027537022726,-4.0798803011523646,-0.14812165895570928,-0.3423333764076233,-0.31925976276397705,0.10872089117765427,-0.059417787939310074,0.979686439037323,-0.3273898661136627,0.0,0.0,0.0,0.0,0.0,0.0,0
1786037781,42620897,100.0,-1.6988790670977991,-1.6041682402240198,-1.041041676198141,-4.668561879788534,-4.056896750126974,-0.1560605208026331,-0.33330845832824707,-0.3132644593715668,0.1070910394191742,-0.0607600212097168,0.9729992747306824,-0.3227495551109314,0.0,0.0,0.0,0.0,0.0,0.0,0
1786037781,62502145,100.0,-1.7043359915362757,-1.6092389265643519,-1.0394013563739222,-4.669472638760702,-4.04114276567568,-0.16137344041933233,-0.33728402853012085,-0.3097107410430908,0.1059405505657196,-0.056829195469617844,0.9636755585670471,-0.3161662220954895,0.0,0.0,0.0,0.0,0.0,0.0,0
1786037781,82530021,100.0,-1.7123950163470667,-1.6165507475482386,-1.0369227568255823,-4.670815292988912,-4.018255535756246,-0.16907293001283819,-0.33266931772232056,-0.30614420771598816,0.10265687108039856,-0.05445631965994835,0.9570122957229614,-0.315233051776886,0.0,0.0,0.0,0.0,0.0,0.0,0
1786037781,102514505,100.0,-1.7177794615374964,-1.621453587208883,-1.0351985136615198,-4.671774450932638,-4.003005091344015,-0.1741574446307581,-0.3306240141391754,-0.30811282992362976,0.10337592661380768,-0.05843508243560791,0.9426312446594238,-0.3185439109802246,0.0,0.0,0.0,0.0,0.0,0.0,0
1786037781,122443675,100.0,-1.7256706396686,-1.6289213339435022,-1.0326483885394495,-4.673105065022604,-3.980310026799337,-0.18165332475771123,-0.3197327256202698,-0.30228370428085327,0.10438260436058044,-0.05313805490732193,0.9301676154136658,-0.31272757053375244,0.0,0.0,0.0,0.0,0.0,0.0,0
1786037781,142760753,100.0,-1.730828110371725,-1.6337640921222132,-1.0309723059283655,-4.673955861722128,-3.9657676855670374,-0.186594311391012,-0.3172655701637268,-0.2993563711643219,0.09958891570568085,-0.052682653069496155,0.9282261729240417,-0.3087008595466614,0.0,0.0,0.0,0.0,0.0,0.0,0
1786037781,162365436,100.0,-1.7383955160724085,-1.6409438292132776,-1.0285771528827112,-4.675310436879293,-3.9432886282550257,-0.19398194948305303,-0.31492626667022705,-0.2937062084674835,0.09855826944112778,-0.057452376931905746,0.8994640707969666,-0.30602917075157166,0.0,0.0,0.0,0.0,0.0,0.0,0
1786037781,182566404,100.0,-1.743504826222555,-1.6456063429461878,-1.026973072682516,-4.676281158124105,-3.9292858282672327,-0.19895869890321904,-0.31753402948379517,-0.2911623418331146,0.09779127687215805,-0.053952984511852264,0.9040659666061401,-0.30145278573036194,0.0,0.0,0.0,0.0,0.0,0.0,0
1786037781,202300071,100.0,-1.7510841528521937,-1.6525471846209925,-1.024590317402975,-4.677612249051229,-3.90768272081484,-0.2061546484576624,-0.308470755815506,-0.2858828902244568,0.0956580862402916,-0.0577639676630497,0.8929925560951233,-0.2995736598968506,0.0,0.0,0.0,0.0,0.0,0.0,0
1786037781,222577333,100.0,-1.7561457792865198,-1.6570904890643519,-1.023045841847555,-4.678403202687399,-3.89364463487734,-0.21083194414247686,-0.3028717339038849,-0.2840421199798584,0.09105614572763443,-0.051604073494672775,0.8777965903282166,-0.29203158617019653,0.0,0.0,0.0,0.0,0.0,0.0,0
1786037781,242752313,100.0,-1.763437573109762,-1.6639469305621546,-1.0208190123187464,-4.679709855710165,-3.8729522863971155,-0.2178118864642542,-0.29267075657844543,-0.2772926092147827,0.09429188817739487,-0.052275191992521286,0.8545231819152832,-0.28533321619033813,0.0,0.0,0.0,0.0,0.0,0.0,0
1786037781,262718677,100.0,-1.7682111899005335,-1.6683943907367151,-1.019357983266012,-4.6804168860064905,-3.859274212514059,-0.22242910066713506,-0.2943197786808014,-0.27106720209121704,0.08834771066904068,-0.04647482559084892,0.8489145636558533,-0.28280213475227356,0.0,0.0,0.0,0.0,0.0,0.0,0
1786037781,282460212,100.0,-1.7750590483294886,-1.6749632994281214,-1.0172746817218226,-4.681723181401388,-3.8393262068377894,-0.22937375703920537,-0.28828611969947815,-0.26500797271728516,0.09251821786165237,-0.04796086996793747,0.8271272778511047,-0.27678126096725464,0.0,0.0,0.0,0.0,0.0,0.0,0
1786037781,302604436,100.0,-1.7796290556537073,-1.679086987172262,-1.0158856550799769,-4.682430569325582,-3.82591158548464,-0.23375112215151006,-0.2857678532600403,-0.2585652470588684,0.0884675532579422,-0.05426457151770592,0.8082161545753479,-0.273764431476593,0.0,0.0,0.0,0.0,0.0,0.0,0
1786037781,322728395,100.0,-1.7864058653460901,-1.6852248350726526,-1.0137303511248987,-4.683617059384481,-3.8067553679095667,-0.24004775682558233,-0.27366217970848083,-0.25749146938323975,0.09160742163658142,-0.045348308980464935,0.7972625494003296,-0.2630649209022522,0.0,0.0,0.0,0.0,0.0,0.0,0
1786037781,342674255,100.0,-1.7908194700824183,-1.6893003622638147,-1.0123418013202112,-4.684348527585165,-3.793856445943014,-0.24412566820253545,-0.27093935012817383,-0.25171345472335815,0.0842491015791893,-0.04784102737903595,0.7764819264411926,-0.26073840260505676,0.0,0.0,0.0,0.0,0.0,0.0,0
1786037781,362519979,100.0,-1.7972481886493128,-1.6952937285052698,-1.010425869618551,-4.685511294995443,-3.7758753935443323,-0.25027782121767217,-0.2608790099620819,-0.24708595871925354,0.08765262365341187,-0.04851214587688446,0.7591527700424194,-0.2580411434173584,0.0,0.0,0.0,0.0,0.0,0.0,0
1786037781,382530450,100.0,-1.801349941884176,-1.6992858091937464,-1.0090974012957972,-4.686254326497213,-3.7635281721698206,-0.25459605852235967,-0.2584629952907562,-0.24096281826496124,0.07916779071092606,-0.048416271805763245,0.7391630411148071,-0.2534647583961487,0.0,0.0,0.0,0.0,0.0,0.0,0
1786037781,402453184,100.0,-1.8074072043048304,-1.7049439589129847,-1.0072177092181605,-4.687249008809225,-3.7464101950274866,-0.26055652299989873,-0.2476356327533722,-0.22761718928813934,0.08420116454362869,-0.034634411334991455,0.7137804627418518,-0.2402469664812088,0.0,0.0,0.0,0.0,0.0,0.0,0
1786037781,422552585,100.0,-1.8113048712359827,-1.7085040251361292,-1.0058882872210901,-4.687992397938864,-3.7352262179004114,-0.2642625013934534,-0.24337884783744812,-0.22281071543693542,0.07794540375471115,-0.045779742300510406,0.7013168931007385,-0.23503142595291138,0.0,0.0,0.0,0.0,0.0,0.0,0
1786037781,442691802,100.0,-1.8170979658709925,-1.7135990301715296,-1.003960911427633,-4.689011041318075,-3.7190313974963587,-0.269599739705221,-0.2363736629486084,-0.21571604907512665,0.08010256290435791,-0.04129764065146446,0.6748796701431274,-0.2259809374809265,0.0,0.0,0.0,0.0,0.0,0.0,0
1786037781,462520599,100.0,-1.8209007422076624,-1.7170513311969202,-1.00275165239443,-4.6896942297564905,-3.7085545698748987,-0.2731741110431116,-0.2229641079902649,-0.2123412936925888,0.06696785241365433,-0.03820570930838585,0.6548900008201599,-0.22443418204784393,0.0,0.0,0.0,0.0,0.0,0.0,0
1786037781,482408523,100.0,-1.826249901448385,-1.7220624128924769,-1.00120717683901,-4.690605703984396,-3.6929953734027308,-0.27842694917787725,-0.21785084903240204,-0.20559178292751312,0.06725547462701797,-0.0360964871942997,0.6196563839912415,-0.2133256047964096,0.0,0.0,0.0,0.0,0.0,0.0,0
1786037781,502619743,100.0,-1.8297408262835901,-1.725334946309225,-1.0000575224505823,-4.691168967877523,-3.6835020224200647,-0.2817614714251917,-0.21579274535179138,-0.19863773882389069,0.06835801899433136,-0.03844539448618889,0.6055149435997009,-0.20584744215011597,0.0,0.0,0.0,0.0,0.0,0.0,0
1786037781,522328853,100.0,-1.834562126790182,-1.7300222555743616,-0.9985612074481409,-4.691995922719137,-3.669309679661886,-0.28655893007387334,-0.19765342772006989,-0.18510034680366516,0.0625576600432396,-0.033483926206827164,0.5743080377578735,-0.19409970939159393,0.0,0.0,0.0,0.0,0.0,0.0,0
1786037781,542614698,100.0,-1.8374646345721644,-1.7329238096820276,-0.9975312391864222,-4.692643109952108,-3.6603437105761927,-0.28956920305360967,-0.19219501316547394,-0.17707252502441406,0.06181463599205017,-0.030967239290475845,0.546025276184082,-0.18435892462730408,0.0,0.0,0.0,0.0,0.0,0.0,0
1786037781,562293291,100.0,-1.8419631163226526,-1.736927334462301,-0.9960463682757776,-4.693374458943502,-3.647722069417135,-0.2939356009112757,-0.1838603913784027,-0.1660662144422531,0.053593456745147705,-0.03293265029788017,0.5297746658325195,-0.17555132508277893,0.0,0.0,0.0,0.0,0.0,0.0,0
1786037781,582605600,100.0,-1.8447817007647913,-1.7395289579974573,-0.9952328840838831,-4.693865839635031,-3.6392951647387903,-0.2966697851764124,-0.17289242148399353,-0.15843465924263,0.05186772719025612,-0.02792324498295784,0.49437326192855835,-0.16753627359867096,0.0,0.0,0.0,0.0,0.0,0.0,0
1786037781,602420568,100.0,-1.848931614552633,-1.7431853453265589,-0.9939873854266565,-4.694453064595358,-3.627932373677389,-0.3003757635699671,-0.16418707370758057,-0.15064969658851624,0.04966263100504875,-0.022218754515051842,0.45885202288627625,-0.15638934075832367,0.0,0.0,0.0,0.0,0.0,0.0,0
1786037781,622613191,100.0,-1.8515947500811976,-1.745570484791891,-0.9932215849505823,-4.694920484219686,-3.621039930974142,-0.3027866522418421,-0.15764209628105164,-0.1434144228696823,0.045108623802661896,-0.02605370618402958,0.44145092368125916,-0.14879614114761353,0.0,0.0,0.0,0.0,0.0,0.0,0
1786037781,642590999,100.0,-1.855264965687887,-1.7488434950457972,-0.9921672979937952,-4.695555631314413,-3.610743586217062,-0.3061569372760218,-0.14512737095355988,-0.1325998604297638,0.041201766580343246,-0.02696450799703598,0.4098844826221466,-0.14007800817489624,0.0,0.0,0.0,0.0,0.0,0.0,0
1786037781,662595272,100.0,-1.8573158423053187,-1.7509053389178675,-0.9915207068072718,-4.6959514061557215,-3.6044510046588343,-0.30829173723329717,-0.12765276432037354,-0.12259063124656677,0.042040660977363586,-0.025262746959924698,0.36971336603164673,-0.1295446753501892,0.0,0.0,0.0,0.0,0.0,0.0,0
1786037781,682432413,100.0,-1.8601587454425257,-1.7536385695086878,-0.9905388990985315,-4.696515027676718,-3.5959647337542933,-0.3112424055682581,-0.11466506868600845,-0.10904046893119812,0.03796602785587311,-0.0207566786557436,0.34214964509010315,-0.11858949810266495,0.0,0.0,0.0,0.0,0.0,0.0,0
1786037781,702534198,100.0,-1.8618734518634241,-1.755340878163473,-0.9899404684649866,-4.696850601826803,-3.590954605733053,-0.31301767030824834,-0.10616425424814224,-0.10098706930875778,0.03422694653272629,-0.021260015666484833,0.31559258699417114,-0.10621538758277893,0.0,0.0,0.0,0.0,0.0,0.0,0
1786037781,722432374,100.0,-1.8642967383014124,-1.757690731679098,-0.9891622702227991,-4.697198216115133,-3.5840025583850306,-0.31548816362489873,-0.09900567680597305,-0.08761586993932724,0.02660498023033142,-0.016178704798221588,0.27043601870536804,-0.0938924103975296,0.0,0.0,0.0,0.0,0.0,0.0,0
1786037781,742679119,100.0,-1.8657720724688929,-1.7590330282794397,-0.9887192885028284,-4.69746178785433,-3.57973558107485,-0.3168557325946253,-0.0922178104519844,-0.07539515942335129,0.024040356278419495,-0.015387745574116707,0.24881649017333984,-0.08422832936048508,0.0,0.0,0.0,0.0,0.0,0.0,0
1786037781,762545108,100.0,-1.8677757422076624,-1.7608073393451136,-0.9882162253009241,-4.697677556668417,-3.5743418375598353,-0.31873876253236944,-0.07513949275016785,-0.06537315249443054,0.017113473266363144,-0.009946906939148903,0.20265324413776398,-0.0683516263961792,0.0,0.0,0.0,0.0,0.0,0.0,0
1786037781,782642364,100.0,-1.8687947432147425,-1.7618144194232386,-0.987953011189596,-4.6978692452060145,-3.5714052359210413,-0.3196504751788538,-0.06148706376552582,-0.056245964020490646,0.018791265785694122,-0.01859951764345169,0.17779797315597534,-0.05630987882614136,0.0,0.0,0.0,0.0,0.0,0.0,0
1786037781,802402973,100.0,-1.8701022307025355,-1.7629178206073206,-0.9874742666827601,-4.698121015225546,-3.5678096453296106,-0.3207896391498011,-0.04447266086935997,-0.039205994457006454,0.01740109547972679,-0.012942963279783726,0.12746421992778778,-0.04168592765927315,0.0,0.0,0.0,0.0,0.0,0.0,0
1786037781,822571277,100.0,-1.8706901709186,-1.7634928862201136,-0.9873183409320276,-4.6981808582889,-3.566143576298849,-0.3214615027057093,-0.03303172066807747,-0.028979454189538956,0.022194785997271538,-0.0033316146582365036,0.09827064722776413,-0.03032168745994568,0.0,0.0,0.0,0.0,0.0,0.0,0
1786037781,842503786,100.0,-1.871253792439596,-1.7640684286700647,-0.9871509710894983,-4.698240820561544,-3.5644055048571985,-0.32204944292177373,-0.01691213808953762,-0.015122494660317898,0.0033076461404561996,-0.005392901599407196,0.05452822521328926,-0.017602430656552315,0.0,0.0,0.0,0.0,0.0,0.0,0
1786037781,862589359,100.0,-1.871481720601217,-1.7641881147967737,-0.9871271292315882,-4.698192898427145,-3.5638421217547815,-0.3222768942462366,-0.00942119862884283,-0.0062765381298959255,0.0018216022290289402,-0.0023009711876511574,0.016298547387123108,-0.007260842714458704,0.0,0.0,0.0,0.0,0.0,0.0,0
1786037781,882446050,100.0,-1.8714335600482386,-1.7640803495990198,-0.9871390501605433,-4.698252741490499,-3.56398588815798,-0.32214528719057256,0.008104532025754452,0.009549031034111977,0.0010785802733153105,-0.0012223910307511687,-0.046618636697530746,0.011261976324021816,0.0,0.0,0.0,0.0,0.0,0.0,0
1786037781,902412176,100.0,-1.8712056318866175,-1.763864819203512,-0.9871271292315882,-4.6982168594943445,-3.564597193394796,-0.32191688219179326,0.017960358411073685,0.020082365721464157,0.0008388957940042019,-0.0009347695740871131,-0.04951881989836693,0.020299678668379784,0.0,0.0,0.0,0.0,0.0,0.0,0
1786037781,922423362,100.0,-1.8705580870257776,-1.7632649580584925,-0.9873064200030726,-4.698144976292745,-3.5664430300342005,-0.32125741640199834,0.034757450222969055,0.03190680220723152,-0.015483619645237923,0.0007430219557136297,-0.10356767475605011,0.03369644656777382,0.0,0.0,0.0,0.0,0.0,0.0,0
1786037781,942629814,100.0,-1.8699105421649378,-1.7626894156085413,-0.9873541037188929,-4.698097054158346,-3.5684567133532923,-0.3207181135760706,0.0450095534324646,0.04104676842689514,-0.007190535310655832,0.0049614692106842995,-0.13458284735679626,0.04109790176153183,0.0,0.0,0.0,0.0,0.0,0.0,0
1786037781,962374210,100.0,-1.8686631361590784,-1.761514965687887,-0.987713638936178,-4.697893325482504,-3.5722323099719446,-0.3195303122149866,0.06046441197395325,0.055325575172901154,-0.03566505387425423,0.006159891840070486,-0.1763598620891571,0.058278489857912064,0.0,0.0,0.0,0.0,0.0,0.0,0
1786037781,982460021,100.0,-1.867655102406637,-1.760495964680807,-0.9880488554583948,-4.697665516530172,-3.575324598942892,-0.31851035753359014,0.06716279685497284,0.06515583395957947,-0.03568902239203453,0.01176850963383913,-0.19833892583847046,0.06936150044202805,0.0,0.0,0.0,0.0,0.0,0.0,0
1786037782,2364158,100.0,-1.8658559958087366,-1.758721653615133,-0.9887431303607386,-4.697497789059774,-3.580886427556173,-0.3166874090777796,0.08445842564105988,0.08026554435491562,-0.024927189573645592,0.007693872787058353,-0.24045149981975555,0.08463738858699799,0.0,0.0,0.0,0.0,0.0,0.0,0
1786037782,22609710,100.0,-1.8644169012652796,-1.757366959248678,-0.9892218748675745,-4.6971861759768885,-3.5851290861712855,-0.31520015398134404,0.09867331385612488,0.08829338103532791,-0.02883404679596424,0.008628642186522484,-0.2691896855831146,0.09168092161417007,0.0,0.0,0.0,0.0,0.0,0.0,0
1786037782,42585372,100.0,-1.8619816938983362,-1.7550891081439417,-0.9899404684649866,-4.696850601826803,-3.5920332113849085,-0.31283742586244756,0.11697882413864136,0.10022007673978806,-0.03655188903212547,0.023680828511714935,-0.3130759000778198,0.10676506161689758,0.0,0.0,0.0,0.0,0.0,0.0,0
1786037782,62449693,100.0,-1.8600271383868616,-1.753338638936178,-0.9905870596515101,-4.696574989949362,-3.5971511046039026,-0.31109887758363897,0.12471263855695724,0.10990972816944122,-0.040410809218883514,0.016154736280441284,-0.34449854493141174,0.11674872040748596,0.0,0.0,0.0,0.0,0.0,0.0,0
1786037782,82389831,100.0,-1.8569319883929651,-1.7505095640765589,-0.9915087858783167,-4.696059290562765,-3.6060808340655726,-0.3081601301776331,0.1350286602973938,0.12248837202787399,-0.04417385533452034,0.022554311901330948,-0.37750309705734253,0.1268218606710434,0.0,0.0,0.0,0.0,0.0,0.0,0
1786037782,102435111,100.0,-1.854725186024801,-1.7484954039203089,-0.992251221333639,-4.69565183321108,-3.612469736729757,-0.3060372511493128,0.14042316377162933,0.1301199197769165,-0.04340686276555061,0.026101643219590187,-0.3940413296222687,0.1366521269083023,0.0,0.0,0.0,0.0,0.0,0.0,0
1786037782,122429847,100.0,-1.8511508146869105,-1.7453072706805628,-0.9934242407428187,-4.695016328488485,-3.622514311467306,-0.3026788870440882,0.15585245192050934,0.14329937100410461,-0.04604339227080345,0.030487868934869766,-0.43493151664733887,0.14992105960845947,0.0,0.0,0.0,0.0,0.0,0.0,0
1786037782,142723798,100.0,-1.8486436049090784,-1.7428973356830042,-0.9942029158221644,-4.694477025662557,-3.6295865217791956,-0.3002679983722132,0.16353513300418854,0.1483742892742157,-0.052395034581422806,0.03540140017867088,-0.4681517779827118,0.1583196073770523,0.0,0.0,0.0,0.0,0.0,0.0,0
1786037782,162555456,100.0,-1.8445056120501917,-1.7392767111407679,-0.995495621358053,-4.693817917500631,-3.6413210074054163,-0.296394173298971,0.17479711771011353,0.1628192812204361,-0.05438441410660744,0.024232104420661926,-0.4904664158821106,0.1703869253396988,0.0,0.0,0.0,0.0,0.0,0.0,0
1786037782,182382583,100.0,-1.8416150251971644,-1.7366278807269495,-0.9963343779193323,-4.693326536809103,-3.64963943163027,-0.2936595121966761,0.18134209513664246,0.16822656989097595,-0.05373726785182953,0.02840261347591877,-0.511726438999176,0.18007656931877136,0.0,0.0,0.0,0.0,0.0,0.0,0
1786037782,202449083,100.0,-1.8370450178729456,-1.7323721090899866,-0.9977706114398401,-4.692511264477865,-3.6622019449817103,-0.2892215887652796,0.1998521387577057,0.18175116181373596,-0.06023271754384041,0.033435989171266556,-0.5551093220710754,0.19041815400123596,0.0,0.0,0.0,0.0,0.0,0.0,0
1786037782,222658395,100.0,-1.8338306585894983,-1.729387108479635,-0.9988487402545374,-4.691935960446493,-3.671323362980978,-0.28616315523256475,0.20555342733860016,0.18502365052700043,-0.0632048025727272,0.034874096512794495,-0.5691788196563721,0.19518627226352692,0.0,0.0,0.0,0.0,0.0,0.0,0
1786037782,242737293,100.0,-1.828972641621725,-1.7247241179095667,-1.0003207365619105,-4.691109124814169,-3.6853838602649134,-0.2813299337970179,0.20836572349071503,0.19473886489868164,-0.06663229316473007,0.03724697232246399,-0.6019676327705383,0.2056429088115692,0.0,0.0,0.0,0.0,0.0,0.0,0
1786037782,262514829,100.0,-1.8255417982684534,-1.7215827147113245,-1.001458470021383,-4.690497819577352,-3.6950693766223353,-0.2779954115497034,0.22185197472572327,0.20082364976406097,-0.07188138365745544,0.03564108535647392,-0.6284288167953491,0.2098485827445984,0.0,0.0,0.0,0.0,0.0,0.0,0
1786037782,282532215,100.0,-1.8201449553119105,-1.7166436354266565,-1.0031588713275355,-4.689538423215048,-3.710724655781881,-0.2728379408465784,0.2287548929452896,0.21287818253040314,-0.06519418954849243,0.03717506676912308,-0.6461894512176514,0.2205480933189392,0.0,0.0,0.0,0.0,0.0,0.0,0
1786037782,302451848,100.0,-1.816343132649557,-1.713179890309469,-1.0042842070208948,-4.688903276120321,-3.7210453192340296,-0.2693117300616663,0.23080019652843475,0.2184644341468811,-0.07185741513967514,0.040051281452178955,-0.6692470908164978,0.22819243371486664,0.0,0.0,0.0,0.0,0.0,0.0,0
1786037782,322527408,100.0,-1.8104174772845667,-1.707881275807516,-1.0060918966876429,-4.68786055246462,-3.737239662800924,-0.2638786474810999,0.24767398834228516,0.2276555299758911,-0.07327155768871307,0.04501274973154068,-0.6944858431816101,0.2366037517786026,0.0,0.0,0.0,0.0,0.0,0.0,0
1786037782,342736721,100.0,-1.8063996473895472,-1.7042725721942347,-1.0072653929339808,-4.687129203473226,-3.7484119574176233,-0.26005250612367803,0.2493741512298584,0.23409825563430786,-0.07756190747022629,0.04146542027592659,-0.7184063792228699,0.24418418109416962,0.0,0.0,0.0,0.0,0.0,0.0,0
1786037782,362434625,100.0,-1.8004024664508265,-1.6985066572772425,-1.0091694037066858,-4.686194364224569,-3.7659617106067103,-0.2541282812701624,0.26275813579559326,0.24091169238090515,-0.08137288689613342,0.04340686276555061,-0.740744948387146,0.25159841775894165,0.0,0.0,0.0,0.0,0.0,0.0,0
1786037782,382553100,100.0,-1.7962644735919397,-1.6945984999286097,-1.0105097929583948,-4.685427371655599,-3.7781406084643763,-0.2500498930560511,0.2644455134868622,0.2442353069782257,-0.08048605918884277,0.045468151569366455,-0.7479355335235596,0.25875699520111084,0.0,0.0,0.0,0.0,0.0,0.0,0
1786037782,402578115,100.0,-1.7898958365069788,-1.688676659260885,-1.0125334898578089,-4.684324447308676,-3.796469751988546,-0.2438138167010706,0.26926475763320923,0.25222480297088623,-0.08837167918682098,0.05071724206209183,-0.7777762413024902,0.26372966170310974,0.0,0.0,0.0,0.0,0.0,0.0,0
1786037782,422503948,100.0,-1.785422150288717,-1.6845772902118128,-1.0138862768756312,-4.683509174977438,-3.8091164270984095,-0.23959190050234014,0.2776249647140503,0.25696736574172974,-0.08942628651857376,0.050573430955410004,-0.792972207069397,0.2695332169532776,0.0,0.0,0.0,0.0,0.0,0.0,0
1786037782,442672491,100.0,-1.7785137335406702,-1.678283993397848,-1.0159218947040003,-4.682406608258383,-3.8284414450274866,-0.2331631819354456,0.28465571999549866,0.26753902435302734,-0.09153551608324051,0.04879976436495781,-0.8104212284088135,0.2761165499687195,0.0,0.0,0.0,0.0,0.0,0.0,0
1786037782,462533950,100.0,-1.7738364378558558,-1.6741240660296839,-1.0173347632037562,-4.68157941499819,-3.8416038195239466,-0.22864181200136358,0.295470267534256,0.2698144316673279,-0.09093630313873291,0.04999818652868271,-0.8207277059555054,0.2814982533454895,0.0,0.0,0.0,0.0,0.0,0.0,0
1786037782,482371330,100.0,-1.766723934804098,-1.6674955526935022,-1.0194900671588343,-4.6803569237338465,-3.8618040720569056,-0.22181779543031865,0.2945498824119568,0.27517059445381165,-0.09513077884912491,0.049614693969488144,-0.837649405002594,0.282431423664093,0.0,0.0,0.0,0.0,0.0,0.0,0
1786037782,502523899,100.0,-1.7619860808001917,-1.6629040876971644,-1.021010700856344,-4.679517690335409,-3.875242535267965,-0.21710473695863897,0.30197691917419434,0.2763594388961792,-0.09714413434267044,0.05337774008512497,-0.8545951247215271,0.2920571565628052,0.0,0.0,0.0,0.0,0.0,0.0,0
1786037782,522347688,100.0,-1.7546828428851526,-1.656191651021139,-1.0234769026385706,-4.678283278142111,-3.8962095419513147,-0.21004039445985967,0.2961222231388092,0.27979809045791626,-0.09589777141809464,0.05373726785182953,-0.8677298426628113,0.2863430976867676,0.0,0.0,0.0,0.0,0.0,0.0,0
1786037782,542669296,100.0,-1.74968129793276,-1.6515887419330042,-1.0250213781939905,-4.677396122609274,-3.9099968115436,-0.20536357561220342,0.30798500776290894,0.28211185336112976,-0.09963685274124146,0.053905047476291656,-0.8863772749900818,0.29590490460395813,0.0,0.0,0.0,0.0,0.0,0.0,0
1786037782,562349319,100.0,-1.7421134153949183,-1.644815746937887,-1.0274279753314417,-4.676077429448263,-3.931671682988302,-0.19828731218446904,0.3105672001838684,0.2896539270877838,-0.09735984355211258,0.054791878908872604,-0.897115170955658,0.30225813388824463,0.0,0.0,0.0,0.0,0.0,0.0,0
1786037782,582461118,100.0,-1.7370408217059534,-1.6401045958148401,-1.0290563742267054,-4.675202671681539,-3.9459145704852503,-0.19340593019594365,0.3229796588420868,0.2950739860534668,-0.10023605823516846,0.05512743815779686,-0.9193099141120911,0.30586299300193787,0.0,0.0,0.0,0.0,0.0,0.0,0
1786037782,602310895,100.0,-1.729652229939596,-1.632864777241842,-1.031487290059225,-4.673836056386129,-3.9682615439044397,-0.18585044542421514,0.3186461627483368,0.29826977849006653,-0.09949304163455963,0.06205431744456291,-0.9204604029655457,0.3127020001411438,0.0,0.0,0.0,0.0,0.0,0.0,0
1786037782,622592926,100.0,-1.7243035475360315,-1.6280940214740198,-1.0331152121173304,-4.672973219548361,-3.9830315748797815,-0.18087369600404912,0.3221743106842041,0.2997015118598938,-0.10179401189088821,0.052203286439180374,-0.9305990934371948,0.31341785192489624,0.0,0.0,0.0,0.0,0.0,0.0,0
1786037782,642548799,100.0,-1.716412369404928,-1.6209138075457972,-1.0356653372394007,-4.671570722256796,-4.005439106618063,-0.17324620882143194,0.32098549604415894,0.30297398567199707,-0.09836652129888535,0.0595615990459919,-0.9426312446594238,0.3181476294994354,0.0,0.0,0.0,0.0,0.0,0.0,0
1786037782,662511587,100.0,-1.7110517660724085,-1.6160834471331995,-1.0372942129718226,-4.6706594864474695,-4.020928684865133,-0.1682212988482874,0.33098194003105164,0.3104393780231476,-0.10224941372871399,0.05471997335553169,-0.9443089962005615,0.31925976276397705,0.0,0.0,0.0,0.0,0.0,0.0,0
1786037782,682370185,100.0,-1.7030041853534144,-1.6086400190936487,-1.0397008101092737,-4.669256989155905,-4.043624703084127,-0.1603778044330042,0.3341393768787384,0.3140825629234314,-0.10689929127693176,0.05752428248524666,-0.9619258642196655,0.32041025161743164,0.0,0.0,0.0,0.0,0.0,0.0,0
1786037782,702551126,100.0,-1.697535816823141,-1.6035330931292933,-1.041377369557516,-4.668298188840048,-4.059042755757467,-0.15506536165346319,0.3395082950592041,0.31464502215385437,-0.09891779720783234,0.05862683057785034,-0.9639871120452881,0.32479485869407654,0.0,0.0,0.0,0.0,0.0,0.0,0
1786037782,722416400,100.0,-1.6893208662616175,-1.5958259741412562,-1.0439394156085413,-4.666811768208639,-4.082302157078878,-0.14707833925356084,0.3334490954875946,0.31601282954216003,-0.10979947447776794,0.06418751180171967,-0.9724959135055542,0.32377222180366516,0.0,0.0,0.0,0.0,0.0,0.0,0
1786037782,742678165,100.0,-1.6838043371783655,-1.5908635298358362,-1.0456269423114222,-4.665888611470358,-4.097660843526022,-0.1418374220477503,0.338242769241333,0.3149518370628357,-0.1107582077383995,0.056901101022958755,-0.979686439037323,0.32822075486183167,0.0,0.0,0.0,0.0,0.0,0.0,0
1786037782,762355566,100.0,-1.6758058706866663,-1.5833123365985315,-1.0482614676104944,-4.664462153111593,-4.1211727301227015,-0.13406640688051397,0.3432154357433319,0.32092157006263733,-0.1095597892999649,0.05517537519335747,-0.9851512908935547,0.3260348439216614,0.0,0.0,0.0,0.0,0.0,0.0,0
1786037782,782561302,100.0,-1.6703131834613245,-1.5782659689532679,-1.0499017874347132,-4.663646880780355,-4.136711422597067,-0.12869388261903936,0.34478774666786194,0.3223532736301422,-0.1113574206829071,0.05069327354431152,-0.9965122938156128,0.3297547399997711,0.0,0.0,0.0,0.0,0.0,0.0,0
1786037782,802366971,100.0,-1.661954704915182,-1.5705111662494105,-1.0525124708758753,-4.6621368567096155,-4.1606071631061,-0.12062341371645147,0.3466029763221741,0.3228646218776703,-0.11142932623624802,0.060568276792764664,-0.9989810585975647,0.33162108063697815,0.0,0.0,0.0,0.0,0.0,0.0,0
1786037782,822587490,100.0,-1.656318489705221,-1.5652969519244593,-1.0542367140399378,-4.661093775426046,-4.176781241093771,-0.11527473131288701,0.3438929319381714,0.32508888840675354,-0.11231616139411926,0.06143113970756531,-0.9966081976890564,0.3318128287792206,0.0,0.0,0.0,0.0,0.0,0.0,0
1786037782,842609167,100.0,-1.6479719320880335,-1.5576618353473108,-1.056894604359762,-4.659619752560751,-4.200594011937277,-0.10726339021791631,0.35023337602615356,0.32133063673973083,-0.11027884483337402,0.0589623898267746,-0.9969437122344971,0.33420330286026,0.0,0.0,0.0,0.0,0.0,0.0,0
1786037782,862458467,100.0,-1.6424678007708948,-1.5524957815753382,-1.0586908499347132,-4.658720556889669,-4.216996733342306,-0.10185510316957647,0.3508214056491852,0.326328843832016,-0.10574880242347717,0.05752428248524666,-0.9869968295097351,0.33117368817329407,0.0,0.0,0.0,0.0,0.0,0.0,0
1786037782,882566213,100.0,-1.6340497175799769,-1.544776741658346,-1.0612767378436487,-4.657329622899191,-4.240797344838278,-0.09379655519594365,0.35033565759658813,0.3245008587837219,-0.11080614477396011,0.059849221259355545,-0.9888184070587158,0.3297930955886841,0.0,0.0,0.0,0.0,0.0,0.0,0
1786037782,902662038,100.0,-1.6284974257098597,-1.5395148436175745,-1.0630009810077112,-4.656346980725424,-4.256600681935446,-0.08840018907655889,0.342576265335083,0.32490992546081543,-0.11059043556451797,0.060568276792764664,-0.9920302033424377,0.3319278955459595,0.0,0.0,0.0,0.0,0.0,0.0,0
1786037782,922554016,100.0,-1.6200793425189417,-1.5317004362689417,-1.06559926668276,-4.654908482228414,-4.280749622975485,-0.08046180406679326,0.345043420791626,0.3220592737197876,-0.10579673945903778,0.058890484273433685,-0.9841445684432983,0.33526429533958435,0.0,0.0,0.0,0.0,0.0,0.0,0
1786037782,942636251,100.0,-1.6146114508258265,-1.5265701452838343,-1.0673955122577112,-4.653913799916403,-4.296361033116476,-0.07517367998232061,0.3460277318954468,0.3215479552745819,-0.10912835597991943,0.06064017862081528,-0.9833296537399292,0.33403709530830383,0.0,0.0,0.0,0.0,0.0,0.0,0
1786037782,962435245,100.0,-1.606241528187887,-1.5189717451678675,-1.0698979536639612,-4.652511302624838,-4.319887224827902,-0.06716281572450811,0.3481625020503998,0.3219442367553711,-0.10584467649459839,0.05697300657629967,-0.9851512908935547,0.3313782215118408,0.0,0.0,0.0,0.0,0.0,0.0,0
1786037782,982580661,100.0,-1.6007736364947718,-1.5136860052691858,-1.071669880543844,-4.651647988949911,-4.335978690777914,-0.061886135731832326,0.3475872576236725,0.32173970341682434,-0.11281950026750565,0.060160811990499496,-0.974605143070221,0.328527569770813,0.0,0.0,0.0,0.0,0.0,0.0,0
1786037783,2523899,100.0,-1.5924995581256312,-1.5060752073871058,-1.0742085615741175,-4.650185529385702,-4.359144870434896,-0.05397206941713506,0.337424635887146,0.31665199995040894,-0.11001519113779068,0.06047240272164345,-0.9742935299873352,0.32781168818473816,0.0,0.0,0.0,0.0,0.0,0.0,0
1786037783,22539615,100.0,-1.5870078245746058,-1.5010293165790003,-1.0758965651141565,-4.649238411580221,-4.374828879033224,-0.04869586626161748,0.3423333764076233,0.3172655701637268,-0.10562895983457565,0.0631808340549469,-0.971537172794342,0.33001041412353516,0.0,0.0,0.0,0.0,0.0,0.0,0
1786037783,42717456,100.0,-1.5789859930621546,-1.493502442036764,-1.078470532094137,-4.647751990948812,-4.398319427167074,-0.04081756273378545,0.33935490250587463,0.31768742203712463,-0.10963169485330582,0.05800364911556244,-0.9601761102676392,0.32746654748916626,0.0,0.0,0.0,0.0,0.0,0.0,0
1786037783,62405824,100.0,-1.5736139456378382,-1.488492790852682,-1.0801475683795374,-4.646853152905599,-4.413200561200277,-0.035601441060201466,0.34248679876327515,0.31492626667022705,-0.1070910394191742,0.058363176882267,-0.9631961584091187,0.3215479552745819,0.0,0.0,0.0,0.0,0.0,0.0,0
1786037783,82568645,100.0,-1.5654481093036097,-1.481037441884176,-1.0826976935016077,-4.645426336918966,-4.436187330876486,-0.02792674699892217,0.33117368817329407,0.30962124466896057,-0.10502975434064865,0.053353771567344666,-0.9493903517723083,0.31983500719070435,0.0,0.0,0.0,0.0,0.0,0.0,0
1786037783,102612972,100.0,-1.5600407759295862,-1.475919548665182,-1.0843380133258265,-4.644551459942953,-4.451152626668112,-0.02284270921816045,0.3315316140651703,0.304661363363266,-0.10522150248289108,0.0565655454993248,-0.9476885795593262,0.3143638074398041,0.0,0.0,0.0,0.0,0.0,0.0,0
1786037783,122548341,100.0,-1.5522826353656214,-1.4685848394977015,-1.0868523756610315,-4.643112961445944,-4.47372013727297,-0.015251938496724904,0.32781168818473816,0.3032296597957611,-0.10476610064506531,0.0529702752828598,-0.9350811839103699,0.316575288772583,0.0,0.0,0.0,0.0,0.0,0.0,0
1786037783,142666101,100.0,-1.547126595173971,-1.463766876851217,-1.0885527769671839,-4.642189804707662,-4.488709394131796,-0.01029998460878545,0.3294735252857208,0.29890894889831543,-0.10407101362943649,0.06061621382832527,-0.9273393750190735,0.31272757053375244,0.0,0.0,0.0,0.0,0.0,0.0,0
1786037783,162603855,100.0,-1.5395129362689417,-1.456719700490133,-1.0909956137286585,-4.64087158838381,-4.510449830685751,-0.002889458333150685,0.3240278959274292,0.2943197786808014,-0.0980549305677414,0.053114086389541626,-0.9209158420562744,0.3072180151939392,0.0,0.0,0.0,0.0,0.0,0.0,0
1786037783,182619571,100.0,-1.5343216101275843,-1.452033821736471,-1.0926840941058558,-4.640020314847128,-4.525115553532736,0.0020504260901361704,0.3165625035762787,0.2917120158672333,-0.0986781120300293,0.05505553260445595,-0.8983615040779114,0.3032296597957611,0.0,0.0,0.0,0.0,0.0,0.0,0
1786037783,202571630,100.0,-1.5268157164203089,-1.4450224081622522,-1.0950549284564417,-4.638689343129293,-4.546340409909384,0.009233096614480019,0.3127020001411438,0.2844511866569519,-0.09882192313671112,0.052395034581422806,-0.8876955509185791,0.29995715618133545,0.0,0.0,0.0,0.0,0.0,0.0,0
1786037783,222431659,100.0,-1.521815601979391,-1.4403966108905237,-1.0965397993670862,-4.63783842722048,-4.5607304016696375,0.013993830420076847,0.3077165484428406,0.2852437198162079,-0.09410014003515244,0.05309011787176132,-0.8745847940444946,0.29667189717292786,0.0,0.0,0.0,0.0,0.0,0.0,0
1786037783,242580413,100.0,-1.5145495573626917,-1.4336608091937464,-1.0987308661090296,-4.636579696332113,-4.581523839627401,0.020924082025885582,0.30648937821388245,0.2760526239871979,-0.09493903070688248,0.053952984511852264,-0.8588135838508606,0.2938723862171173,0.0,0.0,0.0,0.0,0.0,0.0,0
1786037783,262411117,100.0,-1.5097182432757776,-1.4293225447284144,-1.1002758185016077,-4.635728899632589,-4.595446173344747,0.025588568300008774,0.29977819323539734,0.274326890707016,-0.09129583090543747,0.049926284700632095,-0.8412686586380005,0.28602349758148193,0.0,0.0,0.0,0.0,0.0,0.0,0
1786037783,282413244,100.0,-1.5027039686786097,-1.4228985945331019,-1.102466885243551,-4.634506050740377,-4.615424219761984,0.03238699585199356,0.2896411418914795,0.26812705397605896,-0.09515474736690521,0.05011802911758423,-0.8205359578132629,0.2808718979358673,0.0,0.0,0.0,0.0,0.0,0.0,0
1786037783,302428483,100.0,-1.498063866292135,-1.4186566511737269,-1.103760067616598,-4.633762661610739,-4.628435317670004,0.03683576360344887,0.2862919569015503,0.2646756172180176,-0.09136773645877838,0.04712197557091713,-0.8033266067504883,0.2729335427284241,0.0,0.0,0.0,0.0,0.0,0.0,0
1786037783,322429418,100.0,-1.4913976828204554,-1.412196461354391,-1.1058676878558558,-4.632575813923971,-4.648137752209799,0.043274663388729095,0.2760526239871979,0.2563154101371765,-0.08949819207191467,0.05095692723989487,-0.7911506295204163,0.27032577991485596,0.0,0.0,0.0,0.0,0.0,0.0,0
1786037783,342430830,100.0,-1.4870455900775355,-1.408098045979635,-1.1072686354266565,-4.631724659596578,-4.660501782094137,0.04744742065668106,0.2781490683555603,0.24867106974124908,-0.08889898657798767,0.04664260521531105,-0.7743487358093262,0.26494404673576355,0.0,0.0,0.0,0.0,0.0,0.0,0
1786037783,362449169,100.0,-1.4806435743915003,-1.4021299521075647,-1.1092560927020472,-4.630681578313009,-4.678740922604696,0.0536222904920578,0.2649056911468506,0.24273967742919922,-0.0848483145236969,0.0451325923204422,-0.7568997144699097,0.2559574842453003,0.0,0.0,0.0,0.0,0.0,0.0,0
1786037783,382625102,100.0,-1.476374928151266,-1.3983185927020472,-1.1106093565570276,-4.629938546811239,-4.690685097371237,0.05766322463750839,0.26096847653388977,0.23858514428138733,-0.08643023669719696,0.045348308980464935,-0.7361430525779724,0.2510359585285187,0.0,0.0,0.0,0.0,0.0,0.0,0
1786037783,402441740,100.0,-1.4701045195208948,-1.3927577177630823,-1.1124652067767542,-4.628943506871359,-4.707989637051718,0.06355009973049164,0.24589712917804718,0.22991815209388733,-0.084225133061409,0.041729073971509933,-0.7149309515953064,0.24286751449108124,0.0,0.0,0.0,0.0,0.0,0.0,0
1786037783,422569751,100.0,-1.4661605993853968,-1.3891270796405237,-1.1136506239520472,-4.628176514302389,-4.719381753598348,0.06738729774951935,0.2402469664812088,0.22737430036067963,-0.07907191663980484,0.04501274973154068,-0.6923047304153442,0.2363736629486084,0.0,0.0,0.0,0.0,0.0,0.0,0
1786037783,442513704,100.0,-1.4604056517230433,-1.38379413286318,-1.1155183951007288,-4.627157513295309,-4.735474650059835,0.07293861359357834,0.23501864075660706,0.2170838564634323,-0.07538077980279922,0.03868507966399193,-0.6748796701431274,0.2271825522184372,0.0,0.0,0.0,0.0,0.0,0.0,0
1786037783,462422370,100.0,-1.4567368666278284,-1.380366627370016,-1.1167038122760218,-4.626569930707113,-4.746315542851583,0.07651178538799286,0.22812850773334503,0.20793110132217407,-0.07379885762929916,0.03796602785587311,-0.6495210528373718,0.21970440447330475,0.0,0.0,0.0,0.0,0.0,0.0,0
1786037783,482327222,100.0,-1.451437775288717,-1.375368897114889,-1.1183446089373987,-4.625730578099386,-4.761245671902792,0.08161931484937668,0.22057366371154785,0.20343142747879028,-0.07274425029754639,0.0391165129840374,-0.6261997222900391,0.21208563446998596,0.0,0.0,0.0,0.0,0.0,0.0,0
1786037783,502433300,100.0,-1.447949234639303,-1.3722413221942347,-1.1194823423968714,-4.62502354780306,-4.771319095288412,0.0849044919013977,0.21252025663852692,0.19250181317329407,-0.06675213575363159,0.03561711683869362,-0.600649356842041,0.2049398422241211,0.0,0.0,0.0,0.0,0.0,0.0,0
1786037783,522856950,100.0,-1.4430459181415003,-1.3677471319781702,-1.1210864225970667,-4.624268237744467,-4.785421554242269,0.08972477167844772,0.19641345739364624,0.18590569496154785,-0.0637800469994545,0.033675674349069595,-0.5658231973648071,0.19243788719177246,0.0,0.0,0.0,0.0,0.0,0.0,0
1786037783,542499542,100.0,-1.4398930708514612,-1.364882771168844,-1.122068230305807,-4.623704973851339,-4.794127289448873,0.09269798547029495,0.19213110208511353,0.17734096944332123,-0.06301305443048477,0.03365170583128929,-0.5495486259460449,0.18655763566493988,0.0,0.0,0.0,0.0,0.0,0.0,0
1786037783,562372922,100.0,-1.4353612104998987,-1.3608439604388636,-1.123481575642721,-4.6228899399386805,-4.807066980992452,0.09714637696743011,0.18022996187210083,0.17047640681266785,-0.05313805490732193,0.02967294119298458,-0.5190368294715881,0.1754234880208969,0.0,0.0,0.0,0.0,0.0,0.0,0
1786037783,582507610,100.0,-1.4324958960162562,-1.358136002217428,-1.1243556181537073,-4.6224462429629725,-4.815017763768331,0.09984394907951355,0.1707959771156311,0.16123417019844055,-0.05565474182367325,0.02876214124262333,-0.4929591417312622,0.1673828810453415,0.0,0.0,0.0,0.0,0.0,0.0,0
1786037783,602426052,100.0,-1.4285157362567347,-1.3543131987201136,-1.1256726423846644,-4.621739093457357,-4.826314036046163,0.1036328375339508,0.16141313314437866,0.15125051140785217,-0.05270662158727646,0.029145635664463043,-0.4687749743461609,0.15493206679821014,0.0,0.0,0.0,0.0,0.0,0.0,0
1786037783,622633934,100.0,-1.4260342756854456,-1.3518922964679163,-1.1264269987689417,-4.621307675038473,-4.833701078091757,0.1060783714056015,0.15632542967796326,0.142315074801445,-0.04554005712270737,0.030655648559331894,-0.43708866834640503,0.1492946892976761,0.0,0.0,0.0,0.0,0.0,0.0,0
1786037783,642438173,100.0,-1.4225814978228968,-1.3486927191363733,-1.1275165716754358,-4.620696131383077,-4.843846503888265,0.10944780707359314,0.1407555192708969,0.12917396426200867,-0.043718453496694565,0.022410500794649124,-0.39804404973983765,0.1364220231771469,0.0,0.0,0.0,0.0,0.0,0.0,0
1786037783,662517547,100.0,-1.420495335255758,-1.3466313521014612,-1.128235165272848,-4.620372239743368,-4.849818412457601,0.11153418570756912,0.13032445311546326,0.12080098688602448,-0.04134557768702507,0.02154763787984848,-0.377838671207428,0.1294296383857727,0.0,0.0,0.0,0.0,0.0,0.0,0
1786037783,682386159,100.0,-1.4175227324115198,-1.3438990751849573,-1.1291454474078577,-4.619796935711996,-4.858129445706503,0.11453136801719666,0.11873011291027069,0.10711020976305008,-0.03748665750026703,0.02322542853653431,-0.34083136916160583,0.11524030566215515,0.0,0.0,0.0,0.0,0.0,0.0,0
1786037783,702441930,100.0,-1.4157002607928675,-1.3421614805804651,-1.1297677198993128,-4.619461003934042,-4.863393966351644,0.11632975190877914,0.1112263947725296,0.10339030623435974,-0.030487868934869766,0.020301278680562973,-0.3164314925670624,0.10529500246047974,0.0,0.0,0.0,0.0,0.0,0.0,0
1786037783,722358465,100.0,-1.4131348768817347,-1.3399203459369105,-1.1305220762835901,-4.619077507649557,-4.870565001164572,0.11874008178710938,0.09681975841522217,0.08837007731199265,-0.02732403390109539,0.021571606397628784,-0.2727130353450775,0.09139969199895859,0.0,0.0,0.0,0.0,0.0,0.0,0
1786037783,742701530,100.0,-1.4116242567645472,-1.338590447102682,-1.1309173742877405,-4.618825856839315,-4.874666158352987,0.1201186403632164,0.08879192173480988,0.07772169262170792,-0.02322542853653431,0.028738172724843025,-0.24562868475914001,0.0819273591041565,0.0,0.0,0.0,0.0,0.0,0.0,0
1786037783,762376308,100.0,-1.4097545782672327,-1.3368528524981897,-1.1315043608294886,-4.61846632162203,-4.8797388712512415,0.12184511870145798,0.07149629294872284,0.06685599684715271,-0.020612867549061775,0.012942963279783726,-0.20610471069812775,0.06648528575897217,0.0,0.0,0.0,0.0,0.0,0.0,0
1786037783,782458305,100.0,-1.408591095601217,-1.3358343283282679,-1.1317794958697718,-4.618262592946188,-4.88267690340151,0.12293605506420135,0.06107800453901291,0.05705130472779274,-0.014692660421133041,0.017976338043808937,-0.1799551248550415,0.05730696767568588,0.0,0.0,0.0,0.0,0.0,0.0,0
1786037783,802446126,100.0,-1.4074042479144495,-1.3347438017474573,-1.1321747938739222,-4.618130747471945,-4.886250440274374,0.12421873956918716,0.04139191657304764,0.0405610091984272,-0.019965719431638718,0.007478156592696905,-0.14093449711799622,0.04362897202372551,0.0,0.0,0.0,0.0,0.0,0.0,0
1786037783,822636842,100.0,-1.406792942677633,-1.3341086546527308,-1.1323187986956995,-4.6180588642703455,-4.888145510350363,0.12481832504272461,0.03153608739376068,0.03092249669134617,-0.008508799597620964,0.003403519978746772,-0.10641992092132568,0.03314676880836487,0.0,0.0,0.0,0.0,0.0,0.0,0
1786037783,842613697,100.0,-1.4062541166888636,-1.3336289564715784,-1.132594410573141,-4.618070785199301,-4.890040103589193,0.1254298985004425,0.015199193730950356,0.015684954822063446,-0.004026699811220169,0.0014860439114272594,-0.04527640342712402,0.016030099242925644,0.0,0.0,0.0,0.0,0.0,0.0,0
1786037783,862630605,100.0,-1.4060500303851526,-1.3334854284869593,-1.132594410573141,-4.6180588642703455,-4.890543762837545,0.12554973363876343,0.008360195904970169,0.009433981962502003,-0.0020133499056100845,0.0010785802733153105,-0.01919872872531414,0.00788721814751625,0.0,0.0,0.0,0.0,0.0,0.0,0
1786037783,882318496,100.0,-1.4061577955829065,-1.3335450331317347,-1.1326301733600062,-4.6180588642703455,-4.890615765248434,0.12548981606960297,-0.004384628497064114,-0.0067878649570047855,-0.0011504855938255787,0.0007669904152862728,0.0016777915880084038,-0.0062765381298959255,0.0,0.0,0.0,0.0,0.0,0.0,0
1786037783,902448654,100.0,-1.4061577955829065,-1.3335211912738245,-1.1326301733600062,-4.618130747471945,-4.890567723904745,0.1256815642118454,0.0,-0.002147573046386242,-0.0008868326549418271,0.0006471481756307185,0.0016777915880084038,0.005790777504444122,0.0,0.0,0.0,0.0,0.0,0.0,0
1786037783,922358274,100.0,-1.4064095656024378,-1.333808724080221,-1.1325820128070276,-4.618070785199301,-4.890495840703146,0.1260291039943695,-0.010354370810091496,-0.011965050362050533,-0.0006711166352033615,0.0005033374764025211,0.001701759989373386,0.02353382296860218,0.0,0.0,0.0,0.0,0.0,0.0,0
1786037783,942440271,100.0,-1.406672779713766,-1.3340962568866175,-1.132594410573141,-4.6180588642703455,-4.890459958706991,0.12632909417152405,-0.011850002221763134,-0.019545473158359528,-0.0005752427969127893,0.00045540055725723505,0.001701759989373386,0.024390295147895813,0.0,0.0,0.0,0.0,0.0,0.0,0
1786037783,962259769,100.0,-1.4070327917682093,-1.3345039526568812,-1.1326540152179163,-4.6181188265429896,-4.890423957501547,0.12709683179855347,-0.016042882576584816,-0.0222171563655138,-0.00045540055725723505,9.58738019107841e-05,0.004458131734281778,0.03350469842553139,0.0,0.0,0.0,0.0,0.0,0.0,0
1786037783,982394695,100.0,-1.4073203245746058,-1.3348153273211878,-1.1326058546649378,-4.618046824132101,-4.890459958706991,0.12764810025691986,-0.021450165659189224,-0.02394288405776024,-0.0004074636672157794,9.58738019107841e-05,0.002588592702522874,0.03861796855926514,0.0,0.0,0.0,0.0,0.0,0.0,0
1786037784,2296209,100.0,-1.407800022755758,-1.3354623953448694,-1.1326058546649378,-4.618070785199301,-4.890435997639791,0.12865515053272247,-0.024121848866343498,-0.029887059703469276,-0.00035952674807049334,9.58738019107841e-05,0.001318264752626419,0.0466841496527195,0.0,0.0,0.0,0.0,0.0,0.0,0
1786037784,22409677,100.0,-1.4082678000079554,-1.3359540144549769,-1.1326420942889612,-4.618034545575277,-4.890447918568746,0.1294824331998825,-0.027100328356027603,-0.032763272523880005,-0.00033555831760168076,0.0011025487910956144,0.0009827064350247383,0.05275615677237511,0.0,0.0,0.0,0.0,0.0,0.0,0
1786037784,42407751,100.0,-1.4089987913714808,-1.3368409315692347,-1.132618252431051,-4.617986623440878,-4.890423957501547,0.13089732825756073,-0.03464239835739136,-0.04093172028660774,-0.00028762139845639467,0.0033076461404561996,0.0007190534961409867,0.06248415261507034,0.0,0.0,0.0,0.0,0.0,0.0,0
1786037784,62557458,100.0,-1.4095266501056116,-1.33757192293276,-1.1326540152179163,-4.617890659962789,-4.890483919774191,0.1319163590669632,-0.03762087970972061,-0.046070557087659836,-0.0002636529679875821,0.0041705104522407055,0.0005992112564854324,0.06645971536636353,0.0,0.0,0.0,0.0,0.0,0.0,0
1786037784,82348585,100.0,-1.4105694929706019,-1.338710133229391,-1.1325581709491175,-4.61784273782839,-4.890459958706991,0.13364246487617493,-0.04219725728034973,-0.051298875361680984,-0.00023968450841493905,0.0019893813878297806,0.0004793690168298781,0.07562525570392609,0.0,0.0,0.0,0.0,0.0,0.0,0
1786037784,102405786,100.0,-1.411276642476217,-1.3395608107196253,-1.1326058546649378,-4.617854777966635,-4.890423957501547,0.13486559689044952,-0.04434482753276825,-0.054366838186979294,-0.00021571606339421123,0.001318264752626419,0.00043143212678842247,0.07915341109037399,0.0,0.0,0.0,0.0,0.0,0.0,0
1786037784,122324466,100.0,-1.4123919645892542,-1.340855900441305,-1.132618252431051,-4.617914621029989,-4.890447918568746,0.13684412837028503,-0.04711877927184105,-0.05692347139120102,-0.00021571606339421123,0.0008868326549418271,0.00035952674807049334,0.0879993662238121,0.0,0.0,0.0,0.0,0.0,0.0,0
1786037784,142429113,100.0,-1.413159195576803,-1.3417418638812464,-1.1325820128070276,-4.61786669889559,-4.890435997639791,0.13831855356693268,-0.051720719784498215,-0.060451626777648926,-0.0001917476038215682,0.0007190534961409867,0.00033555831760168076,0.09275470674037933,0.0,0.0,0.0,0.0,0.0,0.0,0
1786037784,162353038,100.0,-1.4144652525531214,-1.3433597723590296,-1.132618252431051,-4.617830816899435,-4.890423957501547,0.1405727118253708,-0.05514661222696304,-0.06547541171312332,-0.0001917476038215682,0.0005752427969127893,0.00028762139845639467,0.09984936565160751,0.0,0.0,0.0,0.0,0.0,0.0,0
1786037784,182830333,100.0,-1.4153764883624476,-1.34442645708193,-1.1326058546649378,-4.61784273782839,-4.890459958706991,0.14221492409706116,-0.05740923061966896,-0.06989838927984238,-0.00016777915880084038,0.0005033374764025211,0.00028762139845639467,0.10716134309768677,0.0,0.0,0.0,0.0,0.0,0.0,0
1786037784,202323675,100.0,-1.4168389479266565,-1.3460677305804651,-1.1326058546649378,-4.61784273782839,-4.890423957501547,0.14490051567554474,-0.06409483402967453,-0.07388674467802048,-0.00016777915880084038,0.0004074636672157794,0.00023968450841493905,0.11485681682825089,0.0,0.0,0.0,0.0,0.0,0.0,0
1786037784,222389221,100.0,-1.4178579489337366,-1.3473265806781214,-1.1326058546649378,-4.617854777966635,-4.890399638806478,0.14669890701770782,-0.0658077746629715,-0.07524175941944122,-0.00014381069922819734,0.0003834952076431364,0.00023968450841493905,0.11678707599639893,0.0,0.0,0.0,0.0,0.0,0.0,0
1786037784,242400407,100.0,-1.4195125738727015,-1.3492677847491663,-1.1326540152179163,-4.61786669889559,-4.890387598668234,0.149648517370224,-0.06931036710739136,-0.07992040365934372,-0.00014381069922819734,0.00033555831760168076,0.00021571606339421123,0.1235877200961113,0.0,0.0,0.0,0.0,0.0,0.0,0
1786037784,262503623,100.0,-1.4205673376666468,-1.3505380789386194,-1.1326301733600062,-4.617854777966635,-4.890447918568746,0.15163864195346832,-0.0706653818488121,-0.08546829968690872,-0.00014381069922819734,0.00028762139845639467,0.0001917476038215682,0.1263105422258377,0.0,0.0,0.0,0.0,0.0,0.0,0
1786037784,282340526,100.0,-1.422258202229635,-1.3526352087603968,-1.132618252431051,-4.617806855832235,-4.890447918568746,0.15477964282035828,-0.0724550262093544,-0.08677218109369278,-0.00011984225420746952,0.0002636529679875821,0.0001917476038215682,0.1354377269744873,0.0,0.0,0.0,0.0,0.0,0.0,0
1786037784,302440643,100.0,-1.4234688917743128,-1.3540728727923792,-1.1326301733600062,-4.617830816899435,-4.890423957501547,0.1570338010787964,-0.07692913711071014,-0.08863852173089981,-0.00011984225420746952,0.00023968450841493905,0.00016777915880084038,0.14007800817489624,0.0,0.0,0.0,0.0,0.0,0.0,0
1786037784,322349786,100.0,-1.4252670446978968,-1.356314484273092,-1.132618252431051,-4.617806855832235,-4.890412036572592,0.16043882071971893,-0.08127541840076447,-0.0931382030248642,-0.00011984225420746952,0.00021571606339421123,0.00016777915880084038,0.1437595635652542,0.0,0.0,0.0,0.0,0.0,0.0,0
1786037784,342496871,100.0,-1.4265978972064417,-1.3578484694110315,-1.1326659361468714,-4.617830816899435,-4.890435997639791,0.16280046105384827,-0.08669548481702805,-0.09472331404685974,-0.00011984225420746952,0.00021571606339421123,0.00016777915880084038,0.14896231889724731,0.0,0.0,0.0,0.0,0.0,0.0,0
1786037784,362347841,100.0,-1.4286235014544886,-1.3601492086993616,-1.1328333059894007,-4.61781877676119,-4.890423957501547,0.16642118990421295,-0.09055600315332413,-0.09816198796033859,-0.006159891840070486,0.0001917476038215682,0.00014381069922819734,0.1538071483373642,0.0,0.0,0.0,0.0,0.0,0.0,0
1786037784,382417678,100.0,-1.4300501982318323,-1.3617547194110315,-1.1328094641314905,-4.617806855832235,-4.890435997639791,0.1689389944076538,-0.09225616604089737,-0.10277671366930008,-0.0024447820615023375,0.0001917476038215682,0.00014381069922819734,0.16104242205619812,0.0,0.0,0.0,0.0,0.0,0.0,0
1786037784,402345180,100.0,-1.4323042074786585,-1.3643196264850062,-1.1328695456134241,-4.617806855832235,-4.890399638806478,0.17277544736862183,-0.09288253635168076,-0.10924500226974487,-0.001270327833481133,0.00016777915880084038,0.00014381069922819734,0.16678206622600555,0.0,0.0,0.0,0.0,0.0,0.0,0
1786037784,422422409,100.0,-1.4338153044330042,-1.3660572210894983,-1.1328695456134241,-4.617830816899435,-4.890423957501547,0.17546066641807556,-0.0961422473192215,-0.11026765406131744,-0.0009587380336597562,0.00016777915880084038,0.00011984225420746952,0.17123061418533325,0.0,0.0,0.0,0.0,0.0,0.0,0
1786037784,442396640,100.0,-1.436176602040426,-1.3687179724322718,-1.1328213850604456,-4.61786669889559,-4.890412036572592,0.17957313358783722,-0.09687089174985886,-0.11651862412691116,-0.0006950850947760046,0.00016777915880084038,0.00011984225420746952,0.17532122135162354,0.0,0.0,0.0,0.0,0.0,0.0,0
1786037784,462437391,100.0,-1.437758747731344,-1.3706114927874964,-1.1328452269183558,-4.61784273782839,-4.890387598668234,0.1824864149093628,-0.09679418802261353,-0.11843610554933548,-0.0005992112564854324,0.00016777915880084038,0.00011984225420746952,0.1816616803407669,0.0,0.0,0.0,0.0,0.0,0.0,0
1786037784,482328414,100.0,-1.440181080495016,-1.3734996954547327,-1.1329053084002894,-4.617830816899435,-4.890412036572592,0.18692246079444885,-0.10110212117433548,-0.12124840170145035,-0.0004793690168298781,0.00016777915880084038,0.00011984225420746952,0.18444840610027313,0.0,0.0,0.0,0.0,0.0,0.0,0
1786037784,502410173,100.0,-1.4418233076678675,-1.3754051367389124,-1.1328933874713343,-4.6177948156939905,-4.890412036572592,0.18989528715610504,-0.10455357283353806,-0.12292299419641495,-0.00043143212678842247,0.00016777915880084038,9.58738019107841e-05,0.1872095763683319,0.0,0.0,0.0,0.0,0.0,0.0,0
1786037784,522385120,100.0,-1.4444244543658655,-1.3783887068377894,-1.132857624684469,-4.6177948156939905,-4.890435997639791,0.19441483914852142,-0.10676506161689758,-0.12714144587516785,-0.00035952674807049334,0.00016777915880084038,9.58738019107841e-05,0.1939590871334076,0.0,0.0,0.0,0.0,0.0,0.0,0
1786037784,542822599,100.0,-1.4461634794818323,-1.3804743925677698,-1.1329053084002894,-4.6177948156939905,-4.890412036572592,0.19749628007411957,-0.10455357283353806,-0.12999209761619568,-0.00033555831760168076,0.00016777915880084038,9.58738019107841e-05,0.19716766476631165,0.0,0.0,0.0,0.0,0.0,0.0,0
1786037784,562365770,100.0,-1.4487765471087855,-1.3836615721331995,-1.1328814665423792,-4.617806855832235,-4.890412036572592,0.20229147374629974,-0.10895098745822906,-0.131743386387825,-0.00028762139845639467,0.00016777915880084038,9.58738019107841e-05,0.20276670157909393,0.0,0.0,0.0,0.0,0.0,0.0,0
1786037784,582628011,100.0,-1.4505870977984827,-1.385878864918844,-1.1329053084002894,-4.617830816899435,-4.890459958706991,0.2054803967475891,-0.10979467630386353,-0.1322547197341919,-0.0002636529679875821,0.00016777915880084038,9.58738019107841e-05,0.20826345682144165,0.0,0.0,0.0,0.0,0.0,0.0,0
1786037784,602355241,100.0,-1.4532244841205042,-1.389031235371725,-1.1328814665423792,-4.61781877676119,-4.890435997639791,0.21053962409496307,-0.11380859464406967,-0.13336685299873352,-0.00023968450841493905,0.00016777915880084038,9.58738019107841e-05,0.20868530869483948,0.0,0.0,0.0,0.0,0.0,0.0,0
1786037784,622578620,100.0,-1.4550345579730433,-1.3911398092852991,-1.1328933874713343,-4.61781877676119,-4.890387598668234,0.21392029523849487,-0.11704273521900177,-0.1352587640285492,-0.00023968450841493905,0.00016777915880084038,9.58738019107841e-05,0.21157430112361908,0.0,0.0,0.0,0.0,0.0,0.0,0
1786037784,642453193,100.0,-1.4578402678119105,-1.3944357077227991,-1.1328695456134241,-4.617746893559591,-4.890435997639791,0.21915927529335022,-0.1201234832406044,-0.14350390434265137,-0.00021571606339421123,0.00016777915880084038,7.190534961409867e-05,0.21906524896621704,0.0,0.0,0.0,0.0,0.0,0.0,0
1786037784,662426948,100.0,-1.4596264998065394,-1.3966530005084437,-1.1328452269183558,-4.6177948156939905,-4.890423957501547,0.22263582050800323,-0.12147849798202515,-0.14406636357307434,-0.0001917476038215682,0.00016777915880084038,7.190534961409867e-05,0.21966604888439178,0.0,0.0,0.0,0.0,0.0,0.0,0
1786037784,682356119,100.0,-1.4626715818988245,-1.4002364317523401,-1.1328452269183558,-4.617806855832235,-4.890447918568746,0.22797104716300964,-0.12702639400959015,-0.14956313371658325,-0.0001917476038215682,0.00016777915880084038,7.190534961409867e-05,0.22544404864311218,0.0,0.0,0.0,0.0,0.0,0.0,0
1786037784,702442646,100.0,-1.4647100607501429,-1.4026454130755823,-1.1328933874713343,-4.61784273782839,-4.890399638806478,0.23149515688419342,-0.12788286805152893,-0.1490134596824646,-0.00016777915880084038,0.00016777915880084038,7.190534961409867e-05,0.22870375216007233,0.0,0.0,0.0,0.0,0.0,0.0,0
1786037784,722439765,100.0,-1.467886749898092,-1.4063599745379847,-1.1328933874713343,-4.6177828947650355,-4.890447918568746,0.23692625761032104,-0.12963415682315826,-0.15199193358421326,-0.00016777915880084038,0.00016777915880084038,7.190534961409867e-05,0.23251314461231232,0.0,0.0,0.0,0.0,0.0,0.0,0
1786037784,742652654,100.0,-1.4700091520892542,-1.4087570349322718,-1.1328814665423792,-4.617770854626791,-4.890399638806478,0.24066609144210815,-0.12825357913970947,-0.15250326693058014,-0.00014381069922819734,0.00016777915880084038,7.190534961409867e-05,0.2367188036441803,0.0,0.0,0.0,0.0,0.0,0.0,0
1786037784,762440443,100.0,-1.4731619993792933,-1.412544075642721,-1.1328695456134241,-4.6177948156939905,-4.890399638806478,0.24633687734603882,-0.12926344573497772,-0.15222203731536865,-0.00014381069922819734,0.00016777915880084038,7.190534961409867e-05,0.24132074415683746,0.0,0.0,0.0,0.0,0.0,0.0,0
1786037784,782769441,100.0,-1.475236717854635,-1.4150965849505823,-1.1328452269183558,-4.617806855832235,-4.890412036572592,0.25028079748153687,-0.1288543939590454,-0.1572202444076538,-0.00014381069922819734,0.00016777915880084038,7.190534961409867e-05,0.24015748500823975,0.0,0.0,0.0,0.0,0.0,0.0,0
1786037784,802413940,100.0,-1.4784253279315394,-1.4188602606402796,-1.1328814665423792,-4.617806855832235,-4.890423957501547,0.25601112842559814,-0.13242089748382568,-0.15626151859760284,-0.00014381069922819734,0.00016777915880084038,7.190534961409867e-05,0.2395566701889038,0.0,0.0,0.0,0.0,0.0,0.0,0
1786037784,822592020,100.0,-1.4805596510516565,-1.4214847723590296,-1.1328814665423792,-4.6177948156939905,-4.890399638806478,0.25982287526130676,-0.1344022899866104,-0.15794889628887177,-0.00011984225420746952,0.00014381069922819734,7.190534961409867e-05,0.24606330692768097,0.0,0.0,0.0,0.0,0.0,0.0,0
1786037784,842413425,100.0,-1.4837964216815394,-1.425187889729635,-1.1328333059894007,-4.617758814488546,-4.890435997639791,0.2656610608100891,-0.13507980108261108,-0.1604032665491104,-0.00011984225420746952,0.00014381069922819734,7.190534961409867e-05,0.2504223585128784,0.0,0.0,0.0,0.0,0.0,0.0,0
1786037784,862557888,100.0,-1.4859193007098597,-1.4277766386615198,-1.1329053084002894,-4.617758814488546,-4.890399638806478,0.2696888744831085,-0.1364220231771469,-0.16294711828231812,-0.00011984225420746952,0.00014381069922819734,4.793690095539205e-05,0.2540527880191803,0.0,0.0,0.0,0.0,0.0,0.0,0
1786037784,882339239,100.0,-1.4891918341266077,-1.4316352049456995,-1.1328933874713343,-4.617746893559591,-4.890435997639791,0.27575477957725525,-0.14104953408241272,-0.1672678291797638,-0.00011984225420746952,0.00011984225420746952,4.793690095539205e-05,0.2520202696323395,0.0,0.0,0.0,0.0,0.0,0.0,0
1786037784,902453899,100.0,-1.4913619200335901,-1.434319798146383,-1.1328933874713343,-4.617830816899435,-4.890399638806478,0.279866486787796,-0.14543417096138,-0.16497963666915894,-9.58738019107841e-05,0.00011984225420746952,4.793690095539205e-05,0.25811782479286194,0.0,0.0,0.0,0.0,0.0,0.0,0
1786037784,922345399,100.0,-1.4948504606830042,-1.4382990042315882,-1.1328695456134241,-4.6177948156939905,-4.890387598668234,0.28611212968826294,-0.14451377093791962,-0.16960714757442474,-7.190534961409867e-05,0.00011984225420746952,4.793690095539205e-05,0.2576448619365692,0.0,0.0,0.0,0.0,0.0,0.0,0
1786037784,942403793,100.0,-1.497176472340719,-1.4410670439349573,-1.1329053084002894,-4.617770854626791,-4.890423957501547,0.2901635468006134,-0.1459454894065857,-0.16953045129776,-7.190534961409867e-05,0.00011984225420746952,4.793690095539205e-05,0.2616332173347473,0.0,0.0,0.0,0.0,0.0,0.0,0
1786037784,962324142,100.0,-1.5007136503802698,-1.4452021757708948,-1.1328695456134241,-4.617806855832235,-4.890412036572592,0.296469122171402,-0.14673805236816406,-0.17303304374217987,-7.190534961409867e-05,0.00011984225420746952,4.793690095539205e-05,0.26553207635879517,0.0,0.0,0.0,0.0,0.0,0.0,0
1786037784,982411861,100.0,-1.5031479040728968,-1.448054615651266,-1.132857624684469,-4.6177948156939905,-4.890423957501547,0.3006647229194641,-0.14847655594348907,-0.17144791781902313,-7.190534961409867e-05,9.58738019107841e-05,4.793690095539205e-05,0.2657877504825592,0.0,0.0,0.0,0.0,0.0,0.0,0
1786037785,2317667,100.0,-1.5067804495440882,-1.4521892706500452,-1.1328333059894007,-4.61781877676119,-4.890375677739279,0.3070777952671051,-0.14879614114761353,-0.17144791781902313,-7.190534961409867e-05,9.58738019107841e-05,4.793690095539205e-05,0.26622235774993896,0.0,0.0,0.0,0.0,0.0,0.0,0
1786037785,22394657,100.0,-1.5091546217547815,-1.4549458662616175,-1.1328695456134241,-4.617746893559591,-4.890459958706991,0.3114292025566101,-0.14563868939876556,-0.17318643629550934,-7.190534961409867e-05,9.58738019107841e-05,4.793690095539205e-05,0.26881736516952515,0.0,0.0,0.0,0.0,0.0,0.0,0
1786037785,42375087,100.0,-1.5126193205462855,-1.459080998097555,-1.1328452269183558,-4.6177948156939905,-4.890435997639791,0.3179500997066498,-0.14616280794143677,-0.1759987324476242,-7.190534961409867e-05,9.58738019107841e-05,4.793690095539205e-05,0.2693670392036438,0.0,0.0,0.0,0.0,0.0,0.0,0
1786037785,62456369,100.0,-1.5149214903460901,-1.4618132750140589,-1.1329053084002894,-4.6177948156939905,-4.890375677739279,0.3222898840904236,-0.14864274859428406,-0.17606264352798462,-7.190534961409867e-05,9.58738019107841e-05,4.793690095539205e-05,0.27032577991485596,0.0,0.0,0.0,0.0,0.0,0.0,0
1786037785,82308292,100.0,-1.518458668385641,-1.4660561720477503,-1.1328094641314905,-4.6177828947650355,-4.890423957501547,0.3287625014781952,-0.15227316319942474,-0.1776733249425888,-7.190534961409867e-05,9.58738019107841e-05,4.793690095539205e-05,0.27194923162460327,0.0,0.0,0.0,0.0,0.0,0.0,0
1786037785,102437734,100.0,-1.5208686033831995,-1.4689810911761683,-1.132857624684469,-4.6177948156939905,-4.890423957501547,0.33319780230522156,-0.151378333568573,-0.18070293962955475,-7.190534961409867e-05,7.190534961409867e-05,4.793690095539205e-05,0.27430135011672974,0.0,0.0,0.0,0.0,0.0,0.0,0
1786037785,122335910,100.0,-1.5245016256915491,-1.4733670393573206,-1.1328213850604456,-4.617746893559591,-4.890363637601034,0.33986252546310425,-0.15491928160190582,-0.18134209513664246,-7.190534961409867e-05,7.190534961409867e-05,4.793690095539205e-05,0.2735726833343506,0.0,0.0,0.0,0.0,0.0,0.0,0
1786037785,142521619,100.0,-1.5269954840289515,-1.476351563130514,-1.1328452269183558,-4.6177348534213465,-4.890412036572592,0.3443577289581299,-0.155315563082695,-0.1809585988521576,-7.190534961409867e-05,7.190534961409867e-05,4.793690095539205e-05,0.2748638093471527,0.0,0.0,0.0,0.0,0.0,0.0,0
1786037785,162543773,100.0,-1.5307963530169886,-1.4807737509356897,-1.1328695456134241,-4.617746893559591,-4.890399638806478,0.35110634565353394,-0.15849857032299042,-0.1807924211025238,0.00028762139845639467,7.190534961409867e-05,4.793690095539205e-05,0.27303579449653625,0.0,0.0,0.0,0.0,0.0,0.0,0
1786037785,182433843,100.0,-1.5333617369281214,-1.483626667653219,-1.1328452269183558,-4.617770854626791,-4.890375677739279,0.3554334044456482,-0.1541522890329361,-0.17960359156131744,0.00028762139845639467,7.190534961409867e-05,4.793690095539205e-05,0.27651283144950867,0.0,0.0,0.0,0.0,0.0,0.0,0
1786037785,202299118,100.0,-1.537079159413473,-1.4879172484027308,-1.1328094641314905,-4.6177828947650355,-4.890399638806478,0.36213406920433044,-0.154497429728508,-0.18054954707622528,0.0011265171924605966,7.190534961409867e-05,4.793690095539205e-05,0.27800846099853516,0.0,0.0,0.0,0.0,0.0,0.0,0
1786037785,222552299,100.0,-1.5395968596087855,-1.4908297697650355,-1.132749382649557,-4.6177828947650355,-4.890387598668234,0.36664050817489624,-0.1534619927406311,-0.18039613962173462,0.0060640182346105576,7.190534961409867e-05,4.793690095539205e-05,0.27933791279792786,0.0,0.0,0.0,0.0,0.0,0.0,0
1786037785,242430210,100.0,-1.5432894865619105,-1.4951804319964808,-1.132749382649557,-4.617746893559591,-4.890387598668234,0.3734610378742218,-0.15590357780456543,-0.18510034680366516,0.0019174760673195124,7.190534961409867e-05,4.793690095539205e-05,0.2807951867580414,0.0,0.0,0.0,0.0,0.0,0.0,0
1786037785,262439250,100.0,-1.5457003752337855,-1.4980929533587855,-1.1327136198626917,-4.617758814488546,-4.890435997639791,0.37801578640937805,-0.1538071483373642,-0.18585455417633057,0.001294296351261437,7.190534961409867e-05,4.793690095539205e-05,0.2791973054409027,0.0,0.0,0.0,0.0,0.0,0.0,0
1786037785,282326936,100.0,-1.5493691603290003,-1.5024555365191858,-1.1327136198626917,-4.617758814488546,-4.890399638806478,0.38478800654411316,-0.15614646673202515,-0.18704339861869812,0.0008628642535768449,7.190534961409867e-05,4.793690095539205e-05,0.27961912751197815,0.0,0.0,0.0,0.0,0.0,0.0,0
1786037785,302560567,100.0,-1.5517314116107386,-1.5054639021502894,-1.132761303578512,-4.617770854626791,-4.890412036572592,0.3893071711063385,-0.15961070358753204,-0.18832170963287354,0.0008149273344315588,7.190534961409867e-05,4.793690095539205e-05,0.27876266837120056,0.0,0.0,0.0,0.0,0.0,0.0,0
1786037785,322392225,100.0,-1.5555198828326624,-1.5099824110614222,-1.1327016989337366,-4.617722932492391,-4.890387598668234,0.3960910141468048,-0.16186054050922394,-0.1866215467453003,0.0008149273344315588,7.190534961409867e-05,2.3968450477696024e-05,0.27961912751197815,0.0,0.0,0.0,0.0,0.0,0.0,0
1786037785,342495918,100.0,-1.5580256620990198,-1.5128825346576136,-1.1327737013446253,-4.617746893559591,-4.890399638806478,0.40062180161476135,-0.15904824435710907,-0.18559889495372772,0.0008149273344315588,7.190534961409867e-05,2.3968450477696024e-05,0.27858370542526245,0.0,0.0,0.0,0.0,0.0,0.0,0
1786037785,362365722,100.0,-1.561934773121969,-1.5172932783709925,-1.1327255407916468,-4.617722932492391,-4.890412036572592,0.4074898660182953,-0.1585496962070465,-0.18518982827663422,0.0008149273344315588,7.190534961409867e-05,2.3968450477696024e-05,0.28048840165138245,0.0,0.0,0.0,0.0,0.0,0.0,0
1786037785,382510185,100.0,-1.5645249525653284,-1.5202296415912073,-1.132749382649557,-4.617675010357992,-4.890399638806478,0.4120805859565735,-0.1585496962070465,-0.18423110246658325,0.0006950850947760046,7.190534961409867e-05,2.3968450477696024e-05,0.27979809045791626,0.0,0.0,0.0,0.0,0.0,0.0,0
1786037785,402292966,100.0,-1.5684455076800745,-1.5245564619647425,-1.132761303578512,-4.617758814488546,-4.890375677739279,0.41880446672439575,-0.15716911852359772,-0.1861102283000946,0.0005512743955478072,7.190534961409867e-05,2.3968450477696024e-05,0.2820223867893219,0.0,0.0,0.0,0.0,0.0,0.0,0
1786037785,422506332,100.0,-1.57092792192568,-1.5274813810931605,-1.1327255407916468,-4.6177348534213465,-4.890387598668234,0.42326298356056213,-0.15284840762615204,-0.18655763566493988,0.0004793690168298781,7.190534961409867e-05,2.3968450477696024e-05,0.2805778682231903,0.0,0.0,0.0,0.0,0.0,0.0,0
1786037785,442504644,100.0,-1.5746095816241663,-1.531976048146383,-1.1327255407916468,-4.617710892354147,-4.890435997639791,0.43005916476249695,-0.1543823927640915,-0.18752916157245636,0.0004074636672157794,7.190534961409867e-05,2.3968450477696024e-05,0.2811531126499176,0.0,0.0,0.0,0.0,0.0,0.0,0
1786037785,462559700,100.0,-1.57703143755068,-1.5349844137774866,-1.132749382649557,-4.617686931286947,-4.890387598668234,0.4345775842666626,-0.15537947416305542,-0.18695391714572906,0.00035952674807049334,7.190534961409867e-05,2.3968450477696024e-05,0.2814343571662903,0.0,0.0,0.0,0.0,0.0,0.0,0
1786037785,482333898,100.0,-1.5807483831988733,-1.5395267645465296,-1.1327374617206019,-4.617746893559591,-4.890363637601034,0.4414932429790497,-0.15697737038135529,-0.1837964653968811,0.0003115898580290377,7.190534961409867e-05,2.3968450477696024e-05,0.2794913053512573,0.0,0.0,0.0,0.0,0.0,0.0,0
1786037785,502435684,100.0,-1.583123032246725,-1.5424755255328577,-1.132749382649557,-4.617758814488546,-4.890435997639791,0.44601204991340637,-0.15728417038917542,-0.18476799130439758,0.00028762139845639467,7.190534961409867e-05,2.3968450477696024e-05,0.2776249647140503,0.0,0.0,0.0,0.0,0.0,0.0,0
1786037785,522354125,100.0,-1.5868757406817835,-1.5468624273883265,-1.1327016989337366,-4.6177348534213465,-4.890412036572592,0.4526277184486389,-0.1585496962070465,-0.18157219886779785,0.0002636529679875821,7.190534961409867e-05,2.3968450477696024e-05,0.2789672017097473,0.0,0.0,0.0,0.0,0.0,0.0,0
1786037785,542754888,100.0,-1.5893939177142542,-1.5498231093036097,-1.1327016989337366,-4.617698971425192,-4.890435997639791,0.4572184085845947,-0.15770600736141205,-0.18279938399791718,0.00023968450841493905,7.190534961409867e-05,2.3968450477696024e-05,0.2787882387638092,0.0,0.0,0.0,0.0,0.0,0.0,0
1786037785,562579154,100.0,-1.5932071844684046,-1.5540898481952112,-1.132749382649557,-4.617698971425192,-4.890375677739279,0.4638344645500183,-0.1570412814617157,-0.18214744329452515,0.00021571606339421123,7.190534961409867e-05,2.3968450477696024e-05,0.2762955129146576,0.0,0.0,0.0,0.0,0.0,0.0,0
1786037785,582552909,100.0,-1.5957854429828089,-1.5569785276996058,-1.132749382649557,-4.617710892354147,-4.890412036572592,0.468232661485672,-0.154497429728508,-0.18366864323616028,0.00021571606339421123,7.190534961409867e-05,2.3968450477696024e-05,0.28030943870544434,0.0,0.0,0.0,0.0,0.0,0.0,0
1786037785,602441072,100.0,-1.5995267073260706,-1.561293903981344,-1.1326897780047815,-4.617722932492391,-4.890423957501547,0.47498053312301636,-0.1535770446062088,-0.18301670253276825,0.0001917476038215682,7.190534961409867e-05,2.3968450477696024e-05,0.27679404616355896,0.0,0.0,0.0,0.0,0.0,0.0,0
1786037785,622675418,100.0,-1.6019247213946741,-1.5641821066485804,-1.132761303578512,-4.617698971425192,-4.890339676533834,0.4793188273906708,-0.15232428908348083,-0.18071572482585907,0.0001917476038215682,7.190534961409867e-05,2.3968450477696024e-05,0.2770369350910187,0.0,0.0,0.0,0.0,0.0,0.0,0
1786037785,642637252,100.0,-1.6055339018451136,-1.568557087575094,-1.1326540152179163,-4.617698971425192,-4.890387598668234,0.4858386218547821,-0.15049630403518677,-0.1816616803407669,0.00016777915880084038,7.190534961409867e-05,2.3968450477696024e-05,0.2766534388065338,0.0,0.0,0.0,0.0,0.0,0.0,0
1786037785,662386178,100.0,-1.6079323927508753,-1.571482006703512,-1.132749382649557,-4.617710892354147,-4.890387598668234,0.4901772737503052,-0.14956313371658325,-0.1797569841146469,0.00016777915880084038,7.190534961409867e-05,2.3968450477696024e-05,0.27492770552635193,0.0,0.0,0.0,0.0,0.0,0.0,0
1786037785,682415723,100.0,-1.611457649861471,-1.5757492224322718,-1.1326897780047815,-4.617698971425192,-4.890423957501547,0.4966731071472168,-0.15176182985305786,-0.17583255469799042,0.00014381069922819734,7.190534961409867e-05,2.3968450477696024e-05,0.27517059445381165,0.0,0.0,0.0,0.0,0.0,0.0,0
1786037785,702638387,100.0,-1.6138799826251429,-1.578505818043844,-1.1326897780047815,-4.617722932492391,-4.890423957501547,0.5011076331138611,-0.1532319039106369,-0.1740812510251999,0.00014381069922819734,7.190534961409867e-05,2.3968450477696024e-05,0.2732275426387787,0.0,0.0,0.0,0.0,0.0,0.0,0
1786037785,722432613,100.0,-1.617453400288717,-1.5827487150775355,-1.1327016989337366,-4.617662970219747,-4.890375677739279,0.5075791478157043,-0.15232428908348083,-0.17434971034526825,0.00014381069922819734,7.190534961409867e-05,2.3968450477696024e-05,0.27095213532447815,0.0,0.0,0.0,0.0,0.0,0.0,0
1786037785,742572307,100.0,-1.6198518911944788,-1.5854938665973108,-1.132761303578512,-4.617698971425192,-4.890387598668234,0.5118335485458374,-0.14810584485530853,-0.17442640662193298,0.00011984225420746952,7.190534961409867e-05,2.3968450477696024e-05,0.26870229840278625,0.0,0.0,0.0,0.0,0.0,0.0,0
1786037785,762447357,100.0,-1.6234014670001429,-1.5896528402911585,-1.1327255407916468,-4.6177348534213465,-4.890412036572592,0.5181731581687927,-0.1469937115907669,-0.1750144213438034,0.00011984225420746952,7.190534961409867e-05,2.3968450477696024e-05,0.26627349853515625,0.0,0.0,0.0,0.0,0.0,0.0,0
1786037785,782663583,100.0,-1.6258352438556116,-1.5923855940448206,-1.132749382649557,-4.617746893559591,-4.890363637601034,0.5224279761314392,-0.14522963762283325,-0.17465649545192719,0.00011984225420746952,7.190534961409867e-05,2.3968450477696024e-05,0.265135794878006,0.0,0.0,0.0,0.0,0.0,0.0,0
1786037785,802417516,100.0,-1.6294449011432093,-1.5966771284686487,-1.1327255407916468,-4.617698971425192,-4.890412036572592,0.528731644153595,-0.14667412638664246,-0.17165245115756989,0.00011984225420746952,7.190534961409867e-05,2.3968450477696024e-05,0.2634228467941284,0.0,0.0,0.0,0.0,0.0,0.0,0
1786037785,822458505,100.0,-1.6317475477801722,-1.5993621985064905,-1.1327374617206019,-4.617722932492391,-4.890363637601034,0.5329501032829285,-0.14143303036689758,-0.1713712215423584,0.00011984225420746952,7.190534961409867e-05,2.3968450477696024e-05,0.2622084617614746,0.0,0.0,0.0,0.0,0.0,0.0,0
1786037785,842560529,100.0,-1.6351292769061487,-1.603485409413473,-1.1327016989337366,-4.617710892354147,-4.890412036572592,0.5390501022338867,-0.13833950459957123,-0.16712720692157745,9.58738019107841e-05,7.190534961409867e-05,2.3968450477696024e-05,0.25727415084838867,0.0,0.0,0.0,0.0,0.0,0.0,0
1786037785,862522602,100.0,-1.6373232046710413,-1.6062305609332483,-1.132749382649557,-4.617686931286947,-4.890412036572592,0.5431486964225769,-0.13628141582012177,-0.1633433848619461,9.58738019107841e-05,7.190534961409867e-05,2.3968450477696024e-05,0.25563791394233704,0.0,0.0,0.0,0.0,0.0,0.0,0
1786037785,882317781,100.0,-1.6405490080462855,-1.6100900808917444,-1.1327255407916468,-4.617722932492391,-4.890375677739279,0.5490928292274475,-0.13807106018066406,-0.1601603776216507,9.58738019107841e-05,7.190534961409867e-05,2.3968450477696024e-05,0.25281283259391785,0.0,0.0,0.0,0.0,0.0,0.0,0
1786037785,902580261,100.0,-1.6427558104144495,-1.6125953833209437,-1.1327016989337366,-4.617710892354147,-4.890423957501547,0.5530596375465393,-0.1366521269083023,-0.15998141467571259,9.58738019107841e-05,7.190534961409867e-05,2.3968450477696024e-05,0.24987269937992096,0.0,0.0,0.0,0.0,0.0,0.0,0
1786037785,922405958,100.0,-1.6459577719317835,-1.6164549032794397,-1.1327016989337366,-4.617758814488546,-4.890351716672079,0.5591116547584534,-0.13546328246593475,-0.15961070358753204,9.58738019107841e-05,7.190534961409867e-05,2.3968450477696024e-05,0.2482748031616211,0.0,0.0,0.0,0.0,0.0,0.0,0
1786037785,942591190,100.0,-1.6480677763568323,-1.6189125219928187,-1.1327136198626917,-4.617722932492391,-4.890351716672079,0.5630900859832764,-0.13718901574611664,-0.16035212576389313,9.58738019107841e-05,7.190534961409867e-05,2.3968450477696024e-05,0.24511735141277313,0.0,0.0,0.0,0.0,0.0,0.0,0
1786037785,962435483,100.0,-1.6513298193561,-1.6226642767535608,-1.1326540152179163,-4.617722932492391,-4.890339676533834,0.5688904523849487,-0.13564226031303406,-0.15697737038135529,9.58738019107841e-05,7.190534961409867e-05,2.3968450477696024e-05,0.23959502577781677,0.0,0.0,0.0,0.0,0.0,0.0,0
1786037785,982589960,100.0,-1.6534646193133753,-1.6252411047564905,-1.1327374617206019,-4.617710892354147,-4.890399638806478,0.5726650953292847,-0.13511814177036285,-0.15638934075832367,7.190534961409867e-05,7.190534961409867e-05,2.3968450477696024e-05,0.2365526258945465,0.0,0.0,0.0,0.0,0.0,0.0,0
1786037786,2339363,100.0,-1.6567142645465296,-1.6289213339435022,-1.1327255407916468,-4.617722932492391,-4.890363637601034,0.578321635723114,-0.1286115050315857,-0.1543823927640915,7.190534961409867e-05,7.190534961409867e-05,2.3968450477696024e-05,0.2352103888988495,0.0,0.0,0.0,0.0,0.0,0.0,0
1786037786,22439718,100.0,-1.6588123480426233,-1.6314142386065882,-1.1326773802386683,-4.617722932492391,-4.890351716672079,0.5819524526596069,-0.12781895697116852,-0.15238821506500244,7.190534961409867e-05,4.793690095539205e-05,2.3968450477696024e-05,0.2315799742937088,0.0,0.0,0.0,0.0,0.0,0.0,0
1786037786,42391061,100.0,-1.6619065443622034,-1.635010067616598,-1.132749382649557,-4.6177348534213465,-4.890387598668234,0.5875131487846375,-0.12407348304986954,-0.14657187461853027,7.190534961409867e-05,4.793690095539205e-05,2.3968450477696024e-05,0.225738063454628,0.0,0.0,0.0,0.0,0.0,0.0,0
1786037786,62490940,100.0,-1.663933579121725,-1.6373956839190882,-1.132749382649557,-4.617758814488546,-4.890412036572592,0.591156005859375,-0.12154241651296616,-0.14498674869537354,7.190534961409867e-05,4.793690095539205e-05,2.3968450477696024e-05,0.2258019745349884,0.0,0.0,0.0,0.0,0.0,0.0,0
1786037786,82504510,100.0,-1.663933579121725,-1.6373956839190882,-1.132749382649557,-4.617758814488546,-4.890412036572592,0.591156005859375,-0.12154241651296616,-0.14498674869537354,7.190534961409867e-05,4.793690095539205e-05,2.3968450477696024e-05,0.2258019745349884,0.0,0.0,0.0,0.0,0.0,0.0,0
1786037786,102507591,100.0,-1.668718163167135,-1.6430657545672815,-1.1327136198626917,-4.617710892354147,-4.890375677739279,0.5999760031700134,-0.11566215753555298,-0.14136911928653717,7.190534961409867e-05,4.793690095539205e-05,2.3968450477696024e-05,0.21636798977851868,0.0,0.0,0.0,0.0,0.0,0.0,0
1786037786,122457742,100.0,-1.6714285055743616,-1.6463983694659632,-1.1327374617206019,-4.617722932492391,-4.890387598668234,0.605128824710846,-0.11534257233142853,-0.137981578707695,7.190534961409867e-05,4.793690095539205e-05,2.3968450477696024e-05,0.21212397515773773,0.0,0.0,0.0,0.0,0.0,0.0,0
1786037786,142552375,100.0,-1.6733115355121058,-1.6485675016986292,-1.1327136198626917,-4.6177348534213465,-4.890375677739279,0.6084960699081421,-0.11323335021734238,-0.13579565286636353,7.190534961409867e-05,4.793690095539205e-05,2.3968450477696024e-05,0.20969517529010773,0.0,0.0,0.0,0.0,0.0,0.0,0
1786037786,162337064,100.0,-1.6759017149554651,-1.6517322699176233,-1.1327136198626917,-4.617746893559591,-4.890399638806478,0.6134335398674011,-0.11339953541755676,-0.1332390159368515,7.190534961409867e-05,4.793690095539205e-05,2.3968450477696024e-05,0.2048759162425995,0.0,0.0,0.0,0.0,0.0,0.0,0
1786037786,182462215,100.0,-1.677687946950094,-1.6538422743426722,-1.132761303578512,-4.617698971425192,-4.890351716672079,0.6166929006576538,-0.11456280201673508,-0.13238254189491272,7.190534961409867e-05,4.793690095539205e-05,2.3968450477696024e-05,0.20040181279182434,0.0,0.0,0.0,0.0,0.0,0.0,0
1786037786,202377319,100.0,-1.6803987661944788,-1.656994644795553,-1.1327374617206019,-4.617746893559591,-4.890363637601034,0.6215097904205322,-0.11011425405740738,-0.12905891239643097,4.793690095539205e-05,4.793690095539205e-05,2.3968450477696024e-05,0.1973721981048584,0.0,0.0,0.0,0.0,0.0,0.0,0
1786037786,222505331,100.0,-1.6821616331683558,-1.6590684095965784,-1.1327016989337366,-4.617722932492391,-4.890375677739279,0.6246496438980103,-0.10806895047426224,-0.12643836438655853,4.793690095539205e-05,4.793690095539205e-05,2.3968450477696024e-05,0.1929236501455307,0.0,0.0,0.0,0.0,0.0,0.0,0
1786037786,242397546,100.0,-1.6847880522357386,-1.6621487776385706,-1.1327136198626917,-4.6177828947650355,-4.890351716672079,0.62925124168396,-0.10555066168308258,-0.12284629791975021,4.793690095539205e-05,4.793690095539205e-05,2.3968450477696024e-05,0.1826459765434265,0.0,0.0,0.0,0.0,0.0,0.0,0
1786037786,262399911,100.0,-1.6864307562457483,-1.6640914122210901,-1.1326773802386683,-4.617722932492391,-4.890351716672079,0.632103443145752,-0.10236765444278717,-0.1179886907339096,4.793690095539205e-05,4.793690095539205e-05,2.3968450477696024e-05,0.18365585803985596,0.0,0.0,0.0,0.0,0.0,0.0,0
1786037786,282301664,100.0,-1.6889374891864222,-1.6669076124774378,-1.1327374617206019,-4.617746893559591,-4.890351716672079,0.6364769339561462,-0.09924855828285217,-0.11563658714294434,4.793690095539205e-05,4.793690095539205e-05,2.3968450477696024e-05,0.17748157680034637,0.0,0.0,0.0,0.0,0.0,0.0,0
1786037786,302544116,100.0,-1.690472427998678,-1.668837849293844,-1.1327255407916468,-4.617758814488546,-4.890351716672079,0.6392329335212708,-0.09605276584625244,-0.1124407947063446,4.793690095539205e-05,4.793690095539205e-05,2.3968450477696024e-05,0.17399176955223083,0.0,0.0,0.0,0.0,0.0,0.0,0
1786037786,322406768,100.0,-1.6928232351886194,-1.6715472380267542,-1.1327374617206019,-4.617746893559591,-4.890339676533834,0.6433311700820923,-0.09284418821334839,-0.10511603206396103,4.793690095539205e-05,4.793690095539205e-05,2.3968450477696024e-05,0.17028465867042542,0.0,0.0,0.0,0.0,0.0,0.0,0
1786037786,342543363,100.0,-1.6943100134478968,-1.6731532255755823,-1.1327374617206019,-4.617710892354147,-4.890399638806478,0.645991325378418,-0.0888686254620552,-0.10401668399572372,4.793690095539205e-05,4.793690095539205e-05,2.3968450477696024e-05,0.1652480810880661,0.0,0.0,0.0,0.0,0.0,0.0,0
1786037786,362366199,100.0,-1.6964929739581507,-1.6757186094867151,-1.1327136198626917,-4.617758814488546,-4.890387598668234,0.6500292420387268,-0.08554499596357346,-0.10280228406190872,4.793690095539205e-05,4.793690095539205e-05,2.3968450477696024e-05,0.1579105406999588,0.0,0.0,0.0,0.0,0.0,0.0,0
1786037786,382576465,100.0,-1.6978352705584925,-1.6773012320147913,-1.132749382649557,-4.617770854626791,-4.890363637601034,0.6524860262870789,-0.08315454423427582,-0.10105098783969879,4.793690095539205e-05,4.793690095539205e-05,2.3968450477696024e-05,0.15537947416305542,0.0,0.0,0.0,0.0,0.0,0.0,0
1786037786,402430057,100.0,-1.699742619191305,-1.6796625296222132,-1.132749382649557,-4.617686931286947,-4.890412036572592,0.6561647653579712,-0.07870599627494812,-0.0982259064912796,4.793690095539205e-05,4.793690095539205e-05,2.3968450477696024e-05,0.15104597806930542,0.0,0.0,0.0,0.0,0.0,0.0,0
1786037786,422513484,100.0,-1.7010019461261194,-1.6811965147601526,-1.1327136198626917,-4.6177828947650355,-4.890363637601034,0.6585133075714111,-0.07815632224082947,-0.09515794366598129,4.793690095539205e-05,4.793690095539205e-05,2.3968450477696024e-05,0.142315074801445,0.0,0.0,0.0,0.0,0.0,0.0,0
1786037786,442568302,100.0,-1.7028725782977503,-1.6834023634540003,-1.1327136198626917,-4.617710892354147,-4.890351716672079,0.661904513835907,-0.07731263339519501,-0.08963561058044434,4.793690095539205e-05,4.793690095539205e-05,2.3968450477696024e-05,0.13660098612308502,0.0,0.0,0.0,0.0,0.0,0.0,0
1786037786,462553501,100.0,-1.7041199843036097,-1.684817139302389,-1.132749382649557,-4.617722932492391,-4.890387598668234,0.6640732884407043,-0.07300470024347305,-0.08829338103532791,4.793690095539205e-05,4.793690095539205e-05,2.3968450477696024e-05,0.13367363810539246,0.0,0.0,0.0,0.0,0.0,0.0,0
1786037786,482379436,100.0,-1.705834690724508,-1.6869028250323694,-1.1327016989337366,-4.617686931286947,-4.890387598668234,0.6672007441520691,-0.07023075222969055,-0.08452234417200089,4.793690095539205e-05,4.793690095539205e-05,2.3968450477696024e-05,0.1286115050315857,0.0,0.0,0.0,0.0,0.0,0.0,0
1786037786,502634286,100.0,-1.7069862524615687,-1.688209358845846,-1.1327016989337366,-4.617746893559591,-4.890399638806478,0.669154167175293,-0.06815987825393677,-0.08242589980363846,4.793690095539205e-05,4.793690095539205e-05,2.3968450477696024e-05,0.12486603856086731,0.0,0.0,0.0,0.0,0.0,0.0,0
1786037786,522369384,100.0,-1.7084372679339808,-1.690139118825094,-1.132761303578512,-4.617698971425192,-4.890387598668234,0.6720300316810608,-0.06369855254888535,-0.07519062608480453,4.793690095539205e-05,4.793690095539205e-05,2.3968450477696024e-05,0.1153809204697609,0.0,0.0,0.0,0.0,0.0,0.0,0
1786037786,542621135,100.0,-1.7094205061541956,-1.6913378874408167,-1.1327136198626917,-4.6177828947650355,-4.890399638806478,0.6738632321357727,-0.061883341521024704,-0.07405292242765427,4.793690095539205e-05,4.793690095539205e-05,2.3968450477696024e-05,0.11309273540973663,0.0,0.0,0.0,0.0,0.0,0.0,0
1786037786,562324762,100.0,-1.7108357588397425,-1.6930878798114222,-1.1327255407916468,-4.617758814488546,-4.890412036572592,0.676439106464386,-0.058649200946092606,-0.06891408562660217,4.793690095539205e-05,4.793690095539205e-05,2.3968450477696024e-05,0.10589580982923508,0.0,0.0,0.0,0.0,0.0,0.0,0
1786037786,582586288,100.0,-1.7118070761310022,-1.6940835157977503,-1.1327374617206019,-4.6177348534213465,-4.890351716672079,0.6780929565429688,-0.054187871515750885,-0.0643632784485817,4.793690095539205e-05,4.793690095539205e-05,2.3968450477696024e-05,0.10060357302427292,0.0,0.0,0.0,0.0,0.0,0.0,0
1786037786,602454423,100.0,-1.7130902449237269,-1.695629898701803,-1.1327016989337366,-4.6177828947650355,-4.890363637601034,0.6803815364837646,-0.051119912415742874,-0.05919887498021126,4.793690095539205e-05,4.793690095539205e-05,2.3968450477696024e-05,0.09238399565219879,0.0,0.0,0.0,0.0,0.0,0.0,0
1786037786,622531890,100.0,-1.7139537970172327,-1.6965764204608362,-1.1327374617206019,-4.6177348534213465,-4.890375677739279,0.6818076372146606,-0.04866554215550423,-0.054980430752038956,4.793690095539205e-05,4.793690095539205e-05,2.3968450477696024e-05,0.09099062532186508,0.0,0.0,0.0,0.0,0.0,0.0,0
1786037786,642739057,100.0,-1.715081040059225,-1.6979072729693812,-1.1327016989337366,-4.617746893559591,-4.890387598668234,0.6838566064834595,-0.0444343127310276,-0.050825897604227066,2.3968450477696024e-05,4.793690095539205e-05,2.3968450477696024e-05,0.07539515942335129,0.0,0.0,0.0,0.0,0.0,0.0,0
1786037786,662539243,100.0,-1.715740982686178,-1.6986506620990198,-1.1327255407916468,-4.617770854626791,-4.890363637601034,0.6851505041122437,-0.04180097579956055,-0.04681198298931122,2.3968450477696024e-05,4.793690095539205e-05,0.0,0.07599596679210663,0.0,0.0,0.0,0.0,0.0,0.0,0
1786037786,682372570,100.0,-1.7166646162616175,-1.699681584035055,-1.1327374617206019,-4.6177348534213465,-4.890351716672079,0.6868159770965576,-0.03617637977004051,-0.04283641278743744,2.3968450477696024e-05,4.793690095539205e-05,0.0,0.06574386358261108,0.0,0.0,0.0,0.0,0.0,0.0,0
1786037786,702552318,100.0,-1.7172277609454554,-1.70036489168276,-1.1327737013446253,-4.617710892354147,-4.890399638806478,0.6878102421760559,-0.033070068806409836,-0.03997298330068588,2.3968450477696024e-05,4.793690095539205e-05,0.0,0.061052437871694565,0.0,0.0,0.0,0.0,0.0,0.0,0
1786037786,722425699,100.0,-1.7179835478412073,-1.7012999693499964,-1.1327136198626917,-4.617758814488546,-4.890399638806478,0.6891888380050659,-0.028378644958138466,-0.03414385765790939,2.3968450477696024e-05,4.793690095539205e-05,0.0,0.05179741978645325,0.0,0.0,0.0,0.0,0.0,0.0,0
1786037786,742694854,100.0,-1.7184870878802698,-1.7018149534808558,-1.1327136198626917,-4.617758814488546,-4.890423957501547,0.6900273561477661,-0.025502430275082588,-0.02895388752222061,2.3968450477696024e-05,4.793690095539205e-05,0.0,0.04581489413976669,0.0,0.0,0.0,0.0,0.0,0.0,0
1786037786,762450695,100.0,-1.719050709401266,-1.7024386564837855,-1.1327255407916468,-4.6177348534213465,-4.890351716672079,0.6909980773925781,-0.01950712315738201,-0.02454369328916073,2.3968450477696024e-05,4.793690095539205e-05,0.0,0.038899198174476624,0.0,0.0,0.0,0.0,0.0,0.0,0
1786037786,782436370,100.0,-1.7192428747760218,-1.7027862707721155,-1.1327016989337366,-4.617758814488546,-4.890399638806478,0.6916212439537048,-0.01746181584894657,-0.022191589698195457,2.3968450477696024e-05,4.793690095539205e-05,0.0,0.03250760957598686,0.0,0.0,0.0,0.0,0.0,0.0,0
1786037786,802302122,100.0,-1.7196386496173304,-1.7032178084002894,-1.1327136198626917,-4.6177948156939905,-4.890399638806478,0.692232072353363,-0.012923788279294968,-0.015007445588707924,2.3968450477696024e-05,4.793690095539205e-05,0.0,0.024275247007608414,0.0,0.0,0.0,0.0,0.0,0.0,0
1786037786,822657823,100.0,-1.7197945753680628,-1.7034457365619105,-1.1327016989337366,-4.6177948156939905,-4.890327755604879,0.692603588104248,-0.00848802737891674,-0.01191391795873642,2.3968450477696024e-05,4.793690095539205e-05,0.0,0.01852281764149666,0.0,0.0,0.0,0.0,0.0,0.0,0
1786037786,842897653,100.0,-1.7200105826007288,-1.7037213484393519,-1.1327374617206019,-4.617746893559591,-4.890351716672079,0.6929751038551331,-0.004090615548193455,-0.007465373259037733,2.3968450477696024e-05,4.793690095539205e-05,0.0,0.011517639271914959,0.0,0.0,0.0,0.0,0.0,0.0,0
1786037786,862519979,100.0,-1.7200105826007288,-1.7037089506732386,-1.1327136198626917,-4.6177828947650355,-4.890363637601034,0.6930350065231323,-0.002198705915361643,-0.0034258905798196793,2.3968450477696024e-05,4.793690095539205e-05,0.0,0.003962783608585596,0.0,0.0,0.0,0.0,0.0,0.0,0
1786037786,882444381,100.0,-1.7199505011187952,-1.7036493460284632,-1.1327374617206019,-4.617722932492391,-4.890363637601034,0.6930469870567322,-0.0019302591681480408,-0.0013933659065514803,2.3968450477696024e-05,4.793690095539205e-05,0.0,0.001470064977183938,0.0,0.0,0.0,0.0,0.0,0.0,0
1786037786,902513504,100.0,-1.7199743429767054,-1.703637425099508,-1.1327255407916468,-4.6177348534213465,-4.890375677739279,0.6930230259895325,-0.0010610034223645926,0.00023009712458588183,2.3968450477696024e-05,4.793690095539205e-05,0.0,-0.0003195793251506984,0.0,0.0,0.0,0.0,0.0,0.0,0
1786037786,922415733,100.0,-1.7199023405658167,-1.7036612669574183,-1.1326773802386683,-4.617758814488546,-4.890375677739279,0.6929511427879333,0.0001917476038215682,0.00023009712458588183,2.3968450477696024e-05,4.793690095539205e-05,0.0,-0.0003195793251506984,0.0,0.0,0.0,0.0,0.0,0.0,0
1786037786,942497491,100.0,-1.719926659260885,-1.7036851088153284,-1.1326659361468714,-4.617746893559591,-4.890412036572592,0.6929870843887329,0.0001917476038215682,0.00023009712458588183,2.3968450477696024e-05,4.793690095539205e-05,0.0,-0.0003195793251506984,0.0,0.0,0.0,0.0,0.0,0.0,0
1786037786,962280988,100.0,-1.7199505011187952,-1.7036731878863733,-1.1327136198626917,-4.617770854626791,-4.890399638806478,0.6929870843887329,0.0001917476038215682,0.00023009712458588183,2.3968450477696024e-05,4.793690095539205e-05,0.0,-0.0003195793251506984,0.0,0.0,0.0,0.0,0.0,0.0,0
1786037786,982616662,100.0,-1.7199505011187952,-1.7036731878863733,-1.132749382649557,-4.617770854626791,-4.890327755604879,0.6930469870567322,0.0001917476038215682,0.00023009712458588183,2.3968450477696024e-05,4.793690095539205e-05,0.0,-0.0003195793251506984,0.0,0.0,0.0,0.0,0.0,0.0,0
1786037787,2345800,100.0,-1.719926659260885,-1.7037089506732386,-1.132761303578512,-4.6177828947650355,-4.890363637601034,0.6929870843887329,0.0001917476038215682,0.00023009712458588183,2.3968450477696024e-05,4.793690095539205e-05,0.0,-0.00029401297797448933,0.0,0.0,0.0,0.0,0.0,0.0,0
1786037787,22545099,100.0,-1.7199624220477503,-1.7036970297442835,-1.1327016989337366,-4.6177348534213465,-4.890387598668234,0.6929870843887329,0.0001917476038215682,0.00023009712458588183,2.3968450477696024e-05,4.793690095539205e-05,0.0,-0.0002556634717620909,0.0,0.0,0.0,0.0,0.0,0.0,0
1786037787,42768239,100.0,-1.7198665777789515,-1.7036851088153284,-1.1326897780047815,-4.617686931286947,-4.890387598668234,0.6930110454559326,0.0001917476038215682,0.00023009712458588183,2.3968450477696024e-05,4.793690095539205e-05,0.0,-0.00021731395099777728,0.0,0.0,0.0,0.0,0.0,0.0,0
1786037787,62456369,100.0,-1.71991473833193,-1.7036851088153284,-1.1327016989337366,-4.617758814488546,-4.890399638806478,0.6930110454559326,0.0001917476038215682,0.00021731395099777728,2.3968450477696024e-05,4.793690095539205e-05,0.0,-0.00020453077740967274,0.0,0.0,0.0,0.0,0.0,0.0,0
1786037787,82426548,100.0,-1.7199862639056605,-1.7036851088153284,-1.1327255407916468,-4.617758814488546,-4.890351716672079,0.693058967590332,0.0001917476038215682,0.0001917476038215682,2.3968450477696024e-05,4.793690095539205e-05,0.0,-0.00017896443023346364,0.0,0.0,0.0,0.0,0.0,0.0,0
1786037787,102533817,100.0,-1.7199624220477503,-1.7037327925311487,-1.1327016989337366,-4.617758814488546,-4.890351716672079,0.6929990649223328,0.0001917476038215682,0.00017896443023346364,2.3968450477696024e-05,4.793690095539205e-05,0.0,-0.0001661812566453591,0.0,0.0,0.0,0.0,0.0,0.0,0
1786037787,122372627,100.0,-1.7199862639056605,-1.7036851088153284,-1.1326773802386683,-4.617758814488546,-4.890387598668234,0.6929870843887329,0.0001661812566453591,0.00015339808305725455,2.3968450477696024e-05,4.793690095539205e-05,0.0,-0.00015339808305725455,0.0,0.0,0.0,0.0,0.0,0.0,0
1786037787,142560005,100.0,-1.7199624220477503,-1.7036970297442835,-1.1327374617206019,-4.6177948156939905,-4.890363637601034,0.6929870843887329,0.00015339808305725455,0.00014061490946915,2.3968450477696024e-05,4.793690095539205e-05,0.0,-0.00014061490946915,0.0,0.0,0.0,0.0,0.0,0.0,0
1786037787,162364482,100.0,-1.7199385801898401,-1.7036731878863733,-1.1327737013446253,-4.617722932492391,-4.890351716672079,0.6929990649223328,0.00014061490946915,0.00012783173588104546,2.3968450477696024e-05,4.793690095539205e-05,0.0,-0.00012783173588104546,0.0,0.0,0.0,0.0,0.0,0.0,0
1786037787,182650327,100.0,-1.7199743429767054,-1.7037089506732386,-1.1327136198626917,-4.6177348534213465,-4.890363637601034,0.6929751038551331,0.00012783173588104546,0.00012783173588104546,2.3968450477696024e-05,4.793690095539205e-05,0.0,-0.00011504856229294091,0.0,0.0,0.0,0.0,0.0,0.0,0
1786037787,202697753,100.0,-1.7199624220477503,-1.7036731878863733,-1.1327136198626917,-4.617710892354147,-4.890327755604879,0.6929511427879333,0.00011504856229294091,0.00011504856229294091,2.3968450477696024e-05,4.793690095539205e-05,0.0,-0.00011504856229294091,0.0,0.0,0.0,0.0,0.0,0.0,0
1786037787,222513437,100.0,-1.7199624220477503,-1.7037690321551722,-1.1327374617206019,-4.617770854626791,-4.890363637601034,0.6930230259895325,0.00011504856229294091,0.00010226538870483637,2.3968450477696024e-05,4.793690095539205e-05,0.0,-0.00010226538870483637,0.0,0.0,0.0,0.0,0.0,0.0,0
1786037787,242918729,100.0,-1.7199505011187952,-1.7037089506732386,-1.1326773802386683,-4.617770854626791,-4.890363637601034,0.6929990649223328,0.00010226538870483637,0.00010226538870483637,2.3968450477696024e-05,4.793690095539205e-05,0.0,-0.00010226538870483637,0.0,0.0,0.0,0.0,0.0,0.0,0
1786037787,262509822,100.0,-1.7198904196368616,-1.7036851088153284,-1.132749382649557,-4.617722932492391,-4.890387598668234,0.6929751038551331,0.00010226538870483637,8.948221511673182e-05,2.3968450477696024e-05,4.793690095539205e-05,0.0,-8.948221511673182e-05,0.0,0.0,0.0,0.0,0.0,0.0,0
1786037787,282367944,100.0,-1.7198904196368616,-1.7036970297442835,-1.1327016989337366,-4.6177348534213465,-4.890399638806478,0.6930110454559326,8.948221511673182e-05,8.948221511673182e-05,2.3968450477696024e-05,4.793690095539205e-05,0.0,-8.948221511673182e-05,0.0,0.0,0.0,0.0,0.0,0.0,0
1786037787,302414655,100.0,-1.719926659260885,-1.7036612669574183,-1.1327255407916468,-4.617722932492391,-4.890387598668234,0.6929751038551331,8.948221511673182e-05,8.948221511673182e-05,2.3968450477696024e-05,4.793690095539205e-05,0.0,-8.948221511673182e-05,0.0,0.0,0.0,0.0,0.0,0.0,0
1786037787,322563886,100.0,-1.7199862639056605,-1.7036970297442835,-1.1327136198626917,-4.617722932492391,-4.890423957501547,0.6930230259895325,8.948221511673182e-05,-1.2783173588104546e-05,2.3968450477696024e-05,4.793690095539205e-05,0.0,-7.669904152862728e-05,0.0,0.0,0.0,0.0,0.0,0.0,0
1786037787,342616081,100.0,-1.7199624220477503,-1.7036851088153284,-1.1326659361468714,-4.6177828947650355,-4.890399638806478,0.6930230259895325,7.669904152862728e-05,-1.2783173588104546e-05,2.3968450477696024e-05,4.793690095539205e-05,0.0,-7.669904152862728e-05,0.0,0.0,0.0,0.0,0.0,0.0,0
1786037787,362334728,100.0,-1.71991473833193,-1.703745190297262,-1.1327374617206019,-4.6177348534213465,-4.890375677739279,0.6929870843887329,7.669904152862728e-05,-1.2783173588104546e-05,2.3968450477696024e-05,2.3968450477696024e-05,0.0,-7.669904152862728e-05,0.0,0.0,0.0,0.0,0.0,0.0,0
1786037787,382483720,100.0,-1.7199505011187952,-1.703745190297262,-1.1326897780047815,-4.6177348534213465,-4.890351716672079,0.6930350065231323,7.669904152862728e-05,-1.2783173588104546e-05,2.3968450477696024e-05,2.3968450477696024e-05,0.0,-6.391586794052273e-05,0.0,0.0,0.0,0.0,0.0,0.0,0
1786037787,402345418,100.0,-1.7199505011187952,-1.703745190297262,-1.1327255407916468,-4.6177828947650355,-4.890399638806478,0.6929870843887329,6.391586794052273e-05,-1.2783173588104546e-05,2.3968450477696024e-05,2.3968450477696024e-05,0.0,-6.391586794052273e-05,0.0,0.0,0.0,0.0,0.0,0.0,0
1786037787,422514438,100.0,-1.7199743429767054,-1.7036851088153284,-1.132749382649557,-4.617710892354147,-4.890387598668234,0.6930469870567322,6.391586794052273e-05,-1.2783173588104546e-05,2.3968450477696024e-05,2.3968450477696024e-05,0.0,-6.391586794052273e-05,0.0,0.0,0.0,0.0,0.0,0.0,0
1786037787,442435741,100.0,-1.719926659260885,-1.7037213484393519,-1.1326897780047815,-4.617770854626791,-4.890412036572592,0.6929631233215332,6.391586794052273e-05,-1.2783173588104546e-05,2.3968450477696024e-05,2.3968450477696024e-05,0.0,-6.391586794052273e-05,0.0,0.0,0.0,0.0,0.0,0.0,0
1786037787,462497949,100.0,-1.7199385801898401,-1.7037089506732386,-1.1327136198626917,-4.617758814488546,-4.890351716672079,0.6929990649223328,6.391586794052273e-05,-1.2783173588104546e-05,2.3968450477696024e-05,2.3968450477696024e-05,0.0,-6.391586794052273e-05,0.0,0.0,0.0,0.0,0.0,0.0,0
1786037787,482551336,100.0,-1.7198904196368616,-1.703757111226217,-1.1327136198626917,-4.617770854626791,-4.890387598668234,0.6929990649223328,6.391586794052273e-05,-1.2783173588104546e-05,2.3968450477696024e-05,2.3968450477696024e-05,0.0,-5.1132694352418184e-05,0.0,0.0,0.0,0.0,0.0,0.0,0
1786037787,502586126,100.0,-1.7199385801898401,-1.7037213484393519,-1.1327374617206019,-4.617770854626791,-4.890339676533834,0.6929990649223328,5.1132694352418184e-05,-1.2783173588104546e-05,2.3968450477696024e-05,2.3968450477696024e-05,0.0,-5.1132694352418184e-05,0.0,0.0,0.0,0.0,0.0,0.0,0
1786037787,522421360,100.0,-1.7199624220477503,-1.7038052717791956,-1.132749382649557,-4.617758814488546,-4.890387598668234,0.6929990649223328,5.1132694352418184e-05,-1.2783173588104546e-05,2.3968450477696024e-05,2.3968450477696024e-05,0.0,-5.1132694352418184e-05,0.0,0.0,0.0,0.0,0.0,0.0,0
1786037787,542523860,100.0,-1.7199743429767054,-1.7036851088153284,-1.1327255407916468,-4.617758814488546,-4.890375677739279,0.6929990649223328,5.1132694352418184e-05,-1.2783173588104546e-05,2.3968450477696024e-05,2.3968450477696024e-05,0.0,-5.1132694352418184e-05,0.0,0.0,0.0,0.0,0.0,0.0,0
1786037787,562382698,100.0,-1.7199743429767054,-1.703757111226217,-1.1327136198626917,-4.6177348534213465,-4.890375677739279,0.6930350065231323,5.1132694352418184e-05,-1.2783173588104546e-05,2.3968450477696024e-05,2.3968450477696024e-05,0.0,-5.1132694352418184e-05,0.0,0.0,0.0,0.0,0.0,0.0,0
1786037787,582515954,100.0,-1.719926659260885,-1.7037809530841272,-1.1327136198626917,-4.6177948156939905,-4.890363637601034,0.6929870843887329,5.1132694352418184e-05,-1.2783173588104546e-05,2.3968450477696024e-05,2.3968450477696024e-05,0.0,-5.1132694352418184e-05,0.0,0.0,0.0,0.0,0.0,0.0,0
1786037787,602396011,100.0,-1.7199023405658167,-1.7037809530841272,-1.132761303578512,-4.6177948156939905,-4.890375677739279,0.6930469870567322,5.1132694352418184e-05,-1.2783173588104546e-05,2.3968450477696024e-05,2.3968450477696024e-05,0.0,-5.1132694352418184e-05,0.0,0.0,0.0,0.0,0.0,0.0,0
1786037787,622422456,100.0,-1.7199505011187952,-1.703757111226217,-1.1326773802386683,-4.617770854626791,-4.890375677739279,0.6929511427879333,5.1132694352418184e-05,-1.2783173588104546e-05,2.3968450477696024e-05,2.3968450477696024e-05,0.0,-3.834952076431364e-05,0.0,0.0,0.0,0.0,0.0,0.0,0
1786037787,642920255,100.0,-1.7199862639056605,-1.703745190297262,-1.1326897780047815,-4.617710892354147,-4.890399638806478,0.6930110454559326,3.834952076431364e-05,-1.2783173588104546e-05,2.3968450477696024e-05,2.3968450477696024e-05,0.0,-3.834952076431364e-05,0.0,0.0,0.0,0.0,0.0,0.0,0
1786037787,662607431,100.0,-1.7199505011187952,-1.7037928740130823,-1.1327255407916468,-4.6177348534213465,-4.890387598668234,0.6929990649223328,3.834952076431364e-05,-1.2783173588104546e-05,2.3968450477696024e-05,2.3968450477696024e-05,0.0,-3.834952076431364e-05,0.0,0.0,0.0,0.0,0.0,0.0,0
1786037787,682364940,100.0,-1.7199385801898401,-1.7038052717791956,-1.1327136198626917,-4.6177828947650355,-4.890339676533834,0.6929990649223328,3.834952076431364e-05,-1.2783173588104546e-05,2.3968450477696024e-05,2.3968450477696024e-05,0.0,-3.834952076431364e-05,0.0,0.0,0.0,0.0,0.0,0.0,0
1786037787,702433347,100.0,-1.719926659260885,-1.7037690321551722,-1.1326897780047815,-4.617758814488546,-4.890339676533834,0.6929751038551331,3.834952076431364e-05,-1.2783173588104546e-05,2.3968450477696024e-05,2.3968450477696024e-05,0.0,-3.834952076431364e-05,0.0,0.0,0.0,0.0,0.0,0.0,0
1786037787,722305059,100.0,-1.7199862639056605,-1.7037928740130823,-1.1326897780047815,-4.6177828947650355,-4.890351716672079,0.6929870843887329,3.834952076431364e-05,-1.2783173588104546e-05,2.3968450477696024e-05,2.3968450477696024e-05,0.0,-3.834952076431364e-05,0.0,0.0,0.0,0.0,0.0,0.0,0
1786037787,742740154,100.0,-1.71991473833193,-1.703745190297262,-1.1327374617206019,-4.617770854626791,-4.890339676533834,0.6930110454559326,3.834952076431364e-05,-8.948221511673182e-05,2.3968450477696024e-05,2.3968450477696024e-05,0.0,-3.834952076431364e-05,0.0,0.0,0.0,0.0,0.0,0.0,0
1786037787,762381553,100.0,-1.7199743429767054,-1.703745190297262,-1.1327136198626917,-4.617746893559591,-4.890399638806478,0.6929751038551331,3.834952076431364e-05,-8.948221511673182e-05,2.3968450477696024e-05,2.3968450477696024e-05,0.0,-3.834952076431364e-05,0.0,0.0,0.0,0.0,0.0,0.0,0
1786037787,782593488,100.0,-1.7199743429767054,-1.703757111226217,-1.1326897780047815,-4.6177948156939905,-4.890399638806478,0.6929990649223328,3.834952076431364e-05,-8.948221511673182e-05,2.3968450477696024e-05,2.3968450477696024e-05,0.0,-3.834952076431364e-05,0.0,0.0,0.0,0.0,0.0,0.0,0
1786037787,802695751,100.0,-1.7199505011187952,-1.7038291136371058,-1.1327255407916468,-4.617770854626791,-4.890351716672079,0.6929990649223328,3.834952076431364e-05,-8.948221511673182e-05,2.3968450477696024e-05,2.3968450477696024e-05,0.0,-3.834952076431364e-05,0.0,0.0,0.0,0.0,0.0,0.0,0
1786037787,822794914,100.0,-1.7199624220477503,-1.703745190297262,-1.1327255407916468,-4.617770854626791,-4.890387598668234,0.6930110454559326,3.834952076431364e-05,-8.948221511673182e-05,2.3968450477696024e-05,2.3968450477696024e-05,0.0,-3.834952076431364e-05,0.0,0.0,0.0,0.0,0.0,0.0,0
1786037787,843328237,100.0,-1.7199624220477503,-1.703757111226217,-1.1327374617206019,-4.617746893559591,-4.890399638806478,0.6930110454559326,3.834952076431364e-05,-8.948221511673182e-05,2.3968450477696024e-05,2.3968450477696024e-05,0.0,-3.834952076431364e-05,0.0,0.0,0.0,0.0,0.0,0.0,0
1786037787,862782955,100.0,-1.7199624220477503,-1.7037089506732386,-1.1327136198626917,-4.617758814488546,-4.890387598668234,0.6930350065231323,3.834952076431364e-05,-8.948221511673182e-05,2.3968450477696024e-05,2.3968450477696024e-05,0.0,-3.834952076431364e-05,0.0,0.0,0.0,0.0,0.0,0.0,0
1786037787,883178949,100.0,-1.7199862639056605,-1.7037327925311487,-1.132749382649557,-4.6177348534213465,-4.890327755604879,0.6929631233215332,3.834952076431364e-05,-8.948221511673182e-05,2.3968450477696024e-05,2.3968450477696024e-05,0.0,-2.5566347176209092e-05,0.0,0.0,0.0,0.0,0.0,0.0,0
1786037787,902827024,100.0,-1.7199505011187952,-1.703745190297262,-1.1327016989337366,-4.617722932492391,-4.890412036572592,0.6929870843887329,2.5566347176209092e-05,-8.948221511673182e-05,2.3968450477696024e-05,2.3968450477696024e-05,0.0,-2.5566347176209092e-05,0.0,0.0,0.0,0.0,0.0,0.0,0
1786037787,922569513,100.0,-1.7199505011187952,-1.7037809530841272,-1.132761303578512,-4.6177828947650355,-4.890339676533834,0.6929870843887329,2.5566347176209092e-05,-8.948221511673182e-05,2.3968450477696024e-05,2.3968450477696024e-05,0.0,-2.5566347176209092e-05,0.0,0.0,0.0,0.0,0.0,0.0,0
1786037787,943108797,100.0,-1.71991473833193,-1.7037213484393519,-1.1327255407916468,-4.617758814488546,-4.890399638806478,0.6929870843887329,2.5566347176209092e-05,-8.948221511673182e-05,2.3968450477696024e-05,2.3968450477696024e-05,0.0,-2.5566347176209092e-05,0.0,0.0,0.0,0.0,0.0,0.0,0
1786037787,962971687,100.0,-1.7199505011187952,-1.7038167158709925,-1.1327136198626917,-4.617746893559591,-4.890339676533834,0.6929870843887329,2.5566347176209092e-05,-8.948221511673182e-05,2.3968450477696024e-05,2.3968450477696024e-05,0.0,-2.5566347176209092e-05,0.0,0.0,0.0,0.0,0.0,0.0,0
1786037787,982865571,100.0,-1.719926659260885,-1.7037809530841272,-1.132749382649557,-4.6177948156939905,-4.890399638806478,0.6930230259895325,2.5566347176209092e-05,-8.948221511673182e-05,2.3968450477696024e-05,2.3968450477696024e-05,0.0,-2.5566347176209092e-05,0.0,0.0,0.0,0.0,0.0,0.0,0
1786037788,3166675,100.0,-1.7200105826007288,-1.7037809530841272,-1.1327016989337366,-4.617770854626791,-4.890351716672079,0.6930350065231323,2.5566347176209092e-05,-8.948221511673182e-05,0.0,2.3968450477696024e-05,0.0,-2.5566347176209092e-05,0.0,0.0,0.0,0.0,0.0,0.0,0
1786037788,22372961,100.0,-1.7199624220477503,-1.7037690321551722,-1.1327374617206019,-4.617746893559591,-4.890375677739279,0.6930230259895325,2.5566347176209092e-05,-8.948221511673182e-05,0.0,2.3968450477696024e-05,0.0,-2.5566347176209092e-05,0.0,0.0,0.0,0.0,0.0,0.0,0
1786037788,42605400,100.0,-1.719926659260885,-1.7037809530841272,-1.1326773802386683,-4.617746893559591,-4.890387598668234,0.6929990649223328,2.5566347176209092e-05,-8.948221511673182e-05,0.0,2.3968450477696024e-05,0.0,-2.5566347176209092e-05,0.0,0.0,0.0,0.0,0.0,0.0,0
1786037788,62450408,100.0,-1.7199505011187952,-1.7037327925311487,-1.1327136198626917,-4.617722932492391,-4.890351716672079,0.6930230259895325,2.5566347176209092e-05,-8.948221511673182e-05,0.0,2.3968450477696024e-05,0.0,-2.5566347176209092e-05,0.0,0.0,0.0,0.0,0.0,0.0,0
1786037788,82360267,100.0,-1.7199385801898401,-1.703757111226217,-1.1327016989337366,-4.617770854626791,-4.890375677739279,0.6930110454559326,2.5566347176209092e-05,-8.948221511673182e-05,0.0,2.3968450477696024e-05,0.0,-2.5566347176209092e-05,0.0,0.0,0.0,0.0,0.0,0.0,0
1786037788,102580547,100.0,-1.7199385801898401,-1.7037213484393519,-1.1327255407916468,-4.617758814488546,-4.890375677739279,0.6929990649223328,2.5566347176209092e-05,-8.948221511673182e-05,0.0,2.3968450477696024e-05,0.0,-2.5566347176209092e-05,0.0,0.0,0.0,0.0,0.0,0.0,0
1786037788,122867107,100.0,-1.7199385801898401,-1.7037809530841272,-1.1327136198626917,-4.617746893559591,-4.890363637601034,0.6930110454559326,2.5566347176209092e-05,-8.948221511673182e-05,0.0,2.3968450477696024e-05,0.0,-2.5566347176209092e-05,0.0,0.0,0.0,0.0,0.0,0.0,0
1786037788,142542362,100.0,-1.7199385801898401,-1.7037809530841272,-1.1326773802386683,-4.6177348534213465,-4.890363637601034,0.6930110454559326,2.5566347176209092e-05,-8.948221511673182e-05,0.0,2.3968450477696024e-05,0.0,-2.5566347176209092e-05,0.0,0.0,0.0,0.0,0.0,0.0,0
1786037788,162437438,100.0,-1.7199505011187952,-1.703757111226217,-1.1327136198626917,-4.617770854626791,-4.890351716672079,0.6929751038551331,2.5566347176209092e-05,-7.669904152862728e-05,0.0,2.3968450477696024e-05,0.0,-2.5566347176209092e-05,0.0,0.0,0.0,0.0,0.0,0.0,0
1786037788,182440042,100.0,-1.7199505011187952,-1.703757111226217,-1.1327374617206019,-4.6177348534213465,-4.890339676533834,0.6929990649223328,2.5566347176209092e-05,-7.669904152862728e-05,0.0,2.3968450477696024e-05,0.0,-2.5566347176209092e-05,0.0,0.0,0.0,0.0,0.0,0.0,0
1786037788,202398538,100.0,-1.719926659260885,-1.7037809530841272,-1.1326540152179163,-4.617722932492391,-4.890339676533834,0.6929631233215332,2.5566347176209092e-05,-7.669904152862728e-05,0.0,2.3968450477696024e-05,0.0,-2.5566347176209092e-05,0.0,0.0,0.0,0.0,0.0,0.0,0
1786037788,222432613,100.0,-1.7199624220477503,-1.7037327925311487,-1.1326659361468714,-4.6177348534213465,-4.890375677739279,0.6930110454559326,2.5566347176209092e-05,-7.669904152862728e-05,0.0,2.3968450477696024e-05,0.0,-2.5566347176209092e-05,0.0,0.0,0.0,0.0,0.0,0.0,0
1786037788,242462396,100.0,-1.7199385801898401,-1.7037690321551722,-1.1327016989337366,-4.617770854626791,-4.890363637601034,0.6929751038551331,2.5566347176209092e-05,-6.391586794052273e-05,0.0,2.3968450477696024e-05,0.0,-2.5566347176209092e-05,0.0,0.0,0.0,0.0,0.0,0.0,0
1786037788,262417078,100.0,-1.7199385801898401,-1.7037213484393519,-1.1326773802386683,-4.617710892354147,-4.890387598668234,0.6930469870567322,2.5566347176209092e-05,-6.391586794052273e-05,0.0,2.3968450477696024e-05,0.0,-2.5566347176209092e-05,0.0,0.0,0.0,0.0,0.0,0.0,0
1786037788,282358646,100.0,-1.7199743429767054,-1.7037809530841272,-1.1327016989337366,-4.6177948156939905,-4.890363637601034,0.6930110454559326,2.5566347176209092e-05,-6.391586794052273e-05,0.0,2.3968450477696024e-05,0.0,-2.5566347176209092e-05,0.0,0.0,0.0,0.0,0.0,0.0,0
1786037788,302513360,100.0,-1.7199743429767054,-1.7038052717791956,-1.1327255407916468,-4.617770854626791,-4.890351716672079,0.6929870843887329,2.5566347176209092e-05,-6.391586794052273e-05,0.0,2.3968450477696024e-05,0.0,-2.5566347176209092e-05,0.0,0.0,0.0,0.0,0.0,0.0,0
1786037788,322351217,100.0,-1.7199981848346155,-1.7037690321551722,-1.1327136198626917,-4.617746893559591,-4.890327755604879,0.6930230259895325,2.5566347176209092e-05,-6.391586794052273e-05,0.0,2.3968450477696024e-05,0.0,-2.5566347176209092e-05,0.0,0.0,0.0,0.0,0.0,0.0,0
1786037788,342446327,100.0,-1.7199385801898401,-1.7037690321551722,-1.1327016989337366,-4.617758814488546,-4.890363637601034,0.693058967590332,2.5566347176209092e-05,-5.1132694352418184e-05,0.0,2.3968450477696024e-05,0.0,-2.5566347176209092e-05,0.0,0.0,0.0,0.0,0.0,0.0,0
1786037788,362309455,100.0,-1.7199743429767054,-1.703757111226217,-1.1327136198626917,-4.617746893559591,-4.890375677739279,0.6929870843887329,2.5566347176209092e-05,-5.1132694352418184e-05,0.0,2.3968450477696024e-05,0.0,-1.2783173588104546e-05,0.0,0.0,0.0,0.0,0.0,0.0,0
1786037788,382416486,100.0,-1.7199624220477503,-1.7037213484393519,-1.1326897780047815,-4.617746893559591,-4.890363637601034,0.6929870843887329,1.2783173588104546e-05,-5.1132694352418184e-05,0.0,2.3968450477696024e-05,0.0,-1.2783173588104546e-05,0.0,0.0,0.0,0.0,0.0,0.0,0
1786037788,402428388,100.0,-1.7199624220477503,-1.7037213484393519,-1.1326897780047815,-4.617746893559591,-4.890375677739279,0.6930469870567322,1.2783173588104546e-05,-5.1132694352418184e-05,0.0,2.3968450477696024e-05,0.0,-1.2783173588104546e-05,0.0,0.0,0.0,0.0,0.0,0.0,0
1786037788,422559499,100.0,-1.7199862639056605,-1.7037809530841272,-1.132749382649557,-4.6177348534213465,-4.890351716672079,0.6930469870567322,1.2783173588104546e-05,-5.1132694352418184e-05,0.0,2.3968450477696024e-05,0.0,-1.2783173588104546e-05,0.0,0.0,0.0,0.0,0.0,0.0,0
1786037788,442414522,100.0,-1.71991473833193,-1.703745190297262,-1.132749382649557,-4.6177348534213465,-4.890351716672079,0.6929751038551331,1.2783173588104546e-05,-5.1132694352418184e-05,0.0,2.3968450477696024e-05,0.0,-1.2783173588104546e-05,0.0,0.0,0.0,0.0,0.0,0.0,0
1786037788,462583541,100.0,-1.7199743429767054,-1.7038052717791956,-1.1327737013446253,-4.6177828947650355,-4.890351716672079,0.6929990649223328,1.2783173588104546e-05,-5.1132694352418184e-05,0.0,2.3968450477696024e-05,0.0,-1.2783173588104546e-05,0.0,0.0,0.0,0.0,0.0,0.0,0
1786037788,482356071,100.0,-1.719926659260885,-1.703745190297262,-1.1327374617206019,-4.617710892354147,-4.890375677739279,0.6930110454559326,1.2783173588104546e-05,-3.834952076431364e-05,0.0,2.3968450477696024e-05,0.0,-1.2783173588104546e-05,0.0,0.0,0.0,0.0,0.0,0.0,0
1786037788,502431392,100.0,-1.7199505011187952,-1.7037690321551722,-1.1327374617206019,-4.617758814488546,-4.890399638806478,0.6930110454559326,1.2783173588104546e-05,-3.834952076431364e-05,0.0,2.3968450477696024e-05,0.0,-1.2783173588104546e-05,0.0,0.0,0.0,0.0,0.0,0.0,0
1786037788,522335529,100.0,-1.7199624220477503,-1.7037213484393519,-1.1327016989337366,-4.617770854626791,-4.890363637601034,0.6930230259895325,1.2783173588104546e-05,-3.834952076431364e-05,0.0,2.3968450477696024e-05,0.0,-1.2783173588104546e-05,0.0,0.0,0.0,0.0,0.0,0.0,0
1786037788,542454004,100.0,-1.7199505011187952,-1.7037213484393519,-1.1326773802386683,-4.6177348534213465,-4.890387598668234,0.6930230259895325,1.2783173588104546e-05,-3.834952076431364e-05,0.0,2.3968450477696024e-05,0.0,-1.2783173588104546e-05,0.0,0.0,0.0,0.0,0.0,0.0,0
1786037788,562368869,100.0,-1.7199385801898401,-1.7037690321551722,-1.1326773802386683,-4.6177828947650355,-4.890351716672079,0.6930350065231323,1.2783173588104546e-05,-3.834952076431364e-05,0.0,2.3968450477696024e-05,0.0,-1.2783173588104546e-05,0.0,0.0,0.0,0.0,0.0,0.0,0
1786037788,582610845,100.0,-1.7199505011187952,-1.7037928740130823,-1.132749382649557,-4.617758814488546,-4.890363637601034,0.6929751038551331,1.2783173588104546e-05,-3.834952076431364e-05,0.0,2.3968450477696024e-05,0.0,-1.2783173588104546e-05,0.0,0.0,0.0,0.0,0.0,0.0,0
1786037788,602358579,100.0,-1.7199505011187952,-1.7037928740130823,-1.132749382649557,-4.617722932492391,-4.890387598668234,0.6929990649223328,1.2783173588104546e-05,-3.834952076431364e-05,0.0,2.3968450477696024e-05,0.0,-1.2783173588104546e-05,0.0,0.0,0.0,0.0,0.0,0.0,0
1786037788,622577428,100.0,-1.7199624220477503,-1.703757111226217,-1.1326897780047815,-4.617758814488546,-4.890387598668234,0.6930110454559326,1.2783173588104546e-05,-3.834952076431364e-05,0.0,2.3968450477696024e-05,0.0,-1.2783173588104546e-05,0.0,0.0,0.0,0.0,0.0,0.0,0
1786037788,642414569,100.0,-1.7200105826007288,-1.7038052717791956,-1.132749382649557,-4.6177828947650355,-4.890339676533834,0.6929870843887329,1.2783173588104546e-05,-3.834952076431364e-05,0.0,2.3968450477696024e-05,0.0,-1.2783173588104546e-05,0.0,0.0,0.0,0.0,0.0,0.0,0
1786037788,662569284,100.0,-1.7199981848346155,-1.7037327925311487,-1.1327255407916468,-4.617758814488546,-4.890399638806478,0.6929751038551331,1.2783173588104546e-05,-3.834952076431364e-05,0.0,2.3968450477696024e-05,0.0,-1.2783173588104546e-05,0.0,0.0,0.0,0.0,0.0,0.0,0
1786037788,682338476,100.0,-1.7199981848346155,-1.7037809530841272,-1.1327016989337366,-4.617770854626791,-4.890363637601034,0.6930110454559326,1.2783173588104546e-05,-3.834952076431364e-05,0.0,2.3968450477696024e-05,0.0,-1.2783173588104546e-05,0.0,0.0,0.0,0.0,0.0,0.0,0
1786037788,702521800,100.0,-1.7199385801898401,-1.7037690321551722,-1.1327255407916468,-4.617758814488546,-4.890315715466635,0.6929870843887329,1.2783173588104546e-05,-3.834952076431364e-05,0.0,2.3968450477696024e-05,0.0,-1.2783173588104546e-05,0.0,0.0,0.0,0.0,0.0,0.0,0
1786037788,722389936,100.0,-1.719926659260885,-1.703745190297262,-1.1327374617206019,-4.6177348534213465,-4.890375677739279,0.6930230259895325,1.2783173588104546e-05,-2.5566347176209092e-05,0.0,0.0,0.0,-1.2783173588104546e-05,0.0,0.0,0.0,0.0,0.0,0.0,0
1786037788,742656707,100.0,-1.7199624220477503,-1.7037213484393519,-1.1326897780047815,-4.617722932492391,-4.890375677739279,0.6930230259895325,1.2783173588104546e-05,-2.5566347176209092e-05,0.0,0.0,0.0,-1.2783173588104546e-05,0.0,0.0,0.0,0.0,0.0,0.0,0
1786037788,762328386,100.0,-1.7199743429767054,-1.703757111226217,-1.1327136198626917,-4.617770854626791,-4.890363637601034,0.6929631233215332,1.2783173588104546e-05,-2.5566347176209092e-05,0.0,0.0,0.0,-1.2783173588104546e-05,0.0,0.0,0.0,0.0,0.0,0.0,0
1786037788,782737970,100.0,-1.7199505011187952,-1.7037809530841272,-1.1327255407916468,-4.617722932492391,-4.890375677739279,0.6929990649223328,1.2783173588104546e-05,-2.5566347176209092e-05,0.0,0.0,0.0,-1.2783173588104546e-05,0.0,0.0,0.0,0.0,0.0,0.0,0
1786037788,802331447,100.0,-1.7199505011187952,-1.703757111226217,-1.1326659361468714,-4.617746893559591,-4.890327755604879,0.6930230259895325,1.2783173588104546e-05,-2.5566347176209092e-05,0.0,0.0,0.0,-1.2783173588104546e-05,0.0,0.0,0.0,0.0,0.0,0.0,0
1786037788,822407245,100.0,-1.7199505011187952,-1.7038052717791956,-1.1326897780047815,-4.617710892354147,-4.890375677739279,0.6929990649223328,1.2783173588104546e-05,-2.5566347176209092e-05,0.0,0.0,0.0,-1.2783173588104546e-05,0.0,0.0,0.0,0.0,0.0,0.0,0
1786037788,842402458,100.0,-1.7199385801898401,-1.7037809530841272,-1.1327016989337366,-4.6177828947650355,-4.890375677739279,0.6930230259895325,1.2783173588104546e-05,-2.5566347176209092e-05,0.0,0.0,0.0,-1.2783173588104546e-05,0.0,0.0,0.0,0.0,0.0,0.0,0
1786037788,862417459,100.0,-1.719926659260885,-1.7037690321551722,-1.1327255407916468,-4.617746893559591,-4.890399638806478,0.6929990649223328,1.2783173588104546e-05,-2.5566347176209092e-05,0.0,0.0,0.0,-1.2783173588104546e-05,0.0,0.0,0.0,0.0,0.0,0.0,0
1786037788,882375717,100.0,-1.7199743429767054,-1.7037327925311487,-1.1327016989337366,-4.617758814488546,-4.890423957501547,0.6930469870567322,1.2783173588104546e-05,-2.5566347176209092e-05,0.0,0.0,0.0,-1.2783173588104546e-05,0.0,0.0,0.0,0.0,0.0,0.0,0
1786037788,902438163,100.0,-1.7199505011187952,-1.7037690321551722,-1.1327016989337366,-4.617746893559591,-4.890375677739279,0.6930110454559326,1.2783173588104546e-05,-2.5566347176209092e-05,0.0,0.0,0.0,-1.2783173588104546e-05,0.0,0.0,0.0,0.0,0.0,0.0,0
1786037788,922329425,100.0,-1.7199743429767054,-1.7037809530841272,-1.1326659361468714,-4.617746893559591,-4.890327755604879,0.6929870843887329,1.2783173588104546e-05,-2.5566347176209092e-05,0.0,0.0,0.0,-1.2783173588104546e-05,0.0,0.0,0.0,0.0,0.0,0.0,0
1786037788,942440748,100.0,-1.7199385801898401,-1.7037690321551722,-1.1327016989337366,-4.6177948156939905,-4.890387598668234,0.6930230259895325,1.2783173588104546e-05,-2.5566347176209092e-05,0.0,0.0,0.0,-1.2783173588104546e-05,0.0,0.0,0.0,0.0,0.0,0.0,0
1786037788,962324142,100.0,-1.7199862639056605,-1.703745190297262,-1.1326897780047815,-4.6177348534213465,-4.890375677739279,0.6929990649223328,1.2783173588104546e-05,-2.5566347176209092e-05,0.0,0.0,0.0,-1.2783173588104546e-05,0.0,0.0,0.0,0.0,0.0,0.0,0
1786037788,982434511,100.0,-1.7199624220477503,-1.703757111226217,-1.1327374617206019,-4.617770854626791,-4.890375677739279,0.6930110454559326,1.2783173588104546e-05,-2.5566347176209092e-05,0.0,0.0,0.0,-1.2783173588104546e-05,0.0,0.0,0.0,0.0,0.0,0.0,0
1786037789,2299070,100.0,-1.7199505011187952,-1.7037809530841272,-1.132761303578512,-4.617722932492391,-4.890375677739279,0.6930110454559326,1.2783173588104546e-05,-2.5566347176209092e-05,0.0,0.0,0.0,-1.2783173588104546e-05,0.0,0.0,0.0,0.0,0.0,0.0,0
1786037789,22404432,100.0,-1.7199505011187952,-1.7038052717791956,-1.1327255407916468,-4.617698971425192,-4.890363637601034,0.6929751038551331,1.2783173588104546e-05,-2.5566347176209092e-05,0.0,0.0,0.0,-1.2783173588104546e-05,0.0,0.0,0.0,0.0,0.0,0.0,0
1786037789,42380332,100.0,-1.7199023405658167,-1.7037809530841272,-1.1326420942889612,-4.617746893559591,-4.890363637601034,0.6929870843887329,1.2783173588104546e-05,-2.5566347176209092e-05,0.0,0.0,0.0,-1.2783173588104546e-05,0.0,0.0,0.0,0.0,0.0,0.0,0
1786037789,62426567,100.0,-1.7199505011187952,-1.7038052717791956,-1.1326897780047815,-4.617746893559591,-4.890363637601034,0.6929990649223328,1.2783173588104546e-05,-2.5566347176209092e-05,0.0,0.0,0.0,-1.2783173588104546e-05,0.0,0.0,0.0,0.0,0.0,0.0,0
1786037789,82300186,100.0,-1.7199624220477503,-1.703757111226217,-1.1327255407916468,-4.617722932492391,-4.890339676533834,0.6929990649223328,1.2783173588104546e-05,-2.5566347176209092e-05,0.0,0.0,0.0,-1.2783173588104546e-05,0.0,0.0,0.0,0.0,0.0,0.0,0
1786037789,102426528,100.0,-1.7199505011187952,-1.703745190297262,-1.1327136198626917,-4.6177828947650355,-4.890399638806478,0.6930230259895325,1.2783173588104546e-05,-2.5566347176209092e-05,0.0,0.0,0.0,-1.2783173588104546e-05,0.0,0.0,0.0,0.0,0.0,0.0,0
1786037789,122705936,100.0,-1.7199862639056605,-1.7037690321551722,-1.1326897780047815,-4.617770854626791,-4.890363637601034,0.6930350065231323,1.2783173588104546e-05,-2.5566347176209092e-05,0.0,0.0,0.0,-1.2783173588104546e-05,0.0,0.0,0.0,0.0,0.0,0.0,0
1786037789,142435312,100.0,-1.7199624220477503,-1.7037690321551722,-1.1327016989337366,-4.617758814488546,-4.890399638806478,0.6929990649223328,1.2783173588104546e-05,-2.5566347176209092e-05,0.0,0.0,0.0,-1.2783173588104546e-05,0.0,0.0,0.0,0.0,0.0,0.0,0
1786037789,162307977,100.0,-1.7199624220477503,-1.7037928740130823,-1.1326420942889612,-4.617758814488546,-4.890351716672079,0.6930350065231323,1.2783173588104546e-05,-2.5566347176209092e-05,0.0,0.0,0.0,-1.2783173588104546e-05,0.0,0.0,0.0,0.0,0.0,0.0,0
1786037789,182462215,100.0,-1.7199862639056605,-1.703745190297262,-1.1327374617206019,-4.617746893559591,-4.890412036572592,0.6930230259895325,1.2783173588104546e-05,-2.5566347176209092e-05,0.0,0.0,0.0,-1.2783173588104546e-05,0.0,0.0,0.0,0.0,0.0,0.0,0
1786037789,202356576,100.0,-1.7199624220477503,-1.7037690321551722,-1.1327136198626917,-4.6177828947650355,-4.890412036572592,0.6930350065231323,1.2783173588104546e-05,-2.5566347176209092e-05,0.0,0.0,0.0,-1.2783173588104546e-05,0.0,0.0,0.0,0.0,0.0,0.0,0
1786037789,222586631,100.0,-1.71991473833193,-1.7037690321551722,-1.132749382649557,-4.617710892354147,-4.890412036572592,0.6930350065231323,1.2783173588104546e-05,-1.2783173588104546e-05,0.0,0.0,0.0,-1.2783173588104546e-05,0.0,0.0,0.0,0.0,0.0,0.0,0
1786037789,242356538,100.0,-1.7199981848346155,-1.7037809530841272,-1.1327136198626917,-4.6177948156939905,-4.890399638806478,0.6930230259895325,1.2783173588104546e-05,-1.2783173588104546e-05,0.0,0.0,0.0,-1.2783173588104546e-05,0.0,0.0,0.0,0.0,0.0,0.0,0
1786037789,262565612,100.0,-1.7199743429767054,-1.7037213484393519,-1.1327374617206019,-4.617710892354147,-4.890351716672079,0.6929751038551331,1.2783173588104546e-05,-1.2783173588104546e-05,0.0,0.0,0.0,-1.2783173588104546e-05,0.0,0.0,0.0,0.0,0.0,0.0,0
1786037789,282253503,100.0,-1.7199743429767054,-1.7037213484393519,-1.1326773802386683,-4.617758814488546,-4.890387598668234,0.6929870843887329,1.2783173588104546e-05,-1.2783173588104546e-05,0.0,0.0,0.0,-1.2783173588104546e-05,0.0,0.0,0.0,0.0,0.0,0.0,0
1786037789,302895545,100.0,-1.7199385801898401,-1.7037809530841272,-1.1327016989337366,-4.617746893559591,-4.890412036572592,0.6930350065231323,1.2783173588104546e-05,-1.2783173588104546e-05,0.0,0.0,0.0,-1.2783173588104546e-05,0.0,0.0,0.0,0.0,0.0,0.0,0
1786037789,322279453,100.0,-1.7199505011187952,-1.7037809530841272,-1.1327136198626917,-4.617722932492391,-4.890375677739279,0.6930350065231323,1.2783173588104546e-05,-1.2783173588104546e-05,0.0,0.0,0.0,-1.2783173588104546e-05,0.0,0.0,0.0,0.0,0.0,0.0,0
1786037789,342646598,100.0,-1.7199023405658167,-1.7038052717791956,-1.1326773802386683,-4.617746893559591,-4.890351716672079,0.6930350065231323,1.2783173588104546e-05,-1.2783173588104546e-05,0.0,0.0,0.0,-1.2783173588104546e-05,0.0,0.0,0.0,0.0,0.0,0.0,0
1786037789,362297534,100.0,-1.7199981848346155,-1.7037327925311487,-1.1327016989337366,-4.617710892354147,-4.890387598668234,0.6930110454559326,1.2783173588104546e-05,-1.2783173588104546e-05,0.0,0.0,0.0,-1.2783173588104546e-05,0.0,0.0,0.0,0.0,0.0,0.0,0
1786037789,382440090,100.0,-1.71991473833193,-1.7038167158709925,-1.1327374617206019,-4.617758814488546,-4.890387598668234,0.6930110454559326,1.2783173588104546e-05,-1.2783173588104546e-05,0.0,0.0,0.0,-1.2783173588104546e-05,0.0,0.0,0.0,0.0,0.0,0.0,0
1786037789,402310371,100.0,-1.7199862639056605,-1.703757111226217,-1.1327255407916468,-4.617806855832235,-4.890339676533834,0.6929751038551331,1.2783173588104546e-05,-1.2783173588104546e-05,0.0,0.0,0.0,-1.2783173588104546e-05,0.0,0.0,0.0,0.0,0.0,0.0,0
1786037789,422825813,100.0,-1.7199862639056605,-1.7038052717791956,-1.1327255407916468,-4.617770854626791,-4.890412036572592,0.6930110454559326,1.2783173588104546e-05,-1.2783173588104546e-05,0.0,0.0,0.0,-1.2783173588104546e-05,0.0,0.0,0.0,0.0,0.0,0.0,0
1786037789,442411184,100.0,-1.7199505011187952,-1.7037690321551722,-1.1326897780047815,-4.617722932492391,-4.890412036572592,0.6930230259895325,1.2783173588104546e-05,-1.2783173588104546e-05,0.0,0.0,0.0,-1.2783173588104546e-05,0.0,0.0,0.0,0.0,0.0,0.0,0
1786037789,462437391,100.0,-1.7199624220477503,-1.703745190297262,-1.1327136198626917,-4.617758814488546,-4.890399638806478,0.6929990649223328,1.2783173588104546e-05,-1.2783173588104546e-05,0.0,0.0,0.0,-1.2783173588104546e-05,0.0,0.0,0.0,0.0,0.0,0.0,0
1786037789,482366561,100.0,-1.7199862639056605,-1.703757111226217,-1.1326659361468714,-4.617746893559591,-4.890375677739279,0.6929870843887329,1.2783173588104546e-05,-1.2783173588104546e-05,0.0,0.0,0.0,-1.2783173588104546e-05,0.0,0.0,0.0,0.0,0.0,0.0,0
1786037789,502453565,100.0,-1.7199385801898401,-1.7038052717791956,-1.1327136198626917,-4.617770854626791,-4.890375677739279,0.6930230259895325,1.2783173588104546e-05,-1.2783173588104546e-05,0.0,0.0,0.0,-1.2783173588104546e-05,0.0,0.0,0.0,0.0,0.0,0.0,0
1786037789,522327661,100.0,-1.71991473833193,-1.7037809530841272,-1.1327016989337366,-4.6177828947650355,-4.890339676533834,0.6929990649223328,1.2783173588104546e-05,-1.2783173588104546e-05,0.0,0.0,0.0,-1.2783173588104546e-05,0.0,0.0,0.0,0.0,0.0,0.0,0
1786037789,542617559,100.0,-1.7199385801898401,-1.7037928740130823,-1.132749382649557,-4.6177348534213465,-4.890375677739279,0.6929631233215332,1.2783173588104546e-05,-1.2783173588104546e-05,0.0,0.0,0.0,-1.2783173588104546e-05,0.0,0.0,0.0,0.0,0.0,0.0,0
1786037789,562360286,100.0,-1.7199505011187952,-1.7037809530841272,-1.1326897780047815,-4.617758814488546,-4.890399638806478,0.6930110454559326,1.2783173588104546e-05,-1.2783173588104546e-05,0.0,0.0,0.0,-1.2783173588104546e-05,0.0,0.0,0.0,0.0,0.0,0.0,0
1786037789,582552909,100.0,-1.7199624220477503,-1.7037690321551722,-1.1327374617206019,-4.617722932492391,-4.890375677739279,0.6930230259895325,1.2783173588104546e-05,-1.2783173588104546e-05,0.0,0.0,0.0,-1.2783173588104546e-05,0.0,0.0,0.0,0.0,0.0,0.0,0
1786037789,602354288,100.0,-1.7199624220477503,-1.7037690321551722,-1.1327136198626917,-4.617758814488546,-4.890387598668234,0.6930110454559326,1.2783173588104546e-05,-1.2783173588104546e-05,0.0,0.0,0.0,-1.2783173588104546e-05,0.0,0.0,0.0,0.0,0.0,0.0,0
1786037789,622749328,100.0,-1.7199624220477503,-1.7037809530841272,-1.1327136198626917,-4.6177828947650355,-4.890363637601034,0.6929990649223328,1.2783173588104546e-05,-1.2783173588104546e-05,0.0,0.0,0.0,-1.2783173588104546e-05,0.0,0.0,0.0,0.0,0.0,0.0,0
1786037789,642417907,100.0,-1.7199862639056605,-1.7037690321551722,-1.1327016989337366,-4.617758814488546,-4.890363637601034,0.6930110454559326,1.2783173588104546e-05,-1.2783173588104546e-05,0.0,0.0,0.0,-1.2783173588104546e-05,0.0,0.0,0.0,0.0,0.0,0.0,0
1786037789,662462472,100.0,-1.7199624220477503,-1.7037928740130823,-1.1326897780047815,-4.617746893559591,-4.890423957501547,0.6930230259895325,1.2783173588104546e-05,-1.2783173588104546e-05,0.0,0.0,0.0,-1.2783173588104546e-05,0.0,0.0,0.0,0.0,0.0,0.0,0
1786037789,682364702,100.0,-1.7199624220477503,-1.7038167158709925,-1.1327016989337366,-4.6177348534213465,-4.890351716672079,0.6929751038551331,1.2783173588104546e-05,-1.2783173588104546e-05,0.0,0.0,0.0,-1.2783173588104546e-05,0.0,0.0,0.0,0.0,0.0,0.0,0
1786037789,702436208,100.0,-1.7199505011187952,-1.7037690321551722,-1.1326897780047815,-4.6177348534213465,-4.890339676533834,0.6929870843887329,1.2783173588104546e-05,-1.2783173588104546e-05,0.0,0.0,0.0,-1.2783173588104546e-05,0.0,0.0,0.0,0.0,0.0,0.0,0
1786037789,722371339,100.0,-1.719926659260885,-1.7037690321551722,-1.132749382649557,-4.6177828947650355,-4.890351716672079,0.6930110454559326,1.2783173588104546e-05,-1.2783173588104546e-05,0.0,0.0,0.0,0.0,0.0,0.0,0.0,0.0,0.0,0.0,0
1786037789,742813587,100.0,-1.7199862639056605,-1.703757111226217,-1.1327255407916468,-4.6177348534213465,-4.890351716672079,0.6929870843887329,1.2783173588104546e-05,-1.2783173588104546e-05,0.0,0.0,0.0,0.0,0.0,0.0,0.0,0.0,0.0,0.0,0
1786037789,762390851,100.0,-1.7199743429767054,-1.703745190297262,-1.1327374617206019,-4.617710892354147,-4.890375677739279,0.6930469870567322,1.2783173588104546e-05,-1.2783173588104546e-05,0.0,0.0,0.0,0.0,0.0,0.0,0.0,0.0,0.0,0.0,0
1786037789,782415390,100.0,-1.7199743429767054,-1.7037928740130823,-1.1327136198626917,-4.617746893559591,-4.890351716672079,0.6929751038551331,1.2783173588104546e-05,-1.2783173588104546e-05,0.0,0.0,0.0,0.0,0.0,0.0,0.0,0.0,0.0,0.0,0
1786037789,802407026,100.0,-1.7199862639056605,-1.7038052717791956,-1.1326897780047815,-4.617770854626791,-4.890387598668234,0.6930230259895325,1.2783173588104546e-05,-1.2783173588104546e-05,0.0,0.0,0.0,0.0,0.0,0.0,0.0,0.0,0.0,0.0,0
1786037789,822515010,100.0,-1.7199862639056605,-1.7037809530841272,-1.1327016989337366,-4.6177948156939905,-4.890351716672079,0.6929631233215332,1.2783173588104546e-05,-1.2783173588104546e-05,0.0,0.0,0.0,0.0,0.0,0.0,0.0,0.0,0.0,0.0,0
1786037789,842415571,100.0,-1.7199624220477503,-1.7037928740130823,-1.1327136198626917,-4.6177948156939905,-4.890363637601034,0.6929870843887329,1.2783173588104546e-05,-1.2783173588104546e-05,0.0,0.0,0.0,0.0,0.0,0.0,0.0,0.0,0.0,0.0,0
1786037789,862856149,100.0,-1.719926659260885,-1.7038052717791956,-1.1327136198626917,-4.6177828947650355,-4.890375677739279,0.6929751038551331,0.0,-1.2783173588104546e-05,0.0,0.0,0.0,0.0,0.0,0.0,0.0,0.0,0.0,0.0,0
1786037789,882424116,100.0,-1.7199624220477503,-1.7037690321551722,-1.1327255407916468,-4.6177828947650355,-4.890339676533834,0.6929751038551331,0.0,-1.2783173588104546e-05,0.0,0.0,0.0,0.0,0.0,0.0,0.0,0.0,0.0,0.0,0
1786037789,902581930,100.0,-1.7199862639056605,-1.7037327925311487,-1.1327016989337366,-4.6177348534213465,-4.890387598668234,0.6930110454559326,0.0,-1.2783173588104546e-05,0.0,0.0,0.0,0.0,0.0,0.0,0.0,0.0,0.0,0.0,0
1786037789,922362327,100.0,-1.7199624220477503,-1.7038052717791956,-1.1326659361468714,-4.6177348534213465,-4.890375677739279,0.6930230259895325,0.0,-1.2783173588104546e-05,0.0,0.0,0.0,0.0,0.0,0.0,0.0,0.0,0.0,0.0,0
1786037789,942567586,100.0,-1.7199862639056605,-1.7038291136371058,-1.1327374617206019,-4.617758814488546,-4.890423957501547,0.6930110454559326,0.0,-1.2783173588104546e-05,0.0,0.0,0.0,0.0,0.0,0.0,0.0,0.0,0.0,0.0,0
1786037789,962351322,100.0,-1.7199385801898401,-1.7037928740130823,-1.1327374617206019,-4.617686931286947,-4.890363637601034,0.6929990649223328,0.0,-1.2783173588104546e-05,0.0,0.0,0.0,0.0,0.0,0.0,0.0,0.0,0.0,0.0,0
1786037789,982449293,100.0,-1.7199505011187952,-1.703745190297262,-1.1326897780047815,-4.6177828947650355,-4.890387598668234,0.6929870843887329,0.0,-1.2783173588104546e-05,0.0,0.0,0.0,0.0,0.0,0.0,0.0,0.0,0.0,0.0,0
1786037790,2512454,100.0,-1.7199743429767054,-1.7037213484393519,-1.1327136198626917,-4.617758814488546,-4.890339676533834,0.6930230259895325,0.0,-1.2783173588104546e-05,0.0,0.0,0.0,0.0,0.0,0.0,0.0,0.0,0.0,0.0,0
1786037790,22394418,100.0,-1.7199743429767054,-1.7038167158709925,-1.1327374617206019,-4.617758814488546,-4.890363637601034,0.6929870843887329,0.0,-1.2783173588104546e-05,0.0,0.0,0.0,0.0,0.0,0.0,0.0,0.0,0.0,0.0,0
1786037790,42538166,100.0,-1.7199743429767054,-1.7037928740130823,-1.1327255407916468,-4.6177348534213465,-4.890375677739279,0.6930469870567322,0.0,-1.2783173588104546e-05,0.0,0.0,0.0,0.0,0.0,0.0,0.0,0.0,0.0,0.0,0
1786037790,62461376,100.0,-1.7199743429767054,-1.7038052717791956,-1.1327374617206019,-4.6177348534213465,-4.890387598668234,0.6929751038551331,0.0,-1.2783173588104546e-05,0.0,0.0,0.0,0.0,0.0,0.0,0.0,0.0,0.0,0.0,0
1786037790,82332134,100.0,-1.7199385801898401,-1.7037690321551722,-1.1326897780047815,-4.617758814488546,-4.890351716672079,0.6929990649223328,0.0,-1.2783173588104546e-05,0.0,0.0,0.0,0.0,0.0,0.0,0.0,0.0,0.0,0.0,0
1786037790,102529287,100.0,-1.7199981848346155,-1.7038052717791956,-1.1327374617206019,-4.617770854626791,-4.890399638806478,0.6930230259895325,0.0,-1.2783173588104546e-05,0.0,0.0,0.0,0.0,0.0,0.0,0.0,0.0,0.0,0.0,0
1786037790,122273445,100.0,-1.7199624220477503,-1.7037327925311487,-1.132749382649557,-4.6177348534213465,-4.890387598668234,0.6930110454559326,0.0,-1.2783173588104546e-05,0.0,0.0,0.0,0.0,0.0,0.0,0.0,0.0,0.0,0.0,0
1786037790,142416477,100.0,-1.7199862639056605,-1.7038052717791956,-1.1327136198626917,-4.617770854626791,-4.890339676533834,0.6930110454559326,0.0,-1.2783173588104546e-05,0.0,0.0,0.0,0.0,0.0,0.0,0.0,0.0,0.0,0.0,0
1786037790,162266254,100.0,-1.7199624220477503,-1.7037690321551722,-1.1327255407916468,-4.617758814488546,-4.890363637601034,0.6929990649223328,0.0,-1.2783173588104546e-05,0.0,0.0,0.0,0.0,0.0,0.0,0.0,0.0,0.0,0.0,0
1786037790,182516336,100.0,-1.7199385801898401,-1.703745190297262,-1.1327374617206019,-4.617758814488546,-4.890351716672079,0.6930469870567322,0.0,-1.2783173588104546e-05,0.0,0.0,0.0,0.0,0.0,0.0,0.0,0.0,0.0,0.0,0
1786037790,202334880,100.0,-1.719926659260885,-1.7038167158709925,-1.132749382649557,-4.617722932492391,-4.890363637601034,0.6930110454559326,0.0,-1.2783173588104546e-05,0.0,0.0,0.0,0.0,0.0,0.0,0.0,0.0,0.0,0.0,0
1786037790,222412347,100.0,-1.7199505011187952,-1.7038052717791956,-1.1326773802386683,-4.617770854626791,-4.890375677739279,0.6929870843887329,0.0,-1.2783173588104546e-05,0.0,0.0,0.0,0.0,0.0,0.0,0.0,0.0,0.0,0.0,0
1786037790,242377758,100.0,-1.719926659260885,-1.7037809530841272,-1.1327255407916468,-4.6177948156939905,-4.890375677739279,0.6930469870567322,0.0,-1.2783173588104546e-05,0.0,0.0,0.0,0.0,0.0,0.0,0.0,0.0,0.0,0.0,0
1786037790,262650728,100.0,-1.719926659260885,-1.7037809530841272,-1.1327374617206019,-4.617710892354147,-4.890327755604879,0.6929751038551331,0.0,-1.2783173588104546e-05,0.0,0.0,0.0,0.0,0.0,0.0,0.0,0.0,0.0,0.0,0
1786037790,282380819,100.0,-1.7199862639056605,-1.7037928740130823,-1.1326773802386683,-4.6177828947650355,-4.890363637601034,0.6929990649223328,0.0,-1.2783173588104546e-05,0.0,0.0,0.0,0.0,0.0,0.0,0.0,0.0,0.0,0.0,0
1786037790,302649259,100.0,-1.7199743429767054,-1.7037690321551722,-1.1327016989337366,-4.617770854626791,-4.890363637601034,0.6929870843887329,0.0,-1.2783173588104546e-05,0.0,0.0,0.0,0.0,0.0,0.0,0.0,0.0,0.0,0.0,0
1786037790,322331666,100.0,-1.7199743429767054,-1.7038052717791956,-1.1326659361468714,-4.617758814488546,-4.890375677739279,0.6929631233215332,0.0,-1.2783173588104546e-05,0.0,0.0,0.0,0.0,0.0,0.0,0.0,0.0,0.0,0.0,0
1786037790,342596292,100.0,-1.7199624220477503,-1.703757111226217,-1.1327255407916468,-4.617770854626791,-4.890339676533834,0.6930230259895325,0.0,-1.2783173588104546e-05,0.0,0.0,0.0,0.0,0.0,0.0,0.0,0.0,0.0,0.0,0
1786037790,362334728,100.0,-1.7199981848346155,-1.7037809530841272,-1.1326659361468714,-4.617722932492391,-4.890375677739279,0.6929751038551331,0.0,-1.2783173588104546e-05,0.0,0.0,0.0,0.0,0.0,0.0,0.0,0.0,0.0,0.0,0
1786037790,382438421,100.0,-1.719926659260885,-1.703757111226217,-1.132749382649557,-4.617758814488546,-4.890375677739279,0.6930230259895325,0.0,-1.2783173588104546e-05,0.0,0.0,0.0,0.0,0.0,0.0,0.0,0.0,0.0,0.0,0
1786037790,402827024,100.0,-1.7199624220477503,-1.7037690321551722,-1.132749382649557,-4.617710892354147,-4.890351716672079,0.6929870843887329,0.0,-1.2783173588104546e-05,0.0,0.0,0.0,0.0,0.0,0.0,0.0,0.0,0.0,0.0,0
1786037790,422671079,100.0,-1.7199624220477503,-1.7037809530841272,-1.1326897780047815,-4.617722932492391,-4.890351716672079,0.6929870843887329,0.0,-1.2783173588104546e-05,0.0,0.0,0.0,0.0,0.0,0.0,0.0,0.0,0.0,0.0,0
1786037790,442449569,100.0,-1.7199505011187952,-1.7037213484393519,-1.1326897780047815,-4.617710892354147,-4.890399638806478,0.6929631233215332,0.0,-1.2783173588104546e-05,0.0,0.0,0.0,0.0,0.0,0.0,0.0,0.0,0.0,0.0,0
1786037790,462536334,100.0,-1.719926659260885,-1.7037690321551722,-1.1327374617206019,-4.617746893559591,-4.890339676533834,0.6930230259895325,0.0,-1.2783173588104546e-05,0.0,0.0,0.0,0.0,0.0,0.0,0.0,0.0,0.0,0.0,0
1786037790,482308149,100.0,-1.7199743429767054,-1.7037928740130823,-1.1327374617206019,-4.617722932492391,-4.890387598668234,0.6930110454559326,0.0,-1.2783173588104546e-05,0.0,0.0,0.0,0.0,0.0,0.0,0.0,0.0,0.0,0.0,0
1786037790,502502441,100.0,-1.7199505011187952,-1.7037809530841272,-1.1326773802386683,-4.617758814488546,-4.890387598668234,0.6929990649223328,0.0,-1.2783173588104546e-05,0.0,0.0,0.0,0.0,0.0,0.0,0.0,0.0,0.0,0.0,0
1786037790,522303581,100.0,-1.719926659260885,-1.703757111226217,-1.1327016989337366,-4.617722932492391,-4.890351716672079,0.6930469870567322,0.0,-1.2783173588104546e-05,0.0,0.0,0.0,0.0,0.0,0.0,0.0,0.0,0.0,0.0,0
1786037790,542569637,100.0,-1.7199981848346155,-1.7038052717791956,-1.1327016989337366,-4.6177828947650355,-4.890363637601034,0.6929511427879333,0.0,-1.2783173588104546e-05,0.0,0.0,0.0,0.0,0.0,0.0,0.0,0.0,0.0,0.0,0
1786037790,562371253,100.0,-1.7199624220477503,-1.7037690321551722,-1.1326659361468714,-4.617758814488546,-4.890351716672079,0.6929631233215332,0.0,-1.2783173588104546e-05,0.0,0.0,0.0,0.0,0.0,0.0,0.0,0.0,0.0,0.0,0
1786037790,582534074,100.0,-1.7199862639056605,-1.7038410345660608,-1.1327016989337366,-4.617758814488546,-4.890375677739279,0.6930230259895325,0.0,-1.2783173588104546e-05,0.0,0.0,0.0,0.0,0.0,0.0,0.0,0.0,0.0,0.0,0
1786037790,602334737,100.0,-1.7199505011187952,-1.7037809530841272,-1.1327016989337366,-4.617722932492391,-4.890399638806478,0.6930230259895325,0.0,-1.2783173588104546e-05,0.0,0.0,0.0,0.0,0.0,0.0,0.0,0.0,0.0,0.0,0
1786037790,622595310,100.0,-1.7199743429767054,-1.7037809530841272,-1.1327374617206019,-4.617758814488546,-4.890412036572592,0.6929870843887329,0.0,-1.2783173588104546e-05,0.0,0.0,0.0,0.0,0.0,0.0,0.0,0.0,0.0,0.0,0
1786037790,642518520,100.0,-1.719926659260885,-1.7037809530841272,-1.1327255407916468,-4.617746893559591,-4.890387598668234,0.6929631233215332,0.0,-1.2783173588104546e-05,0.0,0.0,0.0,0.0,0.0,0.0,0.0,0.0,0.0,0.0,0
1786037790,662460565,100.0,-1.7199624220477503,-1.7038167158709925,-1.1327016989337366,-4.6177828947650355,-4.890399638806478,0.6929631233215332,0.0,-1.2783173588104546e-05,0.0,0.0,0.0,0.0,0.0,0.0,0.0,0.0,0.0,0.0,0
1786037790,682353258,100.0,-1.7199385801898401,-1.7037928740130823,-1.1327016989337366,-4.617746893559591,-4.890399638806478,0.6930230259895325,0.0,-1.2783173588104546e-05,0.0,0.0,0.0,0.0,0.0,0.0,0.0,0.0,0.0,0.0,0
1786037790,702643871,100.0,-1.71991473833193,-1.7037809530841272,-1.1326897780047815,-4.6177948156939905,-4.890412036572592,0.6929870843887329,0.0,-0.0,0.0,0.0,0.0,0.0,0.0,0.0,0.0,0.0,0.0,0.0,0
1786037790,722413063,100.0,-1.7199981848346155,-1.7038167158709925,-1.1327016989337366,-4.617722932492391,-4.890375677739279,0.6929990649223328,0.0,-0.0,0.0,0.0,0.0,0.0,0.0,0.0,0.0,0.0,0.0,0.0,0
1786037790,742523908,100.0,-1.7199743429767054,-1.7038167158709925,-1.1327255407916468,-4.617806855832235,-4.890375677739279,0.6929990649223328,0.0,-0.0,0.0,0.0,0.0,0.0,0.0,0.0,0.0,0.0,0.0,0.0,0
1786037790,762346982,100.0,-1.7199505011187952,-1.703757111226217,-1.132749382649557,-4.617758814488546,-4.890387598668234,0.6930230259895325,0.0,-0.0,0.0,0.0,0.0,0.0,0.0,0.0,0.0,0.0,0.0,0.0,0
1786037790,782511711,100.0,-1.71991473833193,-1.7037809530841272,-1.1327136198626917,-4.617746893559591,-4.890351716672079,0.6930230259895325,0.0,-0.0,0.0,0.0,0.0,0.0,0.0,0.0,0.0,0.0,0.0,0.0,0
1786037790,802355289,100.0,-1.7199023405658167,-1.7037809530841272,-1.1326897780047815,-4.6177348534213465,-4.890351716672079,0.6930230259895325,0.0,-0.0,0.0,0.0,0.0,0.0,0.0,0.0,0.0,0.0,0.0,0.0,0
1786037790,822501659,100.0,-1.719926659260885,-1.7038167158709925,-1.1326897780047815,-4.617770854626791,-4.890412036572592,0.6930350065231323,0.0,-0.0,0.0,0.0,0.0,0.0,0.0,0.0,0.0,0.0,0.0,0.0,0
1786037790,842559337,100.0,-1.7199862639056605,-1.7038052717791956,-1.1327136198626917,-4.617746893559591,-4.890339676533834,0.6930110454559326,0.0,-0.0,0.0,0.0,0.0,0.0,0.0,0.0,0.0,0.0,0.0,0.0,0
1786037790,862712860,100.0,-1.7199624220477503,-1.703757111226217,-1.1327374617206019,-4.617770854626791,-4.890363637601034,0.6929870843887329,0.0,-0.0,0.0,0.0,0.0,0.0,0.0,0.0,0.0,0.0,0.0,0.0,0
1786037790,882423877,100.0,-1.7199385801898401,-1.7037809530841272,-1.1327136198626917,-4.6177948156939905,-4.890363637601034,0.6930350065231323,0.0,-0.0,0.0,0.0,0.0,0.0,0.0,0.0,0.0,0.0,0.0,0.0,0
1786037790,902791976,100.0,-1.719926659260885,-1.7037213484393519,-1.1326897780047815,-4.617722932492391,-4.890375677739279,0.6929751038551331,0.0,-0.0,0.0,0.0,0.0,0.0,0.0,0.0,0.0,0.0,0.0,0.0,0
1786037790,922410726,100.0,-1.71991473833193,-1.7038291136371058,-1.1327255407916468,-4.617746893559591,-4.890375677739279,0.6929990649223328,0.0,-0.0,0.0,0.0,0.0,0.0,0.0,0.0,0.0,0.0,0.0,0.0,0
1786037790,942748308,100.0,-1.7199385801898401,-1.7037690321551722,-1.1327374617206019,-4.6177348534213465,-4.890399638806478,0.6930110454559326,0.0,-0.0,0.0,0.0,0.0,0.0,0.0,0.0,0.0,0.0,0.0,0.0,0
1786037790,962446689,100.0,-1.719926659260885,-1.7037690321551722,-1.1326897780047815,-4.617746893559591,-4.890375677739279,0.6930110454559326,0.0,-0.0,0.0,0.0,0.0,0.0,0.0,0.0,0.0,0.0,0.0,0.0,0
1786037790,982747316,100.0,-1.719926659260885,-1.7038052717791956,-1.1326897780047815,-4.617710892354147,-4.890387598668234,0.6930230259895325,0.0,-0.0,0.0,0.0,0.0,0.0,0.0,0.0,0.0,0.0,0.0,0.0,0
1786037791,2420186,100.0,-1.7200105826007288,-1.7038052717791956,-1.1327136198626917,-4.617710892354147,-4.890327755604879,0.6930469870567322,0.0,-0.0,0.0,0.0,0.0,0.0,0.0,0.0,0.0,0.0,0.0,0.0,0
1786037791,22714138,100.0,-1.7199743429767054,-1.7037809530841272,-1.1327374617206019,-4.617746893559591,-4.890351716672079,0.6930110454559326,0.0,-0.0,0.0,0.0,0.0,0.0,0.0,0.0,0.0,0.0,0.0,0.0,0
1786037791,42912006,100.0,-1.7199862639056605,-1.7038052717791956,-1.1327374617206019,-4.617746893559591,-4.890399638806478,0.6930230259895325,0.0,-0.0,0.0,0.0,0.0,0.0,0.0,0.0,0.0,0.0,0.0,0.0,0
1786037791,62455177,100.0,-1.7199624220477503,-1.7038167158709925,-1.1327136198626917,-4.617746893559591,-4.890387598668234,0.6930110454559326,0.0,-0.0,0.0,0.0,0.0,0.0,0.0,0.0,0.0,0.0,0.0,0.0,0
1786037791,82381963,100.0,-1.7199023405658167,-1.7038291136371058,-1.1326773802386683,-4.617746893559591,-4.890387598668234,0.6930230259895325,0.0,-0.0,0.0,0.0,0.0,0.0,0.0,0.0,0.0,0.0,0.0,0.0,0
1786037791,102551221,100.0,-1.7199505011187952,-1.703757111226217,-1.1327255407916468,-4.6177948156939905,-4.890327755604879,0.6929751038551331,0.0,-0.0,0.0,0.0,0.0,0.0,0.0,0.0,0.0,0.0,0.0,0.0,0
1786037791,122453689,100.0,-1.71991473833193,-1.7038167158709925,-1.1327255407916468,-4.617746893559591,-4.890363637601034,0.6930230259895325,0.0,-0.0,0.0,0.0,0.0,0.0,0.0,0.0,0.0,0.0,0.0,0.0,0
1786037791,142678260,100.0,-1.7199624220477503,-1.7038052717791956,-1.1327374617206019,-4.617722932492391,-4.890351716672079,0.6929751038551331,0.0,-0.0,0.0,0.0,0.0,0.0,0.0,0.0,0.0,0.0,0.0,0.0,0
1786037791,162394285,100.0,-1.7199505011187952,-1.7037690321551722,-1.1327136198626917,-4.617758814488546,-4.890363637601034,0.6929990649223328,0.0,-0.0,0.0,0.0,0.0,0.0,0.0,0.0,0.0,0.0,0.0,0.0,0
1786037791,182779312,100.0,-1.7199385801898401,-1.7037690321551722,-1.1326773802386683,-4.6177348534213465,-4.890339676533834,0.6930110454559326,0.0,-0.0,0.0,0.0,0.0,0.0,0.0,0.0,0.0,0.0,0.0,0.0,0
1786037791,202350378,100.0,-1.71991473833193,-1.7038410345660608,-1.1327016989337366,-4.617722932492391,-4.890375677739279,0.6930110454559326,0.0,-0.0,0.0,0.0,0.0,0.0,0.0,0.0,0.0,0.0,0.0,0.0,0
1786037791,222703933,100.0,-1.7199385801898401,-1.7037809530841272,-1.1327374617206019,-4.617698971425192,-4.890412036572592,0.693058967590332,0.0,-0.0,0.0,0.0,0.0,0.0,0.0,0.0,0.0,0.0,0.0,0.0,0
1786037791,242750644,100.0,-1.7199981848346155,-1.7037690321551722,-1.1327136198626917,-4.617770854626791,-4.890375677739279,0.6929990649223328,0.0,-0.0,0.0,0.0,0.0,0.0,0.0,0.0,0.0,0.0,0.0,0.0,0
1786037791,262505531,100.0,-1.7199624220477503,-1.7037928740130823,-1.1326897780047815,-4.6177348534213465,-4.890399638806478,0.6929870843887329,0.0,-0.0,0.0,0.0,0.0,0.0,0.0,0.0,0.0,0.0,0.0,0.0,0
1786037791,282400369,100.0,-1.719926659260885,-1.7037928740130823,-1.1327374617206019,-4.617746893559591,-4.890339676533834,0.6929990649223328,0.0,-0.0,0.0,0.0,0.0,0.0,0.0,0.0,0.0,0.0,0.0,0.0,0
1786037791,302693605,100.0,-1.7199385801898401,-1.7037809530841272,-1.1327016989337366,-4.6177948156939905,-4.890363637601034,0.6930350065231323,0.0,-0.0,0.0,0.0,0.0,0.0,0.0,0.0,0.0,0.0,0.0,0.0,0
1786037791,322784423,100.0,-1.7199624220477503,-1.7038052717791956,-1.1326773802386683,-4.617746893559591,-4.890387598668234,0.6930230259895325,0.0,-0.0,0.0,0.0,0.0,0.0,0.0,0.0,0.0,0.0,0.0,0.0,0
1786037791,342679738,100.0,-1.7199624220477503,-1.7037809530841272,-1.1326897780047815,-4.6177828947650355,-4.890399638806478,0.6930350065231323,0.0,-0.0,0.0,0.0,0.0,0.0,0.0,0.0,0.0,0.0,0.0,0.0,0
1786037791,363434553,100.0,-1.7199981848346155,-1.7038410345660608,-1.1327255407916468,-4.617722932492391,-4.890387598668234,0.6929990649223328,0.0,-0.0,0.0,0.0,0.0,0.0,0.0,0.0,0.0,0.0,0.0,0.0,0
1786037791,383075952,100.0,-1.71991473833193,-1.7037809530841272,-1.1327016989337366,-4.6177348534213465,-4.890387598668234,0.6929990649223328,0.0,-0.0,0.0,0.0,0.0,0.0,0.0,0.0,0.0,0.0,0.0,0.0,0
1786037791,402543783,100.0,-1.7199505011187952,-1.7038167158709925,-1.132749382649557,-4.617710892354147,-4.890339676533834,0.6930230259895325,0.0,-0.0,0.0,0.0,0.0,0.0,0.0,0.0,0.0,0.0,0.0,0.0,0
1786037791,422503948,100.0,-1.7199505011187952,-1.703852955495016,-1.1327016989337366,-4.617710892354147,-4.890363637601034,0.6930350065231323,0.0,-0.0,0.0,0.0,0.0,0.0,0.0,0.0,0.0,0.0,0.0,0.0,0
1786037791,442310810,100.0,-1.7199385801898401,-1.7037928740130823,-1.1326773802386683,-4.6177828947650355,-4.890399638806478,0.6929990649223328,0.0,-0.0,0.0,0.0,0.0,0.0,0.0,0.0,0.0,0.0,0.0,0.0,0
1786037791,462420225,100.0,-1.7199505011187952,-1.7038167158709925,-1.1326773802386683,-4.617746893559591,-4.890375677739279,0.6929751038551331,0.0,-0.0,0.0,0.0,0.0,0.0,0.0,0.0,0.0,0.0,0.0,0.0,0
1786037791,483086347,100.0,-1.7200105826007288,-1.7037809530841272,-1.1326659361468714,-4.617698971425192,-4.890339676533834,0.6929870843887329,0.0,-0.0,0.0,0.0,0.0,0.0,0.0,0.0,0.0,0.0,0.0,0.0,0
1786037791,502444267,100.0,-1.7199385801898401,-1.703852955495016,-1.1327255407916468,-4.617758814488546,-4.890399638806478,0.6929990649223328,0.0,-0.0,0.0,0.0,0.0,0.0,0.0,0.0,0.0,0.0,0.0,0.0,0
1786037791,522438049,100.0,-1.7199981848346155,-1.703757111226217,-1.1327016989337366,-4.617758814488546,-4.890387598668234,0.6930350065231323,0.0,-0.0,0.0,0.0,0.0,0.0,0.0,0.0,0.0,0.0,0.0,0.0,0
1786037791,542450904,100.0,-1.7199981848346155,-1.7037690321551722,-1.1327016989337366,-4.617722932492391,-4.890375677739279,0.6930110454559326,0.0,-0.0,0.0,0.0,0.0,0.0,0.0,0.0,0.0,0.0,0.0,0.0,0
1786037791,562351942,100.0,-1.7199862639056605,-1.7037809530841272,-1.1327255407916468,-4.6177948156939905,-4.890351716672079,0.6930469870567322,0.0,-0.0,0.0,0.0,0.0,0.0,0.0,0.0,0.0,0.0,0.0,0.0,0
1786037791,582454681,100.0,-1.7199385801898401,-1.7037690321551722,-1.1327016989337366,-4.617746893559591,-4.890399638806478,0.6930110454559326,0.0,-0.0,0.0,0.0,0.0,0.0,0.0,0.0,0.0,0.0,0.0,0.0,0
1786037791,602408885,100.0,-1.7199743429767054,-1.7038167158709925,-1.1327255407916468,-4.61781877676119,-4.890423957501547,0.6929990649223328,0.0,-0.0,0.0,0.0,0.0,0.0,0.0,0.0,0.0,0.0,0.0,0.0,0
1786037791,622434616,100.0,-1.7199862639056605,-1.7037327925311487,-1.1327255407916468,-4.6177348534213465,-4.890375677739279,0.6929990649223328,0.0,-0.0,0.0,0.0,0.0,0.0,0.0,0.0,0.0,0.0,0.0,0.0,0
1786037791,642410039,100.0,-1.7199385801898401,-1.7038167158709925,-1.1327255407916468,-4.617758814488546,-4.890387598668234,0.6929631233215332,0.0,-0.0,0.0,0.0,0.0,0.0,0.0,0.0,0.0,0.0,0.0,0.0,0
1786037791,662453651,100.0,-1.719926659260885,-1.7038167158709925,-1.1326659361468714,-4.6177348534213465,-4.890363637601034,0.6929870843887329,0.0,-0.0,0.0,0.0,0.0,0.0,0.0,0.0,0.0,0.0,0.0,0.0,0
1786037791,682651281,100.0,-1.7199743429767054,-1.703757111226217,-1.1327255407916468,-4.617806855832235,-4.890387598668234,0.6930110454559326,0.0,-0.0,0.0,0.0,0.0,0.0,0.0,0.0,0.0,0.0,0.0,0.0,0
1786037791,702518224,100.0,-1.7199385801898401,-1.7037809530841272,-1.1327374617206019,-4.6177948156939905,-4.890339676533834,0.6929990649223328,0.0,-0.0,0.0,0.0,0.0,0.0,0.0,0.0,0.0,0.0,0.0,0.0,0
1786037791,722341060,100.0,-1.7199624220477503,-1.7037809530841272,-1.1326897780047815,-4.6177348534213465,-4.890327755604879,0.6930110454559326,0.0,-0.0,0.0,0.0,0.0,0.0,0.0,0.0,0.0,0.0,0.0,0.0,0
1786037791,742590904,100.0,-1.7199624220477503,-1.7037690321551722,-1.1327255407916468,-4.617758814488546,-4.890399638806478,0.6929990649223328,0.0,-0.0,0.0,0.0,0.0,0.0,0.0,0.0,0.0,0.0,0.0,0.0,0
1786037791,763034105,100.0,-1.7199862639056605,-1.7037690321551722,-1.132761303578512,-4.6177348534213465,-4.890399638806478,0.6930110454559326,0.0,-0.0,0.0,0.0,0.0,0.0,0.0,0.0,0.0,0.0,0.0,0.0,0
1786037791,782572746,100.0,-1.7199624220477503,-1.7038052717791956,-1.1327136198626917,-4.617722932492391,-4.890387598668234,0.6930110454559326,0.0,-0.0,0.0,0.0,0.0,0.0,0.0,0.0,0.0,0.0,0.0,0.0,0
1786037791,802353143,100.0,-1.7199981848346155,-1.7037928740130823,-1.1327016989337366,-4.617722932492391,-4.890399638806478,0.6929870843887329,0.0,-0.0,0.0,0.0,0.0,0.0,0.0,0.0,0.0,0.0,0.0,0.0,0
1786037791,822449445,100.0,-1.7199624220477503,-1.7037809530841272,-1.1327374617206019,-4.617770854626791,-4.890387598668234,0.6929511427879333,0.0,-0.0,0.0,0.0,0.0,0.0,0.0,0.0,0.0,0.0,0.0,0.0,0
1786037791,842608213,100.0,-1.7199023405658167,-1.7038167158709925,-1.1327374617206019,-4.617722932492391,-4.890363637601034,0.6930230259895325,0.0,-0.0,0.0,0.0,0.0,0.0,0.0,0.0,0.0,0.0,0.0,0.0,0
1786037791,863346576,100.0,-1.719926659260885,-1.7037928740130823,-1.1327255407916468,-4.617758814488546,-4.890399638806478,0.6930230259895325,0.0,-0.0,0.0,0.0,0.0,0.0,0.0,0.0,0.0,0.0,0.0,0.0,0
1786037791,882603883,100.0,-1.7199385801898401,-1.7037928740130823,-1.1327136198626917,-4.6177348534213465,-4.890339676533834,0.6929870843887329,0.0,-0.0,0.0,0.0,0.0,0.0,0.0,0.0,0.0,0.0,0.0,0.0,0
1786037791,902459621,100.0,-1.71991473833193,-1.703745190297262,-1.132761303578512,-4.617746893559591,-4.890351716672079,0.6929631233215332,0.0,-0.0,0.0,0.0,0.0,0.0,0.0,0.0,0.0,0.0,0.0,0.0,0
1786037791,922530651,100.0,-1.7199743429767054,-1.703757111226217,-1.1327374617206019,-4.6177348534213465,-4.890363637601034,0.6929990649223328,0.0,-0.0,0.0,0.0,0.0,0.0,0.0,0.0,0.0,0.0,0.0,0.0,0
1786037791,942557096,100.0,-1.7199624220477503,-1.7038410345660608,-1.1326897780047815,-4.617758814488546,-4.890363637601034,0.6930350065231323,0.0,-0.0,0.0,0.0,0.0,0.0,0.0,0.0,0.0,0.0,0.0,0.0,0
1786037791,962314605,100.0,-1.7199023405658167,-1.7037690321551722,-1.1326773802386683,-4.617770854626791,-4.890363637601034,0.6929990649223328,0.0,-0.0,0.0,0.0,0.0,0.0,0.0,0.0,0.0,0.0,0.0,0.0,0
1786037791,982455015,100.0,-1.7199624220477503,-1.703757111226217,-1.132749382649557,-4.6177828947650355,-4.890339676533834,0.6930110454559326,0.0,-0.0,0.0,0.0,0.0,0.0,0.0,0.0,0.0,0.0,0.0,0.0,0
1786037792,2331733,100.0,-1.7199505011187952,-1.7037809530841272,-1.1327016989337366,-4.6177828947650355,-4.890363637601034,0.6929990649223328,0.0,-0.0,0.0,0.0,0.0,0.0,0.0,0.0,0.0,0.0,0.0,0.0,0
1786037792,22543191,100.0,-1.7199505011187952,-1.703757111226217,-1.1327374617206019,-4.6177348534213465,-4.890412036572592,0.6930350065231323,0.0,-0.0,0.0,0.0,0.0,0.0,0.0,0.0,0.0,0.0,0.0,0.0,0
1786037792,42543411,100.0,-1.7199624220477503,-1.7038167158709925,-1.1326897780047815,-4.617758814488546,-4.890363637601034,0.6930230259895325,0.0,-0.0,0.0,0.0,0.0,0.0,0.0,0.0,0.0,0.0,0.0,0.0,0
1786037792,62446355,100.0,-1.7199505011187952,-1.7038167158709925,-1.1327255407916468,-4.617770854626791,-4.890339676533834,0.6929870843887329,0.0,-0.0,0.0,0.0,0.0,0.0,0.0,0.0,0.0,0.0,0.0,0.0,0
1786037792,82376241,100.0,-1.719926659260885,-1.7038052717791956,-1.1326897780047815,-4.617758814488546,-4.890399638806478,0.6929990649223328,0.0,-0.0,0.0,0.0,0.0,0.0,0.0,0.0,0.0,0.0,0.0,0.0,0
1786037792,102542161,100.0,-1.7199862639056605,-1.703876797352926,-1.1327374617206019,-4.617746893559591,-4.890423957501547,0.6930110454559326,0.0,-0.0,0.0,0.0,0.0,0.0,0.0,0.0,0.0,0.0,0.0,0.0,0
1786037792,122372150,100.0,-1.7199505011187952,-1.7038167158709925,-1.1326897780047815,-4.6177348534213465,-4.890375677739279,0.6929631233215332,0.0,-0.0,0.0,0.0,0.0,0.0,0.0,0.0,0.0,0.0,0.0,0.0,0
1786037792,142566442,100.0,-1.719926659260885,-1.7038052717791956,-1.1327255407916468,-4.6177348534213465,-4.890387598668234,0.6930110454559326,0.0,-0.0,0.0,0.0,0.0,0.0,0.0,0.0,0.0,0.0,0.0,0.0,0
1786037792,162350893,100.0,-1.71991473833193,-1.7038167158709925,-1.1327136198626917,-4.6177948156939905,-4.890399638806478,0.6930469870567322,0.0,-0.0,0.0,0.0,0.0,0.0,0.0,0.0,0.0,0.0,0.0,0.0,0
1786037792,182447910,100.0,-1.7199624220477503,-1.7038410345660608,-1.1326540152179163,-4.617722932492391,-4.890351716672079,0.6930350065231323,0.0,-0.0,0.0,0.0,0.0,0.0,0.0,0.0,0.0,0.0,0.0,0.0,0
1786037792,202348947,100.0,-1.7199862639056605,-1.703852955495016,-1.1326897780047815,-4.617746893559591,-4.890387598668234,0.6930350065231323,0.0,-0.0,0.0,0.0,0.0,0.0,0.0,0.0,0.0,0.0,0.0,0.0,0
1786037792,222460985,100.0,-1.7199505011187952,-1.7037809530841272,-1.132749382649557,-4.617770854626791,-4.890375677739279,0.6930230259895325,0.0,-0.0,0.0,0.0,0.0,0.0,0.0,0.0,0.0,0.0,0.0,0.0,0
1786037792,242422819,100.0,-1.7199624220477503,-1.7038291136371058,-1.1327374617206019,-4.617758814488546,-4.890399638806478,0.6929990649223328,0.0,-0.0,0.0,0.0,0.0,0.0,0.0,0.0,0.0,0.0,0.0,0.0,0
1786037792,262581586,100.0,-1.7199624220477503,-1.7038167158709925,-1.132749382649557,-4.617758814488546,-4.890375677739279,0.6930230259895325,0.0,-0.0,0.0,0.0,0.0,0.0,0.0,0.0,0.0,0.0,0.0,0.0,0
1786037792,282351732,100.0,-1.7199862639056605,-1.7037928740130823,-1.1326659361468714,-4.617722932492391,-4.890375677739279,0.6929990649223328,0.0,-0.0,0.0,0.0,0.0,0.0,0.0,0.0,0.0,0.0,0.0,0.0,0
1786037792,302566289,100.0,-1.719926659260885,-1.7038291136371058,-1.1327016989337366,-4.617770854626791,-4.890375677739279,0.6930230259895325,0.0,-0.0,0.0,0.0,0.0,0.0,0.0,0.0,0.0,0.0,0.0,0.0,0
1786037792,322530508,100.0,-1.7199505011187952,-1.7038052717791956,-1.1327136198626917,-4.6177348534213465,-4.890375677739279,0.6930110454559326,0.0,-0.0,0.0,0.0,0.0,0.0,0.0,0.0,0.0,0.0,0.0,0.0,0
1786037792,342658042,100.0,-1.7199505011187952,-1.7038052717791956,-1.1327136198626917,-4.6177348534213465,-4.890375677739279,0.6930110454559326,0.0,-0.0,0.0,0.0,0.0,0.0,0.0,0.0,0.0,0.0,0.0,0.0,0
1786037792,362639188,100.0,-1.71991473833193,-1.703745190297262,-1.1327255407916468,-4.6177948156939905,-4.890399638806478,0.6929631233215332,0.0,-0.0,0.0,0.0,0.0,0.0,0.0,0.0,0.0,0.0,0.0,0.0,0
1786037792,382606744,100.0,-1.71991473833193,-1.703745190297262,-1.1327255407916468,-4.6177948156939905,-4.890399638806478,0.6929631233215332,0.0,-0.0,0.0,0.0,0.0,0.0,0.0,0.0,0.0,0.0,0.0,0.0,0
1786037792,402400970,100.0,-1.7199862639056605,-1.7038052717791956,-1.132749382649557,-4.617722932492391,-4.890387598668234,0.6930110454559326,0.0,-0.0,0.0,0.0,0.0,0.0,0.0,0.0,0.0,0.0,0.0,0.0,0
1786037792,422551155,100.0,-1.7199385801898401,-1.7037690321551722,-1.1327016989337366,-4.6177348534213465,-4.890375677739279,0.6930110454559326,0.0,-0.0,0.0,0.0,0.0,0.0,0.0,0.0,0.0,0.0,0.0,0.0,0
1786037792,442415952,100.0,-1.7199505011187952,-1.703745190297262,-1.1327136198626917,-4.617722932492391,-4.890375677739279,0.6930110454559326,0.0,-0.0,0.0,0.0,0.0,0.0,0.0,0.0,0.0,0.0,0.0,0.0,0
1786037792,462552785,100.0,-1.7199862639056605,-1.7037809530841272,-1.1327136198626917,-4.6177348534213465,-4.890363637601034,0.6930469870567322,0.0,-0.0,0.0,0.0,0.0,0.0,0.0,0.0,0.0,0.0,0.0,0.0,0
1786037792,482446670,100.0,-1.7199624220477503,-1.7037809530841272,-1.132749382649557,-4.617770854626791,-4.890339676533834,0.6930230259895325,0.0,-0.0,0.0,0.0,0.0,0.0,0.0,0.0,0.0,0.0,0.0,0.0,0
1786037792,502537488,100.0,-1.7199981848346155,-1.7037809530841272,-1.1327255407916468,-4.6177828947650355,-4.890387598668234,0.6930230259895325,0.0,-0.0,0.0,0.0,0.0,0.0,0.0,0.0,0.0,0.0,0.0,0.0,0
1786037792,522353649,100.0,-1.7199624220477503,-1.703757111226217,-1.1326773802386683,-4.617770854626791,-4.890387598668234,0.6929751038551331,0.0,-0.0,0.0,0.0,0.0,0.0,0.0,0.0,0.0,0.0,0.0,0.0,0
1786037792,542594909,100.0,-1.7199385801898401,-1.7038167158709925,-1.1327136198626917,-4.617746893559591,-4.890412036572592,0.6930709481239319,0.0,-0.0,0.0,0.0,0.0,0.0,0.0,0.0,0.0,0.0,0.0,0.0,0
1786037792,562563896,100.0,-1.7199743429767054,-1.7037690321551722,-1.1327016989337366,-4.617758814488546,-4.890399638806478,0.6929751038551331,0.0,-0.0,0.0,0.0,0.0,0.0,0.0,0.0,0.0,0.0,0.0,0.0,0
1786037792,582438945,100.0,-1.7199862639056605,-1.7037809530841272,-1.1327016989337366,-4.6177348534213465,-4.890387598668234,0.6929631233215332,0.0,-0.0,0.0,0.0,0.0,0.0,0.0,0.0,0.0,0.0,0.0,0.0,0
1786037792,602631092,100.0,-1.7199385801898401,-1.703852955495016,-1.1326773802386683,-4.617770854626791,-4.890363637601034,0.6930230259895325,0.0,-0.0,0.0,0.0,0.0,0.0,0.0,0.0,0.0,0.0,0.0,0.0,0
1786037792,622436523,100.0,-1.7199505011187952,-1.7037809530841272,-1.1327016989337366,-4.617770854626791,-4.890399638806478,0.6930469870567322,0.0,-0.0,0.0,0.0,0.0,0.0,0.0,0.0,0.0,0.0,0.0,0.0,0
1786037792,643342256,100.0,-1.7199505011187952,-1.7037928740130823,-1.1326540152179163,-4.617758814488546,-4.890387598668234,0.6930230259895325,0.0,-0.0,0.0,0.0,0.0,0.0,0.0,0.0,0.0,0.0,0.0,0.0,0
1786037792,662498235,100.0,-1.7199624220477503,-1.7037809530841272,-1.132761303578512,-4.617746893559591,-4.890399638806478,0.6930469870567322,0.0,-0.0,0.0,0.0,0.0,0.0,0.0,0.0,0.0,0.0,0.0,0.0,0
1786037792,682338714,100.0,-1.7199862639056605,-1.7038410345660608,-1.132749382649557,-4.6177348534213465,-4.890327755604879,0.6929631233215332,0.0,-0.0,0.0,0.0,0.0,0.0,0.0,0.0,0.0,0.0,0.0,0.0,0
1786037792,702513217,100.0,-1.7199385801898401,-1.703757111226217,-1.1326897780047815,-4.617758814488546,-4.890351716672079,0.6930350065231323,0.0,-0.0,0.0,0.0,0.0,0.0,0.0,0.0,0.0,0.0,0.0,0.0,0
1786037792,722401618,100.0,-1.7199624220477503,-1.7038052717791956,-1.1327136198626917,-4.617746893559591,-4.890387598668234,0.6929870843887329,0.0,-0.0,0.0,0.0,0.0,0.0,0.0,0.0,0.0,0.0,0.0,0.0,0
1786037792,742733716,100.0,-1.7199624220477503,-1.7037690321551722,-1.1327374617206019,-4.617758814488546,-4.890387598668234,0.6930110454559326,0.0,-0.0,0.0,0.0,0.0,0.0,0.0,0.0,0.0,0.0,0.0,0.0,0
1786037792,762374877,100.0,-1.71991473833193,-1.703757111226217,-1.1327136198626917,-4.617758814488546,-4.890399638806478,0.6929631233215332,0.0,-0.0,0.0,0.0,0.0,0.0,0.0,0.0,0.0,0.0,0.0,0.0,0
1786037792,782674789,100.0,-1.719926659260885,-1.703757111226217,-1.1327136198626917,-4.617746893559591,-4.890351716672079,0.6929990649223328,0.0,-0.0,0.0,0.0,0.0,0.0,0.0,0.0,0.0,0.0,0.0,0.0,0
1786037792,802381515,100.0,-1.719926659260885,-1.7038410345660608,-1.1327016989337366,-4.6177948156939905,-4.890351716672079,0.6930230259895325,0.0,-0.0,0.0,0.0,0.0,0.0,0.0,0.0,0.0,0.0,0.0,0.0,0
1786037792,822552919,100.0,-1.7199743429767054,-1.7037928740130823,-1.1327374617206019,-4.617710892354147,-4.890399638806478,0.6930110454559326,0.0,-0.0,0.0,0.0,0.0,0.0,0.0,0.0,0.0,0.0,0.0,0.0,0
1786037792,842531681,100.0,-1.7199862639056605,-1.7038291136371058,-1.1326773802386683,-4.617746893559591,-4.890387598668234,0.6930350065231323,0.0,-0.0,0.0,0.0,0.0,0.0,0.0,0.0,0.0,0.0,0.0,0.0,0
1786037792,862572908,100.0,-1.7199981848346155,-1.7038052717791956,-1.132749382649557,-4.617758814488546,-4.890412036572592,0.6929990649223328,0.0,-0.0,0.0,0.0,0.0,0.0,0.0,0.0,0.0,0.0,0.0,0.0,0
1786037792,882573604,100.0,-1.7199624220477503,-1.703745190297262,-1.1327016989337366,-4.6177348534213465,-4.890363637601034,0.6929751038551331,0.0,-0.0,0.0,0.0,0.0,0.0,0.0,0.0,0.0,0.0,0.0,0.0,0
1786037792,902581453,100.0,-1.719926659260885,-1.7037690321551722,-1.1326897780047815,-4.617746893559591,-4.890399638806478,0.6929990649223328,0.0,-0.0,0.0,0.0,0.0,0.0,0.0,0.0,0.0,0.0,0.0,0.0,0
1786037792,922396421,100.0,-1.7199981848346155,-1.7037089506732386,-1.1326773802386683,-4.6177348534213465,-4.890399638806478,0.6930350065231323,0.0,-0.0,0.0,0.0,0.0,0.0,0.0,0.0,0.0,0.0,0.0,0.0,0
1786037792,942584276,100.0,-1.7199981848346155,-1.703852955495016,-1.1327255407916468,-4.617758814488546,-4.890399638806478,0.6930469870567322,0.0,-0.0,0.0,0.0,0.0,0.0,0.0,0.0,0.0,0.0,0.0,0.0,0
1786037792,962431907,100.0,-1.7199743429767054,-1.7037809530841272,-1.1327016989337366,-4.6177348534213465,-4.890339676533834,0.6929990649223328,0.0,-0.0,0.0,0.0,0.0,0.0,0.0,0.0,0.0,0.0,0.0,0.0,0
1786037792,982644796,100.0,-1.7199743429767054,-1.7037928740130823,-1.1327016989337366,-4.6177948156939905,-4.890375677739279,0.6929751038551331,0.0,-0.0,0.0,0.0,0.0,0.0,0.0,0.0,0.0,0.0,0.0,0.0,0
1786037793,2582073,100.0,-1.7199505011187952,-1.7037928740130823,-1.1327136198626917,-4.617746893559591,-4.890351716672079,0.6930350065231323,0.0,-0.0,0.0,0.0,0.0,0.0,0.0,0.0,0.0,0.0,0.0,0.0,0
1786037793,22569179,100.0,-1.7200105826007288,-1.7037928740130823,-1.1327136198626917,-4.617746893559591,-4.890387598668234,0.6930350065231323,0.0,-0.0,0.0,0.0,0.0,0.0,0.0,0.0,0.0,0.0,0.0,0.0,0
1786037793,42565345,100.0,-1.7199505011187952,-1.7037928740130823,-1.1326773802386683,-4.617722932492391,-4.890351716672079,0.6929751038551331,0.0,-0.0,0.0,0.0,0.0,0.0,0.0,0.0,0.0,0.0,0.0,0.0,0
1786037793,62660455,100.0,-1.7200225035296839,-1.7037809530841272,-1.1326897780047815,-4.617758814488546,-4.890375677739279,0.6930110454559326,0.0,-0.0,0.0,0.0,0.0,0.0,0.0,0.0,0.0,0.0,0.0,0.0,0
1786037793,82545995,100.0,-1.71991473833193,-1.703852955495016,-1.1327136198626917,-4.617758814488546,-4.890375677739279,0.6929990649223328,0.0,-0.0,0.0,0.0,0.0,0.0,0.0,0.0,0.0,0.0,0.0,0.0,0
1786037793,102432012,100.0,-1.7199743429767054,-1.7038291136371058,-1.1327255407916468,-4.617770854626791,-4.890387598668234,0.6930350065231323,0.0,-0.0,0.0,0.0,0.0,0.0,0.0,0.0,0.0,0.0,0.0,0.0,0
1786037793,122512817,100.0,-1.7199624220477503,-1.7037928740130823,-1.1327016989337366,-4.6177828947650355,-4.890387598668234,0.6929631233215332,0.0,-0.0,0.0,0.0,0.0,0.0,0.0,0.0,0.0,0.0,0.0,0.0,0
1786037793,142646312,100.0,-1.7199862639056605,-1.7037690321551722,-1.132749382649557,-4.617770854626791,-4.890351716672079,0.6930350065231323,0.0,-0.0,0.0,0.0,0.0,0.0,0.0,0.0,0.0,0.0,0.0,0.0,0
1786037793,162442207,100.0,-1.7199385801898401,-1.7037809530841272,-1.1326773802386683,-4.6177348534213465,-4.890339676533834,0.6930110454559326,0.0,-0.0,0.0,0.0,0.0,0.0,0.0,0.0,0.0,0.0,0.0,0.0,0
1786037793,182570934,100.0,-1.7199862639056605,-1.7038052717791956,-1.1327136198626917,-4.617722932492391,-4.890399638806478,0.6929990649223328,0.0,-0.0,0.0,0.0,0.0,0.0,0.0,0.0,0.0,0.0,0.0,0.0,0
1786037793,202599763,100.0,-1.7199743429767054,-1.7037809530841272,-1.1327136198626917,-4.6177948156939905,-4.890399638806478,0.6929631233215332,0.0,-0.0,0.0,0.0,0.0,0.0,0.0,0.0,0.0,0.0,0.0,0.0,0
1786037793,222508192,100.0,-1.7199862639056605,-1.7038052717791956,-1.1327136198626917,-4.617758814488546,-4.890387598668234,0.6930110454559326,0.0,-0.0,0.0,0.0,0.0,0.0,0.0,0.0,0.0,0.0,0.0,0.0,0
1786037793,242651939,100.0,-1.7199862639056605,-1.703852955495016,-1.132761303578512,-4.617758814488546,-4.890387598668234,0.6929870843887329,0.0,-0.0,0.0,0.0,0.0,0.0,0.0,0.0,0.0,0.0,0.0,0.0,0
1786037793,262724637,100.0,-1.7199385801898401,-1.7038167158709925,-1.1326773802386683,-4.617710892354147,-4.890375677739279,0.6930110454559326,0.0,-0.0,0.0,0.0,0.0,0.0,0.0,0.0,0.0,0.0,0.0,0.0,0
1786037793,282449722,100.0,-1.7199624220477503,-1.7037809530841272,-1.1326773802386683,-4.617710892354147,-4.890387598668234,0.6930350065231323,0.0,-0.0,0.0,0.0,0.0,0.0,0.0,0.0,0.0,0.0,0.0,0.0,0
1786037793,302575826,100.0,-1.7199624220477503,-1.7037690321551722,-1.1327016989337366,-4.617770854626791,-4.890423957501547,0.6930110454559326,0.0,-0.0,0.0,0.0,0.0,0.0,0.0,0.0,0.0,0.0,0.0,0.0,0
1786037793,322440624,100.0,-1.7199624220477503,-1.7037928740130823,-1.1327374617206019,-4.617770854626791,-4.890387598668234,0.6930350065231323,0.0,-0.0,0.0,0.0,0.0,0.0,0.0,0.0,0.0,0.0,0.0,0.0,0
1786037793,342625379,100.0,-1.7199862639056605,-1.7038291136371058,-1.1327136198626917,-4.617746893559591,-4.890399638806478,0.6929990649223328,0.0,-0.0,0.0,0.0,0.0,0.0,0.0,0.0,0.0,0.0,0.0,0.0,0
1786037793,362532615,100.0,-1.7199981848346155,-1.7037928740130823,-1.1327136198626917,-4.617758814488546,-4.890399638806478,0.6930230259895325,0.0,-0.0,0.0,0.0,0.0,0.0,0.0,0.0,0.0,0.0,0.0,0.0,0
1786037793,382676362,100.0,-1.7199624220477503,-1.7038291136371058,-1.132749382649557,-4.6177348534213465,-4.890399638806478,0.6929990649223328,0.0,-0.0,0.0,0.0,0.0,0.0,0.0,0.0,0.0,0.0,0.0,0.0,0
1786037793,402423620,100.0,-1.7199385801898401,-1.7037690321551722,-1.1327136198626917,-4.617758814488546,-4.890387598668234,0.6930469870567322,0.0,-0.0,0.0,0.0,0.0,0.0,0.0,0.0,0.0,0.0,0.0,0.0,0
1786037793,422377824,100.0,-1.7199981848346155,-1.7037928740130823,-1.1327136198626917,-4.6177828947650355,-4.890399638806478,0.6929511427879333,0.0,-0.0,0.0,0.0,0.0,0.0,0.0,0.0,0.0,0.0,0.0,0.0,0
1786037793,442414283,100.0,-1.719926659260885,-1.7037690321551722,-1.1326897780047815,-4.6177948156939905,-4.890412036572592,0.6930350065231323,0.0,-0.0,0.0,0.0,0.0,0.0,0.0,0.0,0.0,0.0,0.0,0.0,0
1786037793,462602376,100.0,-1.7199862639056605,-1.7038410345660608,-1.1326659361468714,-4.6177948156939905,-4.890375677739279,0.6929990649223328,0.0,-0.0,0.0,0.0,0.0,0.0,0.0,0.0,0.0,0.0,0.0,0.0,0
1786037793,482549190,100.0,-1.7199743429767054,-1.7037809530841272,-1.1326773802386683,-4.617806855832235,-4.890351716672079,0.6929751038551331,0.0,-0.0,0.0,0.0,0.0,0.0,0.0,0.0,0.0,0.0,0.0,0.0,0
1786037793,502560615,100.0,-1.7199385801898401,-1.7037928740130823,-1.1327255407916468,-4.617746893559591,-4.890363637601034,0.6929990649223328,0.0,-0.0,0.0,0.0,0.0,0.0,0.0,0.0,0.0,0.0,0.0,0.0,0
1786037793,522422790,100.0,-1.7199624220477503,-1.703757111226217,-1.1327374617206019,-4.6177348534213465,-4.890363637601034,0.6930230259895325,0.0,-0.0,0.0,0.0,0.0,0.0,0.0,0.0,0.0,0.0,0.0,0.0,0
1786037793,542543172,100.0,-1.7199981848346155,-1.7038291136371058,-1.1327016989337366,-4.617746893559591,-4.890399638806478,0.6929751038551331,0.0,-0.0,0.0,0.0,0.0,0.0,0.0,0.0,0.0,0.0,0.0,0.0,0
1786037793,562548398,100.0,-1.7199385801898401,-1.7037809530841272,-1.1326773802386683,-4.617746893559591,-4.890375677739279,0.6929870843887329,0.0,-0.0,0.0,0.0,0.0,0.0,0.0,0.0,0.0,0.0,0.0,0.0,0
1786037793,582604169,100.0,-1.7200105826007288,-1.7037928740130823,-1.1327374617206019,-4.617722932492391,-4.890351716672079,0.6929631233215332,0.0,-0.0,0.0,0.0,0.0,0.0,0.0,0.0,0.0,0.0,0.0,0.0,0
1786037793,602383136,100.0,-1.7199624220477503,-1.7038052717791956,-1.1327016989337366,-4.617758814488546,-4.890363637601034,0.6929870843887329,0.0,-0.0,0.0,0.0,0.0,0.0,0.0,0.0,0.0,0.0,0.0,0.0,0
1786037793,622583627,100.0,-1.7199862639056605,-1.7037690321551722,-1.132749382649557,-4.6177348534213465,-4.890375677739279,0.6929751038551331,0.0,-0.0,0.0,0.0,0.0,0.0,0.0,0.0,0.0,0.0,0.0,0.0,0
1786037793,642404317,100.0,-1.7199862639056605,-1.7037690321551722,-1.1327255407916468,-4.617770854626791,-4.890351716672079,0.6930110454559326,0.0,-0.0,0.0,0.0,0.0,0.0,0.0,0.0,0.0,0.0,0.0,0.0,0
1786037793,662560462,100.0,-1.7199862639056605,-1.703757111226217,-1.1327255407916468,-4.617710892354147,-4.890412036572592,0.6929870843887329,0.0,-0.0,0.0,0.0,0.0,0.0,0.0,0.0,0.0,0.0,0.0,0.0,0
1786037793,682389259,100.0,-1.7199743429767054,-1.7037809530841272,-1.1327136198626917,-4.6177348534213465,-4.890387598668234,0.6929990649223328,0.0,-0.0,0.0,0.0,0.0,0.0,0.0,0.0,0.0,0.0,0.0,0.0,0
1786037793,702681541,100.0,-1.7200105826007288,-1.7038410345660608,-1.1327374617206019,-4.617758814488546,-4.890387598668234,0.6929631233215332,0.0,-0.0,0.0,0.0,0.0,0.0,0.0,0.0,0.0,0.0,0.0,0.0,0
1786037793,722433567,100.0,-1.7199505011187952,-1.703757111226217,-1.132749382649557,-4.617806855832235,-4.890351716672079,0.6929751038551331,0.0,-0.0,0.0,0.0,0.0,0.0,0.0,0.0,0.0,0.0,0.0,0.0,0
1786037793,742520093,100.0,-1.7199505011187952,-1.7038167158709925,-1.1327374617206019,-4.6177828947650355,-4.890387598668234,0.6930469870567322,0.0,-0.0,0.0,0.0,0.0,0.0,0.0,0.0,0.0,0.0,0.0,0.0,0
1786037793,762439489,100.0,-1.7199862639056605,-1.703757111226217,-1.1327016989337366,-4.6177348534213465,-4.890412036572592,0.6929631233215332,0.0,-0.0,0.0,0.0,0.0,0.0,0.0,0.0,0.0,0.0,0.0,0.0,0
1786037793,782608985,100.0,-1.7199743429767054,-1.703745190297262,-1.1327016989337366,-4.617770854626791,-4.890363637601034,0.6929870843887329,0.0,-0.0,0.0,0.0,0.0,0.0,0.0,0.0,0.0,0.0,0.0,0.0,0
1786037793,802384376,100.0,-1.7199981848346155,-1.703852955495016,-1.1326659361468714,-4.6177828947650355,-4.890387598668234,0.6930110454559326,0.0,-0.0,0.0,0.0,0.0,0.0,0.0,0.0,0.0,0.0,0.0,0.0,0
1786037793,822578430,100.0,-1.7199385801898401,-1.7038052717791956,-1.1327016989337366,-4.6177948156939905,-4.890351716672079,0.6930230259895325,0.0,-0.0,0.0,0.0,0.0,0.0,0.0,0.0,0.0,0.0,0.0,0.0,0
1786037793,842437982,100.0,-1.7199743429767054,-1.7038167158709925,-1.1327136198626917,-4.617722932492391,-4.890412036572592,0.6929870843887329,0.0,-0.0,0.0,0.0,0.0,0.0,0.0,0.0,0.0,0.0,0.0,0.0,0
1786037793,862648010,100.0,-1.7199743429767054,-1.703852955495016,-1.1327374617206019,-4.617770854626791,-4.890399638806478,0.6930110454559326,0.0,-0.0,0.0,0.0,0.0,0.0,0.0,0.0,0.0,0.0,0.0,0.0,0
1786037793,882435321,100.0,-1.7199624220477503,-1.7037809530841272,-1.1326420942889612,-4.6177948156939905,-4.890399638806478,0.6930230259895325,0.0,-0.0,0.0,0.0,0.0,0.0,0.0,0.0,0.0,0.0,0.0,0.0,0
1786037793,902526378,100.0,-1.7199862639056605,-1.7038410345660608,-1.132761303578512,-4.6177348534213465,-4.890363637601034,0.6930230259895325,0.0,-0.0,0.0,0.0,0.0,0.0,0.0,0.0,0.0,0.0,0.0,0.0,0
1786037793,922567367,100.0,-1.7199743429767054,-1.7038052717791956,-1.1327136198626917,-4.617746893559591,-4.890339676533834,0.6930110454559326,0.0,-0.0,0.0,0.0,0.0,0.0,0.0,0.0,0.0,0.0,0.0,0.0,0
1786037793,942673206,100.0,-1.7199505011187952,-1.7038410345660608,-1.1327374617206019,-4.617770854626791,-4.890399638806478,0.6929751038551331,0.0,-0.0,0.0,0.0,0.0,0.0,0.0,0.0,0.0,0.0,0.0,0.0,0
1786037793,962390184,100.0,-1.7200105826007288,-1.7037809530841272,-1.132749382649557,-4.617770854626791,-4.890375677739279,0.6930110454559326,0.0,-0.0,0.0,0.0,0.0,0.0,0.0,0.0,0.0,0.0,0.0,0.0,0
1786037793,982559680,100.0,-1.7199385801898401,-1.7038167158709925,-1.1327016989337366,-4.617758814488546,-4.890363637601034,0.6930350065231323,0.0,-0.0,0.0,0.0,0.0,0.0,0.0,0.0,0.0,0.0,0.0,0.0,0
1786037794,2393007,100.0,-1.7199505011187952,-1.7038291136371058,-1.132749382649557,-4.6177348534213465,-4.890412036572592,0.6930469870567322,0.0,-0.0,0.0,0.0,0.0,0.0,0.0,0.0,0.0,0.0,0.0,0.0,0
1786037794,22554159,100.0,-1.7199624220477503,-1.7038052717791956,-1.1327374617206019,-4.617758814488546,-4.890423957501547,0.6929990649223328,0.0,-0.0,0.0,0.0,0.0,0.0,0.0,0.0,0.0,0.0,0.0,0.0,0
1786037794,42369842,100.0,-1.7199743429767054,-1.7038052717791956,-1.1327136198626917,-4.617746893559591,-4.890387598668234,0.6929990649223328,0.0,-0.0,0.0,0.0,0.0,0.0,0.0,0.0,0.0,0.0,0.0,0.0,0
1786037794,62459945,100.0,-1.7199624220477503,-1.7038291136371058,-1.1326897780047815,-4.617770854626791,-4.890351716672079,0.6929870843887329,0.0,-0.0,0.0,0.0,0.0,0.0,0.0,0.0,0.0,0.0,0.0,0.0,0
1786037794,82529544,100.0,-1.7199385801898401,-1.7037690321551722,-1.1327374617206019,-4.6177828947650355,-4.890363637601034,0.6929990649223328,0.0,-0.0,0.0,0.0,0.0,0.0,0.0,0.0,0.0,0.0,0.0,0.0,0
1786037794,102543592,100.0,-1.7199862639056605,-1.7037928740130823,-1.1326659361468714,-4.6177348534213465,-4.890412036572592,0.6929631233215332,0.0,-0.0,0.0,0.0,0.0,0.0,0.0,0.0,0.0,0.0,0.0,0.0,0
1786037794,122651338,100.0,-1.7199385801898401,-1.7038410345660608,-1.1327255407916468,-4.617722932492391,-4.890363637601034,0.6929990649223328,0.0,-0.0,0.0,0.0,0.0,0.0,0.0,0.0,0.0,0.0,0.0,0.0,0
1786037794,142536878,100.0,-1.7199505011187952,-1.7038410345660608,-1.1327016989337366,-4.6177348534213465,-4.890363637601034,0.6929751038551331,0.0,-0.0,0.0,0.0,0.0,0.0,0.0,0.0,0.0,0.0,0.0,0.0,0
1786037794,162446260,100.0,-1.7199385801898401,-1.7037928740130823,-1.1327255407916468,-4.617722932492391,-4.890399638806478,0.693058967590332,0.0,-0.0,0.0,0.0,0.0,0.0,0.0,0.0,0.0,0.0,0.0,0.0,0
1786037794,182581424,100.0,-1.7199385801898401,-1.7038167158709925,-1.1326897780047815,-4.617746893559591,-4.890339676533834,0.6929990649223328,0.0,-0.0,0.0,0.0,0.0,0.0,0.0,0.0,0.0,0.0,0.0,0.0,0
1786037794,202435493,100.0,-1.7199624220477503,-1.7037928740130823,-1.1327255407916468,-4.617758814488546,-4.890375677739279,0.6929990649223328,0.0,-0.0,0.0,0.0,0.0,0.0,0.0,0.0,0.0,0.0,0.0,0.0,0
1786037794,222563028,100.0,-1.7199743429767054,-1.7037928740130823,-1.1326773802386683,-4.6177348534213465,-4.890375677739279,0.6929990649223328,0.0,-0.0,0.0,0.0,0.0,0.0,0.0,0.0,0.0,0.0,0.0,0.0,0
1786037794,242370605,100.0,-1.719926659260885,-1.7038291136371058,-1.1327016989337366,-4.617770854626791,-4.890387598668234,0.6930350065231323,0.0,-0.0,0.0,0.0,0.0,0.0,0.0,0.0,0.0,0.0,0.0,0.0,0
1786037794,262660503,100.0,-1.719926659260885,-1.7038167158709925,-1.1327016989337366,-4.617758814488546,-4.890412036572592,0.6929990649223328,0.0,-0.0,0.0,0.0,0.0,0.0,0.0,0.0,0.0,0.0,0.0,0.0,0
1786037794,282426118,100.0,-1.7199505011187952,-1.7038167158709925,-1.132749382649557,-4.617758814488546,-4.890351716672079,0.6930230259895325,0.0,-0.0,0.0,0.0,0.0,0.0,0.0,0.0,0.0,0.0,0.0,0.0,0
1786037794,302547931,100.0,-1.7199862639056605,-1.7038410345660608,-1.1326773802386683,-4.617758814488546,-4.890339676533834,0.6930350065231323,0.0,-0.0,0.0,0.0,0.0,0.0,0.0,0.0,0.0,0.0,0.0,0.0,0
1786037794,322501182,100.0,-1.7199743429767054,-1.7038291136371058,-1.1327374617206019,-4.6177828947650355,-4.890412036572592,0.6929990649223328,0.0,-0.0,0.0,0.0,0.0,0.0,0.0,0.0,0.0,0.0,0.0,0.0,0
1786037794,342598676,100.0,-1.719926659260885,-1.7038052717791956,-1.1326773802386683,-4.617722932492391,-4.890387598668234,0.6929990649223328,0.0,-0.0,0.0,0.0,0.0,0.0,0.0,0.0,0.0,0.0,0.0,0.0,0
1786037794,362389802,100.0,-1.719926659260885,-1.7037928740130823,-1.1327255407916468,-4.617722932492391,-4.890399638806478,0.6930110454559326,0.0,-0.0,0.0,0.0,0.0,0.0,0.0,0.0,0.0,0.0,0.0,0.0,0
1786037794,382556676,100.0,-1.7199862639056605,-1.7037809530841272,-1.1327255407916468,-4.617746893559591,-4.890387598668234,0.6930709481239319,0.0,-0.0,0.0,0.0,0.0,0.0,0.0,0.0,0.0,0.0,0.0,0.0,0
1786037794,402428150,100.0,-1.7199624220477503,-1.7037928740130823,-1.1327374617206019,-4.617722932492391,-4.890412036572592,0.6929751038551331,0.0,-0.0,0.0,0.0,0.0,0.0,0.0,0.0,0.0,0.0,0.0,0.0,0
1786037794,422533988,100.0,-1.7199624220477503,-1.7038291136371058,-1.132761303578512,-4.617806855832235,-4.890375677739279,0.6930469870567322,0.0,-0.0,0.0,0.0,0.0,0.0,0.0,0.0,0.0,0.0,0.0,0.0,0
1786037794,442374229,100.0,-1.7199624220477503,-1.7038167158709925,-1.1327255407916468,-4.617746893559591,-4.890375677739279,0.6929870843887329,0.0,-0.0,0.0,0.0,0.0,0.0,0.0,0.0,0.0,0.0,0.0,0.0,0
1786037794,462594270,100.0,-1.71991473833193,-1.7038291136371058,-1.1327374617206019,-4.6177348534213465,-4.890399638806478,0.6929990649223328,0.0,-0.0,0.0,0.0,0.0,0.0,0.0,0.0,0.0,0.0,0.0,0.0,0
1786037794,482403516,100.0,-1.7199743429767054,-1.7038167158709925,-1.132749382649557,-4.617722932492391,-4.890351716672079,0.6930350065231323,0.0,-0.0,0.0,0.0,0.0,0.0,0.0,0.0,0.0,0.0,0.0,0.0,0
1786037794,502576828,100.0,-1.7199981848346155,-1.703757111226217,-1.132749382649557,-4.6177348534213465,-4.890375677739279,0.6930230259895325,0.0,-0.0,0.0,0.0,0.0,0.0,0.0,0.0,0.0,0.0,0.0,0.0,0
1786037794,522369861,100.0,-1.7199624220477503,-1.7038291136371058,-1.1327136198626917,-4.6177348534213465,-4.890363637601034,0.6929751038551331,0.0,-0.0,0.0,0.0,0.0,0.0,0.0,0.0,0.0,0.0,0.0,0.0,0
1786037794,542628765,100.0,-1.7199743429767054,-1.7038052717791956,-1.1327374617206019,-4.617758814488546,-4.890339676533834,0.6929990649223328,0.0,-0.0,0.0,0.0,0.0,0.0,0.0,0.0,0.0,0.0,0.0,0.0,0
1786037794,562440156,100.0,-1.7199862639056605,-1.7038167158709925,-1.1326897780047815,-4.617722932492391,-4.890363637601034,0.6929751038551331,0.0,-0.0,0.0,0.0,0.0,0.0,0.0,0.0,0.0,0.0,0.0,0.0,0
1786037794,582620382,100.0,-1.7199385801898401,-1.7037928740130823,-1.1327136198626917,-4.6177348534213465,-4.890387598668234,0.6930469870567322,0.0,-0.0,0.0,0.0,0.0,0.0,0.0,0.0,0.0,0.0,0.0,0.0,0
1786037794,602398872,100.0,-1.7199505011187952,-1.7038167158709925,-1.1327255407916468,-4.617746893559591,-4.890363637601034,0.6930350065231323,0.0,-0.0,0.0,0.0,0.0,0.0,0.0,0.0,0.0,0.0,0.0,0.0,0
1786037794,622605800,100.0,-1.7199981848346155,-1.7037928740130823,-1.1327136198626917,-4.6177348534213465,-4.890399638806478,0.6930110454559326,0.0,-0.0,0.0,0.0,0.0,0.0,0.0,0.0,0.0,0.0,0.0,0.0,0
1786037794,642404079,100.0,-1.7199624220477503,-1.7037690321551722,-1.1327374617206019,-4.617722932492391,-4.890339676533834,0.6930230259895325,0.0,-0.0,0.0,0.0,0.0,0.0,0.0,0.0,0.0,0.0,0.0,0.0,0
1786037794,662617206,100.0,-1.7199624220477503,-1.7038167158709925,-1.1327016989337366,-4.617770854626791,-4.890327755604879,0.6930350065231323,0.0,-0.0,0.0,0.0,0.0,0.0,0.0,0.0,0.0,0.0,0.0,0.0,0
1786037794,682362079,100.0,-1.71991473833193,-1.7038167158709925,-1.1327016989337366,-4.6177828947650355,-4.890351716672079,0.6929990649223328,0.0,-0.0,0.0,0.0,0.0,0.0,0.0,0.0,0.0,0.0,0.0,0.0,0
1786037794,702558755,100.0,-1.7199981848346155,-1.703864876423971,-1.1327016989337366,-4.617758814488546,-4.890412036572592,0.6930350065231323,0.0,-0.0,0.0,0.0,0.0,0.0,0.0,0.0,0.0,0.0,0.0,0.0,0
1786037794,722411155,100.0,-1.7199743429767054,-1.7037690321551722,-1.1327016989337366,-4.6177948156939905,-4.890399638806478,0.6929870843887329,0.0,-0.0,0.0,0.0,0.0,0.0,0.0,0.0,0.0,0.0,0.0,0.0,0
1786037794,742544412,100.0,-1.7199505011187952,-1.7038052717791956,-1.1327136198626917,-4.617710892354147,-4.890339676533834,0.6930709481239319,0.0,-0.0,0.0,0.0,0.0,0.0,0.0,0.0,0.0,0.0,0.0,0.0,0
1786037794,762382507,100.0,-1.7199624220477503,-1.7037690321551722,-1.1327374617206019,-4.6177948156939905,-4.890351716672079,0.6929990649223328,0.0,-0.0,0.0,0.0,0.0,0.0,0.0,0.0,0.0,0.0,0.0,0.0,0
1786037794,782584667,100.0,-1.7199505011187952,-1.703852955495016,-1.1327136198626917,-4.6177828947650355,-4.890339676533834,0.6930230259895325,0.0,-0.0,0.0,0.0,0.0,0.0,0.0,0.0,0.0,0.0,0.0,0.0,0
1786037794,802396774,100.0,-1.71991473833193,-1.7037928740130823,-1.1327255407916468,-4.617770854626791,-4.890351716672079,0.6930350065231323,0.0,-0.0,0.0,0.0,0.0,0.0,0.0,0.0,0.0,0.0,0.0,0.0,0
1786037794,822548389,100.0,-1.7199385801898401,-1.7038167158709925,-1.1326897780047815,-4.617758814488546,-4.890327755604879,0.6930469870567322,0.0,-0.0,0.0,0.0,0.0,0.0,0.0,0.0,0.0,0.0,0.0,0.0,0
1786037794,842435598,100.0,-1.7199385801898401,-1.703876797352926,-1.1327255407916468,-4.617770854626791,-4.890387598668234,0.6930230259895325,0.0,-0.0,0.0,0.0,0.0,0.0,0.0,0.0,0.0,0.0,0.0,0.0,0
1786037794,862644672,100.0,-1.7199981848346155,-1.7038052717791956,-1.1326773802386683,-4.617770854626791,-4.890387598668234,0.6929990649223328,0.0,-0.0,0.0,0.0,0.0,0.0,0.0,0.0,0.0,0.0,0.0,0.0,0
1786037794,882447957,100.0,-1.7199862639056605,-1.7037928740130823,-1.1326897780047815,-4.617746893559591,-4.890351716672079,0.6929511427879333,0.0,-0.0,0.0,0.0,0.0,0.0,0.0,0.0,0.0,0.0,0.0,0.0,0
1786037794,902541160,100.0,-1.7199624220477503,-1.7038291136371058,-1.1326773802386683,-4.617770854626791,-4.890387598668234,0.6930230259895325,0.0,-0.0,0.0,0.0,0.0,0.0,0.0,0.0,0.0,0.0,0.0,0.0,0
1786037794,922459363,100.0,-1.7199862639056605,-1.7038052717791956,-1.1326773802386683,-4.617722932492391,-4.890399638806478,0.6930230259895325,0.0,-0.0,0.0,0.0,0.0,0.0,0.0,0.0,0.0,0.0,0.0,0.0,0
1786037794,942591428,100.0,-1.7199862639056605,-1.7038167158709925,-1.1327016989337366,-4.617770854626791,-4.890387598668234,0.6929751038551331,0.0,-0.0,0.0,0.0,0.0,0.0,0.0,0.0,0.0,0.0,0.0,0.0,0
1786037794,962524890,100.0,-1.7199385801898401,-1.7038291136371058,-1.1327374617206019,-4.617746893559591,-4.890399638806478,0.6929751038551331,0.0,-0.0,0.0,0.0,0.0,0.0,0.0,0.0,0.0,0.0,0.0,0.0,0
1786037794,982541561,100.0,-1.7199862639056605,-1.7038052717791956,-1.1327374617206019,-4.617746893559591,-4.890412036572592,0.6929870843887329,0.0,-0.0,0.0,0.0,0.0,0.0,0.0,0.0,0.0,0.0,0.0,0.0,0
1786037795,2326488,100.0,-1.7199862639056605,-1.7037928740130823,-1.1327016989337366,-4.617722932492391,-4.890375677739279,0.6930110454559326,0.0,-0.0,0.0,0.0,0.0,0.0,0.0,0.0,0.0,0.0,0.0,0.0,0
1786037795,22500276,100.0,-1.7200225035296839,-1.7038410345660608,-1.1326897780047815,-4.6177948156939905,-4.890351716672079,0.6929990649223328,0.0,-0.0,0.0,0.0,0.0,0.0,0.0,0.0,0.0,0.0,0.0,0.0,0
1786037795,42440891,100.0,-1.7199505011187952,-1.7038052717791956,-1.1327255407916468,-4.6177348534213465,-4.890375677739279,0.6929870843887329,0.0,-0.0,0.0,0.0,0.0,0.0,0.0,0.0,0.0,0.0,0.0,0.0,0
1786037795,62439203,100.0,-1.7199624220477503,-1.7037809530841272,-1.1327016989337366,-4.617758814488546,-4.890423957501547,0.6929751038551331,0.0,-0.0,0.0,0.0,0.0,0.0,0.0,0.0,0.0,0.0,0.0,0.0,0
1786037795,82512617,100.0,-1.7199624220477503,-1.7037928740130823,-1.1327016989337366,-4.617770854626791,-4.890399638806478,0.6929870843887329,0.0,-0.0,0.0,0.0,0.0,0.0,0.0,0.0,0.0,0.0,0.0,0.0,0
1786037795,102532148,100.0,-1.7199862639056605,-1.703757111226217,-1.1327136198626917,-4.6177828947650355,-4.890375677739279,0.6930469870567322,0.0,-0.0,0.0,0.0,0.0,0.0,0.0,0.0,0.0,0.0,0.0,0.0,0
1786037795,122414827,100.0,-1.7199862639056605,-1.703864876423971,-1.1327136198626917,-4.617710892354147,-4.890351716672079,0.6929990649223328,0.0,-0.0,0.0,0.0,0.0,0.0,0.0,0.0,0.0,0.0,0.0,0.0,0
1786037795,142537832,100.0,-1.7199624220477503,-1.7037809530841272,-1.1327374617206019,-4.6177348534213465,-4.890351716672079,0.6929751038551331,0.0,-0.0,0.0,0.0,0.0,0.0,0.0,0.0,0.0,0.0,0.0,0.0,0
1786037795,162426948,100.0,-1.7200105826007288,-1.7037928740130823,-1.1327255407916468,-4.6177948156939905,-4.890399638806478,0.6929990649223328,0.0,-0.0,0.0,0.0,0.0,0.0,0.0,0.0,0.0,0.0,0.0,0.0,0
1786037795,182454824,100.0,-1.7199981848346155,-1.7037928740130823,-1.1327016989337366,-4.617722932492391,-4.890375677739279,0.6930469870567322,0.0,-0.0,0.0,0.0,0.0,0.0,0.0,0.0,0.0,0.0,0.0,0.0,0
1786037795,202437639,100.0,-1.7199385801898401,-1.7038291136371058,-1.1327136198626917,-4.617770854626791,-4.890387598668234,0.6929990649223328,0.0,-0.0,0.0,0.0,0.0,0.0,0.0,0.0,0.0,0.0,0.0,0.0,0
1786037795,222669363,100.0,-1.7200105826007288,-1.7038291136371058,-1.132749382649557,-4.6177348534213465,-4.890375677739279,0.6929631233215332,0.0,-0.0,0.0,0.0,0.0,0.0,0.0,0.0,0.0,0.0,0.0,0.0,0
1786037795,242438793,100.0,-1.7199862639056605,-1.7037809530841272,-1.1327255407916468,-4.617806855832235,-4.890363637601034,0.6929631233215332,0.0,-0.0,0.0,0.0,0.0,0.0,0.0,0.0,0.0,0.0,0.0,0.0,0
1786037795,262563228,100.0,-1.7199743429767054,-1.703864876423971,-1.1326773802386683,-4.617758814488546,-4.890363637601034,0.6930350065231323,0.0,-0.0,0.0,0.0,0.0,0.0,0.0,0.0,0.0,0.0,0.0,0.0,0
1786037795,282549858,100.0,-1.7199743429767054,-1.7038410345660608,-1.1327016989337366,-4.6177348534213465,-4.890412036572592,0.6929870843887329,0.0,-0.0,0.0,0.0,0.0,0.0,0.0,0.0,0.0,0.0,0.0,0.0,0
1786037795,302619695,100.0,-1.7199624220477503,-1.7037928740130823,-1.1326897780047815,-4.6177828947650355,-4.890387598668234,0.6930230259895325,0.0,-0.0,0.0,0.0,0.0,0.0,0.0,0.0,0.0,0.0,0.0,0.0,0
1786037795,322424173,100.0,-1.7199743429767054,-1.7038052717791956,-1.1327016989337366,-4.617746893559591,-4.890351716672079,0.6929990649223328,0.0,-0.0,0.0,0.0,0.0,0.0,0.0,0.0,0.0,0.0,0.0,0.0,0
1786037795,342615604,100.0,-1.7199862639056605,-1.7038052717791956,-1.1327255407916468,-4.6177828947650355,-4.890375677739279,0.6930110454559326,0.0,-0.0,0.0,0.0,0.0,0.0,0.0,0.0,0.0,0.0,0.0,0.0,0
1786037795,362396478,100.0,-1.7199862639056605,-1.7037809530841272,-1.1327374617206019,-4.617770854626791,-4.890351716672079,0.6930230259895325,0.0,-0.0,0.0,0.0,0.0,0.0,0.0,0.0,0.0,0.0,0.0,0.0,0
1786037795,382550239,100.0,-1.7200225035296839,-1.7037928740130823,-1.1326897780047815,-4.617722932492391,-4.890351716672079,0.6930230259895325,0.0,-0.0,0.0,0.0,0.0,0.0,0.0,0.0,0.0,0.0,0.0,0.0,0
1786037795,402336835,100.0,-1.7199385801898401,-1.7038052717791956,-1.1327255407916468,-4.617746893559591,-4.890363637601034,0.6930110454559326,0.0,-0.0,0.0,0.0,0.0,0.0,0.0,0.0,0.0,0.0,0.0,0.0,0
1786037795,422522068,100.0,-1.7199743429767054,-1.7037809530841272,-1.1327136198626917,-4.6177348534213465,-4.890375677739279,0.6929870843887329,0.0,-0.0,0.0,0.0,0.0,0.0,0.0,0.0,0.0,0.0,0.0,0.0,0
1786037795,442671537,100.0,-1.7199743429767054,-1.703757111226217,-1.1326897780047815,-4.6177948156939905,-4.890363637601034,0.6930230259895325,0.0,-0.0,0.0,0.0,0.0,0.0,0.0,0.0,0.0,0.0,0.0,0.0,0
1786037795,462579965,100.0,-1.7199862639056605,-1.7037809530841272,-1.1327136198626917,-4.617746893559591,-4.890327755604879,0.6929751038551331,0.0,-0.0,0.0,0.0,0.0,0.0,0.0,0.0,0.0,0.0,0.0,0.0,0
1786037795,482438325,100.0,-1.7199862639056605,-1.7038052717791956,-1.1327136198626917,-4.617806855832235,-4.890351716672079,0.6930709481239319,0.0,-0.0,0.0,0.0,0.0,0.0,0.0,0.0,0.0,0.0,0.0,0.0,0
1786037795,502555608,100.0,-1.7199743429767054,-1.7037928740130823,-1.1326420942889612,-4.6177828947650355,-4.890363637601034,0.6929990649223328,0.0,-0.0,0.0,0.0,0.0,0.0,0.0,0.0,0.0,0.0,0.0,0.0,0
1786037795,522507190,100.0,-1.7199981848346155,-1.7038052717791956,-1.1327136198626917,-4.617770854626791,-4.890387598668234,0.6929751038551331,0.0,-0.0,0.0,0.0,0.0,0.0,0.0,0.0,0.0,0.0,0.0,0.0,0
1786037795,542590618,100.0,-1.7199743429767054,-1.7038167158709925,-1.132761303578512,-4.6177828947650355,-4.890351716672079,0.6930110454559326,0.0,-0.0,0.0,0.0,0.0,0.0,0.0,0.0,0.0,0.0,0.0,0.0,0
1786037795,562415599,100.0,-1.7199981848346155,-1.7037690321551722,-1.1326897780047815,-4.617722932492391,-4.890375677739279,0.6930110454559326,0.0,-0.0,0.0,0.0,0.0,0.0,0.0,0.0,0.0,0.0,0.0,0.0,0
1786037795,582645416,100.0,-1.7199624220477503,-1.7038410345660608,-1.1327016989337366,-4.617770854626791,-4.890387598668234,0.6929990649223328,0.0,-0.0,0.0,0.0,0.0,0.0,0.0,0.0,0.0,0.0,0.0,0.0,0
1786037795,602450609,100.0,-1.7199743429767054,-1.7038052717791956,-1.1327255407916468,-4.617758814488546,-4.890339676533834,0.6929751038551331,0.0,-0.0,0.0,0.0,0.0,0.0,0.0,0.0,0.0,0.0,0.0,0.0,0
1786037795,622457504,100.0,-1.719926659260885,-1.7037928740130823,-1.132749382649557,-4.6177828947650355,-4.890387598668234,0.693058967590332,0.0,-0.0,0.0,0.0,0.0,0.0,0.0,0.0,0.0,0.0,0.0,0.0,0
1786037795,642391920,100.0,-1.7199862639056605,-1.7038052717791956,-1.132749382649557,-4.617770854626791,-4.890399638806478,0.6930110454559326,0.0,-0.0,0.0,0.0,0.0,0.0,0.0,0.0,0.0,0.0,0.0,0.0,0
1786037795,662736177,100.0,-1.7199624220477503,-1.7037809530841272,-1.1327255407916468,-4.617770854626791,-4.890387598668234,0.6930230259895325,0.0,-0.0,0.0,0.0,0.0,0.0,0.0,0.0,0.0,0.0,0.0,0.0,0
1786037795,682368040,100.0,-1.7199624220477503,-1.7038052717791956,-1.1326897780047815,-4.617770854626791,-4.890387598668234,0.6929870843887329,0.0,-0.0,0.0,0.0,0.0,0.0,0.0,0.0,0.0,0.0,0.0,0.0,0
1786037795,702602863,100.0,-1.7199743429767054,-1.703852955495016,-1.1327374617206019,-4.6177948156939905,-4.890399638806478,0.6930230259895325,0.0,-0.0,0.0,0.0,0.0,0.0,0.0,0.0,0.0,0.0,0.0,0.0,0
1786037795,722395896,100.0,-1.7199862639056605,-1.7037928740130823,-1.1327255407916468,-4.6177828947650355,-4.890399638806478,0.6929751038551331,0.0,-0.0,0.0,0.0,0.0,0.0,0.0,0.0,0.0,0.0,0.0,0.0,0
1786037795,742520809,100.0,-1.7199385801898401,-1.7038052717791956,-1.1327136198626917,-4.617746893559591,-4.890363637601034,0.6930230259895325,0.0,-0.0,0.0,0.0,0.0,0.0,0.0,0.0,0.0,0.0,0.0,0.0,0
1786037795,762524843,100.0,-1.7199981848346155,-1.7037928740130823,-1.1327136198626917,-4.617722932492391,-4.890387598668234,0.6930469870567322,0.0,-0.0,0.0,0.0,0.0,0.0,0.0,0.0,0.0,0.0,0.0,0.0,0
1786037795,782654762,100.0,-1.7199624220477503,-1.7038052717791956,-1.1327374617206019,-4.617710892354147,-4.890423957501547,0.6929870843887329,0.0,-0.0,0.0,0.0,0.0,0.0,0.0,0.0,0.0,0.0,0.0,0.0,0
1786037795,802367687,100.0,-1.719926659260885,-1.7037809530841272,-1.1326659361468714,-4.617758814488546,-4.890387598668234,0.6930110454559326,0.0,-0.0,0.0,0.0,0.0,0.0,0.0,0.0,0.0,0.0,0.0,0.0,0
1786037795,822454929,100.0,-1.7199385801898401,-1.7038052717791956,-1.1327016989337366,-4.617758814488546,-4.890339676533834,0.6929990649223328,0.0,-0.0,0.0,0.0,0.0,0.0,0.0,0.0,0.0,0.0,0.0,0.0,0
1786037795,842402935,100.0,-1.7199743429767054,-1.7037928740130823,-1.1327255407916468,-4.617710892354147,-4.890375677739279,0.6929990649223328,0.0,-0.0,0.0,0.0,0.0,0.0,0.0,0.0,0.0,0.0,0.0,0.0,0
1786037795,862648248,100.0,-1.7199023405658167,-1.7038167158709925,-1.132761303578512,-4.6177828947650355,-4.890375677739279,0.6929870843887329,0.0,-0.0,0.0,0.0,0.0,0.0,0.0,0.0,0.0,0.0,0.0,0.0,0
1786037795,882406949,100.0,-1.7199862639056605,-1.7038410345660608,-1.1326773802386683,-4.6177348534213465,-4.890339676533834,0.6930230259895325,0.0,-0.0,0.0,0.0,0.0,0.0,0.0,0.0,0.0,0.0,0.0,0.0,0
1786037795,902499914,100.0,-1.71991473833193,-1.7038167158709925,-1.1327136198626917,-4.617746893559591,-4.890363637601034,0.6929990649223328,0.0,-0.0,0.0,0.0,0.0,0.0,0.0,0.0,0.0,0.0,0.0,0.0,0
1786037795,922386884,100.0,-1.7199743429767054,-1.7037928740130823,-1.1327136198626917,-4.6177348534213465,-4.890339676533834,0.6930469870567322,0.0,-0.0,0.0,0.0,0.0,0.0,0.0,0.0,0.0,0.0,0.0,0.0,0
1786037795,942445993,100.0,-1.7199505011187952,-1.7038167158709925,-1.1326540152179163,-4.617758814488546,-4.890387598668234,0.6929751038551331,0.0,-0.0,0.0,0.0,0.0,0.0,0.0,0.0,0.0,0.0,0.0,0.0,0
1786037795,962400197,100.0,-1.7199624220477503,-1.7038410345660608,-1.1327255407916468,-4.617758814488546,-4.890387598668234,0.6929870843887329,0.0,-0.0,0.0,0.0,0.0,0.0,0.0,0.0,0.0,0.0,0.0,0.0,0
1786037795,982571601,100.0,-1.7199862639056605,-1.7038052717791956,-1.1326897780047815,-4.617746893559591,-4.890363637601034,0.6929870843887329,0.0,-0.0,0.0,0.0,0.0,0.0,0.0,0.0,0.0,0.0,0.0,0.0,0
1786037796,2457380,100.0,-1.7199624220477503,-1.7038291136371058,-1.132761303578512,-4.617746893559591,-4.890399638806478,0.6930110454559326,0.0,-0.0,0.0,0.0,0.0,0.0,0.0,0.0,0.0,0.0,0.0,0.0,0
1786037796,22597312,100.0,-1.7199862639056605,-1.7037690321551722,-1.1326897780047815,-4.617746893559591,-4.890315715466635,0.6929751038551331,0.0,-0.0,0.0,0.0,0.0,0.0,0.0,0.0,0.0,0.0,0.0,0.0,0
1786037796,42451381,100.0,-1.7200105826007288,-1.7038410345660608,-1.1327255407916468,-4.617758814488546,-4.890399638806478,0.6929990649223328,0.0,-0.0,0.0,0.0,0.0,0.0,0.0,0.0,0.0,0.0,0.0,0.0,0
1786037796,62501430,100.0,-1.7198904196368616,-1.703852955495016,-1.1326659361468714,-4.617758814488546,-4.890387598668234,0.6930350065231323,0.0,-0.0,0.0,0.0,0.0,0.0,0.0,0.0,0.0,0.0,0.0,0.0,0
1786037796,82534551,100.0,-1.7199505011187952,-1.703757111226217,-1.1327255407916468,-4.6177828947650355,-4.890387598668234,0.6930350065231323,0.0,-0.0,0.0,0.0,0.0,0.0,0.0,0.0,0.0,0.0,0.0,0.0,0
1786037796,102558612,100.0,-1.7200225035296839,-1.7037809530841272,-1.132761303578512,-4.617746893559591,-4.890351716672079,0.6929751038551331,0.0,-0.0,0.0,0.0,0.0,0.0,0.0,0.0,0.0,0.0,0.0,0.0,0
1786037796,122437238,100.0,-1.7199862639056605,-1.7038291136371058,-1.1327255407916468,-4.617758814488546,-4.890387598668234,0.6930110454559326,0.0,-0.0,0.0,0.0,0.0,0.0,0.0,0.0,0.0,0.0,0.0,0.0,0
1786037796,142637014,100.0,-1.719926659260885,-1.7038410345660608,-1.1327016989337366,-4.617770854626791,-4.890351716672079,0.6930110454559326,0.0,-0.0,0.0,0.0,0.0,0.0,0.0,0.0,0.0,0.0,0.0,0.0,0
1786037796,162438392,100.0,-1.7199743429767054,-1.7037690321551722,-1.1327136198626917,-4.6177348534213465,-4.890351716672079,0.6929870843887329,0.0,-0.0,0.0,0.0,0.0,0.0,0.0,0.0,0.0,0.0,0.0,0.0,0
1786037796,182568073,100.0,-1.7199505011187952,-1.7038410345660608,-1.1327374617206019,-4.617758814488546,-4.890363637601034,0.6929990649223328,0.0,-0.0,0.0,0.0,0.0,0.0,0.0,0.0,0.0,0.0,0.0,0.0,0
1786037796,202363729,100.0,-1.7199624220477503,-1.7037809530841272,-1.132761303578512,-4.617746893559591,-4.890387598668234,0.6930469870567322,0.0,-0.0,0.0,0.0,0.0,0.0,0.0,0.0,0.0,0.0,0.0,0.0,0
1786037796,222688674,100.0,-1.7199743429767054,-1.7038052717791956,-1.1326897780047815,-4.617770854626791,-4.890363637601034,0.6930350065231323,0.0,-0.0,0.0,0.0,0.0,0.0,0.0,0.0,0.0,0.0,0.0,0.0,0
1786037796,242427825,100.0,-1.7199743429767054,-1.7038052717791956,-1.1326773802386683,-4.617770854626791,-4.890387598668234,0.6929870843887329,0.0,-0.0,0.0,0.0,0.0,0.0,0.0,0.0,0.0,0.0,0.0,0.0,0
1786037796,262634277,100.0,-1.7199981848346155,-1.7037928740130823,-1.132749382649557,-4.617758814488546,-4.890399638806478,0.6929990649223328,0.0,-0.0,0.0,0.0,0.0,0.0,0.0,0.0,0.0,0.0,0.0,0.0,0
1786037796,282550334,100.0,-1.7199743429767054,-1.7037928740130823,-1.1327016989337366,-4.6177348534213465,-4.890363637601034,0.6930469870567322,0.0,-0.0,0.0,0.0,0.0,0.0,0.0,0.0,0.0,0.0,0.0,0.0,0
1786037796,302524328,100.0,-1.7199862639056605,-1.7037809530841272,-1.1327016989337366,-4.617770854626791,-4.890399638806478,0.6929990649223328,0.0,-0.0,0.0,0.0,0.0,0.0,0.0,0.0,0.0,0.0,0.0,0.0,0
1786037796,322438001,100.0,-1.7199505011187952,-1.7037809530841272,-1.1327255407916468,-4.6177828947650355,-4.890399638806478,0.6930230259895325,0.0,-0.0,0.0,0.0,0.0,0.0,0.0,0.0,0.0,0.0,0.0,0.0,0
1786037796,342574834,100.0,-1.719926659260885,-1.7038052717791956,-1.1327016989337366,-4.6177348534213465,-4.890327755604879,0.6930110454559326,0.0,-0.0,0.0,0.0,0.0,0.0,0.0,0.0,0.0,0.0,0.0,0.0,0
1786037796,362435817,100.0,-1.7199624220477503,-1.703757111226217,-1.1327016989337366,-4.617746893559591,-4.890399638806478,0.6929990649223328,0.0,-0.0,0.0,0.0,0.0,0.0,0.0,0.0,0.0,0.0,0.0,0.0,0
1786037796,382519245,100.0,-1.7199743429767054,-1.703745190297262,-1.1327016989337366,-4.6177948156939905,-4.890399638806478,0.6929870843887329,0.0,-0.0,0.0,0.0,0.0,0.0,0.0,0.0,0.0,0.0,0.0,0.0,0
1786037796,402390241,100.0,-1.7199505011187952,-1.7037809530841272,-1.132749382649557,-4.617770854626791,-4.890375677739279,0.6929990649223328,0.0,-0.0,0.0,0.0,0.0,0.0,0.0,0.0,0.0,0.0,0.0,0.0,0
1786037796,422588586,100.0,-1.7199385801898401,-1.7038167158709925,-1.1327136198626917,-4.617806855832235,-4.890363637601034,0.6929990649223328,0.0,-0.0,0.0,0.0,0.0,0.0,0.0,0.0,0.0,0.0,0.0,0.0,0
1786037796,442414522,100.0,-1.7199385801898401,-1.7038052717791956,-1.1326773802386683,-4.617770854626791,-4.890375677739279,0.6930469870567322,0.0,-0.0,0.0,0.0,0.0,0.0,0.0,0.0,0.0,0.0,0.0,0.0,0
1786037796,462631225,100.0,-1.7199624220477503,-1.7037928740130823,-1.1327255407916468,-4.617758814488546,-4.890351716672079,0.6930230259895325,0.0,-0.0,0.0,0.0,0.0,0.0,0.0,0.0,0.0,0.0,0.0,0.0,0
1786037796,482381582,100.0,-1.7199624220477503,-1.703745190297262,-1.132761303578512,-4.617758814488546,-4.890375677739279,0.6930230259895325,0.0,-0.0,0.0,0.0,0.0,0.0,0.0,0.0,0.0,0.0,0.0,0.0,0
1786037796,502538681,100.0,-1.7199624220477503,-1.7038052717791956,-1.1326897780047815,-4.6177828947650355,-4.890339676533834,0.6930110454559326,0.0,-0.0,0.0,0.0,0.0,0.0,0.0,0.0,0.0,0.0,0.0,0.0,0
1786037796,522375583,100.0,-1.7200105826007288,-1.7038167158709925,-1.1326897780047815,-4.6177348534213465,-4.890412036572592,0.6930110454559326,0.0,-0.0,0.0,0.0,0.0,0.0,0.0,0.0,0.0,0.0,0.0,0.0,0
1786037796,542620658,100.0,-1.719926659260885,-1.7038167158709925,-1.1326897780047815,-4.6177348534213465,-4.890351716672079,0.6930230259895325,0.0,-0.0,0.0,0.0,0.0,0.0,0.0,0.0,0.0,0.0,0.0,0.0,0
1786037796,562425136,100.0,-1.7199385801898401,-1.7038167158709925,-1.1327136198626917,-4.6177828947650355,-4.890363637601034,0.6929990649223328,0.0,-0.0,0.0,0.0,0.0,0.0,0.0,0.0,0.0,0.0,0.0,0.0,0
1786037796,582552671,100.0,-1.7199743429767054,-1.7038052717791956,-1.1327374617206019,-4.6177828947650355,-4.890363637601034,0.6930469870567322,0.0,-0.0,0.0,0.0,0.0,0.0,0.0,0.0,0.0,0.0,0.0,0.0,0
1786037796,602421760,100.0,-1.719926659260885,-1.7038291136371058,-1.1327255407916468,-4.617758814488546,-4.890327755604879,0.693058967590332,0.0,-0.0,0.0,0.0,0.0,0.0,0.0,0.0,0.0,0.0,0.0,0.0,0
1786037796,622527122,100.0,-1.7199505011187952,-1.7038410345660608,-1.1327016989337366,-4.617722932492391,-4.890363637601034,0.6929751038551331,0.0,-0.0,0.0,0.0,0.0,0.0,0.0,0.0,0.0,0.0,0.0,0.0,0
1786037796,642432689,100.0,-1.7199624220477503,-1.7037690321551722,-1.1326773802386683,-4.617746893559591,-4.890399638806478,0.6930110454559326,0.0,-0.0,0.0,0.0,0.0,0.0,0.0,0.0,0.0,0.0,0.0,0.0,0
1786037796,662497997,100.0,-1.7199862639056605,-1.7038052717791956,-1.1327016989337366,-4.617710892354147,-4.890387598668234,0.6930230259895325,0.0,-0.0,0.0,0.0,0.0,0.0,0.0,0.0,0.0,0.0,0.0,0.0,0
1786037796,682522058,100.0,-1.7199385801898401,-1.703757111226217,-1.1326897780047815,-4.617710892354147,-4.890351716672079,0.6930469870567322,0.0,-0.0,0.0,0.0,0.0,0.0,0.0,0.0,0.0,0.0,0.0,0.0,0
1786037796,702545404,100.0,-1.7199385801898401,-1.7038167158709925,-1.1327255407916468,-4.6177348534213465,-4.890399638806478,0.6930469870567322,0.0,-0.0,0.0,0.0,0.0,0.0,0.0,0.0,0.0,0.0,0.0,0.0,0
1786037796,722406148,100.0,-1.7199385801898401,-1.7037809530841272,-1.1327136198626917,-4.617758814488546,-4.890363637601034,0.6929990649223328,0.0,-0.0,0.0,0.0,0.0,0.0,0.0,0.0,0.0,0.0,0.0,0.0,0
1786037796,742559909,100.0,-1.7199743429767054,-1.7038052717791956,-1.1327136198626917,-4.6177828947650355,-4.890363637601034,0.6930469870567322,0.0,-0.0,0.0,0.0,0.0,0.0,0.0,0.0,0.0,0.0,0.0,0.0,0
1786037796,762393951,100.0,-1.7199505011187952,-1.7038052717791956,-1.1327374617206019,-4.617722932492391,-4.890375677739279,0.6929870843887329,0.0,-0.0,0.0,0.0,0.0,0.0,0.0,0.0,0.0,0.0,0.0,0.0,0
1786037796,782563924,100.0,-1.7199385801898401,-1.7038052717791956,-1.1326773802386683,-4.617746893559591,-4.890363637601034,0.6929990649223328,0.0,-0.0,0.0,0.0,0.0,0.0,0.0,0.0,0.0,0.0,0.0,0.0,0
1786037796,802458047,100.0,-1.7199862639056605,-1.7038167158709925,-1.1326773802386683,-4.617758814488546,-4.890363637601034,0.6930230259895325,0.0,-0.0,0.0,0.0,0.0,0.0,0.0,0.0,0.0,0.0,0.0,0.0,0
1786037796,822509527,100.0,-1.7199743429767054,-1.7037690321551722,-1.1327016989337366,-4.617770854626791,-4.890339676533834,0.6929990649223328,0.0,-0.0,0.0,0.0,0.0,0.0,0.0,0.0,0.0,0.0,0.0,0.0,0
1786037796,842433691,100.0,-1.7199743429767054,-1.7038167158709925,-1.1327374617206019,-4.6177348534213465,-4.890339676533834,0.6930110454559326,0.0,-0.0,0.0,0.0,0.0,0.0,0.0,0.0,0.0,0.0,0.0,0.0,0
1786037796,862495183,100.0,-1.719926659260885,-1.7038052717791956,-1.1326897780047815,-4.617770854626791,-4.890363637601034,0.6930110454559326,0.0,-0.0,0.0,0.0,0.0,0.0,0.0,0.0,0.0,0.0,0.0,0.0,0
1786037796,882460594,100.0,-1.7199385801898401,-1.7038052717791956,-1.1326773802386683,-4.6177828947650355,-4.890375677739279,0.6929990649223328,0.0,-0.0,0.0,0.0,0.0,0.0,0.0,0.0,0.0,0.0,0.0,0.0,0
1786037796,902616977,100.0,-1.7199624220477503,-1.7038052717791956,-1.1327374617206019,-4.617770854626791,-4.890351716672079,0.6930110454559326,0.0,-0.0,0.0,0.0,0.0,0.0,0.0,0.0,0.0,0.0,0.0,0.0,0
1786037796,922521591,100.0,-1.7199862639056605,-1.703852955495016,-1.1327255407916468,-4.617710892354147,-4.890375677739279,0.6930350065231323,0.0,-0.0,0.0,0.0,0.0,0.0,0.0,0.0,0.0,0.0,0.0,0.0,0
1786037796,942526578,100.0,-1.7199981848346155,-1.7038291136371058,-1.1326659361468714,-4.617770854626791,-4.890375677739279,0.6929870843887329,0.0,-0.0,0.0,0.0,0.0,0.0,0.0,0.0,0.0,0.0,0.0,0.0,0
1786037796,962324142,100.0,-1.7199862639056605,-1.7038052717791956,-1.1327016989337366,-4.6177948156939905,-4.890351716672079,0.693058967590332,0.0,-0.0,0.0,0.0,0.0,0.0,0.0,0.0,0.0,0.0,0.0,0.0,0
1786037796,982606410,100.0,-1.7199981848346155,-1.703745190297262,-1.1326897780047815,-4.617806855832235,-4.890399638806478,0.6930230259895325,0.0,-0.0,0.0,0.0,0.0,0.0,0.0,0.0,0.0,0.0,0.0,0.0,0
1786037797,2424478,100.0,-1.7199743429767054,-1.7037928740130823,-1.1327016989337366,-4.617770854626791,-4.890412036572592,0.6929870843887329,0.0,-0.0,0.0,0.0,0.0,0.0,0.0,0.0,0.0,0.0,0.0,0.0,0
1786037797,22552728,100.0,-1.7199505011187952,-1.703876797352926,-1.1327255407916468,-4.6177828947650355,-4.890399638806478,0.6930230259895325,0.0,-0.0,0.0,0.0,0.0,0.0,0.0,0.0,0.0,0.0,0.0,0.0,0
1786037797,42437314,100.0,-1.7199505011187952,-1.7038291136371058,-1.132749382649557,-4.6177828947650355,-4.890339676533834,0.6929990649223328,0.0,-0.0,0.0,0.0,0.0,0.0,0.0,0.0,0.0,0.0,0.0,0.0,0
1786037797,62631368,100.0,-1.719926659260885,-1.7038052717791956,-1.1327255407916468,-4.617770854626791,-4.890412036572592,0.6929990649223328,0.0,-0.0,0.0,0.0,0.0,0.0,0.0,0.0,0.0,0.0,0.0,0.0,0
1786037797,82391500,100.0,-1.7199505011187952,-1.7037690321551722,-1.1327255407916468,-4.617746893559591,-4.890363637601034,0.6930230259895325,0.0,-0.0,0.0,0.0,0.0,0.0,0.0,0.0,0.0,0.0,0.0,0.0,0
1786037797,102585554,100.0,-1.7199624220477503,-1.703745190297262,-1.1327255407916468,-4.6177348534213465,-4.890399638806478,0.6930110454559326,0.0,-0.0,0.0,0.0,0.0,0.0,0.0,0.0,0.0,0.0,0.0,0.0,0
1786037797,122336626,100.0,-1.7199385801898401,-1.7037928740130823,-1.1327374617206019,-4.6177348534213465,-4.890351716672079,0.6929990649223328,0.0,-0.0,0.0,0.0,0.0,0.0,0.0,0.0,0.0,0.0,0.0,0.0,0
1786037797,142636537,100.0,-1.7200225035296839,-1.7038291136371058,-1.1326897780047815,-4.6177828947650355,-4.890375677739279,0.693058967590332,0.0,-0.0,0.0,0.0,0.0,0.0,0.0,0.0,0.0,0.0,0.0,0.0,0
1786037797,162345647,100.0,-1.7199624220477503,-1.7038291136371058,-1.1327016989337366,-4.6177828947650355,-4.890412036572592,0.6930469870567322,0.0,-0.0,0.0,0.0,0.0,0.0,0.0,0.0,0.0,0.0,0.0,0.0,0
1786037797,182598590,100.0,-1.7199743429767054,-1.7038410345660608,-1.1326659361468714,-4.617758814488546,-4.890399638806478,0.6930110454559326,0.0,-0.0,0.0,0.0,0.0,0.0,0.0,0.0,0.0,0.0,0.0,0.0,0
1786037797,202407121,100.0,-1.719926659260885,-1.7038167158709925,-1.1326897780047815,-4.6177348534213465,-4.890351716672079,0.6929990649223328,0.0,-0.0,0.0,0.0,0.0,0.0,0.0,0.0,0.0,0.0,0.0,0.0,0
1786037797,222605705,100.0,-1.7199624220477503,-1.7037928740130823,-1.1326897780047815,-4.6177828947650355,-4.890363637601034,0.6930110454559326,0.0,-0.0,0.0,0.0,0.0,0.0,0.0,0.0,0.0,0.0,0.0,0.0,0
1786037797,242426633,100.0,-1.7200105826007288,-1.7037928740130823,-1.1327374617206019,-4.617770854626791,-4.890399638806478,0.6930110454559326,0.0,-0.0,0.0,0.0,0.0,0.0,0.0,0.0,0.0,0.0,0.0,0.0,0
1786037797,262496471,100.0,-1.7199505011187952,-1.7037928740130823,-1.1326773802386683,-4.6177348534213465,-4.890412036572592,0.6930350065231323,0.0,-0.0,0.0,0.0,0.0,0.0,0.0,0.0,0.0,0.0,0.0,0.0,0
1786037797,282638549,100.0,-1.7199624220477503,-1.7037809530841272,-1.1327136198626917,-4.617758814488546,-4.890339676533834,0.6929751038551331,0.0,-0.0,0.0,0.0,0.0,0.0,0.0,0.0,0.0,0.0,0.0,0.0,0
1786037797,302582502,100.0,-1.7200105826007288,-1.703864876423971,-1.1327255407916468,-4.617758814488546,-4.890375677739279,0.6929751038551331,0.0,-0.0,0.0,0.0,0.0,0.0,0.0,0.0,0.0,0.0,0.0,0.0,0
1786037797,322455406,100.0,-1.7199505011187952,-1.7038167158709925,-1.1327255407916468,-4.6177348534213465,-4.890375677739279,0.6929870843887329,0.0,-0.0,0.0,0.0,0.0,0.0,0.0,0.0,0.0,0.0,0.0,0.0,0
1786037797,342625856,100.0,-1.7200105826007288,-1.7037928740130823,-1.1327374617206019,-4.617758814488546,-4.890339676533834,0.6929990649223328,0.0,-0.0,0.0,0.0,0.0,0.0,0.0,0.0,0.0,0.0,0.0,0.0,0
1786037797,362508058,100.0,-1.7199624220477503,-1.7037690321551722,-1.1327136198626917,-4.617770854626791,-4.890327755604879,0.6929870843887329,0.0,-0.0,0.0,0.0,0.0,0.0,0.0,0.0,0.0,0.0,0.0,0.0,0
1786037797,382587671,100.0,-1.7199624220477503,-1.7037690321551722,-1.1327136198626917,-4.6177348534213465,-4.890375677739279,0.6929990649223328,0.0,-0.0,0.0,0.0,0.0,0.0,0.0,0.0,0.0,0.0,0.0,0.0,0
1786037797,402378559,100.0,-1.7199862639056605,-1.7037809530841272,-1.1327136198626917,-4.617770854626791,-4.890375677739279,0.6930469870567322,0.0,-0.0,0.0,0.0,0.0,0.0,0.0,0.0,0.0,0.0,0.0,0.0,0
1786037797,422616243,100.0,-1.7199862639056605,-1.7037809530841272,-1.1327016989337366,-4.617758814488546,-4.890399638806478,0.6930350065231323,0.0,-0.0,0.0,0.0,0.0,0.0,0.0,0.0,0.0,0.0,0.0,0.0,0
1786037797,442392826,100.0,-1.7199743429767054,-1.703876797352926,-1.1326659361468714,-4.617722932492391,-4.890363637601034,0.6930230259895325,0.0,-0.0,0.0,0.0,0.0,0.0,0.0,0.0,0.0,0.0,0.0,0.0,0
1786037797,462518453,100.0,-1.7199862639056605,-1.7038167158709925,-1.1327136198626917,-4.617758814488546,-4.890351716672079,0.6929751038551331,0.0,-0.0,0.0,0.0,0.0,0.0,0.0,0.0,0.0,0.0,0.0,0.0,0
1786037797,482512950,100.0,-1.7199862639056605,-1.7038052717791956,-1.1327374617206019,-4.6177828947650355,-4.890375677739279,0.6930110454559326,0.0,-0.0,0.0,0.0,0.0,0.0,0.0,0.0,0.0,0.0,0.0,0.0,0
1786037797,502620935,100.0,-1.7200105826007288,-1.7037690321551722,-1.1327255407916468,-4.617806855832235,-4.890387598668234,0.6930469870567322,0.0,-0.0,0.0,0.0,0.0,0.0,0.0,0.0,0.0,0.0,0.0,0.0,0
1786037797,522393226,100.0,-1.7199505011187952,-1.7037928740130823,-1.1327016989337366,-4.617770854626791,-4.890339676533834,0.6930350065231323,0.0,-0.0,0.0,0.0,0.0,0.0,0.0,0.0,0.0,0.0,0.0,0.0,0
1786037797,542553663,100.0,-1.7199385801898401,-1.703757111226217,-1.1327255407916468,-4.617806855832235,-4.890399638806478,0.6930350065231323,0.0,-0.0,0.0,0.0,0.0,0.0,0.0,0.0,0.0,0.0,0.0,0.0,0
1786037797,562364816,100.0,-1.7200105826007288,-1.7038167158709925,-1.1327255407916468,-4.617758814488546,-4.890387598668234,0.6929990649223328,0.0,-0.0,0.0,0.0,0.0,0.0,0.0,0.0,0.0,0.0,0.0,0.0,0
1786037797,582605123,100.0,-1.71991473833193,-1.7038167158709925,-1.1327374617206019,-4.617758814488546,-4.890351716672079,0.6929990649223328,0.0,-0.0,0.0,0.0,0.0,0.0,0.0,0.0,0.0,0.0,0.0,0.0,0
1786037797,602377891,100.0,-1.7200105826007288,-1.7037809530841272,-1.1326773802386683,-4.617770854626791,-4.890375677739279,0.6929990649223328,0.0,-0.0,0.0,0.0,0.0,0.0,0.0,0.0,0.0,0.0,0.0,0.0,0
1786037797,622568130,100.0,-1.7199624220477503,-1.7037928740130823,-1.1327374617206019,-4.617710892354147,-4.890399638806478,0.6930350065231323,0.0,-0.0,0.0,0.0,0.0,0.0,0.0,0.0,0.0,0.0,0.0,0.0,0
1786037797,642397880,100.0,-1.7199505011187952,-1.7038291136371058,-1.1327255407916468,-4.617758814488546,-4.890387598668234,0.6930110454559326,0.0,-0.0,0.0,0.0,0.0,0.0,0.0,0.0,0.0,0.0,0.0,0.0,0
1786037797,662547111,100.0,-1.7199624220477503,-1.7037809530841272,-1.1326659361468714,-4.617722932492391,-4.890363637601034,0.6929751038551331,0.0,-0.0,0.0,0.0,0.0,0.0,0.0,0.0,0.0,0.0,0.0,0.0,0
1786037797,682456493,100.0,-1.7199505011187952,-1.7038291136371058,-1.1327255407916468,-4.617746893559591,-4.890351716672079,0.6929990649223328,0.0,-0.0,0.0,0.0,0.0,0.0,0.0,0.0,0.0,0.0,0.0,0.0,0
1786037797,702603340,100.0,-1.7199981848346155,-1.7037928740130823,-1.1327016989337366,-4.617770854626791,-4.890399638806478,0.6929990649223328,0.0,-0.0,0.0,0.0,0.0,0.0,0.0,0.0,0.0,0.0,0.0,0.0,0
1786037797,722374916,100.0,-1.7199505011187952,-1.7038052717791956,-1.1326659361468714,-4.617758814488546,-4.890399638806478,0.6930350065231323,0.0,-0.0,0.0,0.0,0.0,0.0,0.0,0.0,0.0,0.0,0.0,0.0,0
1786037797,742514610,100.0,-1.7199385801898401,-1.7038410345660608,-1.132749382649557,-4.617770854626791,-4.890351716672079,0.6929990649223328,0.0,-0.0,0.0,0.0,0.0,0.0,0.0,0.0,0.0,0.0,0.0,0.0,0
1786037797,762453317,100.0,-1.7199862639056605,-1.7037690321551722,-1.132761303578512,-4.617770854626791,-4.890387598668234,0.6930350065231323,0.0,-0.0,0.0,0.0,0.0,0.0,0.0,0.0,0.0,0.0,0.0,0.0,0
1786037797,782588243,100.0,-1.7199862639056605,-1.7038167158709925,-1.1327255407916468,-4.617758814488546,-4.890375677739279,0.6929990649223328,0.0,-0.0,0.0,0.0,0.0,0.0,0.0,0.0,0.0,0.0,0.0,0.0,0
1786037797,802394628,100.0,-1.7199505011187952,-1.7037928740130823,-1.1326897780047815,-4.617722932492391,-4.890327755604879,0.6929990649223328,0.0,-0.0,0.0,0.0,0.0,0.0,0.0,0.0,0.0,0.0,0.0,0.0,0
1786037797,822627782,100.0,-1.7199862639056605,-1.7037809530841272,-1.1327016989337366,-4.617806855832235,-4.890363637601034,0.6929631233215332,0.0,-0.0,0.0,0.0,0.0,0.0,0.0,0.0,0.0,0.0,0.0,0.0,0
1786037797,842577457,100.0,-1.7199505011187952,-1.7037809530841272,-1.1327016989337366,-4.617746893559591,-4.890363637601034,0.6930230259895325,0.0,-0.0,0.0,0.0,0.0,0.0,0.0,0.0,0.0,0.0,0.0,0.0,0
1786037797,862594842,100.0,-1.7199505011187952,-1.7038052717791956,-1.1326659361468714,-4.617770854626791,-4.890351716672079,0.6930469870567322,0.0,-0.0,0.0,0.0,0.0,0.0,0.0,0.0,0.0,0.0,0.0,0.0,0
1786037797,882380247,100.0,-1.7199385801898401,-1.7037809530841272,-1.1326659361468714,-4.617710892354147,-4.890375677739279,0.6930110454559326,0.0,-0.0,0.0,0.0,0.0,0.0,0.0,0.0,0.0,0.0,0.0,0.0,0
1786037797,902544736,100.0,-1.7199981848346155,-1.703745190297262,-1.1327255407916468,-4.617770854626791,-4.890363637601034,0.6930469870567322,0.0,-0.0,0.0,0.0,0.0,0.0,0.0,0.0,0.0,0.0,0.0,0.0,0
1786037797,922411441,100.0,-1.7199862639056605,-1.7037809530841272,-1.1327255407916468,-4.617770854626791,-4.890412036572592,0.6929990649223328,0.0,-0.0,0.0,0.0,0.0,0.0,0.0,0.0,0.0,0.0,0.0,0.0,0
1786037797,942551612,100.0,-1.7199505011187952,-1.7037809530841272,-1.132749382649557,-4.6177828947650355,-4.890387598668234,0.6929990649223328,0.0,-0.0,0.0,0.0,0.0,0.0,0.0,0.0,0.0,0.0,0.0,0.0,0
1786037797,962359189,100.0,-1.71991473833193,-1.7037928740130823,-1.1327016989337366,-4.617746893559591,-4.890375677739279,0.6929870843887329,0.0,-0.0,0.0,0.0,0.0,0.0,0.0,0.0,0.0,0.0,0.0,0.0,0
1786037797,982610940,100.0,-1.7199743429767054,-1.7038052717791956,-1.1327016989337366,-4.6177948156939905,-4.890412036572592,0.6929631233215332,0.0,-0.0,0.0,0.0,0.0,0.0,0.0,0.0,0.0,0.0,0.0,0.0,0
1786037798,2347469,100.0,-1.7199981848346155,-1.7038052717791956,-1.1327374617206019,-4.617770854626791,-4.890363637601034,0.6930230259895325,0.0,-0.0,0.0,0.0,0.0,0.0,0.0,0.0,0.0,0.0,0.0,0.0,0
1786037798,22614479,100.0,-1.7199743429767054,-1.7038052717791956,-1.1327255407916468,-4.617758814488546,-4.890387598668234,0.6929751038551331,0.0,-0.0,0.0,0.0,0.0,0.0,0.0,0.0,0.0,0.0,0.0,0.0,0
1786037798,42424678,100.0,-1.7199862639056605,-1.7037690321551722,-1.1327255407916468,-4.6177948156939905,-4.890412036572592,0.6929751038551331,0.0,-0.0,0.0,0.0,0.0,0.0,0.0,0.0,0.0,0.0,0.0,0.0,0
1786037798,62528610,100.0,-1.7199862639056605,-1.703852955495016,-1.1326897780047815,-4.617746893559591,-4.890412036572592,0.6930350065231323,0.0,-0.0,0.0,0.0,0.0,0.0,0.0,0.0,0.0,0.0,0.0,0.0,0
1786037798,82566976,100.0,-1.720034424458639,-1.7038052717791956,-1.1326897780047815,-4.6177828947650355,-4.890387598668234,0.6930230259895325,0.0,-0.0,0.0,0.0,0.0,0.0,0.0,0.0,0.0,0.0,0.0,0.0,0
1786037798,102458715,100.0,-1.719926659260885,-1.7038052717791956,-1.1326773802386683,-4.6177948156939905,-4.890375677739279,0.6930230259895325,0.0,-0.0,0.0,0.0,0.0,0.0,0.0,0.0,0.0,0.0,0.0,0.0,0
1786037798,122455120,100.0,-1.7199862639056605,-1.7038167158709925,-1.132749382649557,-4.617746893559591,-4.890375677739279,0.6930230259895325,0.0,-0.0,0.0,0.0,0.0,0.0,0.0,0.0,0.0,0.0,0.0,0.0,0
1786037798,142558097,100.0,-1.7199981848346155,-1.7038167158709925,-1.1327136198626917,-4.6177348534213465,-4.890363637601034,0.6930230259895325,0.0,-0.0,0.0,0.0,0.0,0.0,0.0,0.0,0.0,0.0,0.0,0.0,0
1786037798,162418127,100.0,-1.7199743429767054,-1.7037928740130823,-1.132761303578512,-4.617770854626791,-4.890399638806478,0.6929990649223328,0.0,-0.0,0.0,0.0,0.0,0.0,0.0,0.0,0.0,0.0,0.0,0.0,0
1786037798,182577371,100.0,-1.7199505011187952,-1.7038167158709925,-1.1326659361468714,-4.61781877676119,-4.890363637601034,0.6929990649223328,0.0,-0.0,0.0,0.0,0.0,0.0,0.0,0.0,0.0,0.0,0.0,0.0,0
1786037798,202410221,100.0,-1.7199743429767054,-1.703852955495016,-1.1326659361468714,-4.617806855832235,-4.890375677739279,0.6929990649223328,0.0,-0.0,0.0,0.0,0.0,0.0,0.0,0.0,0.0,0.0,0.0,0.0,0
1786037798,222691297,100.0,-1.7199743429767054,-1.7038167158709925,-1.1326659361468714,-4.617770854626791,-4.890363637601034,0.6930350065231323,0.0,-0.0,0.0,0.0,0.0,0.0,0.0,0.0,0.0,0.0,0.0,0.0,0
1786037798,242353677,100.0,-1.7199743429767054,-1.7038167158709925,-1.1326773802386683,-4.6177348534213465,-4.890363637601034,0.6929751038551331,0.0,-0.0,0.0,0.0,0.0,0.0,0.0,0.0,0.0,0.0,0.0,0.0,0
1786037798,262574911,100.0,-1.7199981848346155,-1.7038167158709925,-1.1327016989337366,-4.617758814488546,-4.890351716672079,0.6929631233215332,0.0,-0.0,0.0,0.0,0.0,0.0,0.0,0.0,0.0,0.0,0.0,0.0,0
1786037798,282415390,100.0,-1.7199385801898401,-1.7038291136371058,-1.1326659361468714,-4.617758814488546,-4.890363637601034,0.6930350065231323,0.0,-0.0,0.0,0.0,0.0,0.0,0.0,0.0,0.0,0.0,0.0,0.0,0
1786037798,302586078,100.0,-1.7200105826007288,-1.7037809530841272,-1.132749382649557,-4.617710892354147,-4.890375677739279,0.6930230259895325,0.0,-0.0,0.0,0.0,0.0,0.0,0.0,0.0,0.0,0.0,0.0,0.0,0
1786037798,322419404,100.0,-1.7200105826007288,-1.703852955495016,-1.1327255407916468,-4.6177348534213465,-4.890375677739279,0.6930230259895325,0.0,-0.0,0.0,0.0,0.0,0.0,0.0,0.0,0.0,0.0,0.0,0.0,0
1786037798,342637538,100.0,-1.719926659260885,-1.7038052717791956,-1.1327136198626917,-4.617722932492391,-4.890399638806478,0.6930110454559326,0.0,-0.0,0.0,0.0,0.0,0.0,0.0,0.0,0.0,0.0,0.0,0.0,0
1786037798,362396478,100.0,-1.719926659260885,-1.7038410345660608,-1.1327255407916468,-4.617746893559591,-4.890399638806478,0.6929870843887329,0.0,-0.0,0.0,0.0,0.0,0.0,0.0,0.0,0.0,0.0,0.0,0.0,0
1786037798,382666587,100.0,-1.7199981848346155,-1.703757111226217,-1.1327255407916468,-4.617722932492391,-4.890375677739279,0.6929870843887329,0.0,-0.0,0.0,0.0,0.0,0.0,0.0,0.0,0.0,0.0,0.0,0.0,0
1786037798,402427673,100.0,-1.7199624220477503,-1.7038410345660608,-1.1327136198626917,-4.617806855832235,-4.890387598668234,0.6929990649223328,0.0,-0.0,0.0,0.0,0.0,0.0,0.0,0.0,0.0,0.0,0.0,0.0,0
1786037798,422778606,100.0,-1.7199743429767054,-1.7037690321551722,-1.1327374617206019,-4.6177948156939905,-4.890399638806478,0.6930350065231323,0.0,-0.0,0.0,0.0,0.0,0.0,0.0,0.0,0.0,0.0,0.0,0.0,0
1786037798,442451477,100.0,-1.7199981848346155,-1.7038291136371058,-1.1326420942889612,-4.617758814488546,-4.890375677739279,0.6930110454559326,0.0,-0.0,0.0,0.0,0.0,0.0,0.0,0.0,0.0,0.0,0.0,0.0,0
1786037798,462575674,100.0,-1.7199862639056605,-1.703852955495016,-1.1327136198626917,-4.617770854626791,-4.890375677739279,0.6930230259895325,0.0,-0.0,0.0,0.0,0.0,0.0,0.0,0.0,0.0,0.0,0.0,0.0,0
1786037798,482366561,100.0,-1.7200105826007288,-1.7037809530841272,-1.1327255407916468,-4.617758814488546,-4.890399638806478,0.6930230259895325,0.0,-0.0,0.0,0.0,0.0,0.0,0.0,0.0,0.0,0.0,0.0,0.0,0
1786037798,502679824,100.0,-1.7200105826007288,-1.7038052717791956,-1.1327136198626917,-4.617758814488546,-4.890423957501547,0.6929631233215332,0.0,-0.0,0.0,0.0,0.0,0.0,0.0,0.0,0.0,0.0,0.0,0.0,0
1786037798,522347211,100.0,-1.7200105826007288,-1.7038291136371058,-1.1327255407916468,-4.617758814488546,-4.890375677739279,0.6929631233215332,0.0,-0.0,0.0,0.0,0.0,0.0,0.0,0.0,0.0,0.0,0.0,0.0,0
1786037798,542525768,100.0,-1.71991473833193,-1.7038052717791956,-1.1327255407916468,-4.617746893559591,-4.890399638806478,0.6930469870567322,0.0,-0.0,0.0,0.0,0.0,0.0,0.0,0.0,0.0,0.0,0.0,0.0,0
1786037798,562328577,100.0,-1.7199862639056605,-1.7037809530841272,-1.1327136198626917,-4.617758814488546,-4.890363637601034,0.6930350065231323,0.0,-0.0,0.0,0.0,0.0,0.0,0.0,0.0,0.0,0.0,0.0,0.0,0
1786037798,582593441,100.0,-1.7199862639056605,-1.7038167158709925,-1.1326773802386683,-4.617758814488546,-4.890363637601034,0.6929511427879333,0.0,-0.0,0.0,0.0,0.0,0.0,0.0,0.0,0.0,0.0,0.0,0.0,0
1786037798,602360010,100.0,-1.7199505011187952,-1.7037690321551722,-1.1326773802386683,-4.617758814488546,-4.890351716672079,0.6930230259895325,0.0,-0.0,0.0,0.0,0.0,0.0,0.0,0.0,0.0,0.0,0.0,0.0,0
1786037798,622540950,100.0,-1.7199385801898401,-1.7038410345660608,-1.1327374617206019,-4.617758814488546,-4.890399638806478,0.6929751038551331,0.0,-0.0,0.0,0.0,0.0,0.0,0.0,0.0,0.0,0.0,0.0,0.0,0
1786037798,642547130,100.0,-1.7199624220477503,-1.703852955495016,-1.1327016989337366,-4.617770854626791,-4.890363637601034,0.6930230259895325,0.0,-0.0,0.0,0.0,0.0,0.0,0.0,0.0,0.0,0.0,0.0,0.0,0
1786037798,662609338,100.0,-1.7199505011187952,-1.7037809530841272,-1.1327255407916468,-4.6177348534213465,-4.890399638806478,0.6929990649223328,0.0,-0.0,0.0,0.0,0.0,0.0,0.0,0.0,0.0,0.0,0.0,0.0,0
1786037798,682452440,100.0,-1.7200105826007288,-1.7038291136371058,-1.1327255407916468,-4.6177828947650355,-4.890387598668234,0.6930110454559326,0.0,-0.0,0.0,0.0,0.0,0.0,0.0,0.0,0.0,0.0,0.0,0.0,0
1786037798,702495574,100.0,-1.7199862639056605,-1.703852955495016,-1.1326897780047815,-4.617758814488546,-4.890412036572592,0.6929870843887329,0.0,-0.0,0.0,0.0,0.0,0.0,0.0,0.0,0.0,0.0,0.0,0.0,0
1786037798,722325086,100.0,-1.7199743429767054,-1.7038410345660608,-1.1326659361468714,-4.617746893559591,-4.890339676533834,0.6929990649223328,0.0,-0.0,0.0,0.0,0.0,0.0,0.0,0.0,0.0,0.0,0.0,0.0,0
1786037798,742683649,100.0,-1.7199862639056605,-1.7038167158709925,-1.132749382649557,-4.617746893559591,-4.890351716672079,0.6929990649223328,0.0,-0.0,0.0,0.0,0.0,0.0,0.0,0.0,0.0,0.0,0.0,0.0,0
1786037798,762506723,100.0,-1.7199385801898401,-1.7038052717791956,-1.1327255407916468,-4.617758814488546,-4.890351716672079,0.6930350065231323,0.0,-0.0,0.0,0.0,0.0,0.0,0.0,0.0,0.0,0.0,0.0,0.0,0
1786037798,782535076,100.0,-1.7199743429767054,-1.7037928740130823,-1.1327016989337366,-4.617758814488546,-4.890351716672079,0.6929990649223328,0.0,-0.0,0.0,0.0,0.0,0.0,0.0,0.0,0.0,0.0,0.0,0.0,0
1786037798,802433013,100.0,-1.7199624220477503,-1.7037809530841272,-1.1327255407916468,-4.6177948156939905,-4.890351716672079,0.6930350065231323,0.0,-0.0,0.0,0.0,0.0,0.0,0.0,0.0,0.0,0.0,0.0,0.0,0
1786037798,822612047,100.0,-1.7199624220477503,-1.703757111226217,-1.1327136198626917,-4.617758814488546,-4.890375677739279,0.6929990649223328,0.0,-0.0,0.0,0.0,0.0,0.0,0.0,0.0,0.0,0.0,0.0,0.0,0
1786037798,842448949,100.0,-1.7199385801898401,-1.703852955495016,-1.1327016989337366,-4.6177828947650355,-4.890375677739279,0.6929870843887329,0.0,-0.0,0.0,0.0,0.0,0.0,0.0,0.0,0.0,0.0,0.0,0.0,0
1786037798,862625837,100.0,-1.7199862639056605,-1.7037690321551722,-1.132749382649557,-4.617722932492391,-4.890339676533834,0.6929990649223328,0.0,-0.0,0.0,0.0,0.0,0.0,0.0,0.0,0.0,0.0,0.0,0.0,0
1786037798,882435798,100.0,-1.7200105826007288,-1.7037928740130823,-1.1327255407916468,-4.617746893559591,-4.890351716672079,0.6929990649223328,0.0,-0.0,0.0,0.0,0.0,0.0,0.0,0.0,0.0,0.0,0.0,0.0,0
1786037798,902622699,100.0,-1.7199385801898401,-1.7037809530841272,-1.1327016989337366,-4.617746893559591,-4.890412036572592,0.6929990649223328,0.0,-0.0,0.0,0.0,0.0,0.0,0.0,0.0,0.0,0.0,0.0,0.0,0
1786037798,922390937,100.0,-1.7199624220477503,-1.703757111226217,-1.1327016989337366,-4.617746893559591,-4.890375677739279,0.693058967590332,0.0,-0.0,0.0,0.0,0.0,0.0,0.0,0.0,0.0,0.0,0.0,0.0,0
1786037798,942573547,100.0,-1.71991473833193,-1.7038052717791956,-1.132761303578512,-4.6177948156939905,-4.890399638806478,0.6930709481239319,0.0,-0.0,0.0,0.0,0.0,0.0,0.0,0.0,0.0,0.0,0.0,0.0,0
1786037798,962590456,100.0,-1.7199862639056605,-1.7038052717791956,-1.1327136198626917,-4.617746893559591,-4.890399638806478,0.6929990649223328,0.0,-0.0,0.0,0.0,0.0,0.0,0.0,0.0,0.0,0.0,0.0,0.0,0
1786037798,982620000,100.0,-1.7199743429767054,-1.7038291136371058,-1.1327016989337366,-4.617770854626791,-4.890339676533834,0.6929990649223328,0.0,-0.0,0.0,0.0,0.0,0.0,0.0,0.0,0.0,0.0,0.0,0.0,0
1786037799,2381801,100.0,-1.7199862639056605,-1.7038291136371058,-1.1326897780047815,-4.617806855832235,-4.890363637601034,0.6930350065231323,0.0,-0.0,0.0,0.0,0.0,0.0,0.0,0.0,0.0,0.0,0.0,0.0,0
1786037799,22419929,100.0,-1.7199385801898401,-1.7038167158709925,-1.1327136198626917,-4.617758814488546,-4.890399638806478,0.6929990649223328,0.0,-0.0,0.0,0.0,0.0,0.0,0.0,0.0,0.0,0.0,0.0,0.0,0
1786037799,42600154,100.0,-1.7199505011187952,-1.7038410345660608,-1.1327136198626917,-4.6177828947650355,-4.890351716672079,0.6930110454559326,0.0,-0.0,0.0,0.0,0.0,0.0,0.0,0.0,0.0,0.0,0.0,0.0,0
1786037799,62559604,100.0,-1.7199023405658167,-1.7038167158709925,-1.1326897780047815,-4.617770854626791,-4.890375677739279,0.6930230259895325,0.0,-0.0,0.0,0.0,0.0,0.0,0.0,0.0,0.0,0.0,0.0,0.0,0
1786037799,82546234,100.0,-1.7199981848346155,-1.7037928740130823,-1.1327374617206019,-4.6177828947650355,-4.890327755604879,0.6930230259895325,0.0,-0.0,0.0,0.0,0.0,0.0,0.0,0.0,0.0,0.0,0.0,0.0,0
1786037799,102515459,100.0,-1.7199862639056605,-1.7037928740130823,-1.132749382649557,-4.6177948156939905,-4.890375677739279,0.6930230259895325,0.0,-0.0,0.0,0.0,0.0,0.0,0.0,0.0,0.0,0.0,0.0,0.0,0
1786037799,122418403,100.0,-1.7199743429767054,-1.7038167158709925,-1.1326897780047815,-4.617710892354147,-4.890375677739279,0.6930110454559326,0.0,-0.0,0.0,0.0,0.0,0.0,0.0,0.0,0.0,0.0,0.0,0.0,0
1786037799,142614364,100.0,-1.7199862639056605,-1.7038291136371058,-1.1327136198626917,-4.617746893559591,-4.890375677739279,0.6930110454559326,0.0,-0.0,0.0,0.0,0.0,0.0,0.0,0.0,0.0,0.0,0.0,0.0,0
1786037799,162438631,100.0,-1.7199862639056605,-1.7038167158709925,-1.1327136198626917,-4.617770854626791,-4.890399638806478,0.6929990649223328,0.0,-0.0,0.0,0.0,0.0,0.0,0.0,0.0,0.0,0.0,0.0,0.0,0
1786037799,182629585,100.0,-1.7199624220477503,-1.7038052717791956,-1.1327374617206019,-4.617758814488546,-4.890399638806478,0.6929990649223328,0.0,-0.0,0.0,0.0,0.0,0.0,0.0,0.0,0.0,0.0,0.0,0.0,0
1786037799,202408075,100.0,-1.7199743429767054,-1.7037690321551722,-1.1327255407916468,-4.617770854626791,-4.890423957501547,0.6929990649223328,0.0,-0.0,0.0,0.0,0.0,0.0,0.0,0.0,0.0,0.0,0.0,0.0,0
1786037799,222679615,100.0,-1.7199385801898401,-1.7038052717791956,-1.1327136198626917,-4.617722932492391,-4.890412036572592,0.6929751038551331,0.0,-0.0,0.0,0.0,0.0,0.0,0.0,0.0,0.0,0.0,0.0,0.0,0
1786037799,242395401,100.0,-1.7199743429767054,-1.7037928740130823,-1.1327374617206019,-4.6177348534213465,-4.890363637601034,0.6929751038551331,0.0,-0.0,0.0,0.0,0.0,0.0,0.0,0.0,0.0,0.0,0.0,0.0,0
1786037799,262599706,100.0,-1.7199862639056605,-1.7038410345660608,-1.1327016989337366,-4.617770854626791,-4.890399638806478,0.6930230259895325,0.0,-0.0,0.0,0.0,0.0,0.0,0.0,0.0,0.0,0.0,0.0,0.0,0
1786037799,282548189,100.0,-1.7199743429767054,-1.7037809530841272,-1.1326773802386683,-4.6177828947650355,-4.890375677739279,0.6929870843887329,0.0,-0.0,0.0,0.0,0.0,0.0,0.0,0.0,0.0,0.0,0.0,0.0,0
1786037799,302551269,100.0,-1.7200105826007288,-1.7038052717791956,-1.1327255407916468,-4.617806855832235,-4.890351716672079,0.6930230259895325,0.0,-0.0,0.0,0.0,0.0,0.0,0.0,0.0,0.0,0.0,0.0,0.0,0
1786037799,322555065,100.0,-1.7199505011187952,-1.7037809530841272,-1.1327136198626917,-4.617758814488546,-4.890399638806478,0.6930230259895325,0.0,-0.0,0.0,0.0,0.0,0.0,0.0,0.0,0.0,0.0,0.0,0.0,0
1786037799,342541933,100.0,-1.7199862639056605,-1.7037809530841272,-1.1326897780047815,-4.6177348534213465,-4.890399638806478,0.6930230259895325,0.0,-0.0,0.0,0.0,0.0,0.0,0.0,0.0,0.0,0.0,0.0,0.0,0
1786037799,362440109,100.0,-1.7199385801898401,-1.7037809530841272,-1.1327136198626917,-4.617746893559591,-4.890399638806478,0.6930110454559326,0.0,-0.0,0.0,0.0,0.0,0.0,0.0,0.0,0.0,0.0,0.0,0.0,0
1786037799,382632493,100.0,-1.7199624220477503,-1.7038167158709925,-1.1326897780047815,-4.617758814488546,-4.890351716672079,0.6930469870567322,0.0,-0.0,0.0,0.0,0.0,0.0,0.0,0.0,0.0,0.0,0.0,0.0,0
1786037799,402493715,100.0,-1.7199385801898401,-1.7038167158709925,-1.132749382649557,-4.617722932492391,-4.890375677739279,0.6929870843887329,0.0,-0.0,0.0,0.0,0.0,0.0,0.0,0.0,0.0,0.0,0.0,0.0,0
1786037799,422446012,100.0,-1.7199624220477503,-1.7038167158709925,-1.1327136198626917,-4.61781877676119,-4.890387598668234,0.6930230259895325,0.0,-0.0,0.0,0.0,0.0,0.0,0.0,0.0,0.0,0.0,0.0,0.0,0
1786037799,442552566,100.0,-1.7199385801898401,-1.703757111226217,-1.1327016989337366,-4.6177348534213465,-4.890399638806478,0.6929990649223328,0.0,-0.0,0.0,0.0,0.0,0.0,0.0,0.0,0.0,0.0,0.0,0.0,0
1786037799,462633609,100.0,-1.7199743429767054,-1.7037928740130823,-1.1327016989337366,-4.617722932492391,-4.890363637601034,0.6929990649223328,0.0,-0.0,0.0,0.0,0.0,0.0,0.0,0.0,0.0,0.0,0.0,0.0,0
1786037799,482388019,100.0,-1.7199624220477503,-1.7037928740130823,-1.1327016989337366,-4.617722932492391,-4.890375677739279,0.6929870843887329,0.0,-0.0,0.0,0.0,0.0,0.0,0.0,0.0,0.0,0.0,0.0,0.0,0
1786037799,502526521,100.0,-1.7199862639056605,-1.7038052717791956,-1.1327016989337366,-4.617770854626791,-4.890363637601034,0.6930350065231323,0.0,-0.0,0.0,0.0,0.0,0.0,0.0,0.0,0.0,0.0,0.0,0.0,0
1786037799,522401809,100.0,-1.7199862639056605,-1.7038291136371058,-1.1327016989337366,-4.6177828947650355,-4.890387598668234,0.6930110454559326,0.0,-0.0,0.0,0.0,0.0,0.0,0.0,0.0,0.0,0.0,0.0,0.0,0
1786037799,554572582,100.0,-1.7199624220477503,-1.7037690321551722,-1.1326773802386683,-4.617770854626791,-4.890363637601034,0.6929870843887329,0.0,-0.0,0.0,0.0,0.0,0.0,0.0,0.0,0.0,0.0,0.0,0.0,1
1786037799,562533378,100.0,-1.7199743429767054,-1.7038167158709925,-1.1327255407916468,-4.6177828947650355,-4.890339676533834,0.693058967590332,0.0,-0.0,0.0,0.0,0.0,0.0,0.0,0.0,0.0,0.0,0.0,0.0,1
1786037799,582512378,100.0,-1.7199862639056605,-1.7037690321551722,-1.1326773802386683,-4.617722932492391,-4.890339676533834,0.6929870843887329,0.0,-0.0,0.0,0.0,0.0,0.0,0.0,0.0,0.0,0.0,0.0,0.0,1
1786037799,602375030,100.0,-1.7199505011187952,-1.7038291136371058,-1.1327374617206019,-4.6177948156939905,-4.890351716672079,0.6929631233215332,0.0,-0.0,0.0,0.0,0.0,0.0,0.0,0.0,0.0,0.0,0.0,0.0,1
1786037799,622570991,100.0,-1.7199862639056605,-1.7038052717791956,-1.1327374617206019,-4.6177348534213465,-4.890375677739279,0.6929870843887329,0.0,-0.0,0.0,0.0,0.0,0.0,0.0,0.0,0.0,0.0,0.0,0.0,1
1786037799,642431259,100.0,-1.7199743429767054,-1.7038052717791956,-1.132749382649557,-4.617722932492391,-4.890327755604879,0.6930469870567322,0.0,-0.0,0.0,0.0,0.0,0.0,0.0,0.0,0.0,0.0,0.0,0.0,1
1786037799,662669420,100.0,-1.7199624220477503,-1.7038167158709925,-1.1327016989337366,-4.617770854626791,-4.890399638806478,0.6929751038551331,0.0,-0.0,0.0,0.0,0.0,0.0,0.0,0.0,0.0,0.0,0.0,0.0,1
1786037799,682420015,100.0,-1.7199862639056605,-1.7038052717791956,-1.1327374617206019,-4.6177348534213465,-4.890387598668234,0.693058967590332,0.0,-0.0,0.0,0.0,0.0,0.0,0.0,0.0,0.0,0.0,0.0,0.0,1
1786037799,702545404,100.0,-1.7199624220477503,-1.7037928740130823,-1.132761303578512,-4.617758814488546,-4.890399638806478,0.6929870843887329,0.0,-0.0,0.0,0.0,0.0,0.0,0.0,0.0,0.0,0.0,0.0,0.0,1
1786037799,722409486,100.0,-1.7199505011187952,-1.7038291136371058,-1.1327016989337366,-4.6177348534213465,-4.890387598668234,0.6929870843887329,0.0,-0.0,0.0,0.0,0.0,0.0,0.0,0.0,0.0,0.0,0.0,0.0,1
1786037799,742581605,100.0,-1.7199385801898401,-1.7037809530841272,-1.1327136198626917,-4.6177348534213465,-4.890351716672079,0.6929751038551331,0.0,-0.0,0.0,0.0,0.0,0.0,0.0,0.0,0.0,0.0,0.0,0.0,1
1786037799,762438297,100.0,-1.7199743429767054,-1.7037809530841272,-1.1326773802386683,-4.617770854626791,-4.890387598668234,0.6930350065231323,0.0,-0.0,0.0,0.0,0.0,0.0,0.0,0.0,0.0,0.0,0.0,0.0,1
1786037799,782548666,100.0,-1.7199743429767054,-1.7038052717791956,-1.1327136198626917,-4.617770854626791,-4.890399638806478,0.6930110454559326,0.0,-0.0,0.0,0.0,0.0,0.0,0.0,0.0,0.0,0.0,0.0,0.0,1
1786037799,802416563,100.0,-1.7199862639056605,-1.7038410345660608,-1.1326773802386683,-4.617770854626791,-4.890375677739279,0.6930350065231323,0.0,-0.0,0.0,0.0,0.0,0.0,0.0,0.0,0.0,0.0,0.0,0.0,1
1786037799,822634458,100.0,-1.7199385801898401,-1.7038167158709925,-1.1327255407916468,-4.6177948156939905,-4.890351716672079,0.6929990649223328,0.0,-0.0,0.0,0.0,0.0,0.0,0.0,0.0,0.0,0.0,0.0,0.0,1
1786037799,842362165,100.0,-1.7199624220477503,-1.7038052717791956,-1.1327255407916468,-4.6177348534213465,-4.890375677739279,0.6930469870567322,0.0,-0.0,0.0,0.0,0.0,0.0,0.0,0.0,0.0,0.0,0.0,0.0,1
1786037799,862522363,100.0,-1.7199624220477503,-1.7038052717791956,-1.1326773802386683,-4.6177348534213465,-4.890375677739279,0.6929990649223328,0.0,-0.0,0.0,0.0,0.0,0.0,0.0,0.0,0.0,0.0,0.0,0.0,1
1786037799,882412910,100.0,-1.7199385801898401,-1.7037690321551722,-1.1327374617206019,-4.6177948156939905,-4.890423957501547,0.6929990649223328,0.0,-0.0,0.0,0.0,0.0,0.0,0.0,0.0,0.0,0.0,0.0,0.0,1
1786037799,902590990,100.0,-1.7199505011187952,-1.7038052717791956,-1.1326773802386683,-4.617746893559591,-4.890327755604879,0.6930230259895325,0.0,-0.0,0.0,0.0,0.0,0.0,0.0,0.0,0.0,0.0,0.0,0.0,1
1786037799,922437429,100.0,-1.7199505011187952,-1.7038291136371058,-1.132749382649557,-4.617722932492391,-4.890351716672079,0.6930110454559326,0.0,-0.0,0.0,0.0,0.0,0.0,0.0,0.0,0.0,0.0,0.0,0.0,1
1786037799,942597150,100.0,-1.7199981848346155,-1.7038052717791956,-1.1326773802386683,-4.6177348534213465,-4.890375677739279,0.6929990649223328,0.0,-0.0,0.0,0.0,0.0,0.0,0.0,0.0,0.0,0.0,0.0,0.0,1
1786037799,962409734,100.0,-1.7199385801898401,-1.7038410345660608,-1.1327737013446253,-4.6177948156939905,-4.890412036572592,0.6930230259895325,0.0,-0.0,0.0,0.0,0.0,0.0,0.0,0.0,0.0,0.0,0.0,0.0,1
1786037799,982524394,100.0,-1.7199624220477503,-1.703757111226217,-1.1327374617206019,-4.617698971425192,-4.890351716672079,0.6929990649223328,0.0,-0.0,0.0,0.0,0.0,0.0,0.0,0.0,0.0,0.0,0.0,0.0,1
1786037800,2408027,100.0,-1.7199624220477503,-1.7038167158709925,-1.1326659361468714,-4.617770854626791,-4.890363637601034,0.6929990649223328,0.0,-0.0,0.0,0.0,0.0,0.0,0.0,0.0,0.0,0.0,0.0,0.0,1
1786037800,22564411,100.0,-1.7199624220477503,-1.7038410345660608,-1.1327016989337366,-4.617770854626791,-4.890423957501547,0.6930469870567322,0.0,-0.0,0.0,0.0,0.0,0.0,0.0,0.0,0.0,0.0,0.0,0.0,1
1786037800,42441368,100.0,-1.7199862639056605,-1.703852955495016,-1.1327255407916468,-4.6177828947650355,-4.890351716672079,0.6929631233215332,0.0,-0.0,0.0,0.0,0.0,0.0,0.0,0.0,0.0,0.0,0.0,0.0,1
1786037800,62525272,100.0,-1.71991473833193,-1.703745190297262,-1.1327856222735804,-4.6177348534213465,-4.890387598668234,0.6929031610488892,0.009906959719955921,0.011389807797968388,0.0,0.0,0.0,-0.01884239725768566,0.0,0.0,0.0,0.0,0.0,0.0,1
1786037800,82442998,100.0,-1.7195904890643519,-1.7033374945269983,-1.1327255407916468,-4.617710892354147,-4.890339676533834,0.6923039555549622,0.014342720620334148,0.020798223093152046,0.0,0.0,0.0,-0.03575453534722328,0.0,0.0,0.0,0.0,0.0,0.0,1
1786037800,102514743,100.0,-1.7193024794207972,-1.7028701941119593,-1.1327374617206019,-4.617746893559591,-4.890387598668234,0.6916688084602356,0.025553563609719276,0.03260987624526024,0.0,0.0,0.0,-0.048652756959199905,0.0,0.0,0.0,0.0,0.0,0.0,1
1786037800,122440099,100.0,-1.7185471693622034,-1.7019112745868128,-1.1327136198626917,-4.617698971425192,-4.890399638806478,0.6901232004165649,0.038068290799856186,0.04554644599556923,0.0,0.0,0.0,-0.07148350775241852,0.0,0.0,0.0,0.0,0.0,0.0,1
1786037800,142611742,100.0,-1.7177913824664515,-1.701059643422262,-1.1327136198626917,-4.617722932492391,-4.890399638806478,0.6888652443885803,0.0465691015124321,0.054200656712055206,0.0,0.0,0.0,-0.08476522564888,0.0,0.0,0.0,0.0,0.0,0.0,1
1786037800,162425041,100.0,-1.7164962927447718,-1.6995976606952112,-1.1326897780047815,-4.61781877676119,-4.890339676533834,0.6866601705551147,0.05504434555768967,0.06537315249443054,0.0,0.0,0.0,-0.10089758783578873,0.0,0.0,0.0,0.0,0.0,0.0,1
1786037800,182514667,100.0,-1.7154892126666468,-1.6985190550433558,-1.132749382649557,-4.617746893559591,-4.890375677739279,0.6849587559700012,0.0611291341483593,0.0734393298625946,0.0,0.0,0.0,-0.11143092066049576,0.0,0.0,0.0,0.0,0.0,0.0,1
1786037800,202408552,100.0,-1.713881794606344,-1.6965644995318812,-1.1327136198626917,-4.617758814488546,-4.890387598668234,0.6819993853569031,0.07313253730535507,0.08669548481702805,0.0,0.0,0.0,-0.13078464567661285,0.0,0.0,0.0,0.0,0.0,0.0,1
1786037800,222568035,100.0,-1.7126949469195765,-1.6951144377337855,-1.132749382649557,-4.617722932492391,-4.890375677739279,0.6798306703567505,0.07908949255943298,0.09102898091077805,0.0,0.0,0.0,-0.14083221554756165,0.0,0.0,0.0,0.0,0.0,0.0,1
1786037800,242342472,100.0,-1.7106440703021448,-1.6928003470050257,-1.1327374617206019,-4.617722932492391,-4.890412036572592,0.6762716770172119,0.08618415892124176,0.10170292854309082,0.0,0.0,0.0,-0.15839630365371704,0.0,0.0,0.0,0.0,0.0,0.0,1
1786037800,262551546,100.0,-1.7091205755816858,-1.69102651277651,-1.1327374617206019,-4.617758814488546,-4.890363637601034,0.6737194657325745,0.09363674372434616,0.11125195771455765,0.0,0.0,0.0,-0.16829048097133636,0.0,0.0,0.0,0.0,0.0,0.0,1
1786037800,282836198,100.0,-1.706806484852926,-1.6882575193988245,-1.1327136198626917,-4.6177348534213465,-4.890387598668234,0.6694298386573792,0.10333917289972305,0.12040471285581589,0.0,0.0,0.0,-0.18538157641887665,0.0,0.0,0.0,0.0,0.0,0.0,1
1786037800,302516460,100.0,-1.7050913015948694,-1.686291519795553,-1.1326773802386683,-4.617758814488546,-4.890423957501547,0.6664697527885437,0.10755762457847595,0.12733319401741028,0.0,0.0,0.0,-0.19340941309928894,0.0,0.0,0.0,0.0,0.0,0.0,1
1786037800,322510242,100.0,-1.7024529615985315,-1.6830905119525355,-1.1327136198626917,-4.617710892354147,-4.890412036572592,0.661532998085022,0.1141153872013092,0.13701005280017853,0.0,0.0,0.0,-0.2136068344116211,0.0,0.0,0.0,0.0,0.0,0.0,1
1786037800,342628240,100.0,-1.7005942503558558,-1.6809333006488245,-1.1326897780047815,-4.617722932492391,-4.890387598668234,0.6580818891525269,0.12002121657133102,0.14281360805034637,0.0,0.0,0.0,-0.2211233377456665,0.0,0.0,0.0,0.0,0.0,0.0,1
1786037800,362522602,100.0,-1.6975119749652308,-1.6774089972125452,-1.1326773802386683,-4.617758814488546,-4.890375677739279,0.6526297926902771,0.12817688286304474,0.1530657261610031,0.0,0.0,0.0,-0.23379145562648773,0.0,0.0,0.0,0.0,0.0,0.0,1
1786037800,382546424,100.0,-1.6954253355609339,-1.6749032179461878,-1.1327255407916468,-4.617770854626791,-4.890351716672079,0.6488311886787415,0.13401879370212555,0.15961070358753204,0.0,0.0,0.0,-0.24303369224071503,0.0,0.0,0.0,0.0,0.0,0.0,1
1786037800,402399539,100.0,-1.692019287739889,-1.6709354559527796,-1.1327016989337366,-4.617758814488546,-4.890363637601034,0.6428757905960083,0.13909371197223663,0.16760018467903137,0.0,0.0,0.0,-0.252096951007843,0.0,0.0,0.0,0.0,0.0,0.0,1
1786037800,422572135,100.0,-1.689704720173971,-1.6682146231280726,-1.1326540152179163,-4.617758814488546,-4.890351716672079,0.6387176513671875,0.14517849683761597,0.1710260808467865,0.0,0.0,0.0,-0.2641770541667938,0.0,0.0,0.0,0.0,0.0,0.0,1
1786037800,442377567,100.0,-1.6860349814044397,-1.663874928151266,-1.132749382649557,-4.617722932492391,-4.890375677739279,0.6322588920593262,0.1512632966041565,0.18070293962955475,0.0,0.0,0.0,-0.27529841661453247,0.0,0.0,0.0,0.0,0.0,0.0,1
1786037800,462697267,100.0,-1.683516804371969,-1.6608784834491175,-1.1327255407916468,-4.617746893559591,-4.890363637601034,0.6277052760124207,0.15550731122493744,0.18317009508609772,0.0,0.0,0.0,-0.28429776430130005,0.0,0.0,0.0,0.0,0.0,0.0,1
1786037800,482352972,100.0,-1.6797393004046839,-1.6563470999347132,-1.1327255407916468,-4.617770854626791,-4.890412036572592,0.6205633878707886,0.16154097020626068,0.18838562071323395,0.0,0.0,0.0,-0.2974644601345062,0.0,0.0,0.0,0.0,0.0,0.0,1
1786037800,502529859,100.0,-1.6771486441241663,-1.6533024946795862,-1.1327136198626917,-4.617770854626791,-4.890387598668234,0.6157940626144409,0.1677408069372177,0.1967969536781311,0.0,0.0,0.0,-0.3018362820148468,0.0,0.0,0.0,0.0,0.0,0.0,1
1786037800,522535324,100.0,-1.67311937013735,-1.6484954992877405,-1.1327255407916468,-4.6177348534213465,-4.890375677739279,0.608328640460968,0.17465649545192719,0.20260052382946014,0.0,0.0,0.0,-0.3115003705024719,0.0,0.0,0.0,0.0,0.0,0.0,1
1786037800,542630672,100.0,-1.6702888647662562,-1.645151440297262,-1.1327016989337366,-4.61781877676119,-4.890412036572592,0.6033195853233337,0.17659954726696014,0.2089921087026596,0.0,0.0,0.0,-0.3206019997596741,0.0,0.0,0.0,0.0,0.0,0.0,1
1786037800,562395572,100.0,-1.6660078207599085,-1.6401408354388636,-1.132761303578512,-4.617722932492391,-4.890387598668234,0.595494270324707,0.1810225248336792,0.21659809350967407,0.0,0.0,0.0,-0.3294095993041992,0.0,0.0,0.0,0.0,0.0,0.0,1
1786037800,582579851,100.0,-1.6631057898150843,-1.6366046110736292,-1.1327136198626917,-4.617746893559591,-4.890399638806478,0.5901373028755188,0.18695391714572906,0.21746735274791718,0.0,0.0,0.0,-0.338242769241333,0.0,0.0,0.0,0.0,0.0,0.0,1
1786037800,602389812,100.0,-1.658417050038473,-1.6311867872821253,-1.1326659361468714,-4.617770854626791,-4.890387598668234,0.5819884538650513,0.1896255910396576,0.2236671894788742,0.0,0.0,0.0,-0.34363725781440735,0.0,0.0,0.0,0.0,0.0,0.0,1
1786037800,622442483,10.0,-1.6552627722369593,-1.6275303999530237,-1.1326897780047815,-4.617746893559591,-4.890412036572592,0.5764284729957581,0.19316653907299042,0.22824355959892273,0.0,0.0,0.0,-0.35253435373306274,0.0,0.0,0.0,0.0,0.0,0.0,1
1786037800,642399311,10.0,-1.6553590933429163,-1.628657642995016,-1.1333478132831019,-4.617231551800863,-4.890435997639791,0.5775067210197449,0.06276538223028183,-0.04139191657304764,-0.06387592107057571,0.07133010774850845,0.0,0.037940457463264465,0.0,0.0,0.0,0.0,0.0,0.0,1
1786037800,662461042,10.0,-1.6551793257342737,-1.6277945677386683,-1.1317313353167933,-4.617830816899435,-4.890315715466635,0.5771471858024597,0.008372978307306767,0.010763431899249554,0.03238137811422348,-0.03238137811422348,0.0,-0.006250971928238869,0.0,0.0,0.0,0.0,0.0,0.0,1
1786037800,682424068,10.0,-1.6561268011676233,-1.6286338011371058,-1.1324742476092737,-4.617758814488546,-4.890412036572592,0.5777703523635864,-0.023815052583813667,-0.007388674188405275,-0.0036911414936184883,0.0,0.0,0.026320554316043854,0.0,0.0,0.0,0.0,0.0,0.0,1
1786037800,702530384,10.0,-1.6572659651385706,-1.6290529409991663,-1.1325700918780726,-4.617722932492391,-4.890351716672079,0.578405499458313,-0.07090826332569122,-0.04145583137869835,-0.0004793690168298781,0.0,0.0,0.025898709893226624,0.0,0.0,0.0,0.0,0.0,0.0,1
1786037800,722526788,10.0,-1.657973591481344,-1.6296160856830042,-1.1325700918780726,-4.61781877676119,-4.890267793332235,0.5785972476005554,0.0028889973182231188,-0.010763431899249554,-0.0031398669816553593,0.0,0.0,0.005790777504444122,0.0,0.0,0.0,0.0,0.0,0.0,1
1786037800,742627620,10.0,-1.657889191304342,-1.6294963995562952,-1.132618252431051,-4.61781877676119,-4.890375677739279,0.5787171125411987,0.009395632892847061,0.00942119862884283,-0.0017736653098836541,0.0,0.0,0.013997575268149376,0.0,0.0,0.0,0.0,0.0,0.0,1
1786037800,762431383,10.0,-1.6567743460284632,-1.629472557698385,-1.132521931325094,-4.6177948156939905,-4.890423957501547,0.5788009762763977,0.03135712444782257,-0.0030807447619736195,-0.0010546118719503284,0.0,0.0,0.0022114890161901712,0.0,0.0,0.0,0.0,0.0,0.0,1
1786037800,782552480,10.0,-1.655754868184225,-1.629017178212301,-1.1324265638934534,-4.617770854626791,-4.890351716672079,0.5784774422645569,0.021501297131180763,0.024582043290138245,-0.0008388957940042019,0.0,0.0,-0.017014404758810997,0.0,0.0,0.0,0.0,0.0,0.0,1
1786037800,802395582,10.0,-1.65576678911318,-1.628657642995016,-1.132378403340475,-4.617806855832235,-4.890351716672079,0.5783336162567139,-0.01426602154970169,-0.02105388604104519,-0.0006231797160580754,0.0,0.0,-0.0034258905798196793,0.0,0.0,0.0,0.0,0.0,0.0,1
1786037800,822629928,10.0,-1.6562345663653772,-1.6288970152484339,-1.1325462500201624,-4.6177828947650355,-4.890387598668234,0.5785253643989563,-0.022344987839460373,-0.0011121360585093498,-0.005896239075809717,0.0,0.0,0.003540938952937722,0.0,0.0,0.0,0.0,0.0,0.0,1
1786037800,842627525,10.0,-1.6572898069964808,-1.6290648619281214,-1.1325462500201624,-4.6177948156939905,-4.890351716672079,0.5787650346755981,-0.046978164464235306,-0.012297413311898708,-0.002684466540813446,0.0,0.0,0.010162622667849064,0.0,0.0,0.0,0.0,0.0,0.0,1
1786037800,862548112,10.0,-1.6575658957110804,-1.629256550465719,-1.132618252431051,-4.617806855832235,-4.890375677739279,0.5788609385490417,0.009779127314686775,-0.00501100393012166,0.0,0.0,0.0,0.003719903528690338,0.0,0.0,0.0,0.0,0.0,0.0,1
1786037800,882523059,10.0,-1.6574457327472132,-1.6293047110186976,-1.1325581709491175,-4.617806855832235,-4.890375677739279,0.578777015209198,0.002940129954367876,-0.0022754049859941006,0.0,0.0,0.0,0.0010610034223645926,0.0,0.0,0.0,0.0,0.0,0.0,1
1786037800,902630090,10.0,-1.6569541136371058,-1.6291726271258753,-1.1325700918780726,-4.61784273782839,-4.890375677739279,0.5787051320075989,0.020977187901735306,0.003783819265663624,0.0,0.0,0.0,-0.005739645101130009,0.0,0.0,0.0,0.0,0.0,0.0,1
1786037800,922336816,10.0,-1.6560547987567347,-1.6290290991412562,-1.1325104872332972,-4.617806855832235,-4.890387598668234,0.5786332488059998,0.010763431899249554,0.004065049346536398,0.0,0.0,0.0,-0.0023521038237959146,0.0,0.0,0.0,0.0,0.0,0.0,1
1786037800,942554950,10.0,-1.6561387220965784,-1.6290529409991663,-1.1324861685382288,-4.617770854626791,-4.890351716672079,0.5787051320075989,0.007529288996011019,0.003962783608585596,0.0,0.0,0.0,-0.0011760519118979573,0.0,0.0,0.0,0.0,0.0,0.0,1
1786037800,962371587,10.0,-1.6565583387957972,-1.6290887037860315,-1.1325581709491175,-4.6177948156939905,-4.890375677739279,0.5787171125411987,-0.009983658790588379,-0.0003451456723269075,-0.00014381069922819734,0.0,0.0,0.0027355991769582033,0.0,0.0,0.0,0.0,0.0,0.0,1
1786037800,982651472,10.0,-1.657074276600973,-1.6291726271258753,-1.132618252431051,-4.617722932492391,-4.890375677739279,0.5787530541419983,-0.020977187901735306,-0.0025566346012055874,-0.0029001825023442507,0.0,0.0,0.003962783608585596,0.0,0.0,0.0,0.0,0.0,0.0,1
1786037801,2373218,10.0,-1.657313648854391,-1.6293166319476526,-1.1328452269183558,-4.6177828947650355,-4.890351716672079,0.5787889957427979,-0.002901780419051647,-0.003719903528690338,-0.005392901599407196,0.0,0.0,-0.0002812298189383,0.0,0.0,0.0,0.0,0.0,0.0,1
1786037801,22529840,10.0,-1.657217804585592,-1.6292207876788538,-1.1328333059894007,-4.617758814488546,-4.890351716672079,0.5787530541419983,0.0041800979524850845,-0.0016618125373497605,-0.0023009711876511574,0.0,0.0,-0.0002812298189383,0.0,0.0,0.0,0.0,0.0,0.0,1
1786037801,42513608,10.0,-1.6568101088153284,-1.6291726271258753,-1.132761303578512,-4.617806855832235,-4.890387598668234,0.5787290930747986,0.012348545715212822,0.001418932224623859,-0.0012223910307511687,0.0,0.0,-0.0002812298189383,0.0,0.0,0.0,0.0,0.0,0.0,1
1786037801,62566518,10.0,-1.6565945784198206,-1.6291011015521448,-1.1327737013446253,-4.617806855832235,-4.890399638806478,0.5787171125411987,0.008168447762727737,0.001418932224623859,-0.0009347695740871131,0.0,0.0,-0.0002812298189383,0.0,0.0,0.0,0.0,0.0,0.0,1
1786037801,82452297,10.0,-1.6566184202777308,-1.629124943410055,-1.1328452269183558,-4.617806855832235,-4.890412036572592,0.5788009762763977,0.0014956312952563167,0.0008692558039911091,-0.0006950850947760046,0.0,0.0,-0.0002812298189383,0.0,0.0,0.0,0.0,0.0,0.0,1
1786037801,102453231,10.0,-1.6567023436175745,-1.6292088667498987,-1.1327856222735804,-4.61781877676119,-4.890387598668234,0.5787410736083984,-0.002684466540813446,0.00048576059634797275,-0.0005992112564854324,0.0,0.0,-0.0002812298189383,0.0,0.0,0.0,0.0,0.0,0.0,1
1786037801,122531414,10.0,-1.6568825880633753,-1.6291726271258753,-1.1328213850604456,-4.617806855832235,-4.890412036572592,0.5787410736083984,-0.003502589650452137,0.00048576059634797275,-0.0004793690168298781,0.0,0.0,0.0,0.0,0.0,0.0,0.0,0.0,0.0,1
1786037801,142524957,10.0,-1.6569660345660608,-1.6292088667498987,-1.1328213850604456,-4.617770854626791,-4.890375677739279,0.578693151473999,-0.0022754049859941006,0.00048576059634797275,-0.00043143212678842247,0.0,0.0,0.0,0.0,0.0,0.0,0.0,0.0,0.0,1
1786037801,162525415,10.0,-1.6567981878863733,-1.6291487852679651,-1.132749382649557,-4.6177948156939905,-4.890375677739279,0.578777015209198,-0.0009203884983435273,0.00048576059634797275,-0.00035952674807049334,0.0,0.0,0.0,0.0,0.0,0.0,0.0,0.0,0.0,1
1786037801,182574987,10.0,-1.65676194826235,-1.6291607061969202,-1.1327737013446253,-4.61781877676119,-4.890375677739279,0.5787410736083984,0.004269579891115427,0.00046019424917176366,-0.00033555831760168076,0.0,0.0,0.0,0.0,0.0,0.0,0.0,0.0,0.0,1
1786037801,202358961,10.0,-1.6566904226886194,-1.6291726271258753,-1.1327856222735804,-4.61781877676119,-4.890339676533834,0.5787051320075989,0.001342233270406723,0.0003579288604669273,-0.00028762139845639467,0.0,0.0,0.0,0.0,0.0,0.0,0.0,0.0,0.0,1
1786037801,222645759,10.0,-1.6567500273333948,-1.6291726271258753,-1.1327975432025355,-4.617806855832235,-4.890351716672079,0.5787171125411987,0.0008564726449549198,-0.0,-0.0002636529679875821,0.0,0.0,0.0,0.0,0.0,0.0,0.0,0.0,0.0,1
1786037801,242398500,10.0,-1.6568825880633753,-1.6292327086078089,-1.132749382649557,-4.6177948156939905,-4.890327755604879,0.578693151473999,-0.0023393207229673862,-0.0,-0.00023968450841493905,0.0,0.0,0.0,0.0,0.0,0.0,0.0,0.0,0.0,1
1786037801,262572050,10.0,-1.6568945089923304,-1.6292327086078089,-1.1328094641314905,-4.617758814488546,-4.890351716672079,0.578693151473999,-0.001636246219277382,-0.0,-0.00023968450841493905,0.0,0.0,0.0,0.0,0.0,0.0,0.0,0.0,0.0,1
1786037801,282572984,10.0,-1.6567981878863733,-1.6291969458209437,-1.1327975432025355,-4.617746893559591,-4.890327755604879,0.5787530541419983,-0.0006008091731928289,-0.0,-0.00021571606339421123,0.0,0.0,0.0,0.0,0.0,0.0,0.0,0.0,0.0,1
1786037801,302516698,10.0,-1.6567142645465296,-1.629124943410055,-1.1328094641314905,-4.6177948156939905,-4.890387598668234,0.578777015209198,-0.0006008091731928289,-0.0,-0.0001917476038215682,0.0,0.0,0.0,0.0,0.0,0.0,0.0,0.0,0.0,1
1786037801,322378635,10.0,-1.65676194826235,-1.6291969458209437,-1.1327737013446253,-4.617770854626791,-4.890363637601034,0.5787530541419983,0.0016745957545936108,-0.0,-0.0001917476038215682,0.0,0.0,0.0,0.0,0.0,0.0,0.0,0.0,0.0,1
1786037801,342564582,10.0,-1.6567500273333948,-1.6292207876788538,-1.1328213850604456,-4.6177828947650355,-4.890399638806478,0.5787171125411987,0.0009715211926959455,-0.0,-0.00016777915880084038,0.0,0.0,0.0,0.0,0.0,0.0,0.0,0.0,0.0,1
1786037801,362395286,10.0,-1.656858269368307,-1.6291969458209437,-1.1327856222735804,-4.61781877676119,-4.890375677739279,0.578777015209198,-0.00015339808305725455,-0.0,-0.00016777915880084038,0.0,0.0,0.0,0.0,0.0,0.0,0.0,0.0,0.0,1
1786037801,382549285,10.0,-1.656858269368307,-1.62913686433901,-1.1328333059894007,-4.6177828947650355,-4.890387598668234,0.5787889957427979,-0.00015339808305725455,-0.0,-0.00014381069922819734,0.0,0.0,0.0,0.0,0.0,0.0,0.0,0.0,0.0,1
1786037801,402397632,10.0,-1.6568458716021937,-1.6292327086078089,-1.1328333059894007,-4.6177828947650355,-4.890351716672079,0.578777015209198,-0.0007030745618976653,-0.0,-0.00014381069922819734,0.0,0.0,0.0,0.0,0.0,0.0,0.0,0.0,0.0,1
1786037801,422677755,10.0,-1.6567261854754847,-1.6292088667498987,-1.1327737013446253,-4.617806855832235,-4.890387598668234,0.5787290930747986,-0.0007030745618976653,-0.0,-0.00014381069922819734,0.0,0.0,0.0,0.0,0.0,0.0,0.0,0.0,0.0,1
1786037801,442412376,10.0,-1.6567500273333948,-1.6292327086078089,-1.1327737013446253,-4.617746893559591,-4.890399638806478,0.5787530541419983,0.0015211976133286953,-0.0,-0.00011984225420746952,0.0,0.0,0.0,0.0,0.0,0.0,0.0,0.0,0.0,1
1786037801,462563276,10.0,-1.6567743460284632,-1.6291487852679651,-1.1327975432025355,-4.6177828947650355,-4.890363637601034,0.5787171125411987,0.0010098706698045135,-0.0,-0.00011984225420746952,0.0,0.0,0.0,0.0,0.0,0.0,0.0,0.0,0.0,1
1786037801,482517242,10.0,-1.656870190297262,-1.6292088667498987,-1.1327975432025355,-4.617806855832235,-4.890412036572592,0.5787889957427979,-0.00017896443023346364,-0.0,-0.00011984225420746952,0.0,0.0,0.0,0.0,0.0,0.0,0.0,0.0,0.0,1
1786037801,502638101,10.0,-1.656858269368307,-1.6291850248919886,-1.1327737013446253,-4.617806855832235,-4.890363637601034,0.5787650346755981,-0.00017896443023346364,-0.0,-0.00011984225420746952,0.0,0.0,0.0,0.0,0.0,0.0,0.0,0.0,0.0,1
1786037801,522394180,10.0,-1.6567500273333948,-1.6291607061969202,-1.1328333059894007,-4.617830816899435,-4.890399638806478,0.5787410736083984,-0.00017896443023346364,-0.0,-0.00011984225420746952,0.0,0.0,0.0,0.0,0.0,0.0,0.0,0.0,0.0,1
1786037801,542456150,10.0,-1.6567261854754847,-1.6291726271258753,-1.1327856222735804,-4.617770854626791,-4.890351716672079,0.5787530541419983,-0.00017896443023346364,-0.0,-9.58738019107841e-05,0.0,0.0,0.0,0.0,0.0,0.0,0.0,0.0,0.0,1
1786037801,562373399,10.0,-1.65676194826235,-1.62913686433901,-1.1327975432025355,-4.617770854626791,-4.890375677739279,0.578777015209198,-0.00017896443023346364,-0.0,-9.58738019107841e-05,0.0,0.0,0.0,0.0,0.0,0.0,0.0,0.0,0.0,1
1786037801,582609891,10.0,-1.6567981878863733,-1.6291607061969202,-1.1327856222735804,-4.617770854626791,-4.890399638806478,0.5787290930747986,-0.00017896443023346364,-0.0,-9.58738019107841e-05,0.0,0.0,0.0,0.0,0.0,0.0,0.0,0.0,0.0,1
1786037801,602432012,10.0,-1.6568458716021937,-1.6292327086078089,-1.132761303578512,-4.617770854626791,-4.890387598668234,0.5788009762763977,0.0,-0.0,-9.58738019107841e-05,0.0,0.0,0.0,0.0,0.0,0.0,0.0,0.0,0.0,1
1786037801,622547149,1.0,-1.6568339506732386,-1.6292207876788538,-1.1328094641314905,-4.617770854626791,-4.890412036572592,0.5787530541419983,0.0,-0.0,-9.58738019107841e-05,0.0,0.0,0.0,0.0,0.0,0.0,0.0,0.0,0.0,1
1786037801,642453193,1.0,-1.6567862669574183,-1.6291969458209437,-1.1327975432025355,-4.6177948156939905,-4.890351716672079,0.5787171125411987,0.0,-0.0,-9.58738019107841e-05,0.0,0.0,0.0,0.0,0.0,0.0,0.0,0.0,0.0,1
1786037801,662621736,1.0,-1.65676194826235,-1.6292327086078089,-1.1327856222735804,-4.61781877676119,-4.890351716672079,0.5787290930747986,0.0,-0.0,-9.58738019107841e-05,0.0,0.0,0.0,0.0,0.0,0.0,0.0,0.0,0.0,1
1786037801,682508468,1.0,-1.6567981878863733,-1.62913686433901,-1.132761303578512,-4.6177948156939905,-4.890375677739279,0.578777015209198,0.0,-0.0,-7.190534961409867e-05,0.0,0.0,0.0,0.0,0.0,0.0,0.0,0.0,0.0,1
1786037801,702546596,1.0,-1.6568220297442835,-1.6292088667498987,-1.1328333059894007,-4.6177348534213465,-4.890339676533834,0.5788009762763977,0.0,-0.0,-7.190534961409867e-05,0.0,0.0,0.0,0.0,0.0,0.0,0.0,0.0,0.0,1
1786037801,722353219,1.0,-1.6568339506732386,-1.6291726271258753,-1.132761303578512,-4.617806855832235,-4.890363637601034,0.5787290930747986,0.0,-0.0,-7.190534961409867e-05,0.0,0.0,0.0,0.0,0.0,0.0,0.0,0.0,0.0,1
1786037801,742615461,1.0,-1.6567981878863733,-1.6292207876788538,-1.1327856222735804,-4.617806855832235,-4.890399638806478,0.5787051320075989,0.0,-0.0,-7.190534961409867e-05,0.0,0.0,0.0,0.0,0.0,0.0,0.0,0.0,0.0,1
1786037801,762361049,1.0,-1.6568101088153284,-1.629244629536764,-1.1327975432025355,-4.6177948156939905,-4.890375677739279,0.578777015209198,0.0,-0.0,-7.190534961409867e-05,0.0,0.0,0.0,0.0,0.0,0.0,0.0,0.0,0.0,1
1786037801,782616853,1.0,-1.6567981878863733,-1.6291969458209437,-1.1327856222735804,-4.617830816899435,-4.890351716672079,0.5787530541419983,0.0,-0.0,-7.190534961409867e-05,0.0,0.0,0.0,0.0,0.0,0.0,0.0,0.0,0.0,1
1786037801,802411317,1.0,-1.6567862669574183,-1.6291969458209437,-1.1328213850604456,-4.617746893559591,-4.890387598668234,0.5787889957427979,0.0,-0.0,-7.190534961409867e-05,0.0,0.0,0.0,0.0,0.0,0.0,0.0,0.0,0.0,1
1786037801,822539806,1.0,-1.6568101088153284,-1.6291850248919886,-1.1328452269183558,-4.617770854626791,-4.890412036572592,0.5787410736083984,0.0,-0.0,-7.190534961409867e-05,0.0,0.0,0.0,0.0,0.0,0.0,0.0,0.0,0.0,1
1786037801,842460155,1.0,-1.656858269368307,-1.6291487852679651,-1.1327975432025355,-4.6177828947650355,-4.890375677739279,0.5788009762763977,0.0,-0.0,-7.190534961409867e-05,0.0,0.0,0.0,0.0,0.0,0.0,0.0,0.0,0.0,1
1786037801,862517595,1.0,-1.6568101088153284,-1.6292088667498987,-1.132761303578512,-4.617854777966635,-4.890351716672079,0.5787530541419983,0.0,-0.0,-7.190534961409867e-05,0.0,0.0,0.0,0.0,0.0,0.0,0.0,0.0,0.0,1
1786037801,882443666,1.0,-1.6568101088153284,-1.6291969458209437,-1.1327856222735804,-4.617758814488546,-4.890375677739279,0.5787171125411987,0.0,-0.0,-7.190534961409867e-05,0.0,0.0,0.0,0.0,0.0,0.0,0.0,0.0,0.0,1
1786037801,902636528,1.0,-1.6568220297442835,-1.6291726271258753,-1.1327737013446253,-4.6177828947650355,-4.890387598668234,0.5787410736083984,0.0,-0.0,-4.793690095539205e-05,0.0,0.0,0.0,0.0,0.0,0.0,0.0,0.0,0.0,1
1786037801,922424077,1.0,-1.6568339506732386,-1.6291607061969202,-1.1328213850604456,-4.61784273782839,-4.890375677739279,0.5787410736083984,0.0,-0.0,-4.793690095539205e-05,0.0,0.0,0.0,0.0,0.0,0.0,0.0,0.0,0.0,1
1786037801,942554950,1.0,-1.6568339506732386,-1.6291850248919886,-1.1327255407916468,-4.617770854626791,-4.890412036572592,0.5787410736083984,0.0,-0.0,-4.793690095539205e-05,0.0,0.0,0.0,0.0,0.0,0.0,0.0,0.0,0.0,1
1786037801,962458372,1.0,-1.6568339506732386,-1.6291850248919886,-1.1328213850604456,-4.6177828947650355,-4.890339676533834,0.5787410736083984,0.0,-0.0,-4.793690095539205e-05,0.0,0.0,0.0,0.0,0.0,0.0,0.0,0.0,0.0,1
1786037801,982625484,1.0,-1.6568220297442835,-1.6291850248919886,-1.1328452269183558,-4.61781877676119,-4.890412036572592,0.5787530541419983,0.0,-0.0,-4.793690095539205e-05,0.0,0.0,0.0,0.0,0.0,0.0,0.0,0.0,0.0,1
1786037802,2370357,1.0,-1.6568220297442835,-1.6292207876788538,-1.1328213850604456,-4.617770854626791,-4.890351716672079,0.5787530541419983,0.0,-0.0,-4.793690095539205e-05,0.0,0.0,0.0,0.0,0.0,0.0,0.0,0.0,0.0,1
1786037802,22581100,1.0,-1.6567743460284632,-1.629124943410055,-1.1328213850604456,-4.61781877676119,-4.890399638806478,0.5787171125411987,0.0,-0.0,-4.793690095539205e-05,0.0,0.0,0.0,0.0,0.0,0.0,0.0,0.0,0.0,1
1786037802,42461156,1.0,-1.6567981878863733,-1.6291969458209437,-1.1328094641314905,-4.6177828947650355,-4.890351716672079,0.5787889957427979,0.0,-0.0,-4.793690095539205e-05,0.0,0.0,0.0,0.0,0.0,0.0,0.0,0.0,0.0,1
1786037802,62595367,1.0,-1.6567981878863733,-1.6291850248919886,-1.1328213850604456,-4.617806855832235,-4.890339676533834,0.5787410736083984,0.0,-0.0,-4.793690095539205e-05,0.0,0.0,0.0,0.0,0.0,0.0,0.0,0.0,0.0,1
1786037802,82434415,1.0,-1.6568825880633753,-1.6291607061969202,-1.1327737013446253,-4.617746893559591,-4.890387598668234,0.5787171125411987,0.0,-0.0,-4.793690095539205e-05,0.0,0.0,0.0,0.0,0.0,0.0,0.0,0.0,0.0,1
1786037802,102566957,1.0,-1.6568339506732386,-1.629244629536764,-1.1327856222735804,-4.6177348534213465,-4.890339676533834,0.578777015209198,0.0,-0.0,-4.793690095539205e-05,0.0,0.0,0.0,0.0,0.0,0.0,0.0,0.0,0.0,1
1786037802,122359037,1.0,-1.6568339506732386,-1.6291607061969202,-1.1328333059894007,-4.617758814488546,-4.890363637601034,0.5787530541419983,0.0,-0.0,-4.793690095539205e-05,0.0,0.0,0.0,0.0,0.0,0.0,0.0,0.0,0.0,1
1786037802,142637968,1.0,-1.6567743460284632,-1.6291726271258753,-1.1328333059894007,-4.6177948156939905,-4.890351716672079,0.5787410736083984,0.0,-0.0,-4.793690095539205e-05,0.0,0.0,0.0,0.0,0.0,0.0,0.0,0.0,0.0,1
1786037802,162424564,1.0,-1.6567743460284632,-1.6291607061969202,-1.132761303578512,-4.617806855832235,-4.890339676533834,0.5788009762763977,0.0,-0.0,-4.793690095539205e-05,0.0,0.0,0.0,0.0,0.0,0.0,0.0,0.0,0.0,1
1786037802,182518005,1.0,-1.6568220297442835,-1.6291969458209437,-1.1327975432025355,-4.617854777966635,-4.890412036572592,0.578777015209198,0.0,-0.0,-4.793690095539205e-05,0.0,0.0,0.0,0.0,0.0,0.0,0.0,0.0,0.0,1
1786037802,202513933,1.0,-1.656858269368307,-1.6292088667498987,-1.1328452269183558,-4.6177828947650355,-4.890387598668234,0.5787530541419983,0.0,-0.0,-4.793690095539205e-05,0.0,0.0,0.0,0.0,0.0,0.0,0.0,0.0,0.0,1
1786037802,222648143,1.0,-1.6568101088153284,-1.6291969458209437,-1.1327856222735804,-4.61781877676119,-4.890327755604879,0.5787650346755981,0.0,-0.0,-4.793690095539205e-05,0.0,0.0,0.0,0.0,0.0,0.0,0.0,0.0,0.0,1
1786037802,242529630,1.0,-1.6567862669574183,-1.6291969458209437,-1.1328213850604456,-4.617758814488546,-4.890375677739279,0.5787410736083984,0.0,-0.0,-4.793690095539205e-05,0.0,0.0,0.0,0.0,0.0,0.0,0.0,0.0,0.0,1
1786037802,262700557,1.0,-1.6568339506732386,-1.6291726271258753,-1.1328213850604456,-4.617758814488546,-4.890387598668234,0.5787650346755981,0.0,-0.0,-4.793690095539205e-05,0.0,0.0,0.0,0.0,0.0,0.0,0.0,0.0,0.0,1
1786037802,282391309,1.0,-1.6568101088153284,-1.6292088667498987,-1.1328094641314905,-4.6177948156939905,-4.890363637601034,0.5787530541419983,0.0,-0.0,-4.793690095539205e-05,0.0,0.0,0.0,0.0,0.0,0.0,0.0,0.0,0.0,1
1786037802,302677154,1.0,-1.6568101088153284,-1.629244629536764,-1.1328094641314905,-4.617830816899435,-4.890339676533834,0.5787410736083984,0.0,-0.0,-4.793690095539205e-05,0.0,0.0,0.0,0.0,0.0,0.0,0.0,0.0,0.0,1
1786037802,322386503,1.0,-1.6568101088153284,-1.6292327086078089,-1.1328333059894007,-4.6177828947650355,-4.890412036572592,0.5787171125411987,0.0,-0.0,-4.793690095539205e-05,0.0,0.0,0.0,0.0,0.0,0.0,0.0,0.0,0.0,1
1786037802,342679500,1.0,-1.6568339506732386,-1.6291969458209437,-1.1328452269183558,-4.617770854626791,-4.890339676533834,0.5787530541419983,0.0,-0.0,-4.793690095539205e-05,0.0,0.0,0.0,0.0,0.0,0.0,0.0,0.0,0.0,1
1786037802,362393856,1.0,-1.6567500273333948,-1.6291726271258753,-1.1328094641314905,-4.6177948156939905,-4.890375677739279,0.5787410736083984,0.0,-0.0,-2.3968450477696024e-05,0.0,0.0,0.0,0.0,0.0,0.0,0.0,0.0,0.0,1
1786037802,382538795,1.0,-1.6567743460284632,-1.6291969458209437,-1.1328094641314905,-4.617758814488546,-4.890412036572592,0.578777015209198,0.0,-0.0,-2.3968450477696024e-05,0.0,0.0,0.0,0.0,0.0,0.0,0.0,0.0,0.0,1
1786037802,402537107,1.0,-1.656870190297262,-1.6291850248919886,-1.1327856222735804,-4.6177348534213465,-4.890375677739279,0.5787410736083984,0.0,-0.0,-2.3968450477696024e-05,0.0,0.0,0.0,0.0,0.0,0.0,0.0,0.0,0.0,1
1786037802,422664403,1.0,-1.6567981878863733,-1.6292088667498987,-1.1327975432025355,-4.6177828947650355,-4.890375677739279,0.5787889957427979,0.0,-0.0,-2.3968450477696024e-05,0.0,0.0,0.0,0.0,0.0,0.0,0.0,0.0,0.0,1
1786037802,442396879,1.0,-1.6568101088153284,-1.6291607061969202,-1.1327856222735804,-4.6177948156939905,-4.890351716672079,0.578777015209198,0.0,-0.0,-2.3968450477696024e-05,0.0,0.0,0.0,0.0,0.0,0.0,0.0,0.0,0.0,1
1786037802,462522268,1.0,-1.6567743460284632,-1.6292207876788538,-1.1328213850604456,-4.617770854626791,-4.890412036572592,0.5787530541419983,0.0,-0.0,-2.3968450477696024e-05,0.0,0.0,0.0,0.0,0.0,0.0,0.0,0.0,0.0,1
1786037802,482404470,1.0,-1.6568339506732386,-1.6292088667498987,-1.1327856222735804,-4.617806855832235,-4.890339676533834,0.5787889957427979,0.0,-0.0,-2.3968450477696024e-05,0.0,0.0,0.0,0.0,0.0,0.0,0.0,0.0,0.0,1
1786037802,502614736,1.0,-1.6567743460284632,-1.6291487852679651,-1.1328094641314905,-4.61784273782839,-4.890363637601034,0.5787410736083984,0.0,-0.0,-2.3968450477696024e-05,0.0,0.0,0.0,0.0,0.0,0.0,0.0,0.0,0.0,1
1786037802,522439956,1.0,-1.6568220297442835,-1.6291726271258753,-1.1327374617206019,-4.61781877676119,-4.890375677739279,0.5787410736083984,0.0,-0.0,-2.3968450477696024e-05,0.0,0.0,0.0,0.0,0.0,0.0,0.0,0.0,0.0,1
1786037802,542553901,1.0,-1.6568458716021937,-1.6292327086078089,-1.1328094641314905,-4.6177948156939905,-4.890375677739279,0.5787290930747986,0.0,-0.0,-2.3968450477696024e-05,0.0,0.0,0.0,0.0,0.0,0.0,0.0,0.0,0.0,1
1786037802,562366962,1.0,-1.6568220297442835,-1.6291850248919886,-1.1328452269183558,-4.617830816899435,-4.890399638806478,0.5787051320075989,0.0,-0.0,-2.3968450477696024e-05,0.0,0.0,0.0,0.0,0.0,0.0,0.0,0.0,0.0,1
1786037802,582585573,1.0,-1.6568458716021937,-1.6291487852679651,-1.1328213850604456,-4.617806855832235,-4.890351716672079,0.5787530541419983,0.0,-0.0,-2.3968450477696024e-05,0.0,0.0,0.0,0.0,0.0,0.0,0.0,0.0,0.0,1
1786037802,602384328,1.0,-1.6567862669574183,-1.62913686433901,-1.1328094641314905,-4.6177828947650355,-4.890399638806478,0.5787171125411987,0.0,-0.0,-2.3968450477696024e-05,0.0,0.0,0.0,0.0,0.0,0.0,0.0,0.0,0.0,1
1786037802,622511863,0.1,-1.6567981878863733,-1.6291969458209437,-1.1327737013446253,-4.61784273782839,-4.890375677739279,0.578777015209198,0.0,-0.0,-2.3968450477696024e-05,0.0,0.0,0.0,0.0,0.0,0.0,0.0,0.0,0.0,1
1786037802,642571449,0.1,-1.6568101088153284,-1.6292327086078089,-1.1328213850604456,-4.61781877676119,-4.890351716672079,0.5787530541419983,0.0,-0.0,-2.3968450477696024e-05,0.0,0.0,0.0,0.0,0.0,0.0,0.0,0.0,0.0,1
1786037802,662642955,0.1,-1.6567981878863733,-1.6291850248919886,-1.1327856222735804,-4.617806855832235,-4.890387598668234,0.5787290930747986,0.0,-0.0,-2.3968450477696024e-05,0.0,0.0,0.0,0.0,0.0,0.0,0.0,0.0,0.0,1
1786037802,682427167,0.1,-1.6568339506732386,-1.6292207876788538,-1.1328213850604456,-4.6177948156939905,-4.890351716672079,0.5787051320075989,0.0,-0.0,-2.3968450477696024e-05,0.0,0.0,0.0,0.0,0.0,0.0,0.0,0.0,0.0,1
1786037802,702531337,0.1,-1.6568101088153284,-1.6291607061969202,-1.1328213850604456,-4.617758814488546,-4.890375677739279,0.578693151473999,0.0,-0.0,-2.3968450477696024e-05,0.0,0.0,0.0,0.0,0.0,0.0,0.0,0.0,0.0,1
1786037802,722396373,0.1,-1.6567981878863733,-1.6291726271258753,-1.1328094641314905,-4.6177948156939905,-4.890387598668234,0.5787530541419983,0.0,-0.0,-2.3968450477696024e-05,0.0,0.0,0.0,0.0,0.0,0.0,0.0,0.0,0.0,1
1786037802,742635726,0.1,-1.6567743460284632,-1.6291607061969202,-1.1328213850604456,-4.617806855832235,-4.890363637601034,0.578693151473999,0.0,-0.0,-2.3968450477696024e-05,0.0,0.0,0.0,0.0,0.0,0.0,0.0,0.0,0.0,1
1786037802,762413024,0.1,-1.6568339506732386,-1.6291487852679651,-1.1328094641314905,-4.6177948156939905,-4.890327755604879,0.5787051320075989,0.0,-0.0,-2.3968450477696024e-05,0.0,0.0,0.0,0.0,0.0,0.0,0.0,0.0,0.0,1
1786037802,782576560,0.1,-1.6568220297442835,-1.6292088667498987,-1.1328094641314905,-4.61781877676119,-4.890339676533834,0.5787530541419983,0.0,-0.0,-2.3968450477696024e-05,0.0,0.0,0.0,0.0,0.0,0.0,0.0,0.0,0.0,1
1786037802,802311658,0.1,-1.6568458716021937,-1.6292088667498987,-1.1328333059894007,-4.61781877676119,-4.890351716672079,0.5787171125411987,0.0,-0.0,-2.3968450477696024e-05,0.0,0.0,0.0,0.0,0.0,0.0,0.0,0.0,0.0,1
1786037802,822591781,0.1,-1.6568458716021937,-1.6291969458209437,-1.1328213850604456,-4.617758814488546,-4.890423957501547,0.5787650346755981,0.0,-0.0,-2.3968450477696024e-05,0.0,0.0,0.0,0.0,0.0,0.0,0.0,0.0,0.0,1
1786037802,842371940,0.1,-1.6568220297442835,-1.6291607061969202,-1.1328094641314905,-4.61781877676119,-4.890399638806478,0.5787889957427979,0.0,-0.0,-2.3968450477696024e-05,0.0,0.0,0.0,0.0,0.0,0.0,0.0,0.0,0.0,1
1786037802,862695932,0.1,-1.6567743460284632,-1.6291607061969202,-1.1327975432025355,-4.6177948156939905,-4.890387598668234,0.5787650346755981,0.0,-0.0,-2.3968450477696024e-05,0.0,0.0,0.0,0.0,0.0,0.0,0.0,0.0,0.0,1
1786037802,882432222,0.1,-1.6567862669574183,-1.6291969458209437,-1.1327737013446253,-4.617806855832235,-4.890399638806478,0.5787171125411987,0.0,-0.0,-2.3968450477696024e-05,0.0,0.0,0.0,0.0,0.0,0.0,0.0,0.0,0.0,1
1786037802,902450084,0.1,-1.6567981878863733,-1.6291726271258753,-1.1327856222735804,-4.61781877676119,-4.890387598668234,0.578777015209198,0.0,-0.0,-2.3968450477696024e-05,0.0,0.0,0.0,0.0,0.0,0.0,0.0,0.0,0.0,1
1786037802,922360897,0.1,-1.656858269368307,-1.6291487852679651,-1.1328213850604456,-4.617770854626791,-4.890363637601034,0.5787650346755981,0.0,-0.0,-2.3968450477696024e-05,0.0,0.0,0.0,0.0,0.0,0.0,0.0,0.0,0.0,1
1786037802,942573547,0.1,-1.6567981878863733,-1.6291726271258753,-1.1327975432025355,-4.617806855832235,-4.890375677739279,0.5787290930747986,0.0,-0.0,-2.3968450477696024e-05,0.0,0.0,0.0,0.0,0.0,0.0,0.0,0.0,0.0,1
1786037802,962386369,0.1,-1.6568101088153284,-1.6291726271258753,-1.1328213850604456,-4.6177828947650355,-4.890363637601034,0.5787171125411987,0.0,-0.0,-2.3968450477696024e-05,0.0,0.0,0.0,0.0,0.0,0.0,0.0,0.0,0.0,1
1786037802,982524394,0.1,-1.6567981878863733,-1.6291726271258753,-1.1327975432025355,-4.6177828947650355,-4.890399638806478,0.5787410736083984,0.0,-0.0,-2.3968450477696024e-05,0.0,0.0,0.0,0.0,0.0,0.0,0.0,0.0,0.0,1
1786037803,2330064,0.1,-1.6568101088153284,-1.6291969458209437,-1.1328094641314905,-4.617770854626791,-4.890412036572592,0.5787650346755981,0.0,-0.0,-2.3968450477696024e-05,0.0,0.0,0.0,0.0,0.0,0.0,0.0,0.0,0.0,1
1786037803,22581100,0.1,-1.656858269368307,-1.6291969458209437,-1.1328213850604456,-4.617770854626791,-4.890399638806478,0.5786811709403992,0.0,-0.0,-2.3968450477696024e-05,0.0,0.0,0.0,0.0,0.0,0.0,0.0,0.0,0.0,1
1786037803,42417526,0.1,-1.656858269368307,-1.6292207876788538,-1.1327737013446253,-4.617770854626791,-4.890363637601034,0.5787290930747986,0.0,-0.0,-2.3968450477696024e-05,0.0,0.0,0.0,0.0,0.0,0.0,0.0,0.0,0.0,1
1786037803,62637805,0.1,-1.6568458716021937,-1.62913686433901,-1.1327856222735804,-4.617770854626791,-4.890363637601034,0.578777015209198,0.0,-0.0,-2.3968450477696024e-05,0.0,0.0,0.0,0.0,0.0,0.0,0.0,0.0,0.0,1
1786037803,82566499,0.1,-1.6568458716021937,-1.6291607061969202,-1.1328094641314905,-4.6177948156939905,-4.890412036572592,0.5787650346755981,0.0,-0.0,-2.3968450477696024e-05,0.0,0.0,0.0,0.0,0.0,0.0,0.0,0.0,0.0,1
1786037803,102566003,0.1,-1.656858269368307,-1.6291607061969202,-1.132761303578512,-4.6177948156939905,-4.890363637601034,0.5787530541419983,0.0,-0.0,-2.3968450477696024e-05,0.0,0.0,0.0,0.0,0.0,0.0,0.0,0.0,0.0,1
1786037803,122421741,0.1,-1.6567981878863733,-1.6291726271258753,-1.1328094641314905,-4.6177948156939905,-4.890399638806478,0.5787530541419983,0.0,-0.0,-2.3968450477696024e-05,0.0,0.0,0.0,0.0,0.0,0.0,0.0,0.0,0.0,1
1786037803,142636060,0.1,-1.6568339506732386,-1.6292088667498987,-1.1327737013446253,-4.6177948156939905,-4.890363637601034,0.578777015209198,0.0,-0.0,-2.3968450477696024e-05,0.0,0.0,0.0,0.0,0.0,0.0,0.0,0.0,0.0,1
1786037803,162377357,0.1,-1.6568220297442835,-1.6291850248919886,-1.1327975432025355,-4.617830816899435,-4.890351716672079,0.5787290930747986,0.0,-0.0,-2.3968450477696024e-05,0.0,0.0,0.0,0.0,0.0,0.0,0.0,0.0,0.0,1
1786037803,182442426,0.1,-1.6568101088153284,-1.6291969458209437,-1.1328213850604456,-4.6177948156939905,-4.890351716672079,0.5787410736083984,0.0,-0.0,-2.3968450477696024e-05,0.0,0.0,0.0,0.0,0.0,0.0,0.0,0.0,0.0,1
1786037803,202428102,0.1,-1.6567862669574183,-1.62913686433901,-1.1328094641314905,-4.617770854626791,-4.890375677739279,0.5787530541419983,0.0,-0.0,-2.3968450477696024e-05,0.0,0.0,0.0,0.0,0.0,0.0,0.0,0.0,0.0,1
1786037803,222568511,0.1,-1.6567862669574183,-1.6292088667498987,-1.1327975432025355,-4.617806855832235,-4.890363637601034,0.5787650346755981,0.0,-0.0,-2.3968450477696024e-05,0.0,0.0,0.0,0.0,0.0,0.0,0.0,0.0,0.0,1
1786037803,242329835,0.1,-1.6567981878863733,-1.6292207876788538,-1.1328213850604456,-4.6177948156939905,-4.890412036572592,0.5787889957427979,0.0,-0.0,-2.3968450477696024e-05,0.0,0.0,0.0,0.0,0.0,0.0,0.0,0.0,0.0,1
1786037803,262562990,0.1,-1.6568339506732386,-1.6291850248919886,-1.1327856222735804,-4.6177828947650355,-4.890399638806478,0.5787650346755981,0.0,-0.0,-2.3968450477696024e-05,0.0,0.0,0.0,0.0,0.0,0.0,0.0,0.0,0.0,1
1786037803,282609939,0.1,-1.6568339506732386,-1.6291487852679651,-1.1328213850604456,-4.61781877676119,-4.890375677739279,0.5787410736083984,0.0,-0.0,-2.3968450477696024e-05,0.0,0.0,0.0,0.0,0.0,0.0,0.0,0.0,0.0,1
1786037803,302461624,0.1,-1.6567862669574183,-1.6292088667498987,-1.1328452269183558,-4.6177948156939905,-4.890351716672079,0.5787650346755981,0.0,-0.0,-2.3968450477696024e-05,0.0,0.0,0.0,0.0,0.0,0.0,0.0,0.0,0.0,1
1786037803,322619915,0.1,-1.6567981878863733,-1.6291487852679651,-1.1327737013446253,-4.617806855832235,-4.890399638806478,0.5787530541419983,0.0,-0.0,-2.3968450477696024e-05,0.0,0.0,0.0,0.0,0.0,0.0,0.0,0.0,0.0,1
1786037803,342596054,0.1,-1.6568220297442835,-1.6291969458209437,-1.1328094641314905,-4.617806855832235,-4.890375677739279,0.5787530541419983,0.0,-0.0,-2.3968450477696024e-05,0.0,0.0,0.0,0.0,0.0,0.0,0.0,0.0,0.0,1
1786037803,362534761,0.1,-1.6568220297442835,-1.6291487852679651,-1.1328094641314905,-4.61781877676119,-4.890327755604879,0.5787650346755981,0.0,-0.0,-2.3968450477696024e-05,0.0,0.0,0.0,0.0,0.0,0.0,0.0,0.0,0.0,1
1786037803,382604122,0.1,-1.6567981878863733,-1.62913686433901,-1.1328094641314905,-4.617770854626791,-4.890412036572592,0.5787171125411987,0.0,-0.0,-2.3968450477696024e-05,0.0,0.0,0.0,0.0,0.0,0.0,0.0,0.0,0.0,1
1786037803,402392625,0.1,-1.656870190297262,-1.6291726271258753,-1.1327975432025355,-4.6177948156939905,-4.890351716672079,0.5787410736083984,0.0,-0.0,-2.3968450477696024e-05,0.0,0.0,0.0,0.0,0.0,0.0,0.0,0.0,0.0,1
1786037803,422537803,0.1,-1.6567981878863733,-1.6292207876788538,-1.1327975432025355,-4.617854777966635,-4.890387598668234,0.5787530541419983,0.0,-0.0,-2.3968450477696024e-05,0.0,0.0,0.0,0.0,0.0,0.0,0.0,0.0,0.0,1
1786037803,442363977,0.1,-1.6568220297442835,-1.6291969458209437,-1.1327737013446253,-4.61781877676119,-4.890375677739279,0.578777015209198,0.0,-0.0,-2.3968450477696024e-05,0.0,0.0,0.0,0.0,0.0,0.0,0.0,0.0,0.0,1
1786037803,462563753,0.1,-1.6567743460284632,-1.6291969458209437,-1.1328333059894007,-4.61781877676119,-4.890351716672079,0.5787410736083984,0.0,-0.0,-2.3968450477696024e-05,0.0,0.0,0.0,0.0,0.0,0.0,0.0,0.0,0.0,1
1786037803,482353925,0.1,-1.6568220297442835,-1.6291850248919886,-1.1327856222735804,-4.6177828947650355,-4.890387598668234,0.578777015209198,0.0,-0.0,-2.3968450477696024e-05,0.0,0.0,0.0,0.0,0.0,0.0,0.0,0.0,0.0,1
1786037803,502617120,0.1,-1.6568458716021937,-1.6292088667498987,-1.1327737013446253,-4.6177828947650355,-4.890351716672079,0.5787410736083984,0.0,-0.0,-2.3968450477696024e-05,0.0,0.0,0.0,0.0,0.0,0.0,0.0,0.0,0.0,1
1786037803,522386789,0.1,-1.6567981878863733,-1.6291726271258753,-1.1327975432025355,-4.617758814488546,-4.890399638806478,0.578777015209198,0.0,-0.0,-2.3968450477696024e-05,0.0,0.0,0.0,0.0,0.0,0.0,0.0,0.0,0.0,1
1786037803,542565345,0.1,-1.65676194826235,-1.6291969458209437,-1.1327856222735804,-4.6177828947650355,-4.890387598668234,0.5788130164146423,0.0,-0.0,-2.3968450477696024e-05,0.0,0.0,0.0,0.0,0.0,0.0,0.0,0.0,0.0,1
1786037803,562459230,0.1,-1.6568458716021937,-1.6291969458209437,-1.1328333059894007,-4.617830816899435,-4.890363637601034,0.5787650346755981,0.0,-0.0,-2.3968450477696024e-05,0.0,0.0,0.0,0.0,0.0,0.0,0.0,0.0,0.0,1
1786037803,582625865,0.1,-1.6568458716021937,-1.62913686433901,-1.1328094641314905,-4.617746893559591,-4.890399638806478,0.578777015209198,0.0,-0.0,-2.3968450477696024e-05,0.0,0.0,0.0,0.0,0.0,0.0,0.0,0.0,0.0,1
1786037803,602424383,0.1,-1.6567381064044397,-1.6292207876788538,-1.1327856222735804,-4.6177948156939905,-4.890399638806478,0.5787530541419983,0.0,-0.0,-2.3968450477696024e-05,0.0,0.0,0.0,0.0,0.0,0.0,0.0,0.0,0.0,1
1786037803,622528076,0.1,-1.6567862669574183,-1.6291850248919886,-1.1327856222735804,-4.6177828947650355,-4.890399638806478,0.5787410736083984,0.0,-0.0,-2.3968450477696024e-05,0.0,0.0,0.0,0.0,0.0,0.0,0.0,0.0,0.0,1
1786037803,642408609,0.1,-1.6567981878863733,-1.6291726271258753,-1.1328333059894007,-4.6177828947650355,-4.890339676533834,0.5787650346755981,0.0,-0.0,-2.3968450477696024e-05,0.0,0.0,0.0,0.0,0.0,0.0,0.0,0.0,0.0,1
1786037803,662606239,0.1,-1.6568458716021937,-1.6291726271258753,-1.1328094641314905,-4.617806855832235,-4.890387598668234,0.5787889957427979,0.0,-0.0,-2.3968450477696024e-05,0.0,0.0,0.0,0.0,0.0,0.0,0.0,0.0,0.0,1
1786037803,682415008,0.1,-1.6568101088153284,-1.6291969458209437,-1.1327737013446253,-4.617806855832235,-4.890399638806478,0.5787171125411987,0.0,-0.0,-2.3968450477696024e-05,0.0,0.0,0.0,0.0,0.0,0.0,0.0,0.0,0.0,1
1786037803,702518939,0.1,-1.65676194826235,-1.6291850248919886,-1.1327856222735804,-4.6177948156939905,-4.890375677739279,0.5787290930747986,0.0,-0.0,-2.3968450477696024e-05,0.0,0.0,0.0,0.0,0.0,0.0,0.0,0.0,0.0,1
1786037803,722523450,0.1,-1.6568458716021937,-1.629244629536764,-1.1327975432025355,-4.617806855832235,-4.890363637601034,0.5787051320075989,0.0,-0.0,-2.3968450477696024e-05,0.0,0.0,0.0,0.0,0.0,0.0,0.0,0.0,0.0,1
1786037803,742588996,0.1,-1.6567981878863733,-1.6291850248919886,-1.1328094641314905,-4.6177828947650355,-4.890351716672079,0.5787171125411987,0.0,-0.0,-2.3968450477696024e-05,0.0,0.0,0.0,0.0,0.0,0.0,0.0,0.0,0.0,1
1786037803,762379169,0.1,-1.6568101088153284,-1.6291850248919886,-1.1327737013446253,-4.6177828947650355,-4.890423957501547,0.5787410736083984,0.0,-0.0,-2.3968450477696024e-05,0.0,0.0,0.0,0.0,0.0,0.0,0.0,0.0,0.0,1
1786037803,782624959,0.1,-1.6567981878863733,-1.6291850248919886,-1.1328213850604456,-4.617770854626791,-4.890351716672079,0.578777015209198,0.0,-0.0,-2.3968450477696024e-05,0.0,0.0,0.0,0.0,0.0,0.0,0.0,0.0,0.0,1
1786037803,802391290,0.1,-1.656858269368307,-1.62913686433901,-1.132761303578512,-4.6177948156939905,-4.890327755604879,0.5787410736083984,0.0,-0.0,-2.3968450477696024e-05,0.0,0.0,0.0,0.0,0.0,0.0,0.0,0.0,0.0,1
1786037803,822554826,0.1,-1.6568220297442835,-1.6291850248919886,-1.1327975432025355,-4.61781877676119,-4.890399638806478,0.5787530541419983,0.0,-0.0,-2.3968450477696024e-05,0.0,0.0,0.0,0.0,0.0,0.0,0.0,0.0,0.0,1
1786037803,842386960,0.1,-1.6568339506732386,-1.6291969458209437,-1.1327856222735804,-4.6177948156939905,-4.890399638806478,0.578777015209198,0.0,-0.0,-2.3968450477696024e-05,0.0,0.0,0.0,0.0,0.0,0.0,0.0,0.0,0.0,1
1786037803,862595319,0.1,-1.6568101088153284,-1.6292088667498987,-1.1328213850604456,-4.617770854626791,-4.890399638806478,0.5787530541419983,0.0,-0.0,-2.3968450477696024e-05,0.0,0.0,0.0,0.0,0.0,0.0,0.0,0.0,0.0,1
1786037803,882423639,0.1,-1.6568220297442835,-1.6291850248919886,-1.1327737013446253,-4.6177948156939905,-4.890375677739279,0.578777015209198,0.0,-0.0,-2.3968450477696024e-05,0.0,0.0,0.0,0.0,0.0,0.0,0.0,0.0,0.0,1
1786037803,902558326,0.1,-1.6568339506732386,-1.629124943410055,-1.1327975432025355,-4.61781877676119,-4.890339676533834,0.5787410736083984,0.0,-0.0,-2.3968450477696024e-05,0.0,0.0,0.0,0.0,0.0,0.0,0.0,0.0,0.0,1
1786037803,922424793,0.1,-1.6568220297442835,-1.6292327086078089,-1.1327856222735804,-4.617770854626791,-4.890399638806478,0.5787290930747986,0.0,-0.0,-2.3968450477696024e-05,0.0,0.0,0.0,0.0,0.0,0.0,0.0,0.0,0.0,1
1786037803,942543268,0.1,-1.656858269368307,-1.6292088667498987,-1.1327856222735804,-4.617830816899435,-4.890412036572592,0.5787530541419983,0.0,-0.0,-2.3968450477696024e-05,0.0,0.0,0.0,0.0,0.0,0.0,0.0,0.0,0.0,1
1786037803,962385892,0.1,-1.6567862669574183,-1.6291607061969202,-1.1327856222735804,-4.617806855832235,-4.890339676533834,0.5788009762763977,0.0,-0.0,-2.3968450477696024e-05,0.0,0.0,0.0,0.0,0.0,0.0,0.0,0.0,0.0,1
1786037803,982626199,0.1,-1.6568339506732386,-1.62913686433901,-1.1327975432025355,-4.61781877676119,-4.890387598668234,0.5787290930747986,0.0,-0.0,-2.3968450477696024e-05,0.0,0.0,0.0,0.0,0.0,0.0,0.0,0.0,0.0,1
1786037804,2332448,0.1,-1.6568220297442835,-1.6291850248919886,-1.1327737013446253,-4.61781877676119,-4.890351716672079,0.5787530541419983,0.0,-0.0,-2.3968450477696024e-05,0.0,0.0,0.0,0.0,0.0,0.0,0.0,0.0,0.0,1
1786037804,22637128,0.1,-1.6567981878863733,-1.6291487852679651,-1.1327856222735804,-4.6177828947650355,-4.890327755604879,0.5787171125411987,0.0,-0.0,-2.3968450477696024e-05,0.0,0.0,0.0,0.0,0.0,0.0,0.0,0.0,0.0,1
1786037804,42422771,0.1,-1.6568220297442835,-1.6291969458209437,-1.1327975432025355,-4.617806855832235,-4.890387598668234,0.5787290930747986,0.0,-0.0,-2.3968450477696024e-05,0.0,0.0,0.0,0.0,0.0,0.0,0.0,0.0,0.0,1
1786037804,62454938,0.1,-1.6568458716021937,-1.6292207876788538,-1.132749382649557,-4.61781877676119,-4.890375677739279,0.5787530541419983,0.0,-0.0,-2.3968450477696024e-05,0.0,0.0,0.0,0.0,0.0,0.0,0.0,0.0,0.0,1
1786037804,82396745,0.1,-1.6567981878863733,-1.6291487852679651,-1.1328213850604456,-4.617770854626791,-4.890387598668234,0.5787650346755981,0.0,-0.0,-2.3968450477696024e-05,0.0,0.0,0.0,0.0,0.0,0.0,0.0,0.0,0.0,1
1786037804,102526426,0.1,-1.6568220297442835,-1.6291607061969202,-1.1328333059894007,-4.6177828947650355,-4.890363637601034,0.5787171125411987,0.0,-0.0,-2.3968450477696024e-05,0.0,0.0,0.0,0.0,0.0,0.0,0.0,0.0,0.0,1
1786037804,122458219,0.1,-1.6568339506732386,-1.6291487852679651,-1.1328094641314905,-4.617746893559591,-4.890399638806478,0.5787171125411987,0.0,-0.0,-2.3968450477696024e-05,0.0,0.0,0.0,0.0,0.0,0.0,0.0,0.0,0.0,1
1786037804,142590284,0.1,-1.6568458716021937,-1.6291726271258753,-1.1327737013446253,-4.6177828947650355,-4.890375677739279,0.5787051320075989,0.0,-0.0,-2.3968450477696024e-05,0.0,0.0,0.0,0.0,0.0,0.0,0.0,0.0,0.0,1
1786037804,162365198,0.1,-1.6568339506732386,-1.6291487852679651,-1.1328094641314905,-4.617806855832235,-4.890363637601034,0.5787171125411987,0.0,-0.0,-2.3968450477696024e-05,0.0,0.0,0.0,0.0,0.0,0.0,0.0,0.0,0.0,1
1786037804,182629346,0.1,-1.6567981878863733,-1.6291607061969202,-1.1327737013446253,-4.6177828947650355,-4.890351716672079,0.5787171125411987,0.0,-0.0,-2.3968450477696024e-05,0.0,0.0,0.0,0.0,0.0,0.0,0.0,0.0,0.0,1
1786037804,202449083,0.1,-1.6568339506732386,-1.6292088667498987,-1.1328094641314905,-4.6177948156939905,-4.890375677739279,0.5787650346755981,0.0,-0.0,-2.3968450477696024e-05,0.0,0.0,0.0,0.0,0.0,0.0,0.0,0.0,0.0,1
1786037804,222607612,0.1,-1.6568339506732386,-1.6291607061969202,-1.1328333059894007,-4.617758814488546,-4.890327755604879,0.578777015209198,0.0,-0.0,-2.3968450477696024e-05,0.0,0.0,0.0,0.0,0.0,0.0,0.0,0.0,0.0,1
1786037804,242346286,0.1,-1.6567981878863733,-1.6292088667498987,-1.1327737013446253,-4.6177948156939905,-4.890363637601034,0.5787410736083984,0.0,-0.0,-2.3968450477696024e-05,0.0,0.0,0.0,0.0,0.0,0.0,0.0,0.0,0.0,1
1786037804,262706756,0.1,-1.6568101088153284,-1.6291726271258753,-1.1327856222735804,-4.6177828947650355,-4.890351716672079,0.5787530541419983,0.0,-0.0,-2.3968450477696024e-05,0.0,0.0,0.0,0.0,0.0,0.0,0.0,0.0,0.0,1
1786037804,282429218,0.1,-1.6568339506732386,-1.6291726271258753,-1.1328213850604456,-4.617770854626791,-4.890399638806478,0.578777015209198,0.0,-0.0,-2.3968450477696024e-05,0.0,0.0,0.0,0.0,0.0,0.0,0.0,0.0,0.0,1
1786037804,302642583,0.1,-1.6568339506732386,-1.6291850248919886,-1.1327975432025355,-4.61781877676119,-4.890399638806478,0.5787889957427979,0.0,-0.0,-2.3968450477696024e-05,0.0,0.0,0.0,0.0,0.0,0.0,0.0,0.0,0.0,1
1786037804,322371006,0.1,-1.6568339506732386,-1.6291607061969202,-1.132749382649557,-4.6177948156939905,-4.890387598668234,0.5787889957427979,0.0,-0.0,-2.3968450477696024e-05,0.0,0.0,0.0,0.0,0.0,0.0,0.0,0.0,0.0,1
1786037804,342631816,0.1,-1.6568101088153284,-1.62913686433901,-1.1327737013446253,-4.61781877676119,-4.890399638806478,0.5787051320075989,0.0,-0.0,-2.3968450477696024e-05,0.0,0.0,0.0,0.0,0.0,0.0,0.0,0.0,0.0,1
1786037804,362429857,0.1,-1.6568220297442835,-1.6291850248919886,-1.132761303578512,-4.6177828947650355,-4.890339676533834,0.5787171125411987,0.0,-0.0,-2.3968450477696024e-05,0.0,0.0,0.0,0.0,0.0,0.0,0.0,0.0,0.0,1
1786037804,382524490,0.1,-1.656858269368307,-1.6291487852679651,-1.1328213850604456,-4.6177828947650355,-4.890375677739279,0.5787530541419983,0.0,-0.0,-2.3968450477696024e-05,0.0,0.0,0.0,0.0,0.0,0.0,0.0,0.0,0.0,1
1786037804,402410030,0.1,-1.6568458716021937,-1.6291487852679651,-1.1327975432025355,-4.617806855832235,-4.890375677739279,0.5787650346755981,0.0,-0.0,-2.3968450477696024e-05,0.0,0.0,0.0,0.0,0.0,0.0,0.0,0.0,0.0,1
1786037804,422562599,0.1,-1.6568220297442835,-1.6291969458209437,-1.1327737013446253,-4.61781877676119,-4.890399638806478,0.5788009762763977,0.0,-0.0,-2.3968450477696024e-05,0.0,0.0,0.0,0.0,0.0,0.0,0.0,0.0,0.0,1
1786037804,442355394,0.1,-1.6568220297442835,-1.6292207876788538,-1.1328213850604456,-4.6177828947650355,-4.890423957501547,0.5787410736083984,0.0,-0.0,-2.3968450477696024e-05,0.0,0.0,0.0,0.0,0.0,0.0,0.0,0.0,0.0,1
1786037804,462577104,0.1,-1.6567862669574183,-1.6291607061969202,-1.1327856222735804,-4.617806855832235,-4.890363637601034,0.5787171125411987,0.0,-0.0,-2.3968450477696024e-05,0.0,0.0,0.0,0.0,0.0,0.0,0.0,0.0,0.0,1
1786037804,482643365,0.1,-1.6568101088153284,-1.6291969458209437,-1.1327975432025355,-4.6177828947650355,-4.890351716672079,0.5787410736083984,0.0,-0.0,-2.3968450477696024e-05,0.0,0.0,0.0,0.0,0.0,0.0,0.0,0.0,0.0,1
1786037804,502660751,0.1,-1.6568458716021937,-1.6291969458209437,-1.132749382649557,-4.617770854626791,-4.890351716672079,0.5787530541419983,0.0,-0.0,-2.3968450477696024e-05,0.0,0.0,0.0,0.0,0.0,0.0,0.0,0.0,0.0,1
1786037804,522400856,0.1,-1.6567743460284632,-1.6291850248919886,-1.132761303578512,-4.6177828947650355,-4.890399638806478,0.5787650346755981,0.0,-0.0,-2.3968450477696024e-05,0.0,0.0,0.0,0.0,0.0,0.0,0.0,0.0,0.0,1
1786037804,542553663,0.1,-1.6568458716021937,-1.6291969458209437,-1.1328452269183558,-4.6177948156939905,-4.890363637601034,0.5788130164146423,0.0,-0.0,-2.3968450477696024e-05,0.0,0.0,0.0,0.0,0.0,0.0,0.0,0.0,0.0,1
1786037804,562416076,0.1,-1.6568220297442835,-1.6291969458209437,-1.1328213850604456,-4.617854777966635,-4.890351716672079,0.5787290930747986,0.0,-0.0,-2.3968450477696024e-05,0.0,0.0,0.0,0.0,0.0,0.0,0.0,0.0,0.0,1
1786037804,582646131,0.1,-1.6568101088153284,-1.6291487852679651,-1.1327975432025355,-4.617806855832235,-4.890363637601034,0.5787530541419983,0.0,-0.0,-2.3968450477696024e-05,0.0,0.0,0.0,0.0,0.0,0.0,0.0,0.0,0.0,1
1786037804,602420568,0.1,-1.6567981878863733,-1.6291850248919886,-1.1328213850604456,-4.617806855832235,-4.890363637601034,0.5787290930747986,0.0,-0.0,-2.3968450477696024e-05,0.0,0.0,0.0,0.0,0.0,0.0,0.0,0.0,0.0,1
1786037804,622545480,0.1,-1.6568101088153284,-1.6291607061969202,-1.1327856222735804,-4.6177828947650355,-4.890375677739279,0.5787650346755981,0.0,-0.0,-2.3968450477696024e-05,0.0,0.0,0.0,0.0,0.0,0.0,0.0,0.0,0.0,1
1786037804,642461299,0.0,-1.6568339506732386,-1.6292088667498987,-1.1328452269183558,-4.617770854626791,-4.890363637601034,0.5787410736083984,0.0,-0.0,-2.3968450477696024e-05,0.0,0.0,0.0,0.0,0.0,0.0,0.0,0.0,0.0,1
1786037804,662661314,0.0,-1.6567981878863733,-1.6291726271258753,-1.1328094641314905,-4.617746893559591,-4.890363637601034,0.5787410736083984,0.0,-0.0,-2.3968450477696024e-05,0.0,0.0,0.0,0.0,0.0,0.0,0.0,0.0,0.0,1
1786037804,682542085,0.0,-1.6568220297442835,-1.6291726271258753,-1.1328213850604456,-4.617746893559591,-4.890363637601034,0.5787171125411987,0.0,-0.0,-2.3968450477696024e-05,0.0,0.0,0.0,0.0,0.0,0.0,0.0,0.0,0.0,1
1786037804,702671766,0.0,-1.6568101088153284,-1.6291726271258753,-1.1327856222735804,-4.617758814488546,-4.890375677739279,0.5787410736083984,0.0,-0.0,-2.3968450477696024e-05,0.0,0.0,0.0,0.0,0.0,0.0,0.0,0.0,0.0,1
1786037804,722442388,0.0,-1.6568101088153284,-1.6292088667498987,-1.1327856222735804,-4.6177828947650355,-4.890339676533834,0.5787290930747986,0.0,-0.0,-2.3968450477696024e-05,0.0,0.0,0.0,0.0,0.0,0.0,0.0,0.0,0.0,1
1786037804,742580175,0.0,-1.6568101088153284,-1.6291850248919886,-1.1327975432025355,-4.617806855832235,-4.890399638806478,0.5787530541419983,0.0,-0.0,-2.3968450477696024e-05,0.0,0.0,0.0,0.0,0.0,0.0,0.0,0.0,0.0,1
1786037804,762414216,0.0,-1.6568339506732386,-1.6291850248919886,-1.1328213850604456,-4.617806855832235,-4.890351716672079,0.5787171125411987,0.0,-0.0,-2.3968450477696024e-05,0.0,0.0,0.0,0.0,0.0,0.0,0.0,0.0,0.0,1
1786037804,782569408,0.0,-1.6568339506732386,-1.6291969458209437,-1.1328094641314905,-4.6177948156939905,-4.890387598668234,0.5787171125411987,0.0,-0.0,-2.3968450477696024e-05,0.0,0.0,0.0,0.0,0.0,0.0,0.0,0.0,0.0,1
1786037804,802418231,0.0,-1.65676194826235,-1.6291607061969202,-1.1327737013446253,-4.61781877676119,-4.890339676533834,0.5787530541419983,0.0,-0.0,-2.3968450477696024e-05,0.0,0.0,0.0,0.0,0.0,0.0,0.0,0.0,0.0,1
1786037804,822662830,0.0,-1.6568458716021937,-1.6291850248919886,-1.1328094641314905,-4.617830816899435,-4.890375677739279,0.5787410736083984,0.0,-0.0,-2.3968450477696024e-05,0.0,0.0,0.0,0.0,0.0,0.0,0.0,0.0,0.0,1
1786037804,842524051,0.0,-1.6567981878863733,-1.6291850248919886,-1.1327856222735804,-4.61784273782839,-4.890412036572592,0.5787530541419983,0.0,-0.0,-2.3968450477696024e-05,0.0,0.0,0.0,0.0,0.0,0.0,0.0,0.0,0.0,1
1786037804,862588882,0.0,-1.6568458716021937,-1.6292327086078089,-1.1328094641314905,-4.6177828947650355,-4.890412036572592,0.5787171125411987,0.0,-0.0,-2.3968450477696024e-05,0.0,0.0,0.0,0.0,0.0,0.0,0.0,0.0,0.0,1
1786037804,882398366,0.0,-1.656870190297262,-1.6291969458209437,-1.1327737013446253,-4.6177948156939905,-4.890351716672079,0.5787290930747986,0.0,-0.0,-2.3968450477696024e-05,0.0,0.0,0.0,0.0,0.0,0.0,0.0,0.0,0.0,1
1786037804,902582883,0.0,-1.6567981878863733,-1.6291726271258753,-1.1328094641314905,-4.61781877676119,-4.890399638806478,0.5787530541419983,0.0,-0.0,-2.3968450477696024e-05,0.0,0.0,0.0,0.0,0.0,0.0,0.0,0.0,0.0,1
1786037804,922363042,0.0,-1.6568339506732386,-1.629244629536764,-1.1328094641314905,-4.617758814488546,-4.890363637601034,0.5787650346755981,0.0,-0.0,-2.3968450477696024e-05,0.0,0.0,0.0,0.0,0.0,0.0,0.0,0.0,0.0,1
1786037804,942590236,0.0,-1.6568101088153284,-1.6291850248919886,-1.1328333059894007,-4.6177948156939905,-4.890399638806478,0.5787650346755981,0.0,-0.0,-2.3968450477696024e-05,0.0,0.0,0.0,0.0,0.0,0.0,0.0,0.0,0.0,1
1786037804,962415218,0.0,-1.656870190297262,-1.6291969458209437,-1.1327856222735804,-4.617806855832235,-4.890412036572592,0.578777015209198,0.0,-0.0,-2.3968450477696024e-05,0.0,0.0,0.0,0.0,0.0,0.0,0.0,0.0,0.0,1
1786037804,982601165,0.0,-1.656858269368307,-1.6291487852679651,-1.1328452269183558,-4.6177948156939905,-4.890399638806478,0.5787290930747986,0.0,-0.0,-2.3968450477696024e-05,0.0,0.0,0.0,0.0,0.0,0.0,0.0,0.0,0.0,1
1786037805,2380132,0.0,-1.6568339506732386,-1.6291607061969202,-1.1328094641314905,-4.617806855832235,-4.890399638806478,0.5787650346755981,0.0,-0.0,-2.3968450477696024e-05,0.0,0.0,0.0,0.0,0.0,0.0,0.0,0.0,0.0,1
1786037805,22583007,0.0,-1.6568220297442835,-1.6292207876788538,-1.1327737013446253,-4.617830816899435,-4.890351716672079,0.578777015209198,0.0,-0.0,-2.3968450477696024e-05,0.0,0.0,0.0,0.0,0.0,0.0,0.0,0.0,0.0,1
1786037805,42425394,0.0,-1.6568101088153284,-1.6291607061969202,-1.1328213850604456,-4.6177948156939905,-4.890399638806478,0.5787410736083984,0.0,-0.0,-2.3968450477696024e-05,0.0,0.0,0.0,0.0,0.0,0.0,0.0,0.0,0.0,1
1786037805,62523841,0.0,-1.6568339506732386,-1.6291850248919886,-1.1327856222735804,-4.6177948156939905,-4.890387598668234,0.5787290930747986,0.0,-0.0,-2.3968450477696024e-05,0.0,0.0,0.0,0.0,0.0,0.0,0.0,0.0,0.0,1
1786037805,82459211,0.0,-1.6568339506732386,-1.6291726271258753,-1.132761303578512,-4.617806855832235,-4.890339676533834,0.5787889957427979,0.0,-0.0,-2.3968450477696024e-05,0.0,0.0,0.0,0.0,0.0,0.0,0.0,0.0,0.0,1
1786037805,102594375,0.0,-1.65676194826235,-1.6291850248919886,-1.132749382649557,-4.617806855832235,-4.890363637601034,0.578693151473999,0.0,-0.0,-2.3968450477696024e-05,0.0,0.0,0.0,0.0,0.0,0.0,0.0,0.0,0.0,1
1786037805,122388124,0.0,-1.6567862669574183,-1.6291726271258753,-1.1328094641314905,-4.617830816899435,-4.890399638806478,0.5787290930747986,0.0,-0.0,-2.3968450477696024e-05,0.0,0.0,0.0,0.0,0.0,0.0,0.0,0.0,0.0,1
1786037805,142563343,0.0,-1.6568101088153284,-1.6291487852679651,-1.1328094641314905,-4.61781877676119,-4.890399638806478,0.5787530541419983,0.0,-0.0,-2.3968450477696024e-05,0.0,0.0,0.0,0.0,0.0,0.0,0.0,0.0,0.0,1
1786037805,162432193,0.0,-1.6568220297442835,-1.6291850248919886,-1.1328213850604456,-4.617746893559591,-4.890387598668234,0.5787530541419983,0.0,-0.0,0.0,0.0,0.0,0.0,0.0,0.0,0.0,0.0,0.0,0.0,1
1786037805,182667016,0.0,-1.6568458716021937,-1.6291850248919886,-1.1328094641314905,-4.617806855832235,-4.890375677739279,0.5787410736083984,0.0,-0.0,0.0,0.0,0.0,0.0,0.0,0.0,0.0,0.0,0.0,0.0,1
1786037805,202451229,0.0,-1.6567862669574183,-1.6291607061969202,-1.1328333059894007,-4.61784273782839,-4.890375677739279,0.578777015209198,0.0,-0.0,0.0,0.0,0.0,0.0,0.0,0.0,0.0,0.0,0.0,0.0,1
1786037805,222542285,0.0,-1.6568220297442835,-1.6291969458209437,-1.1327975432025355,-4.61784273782839,-4.890351716672079,0.5787410736083984,0.0,-0.0,0.0,0.0,0.0,0.0,0.0,0.0,0.0,0.0,0.0,0.0,1
1786037805,242439508,0.0,-1.6568220297442835,-1.6291487852679651,-1.1327975432025355,-4.61781877676119,-4.890399638806478,0.5787410736083984,0.0,-0.0,0.0,0.0,0.0,0.0,0.0,0.0,0.0,0.0,0.0,0.0,1
1786037805,262651205,0.0,-1.6567862669574183,-1.6292207876788538,-1.1327975432025355,-4.617758814488546,-4.890387598668234,0.5787650346755981,0.0,-0.0,0.0,0.0,0.0,0.0,0.0,0.0,0.0,0.0,0.0,0.0,1
1786037805,282439470,0.0,-1.6567981878863733,-1.6292088667498987,-1.1328452269183558,-4.6177948156939905,-4.890351716672079,0.5787171125411987,0.0,-0.0,0.0,0.0,0.0,0.0,0.0,0.0,0.0,0.0,0.0,0.0,1
1786037805,302631139,0.0,-1.6568220297442835,-1.6291726271258753,-1.1327975432025355,-4.61781877676119,-4.890375677739279,0.578693151473999,0.0,-0.0,0.0,0.0,0.0,0.0,0.0,0.0,0.0,0.0,0.0,0.0,1
1786037805,322419166,0.0,-1.6568339506732386,-1.6291607061969202,-1.1327975432025355,-4.617830816899435,-4.890327755604879,0.5787171125411987,0.0,-0.0,0.0,0.0,0.0,0.0,0.0,0.0,0.0,0.0,0.0,0.0,1
1786037805,342582941,0.0,-1.6567981878863733,-1.6291487852679651,-1.1327856222735804,-4.617806855832235,-4.890363637601034,0.578777015209198,0.0,-0.0,0.0,0.0,0.0,0.0,0.0,0.0,0.0,0.0,0.0,0.0,1
1786037805,362378597,0.0,-1.6567981878863733,-1.629124943410055,-1.1327737013446253,-4.617806855832235,-4.890387598668234,0.5788009762763977,0.0,-0.0,0.0,0.0,0.0,0.0,0.0,0.0,0.0,0.0,0.0,0.0,1
1786037805,382662773,0.0,-1.6568220297442835,-1.6291726271258753,-1.1327856222735804,-4.617830816899435,-4.890412036572592,0.5787889957427979,0.0,-0.0,0.0,0.0,0.0,0.0,0.0,0.0,0.0,0.0,0.0,0.0,1
1786037805,402454376,0.0,-1.6567862669574183,-1.6291130224811,-1.1327737013446253,-4.61781877676119,-4.890375677739279,0.5787171125411987,0.0,-0.0,0.0,0.0,0.0,0.0,0.0,0.0,0.0,0.0,0.0,0.0,1
1786037805,422569751,0.0,-1.6568101088153284,-1.6291726271258753,-1.1328213850604456,-4.617806855832235,-4.890387598668234,0.5786811709403992,0.0,-0.0,0.0,0.0,0.0,0.0,0.0,0.0,0.0,0.0,0.0,0.0,1
1786037805,442410707,0.0,-1.6568825880633753,-1.6291607061969202,-1.1327856222735804,-4.6177828947650355,-4.890375677739279,0.5787650346755981,0.0,-0.0,0.0,0.0,0.0,0.0,0.0,0.0,0.0,0.0,0.0,0.0,1
1786037805,462564468,0.0,-1.656858269368307,-1.6291850248919886,-1.1327975432025355,-4.617806855832235,-4.890399638806478,0.5787290930747986,0.0,-0.0,0.0,0.0,0.0,0.0,0.0,0.0,0.0,0.0,0.0,0.0,1
1786037805,482397556,0.0,-1.6568458716021937,-1.6291969458209437,-1.1328094641314905,-4.6177828947650355,-4.890363637601034,0.5787530541419983,0.0,-0.0,0.0,0.0,0.0,0.0,0.0,0.0,0.0,0.0,0.0,0.0,1
1786037805,502453088,0.0,-1.6567862669574183,-1.6291726271258753,-1.1328333059894007,-4.6177828947650355,-4.890351716672079,0.5787530541419983,0.0,-0.0,0.0,0.0,0.0,0.0,0.0,0.0,0.0,0.0,0.0,0.0,1
1786037805,522370576,0.0,-1.656858269368307,-1.6291607061969202,-1.1328094641314905,-4.617854777966635,-4.890387598668234,0.5787410736083984,0.0,-0.0,0.0,0.0,0.0,0.0,0.0,0.0,0.0,0.0,0.0,0.0,1
1786037805,542554140,0.0,-1.6567743460284632,-1.6291487852679651,-1.1327856222735804,-4.617758814488546,-4.890375677739279,0.5787410736083984,0.0,-0.0,0.0,0.0,0.0,0.0,0.0,0.0,0.0,0.0,0.0,0.0,1
1786037805,562429666,0.0,-1.6567981878863733,-1.6291850248919886,-1.1328333059894007,-4.617746893559591,-4.890375677739279,0.578777015209198,0.0,-0.0,0.0,0.0,0.0,0.0,0.0,0.0,0.0,0.0,0.0,0.0,1
1786037805,582576751,0.0,-1.6568339506732386,-1.6291607061969202,-1.1328333059894007,-4.6177948156939905,-4.890375677739279,0.5787650346755981,0.0,-0.0,0.0,0.0,0.0,0.0,0.0,0.0,0.0,0.0,0.0,0.0,1
1786037805,602380990,0.0,-1.6568339506732386,-1.6291850248919886,-1.1328333059894007,-4.617806855832235,-4.890387598668234,0.5787410736083984,0.0,-0.0,0.0,0.0,0.0,0.0,0.0,0.0,0.0,0.0,0.0,0.0,1
1786037805,622635602,0.0,-1.6567862669574183,-1.6291969458209437,-1.1328094641314905,-4.6177948156939905,-4.890351716672079,0.5787051320075989,0.0,-0.0,0.0,0.0,0.0,0.0,0.0,0.0,0.0,0.0,0.0,0.0,1
1786037805,642513513,0.0,-1.6568220297442835,-1.6291850248919886,-1.1327374617206019,-4.6177948156939905,-4.890387598668234,0.5787650346755981,0.0,-0.0,0.0,0.0,0.0,0.0,0.0,0.0,0.0,0.0,0.0,0.0,1
1786037805,662555694,0.0,-1.656858269368307,-1.6291850248919886,-1.1327975432025355,-4.61781877676119,-4.890375677739279,0.5787290930747986,0.0,-0.0,0.0,0.0,0.0,0.0,0.0,0.0,0.0,0.0,0.0,0.0,1
1786037805,682412862,0.0,-1.6567981878863733,-1.6291487852679651,-1.1328094641314905,-4.6177948156939905,-4.890387598668234,0.5787530541419983,0.0,-0.0,0.0,0.0,0.0,0.0,0.0,0.0,0.0,0.0,0.0,0.0,1
1786037805,702453136,0.0,-1.6567743460284632,-1.6291850248919886,-1.1328094641314905,-4.61784273782839,-4.890375677739279,0.5787290930747986,0.0,-0.0,0.0,0.0,0.0,0.0,0.0,0.0,0.0,0.0,0.0,0.0,1
1786037805,722348690,0.0,-1.6567862669574183,-1.6291850248919886,-1.1328213850604456,-4.6177948156939905,-4.890363637601034,0.5787290930747986,0.0,-0.0,0.0,0.0,0.0,0.0,0.0,0.0,0.0,0.0,0.0,0.0,1
1786037805,742720365,0.0,-1.656858269368307,-1.6291850248919886,-1.1327856222735804,-4.617770854626791,-4.890387598668234,0.5787051320075989,0.0,-0.0,0.0,0.0,0.0,0.0,0.0,0.0,0.0,0.0,0.0,0.0,1
1786037805,762422561,0.0,-1.6567743460284632,-1.6291726271258753,-1.1328333059894007,-4.617830816899435,-4.890351716672079,0.5787530541419983,0.0,-0.0,0.0,0.0,0.0,0.0,0.0,0.0,0.0,0.0,0.0,0.0,1
1786037805,782655715,0.0,-1.6568458716021937,-1.629244629536764,-1.132761303578512,-4.617758814488546,-4.890363637601034,0.5787530541419983,0.0,-0.0,0.0,0.0,0.0,0.0,0.0,0.0,0.0,0.0,0.0,0.0,1
1786037805,802357196,0.0,-1.656858269368307,-1.6291726271258753,-1.1327856222735804,-4.61781877676119,-4.890363637601034,0.5787530541419983,0.0,-0.0,0.0,0.0,0.0,0.0,0.0,0.0,0.0,0.0,0.0,0.0,1
1786037805,822632074,0.0,-1.656858269368307,-1.6291969458209437,-1.1327737013446253,-4.61781877676119,-4.890387598668234,0.5787410736083984,0.0,-0.0,0.0,0.0,0.0,0.0,0.0,0.0,0.0,0.0,0.0,0.0,1
1786037805,842362880,0.0,-1.6568339506732386,-1.6292088667498987,-1.1328213850604456,-4.617806855832235,-4.890399638806478,0.5787530541419983,0.0,-0.0,0.0,0.0,0.0,0.0,0.0,0.0,0.0,0.0,0.0,0.0,1
1786037805,862608671,0.0,-1.6568220297442835,-1.6291607061969202,-1.1328333059894007,-4.6177948156939905,-4.890387598668234,0.5787650346755981,0.0,-0.0,0.0,0.0,0.0,0.0,0.0,0.0,0.0,0.0,0.0,0.0,1
1786037805,882535457,0.0,-1.6568339506732386,-1.6292327086078089,-1.1328213850604456,-4.61781877676119,-4.890412036572592,0.5787650346755981,0.0,-0.0,0.0,0.0,0.0,0.0,0.0,0.0,0.0,0.0,0.0,0.0,1
1786037805,902509450,0.0,-1.6567862669574183,-1.6291607061969202,-1.1328213850604456,-4.617806855832235,-4.890375677739279,0.5787650346755981,0.0,-0.0,0.0,0.0,0.0,0.0,0.0,0.0,0.0,0.0,0.0,0.0,1
1786037805,922513961,0.0,-1.6568101088153284,-1.6291607061969202,-1.1328333059894007,-4.6177828947650355,-4.890387598668234,0.5787530541419983,0.0,-0.0,0.0,0.0,0.0,0.0,0.0,0.0,0.0,0.0,0.0,0.0,1
1786037805,942646980,0.0,-1.6568339506732386,-1.6291726271258753,-1.1327856222735804,-4.61781877676119,-4.890375677739279,0.5787290930747986,0.0,-0.0,0.0,0.0,0.0,0.0,0.0,0.0,0.0,0.0,0.0,0.0,1
1786037805,962385654,0.0,-1.6567981878863733,-1.6291487852679651,-1.1328452269183558,-4.61781877676119,-4.890412036572592,0.5787530541419983,0.0,-0.0,0.0,0.0,0.0,0.0,0.0,0.0,0.0,0.0,0.0,0.0,1
1786037805,982457637,0.0,-1.6568458716021937,-1.6292088667498987,-1.1328094641314905,-4.6177948156939905,-4.890339676533834,0.5787290930747986,0.0,-0.0,0.0,0.0,0.0,0.0,0.0,0.0,0.0,0.0,0.0,0.0,1
1786037806,2367973,0.0,-1.6568458716021937,-1.6292088667498987,-1.1328452269183558,-4.61781877676119,-4.890351716672079,0.5787650346755981,0.0,-0.0,0.0,0.0,0.0,0.0,0.0,0.0,0.0,0.0,0.0,0.0,1
1786037806,22524356,0.0,-1.6568339506732386,-1.6291969458209437,-1.1327856222735804,-4.617806855832235,-4.890363637601034,0.578777015209198,0.0,-0.0,0.0,0.0,0.0,0.0,0.0,0.0,0.0,0.0,0.0,0.0,1
1786037806,42322397,0.0,-1.6568458716021937,-1.6291726271258753,-1.1327975432025355,-4.6177828947650355,-4.890351716672079,0.5787530541419983,0.0,-0.0,0.0,0.0,0.0,0.0,0.0,0.0,0.0,0.0,0.0,0.0,1
1786037806,62617540,0.0,-1.6568458716021937,-1.6292088667498987,-1.1328094641314905,-4.6177828947650355,-4.890399638806478,0.5788009762763977,0.0,-0.0,0.0,0.0,0.0,0.0,0.0,0.0,0.0,0.0,0.0,0.0,1
1786037806,82421064,0.0,-1.6568458716021937,-1.6291726271258753,-1.1328094641314905,-4.617770854626791,-4.890387598668234,0.5787290930747986,0.0,-0.0,0.0,0.0,0.0,0.0,0.0,0.0,0.0,0.0,0.0,0.0,1
1786037806,102613925,0.0,-1.6568339506732386,-1.6291726271258753,-1.132749382649557,-4.617770854626791,-4.890375677739279,0.5787171125411987,0.0,-0.0,0.0,0.0,0.0,0.0,0.0,0.0,0.0,0.0,0.0,0.0,1
1786037806,122382640,0.0,-1.6567862669574183,-1.6291850248919886,-1.1328333059894007,-4.6177828947650355,-4.890399638806478,0.5787650346755981,0.0,-0.0,0.0,0.0,0.0,0.0,0.0,0.0,0.0,0.0,0.0,0.0,1
1786037806,142508029,0.0,-1.6567981878863733,-1.6291726271258753,-1.1327856222735804,-4.6177948156939905,-4.890327755604879,0.5787530541419983,0.0,-0.0,0.0,0.0,0.0,0.0,0.0,0.0,0.0,0.0,0.0,0.0,1
1786037806,162392139,0.0,-1.6568339506732386,-1.6292327086078089,-1.1327975432025355,-4.617746893559591,-4.890363637601034,0.5787410736083984,0.0,-0.0,0.0,0.0,0.0,0.0,0.0,0.0,0.0,0.0,0.0,0.0,1
1786037806,182524204,0.0,-1.6567862669574183,-1.6291607061969202,-1.1328213850604456,-4.61784273782839,-4.890375677739279,0.5787650346755981,0.0,-0.0,0.0,0.0,0.0,0.0,0.0,0.0,0.0,0.0,0.0,0.0,1
1786037806,202419996,0.0,-1.656870190297262,-1.6292088667498987,-1.1327737013446253,-4.617806855832235,-4.890363637601034,0.5787889957427979,0.0,-0.0,0.0,0.0,0.0,0.0,0.0,0.0,0.0,0.0,0.0,0.0,1
1786037806,222608804,0.0,-1.6568458716021937,-1.6292088667498987,-1.1328094641314905,-4.6177828947650355,-4.890363637601034,0.5787410736083984,0.0,-0.0,0.0,0.0,0.0,0.0,0.0,0.0,0.0,0.0,0.0,0.0,1
1786037806,242376804,0.0,-1.6568101088153284,-1.6292088667498987,-1.1328094641314905,-4.617830816899435,-4.890363637601034,0.5787410736083984,0.0,-0.0,0.0,0.0,0.0,0.0,0.0,0.0,0.0,0.0,0.0,0.0,1
1786037806,262580633,0.0,-1.6568339506732386,-1.6291850248919886,-1.1328333059894007,-4.617770854626791,-4.890339676533834,0.5787171125411987,0.0,-0.0,0.0,0.0,0.0,0.0,0.0,0.0,0.0,0.0,0.0,0.0,1
1786037806,282372236,0.0,-1.6568220297442835,-1.6291607061969202,-1.1327975432025355,-4.617770854626791,-4.890399638806478,0.5787410736083984,0.0,-0.0,0.0,0.0,0.0,0.0,0.0,0.0,0.0,0.0,0.0,0.0,1
1786037806,302746534,0.0,-1.656858269368307,-1.6291607061969202,-1.1328213850604456,-4.617806855832235,-4.890363637601034,0.5787410736083984,0.0,-0.0,0.0,0.0,0.0,0.0,0.0,0.0,0.0,0.0,0.0,0.0,1
1786037806,322384595,0.0,-1.6567862669574183,-1.6291487852679651,-1.132761303578512,-4.6177948156939905,-4.890399638806478,0.5787530541419983,0.0,-0.0,0.0,0.0,0.0,0.0,0.0,0.0,0.0,0.0,0.0,0.0,1
1786037806,342435598,0.0,-1.6568339506732386,-1.6291487852679651,-1.1328094641314905,-4.61784273782839,-4.890375677739279,0.5787530541419983,0.0,-0.0,0.0,0.0,0.0,0.0,0.0,0.0,0.0,0.0,0.0,0.0,1
1786037806,362434387,0.0,-1.656858269368307,-1.6291487852679651,-1.1327975432025355,-4.6177948156939905,-4.890375677739279,0.578777015209198,0.0,-0.0,0.0,0.0,0.0,0.0,0.0,0.0,0.0,0.0,0.0,0.0,1
1786037806,382599592,0.0,-1.6567743460284632,-1.6292327086078089,-1.132761303578512,-4.617806855832235,-4.890412036572592,0.5787530541419983,0.0,-0.0,0.0,0.0,0.0,0.0,0.0,0.0,0.0,0.0,0.0,0.0,1
1786037806,402409791,0.0,-1.6567981878863733,-1.6291850248919886,-1.1328213850604456,-4.617758814488546,-4.890423957501547,0.5787650346755981,0.0,-0.0,0.0,0.0,0.0,0.0,0.0,0.0,0.0,0.0,0.0,0.0,1
1786037806,422453403,0.0,-1.656870190297262,-1.6291969458209437,-1.1327975432025355,-4.617830816899435,-4.890399638806478,0.5787650346755981,0.0,-0.0,0.0,0.0,0.0,0.0,0.0,0.0,0.0,0.0,0.0,0.0,1
1786037806,442429780,0.0,-1.6568339506732386,-1.6292207876788538,-1.1328333059894007,-4.617854777966635,-4.890412036572592,0.578777015209198,0.0,-0.0,0.0,0.0,0.0,0.0,0.0,0.0,0.0,0.0,0.0,0.0,1
1786037806,462647914,0.0,-1.6568339506732386,-1.629124943410055,-1.1327856222735804,-4.61781877676119,-4.890399638806478,0.5787410736083984,0.0,-0.0,0.0,0.0,0.0,0.0,0.0,0.0,0.0,0.0,0.0,0.0,1
1786037806,482407331,0.0,-1.6568458716021937,-1.6291969458209437,-1.132761303578512,-4.6177828947650355,-4.890399638806478,0.5787410736083984,0.0,-0.0,0.0,0.0,0.0,0.0,0.0,0.0,0.0,0.0,0.0,0.0,1
1786037806,502557516,0.0,-1.6568101088153284,-1.6291607061969202,-1.1327975432025355,-4.61781877676119,-4.890375677739279,0.5787171125411987,0.0,-0.0,0.0,0.0,0.0,0.0,0.0,0.0,0.0,0.0,0.0,0.0,1
1786037806,522396326,0.0,-1.6568339506732386,-1.6291850248919886,-1.1328452269183558,-4.617770854626791,-4.890423957501547,0.578777015209198,0.0,-0.0,0.0,0.0,0.0,0.0,0.0,0.0,0.0,0.0,0.0,0.0,1
1786037806,542684316,0.0,-1.6568825880633753,-1.6291487852679651,-1.1328094641314905,-4.617770854626791,-4.890387598668234,0.5788130164146423,0.0,-0.0,0.0,0.0,0.0,0.0,0.0,0.0,0.0,0.0,0.0,0.0,1
1786037806,562374353,0.0,-1.6568220297442835,-1.6292689482318323,-1.1327975432025355,-4.61781877676119,-4.890339676533834,0.5787171125411987,0.0,-0.0,0.0,0.0,0.0,0.0,0.0,0.0,0.0,0.0,0.0,0.0,1
1786037806,582514762,0.0,-1.6568339506732386,-1.6292207876788538,-1.1328213850604456,-4.617854777966635,-4.890399638806478,0.5787410736083984,0.0,-0.0,0.0,0.0,0.0,0.0,0.0,0.0,0.0,0.0,0.0,0.0,1
1786037806,602391242,0.0,-1.6568101088153284,-1.6291969458209437,-1.1328333059894007,-4.617758814488546,-4.890375677739279,0.5787171125411987,0.0,-0.0,0.0,0.0,0.0,0.0,0.0,0.0,0.0,0.0,0.0,0.0,1
1786037806,622534513,0.0,-1.6568101088153284,-1.6291726271258753,-1.1328094641314905,-4.617830816899435,-4.890375677739279,0.578777015209198,0.0,-0.0,0.0,0.0,0.0,0.0,0.0,0.0,0.0,0.0,0.0,0.0,1
1786037806,642413139,0.0,-1.6568339506732386,-1.6292207876788538,-1.1327975432025355,-4.617806855832235,-4.890375677739279,0.5787889957427979,0.0,-0.0,0.0,0.0,0.0,0.0,0.0,0.0,0.0,0.0,0.0,0.0,1
1786037806,662560701,0.0,-1.6568220297442835,-1.6291726271258753,-1.1327975432025355,-4.61781877676119,-4.890351716672079,0.5787530541419983,0.0,-0.0,0.0,0.0,0.0,0.0,0.0,0.0,0.0,0.0,0.0,0.0,1
1786037806,682379245,0.0,-1.6568101088153284,-1.6292207876788538,-1.1327856222735804,-4.6177828947650355,-4.890351716672079,0.5787650346755981,0.0,-0.0,0.0,0.0,0.0,0.0,0.0,0.0,0.0,0.0,0.0,0.0,1
1786037806,702630281,0.0,-1.6567981878863733,-1.6291969458209437,-1.1327975432025355,-4.61781877676119,-4.890375677739279,0.5787530541419983,0.0,-0.0,0.0,0.0,0.0,0.0,0.0,0.0,0.0,0.0,0.0,0.0,1
1786037806,722419500,0.0,-1.6568220297442835,-1.6291487852679651,-1.1328333059894007,-4.6177948156939905,-4.890375677739279,0.5787290930747986,0.0,-0.0,0.0,0.0,0.0,0.0,0.0,0.0,0.0,0.0,0.0,0.0,1
1786037806,742558717,0.0,-1.6568220297442835,-1.6291850248919886,-1.1327975432025355,-4.6177828947650355,-4.890327755604879,0.5787290930747986,0.0,-0.0,0.0,0.0,0.0,0.0,0.0,0.0,0.0,0.0,0.0,0.0,1
1786037806,762340784,0.0,-1.6568339506732386,-1.6291969458209437,-1.132749382649557,-4.617770854626791,-4.890339676533834,0.5787290930747986,0.0,-0.0,0.0,0.0,0.0,0.0,0.0,0.0,0.0,0.0,0.0,0.0,1
1786037806,782679080,0.0,-1.656858269368307,-1.62913686433901,-1.1328213850604456,-4.617758814488546,-4.890351716672079,0.5787171125411987,0.0,-0.0,0.0,0.0,0.0,0.0,0.0,0.0,0.0,0.0,0.0,0.0,1
1786037806,802433967,0.0,-1.6568220297442835,-1.6292207876788538,-1.1328094641314905,-4.6177948156939905,-4.890351716672079,0.5787171125411987,0.0,-0.0,0.0,0.0,0.0,0.0,0.0,0.0,0.0,0.0,0.0,0.0,1
1786037806,822574377,0.0,-1.6568339506732386,-1.6291969458209437,-1.1328333059894007,-4.6177828947650355,-4.890387598668234,0.5787171125411987,0.0,-0.0,0.0,0.0,0.0,0.0,0.0,0.0,0.0,0.0,0.0,0.0,1
1786037806,842381238,0.0,-1.6568458716021937,-1.6291607061969202,-1.1327975432025355,-4.6177828947650355,-4.890351716672079,0.5787410736083984,0.0,-0.0,0.0,0.0,0.0,0.0,0.0,0.0,0.0,0.0,0.0,0.0,1
1786037806,862562894,0.0,-1.6568339506732386,-1.6291850248919886,-1.132761303578512,-4.61781877676119,-4.890387598668234,0.5787171125411987,0.0,-0.0,0.0,0.0,0.0,0.0,0.0,0.0,0.0,0.0,0.0,0.0,1
1786037806,882411479,0.0,-1.6568458716021937,-1.629244629536764,-1.1328333059894007,-4.617770854626791,-4.890423957501547,0.5787410736083984,0.0,-0.0,0.0,0.0,0.0,0.0,0.0,0.0,0.0,0.0,0.0,0.0,1
1786037806,902654886,0.0,-1.6568220297442835,-1.6291487852679651,-1.1328213850604456,-4.6177828947650355,-4.890399638806478,0.578777015209198,0.0,-0.0,0.0,0.0,0.0,0.0,0.0,0.0,0.0,0.0,0.0,0.0,1
1786037806,922420263,0.0,-1.6567743460284632,-1.6292088667498987,-1.1327856222735804,-4.617758814488546,-4.890351716672079,0.5788009762763977,0.0,-0.0,0.0,0.0,0.0,0.0,0.0,0.0,0.0,0.0,0.0,0.0,1
1786037806,942453145,0.0,-1.6567981878863733,-1.6292327086078089,-1.1327737013446253,-4.617770854626791,-4.890412036572592,0.5787889957427979,0.0,-0.0,0.0,0.0,0.0,0.0,0.0,0.0,0.0,0.0,0.0,0.0,1
1786037806,962424516,0.0,-1.65676194826235,-1.6291607061969202,-1.1327975432025355,-4.617806855832235,-4.890363637601034,0.5787410736083984,0.0,-0.0,0.0,0.0,0.0,0.0,0.0,0.0,0.0,0.0,0.0,0.0,1
1786037806,982623577,0.0,-1.6567862669574183,-1.6291607061969202,-1.1327856222735804,-4.617806855832235,-4.890387598668234,0.5787530541419983,0.0,-0.0,0.0,0.0,0.0,0.0,0.0,0.0,0.0,0.0,0.0,0.0,1
1786037807,2516508,0.0,-1.6568101088153284,-1.6291850248919886,-1.1328333059894007,-4.617806855832235,-4.890399638806478,0.5787530541419983,0.0,-0.0,0.0,0.0,0.0,0.0,0.0,0.0,0.0,0.0,0.0,0.0,1
1786037807,22530317,0.0,-1.6568101088153284,-1.62913686433901,-1.1327737013446253,-4.617854777966635,-4.890423957501547,0.5787650346755981,0.0,-0.0,0.0,0.0,0.0,0.0,0.0,0.0,0.0,0.0,0.0,0.0,1
1786037807,42461156,0.0,-1.6567862669574183,-1.6291850248919886,-1.1328213850604456,-4.617806855832235,-4.890412036572592,0.5787530541419983,0.0,-0.0,0.0,0.0,0.0,0.0,0.0,0.0,0.0,0.0,0.0,0.0,1
1786037807,62507152,0.0,-1.6568339506732386,-1.6291607061969202,-1.1327737013446253,-4.6177948156939905,-4.890375677739279,0.5788009762763977,0.0,-0.0,0.0,0.0,0.0,0.0,0.0,0.0,0.0,0.0,0.0,0.0,1
1786037807,82508087,0.0,-1.6567981878863733,-1.6291726271258753,-1.1328213850604456,-4.617806855832235,-4.890327755604879,0.5787290930747986,0.0,-0.0,0.0,0.0,0.0,0.0,0.0,0.0,0.0,0.0,0.0,0.0,1
1786037807,102427959,0.0,-1.6567981878863733,-1.6291487852679651,-1.1327737013446253,-4.617806855832235,-4.890387598668234,0.5787530541419983,0.0,-0.0,0.0,0.0,0.0,0.0,0.0,0.0,0.0,0.0,0.0,0.0,1
1786037807,122292995,0.0,-1.656858269368307,-1.6291487852679651,-1.1327975432025355,-4.617770854626791,-4.890375677739279,0.5787889957427979,0.0,-0.0,0.0,0.0,0.0,0.0,0.0,0.0,0.0,0.0,0.0,0.0,1
1786037807,142459869,0.0,-1.6567743460284632,-1.6292088667498987,-1.1327374617206019,-4.6177948156939905,-4.890399638806478,0.578777015209198,0.0,-0.0,0.0,0.0,0.0,0.0,0.0,0.0,0.0,0.0,0.0,0.0,1
1786037807,162410020,0.0,-1.6568101088153284,-1.6291969458209437,-1.1327975432025355,-4.617806855832235,-4.890339676533834,0.5787530541419983,0.0,-0.0,0.0,0.0,0.0,0.0,0.0,0.0,0.0,0.0,0.0,0.0,1
1786037807,182601451,0.0,-1.6568101088153284,-1.6292088667498987,-1.1327856222735804,-4.6177828947650355,-4.890387598668234,0.5787530541419983,0.0,-0.0,0.0,0.0,0.0,0.0,0.0,0.0,0.0,0.0,0.0,0.0,1
1786037807,202385187,0.0,-1.6568339506732386,-1.629124943410055,-1.1327856222735804,-4.6177948156939905,-4.890363637601034,0.5787410736083984,0.0,-0.0,0.0,0.0,0.0,0.0,0.0,0.0,0.0,0.0,0.0,0.0,1
1786037807,222596168,0.0,-1.6568458716021937,-1.6291607061969202,-1.1327975432025355,-4.617806855832235,-4.890412036572592,0.578777015209198,0.0,-0.0,0.0,0.0,0.0,0.0,0.0,0.0,0.0,0.0,0.0,0.0,1
1786037807,242370367,0.0,-1.6568339506732386,-1.6291850248919886,-1.1327856222735804,-4.6177948156939905,-4.890363637601034,0.5787410736083984,0.0,-0.0,0.0,0.0,0.0,0.0,0.0,0.0,0.0,0.0,0.0,0.0,1
1786037807,262526512,0.0,-1.6567981878863733,-1.6291607061969202,-1.1328213850604456,-4.6177948156939905,-4.890351716672079,0.5787530541419983,0.0,-0.0,0.0,0.0,0.0,0.0,0.0,0.0,0.0,0.0,0.0,0.0,1
1786037807,282413244,0.0,-1.6568101088153284,-1.629124943410055,-1.1328213850604456,-4.6177828947650355,-4.890351716672079,0.5787290930747986,0.0,-0.0,0.0,0.0,0.0,0.0,0.0,0.0,0.0,0.0,0.0,0.0,1
1786037807,302579164,0.0,-1.6568220297442835,-1.6291487852679651,-1.1328333059894007,-4.617806855832235,-4.890375677739279,0.5787530541419983,0.0,-0.0,0.0,0.0,0.0,0.0,0.0,0.0,0.0,0.0,0.0,0.0,1
1786037807,322385549,0.0,-1.656858269368307,-1.6291607061969202,-1.132761303578512,-4.6177828947650355,-4.890387598668234,0.5787530541419983,0.0,-0.0,0.0,0.0,0.0,0.0,0.0,0.0,0.0,0.0,0.0,0.0,1
1786037807,342550992,0.0,-1.6567981878863733,-1.6291850248919886,-1.1328213850604456,-4.61781877676119,-4.890351716672079,0.578777015209198,0.0,-0.0,0.0,0.0,0.0,0.0,0.0,0.0,0.0,0.0,0.0,0.0,1
1786037807,362392663,0.0,-1.6568101088153284,-1.6291969458209437,-1.1327856222735804,-4.6177828947650355,-4.890387598668234,0.5787290930747986,0.0,-0.0,0.0,0.0,0.0,0.0,0.0,0.0,0.0,0.0,0.0,0.0,1
1786037807,382535219,0.0,-1.6568101088153284,-1.6291487852679651,-1.1327737013446253,-4.61781877676119,-4.890375677739279,0.578777015209198,0.0,-0.0,0.0,0.0,0.0,0.0,0.0,0.0,0.0,0.0,0.0,0.0,1
1786037807,402386188,0.0,-1.6568220297442835,-1.62913686433901,-1.1328213850604456,-4.61784273782839,-4.890387598668234,0.5787290930747986,0.0,-0.0,0.0,0.0,0.0,0.0,0.0,0.0,0.0,0.0,0.0,0.0,1
1786037807,422533750,0.0,-1.6567862669574183,-1.6291726271258753,-1.132761303578512,-4.617830816899435,-4.890412036572592,0.5787530541419983,0.0,-0.0,0.0,0.0,0.0,0.0,0.0,0.0,0.0,0.0,0.0,0.0,1
1786037807,442415952,0.0,-1.656858269368307,-1.6291969458209437,-1.1328452269183558,-4.6177948156939905,-4.890363637601034,0.5787290930747986,0.0,-0.0,0.0,0.0,0.0,0.0,0.0,0.0,0.0,0.0,0.0,0.0,1
1786037807,462635755,0.0,-1.6567981878863733,-1.6291130224811,-1.1328333059894007,-4.6177948156939905,-4.890375677739279,0.5787650346755981,0.0,-0.0,0.0,0.0,0.0,0.0,0.0,0.0,0.0,0.0,0.0,0.0,1
1786037807,482420444,0.0,-1.6568339506732386,-1.6291607061969202,-1.1328452269183558,-4.6177948156939905,-4.890363637601034,0.5787290930747986,0.0,-0.0,0.0,0.0,0.0,0.0,0.0,0.0,0.0,0.0,0.0,0.0,1
1786037807,502605676,0.0,-1.6568339506732386,-1.6292088667498987,-1.1327856222735804,-4.617758814488546,-4.890387598668234,0.5787290930747986,0.0,-0.0,0.0,0.0,0.0,0.0,0.0,0.0,0.0,0.0,0.0,0.0,1
1786037807,522455453,0.0,-1.6567743460284632,-1.6291487852679651,-1.1327856222735804,-4.617758814488546,-4.890412036572592,0.578777015209198,0.0,-0.0,0.0,0.0,0.0,0.0,0.0,0.0,0.0,0.0,0.0,0.0,1
1786037807,542635679,0.0,-1.6568339506732386,-1.6292207876788538,-1.1328094641314905,-4.6177948156939905,-4.890399638806478,0.578777015209198,0.0,-0.0,0.0,0.0,0.0,0.0,0.0,0.0,0.0,0.0,0.0,0.0,1
1786037807,562361717,0.0,-1.6568101088153284,-1.6291969458209437,-1.1327975432025355,-4.617806855832235,-4.890399638806478,0.5788130164146423,0.0,-0.0,0.0,0.0,0.0,0.0,0.0,0.0,0.0,0.0,0.0,0.0,1
1786037807,582453250,0.0,-1.6568458716021937,-1.6291969458209437,-1.1328333059894007,-4.617806855832235,-4.890375677739279,0.5787530541419983,0.0,-0.0,0.0,0.0,0.0,0.0,0.0,0.0,0.0,0.0,0.0,0.0,1
1786037807,602382421,0.0,-1.6567981878863733,-1.6291969458209437,-1.1328094641314905,-4.617806855832235,-4.890387598668234,0.5787051320075989,0.0,-0.0,0.0,0.0,0.0,0.0,0.0,0.0,0.0,0.0,0.0,0.0,1
1786037807,622579574,0.0,-1.6568101088153284,-1.6291726271258753,-1.1328094641314905,-4.6177828947650355,-4.890387598668234,0.5788249969482422,0.0,-0.0,0.0,0.0,0.0,0.0,0.0,0.0,0.0,0.0,0.0,0.0,1
1786037807,642378330,0.0,-1.6568339506732386,-1.6291726271258753,-1.1327975432025355,-4.6177828947650355,-4.890387598668234,0.5788009762763977,0.0,-0.0,0.0,0.0,0.0,0.0,0.0,0.0,0.0,0.0,0.0,0.0,1
1786037807,662514448,0.0,-1.6567981878863733,-1.6291726271258753,-1.1328213850604456,-4.61781877676119,-4.890399638806478,0.5787650346755981,0.0,-0.0,0.0,0.0,0.0,0.0,0.0,0.0,0.0,0.0,0.0,0.0,1
1786037807,682433843,0.0,-1.6567981878863733,-1.6291487852679651,-1.1327856222735804,-4.61784273782839,-4.890339676533834,0.5787290930747986,0.0,-0.0,0.0,0.0,0.0,0.0,0.0,0.0,0.0,0.0,0.0,0.0,1
1786037807,702675104,0.0,-1.6568339506732386,-1.6291487852679651,-1.1327737013446253,-4.617758814488546,-4.890351716672079,0.5787410736083984,0.0,-0.0,0.0,0.0,0.0,0.0,0.0,0.0,0.0,0.0,0.0,0.0,1
1786037807,722381114,0.0,-1.656858269368307,-1.6291607061969202,-1.1328213850604456,-4.617806855832235,-4.890363637601034,0.5787530541419983,0.0,-0.0,0.0,0.0,0.0,0.0,0.0,0.0,0.0,0.0,0.0,0.0,1
1786037807,742565631,0.0,-1.6568458716021937,-1.629124943410055,-1.1328333059894007,-4.6177828947650355,-4.890363637601034,0.5787530541419983,0.0,-0.0,0.0,0.0,0.0,0.0,0.0,0.0,0.0,0.0,0.0,0.0,1
1786037807,762410402,0.0,-1.6568220297442835,-1.6291726271258753,-1.1327975432025355,-4.617758814488546,-4.890351716672079,0.5787410736083984,0.0,-0.0,0.0,0.0,0.0,0.0,0.0,0.0,0.0,0.0,0.0,0.0,1
1786037807,782548427,0.0,-1.6568339506732386,-1.6292088667498987,-1.132749382649557,-4.617806855832235,-4.890339676533834,0.5787410736083984,0.0,-0.0,0.0,0.0,0.0,0.0,0.0,0.0,0.0,0.0,0.0,0.0,1
1786037807,802383899,0.0,-1.6568220297442835,-1.6291969458209437,-1.1328213850604456,-4.617830816899435,-4.890351716672079,0.5787290930747986,0.0,-0.0,0.0,0.0,0.0,0.0,0.0,0.0,0.0,0.0,0.0,0.0,1
1786037807,822538137,0.0,-1.6568101088153284,-1.6291969458209437,-1.1328094641314905,-4.617806855832235,-4.890375677739279,0.5788009762763977,0.0,-0.0,0.0,0.0,0.0,0.0,0.0,0.0,0.0,0.0,0.0,0.0,1
1786037807,842596769,0.0,-1.6568458716021937,-1.6291969458209437,-1.1328094641314905,-4.6177948156939905,-4.890375677739279,0.5787650346755981,0.0,-0.0,0.0,0.0,0.0,0.0,0.0,0.0,0.0,0.0,0.0,0.0,1
1786037807,862593650,0.0,-1.6568220297442835,-1.62913686433901,-1.1328333059894007,-4.61781877676119,-4.890339676533834,0.5787290930747986,0.0,-0.0,0.0,0.0,0.0,0.0,0.0,0.0,0.0,0.0,0.0,0.0,1
1786037807,882431507,0.0,-1.6567862669574183,-1.6291850248919886,-1.1327856222735804,-4.61781877676119,-4.890363637601034,0.5787650346755981,0.0,-0.0,0.0,0.0,0.0,0.0,0.0,0.0,0.0,0.0,0.0,0.0,1
1786037807,902581930,0.0,-1.6568458716021937,-1.6291487852679651,-1.1328213850604456,-4.6177828947650355,-4.890351716672079,0.5787530541419983,0.0,-0.0,0.0,0.0,0.0,0.0,0.0,0.0,0.0,0.0,0.0,0.0,1
1786037807,922403097,0.0,-1.6568339506732386,-1.6291487852679651,-1.1327737013446253,-4.617830816899435,-4.890412036572592,0.5787530541419983,0.0,-0.0,0.0,0.0,0.0,0.0,0.0,0.0,0.0,0.0,0.0,0.0,1
1786037807,942560434,0.0,-1.6568220297442835,-1.6292207876788538,-1.1327975432025355,-4.61781877676119,-4.890375677739279,0.5787530541419983,0.0,-0.0,0.0,0.0,0.0,0.0,0.0,0.0,0.0,0.0,0.0,0.0,1
1786037807,962302684,0.0,-1.6568339506732386,-1.6291726271258753,-1.1327975432025355,-4.61781877676119,-4.890351716672079,0.5787171125411987,0.0,-0.0,0.0,0.0,0.0,0.0,0.0,0.0,0.0,0.0,0.0,0.0,1
1786037807,982580423,0.0,-1.6568101088153284,-1.6291607061969202,-1.1328213850604456,-4.617806855832235,-4.890412036572592,0.5787650346755981,0.0,-0.0,0.0,0.0,0.0,0.0,0.0,0.0,0.0,0.0,0.0,0.0,1
1786037808,2379417,0.0,-1.6568101088153284,-1.6291726271258753,-1.1328213850604456,-4.617758814488546,-4.890375677739279,0.578777015209198,0.0,-0.0,0.0,0.0,0.0,0.0,0.0,0.0,0.0,0.0,0.0,0.0,1
1786037808,22622823,0.0,-1.6568339506732386,-1.62913686433901,-1.1328333059894007,-4.6177948156939905,-4.890412036572592,0.5787171125411987,0.0,-0.0,0.0,0.0,0.0,0.0,0.0,0.0,0.0,0.0,0.0,0.0,1
1786037808,42423009,0.0,-1.6567981878863733,-1.6291850248919886,-1.1327856222735804,-4.617758814488546,-4.890375677739279,0.5787290930747986,0.0,-0.0,0.0,0.0,0.0,0.0,0.0,0.0,0.0,0.0,0.0,0.0,1
1786037808,62567234,0.0,-1.6568101088153284,-1.62913686433901,-1.1328094641314905,-4.6177828947650355,-4.890351716672079,0.5787290930747986,0.0,-0.0,0.0,0.0,0.0,0.0,0.0,0.0,0.0,0.0,0.0,0.0,1
1786037808,82498788,0.0,-1.6568101088153284,-1.6291607061969202,-1.1327856222735804,-4.61781877676119,-4.890363637601034,0.5787290930747986,0.0,-0.0,0.0,0.0,0.0,0.0,0.0,0.0,0.0,0.0,0.0,0.0,1
1786037808,102552890,0.0,-1.6568339506732386,-1.6291726271258753,-1.1327737013446253,-4.61781877676119,-4.890351716672079,0.5787530541419983,0.0,-0.0,0.0,0.0,0.0,0.0,0.0,0.0,0.0,0.0,0.0,0.0,1
1786037808,122565269,0.0,-1.6568339506732386,-1.6291969458209437,-1.1328094641314905,-4.61781877676119,-4.890412036572592,0.5787530541419983,0.0,-0.0,0.0,0.0,0.0,0.0,0.0,0.0,0.0,0.0,0.0,0.0,1
1786037808,142602205,0.0,-1.6568339506732386,-1.6291726271258753,-1.1327975432025355,-4.6177828947650355,-4.890399638806478,0.5787650346755981,0.0,-0.0,0.0,0.0,0.0,0.0,0.0,0.0,0.0,0.0,0.0,0.0,1
1786037808,162449598,0.0,-1.6567981878863733,-1.6291850248919886,-1.1327856222735804,-4.617806855832235,-4.890412036572592,0.5787410736083984,0.0,-0.0,0.0,0.0,0.0,0.0,0.0,0.0,0.0,0.0,0.0,0.0,1
1786037808,182576179,0.0,-1.6568220297442835,-1.6291850248919886,-1.1327975432025355,-4.617806855832235,-4.890375677739279,0.5787530541419983,0.0,-0.0,0.0,0.0,0.0,0.0,0.0,0.0,0.0,0.0,0.0,0.0,1
1786037808,202387094,0.0,-1.6568220297442835,-1.6291487852679651,-1.1327737013446253,-4.617806855832235,-4.890363637601034,0.5787530541419983,0.0,-0.0,0.0,0.0,0.0,0.0,0.0,0.0,0.0,0.0,0.0,0.0,1
1786037808,222572326,0.0,-1.6568458716021937,-1.6291607061969202,-1.1327856222735804,-4.6177948156939905,-4.890327755604879,0.5787530541419983,0.0,-0.0,0.0,0.0,0.0,0.0,0.0,0.0,0.0,0.0,0.0,0.0,1
1786037808,242402791,0.0,-1.6568101088153284,-1.6291850248919886,-1.1328094641314905,-4.6177948156939905,-4.890351716672079,0.5787650346755981,0.0,-0.0,0.0,0.0,0.0,0.0,0.0,0.0,0.0,0.0,0.0,0.0,1
1786037808,262670040,0.0,-1.6567981878863733,-1.6292207876788538,-1.1327856222735804,-4.6177948156939905,-4.890363637601034,0.578777015209198,0.0,-0.0,0.0,0.0,0.0,0.0,0.0,0.0,0.0,0.0,0.0,0.0,1
1786037808,282435417,0.0,-1.6567862669574183,-1.6291969458209437,-1.1327856222735804,-4.617758814488546,-4.890363637601034,0.5787171125411987,0.0,-0.0,0.0,0.0,0.0,0.0,0.0,0.0,0.0,0.0,0.0,0.0,1
1786037808,302614212,0.0,-1.6567862669574183,-1.6291607061969202,-1.1327975432025355,-4.617806855832235,-4.890399638806478,0.578693151473999,0.0,-0.0,0.0,0.0,0.0,0.0,0.0,0.0,0.0,0.0,0.0,0.0,1
1786037808,322402477,0.0,-1.6568458716021937,-1.6291969458209437,-1.1328094641314905,-4.6177948156939905,-4.890423957501547,0.5787410736083984,0.0,-0.0,0.0,0.0,0.0,0.0,0.0,0.0,0.0,0.0,0.0,0.0,1
1786037808,342591524,0.0,-1.6568339506732386,-1.6292207876788538,-1.1327856222735804,-4.6177948156939905,-4.890363637601034,0.578777015209198,0.0,-0.0,0.0,0.0,0.0,0.0,0.0,0.0,0.0,0.0,0.0,0.0,1
1786037808,362358331,0.0,-1.6567981878863733,-1.6291487852679651,-1.1327856222735804,-4.617770854626791,-4.890315715466635,0.578777015209198,0.0,-0.0,0.0,0.0,0.0,0.0,0.0,0.0,0.0,0.0,0.0,0.0,1
1786037808,382614374,0.0,-1.6568220297442835,-1.6292207876788538,-1.1328452269183558,-4.617854777966635,-4.890423957501547,0.578693151473999,0.0,-0.0,0.0,0.0,0.0,0.0,0.0,0.0,0.0,0.0,0.0,0.0,1
1786037808,402414560,0.0,-1.656858269368307,-1.6291726271258753,-1.1328333059894007,-4.617806855832235,-4.890339676533834,0.5787530541419983,0.0,-0.0,0.0,0.0,0.0,0.0,0.0,0.0,0.0,0.0,0.0,0.0,1
1786037808,422522068,0.0,-1.6568101088153284,-1.6291850248919886,-1.1327975432025355,-4.6177948156939905,-4.890363637601034,0.5787530541419983,0.0,-0.0,0.0,0.0,0.0,0.0,0.0,0.0,0.0,0.0,0.0,0.0,1
1786037808,442447185,0.0,-1.6567743460284632,-1.6291726271258753,-1.132761303578512,-4.61781877676119,-4.890387598668234,0.5787171125411987,0.0,-0.0,0.0,0.0,0.0,0.0,0.0,0.0,0.0,0.0,0.0,0.0,1
1786037808,462545394,0.0,-1.6568101088153284,-1.6291850248919886,-1.132761303578512,-4.617806855832235,-4.890399638806478,0.5787650346755981,0.0,-0.0,0.0,0.0,0.0,0.0,0.0,0.0,0.0,0.0,0.0,0.0,1
1786037808,482361316,0.0,-1.6568458716021937,-1.6291607061969202,-1.1327737013446253,-4.617770854626791,-4.890387598668234,0.5787650346755981,0.0,-0.0,0.0,0.0,0.0,0.0,0.0,0.0,0.0,0.0,0.0,0.0,1
1786037808,502619028,0.0,-1.6568101088153284,-1.6291607061969202,-1.1328333059894007,-4.617758814488546,-4.890399638806478,0.5787171125411987,0.0,-0.0,0.0,0.0,0.0,0.0,0.0,0.0,0.0,0.0,0.0,0.0,1
1786037808,522326946,0.0,-1.6567862669574183,-1.6291969458209437,-1.1328094641314905,-4.61784273782839,-4.890351716672079,0.5787530541419983,0.0,-0.0,0.0,0.0,0.0,0.0,0.0,0.0,0.0,0.0,0.0,0.0,1
1786037808,542529582,0.0,-1.6568220297442835,-1.6292207876788538,-1.1327856222735804,-4.617830816899435,-4.890363637601034,0.578777015209198,0.0,-0.0,0.0,0.0,0.0,0.0,0.0,0.0,0.0,0.0,0.0,0.0,1
1786037808,562307834,0.0,-1.6567862669574183,-1.6291969458209437,-1.1327975432025355,-4.6177948156939905,-4.890399638806478,0.5787530541419983,0.0,-0.0,0.0,0.0,0.0,0.0,0.0,0.0,0.0,0.0,0.0,0.0,1
1786037808,582606792,0.0,-1.6568101088153284,-1.6292088667498987,-1.1327737013446253,-4.617770854626791,-4.890351716672079,0.578777015209198,0.0,-0.0,0.0,0.0,0.0,0.0,0.0,0.0,0.0,0.0,0.0,0.0,1
1786037808,602376461,0.0,-1.6568339506732386,-1.6292207876788538,-1.1327975432025355,-4.617806855832235,-4.890412036572592,0.578777015209198,0.0,-0.0,0.0,0.0,0.0,0.0,0.0,0.0,0.0,0.0,0.0,0.0,1
1786037808,622551441,0.0,-1.6568339506732386,-1.6291850248919886,-1.132761303578512,-4.617770854626791,-4.890375677739279,0.5787171125411987,0.0,-0.0,0.0,0.0,0.0,0.0,0.0,0.0,0.0,0.0,0.0,0.0,1
1786037808,642352819,0.0,-1.6568220297442835,-1.62913686433901,-1.1327975432025355,-4.6177828947650355,-4.890351716672079,0.578777015209198,0.0,-0.0,0.0,0.0,0.0,0.0,0.0,0.0,0.0,0.0,0.0,0.0,1
1786037808,662567853,0.0,-1.656870190297262,-1.6292088667498987,-1.1328094641314905,-4.617806855832235,-4.890363637601034,0.5787410736083984,0.0,-0.0,0.0,0.0,0.0,0.0,0.0,0.0,0.0,0.0,0.0,0.0,1
1786037808,682408332,0.0,-1.6568339506732386,-1.6292207876788538,-1.1327737013446253,-4.617806855832235,-4.890363637601034,0.5787410736083984,0.0,-0.0,0.0,0.0,0.0,0.0,0.0,0.0,0.0,0.0,0.0,0.0,1
1786037808,702459812,0.0,-1.6567981878863733,-1.6291607061969202,-1.1327975432025355,-4.617770854626791,-4.890375677739279,0.5787290930747986,0.0,-0.0,0.0,0.0,0.0,0.0,0.0,0.0,0.0,0.0,0.0,0.0,1
1786037808,722345590,0.0,-1.6567981878863733,-1.6291969458209437,-1.132749382649557,-4.6177948156939905,-4.890399638806478,0.5787530541419983,0.0,-0.0,0.0,0.0,0.0,0.0,0.0,0.0,0.0,0.0,0.0,0.0,1
1786037808,742576122,0.0,-1.6567981878863733,-1.6291607061969202,-1.1328213850604456,-4.617770854626791,-4.890327755604879,0.5787290930747986,0.0,-0.0,0.0,0.0,0.0,0.0,0.0,0.0,0.0,0.0,0.0,0.0,1
1786037808,762436389,0.0,-1.6567981878863733,-1.6291726271258753,-1.1328094641314905,-4.6177828947650355,-4.890375677739279,0.5787530541419983,0.0,-0.0,0.0,0.0,0.0,0.0,0.0,0.0,0.0,0.0,0.0,0.0,1
1786037808,782530069,0.0,-1.6568101088153284,-1.6291726271258753,-1.1327737013446253,-4.6177948156939905,-4.890363637601034,0.5787410736083984,0.0,-0.0,0.0,0.0,0.0,0.0,0.0,0.0,0.0,0.0,0.0,0.0,1
1786037808,802451372,0.0,-1.6568458716021937,-1.6291487852679651,-1.1328213850604456,-4.617830816899435,-4.890363637601034,0.5787410736083984,0.0,-0.0,0.0,0.0,0.0,0.0,0.0,0.0,0.0,0.0,0.0,0.0,1
1786037808,822660207,0.0,-1.6567981878863733,-1.6291969458209437,-1.1328094641314905,-4.617830816899435,-4.890375677739279,0.5787051320075989,0.0,-0.0,0.0,0.0,0.0,0.0,0.0,0.0,0.0,0.0,0.0,0.0,1
1786037808,842532634,0.0,-1.6567981878863733,-1.6291850248919886,-1.1328094641314905,-4.61781877676119,-4.890351716672079,0.5787530541419983,0.0,-0.0,0.0,0.0,0.0,0.0,0.0,0.0,0.0,0.0,0.0,0.0,1
1786037808,862610578,0.0,-1.6567981878863733,-1.6291726271258753,-1.1328094641314905,-4.617758814488546,-4.890387598668234,0.5787290930747986,0.0,-0.0,0.0,0.0,0.0,0.0,0.0,0.0,0.0,0.0,0.0,0.0,1
1786037808,882340192,0.0,-1.6568458716021937,-1.629124943410055,-1.132749382649557,-4.6177948156939905,-4.890375677739279,0.5787650346755981,0.0,-0.0,0.0,0.0,0.0,0.0,0.0,0.0,0.0,0.0,0.0,0.0,1
1786037808,902581930,0.0,-1.6567981878863733,-1.6291607061969202,-1.1328094641314905,-4.61781877676119,-4.890375677739279,0.578777015209198,0.0,-0.0,0.0,0.0,0.0,0.0,0.0,0.0,0.0,0.0,0.0,0.0,1
1786037808,922374725,0.0,-1.6568458716021937,-1.6291850248919886,-1.1328094641314905,-4.6177948156939905,-4.890375677739279,0.5787650346755981,0.0,-0.0,0.0,0.0,0.0,0.0,0.0,0.0,0.0,0.0,0.0,0.0,1
1786037808,942577123,0.0,-1.6567981878863733,-1.6291850248919886,-1.1328213850604456,-4.61781877676119,-4.890351716672079,0.5787650346755981,0.0,-0.0,0.0,0.0,0.0,0.0,0.0,0.0,0.0,0.0,0.0,0.0,1
1786037808,962445497,0.0,-1.6568220297442835,-1.6291850248919886,-1.1327737013446253,-4.617758814488546,-4.890412036572592,0.578777015209198,0.0,-0.0,0.0,0.0,0.0,0.0,0.0,0.0,0.0,0.0,0.0,0.0,1
1786037808,982453823,0.0,-1.6568339506732386,-1.6291487852679651,-1.1328094641314905,-4.617770854626791,-4.890375677739279,0.5787171125411987,0.0,-0.0,0.0,0.0,0.0,0.0,0.0,0.0,0.0,0.0,0.0,0.0,1
1786037809,2429723,0.0,-1.656858269368307,-1.62913686433901,-1.1327856222735804,-4.617758814488546,-4.890399638806478,0.5787530541419983,0.0,-0.0,0.0,0.0,0.0,0.0,0.0,0.0,0.0,0.0,0.0,0.0,1
1786037809,22607803,0.0,-1.656858269368307,-1.6291607061969202,-1.1328213850604456,-4.6177948156939905,-4.890351716672079,0.5787889957427979,0.0,-0.0,0.0,0.0,0.0,0.0,0.0,0.0,0.0,0.0,0.0,0.0,1
1786037809,42392492,0.0,-1.6568220297442835,-1.6291969458209437,-1.1328094641314905,-4.617770854626791,-4.890387598668234,0.5787410736083984,0.0,-0.0,0.0,0.0,0.0,0.0,0.0,0.0,0.0,0.0,0.0,0.0,1
1786037809,62615394,0.0,-1.6568101088153284,-1.6291726271258753,-1.132761303578512,-4.61781877676119,-4.890339676533834,0.578777015209198,0.0,-0.0,0.0,0.0,0.0,0.0,0.0,0.0,0.0,0.0,0.0,0.0,1
1786037809,82351922,0.0,-1.656870190297262,-1.629244629536764,-1.1327975432025355,-4.617770854626791,-4.890363637601034,0.5787171125411987,0.0,-0.0,0.0,0.0,0.0,0.0,0.0,0.0,0.0,0.0,0.0,0.0,1
1786037809,102602481,0.0,-1.6567981878863733,-1.6291607061969202,-1.1327737013446253,-4.6177948156939905,-4.890327755604879,0.5787051320075989,0.0,-0.0,0.0,0.0,0.0,0.0,0.0,0.0,0.0,0.0,0.0,0.0,1
1786037809,122401237,0.0,-1.6568101088153284,-1.6292207876788538,-1.1328213850604456,-4.617770854626791,-4.890387598668234,0.5787290930747986,0.0,-0.0,0.0,0.0,0.0,0.0,0.0,0.0,0.0,0.0,0.0,0.0,1
1786037809,142513990,0.0,-1.6567500273333948,-1.6292207876788538,-1.1327975432025355,-4.617770854626791,-4.890351716672079,0.578777015209198,0.0,-0.0,0.0,0.0,0.0,0.0,0.0,0.0,0.0,0.0,0.0,0.0,1
1786037809,162449121,0.0,-1.6568101088153284,-1.6291969458209437,-1.1328094641314905,-4.6177948156939905,-4.890412036572592,0.5788009762763977,0.0,-0.0,0.0,0.0,0.0,0.0,0.0,0.0,0.0,0.0,0.0,0.0,1
1786037809,182408094,0.0,-1.6568458716021937,-1.6291726271258753,-1.1328333059894007,-4.6177828947650355,-4.890351716672079,0.5787171125411987,0.0,-0.0,0.0,0.0,0.0,0.0,0.0,0.0,0.0,0.0,0.0,0.0,1
1786037809,202450275,0.0,-1.6568220297442835,-1.6291487852679651,-1.1328094641314905,-4.617830816899435,-4.890363637601034,0.5787530541419983,0.0,-0.0,0.0,0.0,0.0,0.0,0.0,0.0,0.0,0.0,0.0,0.0,1
1786037809,222651481,0.0,-1.6568101088153284,-1.6292327086078089,-1.1328333059894007,-4.6177948156939905,-4.890387598668234,0.578777015209198,0.0,-0.0,0.0,0.0,0.0,0.0,0.0,0.0,0.0,0.0,0.0,0.0,1
1786037809,242439270,0.0,-1.6568339506732386,-1.6291487852679651,-1.1327856222735804,-4.617806855832235,-4.890387598668234,0.5788009762763977,0.0,-0.0,0.0,0.0,0.0,0.0,0.0,0.0,0.0,0.0,0.0,0.0,1
1786037809,262462377,0.0,-1.656870190297262,-1.6291850248919886,-1.1327975432025355,-4.6177948156939905,-4.890327755604879,0.5787171125411987,0.0,-0.0,0.0,0.0,0.0,0.0,0.0,0.0,0.0,0.0,0.0,0.0,1
1786037809,282393455,0.0,-1.6568101088153284,-1.6291487852679651,-1.1328333059894007,-4.617830816899435,-4.890375677739279,0.5787410736083984,0.0,-0.0,0.0,0.0,0.0,0.0,0.0,0.0,0.0,0.0,0.0,0.0,1
1786037809,302603006,0.0,-1.6568101088153284,-1.6291726271258753,-1.1328333059894007,-4.617770854626791,-4.890375677739279,0.5787290930747986,0.0,-0.0,0.0,0.0,0.0,0.0,0.0,0.0,0.0,0.0,0.0,0.0,1
1786037809,322418928,0.0,-1.6568101088153284,-1.6291850248919886,-1.1328213850604456,-4.6177948156939905,-4.890412036572592,0.5787290930747986,0.0,-0.0,0.0,0.0,0.0,0.0,0.0,0.0,0.0,0.0,0.0,0.0,1
1786037809,342505693,0.0,-1.6568101088153284,-1.629124943410055,-1.1327856222735804,-4.617770854626791,-4.890375677739279,0.5787889957427979,0.0,-0.0,0.0,0.0,0.0,0.0,0.0,0.0,0.0,0.0,0.0,0.0,1
1786037809,362374067,0.0,-1.6567743460284632,-1.6291969458209437,-1.1327975432025355,-4.617806855832235,-4.890399638806478,0.578777015209198,0.0,-0.0,0.0,0.0,0.0,0.0,0.0,0.0,0.0,0.0,0.0,0.0,1
1786037809,382586956,0.0,-1.6568220297442835,-1.62913686433901,-1.1328094641314905,-4.617806855832235,-4.890375677739279,0.5787530541419983,0.0,-0.0,0.0,0.0,0.0,0.0,0.0,0.0,0.0,0.0,0.0,0.0,1
1786037809,402408361,0.0,-1.6568101088153284,-1.6291607061969202,-1.1327975432025355,-4.617770854626791,-4.890327755604879,0.5787650346755981,0.0,-0.0,0.0,0.0,0.0,0.0,0.0,0.0,0.0,0.0,0.0,0.0,1
1786037809,422574520,0.0,-1.656870190297262,-1.6291969458209437,-1.1328094641314905,-4.6177948156939905,-4.890363637601034,0.5787410736083984,0.0,-0.0,0.0,0.0,0.0,0.0,0.0,0.0,0.0,0.0,0.0,0.0,1
1786037809,442361593,0.0,-1.6568458716021937,-1.6291607061969202,-1.1328094641314905,-4.6177828947650355,-4.890375677739279,0.5787410736083984,0.0,-0.0,0.0,0.0,0.0,0.0,0.0,0.0,0.0,0.0,0.0,0.0,1
1786037809,462617397,0.0,-1.6568101088153284,-1.6291969458209437,-1.1328333059894007,-4.61784273782839,-4.890387598668234,0.5787410736083984,0.0,-0.0,0.0,0.0,0.0,0.0,0.0,0.0,0.0,0.0,0.0,0.0,1
1786037809,482363939,0.0,-1.6568339506732386,-1.6291487852679651,-1.1328333059894007,-4.6177828947650355,-4.890412036572592,0.5787171125411987,0.0,-0.0,0.0,0.0,0.0,0.0,0.0,0.0,0.0,0.0,0.0,0.0,1
1786037809,502654314,0.0,-1.6568339506732386,-1.6291726271258753,-1.1328452269183558,-4.61784273782839,-4.890399638806478,0.578777015209198,0.0,-0.0,0.0,0.0,0.0,0.0,0.0,0.0,0.0,0.0,0.0,0.0,1
1786037809,522420406,0.0,-1.656858269368307,-1.6292088667498987,-1.1328333059894007,-4.6177948156939905,-4.890375677739279,0.578777015209198,0.0,-0.0,0.0,0.0,0.0,0.0,0.0,0.0,0.0,0.0,0.0,0.0,1
1786037809,542575597,0.0,-1.6568339506732386,-1.629124943410055,-1.1327975432025355,-4.6177348534213465,-4.890399638806478,0.5787530541419983,0.0,-0.0,0.0,0.0,0.0,0.0,0.0,0.0,0.0,0.0,0.0,0.0,1
1786037809,562379837,0.0,-1.65676194826235,-1.6291487852679651,-1.1327975432025355,-4.617770854626791,-4.890351716672079,0.5787410736083984,0.0,-0.0,0.0,0.0,0.0,0.0,0.0,0.0,0.0,0.0,0.0,0.0,1
1786037809,582603454,0.0,-1.6568220297442835,-1.6291726271258753,-1.132761303578512,-4.617806855832235,-4.890363637601034,0.5787889957427979,0.0,-0.0,0.0,0.0,0.0,0.0,0.0,0.0,0.0,0.0,0.0,0.0,1
1786037809,602391958,0.0,-1.6568220297442835,-1.6291726271258753,-1.1327975432025355,-4.6177828947650355,-4.890375677739279,0.5787051320075989,0.0,-0.0,0.0,0.0,0.0,0.0,0.0,0.0,0.0,0.0,0.0,0.0,1
1786037809,622456789,0.0,-1.6567981878863733,-1.6291850248919886,-1.1328333059894007,-4.6177828947650355,-4.890351716672079,0.5786811709403992,0.0,-0.0,0.0,0.0,0.0,0.0,0.0,0.0,0.0,0.0,0.0,0.0,1
1786037809,642399072,0.0,-1.6568101088153284,-1.6292088667498987,-1.1327856222735804,-4.6177948156939905,-4.890399638806478,0.5787171125411987,0.0,-0.0,0.0,0.0,0.0,0.0,0.0,0.0,0.0,0.0,0.0,0.0,1
1786037809,662690401,0.0,-1.6568220297442835,-1.6291850248919886,-1.1328094641314905,-4.61781877676119,-4.890399638806478,0.5787410736083984,0.0,-0.0,0.0,0.0,0.0,0.0,0.0,0.0,0.0,0.0,0.0,0.0,1
1786037809,682401180,0.0,-1.6568339506732386,-1.6291607061969202,-1.1327975432025355,-4.6177948156939905,-4.890363637601034,0.5787530541419983,0.0,-0.0,0.0,0.0,0.0,0.0,0.0,0.0,0.0,0.0,0.0,0.0,1
1786037809,702527999,0.0,-1.6568220297442835,-1.629124943410055,-1.1327856222735804,-4.6177948156939905,-4.890387598668234,0.5787290930747986,0.0,-0.0,0.0,0.0,0.0,0.0,0.0,0.0,0.0,0.0,0.0,0.0,1
1786037809,722462415,0.0,-1.6568339506732386,-1.6291726271258753,-1.132749382649557,-4.617758814488546,-4.890399638806478,0.578777015209198,0.0,-0.0,0.0,0.0,0.0,0.0,0.0,0.0,0.0,0.0,0.0,0.0,1
1786037809,742628574,0.0,-1.6567862669574183,-1.6291969458209437,-1.1327856222735804,-4.6177828947650355,-4.890351716672079,0.5787171125411987,0.0,-0.0,0.0,0.0,0.0,0.0,0.0,0.0,0.0,0.0,0.0,0.0,1
1786037809,762452363,0.0,-1.6568339506732386,-1.6291607061969202,-1.132761303578512,-4.617770854626791,-4.890351716672079,0.5787171125411987,0.0,-0.0,0.0,0.0,0.0,0.0,0.0,0.0,0.0,0.0,0.0,0.0,1
1786037809,782519578,0.0,-1.6568101088153284,-1.6291607061969202,-1.1328333059894007,-4.617854777966635,-4.890351716672079,0.5787530541419983,0.0,-0.0,0.0,0.0,0.0,0.0,0.0,0.0,0.0,0.0,0.0,0.0,1
1786037809,802373170,0.0,-1.6568101088153284,-1.6291487852679651,-1.1327975432025355,-4.617770854626791,-4.890363637601034,0.5788009762763977,0.0,-0.0,0.0,0.0,0.0,0.0,0.0,0.0,0.0,0.0,0.0,0.0,1
1786037809,822590112,0.0,-1.6568825880633753,-1.6292088667498987,-1.1328333059894007,-4.617806855832235,-4.890399638806478,0.578693151473999,0.0,-0.0,0.0,0.0,0.0,0.0,0.0,0.0,0.0,0.0,0.0,0.0,1
1786037809,842375993,0.0,-1.6568220297442835,-1.6291850248919886,-1.1328213850604456,-4.617806855832235,-4.890351716672079,0.5787889957427979,0.0,-0.0,0.0,0.0,0.0,0.0,0.0,0.0,0.0,0.0,0.0,0.0,1
1786037809,862514972,0.0,-1.6568101088153284,-1.6291726271258753,-1.1328213850604456,-4.617770854626791,-4.890412036572592,0.5787530541419983,0.0,-0.0,0.0,0.0,0.0,0.0,0.0,0.0,0.0,0.0,0.0,0.0,1
1786037809,882461786,0.0,-1.6568220297442835,-1.6291607061969202,-1.1328094641314905,-4.617806855832235,-4.890399638806478,0.5787530541419983,0.0,-0.0,0.0,0.0,0.0,0.0,0.0,0.0,0.0,0.0,0.0,0.0,1
1786037809,902632951,0.0,-1.6568220297442835,-1.6291726271258753,-1.1328094641314905,-4.617758814488546,-4.890375677739279,0.5787889957427979,0.0,-0.0,0.0,0.0,0.0,0.0,0.0,0.0,0.0,0.0,0.0,0.0,1
1786037809,922415256,0.0,-1.6567743460284632,-1.6292088667498987,-1.1328333059894007,-4.617806855832235,-4.890387598668234,0.5788009762763977,0.0,-0.0,0.0,0.0,0.0,0.0,0.0,0.0,0.0,0.0,0.0,0.0,1
1786037809,942514896,0.0,-1.6568339506732386,-1.6292088667498987,-1.1327737013446253,-4.6177828947650355,-4.890351716672079,0.5787889957427979,0.0,-0.0,0.0,0.0,0.0,0.0,0.0,0.0,0.0,0.0,0.0,0.0,1
1786037809,962354660,0.0,-1.6567862669574183,-1.6292327086078089,-1.1327856222735804,-4.61784273782839,-4.890399638806478,0.5787290930747986,0.0,-0.0,0.0,0.0,0.0,0.0,0.0,0.0,0.0,0.0,0.0,0.0,1
1786037809,982628107,0.0,-1.6568458716021937,-1.6291850248919886,-1.1327856222735804,-4.6177828947650355,-4.890363637601034,0.5787530541419983,0.0,-0.0,0.0,0.0,0.0,0.0,0.0,0.0,0.0,0.0,0.0,0.0,1
1786037810,2363204,0.0,-1.6568458716021937,-1.6292088667498987,-1.1327856222735804,-4.6177948156939905,-4.890375677739279,0.5787530541419983,0.0,-0.0,0.0,0.0,0.0,0.0,0.0,0.0,0.0,0.0,0.0,0.0,1
1786037810,22492885,0.0,-1.6567981878863733,-1.6291607061969202,-1.1327856222735804,-4.6177948156939905,-4.890387598668234,0.578693151473999,0.0,-0.0,0.0,0.0,0.0,0.0,0.0,0.0,0.0,0.0,0.0,0.0,1
1786037810,42397737,0.0,-1.6568101088153284,-1.6291969458209437,-1.132749382649557,-4.617806855832235,-4.890351716672079,0.5787410736083984,0.0,-0.0,0.0,0.0,0.0,0.0,0.0,0.0,0.0,0.0,0.0,0.0,1
1786037810,62503337,0.0,-1.6568220297442835,-1.6291850248919886,-1.1328333059894007,-4.6177828947650355,-4.890399638806478,0.5787889957427979,0.0,-0.0,0.0,0.0,0.0,0.0,0.0,0.0,0.0,0.0,0.0,0.0,1
1786037810,82629203,0.0,-1.656858269368307,-1.6291607061969202,-1.1328094641314905,-4.617746893559591,-4.890351716672079,0.5787889957427979,0.0,-0.0,0.0,0.0,0.0,0.0,0.0,0.0,0.0,0.0,0.0,0.0,1
1786037810,102630376,0.0,-1.6567862669574183,-1.6291850248919886,-1.1327856222735804,-4.6177828947650355,-4.890375677739279,0.5787650346755981,0.0,-0.0,0.0,0.0,0.0,0.0,0.0,0.0,0.0,0.0,0.0,0.0,1
1786037810,122372388,0.0,-1.6568339506732386,-1.6291487852679651,-1.1327975432025355,-4.6177948156939905,-4.890387598668234,0.578777015209198,0.0,-0.0,0.0,0.0,0.0,0.0,0.0,0.0,0.0,0.0,0.0,0.0,1
1786037810,142567873,0.0,-1.6568220297442835,-1.6291487852679651,-1.1327737013446253,-4.617806855832235,-4.890339676533834,0.5787650346755981,0.0,-0.0,0.0,0.0,0.0,0.0,0.0,0.0,0.0,0.0,0.0,0.0,1
1786037810,162392139,0.0,-1.656858269368307,-1.6291607061969202,-1.1328094641314905,-4.6177828947650355,-4.890363637601034,0.5787530541419983,0.0,-0.0,0.0,0.0,0.0,0.0,0.0,0.0,0.0,0.0,0.0,0.0,1
1786037810,182535886,0.0,-1.6568339506732386,-1.6291726271258753,-1.1327856222735804,-4.617758814488546,-4.890399638806478,0.578693151473999,0.0,-0.0,0.0,0.0,0.0,0.0,0.0,0.0,0.0,0.0,0.0,0.0,1
1786037810,202395439,0.0,-1.6568458716021937,-1.6291726271258753,-1.1328094641314905,-4.617770854626791,-4.890363637601034,0.5787171125411987,0.0,-0.0,0.0,0.0,0.0,0.0,0.0,0.0,0.0,0.0,0.0,0.0,1
1786037810,222630500,0.0,-1.6568339506732386,-1.6291850248919886,-1.1327737013446253,-4.6177948156939905,-4.890351716672079,0.5787290930747986,0.0,-0.0,0.0,0.0,0.0,0.0,0.0,0.0,0.0,0.0,0.0,0.0,1
1786037810,242396354,0.0,-1.6568101088153284,-1.6292088667498987,-1.1328094641314905,-4.6177948156939905,-4.890387598668234,0.5787530541419983,0.0,-0.0,0.0,0.0,0.0,0.0,0.0,0.0,0.0,0.0,0.0,0.0,1
1786037810,262461900,0.0,-1.6568101088153284,-1.6291726271258753,-1.1328333059894007,-4.617758814488546,-4.890375677739279,0.5787650346755981,0.0,-0.0,0.0,0.0,0.0,0.0,0.0,0.0,0.0,0.0,0.0,0.0,1
1786037810,282420158,0.0,-1.6568339506732386,-1.6291607061969202,-1.132761303578512,-4.617806855832235,-4.890339676533834,0.5787650346755981,0.0,-0.0,0.0,0.0,0.0,0.0,0.0,0.0,0.0,0.0,0.0,0.0,1
1786037810,302596807,0.0,-1.6568339506732386,-1.6291850248919886,-1.1327975432025355,-4.617806855832235,-4.890412036572592,0.5788009762763977,0.0,-0.0,0.0,0.0,0.0,0.0,0.0,0.0,0.0,0.0,0.0,0.0,1
1786037810,322337865,0.0,-1.6568101088153284,-1.6291487852679651,-1.1328333059894007,-4.617806855832235,-4.890375677739279,0.5787051320075989,0.0,-0.0,0.0,0.0,0.0,0.0,0.0,0.0,0.0,0.0,0.0,0.0,1
1786037810,342440843,0.0,-1.6568220297442835,-1.6292207876788538,-1.1327856222735804,-4.6177828947650355,-4.890351716672079,0.5787410736083984,0.0,-0.0,0.0,0.0,0.0,0.0,0.0,0.0,0.0,0.0,0.0,0.0,1
1786037810,362402200,0.0,-1.6568220297442835,-1.6291726271258753,-1.1328213850604456,-4.6177828947650355,-4.890351716672079,0.5787051320075989,0.0,-0.0,0.0,0.0,0.0,0.0,0.0,0.0,0.0,0.0,0.0,0.0,1
1786037810,382644176,0.0,-1.6568220297442835,-1.6292207876788538,-1.1328333059894007,-4.617806855832235,-4.890375677739279,0.5788009762763977,0.0,-0.0,0.0,0.0,0.0,0.0,0.0,0.0,0.0,0.0,0.0,0.0,1
1786037810,402421474,0.0,-1.6568220297442835,-1.6291850248919886,-1.132749382649557,-4.61784273782839,-4.890399638806478,0.5787410736083984,0.0,-0.0,0.0,0.0,0.0,0.0,0.0,0.0,0.0,0.0,0.0,0.0,1
1786037810,422527074,0.0,-1.6568339506732386,-1.6291850248919886,-1.1327737013446253,-4.617758814488546,-4.890363637601034,0.5787650346755981,0.0,-0.0,0.0,0.0,0.0,0.0,0.0,0.0,0.0,0.0,0.0,0.0,1
1786037810,442454099,0.0,-1.6567981878863733,-1.6292327086078089,-1.1328094641314905,-4.6177948156939905,-4.890399638806478,0.5787530541419983,0.0,-0.0,0.0,0.0,0.0,0.0,0.0,0.0,0.0,0.0,0.0,0.0,1
1786037810,462574243,0.0,-1.6567862669574183,-1.6291969458209437,-1.1328213850604456,-4.6177828947650355,-4.890375677739279,0.5787889957427979,0.0,-0.0,0.0,0.0,0.0,0.0,0.0,0.0,0.0,0.0,0.0,0.0,1
1786037810,482424020,0.0,-1.6568339506732386,-1.6292327086078089,-1.1328333059894007,-4.617830816899435,-4.890387598668234,0.5787530541419983,0.0,-0.0,0.0,0.0,0.0,0.0,0.0,0.0,0.0,0.0,0.0,0.0,1
1786037810,502602577,0.0,-1.6568101088153284,-1.6291487852679651,-1.132749382649557,-4.617770854626791,-4.890375677739279,0.5787410736083984,0.0,-0.0,0.0,0.0,0.0,0.0,0.0,0.0,0.0,0.0,0.0,0.0,1
1786037810,522381067,0.0,-1.6568101088153284,-1.629124943410055,-1.1328094641314905,-4.61781877676119,-4.890375677739279,0.5787290930747986,0.0,-0.0,0.0,0.0,0.0,0.0,0.0,0.0,0.0,0.0,0.0,0.0,1
1786037810,542623043,0.0,-1.656870190297262,-1.6291726271258753,-1.1328213850604456,-4.6177828947650355,-4.890339676533834,0.5787410736083984,0.0,-0.0,0.0,0.0,0.0,0.0,0.0,0.0,0.0,0.0,0.0,0.0,1
1786037810,562382698,0.0,-1.6568458716021937,-1.6291607061969202,-1.1327856222735804,-4.6177828947650355,-4.890387598668234,0.5787530541419983,0.0,-0.0,0.0,0.0,0.0,0.0,0.0,0.0,0.0,0.0,0.0,0.0,1
1786037810,582587718,0.0,-1.6568458716021937,-1.6291607061969202,-1.1328094641314905,-4.617806855832235,-4.890363637601034,0.5787290930747986,0.0,-0.0,0.0,0.0,0.0,0.0,0.0,0.0,0.0,0.0,0.0,0.0,1
1786037810,602374315,0.0,-1.6567743460284632,-1.6291607061969202,-1.1327975432025355,-4.617746893559591,-4.890387598668234,0.5787530541419983,0.0,-0.0,0.0,0.0,0.0,0.0,0.0,0.0,0.0,0.0,0.0,0.0,1
1786037810,622445583,0.0,-1.6568220297442835,-1.6291726271258753,-1.1328452269183558,-4.617830816899435,-4.890375677739279,0.5787530541419983,0.0,-0.0,0.0,0.0,0.0,0.0,0.0,0.0,0.0,0.0,0.0,0.0,1
1786037810,642412185,0.0,-1.6568101088153284,-1.6291726271258753,-1.1328094641314905,-4.6177948156939905,-4.890399638806478,0.5787290930747986,0.0,-0.0,0.0,0.0,0.0,0.0,0.0,0.0,0.0,0.0,0.0,0.0,1
1786037810,662566661,0.0,-1.656870190297262,-1.6291726271258753,-1.1328094641314905,-4.61784273782839,-4.890399638806478,0.5787530541419983,0.0,-0.0,0.0,0.0,0.0,0.0,0.0,0.0,0.0,0.0,0.0,0.0,1
1786037810,682428836,0.0,-1.6567743460284632,-1.6291969458209437,-1.132761303578512,-4.617758814488546,-4.890399638806478,0.578777015209198,0.0,-0.0,0.0,0.0,0.0,0.0,0.0,0.0,0.0,0.0,0.0,0.0,1
1786037810,702520608,0.0,-1.65676194826235,-1.6291726271258753,-1.132761303578512,-4.617770854626791,-4.890327755604879,0.5787889957427979,0.0,-0.0,0.0,0.0,0.0,0.0,0.0,0.0,0.0,0.0,0.0,0.0,1
1786037810,722411632,0.0,-1.6567981878863733,-1.6291850248919886,-1.132761303578512,-4.6177948156939905,-4.890351716672079,0.5787410736083984,0.0,-0.0,0.0,0.0,0.0,0.0,0.0,0.0,0.0,0.0,0.0,0.0,1
1786037810,742605924,0.0,-1.6567743460284632,-1.6291726271258753,-1.1328094641314905,-4.617806855832235,-4.890363637601034,0.5787530541419983,0.0,-0.0,0.0,0.0,0.0,0.0,0.0,0.0,0.0,0.0,0.0,0.0,1
1786037810,762399196,0.0,-1.6568220297442835,-1.6292088667498987,-1.1327737013446253,-4.61781877676119,-4.890339676533834,0.5787530541419983,0.0,-0.0,0.0,0.0,0.0,0.0,0.0,0.0,0.0,0.0,0.0,0.0,1
1786037810,782550573,0.0,-1.6568220297442835,-1.6291726271258753,-1.1327856222735804,-4.617758814488546,-4.890363637601034,0.5787171125411987,0.0,-0.0,0.0,0.0,0.0,0.0,0.0,0.0,0.0,0.0,0.0,0.0,1
1786037810,802341938,0.0,-1.656858269368307,-1.6291607061969202,-1.1328094641314905,-4.61781877676119,-4.890387598668234,0.5787290930747986,0.0,-0.0,0.0,0.0,0.0,0.0,0.0,0.0,0.0,0.0,0.0,0.0,1
1786037810,822515010,0.0,-1.6567500273333948,-1.6291969458209437,-1.1328213850604456,-4.617806855832235,-4.890351716672079,0.5787410736083984,0.0,-0.0,0.0,0.0,0.0,0.0,0.0,0.0,0.0,0.0,0.0,0.0,1
1786037810,842401981,0.0,-1.6568220297442835,-1.6291969458209437,-1.1328213850604456,-4.617758814488546,-4.890339676533834,0.5787290930747986,0.0,-0.0,0.0,0.0,0.0,0.0,0.0,0.0,0.0,0.0,0.0,0.0,1
1786037810,862508058,0.0,-1.6568220297442835,-1.6291607061969202,-1.1328094641314905,-4.6177828947650355,-4.890375677739279,0.578777015209198,0.0,-0.0,0.0,0.0,0.0,0.0,0.0,0.0,0.0,0.0,0.0,0.0,1
1786037810,882413864,0.0,-1.6568339506732386,-1.6291607061969202,-1.1327856222735804,-4.6177948156939905,-4.890375677739279,0.5787171125411987,0.0,-0.0,0.0,0.0,0.0,0.0,0.0,0.0,0.0,0.0,0.0,0.0,1
1786037810,902645826,0.0,-1.6568458716021937,-1.62913686433901,-1.1327975432025355,-4.6177828947650355,-4.890399638806478,0.5787290930747986,0.0,-0.0,0.0,0.0,0.0,0.0,0.0,0.0,0.0,0.0,0.0,0.0,1
1786037810,922371864,0.0,-1.65676194826235,-1.6291969458209437,-1.1327975432025355,-4.617770854626791,-4.890375677739279,0.5787290930747986,0.0,-0.0,0.0,0.0,0.0,0.0,0.0,0.0,0.0,0.0,0.0,0.0,1
1786037810,942586660,0.0,-1.6568458716021937,-1.62913686433901,-1.1328094641314905,-4.61781877676119,-4.890423957501547,0.5787410736083984,0.0,-0.0,0.0,0.0,0.0,0.0,0.0,0.0,0.0,0.0,0.0,0.0,1
1786037810,962360858,0.0,-1.656870190297262,-1.6291850248919886,-1.1328213850604456,-4.6177828947650355,-4.890375677739279,0.5787290930747986,0.0,-0.0,0.0,0.0,0.0,0.0,0.0,0.0,0.0,0.0,0.0,0.0,1
1786037810,982585430,0.0,-1.6568101088153284,-1.6291726271258753,-1.1328333059894007,-4.6177948156939905,-4.890387598668234,0.5787290930747986,0.0,-0.0,0.0,0.0,0.0,0.0,0.0,0.0,0.0,0.0,0.0,0.0,1
1786037811,2343177,0.0,-1.6568339506732386,-1.6291607061969202,-1.132761303578512,-4.6177948156939905,-4.890339676533834,0.5787410736083984,0.0,-0.0,0.0,0.0,0.0,0.0,0.0,0.0,0.0,0.0,0.0,0.0,1
1786037811,22572040,0.0,-1.6567981878863733,-1.6291726271258753,-1.1328333059894007,-4.6177948156939905,-4.890387598668234,0.5787171125411987,0.0,-0.0,0.0,0.0,0.0,0.0,0.0,0.0,0.0,0.0,0.0,0.0,1
1786037811,42402267,0.0,-1.6567743460284632,-1.6292088667498987,-1.1327737013446253,-4.6177828947650355,-4.890435997639791,0.5787290930747986,0.0,-0.0,0.0,0.0,0.0,0.0,0.0,0.0,0.0,0.0,0.0,0.0,1
1786037811,62531471,0.0,-1.6567981878863733,-1.6292088667498987,-1.1327975432025355,-4.6177948156939905,-4.890375677739279,0.5787530541419983,0.0,-0.0,0.0,0.0,0.0,0.0,0.0,0.0,0.0,0.0,0.0,0.0,1
1786037811,82685708,0.0,-1.6568458716021937,-1.6292327086078089,-1.1328094641314905,-4.617770854626791,-4.890387598668234,0.5787410736083984,0.0,-0.0,0.0,0.0,0.0,0.0,0.0,0.0,0.0,0.0,0.0,0.0,1
1786037811,102439165,0.0,-1.6568458716021937,-1.6291726271258753,-1.1328213850604456,-4.6177828947650355,-4.890399638806478,0.5787410736083984,0.0,-0.0,0.0,0.0,0.0,0.0,0.0,0.0,0.0,0.0,0.0,0.0,1
1786037811,122388839,0.0,-1.6567743460284632,-1.6292327086078089,-1.1328213850604456,-4.617770854626791,-4.890363637601034,0.5787171125411987,0.0,-0.0,0.0,0.0,0.0,0.0,0.0,0.0,0.0,0.0,0.0,0.0,1
1786037811,142539262,0.0,-1.6567981878863733,-1.6291487852679651,-1.1327975432025355,-4.61781877676119,-4.890375677739279,0.5787290930747986,0.0,-0.0,0.0,0.0,0.0,0.0,0.0,0.0,0.0,0.0,0.0,0.0,1
1786037811,162370920,0.0,-1.6568220297442835,-1.6291726271258753,-1.1327856222735804,-4.617770854626791,-4.890351716672079,0.5787530541419983,0.0,-0.0,0.0,0.0,0.0,0.0,0.0,0.0,0.0,0.0,0.0,0.0,1
1786037811,182640075,0.0,-1.6568339506732386,-1.6292327086078089,-1.1327975432025355,-4.61784273782839,-4.890435997639791,0.5788249969482422,0.0,-0.0,0.0,0.0,0.0,0.0,0.0,0.0,0.0,0.0,0.0,0.0,1
1786037811,202444553,0.0,-1.6567981878863733,-1.6291607061969202,-1.132761303578512,-4.617770854626791,-4.890351716672079,0.5787171125411987,0.0,-0.0,0.0,0.0,0.0,0.0,0.0,0.0,0.0,0.0,0.0,0.0,1
1786037811,222576856,0.0,-1.6568339506732386,-1.62913686433901,-1.1327856222735804,-4.617758814488546,-4.890412036572592,0.5787171125411987,0.0,-0.0,0.0,0.0,0.0,0.0,0.0,0.0,0.0,0.0,0.0,0.0,1
1786037811,242348194,0.0,-1.6567862669574183,-1.6291726271258753,-1.1328094641314905,-4.617806855832235,-4.890363637601034,0.578693151473999,0.0,-0.0,0.0,0.0,0.0,0.0,0.0,0.0,0.0,0.0,0.0,0.0,1
1786037811,262726068,0.0,-1.6568101088153284,-1.6292088667498987,-1.1328213850604456,-4.6177828947650355,-4.890387598668234,0.5787410736083984,0.0,-0.0,0.0,0.0,0.0,0.0,0.0,0.0,0.0,0.0,0.0,0.0,1
1786037811,282373189,0.0,-1.6568101088153284,-1.6291607061969202,-1.1328695456134241,-4.617806855832235,-4.890375677739279,0.5787290930747986,0.0,-0.0,0.0,0.0,0.0,0.0,0.0,0.0,0.0,0.0,0.0,0.0,1
1786037811,302557468,0.0,-1.6568101088153284,-1.6291487852679651,-1.1328094641314905,-4.617770854626791,-4.890375677739279,0.5787171125411987,0.0,-0.0,0.0,0.0,0.0,0.0,0.0,0.0,0.0,0.0,0.0,0.0,1
1786037811,322509765,0.0,-1.6568339506732386,-1.62913686433901,-1.1328094641314905,-4.617758814488546,-4.890399638806478,0.5787530541419983,0.0,-0.0,0.0,0.0,0.0,0.0,0.0,0.0,0.0,0.0,0.0,0.0,1
1786037811,342585563,0.0,-1.6568458716021937,-1.6291487852679651,-1.1327975432025355,-4.6177828947650355,-4.890351716672079,0.578777015209198,0.0,-0.0,0.0,0.0,0.0,0.0,0.0,0.0,0.0,0.0,0.0,0.0,1
1786037811,362421035,0.0,-1.6568220297442835,-1.6291969458209437,-1.132761303578512,-4.617806855832235,-4.890351716672079,0.5787530541419983,0.0,-0.0,0.0,0.0,0.0,0.0,0.0,0.0,0.0,0.0,0.0,0.0,1
1786037811,382605075,0.0,-1.6568339506732386,-1.6291726271258753,-1.1328094641314905,-4.61781877676119,-4.890387598668234,0.5787290930747986,0.0,-0.0,0.0,0.0,0.0,0.0,0.0,0.0,0.0,0.0,0.0,0.0,1
1786037811,402397632,0.0,-1.6568339506732386,-1.6291726271258753,-1.1327975432025355,-4.617770854626791,-4.890423957501547,0.5787290930747986,0.0,-0.0,0.0,0.0,0.0,0.0,0.0,0.0,0.0,0.0,0.0,0.0,1
1786037811,422585487,0.0,-1.6567862669574183,-1.6291850248919886,-1.1327856222735804,-4.617770854626791,-4.890387598668234,0.5787290930747986,0.0,-0.0,0.0,0.0,0.0,0.0,0.0,0.0,0.0,0.0,0.0,0.0,1
1786037811,442429780,0.0,-1.6568339506732386,-1.6291726271258753,-1.1328094641314905,-4.617806855832235,-4.890387598668234,0.578693151473999,0.0,-0.0,0.0,0.0,0.0,0.0,0.0,0.0,0.0,0.0,0.0,0.0,1
1786037811,462573766,0.0,-1.6568458716021937,-1.6291487852679651,-1.1328452269183558,-4.617806855832235,-4.890351716672079,0.5787410736083984,0.0,-0.0,0.0,0.0,0.0,0.0,0.0,0.0,0.0,0.0,0.0,0.0,1
1786037811,482614278,0.0,-1.6568101088153284,-1.6291726271258753,-1.1327856222735804,-4.6177828947650355,-4.890387598668234,0.5787650346755981,0.0,-0.0,0.0,0.0,0.0,0.0,0.0,0.0,0.0,0.0,0.0,0.0,1
1786037811,502504348,0.0,-1.6568339506732386,-1.6291487852679651,-1.1327975432025355,-4.617770854626791,-4.890351716672079,0.5787410736083984,0.0,-0.0,0.0,0.0,0.0,0.0,0.0,0.0,0.0,0.0,0.0,0.0,1
1786037811,522454738,0.0,-1.6567743460284632,-1.6291850248919886,-1.1327856222735804,-4.617806855832235,-4.890375677739279,0.5787410736083984,0.0,-0.0,0.0,0.0,0.0,0.0,0.0,0.0,0.0,0.0,0.0,0.0,1
1786037811,542615413,0.0,-1.6568339506732386,-1.6291607061969202,-1.1328213850604456,-4.6177828947650355,-4.890412036572592,0.5787410736083984,0.0,-0.0,0.0,0.0,0.0,0.0,0.0,0.0,0.0,0.0,0.0,0.0,1
1786037811,562431335,0.0,-1.6568101088153284,-1.6291850248919886,-1.1328333059894007,-4.617770854626791,-4.890351716672079,0.5787530541419983,0.0,-0.0,0.0,0.0,0.0,0.0,0.0,0.0,0.0,0.0,0.0,0.0,1
1786037811,582647800,0.0,-1.6568339506732386,-1.629124943410055,-1.1328094641314905,-4.6177828947650355,-4.890363637601034,0.5787410736083984,0.0,-0.0,0.0,0.0,0.0,0.0,0.0,0.0,0.0,0.0,0.0,0.0,1
1786037811,602433204,0.0,-1.6568458716021937,-1.6291850248919886,-1.1327737013446253,-4.6177828947650355,-4.890375677739279,0.5787171125411987,0.0,-0.0,0.0,0.0,0.0,0.0,0.0,0.0,0.0,0.0,0.0,0.0,1
1786037811,622667789,0.0,-1.6568101088153284,-1.6291726271258753,-1.1328452269183558,-4.6177948156939905,-4.890363637601034,0.5787051320075989,0.0,-0.0,0.0,0.0,0.0,0.0,0.0,0.0,0.0,0.0,0.0,0.0,1
1786037811,642526865,0.0,-1.6568458716021937,-1.6292207876788538,-1.132749382649557,-4.617854777966635,-4.890339676533834,0.5787290930747986,0.0,-0.0,0.0,0.0,0.0,0.0,0.0,0.0,0.0,0.0,0.0,0.0,1
1786037811,662579298,0.0,-1.6568339506732386,-1.6291607061969202,-1.1328094641314905,-4.6177828947650355,-4.890351716672079,0.5788009762763977,0.0,-0.0,0.0,0.0,0.0,0.0,0.0,0.0,0.0,0.0,0.0,0.0,1
1786037811,682546138,0.0,-1.6568339506732386,-1.6291607061969202,-1.1328094641314905,-4.6177948156939905,-4.890399638806478,0.5787530541419983,0.0,-0.0,0.0,0.0,0.0,0.0,0.0,0.0,0.0,0.0,0.0,0.0,1
1786037811,702632427,0.0,-1.6568220297442835,-1.6292088667498987,-1.1327975432025355,-4.617806855832235,-4.890412036572592,0.5787290930747986,0.0,-0.0,0.0,0.0,0.0,0.0,0.0,0.0,0.0,0.0,0.0,0.0,1
1786037811,722376346,0.0,-1.6567862669574183,-1.6291487852679651,-1.1328094641314905,-4.617830816899435,-4.890363637601034,0.5787650346755981,0.0,-0.0,0.0,0.0,0.0,0.0,0.0,0.0,0.0,0.0,0.0,0.0,1
1786037811,742570400,0.0,-1.6568101088153284,-1.6291607061969202,-1.1327737013446253,-4.617770854626791,-4.890399638806478,0.5787051320075989,0.0,-0.0,0.0,0.0,0.0,0.0,0.0,0.0,0.0,0.0,0.0,0.0,1
1786037811,762386798,0.0,-1.6568339506732386,-1.6291607061969202,-1.1328213850604456,-4.6177828947650355,-4.890375677739279,0.5788009762763977,0.0,-0.0,0.0,0.0,0.0,0.0,0.0,0.0,0.0,0.0,0.0,0.0,1
1786037811,782670259,0.0,-1.656870190297262,-1.6291487852679651,-1.1327975432025355,-4.617758814488546,-4.890327755604879,0.5787410736083984,0.0,-0.0,0.0,0.0,0.0,0.0,0.0,0.0,0.0,0.0,0.0,0.0,1
1786037811,802383184,0.0,-1.6568339506732386,-1.6291726271258753,-1.1327856222735804,-4.617770854626791,-4.890387598668234,0.5787171125411987,0.0,-0.0,0.0,0.0,0.0,0.0,0.0,0.0,0.0,0.0,0.0,0.0,1
1786037811,822636604,0.0,-1.6567981878863733,-1.6291850248919886,-1.1327737013446253,-4.61781877676119,-4.890375677739279,0.5787290930747986,0.0,-0.0,0.0,0.0,0.0,0.0,0.0,0.0,0.0,0.0,0.0,0.0,1
1786037811,842412710,0.0,-1.6568339506732386,-1.6291969458209437,-1.1328094641314905,-4.617806855832235,-4.890339676533834,0.5787171125411987,0.0,-0.0,0.0,0.0,0.0,0.0,0.0,0.0,0.0,0.0,0.0,0.0,1
1786037811,862532138,0.0,-1.6567862669574183,-1.62913686433901,-1.1328094641314905,-4.617806855832235,-4.890351716672079,0.5787530541419983,0.0,-0.0,0.0,0.0,0.0,0.0,0.0,0.0,0.0,0.0,0.0,0.0,1
1786037811,882448673,0.0,-1.656858269368307,-1.6291726271258753,-1.1327975432025355,-4.617806855832235,-4.890387598668234,0.5787650346755981,0.0,-0.0,0.0,0.0,0.0,0.0,0.0,0.0,0.0,0.0,0.0,0.0,1
1786037811,902608871,0.0,-1.6568339506732386,-1.629124943410055,-1.1328213850604456,-4.6177828947650355,-4.890375677739279,0.5787171125411987,0.0,-0.0,0.0,0.0,0.0,0.0,0.0,0.0,0.0,0.0,0.0,0.0,1
1786037811,922399520,0.0,-1.6568220297442835,-1.6291011015521448,-1.1328213850604456,-4.6177948156939905,-4.890387598668234,0.5787410736083984,0.0,-0.0,0.0,0.0,0.0,0.0,0.0,0.0,0.0,0.0,0.0,0.0,1
1786037811,942560195,0.0,-1.6568220297442835,-1.6292088667498987,-1.1327975432025355,-4.61781877676119,-4.890387598668234,0.5787650346755981,0.0,-0.0,0.0,0.0,0.0,0.0,0.0,0.0,0.0,0.0,0.0,0.0,1
1786037811,962316274,0.0,-1.6568101088153284,-1.6291850248919886,-1.132761303578512,-4.617806855832235,-4.890363637601034,0.5788009762763977,0.0,-0.0,0.0,0.0,0.0,0.0,0.0,0.0,0.0,0.0,0.0,0.0,1
1786037811,982611656,0.0,-1.656858269368307,-1.629124943410055,-1.1327856222735804,-4.617830816899435,-4.890387598668234,0.578777015209198,0.0,-0.0,0.0,0.0,0.0,0.0,0.0,0.0,0.0,0.0,0.0,0.0,1
1786037812,2382755,0.0,-1.656858269368307,-1.62913686433901,-1.1327975432025355,-4.617830816899435,-4.890375677739279,0.5787530541419983,0.0,-0.0,0.0,0.0,0.0,0.0,0.0,0.0,0.0,0.0,0.0,0.0,1
1786037812,22553205,0.0,-1.656858269368307,-1.6291850248919886,-1.1328094641314905,-4.617770854626791,-4.890375677739279,0.578777015209198,0.0,-0.0,0.0,0.0,0.0,0.0,0.0,0.0,0.0,0.0,0.0,0.0,1
1786037812,42622566,0.0,-1.6568339506732386,-1.6291607061969202,-1.1327856222735804,-4.6177948156939905,-4.890399638806478,0.5787290930747986,0.0,-0.0,0.0,0.0,0.0,0.0,0.0,0.0,0.0,0.0,0.0,0.0,1
1786037812,62603473,0.0,-1.6568220297442835,-1.6291607061969202,-1.1328094641314905,-4.617806855832235,-4.890399638806478,0.5787410736083984,0.0,-0.0,0.0,0.0,0.0,0.0,0.0,0.0,0.0,0.0,0.0,0.0,1
1786037812,82387208,0.0,-1.6567981878863733,-1.6291969458209437,-1.1328094641314905,-4.6177948156939905,-4.890399638806478,0.5787290930747986,0.0,-0.0,0.0,0.0,0.0,0.0,0.0,0.0,0.0,0.0,0.0,0.0,1
1786037812,102522373,0.0,-1.6567862669574183,-1.6291850248919886,-1.1327975432025355,-4.6177948156939905,-4.890375677739279,0.5787410736083984,0.0,-0.0,0.0,0.0,0.0,0.0,0.0,0.0,0.0,0.0,0.0,0.0,1
1786037812,122364997,0.0,-1.6568339506732386,-1.6292207876788538,-1.1328213850604456,-4.617806855832235,-4.890375677739279,0.5787171125411987,0.0,-0.0,0.0,0.0,0.0,0.0,0.0,0.0,0.0,0.0,0.0,0.0,1
1786037812,142618894,0.0,-1.6568101088153284,-1.6291726271258753,-1.1328333059894007,-4.6177828947650355,-4.890387598668234,0.5787530541419983,0.0,-0.0,0.0,0.0,0.0,0.0,0.0,0.0,0.0,0.0,0.0,0.0,1
1786037812,162366628,0.0,-1.6568220297442835,-1.629124943410055,-1.1328094641314905,-4.617758814488546,-4.890363637601034,0.5787410736083984,0.0,-0.0,0.0,0.0,0.0,0.0,0.0,0.0,0.0,0.0,0.0,0.0,1
1786037812,182527542,0.0,-1.6568101088153284,-1.6291607061969202,-1.1328094641314905,-4.61784273782839,-4.890375677739279,0.5787171125411987,0.0,-0.0,0.0,0.0,0.0,0.0,0.0,0.0,0.0,0.0,0.0,0.0,1
1786037812,202396154,0.0,-1.6568339506732386,-1.6291969458209437,-1.1328213850604456,-4.6177948156939905,-4.890375677739279,0.578777015209198,0.0,-0.0,0.0,0.0,0.0,0.0,0.0,0.0,0.0,0.0,0.0,0.0,1
1786037812,222529649,0.0,-1.6567981878863733,-1.6291607061969202,-1.132761303578512,-4.617758814488546,-4.890375677739279,0.5787530541419983,0.0,-0.0,0.0,0.0,0.0,0.0,0.0,0.0,0.0,0.0,0.0,0.0,1
1786037812,242528915,0.0,-1.6568101088153284,-1.6291487852679651,-1.1327856222735804,-4.617758814488546,-4.890375677739279,0.5787410736083984,0.0,-0.0,0.0,0.0,0.0,0.0,0.0,0.0,0.0,0.0,0.0,0.0,1
1786037812,262590408,0.0,-1.6568220297442835,-1.6291850248919886,-1.1328094641314905,-4.617830816899435,-4.890399638806478,0.5787530541419983,0.0,-0.0,0.0,0.0,0.0,0.0,0.0,0.0,0.0,0.0,0.0,0.0,1
1786037812,282458543,0.0,-1.656870190297262,-1.6291850248919886,-1.132761303578512,-4.617770854626791,-4.890399638806478,0.5787530541419983,0.0,-0.0,0.0,0.0,0.0,0.0,0.0,0.0,0.0,0.0,0.0,0.0,1
1786037812,302532434,0.0,-1.6568339506732386,-1.6292207876788538,-1.1328094641314905,-4.617806855832235,-4.890399638806478,0.5787530541419983,0.0,-0.0,0.0,0.0,0.0,0.0,0.0,0.0,0.0,0.0,0.0,0.0,1
1786037812,322363376,0.0,-1.6568220297442835,-1.6291487852679651,-1.1327737013446253,-4.617770854626791,-4.890387598668234,0.5787171125411987,0.0,-0.0,0.0,0.0,0.0,0.0,0.0,0.0,0.0,0.0,0.0,0.0,1
1786037812,342662572,0.0,-1.6568101088153284,-1.6291726271258753,-1.1328213850604456,-4.617758814488546,-4.890387598668234,0.5787530541419983,0.0,-0.0,0.0,0.0,0.0,0.0,0.0,0.0,0.0,0.0,0.0,0.0,1
1786037812,362392663,0.0,-1.6567981878863733,-1.62913686433901,-1.132761303578512,-4.617830816899435,-4.890363637601034,0.5787530541419983,0.0,-0.0,0.0,0.0,0.0,0.0,0.0,0.0,0.0,0.0,0.0,0.0,1
1786037812,382554292,0.0,-1.6567862669574183,-1.62913686433901,-1.1327737013446253,-4.617806855832235,-4.890375677739279,0.5787410736083984,0.0,-0.0,0.0,0.0,0.0,0.0,0.0,0.0,0.0,0.0,0.0,0.0,1
1786037812,402536392,0.0,-1.6568339506732386,-1.6292207876788538,-1.1328094641314905,-4.6177948156939905,-4.890387598668234,0.5787290930747986,0.0,-0.0,0.0,0.0,0.0,0.0,0.0,0.0,0.0,0.0,0.0,0.0,1
1786037812,422639131,0.0,-1.6568101088153284,-1.6291607061969202,-1.1327856222735804,-4.617806855832235,-4.890363637601034,0.5788009762763977,0.0,-0.0,0.0,0.0,0.0,0.0,0.0,0.0,0.0,0.0,0.0,0.0,1
1786037812,442406654,0.0,-1.6567862669574183,-1.6291850248919886,-1.1327737013446253,-4.617806855832235,-4.890412036572592,0.5787410736083984,0.0,-0.0,0.0,0.0,0.0,0.0,0.0,0.0,0.0,0.0,0.0,0.0,1
1786037812,462596893,0.0,-1.6568101088153284,-1.6291969458209437,-1.1327975432025355,-4.6177828947650355,-4.890351716672079,0.578777015209198,0.0,-0.0,0.0,0.0,0.0,0.0,0.0,0.0,0.0,0.0,0.0,0.0,1
1786037812,482393741,0.0,-1.6568220297442835,-1.62913686433901,-1.132761303578512,-4.6177948156939905,-4.890399638806478,0.5787051320075989,0.0,-0.0,0.0,0.0,0.0,0.0,0.0,0.0,0.0,0.0,0.0,0.0,1
1786037812,502630233,0.0,-1.6567981878863733,-1.6292207876788538,-1.1328333059894007,-4.61781877676119,-4.890423957501547,0.5787171125411987,0.0,-0.0,0.0,0.0,0.0,0.0,0.0,0.0,0.0,0.0,0.0,0.0,1
1786037812,522383928,0.0,-1.6567981878863733,-1.6291487852679651,-1.1328213850604456,-4.617770854626791,-4.890399638806478,0.5787051320075989,0.0,-0.0,0.0,0.0,0.0,0.0,0.0,0.0,0.0,0.0,0.0,0.0,1
1786037812,542603969,0.0,-1.6568101088153284,-1.6291969458209437,-1.132857624684469,-4.617854777966635,-4.890399638806478,0.578777015209198,0.0,-0.0,0.0,0.0,0.0,0.0,0.0,0.0,0.0,0.0,0.0,0.0,1
1786037812,562410831,0.0,-1.6568458716021937,-1.62913686433901,-1.1328094641314905,-4.61784273782839,-4.890339676533834,0.5787051320075989,0.0,-0.0,0.0,0.0,0.0,0.0,0.0,0.0,0.0,0.0,0.0,0.0,1
1786037812,582546949,0.0,-1.6568458716021937,-1.6291607061969202,-1.132749382649557,-4.61781877676119,-4.890387598668234,0.5787410736083984,0.0,-0.0,0.0,0.0,0.0,0.0,0.0,0.0,0.0,0.0,0.0,0.0,1
1786037812,602555990,0.0,-1.6567981878863733,-1.629124943410055,-1.1327975432025355,-4.617806855832235,-4.890375677739279,0.5787410736083984,0.0,-0.0,0.0,0.0,0.0,0.0,0.0,0.0,0.0,0.0,0.0,0.0,1
1786037812,622605323,0.0,-1.6568220297442835,-1.6291726271258753,-1.1328213850604456,-4.61781877676119,-4.890399638806478,0.5787290930747986,0.0,-0.0,0.0,0.0,0.0,0.0,0.0,0.0,0.0,0.0,0.0,0.0,1
1786037812,642418861,0.0,-1.6567862669574183,-1.6291487852679651,-1.1328213850604456,-4.617770854626791,-4.890412036572592,0.5787650346755981,0.0,-0.0,0.0,0.0,0.0,0.0,0.0,0.0,0.0,0.0,0.0,0.0,1
1786037812,662587165,0.0,-1.656870190297262,-1.6291850248919886,-1.1328333059894007,-4.6177948156939905,-4.890399638806478,0.5787410736083984,0.0,-0.0,0.0,0.0,0.0,0.0,0.0,0.0,0.0,0.0,0.0,0.0,1
1786037812,682400941,0.0,-1.6568220297442835,-1.6291969458209437,-1.132749382649557,-4.617806855832235,-4.890399638806478,0.5787051320075989,0.0,-0.0,0.0,0.0,0.0,0.0,0.0,0.0,0.0,0.0,0.0,0.0,1
1786037812,702555656,0.0,-1.6568339506732386,-1.6291487852679651,-1.1328213850604456,-4.617770854626791,-4.890399638806478,0.5787171125411987,0.0,-0.0,0.0,0.0,0.0,0.0,0.0,0.0,0.0,0.0,0.0,0.0,1
1786037812,722375631,0.0,-1.6568220297442835,-1.6292088667498987,-1.1328213850604456,-4.61781877676119,-4.890351716672079,0.5787171125411987,0.0,-0.0,0.0,0.0,0.0,0.0,0.0,0.0,0.0,0.0,0.0,0.0,1
1786037812,742587804,0.0,-1.6567862669574183,-1.6291850248919886,-1.1328333059894007,-4.617830816899435,-4.890339676533834,0.5787530541419983,0.0,-0.0,0.0,0.0,0.0,0.0,0.0,0.0,0.0,0.0,0.0,0.0,1
1786037812,762371063,0.0,-1.6568220297442835,-1.6291487852679651,-1.1328094641314905,-4.617806855832235,-4.890327755604879,0.5787410736083984,0.0,-0.0,0.0,0.0,0.0,0.0,0.0,0.0,0.0,0.0,0.0,0.0,1
1786037812,782544136,0.0,-1.6568339506732386,-1.6291850248919886,-1.1328213850604456,-4.617806855832235,-4.890375677739279,0.5787530541419983,0.0,-0.0,0.0,0.0,0.0,0.0,0.0,0.0,0.0,0.0,0.0,0.0,1
1786037812,802411079,0.0,-1.6567981878863733,-1.6292207876788538,-1.1328213850604456,-4.61781877676119,-4.890387598668234,0.578777015209198,0.0,-0.0,0.0,0.0,0.0,0.0,0.0,0.0,0.0,0.0,0.0,0.0,1
1786037812,822631359,0.0,-1.6567981878863733,-1.6291607061969202,-1.1327975432025355,-4.6177828947650355,-4.890387598668234,0.5787650346755981,0.0,-0.0,0.0,0.0,0.0,0.0,0.0,0.0,0.0,0.0,0.0,0.0,1
1786037812,842428922,0.0,-1.6568339506732386,-1.6292088667498987,-1.1328333059894007,-4.617806855832235,-4.890375677739279,0.5787530541419983,0.0,-0.0,0.0,0.0,0.0,0.0,0.0,0.0,0.0,0.0,0.0,0.0,1
1786037812,862511396,0.0,-1.6568101088153284,-1.6291969458209437,-1.1328094641314905,-4.617806855832235,-4.890375677739279,0.578693151473999,0.0,-0.0,0.0,0.0,0.0,0.0,0.0,0.0,0.0,0.0,0.0,0.0,1
1786037812,882429122,0.0,-1.6568339506732386,-1.6291607061969202,-1.1328213850604456,-4.61781877676119,-4.890363637601034,0.5787290930747986,0.0,-0.0,0.0,0.0,0.0,0.0,0.0,0.0,0.0,0.0,0.0,0.0,1
1786037812,902643442,0.0,-1.6568101088153284,-1.6291487852679651,-1.1328213850604456,-4.6177828947650355,-4.890387598668234,0.578777015209198,0.0,-0.0,0.0,0.0,0.0,0.0,0.0,0.0,0.0,0.0,0.0,0.0,1
1786037812,922407627,0.0,-1.6568101088153284,-1.6292088667498987,-1.1328094641314905,-4.617830816899435,-4.890399638806478,0.578777015209198,0.0,-0.0,0.0,0.0,0.0,0.0,0.0,0.0,0.0,0.0,0.0,0.0,1
1786037812,942510128,0.0,-1.6568458716021937,-1.6291850248919886,-1.1327856222735804,-4.6177828947650355,-4.890351716672079,0.5787051320075989,0.0,-0.0,0.0,0.0,0.0,0.0,0.0,0.0,0.0,0.0,0.0,0.0,1
1786037812,962531805,0.0,-1.6568339506732386,-1.6291850248919886,-1.1328094641314905,-4.617770854626791,-4.890363637601034,0.5787051320075989,0.0,-0.0,0.0,0.0,0.0,0.0,0.0,0.0,0.0,0.0,0.0,0.0,1
1786037812,982543945,0.0,-1.6568101088153284,-1.6291487852679651,-1.1327975432025355,-4.6177948156939905,-4.890363637601034,0.5787889957427979,0.0,-0.0,0.0,0.0,0.0,0.0,0.0,0.0,0.0,0.0,0.0,0.0,1
1786037813,2384662,0.0,-1.6567981878863733,-1.6291607061969202,-1.1328333059894007,-4.61781877676119,-4.890363637601034,0.5787290930747986,0.0,-0.0,0.0,0.0,0.0,0.0,0.0,0.0,0.0,0.0,0.0,0.0,1
1786037813,22617816,0.0,-1.6567862669574183,-1.6291726271258753,-1.1328213850604456,-4.617830816899435,-4.890375677739279,0.5787889957427979,0.0,-0.0,0.0,0.0,0.0,0.0,0.0,0.0,0.0,0.0,0.0,0.0,1
1786037813,42414188,0.0,-1.6568220297442835,-1.6291850248919886,-1.1327975432025355,-4.617806855832235,-4.890339676533834,0.5787410736083984,0.0,-0.0,0.0,0.0,0.0,0.0,0.0,0.0,0.0,0.0,0.0,0.0,1
1786037813,62440872,0.0,-1.6568339506732386,-1.6291969458209437,-1.1327737013446253,-4.61781877676119,-4.890375677739279,0.5787171125411987,0.0,-0.0,0.0,0.0,0.0,0.0,0.0,0.0,0.0,0.0,0.0,0.0,1
1786037813,82351922,0.0,-1.6568458716021937,-1.6292088667498987,-1.1328094641314905,-4.61786669889559,-4.890412036572592,0.5787530541419983,0.0,-0.0,0.0,0.0,0.0,0.0,0.0,0.0,0.0,0.0,0.0,0.0,1
1786037813,102495670,0.0,-1.6567743460284632,-1.6291726271258753,-1.1327975432025355,-4.617806855832235,-4.890399638806478,0.5787171125411987,0.0,-0.0,0.0,0.0,0.0,0.0,0.0,0.0,0.0,0.0,0.0,0.0,1
1786037813,122357606,0.0,-1.656858269368307,-1.6291726271258753,-1.1327737013446253,-4.6177948156939905,-4.890375677739279,0.578777015209198,0.0,-0.0,0.0,0.0,0.0,0.0,0.0,0.0,0.0,0.0,0.0,0.0,1
1786037813,142563104,0.0,-1.6568101088153284,-1.6291850248919886,-1.1327737013446253,-4.61781877676119,-4.890351716672079,0.5787530541419983,0.0,-0.0,0.0,0.0,0.0,0.0,0.0,0.0,0.0,0.0,0.0,0.0,1
1786037813,162413120,0.0,-1.6567981878863733,-1.6291850248919886,-1.1328094641314905,-4.61781877676119,-4.890387598668234,0.578777015209198,0.0,-0.0,0.0,0.0,0.0,0.0,0.0,0.0,0.0,0.0,0.0,0.0,1
1786037813,182505369,0.0,-1.6567862669574183,-1.6292088667498987,-1.1327737013446253,-4.617746893559591,-4.890423957501547,0.5787650346755981,0.0,-0.0,0.0,0.0,0.0,0.0,0.0,0.0,0.0,0.0,0.0,0.0,1
1786037813,202444553,0.0,-1.6567862669574183,-1.6292088667498987,-1.1327856222735804,-4.6177948156939905,-4.890339676533834,0.5787410736083984,0.0,-0.0,0.0,0.0,0.0,0.0,0.0,0.0,0.0,0.0,0.0,0.0,1
1786037813,222672939,0.0,-1.6568220297442835,-1.6291487852679651,-1.1328094641314905,-4.617830816899435,-4.890387598668234,0.5787410736083984,0.0,-0.0,0.0,0.0,0.0,0.0,0.0,0.0,0.0,0.0,0.0,0.0,1
1786037813,242389202,0.0,-1.6568101088153284,-1.6291850248919886,-1.1328213850604456,-4.61784273782839,-4.890363637601034,0.5787171125411987,0.0,-0.0,0.0,0.0,0.0,0.0,0.0,0.0,0.0,0.0,0.0,0.0,1
1786037813,262537479,0.0,-1.6568339506732386,-1.6291969458209437,-1.1327975432025355,-4.617770854626791,-4.890363637601034,0.5788009762763977,0.0,-0.0,0.0,0.0,0.0,0.0,0.0,0.0,0.0,0.0,0.0,0.0,1
1786037813,282378196,0.0,-1.6568339506732386,-1.6291726271258753,-1.1328094641314905,-4.61781877676119,-4.890339676533834,0.5787650346755981,0.0,-0.0,0.0,0.0,0.0,0.0,0.0,0.0,0.0,0.0,0.0,0.0,1
1786037813,302521228,0.0,-1.6567862669574183,-1.62913686433901,-1.132761303578512,-4.617806855832235,-4.890412036572592,0.5787530541419983,0.0,-0.0,0.0,0.0,0.0,0.0,0.0,0.0,0.0,0.0,0.0,0.0,1
1786037813,322372436,0.0,-1.6568339506732386,-1.6291726271258753,-1.1327737013446253,-4.617806855832235,-4.890399638806478,0.5787650346755981,0.0,-0.0,0.0,0.0,0.0,0.0,0.0,0.0,0.0,0.0,0.0,0.0,1
1786037813,342534065,0.0,-1.6568101088153284,-1.62913686433901,-1.1328094641314905,-4.6177828947650355,-4.890399638806478,0.5787410736083984,0.0,-0.0,0.0,0.0,0.0,0.0,0.0,0.0,0.0,0.0,0.0,0.0,1
1786037813,362421274,0.0,-1.6568339506732386,-1.62913686433901,-1.1328094641314905,-4.617830816899435,-4.890399638806478,0.5787171125411987,0.0,-0.0,0.0,0.0,0.0,0.0,0.0,0.0,0.0,0.0,0.0,0.0,1
1786037813,382552623,0.0,-1.6568339506732386,-1.6291969458209437,-1.1328333059894007,-4.6177828947650355,-4.890435997639791,0.5787650346755981,0.0,-0.0,0.0,0.0,0.0,0.0,0.0,0.0,0.0,0.0,0.0,0.0,1
1786037813,402419567,0.0,-1.6568101088153284,-1.6291726271258753,-1.1328213850604456,-4.6177828947650355,-4.890351716672079,0.578777015209198,0.0,-0.0,0.0,0.0,0.0,0.0,0.0,0.0,0.0,0.0,0.0,0.0,1
1786037813,422561168,0.0,-1.6567981878863733,-1.6292088667498987,-1.1327975432025355,-4.61781877676119,-4.890387598668234,0.5787650346755981,0.0,-0.0,0.0,0.0,0.0,0.0,0.0,0.0,0.0,0.0,0.0,0.0,1
1786037813,442393779,0.0,-1.6568101088153284,-1.6291487852679651,-1.1327975432025355,-4.6177828947650355,-4.890399638806478,0.5787171125411987,0.0,-0.0,0.0,0.0,0.0,0.0,0.0,0.0,0.0,0.0,0.0,0.0,1
1786037813,462664127,0.0,-1.6567862669574183,-1.6291726271258753,-1.1327856222735804,-4.61784273782839,-4.890363637601034,0.578693151473999,0.0,-0.0,0.0,0.0,0.0,0.0,0.0,0.0,0.0,0.0,0.0,0.0,1
1786037813,482385873,0.0,-1.656858269368307,-1.6291130224811,-1.1327737013446253,-4.617770854626791,-4.890375677739279,0.578777015209198,0.0,-0.0,0.0,0.0,0.0,0.0,0.0,0.0,0.0,0.0,0.0,0.0,1
1786037813,502586603,0.0,-1.6568101088153284,-1.6291726271258753,-1.1327975432025355,-4.61781877676119,-4.890351716672079,0.5787171125411987,0.0,-0.0,0.0,0.0,0.0,0.0,0.0,0.0,0.0,0.0,0.0,0.0,1
1786037813,522432565,0.0,-1.6567981878863733,-1.6292207876788538,-1.1328333059894007,-4.617770854626791,-4.890387598668234,0.5787650346755981,0.0,-0.0,0.0,0.0,0.0,0.0,0.0,0.0,0.0,0.0,0.0,0.0,1
1786037813,542603492,0.0,-1.6567981878863733,-1.6291969458209437,-1.1327975432025355,-4.617806855832235,-4.890412036572592,0.5787051320075989,0.0,-0.0,0.0,0.0,0.0,0.0,0.0,0.0,0.0,0.0,0.0,0.0,1
1786037813,562405824,0.0,-1.65676194826235,-1.6291726271258753,-1.1328094641314905,-4.617830816899435,-4.890339676533834,0.5787171125411987,0.0,-0.0,0.0,0.0,0.0,0.0,0.0,0.0,0.0,0.0,0.0,0.0,1
1786037813,582556486,0.0,-1.6568101088153284,-1.6291726271258753,-1.1327374617206019,-4.6177828947650355,-4.890387598668234,0.5787410736083984,0.0,-0.0,0.0,0.0,0.0,0.0,0.0,0.0,0.0,0.0,0.0,0.0,1
1786037813,602366924,0.0,-1.6567981878863733,-1.6291969458209437,-1.132761303578512,-4.617758814488546,-4.890399638806478,0.5787051320075989,0.0,-0.0,0.0,0.0,0.0,0.0,0.0,0.0,0.0,0.0,0.0,0.0,1
1786037813,622539758,0.0,-1.6567743460284632,-1.6291607061969202,-1.1328333059894007,-4.617806855832235,-4.890412036572592,0.5787290930747986,0.0,-0.0,0.0,0.0,0.0,0.0,0.0,0.0,0.0,0.0,0.0,0.0,1
1786037813,642376422,0.0,-1.6568220297442835,-1.6291969458209437,-1.1328094641314905,-4.617806855832235,-4.890375677739279,0.5787530541419983,0.0,-0.0,0.0,0.0,0.0,0.0,0.0,0.0,0.0,0.0,0.0,0.0,1
1786037813,662614583,0.0,-1.6567981878863733,-1.6292088667498987,-1.1327856222735804,-4.617770854626791,-4.890435997639791,0.5787530541419983,0.0,-0.0,0.0,0.0,0.0,0.0,0.0,0.0,0.0,0.0,0.0,0.0,1
1786037813,682309865,0.0,-1.6568339506732386,-1.6291726271258753,-1.1327737013446253,-4.617758814488546,-4.890339676533834,0.5787410736083984,0.0,-0.0,0.0,0.0,0.0,0.0,0.0,0.0,0.0,0.0,0.0,0.0,1
1786037813,702627658,0.0,-1.6568220297442835,-1.6292088667498987,-1.1327856222735804,-4.61781877676119,-4.890375677739279,0.5787530541419983,0.0,-0.0,0.0,0.0,0.0,0.0,0.0,0.0,0.0,0.0,0.0,0.0,1
1786037813,722446441,0.0,-1.6567981878863733,-1.6291607061969202,-1.1328213850604456,-4.61781877676119,-4.890363637601034,0.5787650346755981,0.0,-0.0,0.0,0.0,0.0,0.0,0.0,0.0,0.0,0.0,0.0,0.0,1
1786037813,742512226,0.0,-1.6568458716021937,-1.6291969458209437,-1.1328213850604456,-4.617806855832235,-4.890363637601034,0.5787410736083984,0.0,-0.0,0.0,0.0,0.0,0.0,0.0,0.0,0.0,0.0,0.0,0.0,1
1786037813,762366533,0.0,-1.656858269368307,-1.62913686433901,-1.1327856222735804,-4.6177948156939905,-4.890387598668234,0.5787290930747986,0.0,-0.0,0.0,0.0,0.0,0.0,0.0,0.0,0.0,0.0,0.0,0.0,1
1786037813,782585620,0.0,-1.6567981878863733,-1.6291726271258753,-1.1327856222735804,-4.6177948156939905,-4.890375677739279,0.5787410736083984,0.0,-0.0,0.0,0.0,0.0,0.0,0.0,0.0,0.0,0.0,0.0,0.0,1
1786037813,802373409,0.0,-1.6568339506732386,-1.6291969458209437,-1.1327975432025355,-4.617746893559591,-4.890327755604879,0.5787650346755981,0.0,-0.0,0.0,0.0,0.0,0.0,0.0,0.0,0.0,0.0,0.0,0.0,1
1786037813,822522401,0.0,-1.6567500273333948,-1.6291130224811,-1.1328094641314905,-4.617806855832235,-4.890387598668234,0.5787650346755981,0.0,-0.0,0.0,0.0,0.0,0.0,0.0,0.0,0.0,0.0,0.0,0.0,1
1786037813,842338323,0.0,-1.6568458716021937,-1.6291726271258753,-1.1328094641314905,-4.6177948156939905,-4.890399638806478,0.5787530541419983,0.0,-0.0,0.0,0.0,0.0,0.0,0.0,0.0,0.0,0.0,0.0,0.0,1
1786037813,862587928,0.0,-1.6568339506732386,-1.6291487852679651,-1.1328333059894007,-4.6177948156939905,-4.890375677739279,0.5787410736083984,0.0,-0.0,0.0,0.0,0.0,0.0,0.0,0.0,0.0,0.0,0.0,0.0,1
1786037813,882410287,0.0,-1.6568101088153284,-1.6292088667498987,-1.132761303578512,-4.61784273782839,-4.890412036572592,0.578777015209198,0.0,-0.0,0.0,0.0,0.0,0.0,0.0,0.0,0.0,0.0,0.0,0.0,1
1786037813,902549982,0.0,-1.656858269368307,-1.6291607061969202,-1.1327975432025355,-4.617770854626791,-4.890375677739279,0.5787530541419983,0.0,-0.0,0.0,0.0,0.0,0.0,0.0,0.0,0.0,0.0,0.0,0.0,1
1786037813,922446489,0.0,-1.6567862669574183,-1.629256550465719,-1.1327856222735804,-4.617758814488546,-4.890375677739279,0.5787410736083984,0.0,-0.0,0.0,0.0,0.0,0.0,0.0,0.0,0.0,0.0,0.0,0.0,1
1786037813,942515134,0.0,-1.6568101088153284,-1.62913686433901,-1.1327737013446253,-4.617746893559591,-4.890399638806478,0.5787650346755981,0.0,-0.0,0.0,0.0,0.0,0.0,0.0,0.0,0.0,0.0,0.0,0.0,1
1786037813,962411880,0.0,-1.6567981878863733,-1.6291969458209437,-1.1327737013446253,-4.617806855832235,-4.890363637601034,0.5787171125411987,0.0,-0.0,0.0,0.0,0.0,0.0,0.0,0.0,0.0,0.0,0.0,0.0,1
1786037813,982640743,0.0,-1.6568458716021937,-1.6292088667498987,-1.1327737013446253,-4.6177948156939905,-4.890375677739279,0.5787650346755981,0.0,-0.0,0.0,0.0,0.0,0.0,0.0,0.0,0.0,0.0,0.0,0.0,1
1786037814,2381324,0.0,-1.6568220297442835,-1.6291726271258753,-1.132761303578512,-4.617830816899435,-4.890387598668234,0.5787290930747986,0.0,-0.0,0.0,0.0,0.0,0.0,0.0,0.0,0.0,0.0,0.0,0.0,1
1786037814,22436857,0.0,-1.6568101088153284,-1.6291726271258753,-1.1328213850604456,-4.6177948156939905,-4.890351716672079,0.578777015209198,0.0,-0.0,0.0,0.0,0.0,0.0,0.0,0.0,0.0,0.0,0.0,0.0,1
1786037814,42343139,0.0,-1.6568101088153284,-1.629244629536764,-1.1327856222735804,-4.6177828947650355,-4.890375677739279,0.5787530541419983,0.0,-0.0,0.0,0.0,0.0,0.0,0.0,0.0,0.0,0.0,0.0,0.0,1
1786037814,62618255,0.0,-1.6568101088153284,-1.6291607061969202,-1.1328094641314905,-4.61781877676119,-4.890375677739279,0.5787290930747986,0.0,-0.0,0.0,0.0,0.0,0.0,0.0,0.0,0.0,0.0,0.0,0.0,1
1786037814,82372903,0.0,-1.6568339506732386,-1.6291487852679651,-1.1327856222735804,-4.617806855832235,-4.890387598668234,0.5787650346755981,0.0,-0.0,0.0,0.0,0.0,0.0,0.0,0.0,0.0,0.0,0.0,0.0,1
1786037814,102607250,0.0,-1.6568220297442835,-1.6291607061969202,-1.1328213850604456,-4.6177948156939905,-4.890412036572592,0.5787650346755981,0.0,-0.0,0.0,0.0,0.0,0.0,0.0,0.0,0.0,0.0,0.0,0.0,1
1786037814,122437238,0.0,-1.6567981878863733,-1.6292207876788538,-1.1328094641314905,-4.617830816899435,-4.890399638806478,0.5787530541419983,0.0,-0.0,0.0,0.0,0.0,0.0,0.0,0.0,0.0,0.0,0.0,0.0,1
1786037814,142512321,0.0,-1.6568220297442835,-1.62913686433901,-1.1327737013446253,-4.617758814488546,-4.890387598668234,0.578777015209198,0.0,-0.0,0.0,0.0,0.0,0.0,0.0,0.0,0.0,0.0,0.0,0.0,1
1786037814,162510633,0.0,-1.6567981878863733,-1.6291607061969202,-1.1328452269183558,-4.617830816899435,-4.890412036572592,0.578777015209198,0.0,-0.0,0.0,0.0,0.0,0.0,0.0,0.0,0.0,0.0,0.0,0.0,1
1786037814,182556152,0.0,-1.6568220297442835,-1.62913686433901,-1.1327975432025355,-4.6177828947650355,-4.890375677739279,0.5787171125411987,0.0,-0.0,0.0,0.0,0.0,0.0,0.0,0.0,0.0,0.0,0.0,0.0,1
1786037814,202383279,0.0,-1.6567981878863733,-1.6291487852679651,-1.1327737013446253,-4.6177948156939905,-4.890399638806478,0.5787530541419983,0.0,-0.0,0.0,0.0,0.0,0.0,0.0,0.0,0.0,0.0,0.0,0.0,1
1786037814,222585439,0.0,-1.6568339506732386,-1.6291850248919886,-1.1328333059894007,-4.6177948156939905,-4.890363637601034,0.5787290930747986,0.0,-0.0,0.0,0.0,0.0,0.0,0.0,0.0,0.0,0.0,0.0,0.0,1
1786037814,242388725,0.0,-1.6568220297442835,-1.6291726271258753,-1.1327975432025355,-4.617746893559591,-4.890412036572592,0.5787650346755981,0.0,-0.0,0.0,0.0,0.0,0.0,0.0,0.0,0.0,0.0,0.0,0.0,1
1786037814,262732982,0.0,-1.6568339506732386,-1.6291130224811,-1.1327856222735804,-4.617770854626791,-4.890363637601034,0.5787171125411987,0.0,-0.0,0.0,0.0,0.0,0.0,0.0,0.0,0.0,0.0,0.0,0.0,1
1786037814,282296657,0.0,-1.6568101088153284,-1.6291726271258753,-1.1327975432025355,-4.6177948156939905,-4.890399638806478,0.5787530541419983,0.0,-0.0,0.0,0.0,0.0,0.0,0.0,0.0,0.0,0.0,0.0,0.0,1
1786037814,302534580,0.0,-1.6568220297442835,-1.6291850248919886,-1.1327737013446253,-4.6177828947650355,-4.890412036572592,0.5787410736083984,0.0,-0.0,0.0,0.0,0.0,0.0,0.0,0.0,0.0,0.0,0.0,0.0,1
1786037814,322374820,0.0,-1.6567743460284632,-1.6291726271258753,-1.1327975432025355,-4.6177828947650355,-4.890399638806478,0.5787410736083984,0.0,-0.0,0.0,0.0,0.0,0.0,0.0,0.0,0.0,0.0,0.0,0.0,1
1786037814,342516660,0.0,-1.6568458716021937,-1.6291969458209437,-1.1328213850604456,-4.6177828947650355,-4.890351716672079,0.5787290930747986,0.0,-0.0,0.0,0.0,0.0,0.0,0.0,0.0,0.0,0.0,0.0,0.0,1
1786037814,362369298,0.0,-1.656858269368307,-1.6292088667498987,-1.1328213850604456,-4.617806855832235,-4.890399638806478,0.5787650346755981,0.0,-0.0,0.0,0.0,0.0,0.0,0.0,0.0,0.0,0.0,0.0,0.0,1
1786037814,382507085,0.0,-1.6568339506732386,-1.6291969458209437,-1.1328094641314905,-4.617806855832235,-4.890375677739279,0.578777015209198,0.0,-0.0,0.0,0.0,0.0,0.0,0.0,0.0,0.0,0.0,0.0,0.0,1
1786037814,402485609,0.0,-1.656870190297262,-1.6292207876788538,-1.1328213850604456,-4.61781877676119,-4.890363637601034,0.5787889957427979,0.0,-0.0,0.0,0.0,0.0,0.0,0.0,0.0,0.0,0.0,0.0,0.0,1
1786037814,422578334,0.0,-1.65676194826235,-1.62913686433901,-1.1327856222735804,-4.61781877676119,-4.890351716672079,0.578777015209198,0.0,-0.0,0.0,0.0,0.0,0.0,0.0,0.0,0.0,0.0,0.0,0.0,1
1786037814,442365646,0.0,-1.656870190297262,-1.6291487852679651,-1.1327975432025355,-4.617758814488546,-4.890399638806478,0.5787410736083984,0.0,-0.0,0.0,0.0,0.0,0.0,0.0,0.0,0.0,0.0,0.0,0.0,1
1786037814,462513446,0.0,-1.6568339506732386,-1.6291850248919886,-1.1327737013446253,-4.6177948156939905,-4.890412036572592,0.5787051320075989,0.0,-0.0,0.0,0.0,0.0,0.0,0.0,0.0,0.0,0.0,0.0,0.0,1
1786037814,482382059,0.0,-1.6568458716021937,-1.6291607061969202,-1.1328333059894007,-4.617830816899435,-4.890399638806478,0.5787530541419983,0.0,-0.0,0.0,0.0,0.0,0.0,0.0,0.0,0.0,0.0,0.0,0.0,1
1786037814,502597332,0.0,-1.6568220297442835,-1.6291969458209437,-1.1328094641314905,-4.6177948156939905,-4.890399638806478,0.5787410736083984,0.0,-0.0,0.0,0.0,0.0,0.0,0.0,0.0,0.0,0.0,0.0,0.0,1
1786037814,522340774,0.0,-1.6567981878863733,-1.6291850248919886,-1.132761303578512,-4.61781877676119,-4.890387598668234,0.5787051320075989,0.0,-0.0,0.0,0.0,0.0,0.0,0.0,0.0,0.0,0.0,0.0,0.0,1
1786037814,542526960,0.0,-1.6567743460284632,-1.6291969458209437,-1.1327975432025355,-4.617746893559591,-4.890375677739279,0.5787410736083984,0.0,-0.0,0.0,0.0,0.0,0.0,0.0,0.0,0.0,0.0,0.0,0.0,1
1786037814,562334775,0.0,-1.6568220297442835,-1.6292088667498987,-1.1328094641314905,-4.617770854626791,-4.890412036572592,0.5787650346755981,0.0,-0.0,0.0,0.0,0.0,0.0,0.0,0.0,0.0,0.0,0.0,0.0,1
1786037814,582590818,0.0,-1.6568220297442835,-1.6291850248919886,-1.132761303578512,-4.617806855832235,-4.890412036572592,0.5787410736083984,0.0,-0.0,0.0,0.0,0.0,0.0,0.0,0.0,0.0,0.0,0.0,0.0,1
1786037814,602338790,0.0,-1.6568220297442835,-1.6291969458209437,-1.132761303578512,-4.617806855832235,-4.890351716672079,0.578777015209198,0.0,-0.0,0.0,0.0,0.0,0.0,0.0,0.0,0.0,0.0,0.0,0.0,1
1786037814,622450590,0.0,-1.656870190297262,-1.62913686433901,-1.1328213850604456,-4.617770854626791,-4.890375677739279,0.5787290930747986,0.0,-0.0,0.0,0.0,0.0,0.0,0.0,0.0,0.0,0.0,0.0,0.0,1
1786037814,642317771,0.0,-1.65676194826235,-1.62913686433901,-1.1327975432025355,-4.617806855832235,-4.890363637601034,0.5787889957427979,0.0,-0.0,0.0,0.0,0.0,0.0,0.0,0.0,0.0,0.0,0.0,0.0,1
1786037814,662644147,0.0,-1.6568458716021937,-1.6291607061969202,-1.1328094641314905,-4.61781877676119,-4.890387598668234,0.5787530541419983,0.0,-0.0,0.0,0.0,0.0,0.0,0.0,0.0,0.0,0.0,0.0,0.0,1
1786037814,682303667,0.0,-1.6567981878863733,-1.6291487852679651,-1.132749382649557,-4.6177948156939905,-4.890375677739279,0.5787530541419983,0.0,-0.0,0.0,0.0,0.0,0.0,0.0,0.0,0.0,0.0,0.0,0.0,1
1786037814,702449321,0.0,-1.6567743460284632,-1.6291726271258753,-1.1328094641314905,-4.617770854626791,-4.890363637601034,0.5787051320075989,0.0,-0.0,0.0,0.0,0.0,0.0,0.0,0.0,0.0,0.0,0.0,0.0,1
1786037814,722419500,0.0,-1.6568101088153284,-1.6291487852679651,-1.1327975432025355,-4.617758814488546,-4.890399638806478,0.5787410736083984,0.0,-0.0,0.0,0.0,0.0,0.0,0.0,0.0,0.0,0.0,0.0,0.0,1
1786037814,742562770,0.0,-1.6568101088153284,-1.6291850248919886,-1.1328213850604456,-4.617830816899435,-4.890423957501547,0.5787051320075989,0.0,-0.0,0.0,0.0,0.0,0.0,0.0,0.0,0.0,0.0,0.0,0.0,1
1786037814,762347221,0.0,-1.6568101088153284,-1.6291487852679651,-1.1328452269183558,-4.61781877676119,-4.890423957501547,0.5787530541419983,0.0,-0.0,0.0,0.0,0.0,0.0,0.0,0.0,0.0,0.0,0.0,0.0,1
1786037814,782590627,0.0,-1.6568101088153284,-1.6291969458209437,-1.1328213850604456,-4.617830816899435,-4.890363637601034,0.5787650346755981,0.0,-0.0,0.0,0.0,0.0,0.0,0.0,0.0,0.0,0.0,0.0,0.0,1
1786037814,802523851,0.0,-1.65676194826235,-1.6291487852679651,-1.132761303578512,-4.617806855832235,-4.890363637601034,0.5787171125411987,0.0,-0.0,0.0,0.0,0.0,0.0,0.0,0.0,0.0,0.0,0.0,0.0,1
1786037814,822438716,0.0,-1.6567862669574183,-1.6291487852679651,-1.1328333059894007,-4.6177948156939905,-4.890339676533834,0.5787650346755981,0.0,-0.0,0.0,0.0,0.0,0.0,0.0,0.0,0.0,0.0,0.0,0.0,1
1786037814,842396736,0.0,-1.6567743460284632,-1.6291726271258753,-1.1328094641314905,-4.6177828947650355,-4.890399638806478,0.5787530541419983,0.0,-0.0,0.0,0.0,0.0,0.0,0.0,0.0,0.0,0.0,0.0,0.0,1
1786037814,862596750,0.0,-1.6568101088153284,-1.6291726271258753,-1.1327975432025355,-4.6177948156939905,-4.890423957501547,0.5787530541419983,0.0,-0.0,0.0,0.0,0.0,0.0,0.0,0.0,0.0,0.0,0.0,0.0,1
1786037814,882388591,0.0,-1.6567981878863733,-1.6291607061969202,-1.1327856222735804,-4.61784273782839,-4.890387598668234,0.578777015209198,0.0,-0.0,0.0,0.0,0.0,0.0,0.0,0.0,0.0,0.0,0.0,0.0,1
1786037814,902443170,0.0,-1.6568458716021937,-1.6292088667498987,-1.1328213850604456,-4.617770854626791,-4.890387598668234,0.578777015209198,0.0,-0.0,0.0,0.0,0.0,0.0,0.0,0.0,0.0,0.0,0.0,0.0,1
1786037814,922427177,0.0,-1.6568101088153284,-1.6291850248919886,-1.1328213850604456,-4.61784273782839,-4.890363637601034,0.5787650346755981,0.0,-0.0,0.0,0.0,0.0,0.0,0.0,0.0,0.0,0.0,0.0,0.0,1
1786037814,942591428,0.0,-1.6568220297442835,-1.6291850248919886,-1.1328213850604456,-4.6177948156939905,-4.890363637601034,0.5787530541419983,0.0,-0.0,0.0,0.0,0.0,0.0,0.0,0.0,0.0,0.0,0.0,0.0,1
1786037814,962362289,0.0,-1.6568220297442835,-1.62913686433901,-1.1328213850604456,-4.617806855832235,-4.890339676533834,0.5787290930747986,0.0,-0.0,0.0,0.0,0.0,0.0,0.0,0.0,0.0,0.0,0.0,0.0,1
1786037814,982446432,0.0,-1.6567743460284632,-1.6292088667498987,-1.1327975432025355,-4.617806855832235,-4.890412036572592,0.578777015209198,0.0,-0.0,0.0,0.0,0.0,0.0,0.0,0.0,0.0,0.0,0.0,0.0,1
1786037815,2313613,0.0,-1.6568220297442835,-1.6291726271258753,-1.132761303578512,-4.617746893559591,-4.890339676533834,0.5787530541419983,0.0,-0.0,0.0,0.0,0.0,0.0,0.0,0.0,0.0,0.0,0.0,0.0,1
1786037815,22624969,0.0,-1.6568339506732386,-1.6291969458209437,-1.1328094641314905,-4.617806855832235,-4.890351716672079,0.5787530541419983,0.0,-0.0,0.0,0.0,0.0,0.0,0.0,0.0,0.0,0.0,0.0,0.0,1
1786037815,42447328,0.0,-1.6568458716021937,-1.6291726271258753,-1.132761303578512,-4.617770854626791,-4.890375677739279,0.5787530541419983,0.0,-0.0,0.0,0.0,0.0,0.0,0.0,0.0,0.0,0.0,0.0,0.0,1
1786037815,62566995,0.0,-1.6567500273333948,-1.6292088667498987,-1.1327856222735804,-4.6177948156939905,-4.890339676533834,0.5787290930747986,0.0,-0.0,0.0,0.0,0.0,0.0,0.0,0.0,0.0,0.0,0.0,0.0,1
1786037815,82406282,0.0,-1.6568101088153284,-1.6291850248919886,-1.132761303578512,-4.6177828947650355,-4.890339676533834,0.578777015209198,0.0,-0.0,0.0,0.0,0.0,0.0,0.0,0.0,0.0,0.0,0.0,0.0,1
1786037815,102518320,0.0,-1.6568220297442835,-1.6291607061969202,-1.1327975432025355,-4.6177828947650355,-4.890375677739279,0.5787530541419983,0.0,-0.0,0.0,0.0,0.0,0.0,0.0,0.0,0.0,0.0,0.0,0.0,1
1786037815,122526884,0.0,-1.6567981878863733,-1.6291487852679651,-1.1327856222735804,-4.617806855832235,-4.890339676533834,0.5787530541419983,0.0,-0.0,0.0,0.0,0.0,0.0,0.0,0.0,0.0,0.0,0.0,0.0,1
1786037815,142529726,0.0,-1.6568101088153284,-1.6291969458209437,-1.1327737013446253,-4.6177948156939905,-4.890375677739279,0.5787650346755981,0.0,-0.0,0.0,0.0,0.0,0.0,0.0,0.0,0.0,0.0,0.0,0.0,1
1786037815,162400722,0.0,-1.6568101088153284,-1.629124943410055,-1.132761303578512,-4.617770854626791,-4.890351716672079,0.5787171125411987,0.0,-0.0,0.0,0.0,0.0,0.0,0.0,0.0,0.0,0.0,0.0,0.0,1
1786037815,182520389,0.0,-1.6567862669574183,-1.6291487852679651,-1.1327975432025355,-4.6177828947650355,-4.890363637601034,0.5788009762763977,0.0,-0.0,0.0,0.0,0.0,0.0,0.0,0.0,0.0,0.0,0.0,0.0,1
1786037815,202384948,0.0,-1.6567981878863733,-1.6291850248919886,-1.132857624684469,-4.6177828947650355,-4.890387598668234,0.578777015209198,0.0,-0.0,0.0,0.0,0.0,0.0,0.0,0.0,0.0,0.0,0.0,0.0,1
1786037815,222502946,0.0,-1.6568101088153284,-1.62913686433901,-1.132761303578512,-4.617758814488546,-4.890375677739279,0.5787530541419983,0.0,-0.0,0.0,0.0,0.0,0.0,0.0,0.0,0.0,0.0,0.0,0.0,1
1786037815,242340087,0.0,-1.6568339506732386,-1.6291487852679651,-1.1328213850604456,-4.617806855832235,-4.890327755604879,0.578777015209198,0.0,-0.0,0.0,0.0,0.0,0.0,0.0,0.0,0.0,0.0,0.0,0.0,1
1786037815,262627124,0.0,-1.6568458716021937,-1.629244629536764,-1.1327856222735804,-4.617770854626791,-4.890351716672079,0.5787171125411987,0.0,-0.0,0.0,0.0,0.0,0.0,0.0,0.0,0.0,0.0,0.0,0.0,1
1786037815,282413721,0.0,-1.656858269368307,-1.6291850248919886,-1.1327975432025355,-4.617758814488546,-4.890351716672079,0.578777015209198,0.0,-0.0,0.0,0.0,0.0,0.0,0.0,0.0,0.0,0.0,0.0,0.0,1
1786037815,302578210,0.0,-1.6568101088153284,-1.6292207876788538,-1.1328213850604456,-4.61784273782839,-4.890399638806478,0.5787051320075989,0.0,-0.0,0.0,0.0,0.0,0.0,0.0,0.0,0.0,0.0,0.0,0.0,1
1786037815,322368860,0.0,-1.6568101088153284,-1.6291607061969202,-1.1328094641314905,-4.617830816899435,-4.890399638806478,0.5787530541419983,0.0,-0.0,0.0,0.0,0.0,0.0,0.0,0.0,0.0,0.0,0.0,0.0,1
1786037815,342429876,0.0,-1.6567981878863733,-1.6291607061969202,-1.1328213850604456,-4.61781877676119,-4.890399638806478,0.5787410736083984,0.0,-0.0,0.0,0.0,0.0,0.0,0.0,0.0,0.0,0.0,0.0,0.0,1
1786037815,362318277,0.0,-1.6568339506732386,-1.6291726271258753,-1.1328213850604456,-4.617806855832235,-4.890387598668234,0.5787410736083984,0.0,-0.0,0.0,0.0,0.0,0.0,0.0,0.0,0.0,0.0,0.0,0.0,1
1786037815,382601499,0.0,-1.6568220297442835,-1.62913686433901,-1.1328094641314905,-4.6177948156939905,-4.890423957501547,0.5787290930747986,0.0,-0.0,0.0,0.0,0.0,0.0,0.0,0.0,0.0,0.0,0.0,0.0,1
1786037815,402422189,0.0,-1.6568339506732386,-1.6291607061969202,-1.1328452269183558,-4.6177948156939905,-4.890363637601034,0.5787530541419983,0.0,-0.0,0.0,0.0,0.0,0.0,0.0,0.0,0.0,0.0,0.0,0.0,1
1786037815,422549724,0.0,-1.6568220297442835,-1.6291607061969202,-1.132761303578512,-4.617806855832235,-4.890399638806478,0.5787051320075989,0.0,-0.0,0.0,0.0,0.0,0.0,0.0,0.0,0.0,0.0,0.0,0.0,1
1786037815,442535400,0.0,-1.6568339506732386,-1.6292327086078089,-1.1327856222735804,-4.61781877676119,-4.890351716672079,0.578693151473999,0.0,-0.0,0.0,0.0,0.0,0.0,0.0,0.0,0.0,0.0,0.0,0.0,1
1786037815,462554693,0.0,-1.656858269368307,-1.6292088667498987,-1.1328094641314905,-4.617770854626791,-4.890315715466635,0.5787171125411987,0.0,-0.0,0.0,0.0,0.0,0.0,0.0,0.0,0.0,0.0,0.0,0.0,1
1786037815,482523441,0.0,-1.6567981878863733,-1.6292207876788538,-1.1328333059894007,-4.61784273782839,-4.890375677739279,0.5787410736083984,0.0,-0.0,0.0,0.0,0.0,0.0,0.0,0.0,0.0,0.0,0.0,0.0,1
1786037815,502654552,0.0,-1.6568220297442835,-1.6291487852679651,-1.1327856222735804,-4.617746893559591,-4.890387598668234,0.5788009762763977,0.0,-0.0,0.0,0.0,0.0,0.0,0.0,0.0,0.0,0.0,0.0,0.0,1
1786037815,522398710,0.0,-1.656858269368307,-1.6291850248919886,-1.1328094641314905,-4.617758814488546,-4.890375677739279,0.5787051320075989,0.0,-0.0,0.0,0.0,0.0,0.0,0.0,0.0,0.0,0.0,0.0,0.0,1
1786037815,542514801,0.0,-1.6567981878863733,-1.6291969458209437,-1.1327737013446253,-4.617806855832235,-4.890363637601034,0.5787410736083984,0.0,-0.0,0.0,0.0,0.0,0.0,0.0,0.0,0.0,0.0,0.0,0.0,1
1786037815,562370300,0.0,-1.6568101088153284,-1.6291969458209437,-1.1327975432025355,-4.61784273782839,-4.890351716672079,0.5787051320075989,0.0,-0.0,0.0,0.0,0.0,0.0,0.0,0.0,0.0,0.0,0.0,0.0,1
1786037815,582620143,0.0,-1.6568220297442835,-1.6292088667498987,-1.1327975432025355,-4.6177948156939905,-4.890351716672079,0.5787889957427979,0.0,-0.0,0.0,0.0,0.0,0.0,0.0,0.0,0.0,0.0,0.0,0.0,1
1786037815,602397918,0.0,-1.6568339506732386,-1.6291726271258753,-1.1327856222735804,-4.61781877676119,-4.890387598668234,0.5787171125411987,0.0,-0.0,0.0,0.0,0.0,0.0,0.0,0.0,0.0,0.0,0.0,0.0,1
1786037815,622582674,0.0,-1.6568339506732386,-1.6291726271258753,-1.1328094641314905,-4.6177828947650355,-4.890375677739279,0.5787889957427979,0.0,-0.0,0.0,0.0,0.0,0.0,0.0,0.0,0.0,0.0,0.0,0.0,1
1786037815,642396211,0.0,-1.6567743460284632,-1.6291726271258753,-1.1327856222735804,-4.617830816899435,-4.890327755604879,0.578777015209198,0.0,-0.0,0.0,0.0,0.0,0.0,0.0,0.0,0.0,0.0,0.0,0.0,1
1786037815,662562847,0.0,-1.6568458716021937,-1.6291969458209437,-1.1328213850604456,-4.617830816899435,-4.890387598668234,0.5787650346755981,0.0,-0.0,0.0,0.0,0.0,0.0,0.0,0.0,0.0,0.0,0.0,0.0,1
1786037815,682403802,0.0,-1.6568101088153284,-1.6291607061969202,-1.1328094641314905,-4.6177828947650355,-4.890387598668234,0.5787410736083984,0.0,-0.0,0.0,0.0,0.0,0.0,0.0,0.0,0.0,0.0,0.0,0.0,1
1786037815,702586889,0.0,-1.6568220297442835,-1.6291969458209437,-1.1328333059894007,-4.617770854626791,-4.890399638806478,0.5787171125411987,0.0,-0.0,0.0,0.0,0.0,0.0,0.0,0.0,0.0,0.0,0.0,0.0,1
1786037815,722456216,0.0,-1.6567862669574183,-1.6291850248919886,-1.1328094641314905,-4.61781877676119,-4.890363637601034,0.5787530541419983,0.0,-0.0,0.0,0.0,0.0,0.0,0.0,0.0,0.0,0.0,0.0,0.0,1
1786037815,742562294,0.0,-1.6568220297442835,-1.6291487852679651,-1.1327856222735804,-4.617758814488546,-4.890375677739279,0.5787530541419983,0.0,-0.0,0.0,0.0,0.0,0.0,0.0,0.0,0.0,0.0,0.0,0.0,1
1786037815,762385368,0.0,-1.6568339506732386,-1.6291969458209437,-1.132761303578512,-4.6177948156939905,-4.890399638806478,0.5787051320075989,0.0,-0.0,0.0,0.0,0.0,0.0,0.0,0.0,0.0,0.0,0.0,0.0,1
1786037815,782545328,0.0,-1.6568458716021937,-1.6291726271258753,-1.132857624684469,-4.617806855832235,-4.890351716672079,0.5787051320075989,0.0,-0.0,0.0,0.0,0.0,0.0,0.0,0.0,0.0,0.0,0.0,0.0,1
1786037815,802321434,0.0,-1.6567743460284632,-1.6291130224811,-1.1328094641314905,-4.617770854626791,-4.890387598668234,0.5787650346755981,0.0,-0.0,0.0,0.0,0.0,0.0,0.0,0.0,0.0,0.0,0.0,0.0,1
1786037815,822592258,0.0,-1.6567981878863733,-1.6291607061969202,-1.1327737013446253,-4.6177828947650355,-4.890375677739279,0.5787530541419983,0.0,-0.0,0.0,0.0,0.0,0.0,0.0,0.0,0.0,0.0,0.0,0.0,1
1786037815,842340469,0.0,-1.6568339506732386,-1.6291850248919886,-1.1328213850604456,-4.617806855832235,-4.890351716672079,0.5787650346755981,0.0,-0.0,0.0,0.0,0.0,0.0,0.0,0.0,0.0,0.0,0.0,0.0,1
1786037815,862529277,0.0,-1.6568220297442835,-1.6292088667498987,-1.1327975432025355,-4.6177828947650355,-4.890339676533834,0.5787051320075989,0.0,-0.0,0.0,0.0,0.0,0.0,0.0,0.0,0.0,0.0,0.0,0.0,1
1786037815,882412910,0.0,-1.6568220297442835,-1.6291726271258753,-1.132857624684469,-4.61781877676119,-4.890363637601034,0.5787171125411987,0.0,-0.0,0.0,0.0,0.0,0.0,0.0,0.0,0.0,0.0,0.0,0.0,1
1786037815,902631998,0.0,-1.6567981878863733,-1.6291726271258753,-1.1327856222735804,-4.6177828947650355,-4.890363637601034,0.5787171125411987,0.0,-0.0,0.0,0.0,0.0,0.0,0.0,0.0,0.0,0.0,0.0,0.0,1
1786037815,922370910,0.0,-1.6568339506732386,-1.6291487852679651,-1.1328094641314905,-4.61781877676119,-4.890363637601034,0.5787051320075989,0.0,-0.0,0.0,0.0,0.0,0.0,0.0,0.0,0.0,0.0,0.0,0.0,1
1786037815,942657470,0.0,-1.6567981878863733,-1.6291850248919886,-1.1328452269183558,-4.617722932492391,-4.890351716672079,0.5787290930747986,0.0,-0.0,0.0,0.0,0.0,0.0,0.0,0.0,0.0,0.0,0.0,0.0,1
1786037815,962377548,0.0,-1.656858269368307,-1.6291969458209437,-1.132761303578512,-4.6177828947650355,-4.890375677739279,0.5787650346755981,0.0,-0.0,0.0,0.0,0.0,0.0,0.0,0.0,0.0,0.0,0.0,0.0,1
1786037815,982718467,0.0,-1.6568101088153284,-1.62913686433901,-1.1327975432025355,-4.617806855832235,-4.890375677739279,0.5787530541419983,0.0,-0.0,0.0,0.0,0.0,0.0,0.0,0.0,0.0,0.0,0.0,0.0,1
1786037816,2391815,0.0,-1.6568101088153284,-1.6291726271258753,-1.1328452269183558,-4.61781877676119,-4.890387598668234,0.5787290930747986,0.0,-0.0,0.0,0.0,0.0,0.0,0.0,0.0,0.0,0.0,0.0,0.0,1
1786037816,22584676,0.0,-1.6568339506732386,-1.6291487852679651,-1.1328094641314905,-4.617770854626791,-4.890351716672079,0.5787290930747986,0.0,-0.0,0.0,0.0,0.0,0.0,0.0,0.0,0.0,0.0,0.0,0.0,1
1786037816,42401790,0.0,-1.6567743460284632,-1.6291487852679651,-1.1327737013446253,-4.617770854626791,-4.890375677739279,0.578777015209198,0.0,-0.0,0.0,0.0,0.0,0.0,0.0,0.0,0.0,0.0,0.0,0.0,1
1786037816,62605142,0.0,-1.6568220297442835,-1.62913686433901,-1.1328094641314905,-4.6177948156939905,-4.890363637601034,0.5787171125411987,0.0,-0.0,0.0,0.0,0.0,0.0,0.0,0.0,0.0,0.0,0.0,0.0,1
1786037816,82350015,0.0,-1.6567981878863733,-1.629124943410055,-1.1328094641314905,-4.6177828947650355,-4.890351716672079,0.5787530541419983,0.0,-0.0,0.0,0.0,0.0,0.0,0.0,0.0,0.0,0.0,0.0,0.0,1
1786037816,102604389,0.0,-1.6568220297442835,-1.6291726271258753,-1.1327856222735804,-4.61784273782839,-4.890399638806478,0.5787290930747986,0.0,-0.0,0.0,0.0,0.0,0.0,0.0,0.0,0.0,0.0,0.0,0.0,1
1786037816,122411012,0.0,-1.656870190297262,-1.6291607061969202,-1.1328213850604456,-4.6177948156939905,-4.890399638806478,0.5787530541419983,0.0,-0.0,0.0,0.0,0.0,0.0,0.0,0.0,0.0,0.0,0.0,0.0,1
1786037816,142459869,0.0,-1.6568101088153284,-1.629124943410055,-1.1327856222735804,-4.6177828947650355,-4.890399638806478,0.5787051320075989,0.0,-0.0,0.0,0.0,0.0,0.0,0.0,0.0,0.0,0.0,0.0,0.0,1
1786037816,162503480,0.0,-1.65676194826235,-1.6292088667498987,-1.1328452269183558,-4.61781877676119,-4.890363637601034,0.5787290930747986,0.0,-0.0,0.0,0.0,0.0,0.0,0.0,0.0,0.0,0.0,0.0,0.0,1
1786037816,182599067,0.0,-1.6568339506732386,-1.6291850248919886,-1.1327975432025355,-4.6177948156939905,-4.890387598668234,0.5787410736083984,0.0,-0.0,0.0,0.0,0.0,0.0,0.0,0.0,0.0,0.0,0.0,0.0,1
1786037816,202426910,0.0,-1.6568339506732386,-1.6292207876788538,-1.132761303578512,-4.617806855832235,-4.890412036572592,0.5787410736083984,0.0,-0.0,0.0,0.0,0.0,0.0,0.0,0.0,0.0,0.0,0.0,0.0,1
1786037816,222558736,0.0,-1.6568458716021937,-1.629124943410055,-1.1328452269183558,-4.61781877676119,-4.890351716672079,0.5787530541419983,0.0,-0.0,0.0,0.0,0.0,0.0,0.0,0.0,0.0,0.0,0.0,0.0,1
1786037816,242352485,0.0,-1.6568220297442835,-1.6291850248919886,-1.132749382649557,-4.617806855832235,-4.890399638806478,0.5787051320075989,0.0,-0.0,0.0,0.0,0.0,0.0,0.0,0.0,0.0,0.0,0.0,0.0,1
1786037816,262579202,0.0,-1.6567981878863733,-1.6291487852679651,-1.1328094641314905,-4.617830816899435,-4.890363637601034,0.5787171125411987,0.0,-0.0,0.0,0.0,0.0,0.0,0.0,0.0,0.0,0.0,0.0,0.0,1
1786037816,282363653,0.0,-1.6568220297442835,-1.6291607061969202,-1.1328094641314905,-4.617770854626791,-4.890387598668234,0.5787290930747986,0.0,-0.0,0.0,0.0,0.0,0.0,0.0,0.0,0.0,0.0,0.0,0.0,1
1786037816,302642107,0.0,-1.6568339506732386,-1.6291850248919886,-1.132761303578512,-4.617806855832235,-4.890387598668234,0.5787290930747986,0.0,-0.0,0.0,0.0,0.0,0.0,0.0,0.0,0.0,0.0,0.0,0.0,1
1786037816,322340965,0.0,-1.6567743460284632,-1.62913686433901,-1.1328333059894007,-4.617806855832235,-4.890375677739279,0.5787530541419983,0.0,-0.0,0.0,0.0,0.0,0.0,0.0,0.0,0.0,0.0,0.0,0.0,1
1786037816,342450618,0.0,-1.6568220297442835,-1.6291607061969202,-1.1328333059894007,-4.61784273782839,-4.890351716672079,0.5787290930747986,0.0,-0.0,0.0,0.0,0.0,0.0,0.0,0.0,0.0,0.0,0.0,0.0,1
1786037816,362402915,0.0,-1.6568458716021937,-1.6291726271258753,-1.1327737013446253,-4.617758814488546,-4.890351716672079,0.5787650346755981,0.0,-0.0,0.0,0.0,0.0,0.0,0.0,0.0,0.0,0.0,0.0,0.0,1
1786037816,382542371,0.0,-1.6568220297442835,-1.6291726271258753,-1.1327975432025355,-4.617806855832235,-4.890363637601034,0.5787290930747986,0.0,-0.0,0.0,0.0,0.0,0.0,0.0,0.0,0.0,0.0,0.0,0.0,1
1786037816,402367830,0.0,-1.656870190297262,-1.6291607061969202,-1.1327856222735804,-4.617770854626791,-4.890327755604879,0.578777015209198,0.0,-0.0,0.0,0.0,0.0,0.0,0.0,0.0,0.0,0.0,0.0,0.0,1
1786037816,422518730,0.0,-1.6568101088153284,-1.6291969458209437,-1.132761303578512,-4.617806855832235,-4.890375677739279,0.5787410736083984,0.0,-0.0,0.0,0.0,0.0,0.0,0.0,0.0,0.0,0.0,0.0,0.0,1
1786037816,442357778,0.0,-1.6567862669574183,-1.6291607061969202,-1.1327856222735804,-4.617806855832235,-4.890375677739279,0.578777015209198,0.0,-0.0,0.0,0.0,0.0,0.0,0.0,0.0,0.0,0.0,0.0,0.0,1
1786037816,462691307,0.0,-1.6568101088153284,-1.6291487852679651,-1.1327856222735804,-4.617758814488546,-4.890399638806478,0.5787889957427979,0.0,-0.0,0.0,0.0,0.0,0.0,0.0,0.0,0.0,0.0,0.0,0.0,1
1786037816,482368230,0.0,-1.6567862669574183,-1.629124943410055,-1.1328452269183558,-4.617770854626791,-4.890412036572592,0.5787171125411987,0.0,-0.0,0.0,0.0,0.0,0.0,0.0,0.0,0.0,0.0,0.0,0.0,1
1786037816,502547740,0.0,-1.6568220297442835,-1.6291607061969202,-1.1328213850604456,-4.61781877676119,-4.890387598668234,0.5787530541419983,0.0,-0.0,0.0,0.0,0.0,0.0,0.0,0.0,0.0,0.0,0.0,0.0,1
1786037816,522534370,0.0,-1.6567981878863733,-1.6291607061969202,-1.1327856222735804,-4.617770854626791,-4.890327755604879,0.5787889957427979,0.0,-0.0,0.0,0.0,0.0,0.0,0.0,0.0,0.0,0.0,0.0,0.0,1
1786037816,542568445,0.0,-1.6568101088153284,-1.6291487852679651,-1.1328213850604456,-4.617758814488546,-4.890351716672079,0.5787410736083984,0.0,-0.0,0.0,0.0,0.0,0.0,0.0,0.0,0.0,0.0,0.0,0.0,1
1786037816,562390327,0.0,-1.6568101088153284,-1.6291726271258753,-1.1327975432025355,-4.617722932492391,-4.890339676533834,0.5787410736083984,0.0,-0.0,0.0,0.0,0.0,0.0,0.0,0.0,0.0,0.0,0.0,0.0,1
1786037816,582551240,0.0,-1.6568220297442835,-1.6291607061969202,-1.1328094641314905,-4.617806855832235,-4.890351716672079,0.5787410736083984,0.0,-0.0,0.0,0.0,0.0,0.0,0.0,0.0,0.0,0.0,0.0,0.0,1
1786037816,602341651,0.0,-1.6568101088153284,-1.62913686433901,-1.1327737013446253,-4.61781877676119,-4.890375677739279,0.5787410736083984,0.0,-0.0,0.0,0.0,0.0,0.0,0.0,0.0,0.0,0.0,0.0,0.0,1
1786037816,622632265,0.0,-1.6568220297442835,-1.6291969458209437,-1.1327975432025355,-4.617806855832235,-4.890399638806478,0.5787650346755981,0.0,-0.0,0.0,0.0,0.0,0.0,0.0,0.0,0.0,0.0,0.0,0.0,1
1786037816,642393350,0.0,-1.6568220297442835,-1.6291969458209437,-1.1327975432025355,-4.617806855832235,-4.890375677739279,0.578777015209198,0.0,-0.0,0.0,0.0,0.0,0.0,0.0,0.0,0.0,0.0,0.0,0.0,1
1786037816,662440538,0.0,-1.6568101088153284,-1.6291726271258753,-1.1328213850604456,-4.6177828947650355,-4.890363637601034,0.5787410736083984,0.0,-0.0,0.0,0.0,0.0,0.0,0.0,0.0,0.0,0.0,0.0,0.0,1
1786037816,682646989,0.0,-1.6568101088153284,-1.6291850248919886,-1.132749382649557,-4.6177948156939905,-4.890363637601034,0.5787410736083984,0.0,-0.0,0.0,0.0,0.0,0.0,0.0,0.0,0.0,0.0,0.0,0.0,1
1786037816,702418804,0.0,-1.6567862669574183,-1.6291969458209437,-1.1328094641314905,-4.617806855832235,-4.890363637601034,0.5787650346755981,0.0,-0.0,0.0,0.0,0.0,0.0,0.0,0.0,0.0,0.0,0.0,0.0,1
1786037816,722398996,0.0,-1.6568220297442835,-1.6291850248919886,-1.1327737013446253,-4.6177948156939905,-4.890387598668234,0.5787650346755981,0.0,-0.0,0.0,0.0,0.0,0.0,0.0,0.0,0.0,0.0,0.0,0.0,1
1786037816,742559432,0.0,-1.656858269368307,-1.6291607061969202,-1.1328213850604456,-4.6177948156939905,-4.890327755604879,0.578777015209198,0.0,-0.0,0.0,0.0,0.0,0.0,0.0,0.0,0.0,0.0,0.0,0.0,1
1786037816,762406110,0.0,-1.6568339506732386,-1.6292088667498987,-1.1327856222735804,-4.617830816899435,-4.890363637601034,0.5787889957427979,0.0,-0.0,0.0,0.0,0.0,0.0,0.0,0.0,0.0,0.0,0.0,0.0,1
1786037816,782535314,0.0,-1.6568220297442835,-1.6291850248919886,-1.1327975432025355,-4.617758814488546,-4.890375677739279,0.5787410736083984,0.0,-0.0,0.0,0.0,0.0,0.0,0.0,0.0,0.0,0.0,0.0,0.0,1
1786037816,802376508,0.0,-1.6567862669574183,-1.6291850248919886,-1.132761303578512,-4.617806855832235,-4.890399638806478,0.578777015209198,0.0,-0.0,0.0,0.0,0.0,0.0,0.0,0.0,0.0,0.0,0.0,0.0,1
1786037816,822502136,0.0,-1.6567862669574183,-1.6291726271258753,-1.1328213850604456,-4.617770854626791,-4.890375677739279,0.578693151473999,0.0,-0.0,0.0,0.0,0.0,0.0,0.0,0.0,0.0,0.0,0.0,0.0,1
1786037816,842337846,0.0,-1.6567862669574183,-1.629124943410055,-1.1327975432025355,-4.617758814488546,-4.890363637601034,0.5787650346755981,0.0,-0.0,0.0,0.0,0.0,0.0,0.0,0.0,0.0,0.0,0.0,0.0,1
1786037816,862693786,0.0,-1.6568220297442835,-1.62913686433901,-1.132761303578512,-4.6177828947650355,-4.890387598668234,0.5787650346755981,0.0,-0.0,0.0,0.0,0.0,0.0,0.0,0.0,0.0,0.0,0.0,0.0,1
1786037816,882396697,0.0,-1.6568339506732386,-1.6291850248919886,-1.1327856222735804,-4.6177348534213465,-4.890375677739279,0.5787410736083984,0.0,-0.0,0.0,0.0,0.0,0.0,0.0,0.0,0.0,0.0,0.0,0.0,1
1786037816,902461528,0.0,-1.6567981878863733,-1.6290887037860315,-1.1328094641314905,-4.617770854626791,-4.890412036572592,0.5787051320075989,0.0,-0.0,0.0,0.0,0.0,0.0,0.0,0.0,0.0,0.0,0.0,0.0,1
1786037816,922424077,0.0,-1.6567500273333948,-1.6291850248919886,-1.1327856222735804,-4.61781877676119,-4.890375677739279,0.5787290930747986,0.0,-0.0,0.0,0.0,0.0,0.0,0.0,0.0,0.0,0.0,0.0,0.0,1
1786037816,942543268,0.0,-1.6568339506732386,-1.6291850248919886,-1.1328094641314905,-4.617770854626791,-4.890351716672079,0.578693151473999,0.0,-0.0,0.0,0.0,0.0,0.0,0.0,0.0,0.0,0.0,0.0,0.0,1
1786037816,962404251,0.0,-1.6568339506732386,-1.6291850248919886,-1.1328452269183558,-4.617758814488546,-4.890351716672079,0.5787530541419983,0.0,-0.0,0.0,0.0,0.0,0.0,0.0,0.0,0.0,0.0,0.0,0.0,1
1786037816,982538461,0.0,-1.6568220297442835,-1.6291607061969202,-1.1327975432025355,-4.617770854626791,-4.890399638806478,0.5787290930747986,0.0,-0.0,0.0,0.0,0.0,0.0,0.0,0.0,0.0,0.0,0.0,0.0,1
1786037817,2374410,0.0,-1.6567981878863733,-1.6291850248919886,-1.1327975432025355,-4.617758814488546,-4.890375677739279,0.578777015209198,0.0,-0.0,0.0,0.0,0.0,0.0,0.0,0.0,0.0,0.0,0.0,0.0,1
1786037817,22620439,0.0,-1.6568220297442835,-1.6291850248919886,-1.1327856222735804,-4.61781877676119,-4.890399638806478,0.5787410736083984,0.0,-0.0,0.0,0.0,0.0,0.0,0.0,0.0,0.0,0.0,0.0,0.0,1
1786037817,42371511,0.0,-1.6568458716021937,-1.6291130224811,-1.1328213850604456,-4.6177948156939905,-4.890399638806478,0.5787650346755981,0.0,-0.0,0.0,0.0,0.0,0.0,0.0,0.0,0.0,0.0,0.0,0.0,1
1786037817,62572002,0.0,-1.6567862669574183,-1.6291726271258753,-1.1327975432025355,-4.617806855832235,-4.890339676533834,0.5787530541419983,0.0,-0.0,0.0,0.0,0.0,0.0,0.0,0.0,0.0,0.0,0.0,0.0,1
1786037817,82539796,0.0,-1.6568220297442835,-1.6291850248919886,-1.1328094641314905,-4.617758814488546,-4.890399638806478,0.5787410736083984,0.0,-0.0,0.0,0.0,0.0,0.0,0.0,0.0,0.0,0.0,0.0,0.0,1
1786037817,102611780,0.0,-1.6568339506732386,-1.6291969458209437,-1.1327856222735804,-4.617806855832235,-4.890375677739279,0.5787530541419983,0.0,-0.0,0.0,0.0,0.0,0.0,0.0,0.0,0.0,0.0,0.0,0.0,1
1786037817,122369289,0.0,-1.6568220297442835,-1.6292207876788538,-1.1328213850604456,-4.617746893559591,-4.890351716672079,0.5787171125411987,0.0,-0.0,0.0,0.0,0.0,0.0,0.0,0.0,0.0,0.0,0.0,0.0,1
1786037817,142563819,0.0,-1.6568220297442835,-1.6291850248919886,-1.1327975432025355,-4.617806855832235,-4.890363637601034,0.5787410736083984,0.0,-0.0,0.0,0.0,0.0,0.0,0.0,0.0,0.0,0.0,0.0,0.0,1
1786037817,162421941,0.0,-1.6568101088153284,-1.6291726271258753,-1.1328333059894007,-4.617806855832235,-4.890327755604879,0.5787889957427979,0.0,-0.0,0.0,0.0,0.0,0.0,0.0,0.0,0.0,0.0,0.0,0.0,1
1786037817,182562828,0.0,-1.6568220297442835,-1.6291607061969202,-1.1328213850604456,-4.617770854626791,-4.890339676533834,0.5787650346755981,0.0,-0.0,0.0,0.0,0.0,0.0,0.0,0.0,0.0,0.0,0.0,0.0,1
1786037817,202333450,0.0,-1.656858269368307,-1.6291969458209437,-1.1327856222735804,-4.617806855832235,-4.890351716672079,0.5787290930747986,0.0,-0.0,0.0,0.0,0.0,0.0,0.0,0.0,0.0,0.0,0.0,0.0,1
1786037817,222591638,0.0,-1.6568220297442835,-1.6291726271258753,-1.1328333059894007,-4.617806855832235,-4.890351716672079,0.578777015209198,0.0,-0.0,0.0,0.0,0.0,0.0,0.0,0.0,0.0,0.0,0.0,0.0,1
1786037817,242346763,0.0,-1.6568458716021937,-1.6291130224811,-1.1327975432025355,-4.6177948156939905,-4.890399638806478,0.5787650346755981,0.0,-0.0,0.0,0.0,0.0,0.0,0.0,0.0,0.0,0.0,0.0,0.0,1
1786037817,262604951,0.0,-1.6568339506732386,-1.6291726271258753,-1.1328094641314905,-4.617758814488546,-4.890351716672079,0.5787650346755981,0.0,-0.0,0.0,0.0,0.0,0.0,0.0,0.0,0.0,0.0,0.0,0.0,1
1786037817,282386779,0.0,-1.6567981878863733,-1.6291487852679651,-1.1327975432025355,-4.6177948156939905,-4.890423957501547,0.5787290930747986,0.0,-0.0,0.0,0.0,0.0,0.0,0.0,0.0,0.0,0.0,0.0,0.0,1
1786037817,302507877,0.0,-1.6568220297442835,-1.6291487852679651,-1.1327856222735804,-4.6177948156939905,-4.890387598668234,0.578777015209198,0.0,-0.0,0.0,0.0,0.0,0.0,0.0,0.0,0.0,0.0,0.0,0.0,1
1786037817,322517871,0.0,-1.6568101088153284,-1.6291487852679651,-1.1328213850604456,-4.617806855832235,-4.890351716672079,0.578777015209198,0.0,-0.0,0.0,0.0,0.0,0.0,0.0,0.0,0.0,0.0,0.0,0.0,1
1786037817,342594623,0.0,-1.6568339506732386,-1.6291726271258753,-1.1327975432025355,-4.6177828947650355,-4.890375677739279,0.5787530541419983,0.0,-0.0,0.0,0.0,0.0,0.0,0.0,0.0,0.0,0.0,0.0,0.0,1
1786037817,362385511,0.0,-1.6568220297442835,-1.62913686433901,-1.132761303578512,-4.61781877676119,-4.890339676533834,0.5787410736083984,0.0,-0.0,0.0,0.0,0.0,0.0,0.0,0.0,0.0,0.0,0.0,0.0,1
1786037817,382499694,0.0,-1.6568339506732386,-1.6291607061969202,-1.1328452269183558,-4.6177948156939905,-4.890399638806478,0.5787530541419983,0.0,-0.0,0.0,0.0,0.0,0.0,0.0,0.0,0.0,0.0,0.0,0.0,1
1786037817,402375459,0.0,-1.6567981878863733,-1.6291850248919886,-1.132761303578512,-4.6177948156939905,-4.890375677739279,0.5787650346755981,0.0,-0.0,0.0,0.0,0.0,0.0,0.0,0.0,0.0,0.0,0.0,0.0,1
1786037817,422517776,0.0,-1.6568101088153284,-1.629244629536764,-1.1327856222735804,-4.6177948156939905,-4.890351716672079,0.5787530541419983,0.0,-0.0,0.0,0.0,0.0,0.0,0.0,0.0,0.0,0.0,0.0,0.0,1
1786037817,442382097,0.0,-1.6568339506732386,-1.629124943410055,-1.132857624684469,-4.6177948156939905,-4.890351716672079,0.5787410736083984,0.0,-0.0,0.0,0.0,0.0,0.0,0.0,0.0,0.0,0.0,0.0,0.0,1
1786037817,462555646,0.0,-1.65676194826235,-1.6291850248919886,-1.1327975432025355,-4.6177948156939905,-4.890412036572592,0.5787051320075989,0.0,-0.0,0.0,0.0,0.0,0.0,0.0,0.0,0.0,0.0,0.0,0.0,1
1786037817,482399225,0.0,-1.6568101088153284,-1.6291850248919886,-1.1328094641314905,-4.6177948156939905,-4.890363637601034,0.5787171125411987,0.0,-0.0,0.0,0.0,0.0,0.0,0.0,0.0,0.0,0.0,0.0,0.0,1
1786037817,502578973,0.0,-1.6567862669574183,-1.6291487852679651,-1.1328333059894007,-4.61781877676119,-4.890387598668234,0.5787889957427979,0.0,-0.0,0.0,0.0,0.0,0.0,0.0,0.0,0.0,0.0,0.0,0.0,1
1786037817,522332668,0.0,-1.6567981878863733,-1.6291130224811,-1.1327975432025355,-4.617758814488546,-4.890351716672079,0.5787410736083984,0.0,-0.0,0.0,0.0,0.0,0.0,0.0,0.0,0.0,0.0,0.0,0.0,1
1786037817,542443752,0.0,-1.6567981878863733,-1.6291726271258753,-1.1327856222735804,-4.61784273782839,-4.890363637601034,0.5787171125411987,0.0,-0.0,0.0,0.0,0.0,0.0,0.0,0.0,0.0,0.0,0.0,0.0,1
1786037817,562363862,0.0,-1.6567862669574183,-1.6291607061969202,-1.1327856222735804,-4.617770854626791,-4.890327755604879,0.578777015209198,0.0,-0.0,0.0,0.0,0.0,0.0,0.0,0.0,0.0,0.0,0.0,0.0,1
1786037817,582568883,0.0,-1.65676194826235,-1.6291607061969202,-1.1327975432025355,-4.6177828947650355,-4.890339676533834,0.5787650346755981,0.0,-0.0,0.0,0.0,0.0,0.0,0.0,0.0,0.0,0.0,0.0,0.0,1
1786037817,602377176,0.0,-1.6568339506732386,-1.6291726271258753,-1.1327737013446253,-4.617746893559591,-4.890399638806478,0.5787171125411987,0.0,-0.0,0.0,0.0,0.0,0.0,0.0,0.0,0.0,0.0,0.0,0.0,1
1786037817,622500181,0.0,-1.6568101088153284,-1.6291850248919886,-1.1327975432025355,-4.61784273782839,-4.890387598668234,0.5787410736083984,0.0,-0.0,0.0,0.0,0.0,0.0,0.0,0.0,0.0,0.0,0.0,0.0,1
1786037817,642402887,0.0,-1.6568220297442835,-1.6291726271258753,-1.132749382649557,-4.617806855832235,-4.890363637601034,0.5787171125411987,0.0,-0.0,0.0,0.0,0.0,0.0,0.0,0.0,0.0,0.0,0.0,0.0,1
1786037817,662503957,0.0,-1.656870190297262,-1.6292088667498987,-1.132761303578512,-4.6177948156939905,-4.890375677739279,0.5787410736083984,0.0,-0.0,0.0,0.0,0.0,0.0,0.0,0.0,0.0,0.0,0.0,0.0,1
1786037817,682410240,0.0,-1.6567981878863733,-1.6292088667498987,-1.1328094641314905,-4.617758814488546,-4.890399638806478,0.578777015209198,0.0,-0.0,0.0,0.0,0.0,0.0,0.0,0.0,0.0,0.0,0.0,0.0,1
1786037817,702663660,0.0,-1.656858269368307,-1.6291850248919886,-1.1328094641314905,-4.6177948156939905,-4.890387598668234,0.578777015209198,0.0,-0.0,0.0,0.0,0.0,0.0,0.0,0.0,0.0,0.0,0.0,0.0,1
1786037817,722373723,0.0,-1.6567981878863733,-1.6291969458209437,-1.1328094641314905,-4.6177828947650355,-4.890351716672079,0.5787889957427979,0.0,-0.0,0.0,0.0,0.0,0.0,0.0,0.0,0.0,0.0,0.0,0.0,1
1786037817,742561578,0.0,-1.656858269368307,-1.6291969458209437,-1.1328094641314905,-4.6177828947650355,-4.890363637601034,0.5787290930747986,0.0,-0.0,0.0,0.0,0.0,0.0,0.0,0.0,0.0,0.0,0.0,0.0,1
1786037817,762385129,0.0,-1.6568220297442835,-1.6291607061969202,-1.1327856222735804,-4.617806855832235,-4.890351716672079,0.578777015209198,0.0,-0.0,0.0,0.0,0.0,0.0,0.0,0.0,0.0,0.0,0.0,0.0,1
1786037817,782730102,0.0,-1.6568458716021937,-1.6291850248919886,-1.1327856222735804,-4.617806855832235,-4.890375677739279,0.5787650346755981,0.0,-0.0,0.0,0.0,0.0,0.0,0.0,0.0,0.0,0.0,0.0,0.0,1
1786037817,802392721,0.0,-1.6567981878863733,-1.6292088667498987,-1.132761303578512,-4.617806855832235,-4.890339676533834,0.5787530541419983,0.0,-0.0,0.0,0.0,0.0,0.0,0.0,0.0,0.0,0.0,0.0,0.0,1
1786037817,822525978,0.0,-1.6568220297442835,-1.6292207876788538,-1.1328213850604456,-4.617806855832235,-4.890375677739279,0.5787530541419983,0.0,-0.0,0.0,0.0,0.0,0.0,0.0,0.0,0.0,0.0,0.0,0.0,1
1786037817,842423200,0.0,-1.6567981878863733,-1.6291850248919886,-1.1328333059894007,-4.6177948156939905,-4.890387598668234,0.5787530541419983,0.0,-0.0,0.0,0.0,0.0,0.0,0.0,0.0,0.0,0.0,0.0,0.0,1
1786037817,862495422,0.0,-1.6568220297442835,-1.6291969458209437,-1.1327975432025355,-4.617806855832235,-4.890363637601034,0.5787530541419983,0.0,-0.0,0.0,0.0,0.0,0.0,0.0,0.0,0.0,0.0,0.0,0.0,1
1786037817,882406234,0.0,-1.6568339506732386,-1.629124943410055,-1.1327975432025355,-4.6177828947650355,-4.890363637601034,0.5787530541419983,0.0,-0.0,0.0,0.0,0.0,0.0,0.0,0.0,0.0,0.0,0.0,0.0,1
1786037817,902600765,0.0,-1.6568101088153284,-1.6292088667498987,-1.1328333059894007,-4.617746893559591,-4.890399638806478,0.5787530541419983,0.0,-0.0,0.0,0.0,0.0,0.0,0.0,0.0,0.0,0.0,0.0,0.0,1
1786037817,922351121,0.0,-1.6568339506732386,-1.6291850248919886,-1.132749382649557,-4.617746893559591,-4.890387598668234,0.5786811709403992,0.0,-0.0,0.0,0.0,0.0,0.0,0.0,0.0,0.0,0.0,0.0,0.0,1
1786037817,942528963,0.0,-1.65676194826235,-1.6291487852679651,-1.1327856222735804,-4.617830816899435,-4.890387598668234,0.5787290930747986,0.0,-0.0,0.0,0.0,0.0,0.0,0.0,0.0,0.0,0.0,0.0,0.0,1
1786037817,962353706,0.0,-1.6568101088153284,-1.6291726271258753,-1.132761303578512,-4.617830816899435,-4.890375677739279,0.5788009762763977,0.0,-0.0,0.0,0.0,0.0,0.0,0.0,0.0,0.0,0.0,0.0,0.0,1
1786037817,982605934,0.0,-1.6568339506732386,-1.6291726271258753,-1.1328213850604456,-4.617758814488546,-4.890387598668234,0.5787290930747986,0.0,-0.0,0.0,0.0,0.0,0.0,0.0,0.0,0.0,0.0,0.0,0.0,1
1786037818,2350807,0.0,-1.6568101088153284,-1.6291487852679651,-1.1327975432025355,-4.617830816899435,-4.890351716672079,0.578777015209198,0.0,-0.0,0.0,0.0,0.0,0.0,0.0,0.0,0.0,0.0,0.0,0.0,1
1786037818,22533178,0.0,-1.6567981878863733,-1.6291969458209437,-1.1328094641314905,-4.6177828947650355,-4.890339676533834,0.5787530541419983,0.0,-0.0,0.0,0.0,0.0,0.0,0.0,0.0,0.0,0.0,0.0,0.0,1
1786037818,42506456,0.0,-1.6568220297442835,-1.6291726271258753,-1.1328094641314905,-4.617758814488546,-4.890375677739279,0.5787290930747986,0.0,-0.0,0.0,0.0,0.0,0.0,0.0,0.0,0.0,0.0,0.0,0.0,1
1786037818,62517166,0.0,-1.6568458716021937,-1.6291850248919886,-1.1327975432025355,-4.61784273782839,-4.890363637601034,0.5787530541419983,0.0,-0.0,0.0,0.0,0.0,0.0,0.0,0.0,0.0,0.0,0.0,0.0,1
1786037818,82397460,0.0,-1.6568220297442835,-1.6291726271258753,-1.1327737013446253,-4.6177948156939905,-4.890351716672079,0.578777015209198,0.0,-0.0,0.0,0.0,0.0,0.0,0.0,0.0,0.0,0.0,0.0,0.0,1
1786037818,102553844,0.0,-1.6568339506732386,-1.62913686433901,-1.1327975432025355,-4.6177948156939905,-4.890375677739279,0.5787650346755981,0.0,-0.0,0.0,0.0,0.0,0.0,0.0,0.0,0.0,0.0,0.0,0.0,1
1786037818,122369766,0.0,-1.6568101088153284,-1.6291726271258753,-1.1327737013446253,-4.617806855832235,-4.890387598668234,0.5787530541419983,0.0,-0.0,0.0,0.0,0.0,0.0,0.0,0.0,0.0,0.0,0.0,0.0,1
1786037818,142613649,0.0,-1.6567981878863733,-1.62913686433901,-1.1328213850604456,-4.617830816899435,-4.890399638806478,0.5787290930747986,0.0,-0.0,0.0,0.0,0.0,0.0,0.0,0.0,0.0,0.0,0.0,0.0,1
1786037818,162326335,0.0,-1.656858269368307,-1.62913686433901,-1.1328213850604456,-4.6177948156939905,-4.890387598668234,0.578777015209198,0.0,-0.0,0.0,0.0,0.0,0.0,0.0,0.0,0.0,0.0,0.0,0.0,1
1786037818,182573795,0.0,-1.6568220297442835,-1.6292088667498987,-1.1327737013446253,-4.617806855832235,-4.890387598668234,0.5787410736083984,0.0,-0.0,0.0,0.0,0.0,0.0,0.0,0.0,0.0,0.0,0.0,0.0,1
1786037818,202530145,0.0,-1.6568339506732386,-1.6291726271258753,-1.1328213850604456,-4.6177948156939905,-4.890339676533834,0.5787051320075989,0.0,-0.0,0.0,0.0,0.0,0.0,0.0,0.0,0.0,0.0,0.0,0.0,1
1786037818,222450971,0.0,-1.6567862669574183,-1.6291850248919886,-1.132761303578512,-4.617806855832235,-4.890375677739279,0.5787650346755981,0.0,-0.0,0.0,0.0,0.0,0.0,0.0,0.0,0.0,0.0,0.0,0.0,1
1786037818,242508172,0.0,-1.6568458716021937,-1.6291487852679651,-1.1327737013446253,-4.6177948156939905,-4.890387598668234,0.5787650346755981,0.0,-0.0,0.0,0.0,0.0,0.0,0.0,0.0,0.0,0.0,0.0,0.0,1
1786037818,262639522,0.0,-1.6568458716021937,-1.6291969458209437,-1.1328213850604456,-4.61781877676119,-4.890399638806478,0.5787530541419983,0.0,-0.0,0.0,0.0,0.0,0.0,0.0,0.0,0.0,0.0,0.0,0.0,1
1786037818,282396554,0.0,-1.6568101088153284,-1.6291726271258753,-1.1327737013446253,-4.61781877676119,-4.890387598668234,0.5787530541419983,0.0,-0.0,0.0,0.0,0.0,0.0,0.0,0.0,0.0,0.0,0.0,0.0,1
1786037818,302504301,0.0,-1.656858269368307,-1.6291850248919886,-1.1328452269183558,-4.617746893559591,-4.890351716672079,0.5787410736083984,0.0,-0.0,0.0,0.0,0.0,0.0,0.0,0.0,0.0,0.0,0.0,0.0,1
1786037818,322306394,0.0,-1.6568339506732386,-1.62913686433901,-1.1327975432025355,-4.617806855832235,-4.890363637601034,0.5787889957427979,0.0,-0.0,0.0,0.0,0.0,0.0,0.0,0.0,0.0,0.0,0.0,0.0,1
1786037818,342641115,0.0,-1.6568339506732386,-1.629124943410055,-1.1327975432025355,-4.617830816899435,-4.890351716672079,0.5787410736083984,0.0,-0.0,0.0,0.0,0.0,0.0,0.0,0.0,0.0,0.0,0.0,0.0,1
1786037818,362412691,0.0,-1.6567981878863733,-1.629124943410055,-1.1328094641314905,-4.6177828947650355,-4.890363637601034,0.5787650346755981,0.0,-0.0,0.0,0.0,0.0,0.0,0.0,0.0,0.0,0.0,0.0,0.0,1
1786037818,382462024,0.0,-1.6568220297442835,-1.6291726271258753,-1.132761303578512,-4.617746893559591,-4.890375677739279,0.578777015209198,0.0,-0.0,0.0,0.0,0.0,0.0,0.0,0.0,0.0,0.0,0.0,0.0,1
1786037818,402449131,0.0,-1.6568458716021937,-1.6291487852679651,-1.1328452269183558,-4.617806855832235,-4.890351716672079,0.5787410736083984,0.0,-0.0,0.0,0.0,0.0,0.0,0.0,0.0,0.0,0.0,0.0,0.0,1
1786037818,422602653,0.0,-1.6568458716021937,-1.6291487852679651,-1.1328333059894007,-4.617758814488546,-4.890387598668234,0.5787650346755981,0.0,-0.0,0.0,0.0,0.0,0.0,0.0,0.0,0.0,0.0,0.0,0.0,1
1786037818,442395925,0.0,-1.6568339506732386,-1.62913686433901,-1.1328333059894007,-4.61781877676119,-4.890387598668234,0.5787530541419983,0.0,-0.0,0.0,0.0,0.0,0.0,0.0,0.0,0.0,0.0,0.0,0.0,1
1786037818,462596178,0.0,-1.6568101088153284,-1.62913686433901,-1.1328333059894007,-4.617770854626791,-4.890363637601034,0.5787650346755981,0.0,-0.0,0.0,0.0,0.0,0.0,0.0,0.0,0.0,0.0,0.0,0.0,1
1786037818,482524156,0.0,-1.656870190297262,-1.6291850248919886,-1.1327856222735804,-4.617758814488546,-4.890375677739279,0.5787290930747986,0.0,-0.0,0.0,0.0,0.0,0.0,0.0,0.0,0.0,0.0,0.0,0.0,1
1786037818,502636432,0.0,-1.6568458716021937,-1.629124943410055,-1.1327737013446253,-4.6177948156939905,-4.890363637601034,0.5787530541419983,0.0,-0.0,0.0,0.0,0.0,0.0,0.0,0.0,0.0,0.0,0.0,0.0,1
1786037818,522418737,0.0,-1.6568825880633753,-1.6291726271258753,-1.1328213850604456,-4.61781877676119,-4.890387598668234,0.5787650346755981,0.0,-0.0,0.0,0.0,0.0,0.0,0.0,0.0,0.0,0.0,0.0,0.0,1
1786037818,542522192,0.0,-1.6568101088153284,-1.6291969458209437,-1.1327856222735804,-4.617806855832235,-4.890351716672079,0.5787410736083984,0.0,-0.0,0.0,0.0,0.0,0.0,0.0,0.0,0.0,0.0,0.0,0.0,1
1786037818,562565326,0.0,-1.6568458716021937,-1.62913686433901,-1.1328213850604456,-4.617758814488546,-4.890412036572592,0.5787290930747986,0.0,-0.0,0.0,0.0,0.0,0.0,0.0,0.0,0.0,0.0,0.0,0.0,1
1786037818,582539558,0.0,-1.656870190297262,-1.6292088667498987,-1.1327374617206019,-4.6177948156939905,-4.890387598668234,0.5787650346755981,0.0,-0.0,0.0,0.0,0.0,0.0,0.0,0.0,0.0,0.0,0.0,0.0,1
1786037818,602573156,0.0,-1.6568101088153284,-1.6292327086078089,-1.1328094641314905,-4.6177948156939905,-4.890351716672079,0.5787889957427979,0.0,-0.0,0.0,0.0,0.0,0.0,0.0,0.0,0.0,0.0,0.0,0.0,1
1786037818,622623682,0.0,-1.6567862669574183,-1.62913686433901,-1.1327975432025355,-4.617758814488546,-4.890399638806478,0.578777015209198,0.0,-0.0,0.0,0.0,0.0,0.0,0.0,0.0,0.0,0.0,0.0,0.0,1
1786037818,642411231,0.0,-1.6568339506732386,-1.62913686433901,-1.132749382649557,-4.617770854626791,-4.890412036572592,0.5788009762763977,0.0,-0.0,0.0,0.0,0.0,0.0,0.0,0.0,0.0,0.0,0.0,0.0,1
1786037818,662551879,0.0,-1.6567743460284632,-1.6291487852679651,-1.132761303578512,-4.617830816899435,-4.890339676533834,0.5787410736083984,0.0,-0.0,0.0,0.0,0.0,0.0,0.0,0.0,0.0,0.0,0.0,0.0,1
1786037818,682305097,0.0,-1.6568458716021937,-1.6291726271258753,-1.1327975432025355,-4.617806855832235,-4.890375677739279,0.5787530541419983,0.0,-0.0,0.0,0.0,0.0,0.0,0.0,0.0,0.0,0.0,0.0,0.0,1
1786037818,702601194,0.0,-1.656870190297262,-1.6291726271258753,-1.1328213850604456,-4.617806855832235,-4.890412036572592,0.5787051320075989,0.0,-0.0,0.0,0.0,0.0,0.0,0.0,0.0,0.0,0.0,0.0,0.0,1
1786037818,722390890,0.0,-1.6568101088153284,-1.6291726271258753,-1.1327975432025355,-4.617770854626791,-4.890412036572592,0.5787530541419983,0.0,-0.0,0.0,0.0,0.0,0.0,0.0,0.0,0.0,0.0,0.0,0.0,1
1786037818,742520809,0.0,-1.6568458716021937,-1.6291969458209437,-1.1327737013446253,-4.6177948156939905,-4.890363637601034,0.5787171125411987,0.0,-0.0,0.0,0.0,0.0,0.0,0.0,0.0,0.0,0.0,0.0,0.0,1
1786037818,762527942,0.0,-1.6567743460284632,-1.6291607061969202,-1.132749382649557,-4.6177828947650355,-4.890351716672079,0.578777015209198,0.0,-0.0,0.0,0.0,0.0,0.0,0.0,0.0,0.0,0.0,0.0,0.0,1
1786037818,782525539,0.0,-1.65676194826235,-1.6291487852679651,-1.1327856222735804,-4.617806855832235,-4.890375677739279,0.5787410736083984,0.0,-0.0,0.0,0.0,0.0,0.0,0.0,0.0,0.0,0.0,0.0,0.0,1
1786037818,802520751,0.0,-1.6567981878863733,-1.629124943410055,-1.1328094641314905,-4.61781877676119,-4.890412036572592,0.5787290930747986,0.0,-0.0,0.0,0.0,0.0,0.0,0.0,0.0,0.0,0.0,0.0,0.0,1
1786037818,822545289,0.0,-1.6567862669574183,-1.6292088667498987,-1.1328213850604456,-4.6177948156939905,-4.890387598668234,0.5787171125411987,0.0,-0.0,0.0,0.0,0.0,0.0,0.0,0.0,0.0,0.0,0.0,0.0,1
1786037818,842411756,0.0,-1.6568339506732386,-1.6291607061969202,-1.1327856222735804,-4.617770854626791,-4.890363637601034,0.5787650346755981,0.0,-0.0,0.0,0.0,0.0,0.0,0.0,0.0,0.0,0.0,0.0,0.0,1
1786037818,862459659,0.0,-1.6568458716021937,-1.6291011015521448,-1.1328213850604456,-4.617758814488546,-4.890363637601034,0.5787530541419983,0.0,-0.0,0.0,0.0,0.0,0.0,0.0,0.0,0.0,0.0,0.0,0.0,1
1786037818,882366180,0.0,-1.656858269368307,-1.6291726271258753,-1.1328333059894007,-4.617806855832235,-4.890387598668234,0.5787171125411987,0.0,-0.0,0.0,0.0,0.0,0.0,0.0,0.0,0.0,0.0,0.0,0.0,1
1786037818,902629613,0.0,-1.6568458716021937,-1.6291487852679651,-1.1327856222735804,-4.61781877676119,-4.890351716672079,0.5787650346755981,0.0,-0.0,0.0,0.0,0.0,0.0,0.0,0.0,0.0,0.0,0.0,0.0,1
1786037818,922368526,0.0,-1.6568339506732386,-1.6291487852679651,-1.1327737013446253,-4.6177948156939905,-4.890351716672079,0.5787171125411987,0.0,-0.0,0.0,0.0,0.0,0.0,0.0,0.0,0.0,0.0,0.0,0.0,1
1786037818,942535877,0.0,-1.6568220297442835,-1.6291850248919886,-1.1328094641314905,-4.617806855832235,-4.890375677739279,0.5787051320075989,0.0,-0.0,0.0,0.0,0.0,0.0,0.0,0.0,0.0,0.0,0.0,0.0,1
1786037818,962409734,0.0,-1.6568339506732386,-1.6291850248919886,-1.1328213850604456,-4.6177948156939905,-4.890412036572592,0.5787051320075989,0.0,-0.0,0.0,0.0,0.0,0.0,0.0,0.0,0.0,0.0,0.0,0.0,1
1786037818,982519149,0.0,-1.6568458716021937,-1.6291487852679651,-1.132749382649557,-4.6177948156939905,-4.890387598668234,0.5788009762763977,0.0,-0.0,0.0,0.0,0.0,0.0,0.0,0.0,0.0,0.0,0.0,0.0,1
1786037819,2309083,0.0,-1.65676194826235,-1.6291969458209437,-1.1328452269183558,-4.617770854626791,-4.890387598668234,0.578777015209198,0.0,-0.0,0.0,0.0,0.0,0.0,0.0,0.0,0.0,0.0,0.0,0.0,1
1786037819,22457599,0.0,-1.6568339506732386,-1.62913686433901,-1.132761303578512,-4.6177828947650355,-4.890351716672079,0.5787650346755981,0.0,-0.0,0.0,0.0,0.0,0.0,0.0,0.0,0.0,0.0,0.0,0.0,1
1786037819,42335271,0.0,-1.6568339506732386,-1.6291607061969202,-1.1327856222735804,-4.6177948156939905,-4.890363637601034,0.5787410736083984,0.0,-0.0,0.0,0.0,0.0,0.0,0.0,0.0,0.0,0.0,0.0,0.0,1
1786037819,62543869,0.0,-1.6567981878863733,-1.6292088667498987,-1.1327975432025355,-4.617770854626791,-4.890399638806478,0.5787171125411987,0.0,-0.0,0.0,0.0,0.0,0.0,0.0,0.0,0.0,0.0,0.0,0.0,1
1786037819,82436561,0.0,-1.6568458716021937,-1.6291607061969202,-1.1328213850604456,-4.61781877676119,-4.890375677739279,0.5787290930747986,0.0,-0.0,0.0,0.0,0.0,0.0,0.0,0.0,0.0,0.0,0.0,0.0,1
1786037819,102551221,0.0,-1.6568101088153284,-1.6291487852679651,-1.132761303578512,-4.617830816899435,-4.890387598668234,0.578777015209198,0.0,-0.0,0.0,0.0,0.0,0.0,0.0,0.0,0.0,0.0,0.0,0.0,1
1786037819,122410774,0.0,-1.656870190297262,-1.6291130224811,-1.1327856222735804,-4.6177828947650355,-4.890375677739279,0.5787650346755981,0.0,-0.0,0.0,0.0,0.0,0.0,0.0,0.0,0.0,0.0,0.0,0.0,1
1786037819,142527580,0.0,-1.6567862669574183,-1.62913686433901,-1.1327856222735804,-4.6177828947650355,-4.890412036572592,0.5787530541419983,0.0,-0.0,0.0,0.0,0.0,0.0,0.0,0.0,0.0,0.0,0.0,0.0,1
1786037819,162543058,0.0,-1.6568220297442835,-1.6291487852679651,-1.1328452269183558,-4.6177948156939905,-4.890363637601034,0.5787530541419983,0.0,-0.0,0.0,0.0,0.0,0.0,0.0,0.0,0.0,0.0,0.0,0.0,1
1786037819,182444334,0.0,-1.6568458716021937,-1.6291607061969202,-1.132761303578512,-4.6177948156939905,-4.890412036572592,0.578777015209198,0.0,-0.0,0.0,0.0,0.0,0.0,0.0,0.0,0.0,0.0,0.0,0.0,1
1786037819,202370882,0.0,-1.6568339506732386,-1.6291969458209437,-1.1327975432025355,-4.617770854626791,-4.890363637601034,0.5787530541419983,0.0,-0.0,0.0,0.0,0.0,0.0,0.0,0.0,0.0,0.0,0.0,0.0,1
1786037819,222533464,0.0,-1.6567981878863733,-1.6291726271258753,-1.132761303578512,-4.617806855832235,-4.890399638806478,0.578777015209198,0.0,-0.0,0.0,0.0,0.0,0.0,0.0,0.0,0.0,0.0,0.0,0.0,1
1786037819,242399215,0.0,-1.6567981878863733,-1.6291726271258753,-1.1327737013446253,-4.6177948156939905,-4.890423957501547,0.5787530541419983,0.0,-0.0,0.0,0.0,0.0,0.0,0.0,0.0,0.0,0.0,0.0,0.0,1
1786037819,262640476,0.0,-1.6568101088153284,-1.6291850248919886,-1.132761303578512,-4.617830816899435,-4.890339676533834,0.5787051320075989,0.0,-0.0,0.0,0.0,0.0,0.0,0.0,0.0,0.0,0.0,0.0,0.0,1
1786037819,282368183,0.0,-1.6568220297442835,-1.6291130224811,-1.1328094641314905,-4.617806855832235,-4.890363637601034,0.5787410736083984,0.0,-0.0,0.0,0.0,0.0,0.0,0.0,0.0,0.0,0.0,0.0,0.0,1
1786037819,302505970,0.0,-1.6568101088153284,-1.6291850248919886,-1.1328452269183558,-4.617854777966635,-4.890363637601034,0.5787530541419983,0.0,-0.0,0.0,0.0,0.0,0.0,0.0,0.0,0.0,0.0,0.0,0.0,1
1786037819,322454214,0.0,-1.6568220297442835,-1.6291607061969202,-1.1327975432025355,-4.61781877676119,-4.890339676533834,0.5787650346755981,0.0,-0.0,0.0,0.0,0.0,0.0,0.0,0.0,0.0,0.0,0.0,0.0,1
1786037819,342631816,0.0,-1.6568339506732386,-1.6291850248919886,-1.1328094641314905,-4.6177828947650355,-4.890399638806478,0.5787530541419983,0.0,-0.0,0.0,0.0,0.0,0.0,0.0,0.0,0.0,0.0,0.0,0.0,1
1786037819,362395286,0.0,-1.6568101088153284,-1.6292088667498987,-1.1327737013446253,-4.617758814488546,-4.890375677739279,0.5787290930747986,0.0,-0.0,0.0,0.0,0.0,0.0,0.0,0.0,0.0,0.0,0.0,0.0,1
1786037819,382577419,0.0,-1.6568458716021937,-1.6291850248919886,-1.1327856222735804,-4.617770854626791,-4.890387598668234,0.5787410736083984,0.0,-0.0,0.0,0.0,0.0,0.0,0.0,0.0,0.0,0.0,0.0,0.0,1
1786037819,402382612,0.0,-1.6568458716021937,-1.6292088667498987,-1.1327856222735804,-4.6177948156939905,-4.890375677739279,0.5787410736083984,0.0,-0.0,0.0,0.0,0.0,0.0,0.0,0.0,0.0,0.0,0.0,0.0,1
1786037819,422606229,0.0,-1.6568339506732386,-1.62913686433901,-1.1327856222735804,-4.617806855832235,-4.890375677739279,0.5787650346755981,0.0,-0.0,0.0,0.0,0.0,0.0,0.0,0.0,0.0,0.0,0.0,0.0,1
1786037819,442415475,0.0,-1.6567981878863733,-1.6291487852679651,-1.1328094641314905,-4.617806855832235,-4.890351716672079,0.5787650346755981,0.0,-0.0,0.0,0.0,0.0,0.0,0.0,0.0,0.0,0.0,0.0,0.0,1
1786037819,462530136,0.0,-1.6567743460284632,-1.6291607061969202,-1.1327975432025355,-4.617770854626791,-4.890363637601034,0.5787650346755981,0.0,-0.0,0.0,0.0,0.0,0.0,0.0,0.0,0.0,0.0,0.0,0.0,1
1786037819,482501029,0.0,-1.6567500273333948,-1.6291850248919886,-1.1327975432025355,-4.617806855832235,-4.890399638806478,0.5787290930747986,0.0,-0.0,0.0,0.0,0.0,0.0,0.0,0.0,0.0,0.0,0.0,0.0,1
1786037819,502623558,0.0,-1.6567981878863733,-1.629124943410055,-1.1328333059894007,-4.61781877676119,-4.890363637601034,0.5787051320075989,0.0,-0.0,0.0,0.0,0.0,0.0,0.0,0.0,0.0,0.0,0.0,0.0,1
1786037819,522387027,0.0,-1.6568101088153284,-1.6291726271258753,-1.1327737013446253,-4.6177948156939905,-4.890375677739279,0.5787650346755981,0.0,-0.0,0.0,0.0,0.0,0.0,0.0,0.0,0.0,0.0,0.0,0.0,1
1786037819,542605161,0.0,-1.6567862669574183,-1.6291726271258753,-1.1327975432025355,-4.6177828947650355,-4.890412036572592,0.5787530541419983,0.0,-0.0,0.0,0.0,0.0,0.0,0.0,0.0,0.0,0.0,0.0,0.0,1
1786037819,562384128,0.0,-1.6568220297442835,-1.6291850248919886,-1.132761303578512,-4.6177948156939905,-4.890327755604879,0.5787650346755981,0.0,-0.0,0.0,0.0,0.0,0.0,0.0,0.0,0.0,0.0,0.0,0.0,1
1786037819,582504749,0.0,-1.6567862669574183,-1.6291850248919886,-1.1327975432025355,-4.617770854626791,-4.890387598668234,0.5787290930747986,0.0,-0.0,0.0,0.0,0.0,0.0,0.0,0.0,0.0,0.0,0.0,0.0,1
1786037819,602364063,0.0,-1.6568458716021937,-1.6291726271258753,-1.1328094641314905,-4.6177828947650355,-4.890351716672079,0.578777015209198,0.0,-0.0,0.0,0.0,0.0,0.0,0.0,0.0,0.0,0.0,0.0,0.0,1
1786037819,622590780,0.0,-1.6568101088153284,-1.6291607061969202,-1.132761303578512,-4.6177828947650355,-4.890351716672079,0.5787171125411987,0.0,-0.0,0.0,0.0,0.0,0.0,0.0,0.0,0.0,0.0,0.0,0.0,1
1786037819,642510175,0.0,-1.656870190297262,-1.629124943410055,-1.1327975432025355,-4.61784273782839,-4.890351716672079,0.5787410736083984,0.0,-0.0,0.0,0.0,0.0,0.0,0.0,0.0,0.0,0.0,0.0,0.0,1
1786037819,662533521,0.0,-1.6568101088153284,-1.62913686433901,-1.1327975432025355,-4.6177948156939905,-4.890423957501547,0.5787171125411987,0.0,-0.0,0.0,0.0,0.0,0.0,0.0,0.0,0.0,0.0,0.0,0.0,1
1786037819,682418346,0.0,-1.6568458716021937,-1.6291726271258753,-1.1327975432025355,-4.617770854626791,-4.890412036572592,0.5787410736083984,0.0,-0.0,0.0,0.0,0.0,0.0,0.0,0.0,0.0,0.0,0.0,0.0,1
1786037819,702497482,0.0,-1.656870190297262,-1.6291726271258753,-1.1327975432025355,-4.617806855832235,-4.890423957501547,0.5787171125411987,0.0,-0.0,0.0,0.0,0.0,0.0,0.0,0.0,0.0,0.0,0.0,0.0,1
1786037819,722399234,0.0,-1.6567743460284632,-1.6291850248919886,-1.1327856222735804,-4.6177948156939905,-4.890339676533834,0.5787410736083984,0.0,-0.0,0.0,0.0,0.0,0.0,0.0,0.0,0.0,0.0,0.0,0.0,1
1786037819,742552995,0.0,-1.6568220297442835,-1.6291607061969202,-1.1328094641314905,-4.617806855832235,-4.890363637601034,0.5787530541419983,0.0,-0.0,0.0,0.0,0.0,0.0,0.0,0.0,0.0,0.0,0.0,0.0,1
1786037819,762367963,0.0,-1.6568101088153284,-1.6291487852679651,-1.1328213850604456,-4.6177828947650355,-4.890387598668234,0.5787290930747986,0.0,-0.0,0.0,0.0,0.0,0.0,0.0,0.0,0.0,0.0,0.0,0.0,1
1786037819,782553911,0.0,-1.656858269368307,-1.629244629536764,-1.1328094641314905,-4.6177828947650355,-4.890339676533834,0.578777015209198,0.0,-0.0,0.0,0.0,0.0,0.0,0.0,0.0,0.0,0.0,0.0,0.0,1
1786037819,802365541,0.0,-1.6567862669574183,-1.6291011015521448,-1.1328333059894007,-4.61781877676119,-4.890351716672079,0.5787290930747986,0.0,-0.0,0.0,0.0,0.0,0.0,0.0,0.0,0.0,0.0,0.0,0.0,1
1786037819,822608232,0.0,-1.6568339506732386,-1.6291607061969202,-1.1328333059894007,-4.617758814488546,-4.890399638806478,0.578777015209198,0.0,-0.0,0.0,0.0,0.0,0.0,0.0,0.0,0.0,0.0,0.0,0.0,1
1786037819,842308282,0.0,-1.6568101088153284,-1.6291607061969202,-1.1327737013446253,-4.617806855832235,-4.890363637601034,0.5787410736083984,0.0,-0.0,0.0,0.0,0.0,0.0,0.0,0.0,0.0,0.0,0.0,0.0,1
1786037819,862617254,0.0,-1.6568101088153284,-1.6291607061969202,-1.132761303578512,-4.617806855832235,-4.890375677739279,0.5787290930747986,0.0,-0.0,0.0,0.0,0.0,0.0,0.0,0.0,0.0,0.0,0.0,0.0,1
1786037819,882401943,0.0,-1.6568339506732386,-1.6291607061969202,-1.1328213850604456,-4.61784273782839,-4.890387598668234,0.5788009762763977,0.0,-0.0,0.0,0.0,0.0,0.0,0.0,0.0,0.0,0.0,0.0,0.0,1
1786037819,902499914,0.0,-1.6567981878863733,-1.6291850248919886,-1.132857624684469,-4.61781877676119,-4.890399638806478,0.5787290930747986,0.0,-0.0,0.0,0.0,0.0,0.0,0.0,0.0,0.0,0.0,0.0,0.0,1
1786037819,922434091,0.0,-1.6567743460284632,-1.629124943410055,-1.132749382649557,-4.617806855832235,-4.890375677739279,0.5787889957427979,0.0,-0.0,0.0,0.0,0.0,0.0,0.0,0.0,0.0,0.0,0.0,0.0,1
1786037819,942445516,0.0,-1.6568339506732386,-1.6291850248919886,-1.1327856222735804,-4.61781877676119,-4.890351716672079,0.5787530541419983,0.0,-0.0,0.0,0.0,0.0,0.0,0.0,0.0,0.0,0.0,0.0,0.0,1
1786037819,962406396,0.0,-1.6567743460284632,-1.62913686433901,-1.1328213850604456,-4.6177828947650355,-4.890412036572592,0.5787290930747986,0.0,-0.0,0.0,0.0,0.0,0.0,0.0,0.0,0.0,0.0,0.0,0.0,1
1786037819,982452630,0.0,-1.6567743460284632,-1.6291969458209437,-1.1328094641314905,-4.6177948156939905,-4.890363637601034,0.5787171125411987,0.0,-0.0,0.0,0.0,0.0,0.0,0.0,0.0,0.0,0.0,0.0,0.0,1
1786037820,2439975,0.0,-1.6568101088153284,-1.6291607061969202,-1.1327856222735804,-4.617746893559591,-4.890399638806478,0.5787410736083984,0.0,-0.0,0.0,0.0,0.0,0.0,0.0,0.0,0.0,0.0,0.0,0.0,1
1786037820,22506237,0.0,-1.656858269368307,-1.6291969458209437,-1.1327856222735804,-4.617770854626791,-4.890435997639791,0.5787530541419983,0.0,-0.0,0.0,0.0,0.0,0.0,0.0,0.0,0.0,0.0,0.0,0.0,1
1786037820,42428016,0.0,-1.6568339506732386,-1.6291607061969202,-1.1327856222735804,-4.6177828947650355,-4.890351716672079,0.5787530541419983,0.0,-0.0,0.0,0.0,0.0,0.0,0.0,0.0,0.0,0.0,0.0,0.0,1
1786037820,62567949,0.0,-1.6568220297442835,-1.6291969458209437,-1.132761303578512,-4.6177948156939905,-4.890375677739279,0.5787410736083984,0.0,-0.0,0.0,0.0,0.0,0.0,0.0,0.0,0.0,0.0,0.0,0.0,1
1786037820,82452535,0.0,-1.6568339506732386,-1.6291607061969202,-1.1328333059894007,-4.617830816899435,-4.890375677739279,0.5787290930747986,0.0,-0.0,0.0,0.0,0.0,0.0,0.0,0.0,0.0,0.0,0.0,0.0,1
1786037820,102535963,0.0,-1.6567981878863733,-1.6291726271258753,-1.132749382649557,-4.61781877676119,-4.890339676533834,0.578777015209198,0.0,-0.0,0.0,0.0,0.0,0.0,0.0,0.0,0.0,0.0,0.0,0.0,1
1786037820,122413873,0.0,-1.6568339506732386,-1.6291487852679651,-1.132761303578512,-4.6177828947650355,-4.890363637601034,0.5787410736083984,0.0,-0.0,0.0,0.0,0.0,0.0,0.0,0.0,0.0,0.0,0.0,0.0,1
1786037820,142526626,0.0,-1.6568458716021937,-1.62913686433901,-1.1327737013446253,-4.6177828947650355,-4.890399638806478,0.5787410736083984,0.0,-0.0,0.0,0.0,0.0,0.0,0.0,0.0,0.0,0.0,0.0,0.0,1
1786037820,162592649,0.0,-1.6568101088153284,-1.629124943410055,-1.1328333059894007,-4.6177948156939905,-4.890363637601034,0.5788130164146423,0.0,-0.0,0.0,0.0,0.0,0.0,0.0,0.0,0.0,0.0,0.0,0.0,1
1786037820,182444572,0.0,-1.6568101088153284,-1.6291850248919886,-1.1327975432025355,-4.61781877676119,-4.890339676533834,0.5787410736083984,0.0,-0.0,0.0,0.0,0.0,0.0,0.0,0.0,0.0,0.0,0.0,0.0,1
1786037820,202436923,0.0,-1.6568101088153284,-1.6291487852679651,-1.1327975432025355,-4.617806855832235,-4.890339676533834,0.578777015209198,0.0,-0.0,0.0,0.0,0.0,0.0,0.0,0.0,0.0,0.0,0.0,0.0,1
1786037820,222607612,0.0,-1.6567743460284632,-1.6291850248919886,-1.1328213850604456,-4.6177348534213465,-4.890327755604879,0.578777015209198,0.0,-0.0,0.0,0.0,0.0,0.0,0.0,0.0,0.0,0.0,0.0,0.0,1
1786037820,242555141,0.0,-1.6568220297442835,-1.6292327086078089,-1.1327856222735804,-4.6177828947650355,-4.890351716672079,0.578777015209198,0.0,-0.0,0.0,0.0,0.0,0.0,0.0,0.0,0.0,0.0,0.0,0.0,1
1786037820,262652635,0.0,-1.6568101088153284,-1.629244629536764,-1.1328333059894007,-4.617806855832235,-4.890351716672079,0.5787650346755981,0.0,-0.0,0.0,0.0,0.0,0.0,0.0,0.0,0.0,0.0,0.0,0.0,1
1786037820,282391786,0.0,-1.6568101088153284,-1.6291850248919886,-1.132761303578512,-4.6177828947650355,-4.8903037945376795,0.5787650346755981,0.0,-0.0,0.0,0.0,0.0,0.0,0.0,0.0,0.0,0.0,0.0,0.0,1
1786037820,302648305,0.0,-1.6568220297442835,-1.6291726271258753,-1.132761303578512,-4.617758814488546,-4.890339676533834,0.5787530541419983,0.0,-0.0,0.0,0.0,0.0,0.0,0.0,0.0,0.0,0.0,0.0,0.0,1
1786037820,322408914,0.0,-1.6568339506732386,-1.629124943410055,-1.1327975432025355,-4.6177828947650355,-4.890387598668234,0.5787410736083984,0.0,-0.0,0.0,0.0,0.0,0.0,0.0,0.0,0.0,0.0,0.0,0.0,1
1786037820,342409610,0.0,-1.6567981878863733,-1.62913686433901,-1.1328333059894007,-4.6177948156939905,-4.890412036572592,0.5787650346755981,0.0,-0.0,0.0,0.0,0.0,0.0,0.0,0.0,0.0,0.0,0.0,0.0,1
1786037820,362311363,0.0,-1.6567981878863733,-1.629124943410055,-1.1328213850604456,-4.6177948156939905,-4.890387598668234,0.5787650346755981,0.0,-0.0,0.0,0.0,0.0,0.0,0.0,0.0,0.0,0.0,0.0,0.0,1
1786037820,382594585,0.0,-1.6568101088153284,-1.629124943410055,-1.1327737013446253,-4.6177948156939905,-4.890387598668234,0.5787530541419983,0.0,-0.0,0.0,0.0,0.0,0.0,0.0,0.0,0.0,0.0,0.0,0.0,1
1786037820,402353525,0.0,-1.6568220297442835,-1.62913686433901,-1.1328094641314905,-4.617758814488546,-4.890363637601034,0.5787530541419983,0.0,-0.0,0.0,0.0,0.0,0.0,0.0,0.0,0.0,0.0,0.0,0.0,1
1786037820,422553539,0.0,-1.6567981878863733,-1.6291850248919886,-1.1328333059894007,-4.6177948156939905,-4.890351716672079,0.5787530541419983,0.0,-0.0,0.0,0.0,0.0,0.0,0.0,0.0,0.0,0.0,0.0,0.0,1
1786037820,442451715,0.0,-1.6568101088153284,-1.6291487852679651,-1.1328213850604456,-4.617806855832235,-4.890327755604879,0.5787171125411987,0.0,-0.0,0.0,0.0,0.0,0.0,0.0,0.0,0.0,0.0,0.0,0.0,1
1786037820,462561368,0.0,-1.6568101088153284,-1.6291969458209437,-1.1327975432025355,-4.617806855832235,-4.890327755604879,0.5787410736083984,0.0,-0.0,0.0,0.0,0.0,0.0,0.0,0.0,0.0,0.0,0.0,0.0,1
1786037820,482379674,0.0,-1.6568101088153284,-1.6291969458209437,-1.132761303578512,-4.617770854626791,-4.890363637601034,0.5787650346755981,0.0,-0.0,0.0,0.0,0.0,0.0,0.0,0.0,0.0,0.0,0.0,0.0,1
1786037820,502508878,0.0,-1.6568339506732386,-1.6291726271258753,-1.132749382649557,-4.617806855832235,-4.890327755604879,0.5787530541419983,0.0,-0.0,0.0,0.0,0.0,0.0,0.0,0.0,0.0,0.0,0.0,0.0,1
1786037820,522432804,0.0,-1.6568101088153284,-1.6292088667498987,-1.1328094641314905,-4.617806855832235,-4.890399638806478,0.5787290930747986,0.0,-0.0,0.0,0.0,0.0,0.0,0.0,0.0,0.0,0.0,0.0,0.0,1
1786037820,542651176,0.0,-1.6567981878863733,-1.629124943410055,-1.1327975432025355,-4.617758814488546,-4.890351716672079,0.5787650346755981,0.0,-0.0,0.0,0.0,0.0,0.0,0.0,0.0,0.0,0.0,0.0,0.0,1
1786037820,562333583,0.0,-1.6568101088153284,-1.6291487852679651,-1.1327737013446253,-4.61781877676119,-4.890351716672079,0.5787530541419983,0.0,-0.0,0.0,0.0,0.0,0.0,0.0,0.0,0.0,0.0,0.0,0.0,1
1786037820,582437515,0.0,-1.6567743460284632,-1.62913686433901,-1.1327856222735804,-4.6177948156939905,-4.890387598668234,0.5787171125411987,0.0,-0.0,0.0,0.0,0.0,0.0,0.0,0.0,0.0,0.0,0.0,0.0,1
1786037820,602424144,0.0,-1.6568458716021937,-1.6291850248919886,-1.1328094641314905,-4.617770854626791,-4.890412036572592,0.5787290930747986,0.0,-0.0,0.0,0.0,0.0,0.0,0.0,0.0,0.0,0.0,0.0,0.0,1
1786037820,622776985,0.0,-1.6567981878863733,-1.6291607061969202,-1.1327975432025355,-4.617830816899435,-4.890399638806478,0.5787650346755981,0.0,-0.0,0.0,0.0,0.0,0.0,0.0,0.0,0.0,0.0,0.0,0.0,1
1786037820,642437219,0.0,-1.6568220297442835,-1.6291969458209437,-1.1328094641314905,-4.61781877676119,-4.890363637601034,0.5787051320075989,0.0,-0.0,0.0,0.0,0.0,0.0,0.0,0.0,0.0,0.0,0.0,0.0,1
1786037820,662570953,0.0,-1.6567981878863733,-1.6291487852679651,-1.1328213850604456,-4.6177828947650355,-4.890387598668234,0.5787410736083984,0.0,-0.0,0.0,0.0,0.0,0.0,0.0,0.0,0.0,0.0,0.0,0.0,1
1786037820,682395696,0.0,-1.6568220297442835,-1.6291850248919886,-1.1328213850604456,-4.617806855832235,-4.890351716672079,0.5787410736083984,0.0,-0.0,0.0,0.0,0.0,0.0,0.0,0.0,0.0,0.0,0.0,0.0,1
1786037820,702526569,0.0,-1.6568339506732386,-1.6291607061969202,-1.1327737013446253,-4.617758814488546,-4.890363637601034,0.5787051320075989,0.0,-0.0,0.0,0.0,0.0,0.0,0.0,0.0,0.0,0.0,0.0,0.0,1
1786037820,722303152,0.0,-1.6568220297442835,-1.6291726271258753,-1.1327975432025355,-4.617770854626791,-4.890339676533834,0.5787889957427979,0.0,-0.0,0.0,0.0,0.0,0.0,0.0,0.0,0.0,0.0,0.0,0.0,1
1786037820,742547988,0.0,-1.6568339506732386,-1.6291726271258753,-1.1327975432025355,-4.6177828947650355,-4.890363637601034,0.5787290930747986,0.0,-0.0,0.0,0.0,0.0,0.0,0.0,0.0,0.0,0.0,0.0,0.0,1
1786037820,762326955,0.0,-1.6568101088153284,-1.62913686433901,-1.1328213850604456,-4.6177948156939905,-4.890387598668234,0.5787171125411987,0.0,-0.0,0.0,0.0,0.0,0.0,0.0,0.0,0.0,0.0,0.0,0.0,1
1786037820,782504081,0.0,-1.6568458716021937,-1.6292088667498987,-1.1327975432025355,-4.61784273782839,-4.890399638806478,0.5787410736083984,0.0,-0.0,0.0,0.0,0.0,0.0,0.0,0.0,0.0,0.0,0.0,0.0,1
1786037820,802390813,0.0,-1.6568220297442835,-1.629124943410055,-1.1328213850604456,-4.6177828947650355,-4.890412036572592,0.5787290930747986,0.0,-0.0,0.0,0.0,0.0,0.0,0.0,0.0,0.0,0.0,0.0,0.0,1
1786037820,822448730,0.0,-1.656858269368307,-1.6291969458209437,-1.1328094641314905,-4.61781877676119,-4.890399638806478,0.5787530541419983,0.0,-0.0,0.0,0.0,0.0,0.0,0.0,0.0,0.0,0.0,0.0,0.0,1
1786037820,842511653,0.0,-1.6567981878863733,-1.6291969458209437,-1.1327737013446253,-4.61781877676119,-4.890339676533834,0.5787410736083984,0.0,-0.0,0.0,0.0,0.0,0.0,0.0,0.0,0.0,0.0,0.0,0.0,1
1786037820,862542629,0.0,-1.656858269368307,-1.6291487852679651,-1.1328333059894007,-4.61781877676119,-4.890399638806478,0.5787650346755981,0.0,-0.0,0.0,0.0,0.0,0.0,0.0,0.0,0.0,0.0,0.0,0.0,1
1786037820,882610797,0.0,-1.6567862669574183,-1.6291607061969202,-1.1328333059894007,-4.617770854626791,-4.890412036572592,0.5787290930747986,0.0,-0.0,0.0,0.0,0.0,0.0,0.0,0.0,0.0,0.0,0.0,0.0,1
1786037820,902449131,0.0,-1.6567981878863733,-1.629124943410055,-1.1327737013446253,-4.617806855832235,-4.890387598668234,0.5787290930747986,0.0,-0.0,0.0,0.0,0.0,0.0,0.0,0.0,0.0,0.0,0.0,0.0,1
1786037820,922280550,0.0,-1.6568339506732386,-1.6291487852679651,-1.1328213850604456,-4.617770854626791,-4.890387598668234,0.5787410736083984,0.0,-0.0,0.0,0.0,0.0,0.0,0.0,0.0,0.0,0.0,0.0,0.0,1
1786037820,942607164,0.0,-1.6568339506732386,-1.6291969458209437,-1.1328452269183558,-4.617806855832235,-4.890399638806478,0.578777015209198,0.0,-0.0,0.0,0.0,0.0,0.0,0.0,0.0,0.0,0.0,0.0,0.0,1
1786037820,962372303,0.0,-1.6567743460284632,-1.62913686433901,-1.1328333059894007,-4.61781877676119,-4.890339676533834,0.5787530541419983,0.0,-0.0,0.0,0.0,0.0,0.0,0.0,0.0,0.0,0.0,0.0,0.0,1
1786037820,982694149,0.0,-1.6568339506732386,-1.6291011015521448,-1.1327856222735804,-4.6177948156939905,-4.890375677739279,0.5787171125411987,0.0,-0.0,0.0,0.0,0.0,0.0,0.0,0.0,0.0,0.0,0.0,0.0,1
1786037821,2548694,0.0,-1.656858269368307,-1.6291969458209437,-1.1328094641314905,-4.617770854626791,-4.890375677739279,0.5787530541419983,0.0,-0.0,0.0,0.0,0.0,0.0,0.0,0.0,0.0,0.0,0.0,0.0,1
1786037821,22447824,0.0,-1.6568458716021937,-1.6291607061969202,-1.1328094641314905,-4.61781877676119,-4.890375677739279,0.5787410736083984,0.0,-0.0,0.0,0.0,0.0,0.0,0.0,0.0,0.0,0.0,0.0,0.0,1
1786037821,42457103,0.0,-1.6568458716021937,-1.6291726271258753,-1.132749382649557,-4.6177828947650355,-4.890412036572592,0.5787410736083984,0.0,-0.0,0.0,0.0,0.0,0.0,0.0,0.0,0.0,0.0,0.0,0.0,1
1786037821,62636852,0.0,-1.6568220297442835,-1.6291487852679651,-1.1327975432025355,-4.617770854626791,-4.890351716672079,0.5787290930747986,0.0,-0.0,0.0,0.0,0.0,0.0,0.0,0.0,0.0,0.0,0.0,0.0,1
1786037821,82399845,0.0,-1.6568339506732386,-1.6291607061969202,-1.1328452269183558,-4.617770854626791,-4.890387598668234,0.5787410736083984,0.0,-0.0,0.0,0.0,0.0,0.0,0.0,0.0,0.0,0.0,0.0,0.0,1
1786037821,102547645,0.0,-1.656858269368307,-1.6292088667498987,-1.1327737013446253,-4.6177948156939905,-4.890351716672079,0.578777015209198,0.0,-0.0,0.0,0.0,0.0,0.0,0.0,0.0,0.0,0.0,0.0,0.0,1
1786037821,122393608,0.0,-1.656858269368307,-1.6291487852679651,-1.1327975432025355,-4.617830816899435,-4.890423957501547,0.5787410736083984,0.0,-0.0,0.0,0.0,0.0,0.0,0.0,0.0,0.0,0.0,0.0,0.0,1
1786037821,142550230,0.0,-1.656858269368307,-1.629124943410055,-1.1328213850604456,-4.61781877676119,-4.890375677739279,0.5787530541419983,0.0,-0.0,0.0,0.0,0.0,0.0,0.0,0.0,0.0,0.0,0.0,0.0,1
1786037821,162363290,0.0,-1.6568101088153284,-1.6291607061969202,-1.1328094641314905,-4.6177828947650355,-4.890375677739279,0.5787650346755981,0.0,-0.0,0.0,0.0,0.0,0.0,0.0,0.0,0.0,0.0,0.0,0.0,1
1786037821,182521104,0.0,-1.656870190297262,-1.6291607061969202,-1.1328213850604456,-4.617806855832235,-4.890351716672079,0.5787650346755981,0.0,-0.0,0.0,0.0,0.0,0.0,0.0,0.0,0.0,0.0,0.0,0.0,1
1786037821,202394723,0.0,-1.6568101088153284,-1.62913686433901,-1.1328213850604456,-4.617758814488546,-4.890412036572592,0.5787051320075989,0.0,-0.0,0.0,0.0,0.0,0.0,0.0,0.0,0.0,0.0,0.0,0.0,1
1786037821,222605228,0.0,-1.6568220297442835,-1.629124943410055,-1.1328094641314905,-4.617770854626791,-4.890387598668234,0.5787650346755981,0.0,-0.0,0.0,0.0,0.0,0.0,0.0,0.0,0.0,0.0,0.0,0.0,1
1786037821,242572784,0.0,-1.6568339506732386,-1.6291969458209437,-1.1328094641314905,-4.61784273782839,-4.890363637601034,0.5787650346755981,0.0,-0.0,0.0,0.0,0.0,0.0,0.0,0.0,0.0,0.0,0.0,0.0,1
1786037821,262526035,0.0,-1.6568339506732386,-1.6291726271258753,-1.132749382649557,-4.617806855832235,-4.890363637601034,0.578777015209198,0.0,-0.0,0.0,0.0,0.0,0.0,0.0,0.0,0.0,0.0,0.0,0.0,1
1786037821,282338142,0.0,-1.6568339506732386,-1.6292088667498987,-1.132761303578512,-4.617806855832235,-4.890375677739279,0.5787290930747986,0.0,-0.0,0.0,0.0,0.0,0.0,0.0,0.0,0.0,0.0,0.0,0.0,1
1786037821,302522659,0.0,-1.656858269368307,-1.6291607061969202,-1.1327975432025355,-4.6177828947650355,-4.890351716672079,0.5787530541419983,0.0,-0.0,0.0,0.0,0.0,0.0,0.0,0.0,0.0,0.0,0.0,0.0,1
1786037821,322383880,0.0,-1.6568220297442835,-1.6291607061969202,-1.1327737013446253,-4.617806855832235,-4.890375677739279,0.5787171125411987,0.0,-0.0,0.0,0.0,0.0,0.0,0.0,0.0,0.0,0.0,0.0,0.0,1
1786037821,342553853,0.0,-1.656870190297262,-1.629124943410055,-1.1328333059894007,-4.6177828947650355,-4.890351716672079,0.578777015209198,0.0,-0.0,0.0,0.0,0.0,0.0,0.0,0.0,0.0,0.0,0.0,0.0,1
1786037821,362322330,0.0,-1.6567981878863733,-1.6291726271258753,-1.1328213850604456,-4.617770854626791,-4.890387598668234,0.5787530541419983,0.0,-0.0,0.0,0.0,0.0,0.0,0.0,0.0,0.0,0.0,0.0,0.0,1
1786037821,382642745,0.0,-1.6568339506732386,-1.6291607061969202,-1.1327975432025355,-4.617770854626791,-4.890351716672079,0.5787290930747986,0.0,-0.0,0.0,0.0,0.0,0.0,0.0,0.0,0.0,0.0,0.0,0.0,1
1786037821,402396202,0.0,-1.6567981878863733,-1.6291607061969202,-1.1328452269183558,-4.6177828947650355,-4.890375677739279,0.5787530541419983,0.0,-0.0,0.0,0.0,0.0,0.0,0.0,0.0,0.0,0.0,0.0,0.0,1
1786037821,422568798,0.0,-1.6568101088153284,-1.6291487852679651,-1.1328094641314905,-4.6177948156939905,-4.890363637601034,0.5787889957427979,0.0,-0.0,0.0,0.0,0.0,0.0,0.0,0.0,0.0,0.0,0.0,0.0,1
1786037821,442373275,0.0,-1.6568220297442835,-1.6291969458209437,-1.1328333059894007,-4.617770854626791,-4.890399638806478,0.5787530541419983,0.0,-0.0,0.0,0.0,0.0,0.0,0.0,0.0,0.0,0.0,0.0,0.0,1
1786037821,462686538,0.0,-1.6568339506732386,-1.6291607061969202,-1.1327975432025355,-4.6177828947650355,-4.890339676533834,0.5787530541419983,0.0,-0.0,0.0,0.0,0.0,0.0,0.0,0.0,0.0,0.0,0.0,0.0,1
1786037821,482410669,0.0,-1.6568220297442835,-1.629124943410055,-1.1328213850604456,-4.617806855832235,-4.890351716672079,0.5787889957427979,0.0,-0.0,0.0,0.0,0.0,0.0,0.0,0.0,0.0,0.0,0.0,0.0,1
1786037821,502535581,0.0,-1.6568101088153284,-1.6291850248919886,-1.1327975432025355,-4.6177948156939905,-4.890375677739279,0.5787530541419983,0.0,-0.0,0.0,0.0,0.0,0.0,0.0,0.0,0.0,0.0,0.0,0.0,1
1786037821,522392988,0.0,-1.656858269368307,-1.6291850248919886,-1.1327975432025355,-4.617830816899435,-4.890387598668234,0.5787410736083984,0.0,-0.0,0.0,0.0,0.0,0.0,0.0,0.0,0.0,0.0,0.0,0.0,1
1786037821,542528867,0.0,-1.6568220297442835,-1.62913686433901,-1.1327856222735804,-4.6177828947650355,-4.890387598668234,0.5787530541419983,0.0,-0.0,0.0,0.0,0.0,0.0,0.0,0.0,0.0,0.0,0.0,0.0,1
1786037821,562371015,0.0,-1.65676194826235,-1.6291726271258753,-1.1327737013446253,-4.61781877676119,-4.890351716672079,0.5787530541419983,0.0,-0.0,0.0,0.0,0.0,0.0,0.0,0.0,0.0,0.0,0.0,0.0,1
1786037821,582574844,0.0,-1.6567862669574183,-1.629124943410055,-1.1328333059894007,-4.617758814488546,-4.890399638806478,0.5787650346755981,0.0,-0.0,0.0,0.0,0.0,0.0,0.0,0.0,0.0,0.0,0.0,0.0,1
1786037821,602403640,0.0,-1.6568339506732386,-1.6291969458209437,-1.1327856222735804,-4.617806855832235,-4.890315715466635,0.5787650346755981,0.0,-0.0,0.0,0.0,0.0,0.0,0.0,0.0,0.0,0.0,0.0,0.0,1
1786037821,622529029,0.0,-1.6568458716021937,-1.6291726271258753,-1.1328094641314905,-4.617806855832235,-4.890412036572592,0.5787171125411987,0.0,-0.0,0.0,0.0,0.0,0.0,0.0,0.0,0.0,0.0,0.0,0.0,1
1786037821,642297506,0.0,-1.6568101088153284,-1.6291487852679651,-1.1327856222735804,-4.617806855832235,-4.890351716672079,0.5787889957427979,0.0,-0.0,0.0,0.0,0.0,0.0,0.0,0.0,0.0,0.0,0.0,0.0,1
1786037821,662610292,0.0,-1.6567862669574183,-1.6291726271258753,-1.1327737013446253,-4.6177948156939905,-4.890412036572592,0.5787650346755981,0.0,-0.0,0.0,0.0,0.0,0.0,0.0,0.0,0.0,0.0,0.0,0.0,1
1786037821,682389974,0.0,-1.6568101088153284,-1.6291969458209437,-1.1328333059894007,-4.617746893559591,-4.890339676533834,0.5787530541419983,0.0,-0.0,0.0,0.0,0.0,0.0,0.0,0.0,0.0,0.0,0.0,0.0,1
1786037821,702632665,0.0,-1.6568339506732386,-1.6291850248919886,-1.1328094641314905,-4.6177828947650355,-4.890351716672079,0.578777015209198,0.0,-0.0,0.0,0.0,0.0,0.0,0.0,0.0,0.0,0.0,0.0,0.0,1
1786037821,722409248,0.0,-1.6568101088153284,-1.6291850248919886,-1.1328452269183558,-4.61784273782839,-4.890375677739279,0.5787530541419983,0.0,-0.0,0.0,0.0,0.0,0.0,0.0,0.0,0.0,0.0,0.0,0.0,1
1786037821,742513895,0.0,-1.6567981878863733,-1.6291850248919886,-1.1328094641314905,-4.617806855832235,-4.890387598668234,0.578777015209198,0.0,-0.0,0.0,0.0,0.0,0.0,0.0,0.0,0.0,0.0,0.0,0.0,1
1786037821,762385129,0.0,-1.6568101088153284,-1.6292327086078089,-1.1327975432025355,-4.617806855832235,-4.890351716672079,0.5787410736083984,0.0,-0.0,0.0,0.0,0.0,0.0,0.0,0.0,0.0,0.0,0.0,0.0,1
1786037821,782619953,0.0,-1.6568101088153284,-1.6291487852679651,-1.1327737013446253,-4.617770854626791,-4.890351716672079,0.578777015209198,0.0,-0.0,0.0,0.0,0.0,0.0,0.0,0.0,0.0,0.0,0.0,0.0,1
1786037821,802400112,0.0,-1.6568458716021937,-1.6291850248919886,-1.1327856222735804,-4.6177828947650355,-4.890412036572592,0.5787290930747986,0.0,-0.0,0.0,0.0,0.0,0.0,0.0,0.0,0.0,0.0,0.0,0.0,1
1786037821,822605371,0.0,-1.6567743460284632,-1.6291487852679651,-1.1327856222735804,-4.617806855832235,-4.890351716672079,0.5787410736083984,0.0,-0.0,0.0,0.0,0.0,0.0,0.0,0.0,0.0,0.0,0.0,0.0,1
1786037821,842433214,0.0,-1.6568101088153284,-1.6291726271258753,-1.1328094641314905,-4.6177948156939905,-4.890375677739279,0.5788009762763977,0.0,-0.0,0.0,0.0,0.0,0.0,0.0,0.0,0.0,0.0,0.0,0.0,1
1786037821,862564563,0.0,-1.6568101088153284,-1.6291726271258753,-1.1327737013446253,-4.617770854626791,-4.890387598668234,0.578777015209198,0.0,-0.0,0.0,0.0,0.0,0.0,0.0,0.0,0.0,0.0,0.0,0.0,1
1786037821,882367849,0.0,-1.65676194826235,-1.6291850248919886,-1.1327975432025355,-4.61784273782839,-4.890399638806478,0.5787171125411987,0.0,-0.0,0.0,0.0,0.0,0.0,0.0,0.0,0.0,0.0,0.0,0.0,1
1786037821,902642965,0.0,-1.6568220297442835,-1.6291607061969202,-1.1328094641314905,-4.61784273782839,-4.890363637601034,0.578777015209198,0.0,-0.0,0.0,0.0,0.0,0.0,0.0,0.0,0.0,0.0,0.0,0.0,1
1786037821,922378063,0.0,-1.6568220297442835,-1.6291726271258753,-1.1327975432025355,-4.617770854626791,-4.890351716672079,0.5787410736083984,0.0,-0.0,0.0,0.0,0.0,0.0,0.0,0.0,0.0,0.0,0.0,0.0,1
1786037821,942525625,0.0,-1.6567981878863733,-1.6291726271258753,-1.1327737013446253,-4.6177948156939905,-4.890375677739279,0.5788009762763977,0.0,-0.0,0.0,0.0,0.0,0.0,0.0,0.0,0.0,0.0,0.0,0.0,1
1786037821,962348461,0.0,-1.6568458716021937,-1.6291726271258753,-1.1327975432025355,-4.61781877676119,-4.890387598668234,0.5787051320075989,0.0,-0.0,0.0,0.0,0.0,0.0,0.0,0.0,0.0,0.0,0.0,0.0,1
1786037821,982438564,0.0,-1.6567981878863733,-1.6291726271258753,-1.1327374617206019,-4.617806855832235,-4.890412036572592,0.5787410736083984,0.0,-0.0,0.0,0.0,0.0,0.0,0.0,0.0,0.0,0.0,0.0,0.0,1
1786037822,2380132,0.0,-1.6568339506732386,-1.6291487852679651,-1.1327975432025355,-4.6177948156939905,-4.890412036572592,0.5787889957427979,0.0,-0.0,0.0,0.0,0.0,0.0,0.0,0.0,0.0,0.0,0.0,0.0,1
1786037822,22503376,0.0,-1.6568458716021937,-1.6291850248919886,-1.1327856222735804,-4.6177828947650355,-4.890412036572592,0.578777015209198,0.0,-0.0,0.0,0.0,0.0,0.0,0.0,0.0,0.0,0.0,0.0,0.0,1
1786037822,42356252,0.0,-1.656858269368307,-1.6292088667498987,-1.1328452269183558,-4.617806855832235,-4.890387598668234,0.5787650346755981,0.0,-0.0,0.0,0.0,0.0,0.0,0.0,0.0,0.0,0.0,0.0,0.0,1
1786037822,62541723,0.0,-1.6568339506732386,-1.6292088667498987,-1.132761303578512,-4.617770854626791,-4.890363637601034,0.5787171125411987,0.0,-0.0,0.0,0.0,0.0,0.0,0.0,0.0,0.0,0.0,0.0,0.0,1
1786037822,82437515,0.0,-1.6567743460284632,-1.629124943410055,-1.1327856222735804,-4.61781877676119,-4.890399638806478,0.5787650346755981,0.0,-0.0,0.0,0.0,0.0,0.0,0.0,0.0,0.0,0.0,0.0,0.0,1
1786037822,102627515,0.0,-1.6568220297442835,-1.6291726271258753,-1.1327737013446253,-4.6177828947650355,-4.890399638806478,0.5787530541419983,0.0,-0.0,0.0,0.0,0.0,0.0,0.0,0.0,0.0,0.0,0.0,0.0,1
1786037822,122397184,0.0,-1.6568220297442835,-1.6291487852679651,-1.1328452269183558,-4.6177828947650355,-4.890399638806478,0.5787530541419983,0.0,-0.0,0.0,0.0,0.0,0.0,0.0,0.0,0.0,0.0,0.0,0.0,1
1786037822,142549991,0.0,-1.6568101088153284,-1.6291487852679651,-1.1327975432025355,-4.6177828947650355,-4.890399638806478,0.5787410736083984,0.0,-0.0,0.0,0.0,0.0,0.0,0.0,0.0,0.0,0.0,0.0,0.0,1
1786037822,162356853,0.0,-1.6567981878863733,-1.6291487852679651,-1.1328213850604456,-4.617806855832235,-4.890375677739279,0.578693151473999,0.0,-0.0,0.0,0.0,0.0,0.0,0.0,0.0,0.0,0.0,0.0,0.0,1
1786037822,182635784,0.0,-1.6567862669574183,-1.6291607061969202,-1.132761303578512,-4.6177828947650355,-4.890339676533834,0.5787410736083984,0.0,-0.0,0.0,0.0,0.0,0.0,0.0,0.0,0.0,0.0,0.0,0.0,1
1786037822,202346086,0.0,-1.6568101088153284,-1.6291130224811,-1.1328333059894007,-4.617758814488546,-4.890375677739279,0.5787410736083984,0.0,-0.0,0.0,0.0,0.0,0.0,0.0,0.0,0.0,0.0,0.0,0.0,1
1786037822,222508907,0.0,-1.6568339506732386,-1.6292088667498987,-1.1328213850604456,-4.6177828947650355,-4.890351716672079,0.5787530541419983,0.0,-0.0,0.0,0.0,0.0,0.0,0.0,0.0,0.0,0.0,0.0,0.0,1
1786037822,242386102,0.0,-1.6568458716021937,-1.6291607061969202,-1.1328094641314905,-4.61781877676119,-4.890327755604879,0.5787889957427979,0.0,-0.0,0.0,0.0,0.0,0.0,0.0,0.0,0.0,0.0,0.0,0.0,1
1786037822,262555599,0.0,-1.6568101088153284,-1.6291726271258753,-1.1328213850604456,-4.617758814488546,-4.890375677739279,0.5787530541419983,0.0,-0.0,0.0,0.0,0.0,0.0,0.0,0.0,0.0,0.0,0.0,0.0,1
1786037822,282391786,0.0,-1.6567981878863733,-1.6291607061969202,-1.132857624684469,-4.617758814488546,-4.890363637601034,0.5787530541419983,0.0,-0.0,0.0,0.0,0.0,0.0,0.0,0.0,0.0,0.0,0.0,0.0,1
1786037822,302567243,0.0,-1.6567743460284632,-1.6291726271258753,-1.1328094641314905,-4.617770854626791,-4.890375677739279,0.5787171125411987,0.0,-0.0,0.0,0.0,0.0,0.0,0.0,0.0,0.0,0.0,0.0,0.0,1
1786037822,322532415,0.0,-1.6568339506732386,-1.6291726271258753,-1.132749382649557,-4.617806855832235,-4.890412036572592,0.5787650346755981,0.0,-0.0,0.0,0.0,0.0,0.0,0.0,0.0,0.0,0.0,0.0,0.0,1
1786037822,342563390,0.0,-1.6568339506732386,-1.62913686433901,-1.1328333059894007,-4.61781877676119,-4.890339676533834,0.5787410736083984,0.0,-0.0,0.0,0.0,0.0,0.0,0.0,0.0,0.0,0.0,0.0,0.0,1
1786037822,362420558,0.0,-1.6568220297442835,-1.6291726271258753,-1.1328333059894007,-4.61781877676119,-4.890387598668234,0.5787650346755981,0.0,-0.0,0.0,0.0,0.0,0.0,0.0,0.0,0.0,0.0,0.0,0.0,1
1786037822,382643461,0.0,-1.6567743460284632,-1.6291850248919886,-1.1328213850604456,-4.617758814488546,-4.890399638806478,0.5787650346755981,0.0,-0.0,0.0,0.0,0.0,0.0,0.0,0.0,0.0,0.0,0.0,0.0,1
1786037822,402517557,0.0,-1.6568101088153284,-1.6291850248919886,-1.1328333059894007,-4.6177948156939905,-4.890351716672079,0.5787171125411987,0.0,-0.0,0.0,0.0,0.0,0.0,0.0,0.0,0.0,0.0,0.0,0.0,1
1786037822,422590494,0.0,-1.6567862669574183,-1.6291850248919886,-1.1328094641314905,-4.6177828947650355,-4.890399638806478,0.578777015209198,0.0,-0.0,0.0,0.0,0.0,0.0,0.0,0.0,0.0,0.0,0.0,0.0,1
1786037822,442364454,0.0,-1.6567981878863733,-1.6291607061969202,-1.1327737013446253,-4.6177828947650355,-4.890375677739279,0.578777015209198,0.0,-0.0,0.0,0.0,0.0,0.0,0.0,0.0,0.0,0.0,0.0,0.0,1
1786037822,462655305,0.0,-1.6568339506732386,-1.6291850248919886,-1.1328213850604456,-4.6177828947650355,-4.890363637601034,0.5787290930747986,0.0,-0.0,0.0,0.0,0.0,0.0,0.0,0.0,0.0,0.0,0.0,0.0,1
1786037822,482337474,0.0,-1.6568458716021937,-1.6292088667498987,-1.1328213850604456,-4.61781877676119,-4.890387598668234,0.5787171125411987,0.0,-0.0,0.0,0.0,0.0,0.0,0.0,0.0,0.0,0.0,0.0,0.0,1
1786037822,502599000,0.0,-1.6567862669574183,-1.6291850248919886,-1.1328213850604456,-4.61781877676119,-4.890351716672079,0.578693151473999,0.0,-0.0,0.0,0.0,0.0,0.0,0.0,0.0,0.0,0.0,0.0,0.0,1
1786037822,522456645,0.0,-1.6568220297442835,-1.6291850248919886,-1.1327856222735804,-4.6177948156939905,-4.890363637601034,0.5787530541419983,0.0,-0.0,0.0,0.0,0.0,0.0,0.0,0.0,0.0,0.0,0.0,0.0,1
1786037822,542551279,0.0,-1.6568220297442835,-1.6292088667498987,-1.1327975432025355,-4.6177948156939905,-4.890399638806478,0.578777015209198,0.0,-0.0,0.0,0.0,0.0,0.0,0.0,0.0,0.0,0.0,0.0,0.0,1
1786037822,562361955,0.0,-1.6568220297442835,-1.6291726271258753,-1.1328094641314905,-4.6177948156939905,-4.890375677739279,0.578777015209198,0.0,-0.0,0.0,0.0,0.0,0.0,0.0,0.0,0.0,0.0,0.0,0.0,1
1786037822,582449913,0.0,-1.6568339506732386,-1.6291487852679651,-1.1328094641314905,-4.617770854626791,-4.890375677739279,0.578777015209198,0.0,-0.0,0.0,0.0,0.0,0.0,0.0,0.0,0.0,0.0,0.0,0.0,1
1786037822,602414369,0.0,-1.6567981878863733,-1.6291607061969202,-1.1327737013446253,-4.617770854626791,-4.890387598668234,0.5787171125411987,0.0,-0.0,0.0,0.0,0.0,0.0,0.0,0.0,0.0,0.0,0.0,0.0,1
1786037822,622617244,0.0,-1.6568220297442835,-1.6291969458209437,-1.1327856222735804,-4.61781877676119,-4.890375677739279,0.578777015209198,0.0,-0.0,0.0,0.0,0.0,0.0,0.0,0.0,0.0,0.0,0.0,0.0,1
1786037822,642422199,0.0,-1.6568339506732386,-1.6291969458209437,-1.1328333059894007,-4.61781877676119,-4.890375677739279,0.5787530541419983,0.0,-0.0,0.0,0.0,0.0,0.0,0.0,0.0,0.0,0.0,0.0,0.0,1
1786037822,662514448,0.0,-1.6568220297442835,-1.629124943410055,-1.1327975432025355,-4.61784273782839,-4.890412036572592,0.5787410736083984,0.0,-0.0,0.0,0.0,0.0,0.0,0.0,0.0,0.0,0.0,0.0,0.0,1
1786037822,682575702,0.0,-1.6568101088153284,-1.62913686433901,-1.1327975432025355,-4.61781877676119,-4.890387598668234,0.5787171125411987,0.0,-0.0,0.0,0.0,0.0,0.0,0.0,0.0,0.0,0.0,0.0,0.0,1
1786037822,702903270,0.0,-1.656870190297262,-1.62913686433901,-1.1328213850604456,-4.6177948156939905,-4.890375677739279,0.578777015209198,0.0,-0.0,0.0,0.0,0.0,0.0,0.0,0.0,0.0,0.0,0.0,0.0,1
1786037822,722451448,0.0,-1.6568220297442835,-1.6291726271258753,-1.1327856222735804,-4.6177828947650355,-4.890375677739279,0.5787530541419983,0.0,-0.0,0.0,0.0,0.0,0.0,0.0,0.0,0.0,0.0,0.0,0.0,1
1786037822,742621898,0.0,-1.6568101088153284,-1.62913686433901,-1.132761303578512,-4.617806855832235,-4.890387598668234,0.5787290930747986,0.0,-0.0,0.0,0.0,0.0,0.0,0.0,0.0,0.0,0.0,0.0,0.0,1
1786037822,762407064,0.0,-1.6568220297442835,-1.6291969458209437,-1.1328094641314905,-4.617806855832235,-4.890399638806478,0.5787290930747986,0.0,-0.0,0.0,0.0,0.0,0.0,0.0,0.0,0.0,0.0,0.0,0.0,1
1786037822,782539844,0.0,-1.6568101088153284,-1.6292088667498987,-1.1327856222735804,-4.6177948156939905,-4.890399638806478,0.5787051320075989,0.0,-0.0,0.0,0.0,0.0,0.0,0.0,0.0,0.0,0.0,0.0,0.0,1
1786037822,802362680,0.0,-1.6568101088153284,-1.6291487852679651,-1.132749382649557,-4.617806855832235,-4.890351716672079,0.5787290930747986,0.0,-0.0,0.0,0.0,0.0,0.0,0.0,0.0,0.0,0.0,0.0,0.0,1
1786037822,822637319,0.0,-1.6568220297442835,-1.6291850248919886,-1.1328333059894007,-4.617746893559591,-4.890351716672079,0.5787171125411987,0.0,-0.0,0.0,0.0,0.0,0.0,0.0,0.0,0.0,0.0,0.0,0.0,1
1786037822,842518091,0.0,-1.6568220297442835,-1.6291850248919886,-1.1328213850604456,-4.617770854626791,-4.890351716672079,0.5787171125411987,0.0,-0.0,0.0,0.0,0.0,0.0,0.0,0.0,0.0,0.0,0.0,0.0,1
1786037822,862628459,0.0,-1.6567743460284632,-1.6291726271258753,-1.1327856222735804,-4.6177948156939905,-4.890399638806478,0.5787410736083984,0.0,-0.0,0.0,0.0,0.0,0.0,0.0,0.0,0.0,0.0,0.0,0.0,1
1786037822,882396936,0.0,-1.6568458716021937,-1.6291969458209437,-1.132761303578512,-4.61781877676119,-4.890363637601034,0.578777015209198,0.0,-0.0,0.0,0.0,0.0,0.0,0.0,0.0,0.0,0.0,0.0,0.0,1
1786037822,902530908,0.0,-1.6567981878863733,-1.6291487852679651,-1.1327737013446253,-4.617830816899435,-4.890375677739279,0.5787530541419983,0.0,-0.0,0.0,0.0,0.0,0.0,0.0,0.0,0.0,0.0,0.0,0.0,1
1786037822,922510147,0.0,-1.6568458716021937,-1.6292088667498987,-1.132761303578512,-4.617770854626791,-4.890387598668234,0.578777015209198,0.0,-0.0,0.0,0.0,0.0,0.0,0.0,0.0,0.0,0.0,0.0,0.0,1
1786037822,942546129,0.0,-1.6567981878863733,-1.6291850248919886,-1.1327975432025355,-4.617806855832235,-4.890387598668234,0.5787530541419983,0.0,-0.0,0.0,0.0,0.0,0.0,0.0,0.0,0.0,0.0,0.0,0.0,1
1786037822,962371587,0.0,-1.656858269368307,-1.6291607061969202,-1.132761303578512,-4.6177828947650355,-4.890412036572592,0.5787410736083984,0.0,-0.0,0.0,0.0,0.0,0.0,0.0,0.0,0.0,0.0,0.0,0.0,1
1786037822,982652902,0.0,-1.6568458716021937,-1.6291726271258753,-1.1327975432025355,-4.617770854626791,-4.890399638806478,0.5787171125411987,0.0,-0.0,0.0,0.0,0.0,0.0,0.0,0.0,0.0,0.0,0.0,0.0,1
1786037823,2425670,0.0,-1.6568220297442835,-1.6291969458209437,-1.1328094641314905,-4.617758814488546,-4.890339676533834,0.5787290930747986,0.0,-0.0,0.0,0.0,0.0,0.0,0.0,0.0,0.0,0.0,0.0,0.0,1
1786037823,22514104,0.0,-1.6568101088153284,-1.6291726271258753,-1.1328094641314905,-4.61781877676119,-4.890351716672079,0.5787410736083984,0.0,-0.0,0.0,0.0,0.0,0.0,0.0,0.0,0.0,0.0,0.0,0.0,1
1786037823,42416334,0.0,-1.6568101088153284,-1.6291850248919886,-1.1328094641314905,-4.61781877676119,-4.890399638806478,0.5787889957427979,0.0,-0.0,0.0,0.0,0.0,0.0,0.0,0.0,0.0,0.0,0.0,0.0,1
1786037823,62666654,0.0,-1.6567743460284632,-1.6291726271258753,-1.1328333059894007,-4.617770854626791,-4.890399638806478,0.5787171125411987,0.0,-0.0,0.0,0.0,0.0,0.0,0.0,0.0,0.0,0.0,0.0,0.0,1
1786037823,82453489,0.0,-1.6568220297442835,-1.6292088667498987,-1.1327737013446253,-4.617806855832235,-4.890351716672079,0.5787290930747986,0.0,-0.0,0.0,0.0,0.0,0.0,0.0,0.0,0.0,0.0,0.0,0.0,1
1786037823,102515220,0.0,-1.6567981878863733,-1.6291487852679651,-1.1328094641314905,-4.6177948156939905,-4.890412036572592,0.5787410736083984,0.0,-0.0,0.0,0.0,0.0,0.0,0.0,0.0,0.0,0.0,0.0,0.0,1
1786037823,122441530,0.0,-1.6568101088153284,-1.6291011015521448,-1.1328094641314905,-4.617806855832235,-4.890399638806478,0.5787410736083984,0.0,-0.0,0.0,0.0,0.0,0.0,0.0,0.0,0.0,0.0,0.0,0.0,1
1786037823,142560720,0.0,-1.6567862669574183,-1.629124943410055,-1.132749382649557,-4.617722932492391,-4.890339676533834,0.5787410736083984,0.0,-0.0,0.0,0.0,0.0,0.0,0.0,0.0,0.0,0.0,0.0,0.0,1
1786037823,162374734,0.0,-1.6568458716021937,-1.6291607061969202,-1.1328333059894007,-4.6177828947650355,-4.890363637601034,0.5787530541419983,0.0,-0.0,0.0,0.0,0.0,0.0,0.0,0.0,0.0,0.0,0.0,0.0,1
1786037823,182612657,0.0,-1.6567981878863733,-1.629124943410055,-1.1328213850604456,-4.617758814488546,-4.890387598668234,0.5787410736083984,0.0,-0.0,0.0,0.0,0.0,0.0,0.0,0.0,0.0,0.0,0.0,0.0,1
1786037823,202373266,0.0,-1.6567862669574183,-1.6292088667498987,-1.1328333059894007,-4.617806855832235,-4.890387598668234,0.5787051320075989,0.0,-0.0,0.0,0.0,0.0,0.0,0.0,0.0,0.0,0.0,0.0,0.0,1
1786037823,222447156,0.0,-1.6567862669574183,-1.6291850248919886,-1.1327975432025355,-4.617806855832235,-4.890363637601034,0.5787530541419983,0.0,-0.0,0.0,0.0,0.0,0.0,0.0,0.0,0.0,0.0,0.0,0.0,1
1786037823,242339372,0.0,-1.6568101088153284,-1.6291130224811,-1.1327975432025355,-4.61781877676119,-4.890399638806478,0.5787650346755981,0.0,-0.0,0.0,0.0,0.0,0.0,0.0,0.0,0.0,0.0,0.0,0.0,1
1786037823,262657165,0.0,-1.6567862669574183,-1.6291607061969202,-1.1327975432025355,-4.6177828947650355,-4.890412036572592,0.5787650346755981,0.0,-0.0,0.0,0.0,0.0,0.0,0.0,0.0,0.0,0.0,0.0,0.0,1
1786037823,282294273,0.0,-1.6568339506732386,-1.6291607061969202,-1.1327975432025355,-4.61781877676119,-4.890351716672079,0.5787290930747986,0.0,-0.0,0.0,0.0,0.0,0.0,0.0,0.0,0.0,0.0,0.0,0.0,1
1786037823,302548885,0.0,-1.656858269368307,-1.6291850248919886,-1.1328452269183558,-4.61781877676119,-4.890315715466635,0.5787171125411987,0.0,-0.0,0.0,0.0,0.0,0.0,0.0,0.0,0.0,0.0,0.0,0.0,1
1786037823,322388410,0.0,-1.6568458716021937,-1.6291726271258753,-1.1328094641314905,-4.617746893559591,-4.890375677739279,0.578777015209198,0.0,-0.0,0.0,0.0,0.0,0.0,0.0,0.0,0.0,0.0,0.0,0.0,1
1786037823,342510700,0.0,-1.6568101088153284,-1.6292088667498987,-1.1327856222735804,-4.617830816899435,-4.890351716672079,0.5787410736083984,0.0,-0.0,0.0,0.0,0.0,0.0,0.0,0.0,0.0,0.0,0.0,0.0,1
1786037823,362409830,0.0,-1.656870190297262,-1.62913686433901,-1.1328333059894007,-4.61781877676119,-4.890375677739279,0.5787650346755981,0.0,-0.0,0.0,0.0,0.0,0.0,0.0,0.0,0.0,0.0,0.0,0.0,1
1786037823,382618665,0.0,-1.6567743460284632,-1.6291607061969202,-1.132761303578512,-4.61784273782839,-4.890351716672079,0.5787410736083984,0.0,-0.0,0.0,0.0,0.0,0.0,0.0,0.0,0.0,0.0,0.0,0.0,1
1786037823,402388811,0.0,-1.6568101088153284,-1.6291487852679651,-1.1327737013446253,-4.6177948156939905,-4.890387598668234,0.5787410736083984,0.0,-0.0,0.0,0.0,0.0,0.0,0.0,0.0,0.0,0.0,0.0,0.0,1
1786037823,422427654,0.0,-1.6568339506732386,-1.6291607061969202,-1.1327975432025355,-4.6177828947650355,-4.890375677739279,0.5787650346755981,0.0,-0.0,0.0,0.0,0.0,0.0,0.0,0.0,0.0,0.0,0.0,0.0,1
1786037823,442397356,0.0,-1.6568339506732386,-1.6291726271258753,-1.132749382649557,-4.61781877676119,-4.890327755604879,0.5787171125411987,0.0,-0.0,0.0,0.0,0.0,0.0,0.0,0.0,0.0,0.0,0.0,0.0,1
1786037823,462588787,0.0,-1.6568220297442835,-1.629124943410055,-1.1327856222735804,-4.6177948156939905,-4.890351716672079,0.5787650346755981,0.0,-0.0,0.0,0.0,0.0,0.0,0.0,0.0,0.0,0.0,0.0,0.0,1
1786037823,482373952,0.0,-1.6568339506732386,-1.6292088667498987,-1.1328094641314905,-4.61781877676119,-4.890399638806478,0.5787171125411987,0.0,-0.0,0.0,0.0,0.0,0.0,0.0,0.0,0.0,0.0,0.0,0.0,1
1786037823,502455472,0.0,-1.6567981878863733,-1.6291969458209437,-1.1328333059894007,-4.617758814488546,-4.890375677739279,0.5787650346755981,0.0,-0.0,0.0,0.0,0.0,0.0,0.0,0.0,0.0,0.0,0.0,0.0,1
1786037823,522600889,0.0,-1.6568220297442835,-1.6292088667498987,-1.1327856222735804,-4.6177828947650355,-4.890351716672079,0.5787290930747986,0.0,-0.0,0.0,0.0,0.0,0.0,0.0,0.0,0.0,0.0,0.0,0.0,1
1786037823,542549610,0.0,-1.6568101088153284,-1.6291607061969202,-1.132857624684469,-4.617758814488546,-4.890351716672079,0.578777015209198,0.0,-0.0,0.0,0.0,0.0,0.0,0.0,0.0,0.0,0.0,0.0,0.0,1
1786037823,562345266,0.0,-1.6568220297442835,-1.629124943410055,-1.1328452269183558,-4.6177948156939905,-4.890351716672079,0.5787410736083984,0.0,-0.0,0.0,0.0,0.0,0.0,0.0,0.0,0.0,0.0,0.0,0.0,1
1786037823,582577228,0.0,-1.6567743460284632,-1.6291850248919886,-1.1328094641314905,-4.6177828947650355,-4.890339676533834,0.5787530541419983,0.0,-0.0,0.0,0.0,0.0,0.0,0.0,0.0,0.0,0.0,0.0,0.0,1
1786037823,602313995,0.0,-1.6567981878863733,-1.6291850248919886,-1.1328333059894007,-4.617770854626791,-4.890363637601034,0.5786811709403992,0.0,-0.0,0.0,0.0,0.0,0.0,0.0,0.0,0.0,0.0,0.0,0.0,1
1786037823,622583389,0.0,-1.6568220297442835,-1.6291607061969202,-1.1328094641314905,-4.617770854626791,-4.890399638806478,0.5787530541419983,0.0,-0.0,0.0,0.0,0.0,0.0,0.0,0.0,0.0,0.0,0.0,0.0,1
1786037823,642341852,0.0,-1.6567743460284632,-1.6291850248919886,-1.1327856222735804,-4.6177828947650355,-4.890351716672079,0.5787290930747986,0.0,-0.0,0.0,0.0,0.0,0.0,0.0,0.0,0.0,0.0,0.0,0.0,1
1786037823,662598848,0.0,-1.6568220297442835,-1.6291969458209437,-1.1328452269183558,-4.617806855832235,-4.890339676533834,0.5787171125411987,0.0,-0.0,0.0,0.0,0.0,0.0,0.0,0.0,0.0,0.0,0.0,0.0,1
1786037823,682512044,0.0,-1.6567743460284632,-1.6291607061969202,-1.1328213850604456,-4.6177948156939905,-4.890423957501547,0.5787530541419983,0.0,-0.0,0.0,0.0,0.0,0.0,0.0,0.0,0.0,0.0,0.0,0.0,1
1786037823,702542543,0.0,-1.6568220297442835,-1.6291850248919886,-1.1327856222735804,-4.61781877676119,-4.890375677739279,0.5787410736083984,0.0,-0.0,0.0,0.0,0.0,0.0,0.0,0.0,0.0,0.0,0.0,0.0,1
1786037823,722340106,0.0,-1.6568339506732386,-1.6291487852679651,-1.1328213850604456,-4.6177828947650355,-4.890375677739279,0.578693151473999,0.0,-0.0,0.0,0.0,0.0,0.0,0.0,0.0,0.0,0.0,0.0,0.0,1
1786037823,742592573,0.0,-1.6568339506732386,-1.6291607061969202,-1.1328213850604456,-4.617770854626791,-4.890363637601034,0.578777015209198,0.0,-0.0,0.0,0.0,0.0,0.0,0.0,0.0,0.0,0.0,0.0,0.0,1
1786037823,762444734,0.0,-1.6567862669574183,-1.6291487852679651,-1.1328094641314905,-4.61781877676119,-4.890375677739279,0.5787410736083984,0.0,-0.0,0.0,0.0,0.0,0.0,0.0,0.0,0.0,0.0,0.0,0.0,1
1786037823,782597303,0.0,-1.6568339506732386,-1.6292088667498987,-1.1327737013446253,-4.617770854626791,-4.890339676533834,0.5787530541419983,0.0,-0.0,0.0,0.0,0.0,0.0,0.0,0.0,0.0,0.0,0.0,0.0,1
1786037823,802518129,0.0,-1.6568458716021937,-1.6291850248919886,-1.132761303578512,-4.617770854626791,-4.890375677739279,0.578777015209198,0.0,-0.0,0.0,0.0,0.0,0.0,0.0,0.0,0.0,0.0,0.0,0.0,1
1786037823,822448730,0.0,-1.6568220297442835,-1.6291607061969202,-1.1327856222735804,-4.617806855832235,-4.890423957501547,0.5787051320075989,0.0,-0.0,0.0,0.0,0.0,0.0,0.0,0.0,0.0,0.0,0.0,0.0,1
1786037823,842360973,0.0,-1.656858269368307,-1.6291607061969202,-1.1327975432025355,-4.61784273782839,-4.890363637601034,0.5787171125411987,0.0,-0.0,0.0,0.0,0.0,0.0,0.0,0.0,0.0,0.0,0.0,0.0,1
1786037823,862567424,0.0,-1.6568220297442835,-1.6292088667498987,-1.1327856222735804,-4.6177828947650355,-4.890399638806478,0.5787530541419983,0.0,-0.0,0.0,0.0,0.0,0.0,0.0,0.0,0.0,0.0,0.0,0.0,1
1786037823,882343530,0.0,-1.6568101088153284,-1.6291726271258753,-1.1327856222735804,-4.617758814488546,-4.890363637601034,0.5787410736083984,0.0,-0.0,0.0,0.0,0.0,0.0,0.0,0.0,0.0,0.0,0.0,0.0,1
1786037823,902586698,0.0,-1.6568220297442835,-1.6291726271258753,-1.1328333059894007,-4.617770854626791,-4.890351716672079,0.5787410736083984,0.0,-0.0,0.0,0.0,0.0,0.0,0.0,0.0,0.0,0.0,0.0,0.0,1
1786037823,922344207,0.0,-1.6568101088153284,-1.6292088667498987,-1.1327737013446253,-4.617806855832235,-4.890315715466635,0.578777015209198,0.0,-0.0,0.0,0.0,0.0,0.0,0.0,0.0,0.0,0.0,0.0,0.0,1
1786037823,942459344,0.0,-1.6567862669574183,-1.6291726271258753,-1.1327975432025355,-4.6177828947650355,-4.890387598668234,0.5787410736083984,0.0,-0.0,0.0,0.0,0.0,0.0,0.0,0.0,0.0,0.0,0.0,0.0,1
1786037823,962396621,0.0,-1.6568339506732386,-1.6291726271258753,-1.1327856222735804,-4.6177948156939905,-4.890351716672079,0.5787171125411987,0.0,-0.0,0.0,0.0,0.0,0.0,0.0,0.0,0.0,0.0,0.0,0.0,1
1786037823,982589483,0.0,-1.6568220297442835,-1.6291726271258753,-1.1328094641314905,-4.61781877676119,-4.890351716672079,0.5788009762763977,0.0,-0.0,0.0,0.0,0.0,0.0,0.0,0.0,0.0,0.0,0.0,0.0,1
1786037824,2382040,0.0,-1.6567500273333948,-1.6291607061969202,-1.1327856222735804,-4.6177948156939905,-4.890375677739279,0.578777015209198,0.0,-0.0,0.0,0.0,0.0,0.0,0.0,0.0,0.0,0.0,0.0,0.0,1
1786037824,22533655,0.0,-1.6568220297442835,-1.6291607061969202,-1.1327737013446253,-4.617770854626791,-4.890387598668234,0.5787290930747986,0.0,-0.0,0.0,0.0,0.0,0.0,0.0,0.0,0.0,0.0,0.0,0.0,1
1786037824,42373657,0.0,-1.6568458716021937,-1.6291850248919886,-1.1327856222735804,-4.6177948156939905,-4.890375677739279,0.578777015209198,0.0,-0.0,0.0,0.0,0.0,0.0,0.0,0.0,0.0,0.0,0.0,0.0,1
1786037824,62610387,0.0,-1.656858269368307,-1.6292088667498987,-1.1327856222735804,-4.617830816899435,-4.890435997639791,0.578777015209198,0.0,-0.0,0.0,0.0,0.0,0.0,0.0,0.0,0.0,0.0,0.0,0.0,1
1786037824,82420587,0.0,-1.6567981878863733,-1.6291487852679651,-1.1327856222735804,-4.617770854626791,-4.890423957501547,0.5787171125411987,0.0,-0.0,0.0,0.0,0.0,0.0,0.0,0.0,0.0,0.0,0.0,0.0,1
1786037824,102514028,0.0,-1.6568220297442835,-1.6292207876788538,-1.1328094641314905,-4.617770854626791,-4.890351716672079,0.5788249969482422,0.0,-0.0,0.0,0.0,0.0,0.0,0.0,0.0,0.0,0.0,0.0,0.0,1
1786037824,122332811,0.0,-1.6568101088153284,-1.62913686433901,-1.1328094641314905,-4.6177948156939905,-4.890399638806478,0.5787171125411987,0.0,-0.0,0.0,0.0,0.0,0.0,0.0,0.0,0.0,0.0,0.0,0.0,1
1786037824,142559528,0.0,-1.6568339506732386,-1.629124943410055,-1.1328094641314905,-4.617746893559591,-4.890387598668234,0.578777015209198,0.0,-0.0,0.0,0.0,0.0,0.0,0.0,0.0,0.0,0.0,0.0,0.0,1
1786037824,162376165,0.0,-1.6568101088153284,-1.6291726271258753,-1.1328094641314905,-4.61781877676119,-4.890363637601034,0.5787650346755981,0.0,-0.0,0.0,0.0,0.0,0.0,0.0,0.0,0.0,0.0,0.0,0.0,1
1786037824,182576894,0.0,-1.6568339506732386,-1.6291726271258753,-1.132761303578512,-4.617758814488546,-4.890363637601034,0.578777015209198,0.0,-0.0,0.0,0.0,0.0,0.0,0.0,0.0,0.0,0.0,0.0,0.0,1
1786037824,202508687,0.0,-1.6568220297442835,-1.6291607061969202,-1.1328094641314905,-4.6177828947650355,-4.890412036572592,0.5787410736083984,0.0,-0.0,0.0,0.0,0.0,0.0,0.0,0.0,0.0,0.0,0.0,0.0,1
1786037824,222628116,0.0,-1.6567981878863733,-1.629244629536764,-1.1327975432025355,-4.6177828947650355,-4.890375677739279,0.5787051320075989,0.0,-0.0,0.0,0.0,0.0,0.0,0.0,0.0,0.0,0.0,0.0,0.0,1
1786037824,242346048,0.0,-1.6568339506732386,-1.6291487852679651,-1.1328333059894007,-4.617758814488546,-4.890351716672079,0.578777015209198,0.0,-0.0,0.0,0.0,0.0,0.0,0.0,0.0,0.0,0.0,0.0,0.0,1
1786037824,262566089,0.0,-1.6568101088153284,-1.6291607061969202,-1.1328333059894007,-4.617758814488546,-4.890327755604879,0.5787530541419983,0.0,-0.0,0.0,0.0,0.0,0.0,0.0,0.0,0.0,0.0,0.0,0.0,1
1786037824,282413482,0.0,-1.6567981878863733,-1.62913686433901,-1.132761303578512,-4.61781877676119,-4.890351716672079,0.5787171125411987,0.0,-0.0,0.0,0.0,0.0,0.0,0.0,0.0,0.0,0.0,0.0,0.0,1
1786037824,302570819,0.0,-1.6568101088153284,-1.6291850248919886,-1.1328094641314905,-4.617770854626791,-4.890375677739279,0.5787889957427979,0.0,-0.0,0.0,0.0,0.0,0.0,0.0,0.0,0.0,0.0,0.0,0.0,1
1786037824,322384834,0.0,-1.6568339506732386,-1.6291726271258753,-1.1328213850604456,-4.6177948156939905,-4.890351716672079,0.5787530541419983,0.0,-0.0,0.0,0.0,0.0,0.0,0.0,0.0,0.0,0.0,0.0,0.0,1
1786037824,342531681,0.0,-1.6567862669574183,-1.629124943410055,-1.1328213850604456,-4.6177948156939905,-4.890375677739279,0.5787530541419983,0.0,-0.0,0.0,0.0,0.0,0.0,0.0,0.0,0.0,0.0,0.0,0.0,1
1786037824,362537622,0.0,-1.6568220297442835,-1.6291607061969202,-1.132761303578512,-4.617854777966635,-4.890375677739279,0.5787051320075989,0.0,-0.0,0.0,0.0,0.0,0.0,0.0,0.0,0.0,0.0,0.0,0.0,1
1786037824,382536888,0.0,-1.6567981878863733,-1.6291726271258753,-1.132749382649557,-4.6177948156939905,-4.890412036572592,0.5787171125411987,0.0,-0.0,0.0,0.0,0.0,0.0,0.0,0.0,0.0,0.0,0.0,0.0,1
1786037824,402538061,0.0,-1.6568339506732386,-1.6292207876788538,-1.1328094641314905,-4.617770854626791,-4.890412036572592,0.5787530541419983,0.0,-0.0,0.0,0.0,0.0,0.0,0.0,0.0,0.0,0.0,0.0,0.0,1
1786037824,422537326,0.0,-1.6568458716021937,-1.6292088667498987,-1.1327856222735804,-4.6177948156939905,-4.890351716672079,0.5787171125411987,0.0,-0.0,0.0,0.0,0.0,0.0,0.0,0.0,0.0,0.0,0.0,0.0,1
1786037824,442519903,0.0,-1.6568339506732386,-1.6291726271258753,-1.1327975432025355,-4.617830816899435,-4.890375677739279,0.5787889957427979,0.0,-0.0,0.0,0.0,0.0,0.0,0.0,0.0,0.0,0.0,0.0,0.0,1
1786037824,462623834,0.0,-1.6567862669574183,-1.629244629536764,-1.1328094641314905,-4.61784273782839,-4.890399638806478,0.5787290930747986,0.0,-0.0,0.0,0.0,0.0,0.0,0.0,0.0,0.0,0.0,0.0,0.0,1
1786037824,482341051,0.0,-1.6568101088153284,-1.6291487852679651,-1.1328213850604456,-4.617806855832235,-4.890412036572592,0.5787171125411987,0.0,-0.0,0.0,0.0,0.0,0.0,0.0,0.0,0.0,0.0,0.0,0.0,1
1786037824,502457380,0.0,-1.6567743460284632,-1.6291850248919886,-1.1327737013446253,-4.617770854626791,-4.890399638806478,0.5787290930747986,0.0,-0.0,0.0,0.0,0.0,0.0,0.0,0.0,0.0,0.0,0.0,0.0,1
1786037824,522382020,0.0,-1.6568101088153284,-1.62913686433901,-1.1327856222735804,-4.617758814488546,-4.890327755604879,0.5787171125411987,0.0,-0.0,0.0,0.0,0.0,0.0,0.0,0.0,0.0,0.0,0.0,0.0,1
1786037824,542604446,0.0,-1.6567981878863733,-1.6291607061969202,-1.1328094641314905,-4.617830816899435,-4.890351716672079,0.5787410736083984,0.0,-0.0,0.0,0.0,0.0,0.0,0.0,0.0,0.0,0.0,0.0,0.0,1
1786037824,562408208,0.0,-1.6567981878863733,-1.629124943410055,-1.1328333059894007,-4.617770854626791,-4.890375677739279,0.5787410736083984,0.0,-0.0,0.0,0.0,0.0,0.0,0.0,0.0,0.0,0.0,0.0,0.0,1
1786037824,582448482,0.0,-1.6568339506732386,-1.62913686433901,-1.1327856222735804,-4.617758814488546,-4.890375677739279,0.5787650346755981,0.0,-0.0,0.0,0.0,0.0,0.0,0.0,0.0,0.0,0.0,0.0,0.0,1
1786037824,602365970,0.0,-1.6567862669574183,-1.6291487852679651,-1.1328094641314905,-4.6177828947650355,-4.890375677739279,0.5787530541419983,0.0,-0.0,0.0,0.0,0.0,0.0,0.0,0.0,0.0,0.0,0.0,0.0,1
1786037824,622529745,0.0,-1.6568825880633753,-1.6291130224811,-1.1328452269183558,-4.617806855832235,-4.890399638806478,0.578777015209198,0.0,-0.0,0.0,0.0,0.0,0.0,0.0,0.0,0.0,0.0,0.0,0.0,1
1786037824,642344713,0.0,-1.6568220297442835,-1.629124943410055,-1.1328094641314905,-4.617806855832235,-4.890412036572592,0.5787410736083984,0.0,-0.0,0.0,0.0,0.0,0.0,0.0,0.0,0.0,0.0,0.0,0.0,1
1786037824,662656784,0.0,-1.6568339506732386,-1.6292207876788538,-1.1328333059894007,-4.6177948156939905,-4.890412036572592,0.5787410736083984,0.0,-0.0,0.0,0.0,0.0,0.0,0.0,0.0,0.0,0.0,0.0,0.0,1
1786037824,682451009,0.0,-1.6567862669574183,-1.6291607061969202,-1.1327737013446253,-4.617758814488546,-4.890339676533834,0.5787290930747986,0.0,-0.0,0.0,0.0,0.0,0.0,0.0,0.0,0.0,0.0,0.0,0.0,1
1786037824,702559709,0.0,-1.6567981878863733,-1.6291850248919886,-1.1328094641314905,-4.617806855832235,-4.890363637601034,0.5787171125411987,0.0,-0.0,0.0,0.0,0.0,0.0,0.0,0.0,0.0,0.0,0.0,0.0,1
1786037824,722518444,0.0,-1.6568220297442835,-1.6291850248919886,-1.1328094641314905,-4.617806855832235,-4.890375677739279,0.5787290930747986,0.0,-0.0,0.0,0.0,0.0,0.0,0.0,0.0,0.0,0.0,0.0,0.0,1
1786037824,742600917,0.0,-1.6567743460284632,-1.6291726271258753,-1.1327856222735804,-4.617770854626791,-4.890375677739279,0.5788009762763977,0.0,-0.0,0.0,0.0,0.0,0.0,0.0,0.0,0.0,0.0,0.0,0.0,1
1786037824,762416124,0.0,-1.6568101088153284,-1.6291607061969202,-1.1327975432025355,-4.61781877676119,-4.890412036572592,0.5787530541419983,0.0,-0.0,0.0,0.0,0.0,0.0,0.0,0.0,0.0,0.0,0.0,0.0,1
1786037824,782573461,0.0,-1.6568101088153284,-1.6291487852679651,-1.132749382649557,-4.61781877676119,-4.890412036572592,0.5787650346755981,0.0,-0.0,0.0,0.0,0.0,0.0,0.0,0.0,0.0,0.0,0.0,0.0,1
1786037824,802363634,0.0,-1.6567981878863733,-1.6291487852679651,-1.1328094641314905,-4.617770854626791,-4.890375677739279,0.5787290930747986,0.0,-0.0,0.0,0.0,0.0,0.0,0.0,0.0,0.0,0.0,0.0,0.0,1
1786037824,822536945,0.0,-1.656858269368307,-1.6291850248919886,-1.1327975432025355,-4.6177948156939905,-4.890363637601034,0.5787530541419983,0.0,-0.0,0.0,0.0,0.0,0.0,0.0,0.0,0.0,0.0,0.0,0.0,1
1786037824,842428684,0.0,-1.6568101088153284,-1.62913686433901,-1.1327856222735804,-4.61781877676119,-4.890339676533834,0.5787650346755981,0.0,-0.0,0.0,0.0,0.0,0.0,0.0,0.0,0.0,0.0,0.0,0.0,1
1786037824,862577676,0.0,-1.6567862669574183,-1.6291487852679651,-1.1327856222735804,-4.6177828947650355,-4.890327755604879,0.5787410736083984,0.0,-0.0,0.0,0.0,0.0,0.0,0.0,0.0,0.0,0.0,0.0,0.0,1
1786037824,882414102,0.0,-1.6568101088153284,-1.6291850248919886,-1.132857624684469,-4.6177948156939905,-4.890351716672079,0.5787290930747986,0.0,-0.0,0.0,0.0,0.0,0.0,0.0,0.0,0.0,0.0,0.0,0.0,1
1786037824,902576684,0.0,-1.6568458716021937,-1.6292088667498987,-1.1328094641314905,-4.61781877676119,-4.890412036572592,0.5787410736083984,0.0,-0.0,0.0,0.0,0.0,0.0,0.0,0.0,0.0,0.0,0.0,0.0,1
1786037824,922411680,0.0,-1.6568339506732386,-1.6291487852679651,-1.1328333059894007,-4.6177828947650355,-4.890339676533834,0.5787889957427979,0.0,-0.0,0.0,0.0,0.0,0.0,0.0,0.0,0.0,0.0,0.0,0.0,1
1786037824,942584753,0.0,-1.65676194826235,-1.6291850248919886,-1.1328094641314905,-4.6177948156939905,-4.890339676533834,0.5787650346755981,0.0,-0.0,0.0,0.0,0.0,0.0,0.0,0.0,0.0,0.0,0.0,0.0,1
1786037824,962427377,0.0,-1.6568339506732386,-1.6291969458209437,-1.1328094641314905,-4.617770854626791,-4.890387598668234,0.5787650346755981,0.0,-0.0,0.0,0.0,0.0,0.0,0.0,0.0,0.0,0.0,0.0,0.0,1
1786037824,982534885,0.0,-1.65676194826235,-1.6291487852679651,-1.1327975432025355,-4.617806855832235,-4.890435997639791,0.5787650346755981,0.0,-0.0,0.0,0.0,0.0,0.0,0.0,0.0,0.0,0.0,0.0,0.0,1
1786037825,2314805,0.0,-1.6567981878863733,-1.6291726271258753,-1.132761303578512,-4.6177948156939905,-4.890399638806478,0.5787410736083984,0.0,-0.0,0.0,0.0,0.0,0.0,0.0,0.0,0.0,0.0,0.0,0.0,1
1786037825,22606372,0.0,-1.6568101088153284,-1.6291487852679651,-1.1327975432025355,-4.6177948156939905,-4.890375677739279,0.5787650346755981,0.0,-0.0,0.0,0.0,0.0,0.0,0.0,0.0,0.0,0.0,0.0,0.0,1
1786037825,42384147,0.0,-1.6568101088153284,-1.6291969458209437,-1.1327975432025355,-4.6177948156939905,-4.890387598668234,0.578777015209198,0.0,-0.0,0.0,0.0,0.0,0.0,0.0,0.0,0.0,0.0,0.0,0.0,1
1786037825,62459707,0.0,-1.6568458716021937,-1.629124943410055,-1.1328213850604456,-4.617770854626791,-4.890375677739279,0.5787410736083984,0.0,-0.0,0.0,0.0,0.0,0.0,0.0,0.0,0.0,0.0,0.0,0.0,1
1786037825,82433223,0.0,-1.6568220297442835,-1.62913686433901,-1.1328094641314905,-4.61781877676119,-4.890387598668234,0.5787530541419983,0.0,-0.0,0.0,0.0,0.0,0.0,0.0,0.0,0.0,0.0,0.0,0.0,1
1786037825,102507591,0.0,-1.6568339506732386,-1.6291850248919886,-1.1327737013446253,-4.6177948156939905,-4.890351716672079,0.5787171125411987,0.0,-0.0,0.0,0.0,0.0,0.0,0.0,0.0,0.0,0.0,0.0,0.0,1
1786037825,122454643,0.0,-1.6567862669574183,-1.6291487852679651,-1.1327975432025355,-4.617854777966635,-4.890399638806478,0.5787889957427979,0.0,-0.0,0.0,0.0,0.0,0.0,0.0,0.0,0.0,0.0,0.0,0.0,1
1786037825,142453908,0.0,-1.6568339506732386,-1.6292088667498987,-1.1328213850604456,-4.617830816899435,-4.890327755604879,0.5787290930747986,0.0,-0.0,0.0,0.0,0.0,0.0,0.0,0.0,0.0,0.0,0.0,0.0,1
1786037825,162317276,0.0,-1.6568101088153284,-1.6291130224811,-1.1328213850604456,-4.617722932492391,-4.890387598668234,0.5787530541419983,0.0,-0.0,0.0,0.0,0.0,0.0,0.0,0.0,0.0,0.0,0.0,0.0,1
1786037825,182594537,0.0,-1.656858269368307,-1.6292088667498987,-1.1327975432025355,-4.617770854626791,-4.890399638806478,0.578777015209198,0.0,-0.0,0.0,0.0,0.0,0.0,0.0,0.0,0.0,0.0,0.0,0.0,1
1786037825,202391624,0.0,-1.6568101088153284,-1.6292207876788538,-1.1328094641314905,-4.61784273782839,-4.890387598668234,0.5787650346755981,0.0,-0.0,0.0,0.0,0.0,0.0,0.0,0.0,0.0,0.0,0.0,0.0,1
1786037825,222550868,0.0,-1.6568101088153284,-1.6291726271258753,-1.1327975432025355,-4.617746893559591,-4.890399638806478,0.5787530541419983,0.0,-0.0,0.0,0.0,0.0,0.0,0.0,0.0,0.0,0.0,0.0,0.0,1
1786037825,242388010,0.0,-1.6568101088153284,-1.6291607061969202,-1.1327737013446253,-4.6177828947650355,-4.890363637601034,0.578777015209198,0.0,-0.0,0.0,0.0,0.0,0.0,0.0,0.0,0.0,0.0,0.0,0.0,1
1786037825,262566089,0.0,-1.656870190297262,-1.6291607061969202,-1.1327975432025355,-4.617770854626791,-4.890363637601034,0.578693151473999,0.0,-0.0,0.0,0.0,0.0,0.0,0.0,0.0,0.0,0.0,0.0,0.0,1
1786037825,282558202,0.0,-1.6567862669574183,-1.6291726271258753,-1.1327856222735804,-4.61781877676119,-4.890363637601034,0.5787290930747986,0.0,-0.0,0.0,0.0,0.0,0.0,0.0,0.0,0.0,0.0,0.0,0.0,1
1786037825,302630901,0.0,-1.6568101088153284,-1.6291726271258753,-1.1328333059894007,-4.6177828947650355,-4.890375677739279,0.5787171125411987,0.0,-0.0,0.0,0.0,0.0,0.0,0.0,0.0,0.0,0.0,0.0,0.0,1
1786037825,322332859,0.0,-1.6568339506732386,-1.62913686433901,-1.1327975432025355,-4.617830816899435,-4.890412036572592,0.5787530541419983,0.0,-0.0,0.0,0.0,0.0,0.0,0.0,0.0,0.0,0.0,0.0,0.0,1
1786037825,342605829,0.0,-1.6567862669574183,-1.6291607061969202,-1.1327975432025355,-4.617806855832235,-4.890412036572592,0.578777015209198,0.0,-0.0,0.0,0.0,0.0,0.0,0.0,0.0,0.0,0.0,0.0,0.0,1
1786037825,362396717,0.0,-1.6567981878863733,-1.6291487852679651,-1.1328094641314905,-4.6177828947650355,-4.890339676533834,0.5787530541419983,0.0,-0.0,0.0,0.0,0.0,0.0,0.0,0.0,0.0,0.0,0.0,0.0,1
1786037825,382604837,0.0,-1.6568220297442835,-1.6291850248919886,-1.1328094641314905,-4.6177828947650355,-4.890412036572592,0.5787410736083984,0.0,-0.0,0.0,0.0,0.0,0.0,0.0,0.0,0.0,0.0,0.0,0.0,1
1786037825,402362585,0.0,-1.6568339506732386,-1.6291850248919886,-1.1328452269183558,-4.617758814488546,-4.890387598668234,0.5788009762763977,0.0,-0.0,0.0,0.0,0.0,0.0,0.0,0.0,0.0,0.0,0.0,0.0,1
1786037825,422523021,0.0,-1.6568220297442835,-1.6291726271258753,-1.1328213850604456,-4.617806855832235,-4.890375677739279,0.5787290930747986,0.0,-0.0,0.0,0.0,0.0,0.0,0.0,0.0,0.0,0.0,0.0,0.0,1
1786037825,442399501,0.0,-1.6568339506732386,-1.6291850248919886,-1.1327856222735804,-4.617854777966635,-4.890399638806478,0.5787171125411987,0.0,-0.0,0.0,0.0,0.0,0.0,0.0,0.0,0.0,0.0,0.0,0.0,1
1786037825,462510347,0.0,-1.6568220297442835,-1.6291607061969202,-1.1327737013446253,-4.6177348534213465,-4.890412036572592,0.5787650346755981,0.0,-0.0,0.0,0.0,0.0,0.0,0.0,0.0,0.0,0.0,0.0,0.0,1
1786037825,482562541,0.0,-1.656858269368307,-1.6291726271258753,-1.1327737013446253,-4.617770854626791,-4.890363637601034,0.5787171125411987,0.0,-0.0,0.0,0.0,0.0,0.0,0.0,0.0,0.0,0.0,0.0,0.0,1
1786037825,502635240,0.0,-1.6568101088153284,-1.6291487852679651,-1.1328094641314905,-4.617830816899435,-4.890387598668234,0.578777015209198,0.0,-0.0,0.0,0.0,0.0,0.0,0.0,0.0,0.0,0.0,0.0,0.0,1
1786037825,522418260,0.0,-1.6567981878863733,-1.62913686433901,-1.1328213850604456,-4.61781877676119,-4.890399638806478,0.5787410736083984,0.0,-0.0,0.0,0.0,0.0,0.0,0.0,0.0,0.0,0.0,0.0,0.0,1
1786037825,542628765,0.0,-1.6567862669574183,-1.6291726271258753,-1.1327856222735804,-4.61781877676119,-4.890351716672079,0.5788009762763977,0.0,-0.0,0.0,0.0,0.0,0.0,0.0,0.0,0.0,0.0,0.0,0.0,1
1786037825,562419891,0.0,-1.6568101088153284,-1.6291969458209437,-1.1328094641314905,-4.617746893559591,-4.890399638806478,0.5787530541419983,0.0,-0.0,0.0,0.0,0.0,0.0,0.0,0.0,0.0,0.0,0.0,0.0,1
1786037825,582591056,0.0,-1.6568220297442835,-1.6291969458209437,-1.1327975432025355,-4.61781877676119,-4.890363637601034,0.5787051320075989,0.0,-0.0,0.0,0.0,0.0,0.0,0.0,0.0,0.0,0.0,0.0,0.0,1
1786037825,602375030,0.0,-1.6567862669574183,-1.6291726271258753,-1.1328213850604456,-4.6177948156939905,-4.890387598668234,0.5787530541419983,0.0,-0.0,0.0,0.0,0.0,0.0,0.0,0.0,0.0,0.0,0.0,0.0,1
1786037825,622617006,0.0,-1.6568101088153284,-1.6291969458209437,-1.1327737013446253,-4.617770854626791,-4.890375677739279,0.5787290930747986,0.0,-0.0,0.0,0.0,0.0,0.0,0.0,0.0,0.0,0.0,0.0,0.0,1
1786037825,642453432,0.0,-1.6568101088153284,-1.629124943410055,-1.1327737013446253,-4.6177948156939905,-4.890339676533834,0.5787290930747986,0.0,-0.0,0.0,0.0,0.0,0.0,0.0,0.0,0.0,0.0,0.0,0.0,1
1786037825,662462234,0.0,-1.6568458716021937,-1.6291607061969202,-1.1328094641314905,-4.617770854626791,-4.890387598668234,0.5787410736083984,0.0,-0.0,0.0,0.0,0.0,0.0,0.0,0.0,0.0,0.0,0.0,0.0,1
1786037825,682334661,0.0,-1.6568220297442835,-1.62913686433901,-1.1328213850604456,-4.6177828947650355,-4.890387598668234,0.5787410736083984,0.0,-0.0,0.0,0.0,0.0,0.0,0.0,0.0,0.0,0.0,0.0,0.0,1
1786037825,702567338,0.0,-1.6568101088153284,-1.6291607061969202,-1.1327975432025355,-4.6177948156939905,-4.890399638806478,0.5787530541419983,0.0,-0.0,0.0,0.0,0.0,0.0,0.0,0.0,0.0,0.0,0.0,0.0,1
1786037825,722344398,0.0,-1.6567981878863733,-1.6291607061969202,-1.1327856222735804,-4.617830816899435,-4.890363637601034,0.5787410736083984,0.0,-0.0,0.0,0.0,0.0,0.0,0.0,0.0,0.0,0.0,0.0,0.0,1
1786037825,742442607,0.0,-1.6568101088153284,-1.6292088667498987,-1.1328094641314905,-4.617806855832235,-4.890387598668234,0.5787290930747986,0.0,-0.0,0.0,0.0,0.0,0.0,0.0,0.0,0.0,0.0,0.0,0.0,1
1786037825,762457132,0.0,-1.6568220297442835,-1.62913686433901,-1.1327856222735804,-4.617770854626791,-4.890339676533834,0.5787530541419983,0.0,-0.0,0.0,0.0,0.0,0.0,0.0,0.0,0.0,0.0,0.0,0.0,1
1786037825,782574415,0.0,-1.6567981878863733,-1.6291607061969202,-1.1327856222735804,-4.6177828947650355,-4.890387598668234,0.5787530541419983,0.0,-0.0,0.0,0.0,0.0,0.0,0.0,0.0,0.0,0.0,0.0,0.0,1
1786037825,802416563,0.0,-1.6568220297442835,-1.6291850248919886,-1.1327975432025355,-4.61781877676119,-4.890387598668234,0.5787650346755981,0.0,-0.0,0.0,0.0,0.0,0.0,0.0,0.0,0.0,0.0,0.0,0.0,1
1786037825,822600603,0.0,-1.6568339506732386,-1.6291726271258753,-1.132749382649557,-4.61784273782839,-4.890375677739279,0.5787290930747986,0.0,-0.0,0.0,0.0,0.0,0.0,0.0,0.0,0.0,0.0,0.0,0.0,1
1786037825,842400312,0.0,-1.6568458716021937,-1.6291487852679651,-1.1327737013446253,-4.617770854626791,-4.890387598668234,0.5787171125411987,0.0,-0.0,0.0,0.0,0.0,0.0,0.0,0.0,0.0,0.0,0.0,0.0,1
1786037825,862511634,0.0,-1.6568101088153284,-1.6291850248919886,-1.1328094641314905,-4.6177828947650355,-4.890351716672079,0.5787650346755981,0.0,-0.0,0.0,0.0,0.0,0.0,0.0,0.0,0.0,0.0,0.0,0.0,1
1786037825,882321119,0.0,-1.6567743460284632,-1.6292207876788538,-1.1328094641314905,-4.617770854626791,-4.890387598668234,0.5787650346755981,0.0,-0.0,0.0,0.0,0.0,0.0,0.0,0.0,0.0,0.0,0.0,0.0,1
1786037825,902604818,0.0,-1.6567981878863733,-1.6291726271258753,-1.1327975432025355,-4.6177948156939905,-4.890339676533834,0.5787290930747986,0.0,-0.0,0.0,0.0,0.0,0.0,0.0,0.0,0.0,0.0,0.0,0.0,1
1786037825,922365427,0.0,-1.6568339506732386,-1.6291607061969202,-1.132761303578512,-4.6177948156939905,-4.890399638806478,0.5787171125411987,0.0,-0.0,0.0,0.0,0.0,0.0,0.0,0.0,0.0,0.0,0.0,0.0,1
1786037825,942521333,0.0,-1.6567981878863733,-1.629124943410055,-1.1328452269183558,-4.6177948156939905,-4.890339676533834,0.5787290930747986,0.0,-0.0,0.0,0.0,0.0,0.0,0.0,0.0,0.0,0.0,0.0,0.0,1
1786037825,962319135,0.0,-1.6568458716021937,-1.6292088667498987,-1.1327975432025355,-4.617830816899435,-4.890412036572592,0.5787171125411987,0.0,-0.0,0.0,0.0,0.0,0.0,0.0,0.0,0.0,0.0,0.0,0.0,1
1786037825,982571363,0.0,-1.6567981878863733,-1.6291726271258753,-1.1327856222735804,-4.617806855832235,-4.890423957501547,0.5787530541419983,0.0,-0.0,0.0,0.0,0.0,0.0,0.0,0.0,0.0,0.0,0.0,0.0,1
1786037826,2338409,0.0,-1.6567981878863733,-1.6291969458209437,-1.1327975432025355,-4.617770854626791,-4.890375677739279,0.5787530541419983,0.0,-0.0,0.0,0.0,0.0,0.0,0.0,0.0,0.0,0.0,0.0,0.0,1
1786037826,22507429,0.0,-1.6568101088153284,-1.6291607061969202,-1.1328094641314905,-4.617830816899435,-4.890363637601034,0.578777015209198,0.0,-0.0,0.0,0.0,0.0,0.0,0.0,0.0,0.0,0.0,0.0,0.0,1
1786037826,42436838,0.0,-1.6568101088153284,-1.6291969458209437,-1.1327856222735804,-4.6177948156939905,-4.890412036572592,0.5787889957427979,0.0,-0.0,0.0,0.0,0.0,0.0,0.0,0.0,0.0,0.0,0.0,0.0,1
1786037826,62551021,0.0,-1.6568220297442835,-1.6291487852679651,-1.1327737013446253,-4.617746893559591,-4.890412036572592,0.5787530541419983,0.0,-0.0,0.0,0.0,0.0,0.0,0.0,0.0,0.0,0.0,0.0,0.0,1
1786037826,82585573,0.0,-1.6567862669574183,-1.6291726271258753,-1.1327856222735804,-4.6177948156939905,-4.890387598668234,0.5787650346755981,0.0,-0.0,0.0,0.0,0.0,0.0,0.0,0.0,0.0,0.0,0.0,0.0,1
1786037826,102617263,0.0,-1.6567862669574183,-1.62913686433901,-1.132761303578512,-4.6177828947650355,-4.890351716672079,0.5787051320075989,0.0,-0.0,0.0,0.0,0.0,0.0,0.0,0.0,0.0,0.0,0.0,0.0,1
1786037826,122380495,0.0,-1.6568101088153284,-1.6290887037860315,-1.1328333059894007,-4.617806855832235,-4.890399638806478,0.578777015209198,0.0,-0.0,0.0,0.0,0.0,0.0,0.0,0.0,0.0,0.0,0.0,0.0,1
1786037826,142513513,0.0,-1.6568339506732386,-1.6291726271258753,-1.1328333059894007,-4.617806855832235,-4.890375677739279,0.5787530541419983,0.0,-0.0,0.0,0.0,0.0,0.0,0.0,0.0,0.0,0.0,0.0,0.0,1
1786037826,162372350,0.0,-1.6568220297442835,-1.6291607061969202,-1.1327975432025355,-4.6177948156939905,-4.890423957501547,0.5788009762763977,0.0,-0.0,0.0,0.0,0.0,0.0,0.0,0.0,0.0,0.0,0.0,0.0,1
1786037826,182592868,0.0,-1.6568339506732386,-1.6291850248919886,-1.1328452269183558,-4.6177948156939905,-4.890363637601034,0.578777015209198,0.0,-0.0,0.0,0.0,0.0,0.0,0.0,0.0,0.0,0.0,0.0,0.0,1
1786037826,202309131,0.0,-1.6568101088153284,-1.6291969458209437,-1.1328213850604456,-4.6177948156939905,-4.890351716672079,0.5787650346755981,0.0,-0.0,0.0,0.0,0.0,0.0,0.0,0.0,0.0,0.0,0.0,0.0,1
1786037826,222535848,0.0,-1.6567981878863733,-1.6291726271258753,-1.1328094641314905,-4.617758814488546,-4.890351716672079,0.5787410736083984,0.0,-0.0,0.0,0.0,0.0,0.0,0.0,0.0,0.0,0.0,0.0,0.0,1
1786037826,242406368,0.0,-1.6568101088153284,-1.6291726271258753,-1.1328094641314905,-4.617758814488546,-4.890412036572592,0.5787051320075989,0.0,-0.0,0.0,0.0,0.0,0.0,0.0,0.0,0.0,0.0,0.0,0.0,1
1786037826,262610912,0.0,-1.6568458716021937,-1.6291487852679651,-1.1328213850604456,-4.6177948156939905,-4.890375677739279,0.5787290930747986,0.0,-0.0,0.0,0.0,0.0,0.0,0.0,0.0,0.0,0.0,0.0,0.0,1
1786037826,282541751,0.0,-1.6568458716021937,-1.6291487852679651,-1.1328094641314905,-4.617806855832235,-4.890339676533834,0.5787530541419983,0.0,-0.0,0.0,0.0,0.0,0.0,0.0,0.0,0.0,0.0,0.0,0.0,1
1786037826,302576541,0.0,-1.6568220297442835,-1.6291850248919886,-1.1327856222735804,-4.61781877676119,-4.890339676533834,0.5787171125411987,0.0,-0.0,0.0,0.0,0.0,0.0,0.0,0.0,0.0,0.0,0.0,0.0,1
1786037826,322420120,0.0,-1.6568339506732386,-1.6291726271258753,-1.1327975432025355,-4.6177948156939905,-4.890387598668234,0.5787051320075989,0.0,-0.0,0.0,0.0,0.0,0.0,0.0,0.0,0.0,0.0,0.0,0.0,1
1786037826,342557907,0.0,-1.6568101088153284,-1.6291850248919886,-1.1327975432025355,-4.617806855832235,-4.890363637601034,0.5787290930747986,0.0,-0.0,0.0,0.0,0.0,0.0,0.0,0.0,0.0,0.0,0.0,0.0,1
1786037826,362382411,0.0,-1.6567981878863733,-1.6291850248919886,-1.132761303578512,-4.61781877676119,-4.890375677739279,0.5788009762763977,0.0,-0.0,0.0,0.0,0.0,0.0,0.0,0.0,0.0,0.0,0.0,0.0,1
1786037826,382570505,0.0,-1.6568339506732386,-1.6292327086078089,-1.1327856222735804,-4.6177828947650355,-4.890375677739279,0.5787530541419983,0.0,-0.0,0.0,0.0,0.0,0.0,0.0,0.0,0.0,0.0,0.0,0.0,1
1786037826,402419090,0.0,-1.6568101088153284,-1.62913686433901,-1.1327856222735804,-4.6177828947650355,-4.890399638806478,0.578777015209198,0.0,-0.0,0.0,0.0,0.0,0.0,0.0,0.0,0.0,0.0,0.0,0.0,1
1786037826,422551393,0.0,-1.6568339506732386,-1.6291487852679651,-1.1328094641314905,-4.6177828947650355,-4.890387598668234,0.5787290930747986,0.0,-0.0,0.0,0.0,0.0,0.0,0.0,0.0,0.0,0.0,0.0,0.0,1
1786037826,442535400,0.0,-1.6567981878863733,-1.6291726271258753,-1.1327975432025355,-4.6177948156939905,-4.890399638806478,0.5787530541419983,0.0,-0.0,0.0,0.0,0.0,0.0,0.0,0.0,0.0,0.0,0.0,0.0,1
1786037826,462525367,0.0,-1.6568220297442835,-1.6291850248919886,-1.1327856222735804,-4.617746893559591,-4.890339676533834,0.5787410736083984,0.0,-0.0,0.0,0.0,0.0,0.0,0.0,0.0,0.0,0.0,0.0,0.0,1
1786037826,482555150,0.0,-1.6568339506732386,-1.6291487852679651,-1.1327856222735804,-4.617770854626791,-4.890375677739279,0.5787650346755981,0.0,-0.0,0.0,0.0,0.0,0.0,0.0,0.0,0.0,0.0,0.0,0.0,1
1786037826,502572536,0.0,-1.6567743460284632,-1.6291726271258753,-1.1328094641314905,-4.617770854626791,-4.890387598668234,0.5787530541419983,0.0,-0.0,0.0,0.0,0.0,0.0,0.0,0.0,0.0,0.0,0.0,0.0,1
1786037826,522411346,0.0,-1.6567981878863733,-1.6291607061969202,-1.1327737013446253,-4.617830816899435,-4.890423957501547,0.5787530541419983,0.0,-0.0,0.0,0.0,0.0,0.0,0.0,0.0,0.0,0.0,0.0,0.0,1
1786037826,542638063,0.0,-1.6568220297442835,-1.6291487852679651,-1.1328094641314905,-4.617770854626791,-4.890339676533834,0.5787650346755981,0.0,-0.0,0.0,0.0,0.0,0.0,0.0,0.0,0.0,0.0,0.0,0.0,1
1786037826,562385320,0.0,-1.6567981878863733,-1.6291726271258753,-1.1328094641314905,-4.617806855832235,-4.890412036572592,0.578693151473999,0.0,-0.0,0.0,0.0,0.0,0.0,0.0,0.0,0.0,0.0,0.0,0.0,1
1786037826,582565546,0.0,-1.6568101088153284,-1.62913686433901,-1.1327975432025355,-4.617770854626791,-4.890351716672079,0.5787410736083984,0.0,-0.0,0.0,0.0,0.0,0.0,0.0,0.0,0.0,0.0,0.0,0.0,1
1786037826,602538824,0.0,-1.6567862669574183,-1.62913686433901,-1.1327856222735804,-4.617770854626791,-4.890387598668234,0.5787530541419983,0.0,-0.0,0.0,0.0,0.0,0.0,0.0,0.0,0.0,0.0,0.0,0.0,1
1786037826,622514486,0.0,-1.6568458716021937,-1.6291726271258753,-1.1328213850604456,-4.617746893559591,-4.890387598668234,0.5787410736083984,0.0,-0.0,0.0,0.0,0.0,0.0,0.0,0.0,0.0,0.0,0.0,0.0,1
1786037826,642448902,0.0,-1.656870190297262,-1.6292207876788538,-1.1327975432025355,-4.617806855832235,-4.890351716672079,0.5787171125411987,0.0,-0.0,0.0,0.0,0.0,0.0,0.0,0.0,0.0,0.0,0.0,0.0,1
1786037826,662597656,0.0,-1.656858269368307,-1.6291487852679651,-1.1328213850604456,-4.6177828947650355,-4.890399638806478,0.5787530541419983,0.0,-0.0,0.0,0.0,0.0,0.0,0.0,0.0,0.0,0.0,0.0,0.0,1
1786037826,682461500,0.0,-1.6568220297442835,-1.6291726271258753,-1.132857624684469,-4.6177948156939905,-4.890351716672079,0.5787290930747986,0.0,-0.0,0.0,0.0,0.0,0.0,0.0,0.0,0.0,0.0,0.0,0.0,1
1786037826,702436208,0.0,-1.6567981878863733,-1.6291726271258753,-1.1328094641314905,-4.6177948156939905,-4.890399638806478,0.5787290930747986,0.0,-0.0,0.0,0.0,0.0,0.0,0.0,0.0,0.0,0.0,0.0,0.0,1
1786037826,722398996,0.0,-1.6568101088153284,-1.6291726271258753,-1.1327856222735804,-4.61781877676119,-4.890387598668234,0.5787530541419983,0.0,-0.0,0.0,0.0,0.0,0.0,0.0,0.0,0.0,0.0,0.0,0.0,1
1786037826,742620706,0.0,-1.6567743460284632,-1.6291969458209437,-1.132749382649557,-4.617758814488546,-4.890351716672079,0.5787171125411987,0.0,-0.0,0.0,0.0,0.0,0.0,0.0,0.0,0.0,0.0,0.0,0.0,1
1786037826,762344121,0.0,-1.6567981878863733,-1.6291726271258753,-1.1328094641314905,-4.617770854626791,-4.890387598668234,0.578777015209198,0.0,-0.0,0.0,0.0,0.0,0.0,0.0,0.0,0.0,0.0,0.0,0.0,1
1786037826,782645940,0.0,-1.6567981878863733,-1.6291726271258753,-1.1327737013446253,-4.617806855832235,-4.890387598668234,0.5787650346755981,0.0,-0.0,0.0,0.0,0.0,0.0,0.0,0.0,0.0,0.0,0.0,0.0,1
1786037826,802325010,0.0,-1.6568101088153284,-1.6291487852679651,-1.132749382649557,-4.6177828947650355,-4.890363637601034,0.5787650346755981,0.0,-0.0,0.0,0.0,0.0,0.0,0.0,0.0,0.0,0.0,0.0,0.0,1
1786037826,822525262,0.0,-1.6568339506732386,-1.6291487852679651,-1.1327975432025355,-4.617806855832235,-4.890399638806478,0.5787410736083984,0.0,-0.0,0.0,0.0,0.0,0.0,0.0,0.0,0.0,0.0,0.0,0.0,1
1786037826,842417001,0.0,-1.6568339506732386,-1.6292207876788538,-1.1327975432025355,-4.6177828947650355,-4.890399638806478,0.5787530541419983,0.0,-0.0,0.0,0.0,0.0,0.0,0.0,0.0,0.0,0.0,0.0,0.0,1
1786037826,862504959,0.0,-1.6567981878863733,-1.6291487852679651,-1.1327975432025355,-4.6177948156939905,-4.890351716672079,0.5787530541419983,0.0,-0.0,0.0,0.0,0.0,0.0,0.0,0.0,0.0,0.0,0.0,0.0,1
1786037826,882549762,0.0,-1.6568101088153284,-1.6292088667498987,-1.1327856222735804,-4.617806855832235,-4.890351716672079,0.5787290930747986,0.0,-0.0,0.0,0.0,0.0,0.0,0.0,0.0,0.0,0.0,0.0,0.0,1
1786037826,902452230,0.0,-1.6567981878863733,-1.629124943410055,-1.1327975432025355,-4.6177948156939905,-4.890412036572592,0.5787530541419983,0.0,-0.0,0.0,0.0,0.0,0.0,0.0,0.0,0.0,0.0,0.0,0.0,1
1786037826,922419309,0.0,-1.6567981878863733,-1.6292088667498987,-1.132749382649557,-4.617830816899435,-4.890375677739279,0.5787889957427979,0.0,-0.0,0.0,0.0,0.0,0.0,0.0,0.0,0.0,0.0,0.0,0.0,1
1786037826,942531108,0.0,-1.6567981878863733,-1.6291607061969202,-1.1327975432025355,-4.617770854626791,-4.890375677739279,0.5787530541419983,0.0,-0.0,0.0,0.0,0.0,0.0,0.0,0.0,0.0,0.0,0.0,0.0,1
1786037826,962385416,0.0,-1.6567981878863733,-1.6291607061969202,-1.132761303578512,-4.61781877676119,-4.890399638806478,0.5787410736083984,0.0,-0.0,0.0,0.0,0.0,0.0,0.0,0.0,0.0,0.0,0.0,0.0,1
1786037826,982540607,0.0,-1.6568339506732386,-1.6291850248919886,-1.1327374617206019,-4.617806855832235,-4.890375677739279,0.578777015209198,0.0,-0.0,0.0,0.0,0.0,0.0,0.0,0.0,0.0,0.0,0.0,0.0,1
1786037827,2359151,0.0,-1.6568101088153284,-1.6291850248919886,-1.1328213850604456,-4.617770854626791,-4.890399638806478,0.5787410736083984,0.0,-0.0,0.0,0.0,0.0,0.0,0.0,0.0,0.0,0.0,0.0,0.0,1
1786037827,22593975,0.0,-1.6567862669574183,-1.6291969458209437,-1.132761303578512,-4.617770854626791,-4.890399638806478,0.5787171125411987,0.0,-0.0,0.0,0.0,0.0,0.0,0.0,0.0,0.0,0.0,0.0,0.0,1
1786037827,42372703,0.0,-1.6568458716021937,-1.6291726271258753,-1.1327975432025355,-4.6177948156939905,-4.890387598668234,0.5787530541419983,0.0,-0.0,0.0,0.0,0.0,0.0,0.0,0.0,0.0,0.0,0.0,0.0,1
1786037827,62636375,0.0,-1.6568101088153284,-1.6291487852679651,-1.1327856222735804,-4.6177828947650355,-4.890387598668234,0.5787530541419983,0.0,-0.0,0.0,0.0,0.0,0.0,0.0,0.0,0.0,0.0,0.0,0.0,1
1786037827,82375526,0.0,-1.6568220297442835,-1.6291969458209437,-1.1327975432025355,-4.617806855832235,-4.890363637601034,0.578777015209198,0.0,-0.0,0.0,0.0,0.0,0.0,0.0,0.0,0.0,0.0,0.0,0.0,1
1786037827,102581739,0.0,-1.6568101088153284,-1.6291607061969202,-1.1327975432025355,-4.6177948156939905,-4.890351716672079,0.5787410736083984,0.0,-0.0,0.0,0.0,0.0,0.0,0.0,0.0,0.0,0.0,0.0,0.0,1
1786037827,122346401,0.0,-1.6568101088153284,-1.6291726271258753,-1.1328094641314905,-4.61781877676119,-4.890412036572592,0.5787290930747986,0.0,-0.0,0.0,0.0,0.0,0.0,0.0,0.0,0.0,0.0,0.0,0.0,1
1786037827,142541885,0.0,-1.656858269368307,-1.62913686433901,-1.1328333059894007,-4.61781877676119,-4.890363637601034,0.5787530541419983,0.0,-0.0,0.0,0.0,0.0,0.0,0.0,0.0,0.0,0.0,0.0,0.0,1
1786037827,162506341,0.0,-1.6567981878863733,-1.6291850248919886,-1.132749382649557,-4.617806855832235,-4.890375677739279,0.5787410736083984,0.0,-0.0,0.0,0.0,0.0,0.0,0.0,0.0,0.0,0.0,0.0,0.0,1
1786037827,182593107,0.0,-1.6567981878863733,-1.6291487852679651,-1.1328213850604456,-4.617806855832235,-4.890375677739279,0.5787889957427979,0.0,-0.0,0.0,0.0,0.0,0.0,0.0,0.0,0.0,0.0,0.0,0.0,1
1786037827,202408075,0.0,-1.6568220297442835,-1.6291726271258753,-1.1327856222735804,-4.617806855832235,-4.890363637601034,0.5787171125411987,0.0,-0.0,0.0,0.0,0.0,0.0,0.0,0.0,0.0,0.0,0.0,0.0,1
1786037827,222634792,0.0,-1.6568339506732386,-1.6291607061969202,-1.1327975432025355,-4.6177948156939905,-4.890423957501547,0.5787650346755981,0.0,-0.0,0.0,0.0,0.0,0.0,0.0,0.0,0.0,0.0,0.0,0.0,1
1786037827,242389917,0.0,-1.6568220297442835,-1.6292207876788538,-1.132749382649557,-4.617830816899435,-4.890375677739279,0.5787171125411987,0.0,-0.0,0.0,0.0,0.0,0.0,0.0,0.0,0.0,0.0,0.0,0.0,1
1786037827,262513637,0.0,-1.6567981878863733,-1.6291607061969202,-1.1327856222735804,-4.6177828947650355,-4.890363637601034,0.5787410736083984,0.0,-0.0,0.0,0.0,0.0,0.0,0.0,0.0,0.0,0.0,0.0,0.0,1
1786037827,282386541,0.0,-1.6568339506732386,-1.6291487852679651,-1.1328333059894007,-4.61781877676119,-4.890327755604879,0.5787530541419983,0.0,-0.0,0.0,0.0,0.0,0.0,0.0,0.0,0.0,0.0,0.0,0.0,1
1786037827,302440881,0.0,-1.6567981878863733,-1.6291850248919886,-1.1328094641314905,-4.61784273782839,-4.890423957501547,0.5787650346755981,0.0,-0.0,0.0,0.0,0.0,0.0,0.0,0.0,0.0,0.0,0.0,0.0,1
1786037827,322395801,0.0,-1.6568101088153284,-1.6291726271258753,-1.1327737013446253,-4.61781877676119,-4.890399638806478,0.5787051320075989,0.0,-0.0,0.0,0.0,0.0,0.0,0.0,0.0,0.0,0.0,0.0,0.0,1
1786037827,342556238,0.0,-1.6567862669574183,-1.6292207876788538,-1.1328213850604456,-4.617746893559591,-4.890375677739279,0.5787171125411987,0.0,-0.0,0.0,0.0,0.0,0.0,0.0,0.0,0.0,0.0,0.0,0.0,1
1786037827,362345695,0.0,-1.6568220297442835,-1.6292327086078089,-1.1327737013446253,-4.617746893559591,-4.890387598668234,0.5787171125411987,0.0,-0.0,0.0,0.0,0.0,0.0,0.0,0.0,0.0,0.0,0.0,0.0,1
1786037827,382609367,0.0,-1.6568101088153284,-1.6291726271258753,-1.1327856222735804,-4.6177828947650355,-4.890375677739279,0.5787889957427979,0.0,-0.0,0.0,0.0,0.0,0.0,0.0,0.0,0.0,0.0,0.0,0.0,1
1786037827,402336359,0.0,-1.6568458716021937,-1.6291969458209437,-1.1327975432025355,-4.6177828947650355,-4.890399638806478,0.5787051320075989,0.0,-0.0,0.0,0.0,0.0,0.0,0.0,0.0,0.0,0.0,0.0,0.0,1
1786037827,422538757,0.0,-1.656858269368307,-1.6291487852679651,-1.1327737013446253,-4.6177828947650355,-4.890363637601034,0.5787530541419983,0.0,-0.0,0.0,0.0,0.0,0.0,0.0,0.0,0.0,0.0,0.0,0.0,1
1786037827,442451000,0.0,-1.6567981878863733,-1.6291850248919886,-1.1328213850604456,-4.617806855832235,-4.890387598668234,0.578777015209198,0.0,-0.0,0.0,0.0,0.0,0.0,0.0,0.0,0.0,0.0,0.0,0.0,1
1786037827,462567090,0.0,-1.6568220297442835,-1.6291487852679651,-1.1327856222735804,-4.617830816899435,-4.890339676533834,0.5787051320075989,0.0,-0.0,0.0,0.0,0.0,0.0,0.0,0.0,0.0,0.0,0.0,0.0,1
1786037827,482462167,0.0,-1.6568339506732386,-1.6291969458209437,-1.132761303578512,-4.6177828947650355,-4.890399638806478,0.5787171125411987,0.0,-0.0,0.0,0.0,0.0,0.0,0.0,0.0,0.0,0.0,0.0,0.0,1
1786037827,502512216,0.0,-1.6568339506732386,-1.6291130224811,-1.1328094641314905,-4.617770854626791,-4.890375677739279,0.5787171125411987,0.0,-0.0,0.0,0.0,0.0,0.0,0.0,0.0,0.0,0.0,0.0,0.0,1
1786037827,522419452,0.0,-1.6568101088153284,-1.6291607061969202,-1.1328452269183558,-4.61781877676119,-4.890387598668234,0.5787410736083984,0.0,-0.0,0.0,0.0,0.0,0.0,0.0,0.0,0.0,0.0,0.0,0.0,1
1786037827,542546749,0.0,-1.6567981878863733,-1.6292088667498987,-1.1328333059894007,-4.6177948156939905,-4.890387598668234,0.5787530541419983,0.0,-0.0,0.0,0.0,0.0,0.0,0.0,0.0,0.0,0.0,0.0,0.0,1
1786037827,562381029,0.0,-1.6568339506732386,-1.6291850248919886,-1.1327975432025355,-4.617830816899435,-4.890351716672079,0.5787410736083984,0.0,-0.0,0.0,0.0,0.0,0.0,0.0,0.0,0.0,0.0,0.0,0.0,1
1786037827,582561731,0.0,-1.656858269368307,-1.6291850248919886,-1.1328333059894007,-4.617770854626791,-4.890375677739279,0.5787650346755981,0.0,-0.0,0.0,0.0,0.0,0.0,0.0,0.0,0.0,0.0,0.0,0.0,1
1786037827,602416038,0.0,-1.6568220297442835,-1.62913686433901,-1.1328094641314905,-4.6177948156939905,-4.890412036572592,0.578693151473999,0.0,-0.0,0.0,0.0,0.0,0.0,0.0,0.0,0.0,0.0,0.0,0.0,1
1786037827,622595787,0.0,-1.6568339506732386,-1.6291011015521448,-1.1328452269183558,-4.617830816899435,-4.890375677739279,0.5788009762763977,0.0,-0.0,0.0,0.0,0.0,0.0,0.0,0.0,0.0,0.0,0.0,0.0,1
1786037827,642522096,0.0,-1.6568101088153284,-1.6291969458209437,-1.132749382649557,-4.61781877676119,-4.890412036572592,0.578777015209198,0.0,-0.0,0.0,0.0,0.0,0.0,0.0,0.0,0.0,0.0,0.0,0.0,1
1786037827,662627935,0.0,-1.6568101088153284,-1.6291607061969202,-1.1328213850604456,-4.617806855832235,-4.890423957501547,0.5787530541419983,0.0,-0.0,0.0,0.0,0.0,0.0,0.0,0.0,0.0,0.0,0.0,0.0,1
1786037827,682423830,0.0,-1.6568101088153284,-1.6291487852679651,-1.1328094641314905,-4.617806855832235,-4.890375677739279,0.5787530541419983,0.0,-0.0,0.0,0.0,0.0,0.0,0.0,0.0,0.0,0.0,0.0,0.0,1
1786037827,702579259,0.0,-1.656858269368307,-1.6291726271258753,-1.1327975432025355,-4.617746893559591,-4.890351716672079,0.5787171125411987,0.0,-0.0,0.0,0.0,0.0,0.0,0.0,0.0,0.0,0.0,0.0,0.0,1
1786037827,722393751,0.0,-1.6568220297442835,-1.6291607061969202,-1.1328213850604456,-4.6177348534213465,-4.890399638806478,0.5787650346755981,0.0,-0.0,0.0,0.0,0.0,0.0,0.0,0.0,0.0,0.0,0.0,0.0,1
1786037827,742533206,0.0,-1.65676194826235,-1.6291969458209437,-1.1328213850604456,-4.6177828947650355,-4.890412036572592,0.5788009762763977,0.0,-0.0,0.0,0.0,0.0,0.0,0.0,0.0,0.0,0.0,0.0,0.0,1
1786037827,762396574,0.0,-1.6568101088153284,-1.6291726271258753,-1.132761303578512,-4.6177948156939905,-4.890351716672079,0.5787650346755981,0.0,-0.0,0.0,0.0,0.0,0.0,0.0,0.0,0.0,0.0,0.0,0.0,1
1786037827,782541036,0.0,-1.6568339506732386,-1.6291726271258753,-1.1327975432025355,-4.6177828947650355,-4.890412036572592,0.5787410736083984,0.0,-0.0,0.0,0.0,0.0,0.0,0.0,0.0,0.0,0.0,0.0,0.0,1
1786037827,802459955,0.0,-1.6567981878863733,-1.629124943410055,-1.1328094641314905,-4.6177948156939905,-4.890351716672079,0.5787290930747986,0.0,-0.0,0.0,0.0,0.0,0.0,0.0,0.0,0.0,0.0,0.0,0.0,1
1786037827,822560787,0.0,-1.6568101088153284,-1.6292327086078089,-1.1328094641314905,-4.617758814488546,-4.890375677739279,0.578777015209198,0.0,-0.0,0.0,0.0,0.0,0.0,0.0,0.0,0.0,0.0,0.0,0.0,1
1786037827,842455863,0.0,-1.6567862669574183,-1.6291487852679651,-1.1327856222735804,-4.61781877676119,-4.890375677739279,0.578777015209198,0.0,-0.0,0.0,0.0,0.0,0.0,0.0,0.0,0.0,0.0,0.0,0.0,1
1786037827,862597942,0.0,-1.6568220297442835,-1.62913686433901,-1.1328452269183558,-4.617770854626791,-4.890387598668234,0.5787530541419983,0.0,-0.0,0.0,0.0,0.0,0.0,0.0,0.0,0.0,0.0,0.0,0.0,1
1786037827,882413625,0.0,-1.656858269368307,-1.629124943410055,-1.1327856222735804,-4.6177948156939905,-4.890339676533834,0.578777015209198,0.0,-0.0,0.0,0.0,0.0,0.0,0.0,0.0,0.0,0.0,0.0,0.0,1
1786037827,902578353,0.0,-1.6567862669574183,-1.6291726271258753,-1.1328094641314905,-4.61781877676119,-4.890339676533834,0.578777015209198,0.0,-0.0,0.0,0.0,0.0,0.0,0.0,0.0,0.0,0.0,0.0,0.0,1
1786037827,922414302,0.0,-1.6568339506732386,-1.6291850248919886,-1.1328452269183558,-4.6177828947650355,-4.890387598668234,0.5787171125411987,0.0,-0.0,0.0,0.0,0.0,0.0,0.0,0.0,0.0,0.0,0.0,0.0,1
1786037827,942557334,0.0,-1.6568339506732386,-1.6291850248919886,-1.1328213850604456,-4.6177828947650355,-4.890399638806478,0.578777015209198,0.0,-0.0,0.0,0.0,0.0,0.0,0.0,0.0,0.0,0.0,0.0,0.0,1
1786037827,962359189,0.0,-1.656870190297262,-1.6291607061969202,-1.1328333059894007,-4.6177948156939905,-4.890375677739279,0.5787650346755981,0.0,-0.0,0.0,0.0,0.0,0.0,0.0,0.0,0.0,0.0,0.0,0.0,1
1786037827,982639551,0.0,-1.6568101088153284,-1.6291607061969202,-1.1328333059894007,-4.617770854626791,-4.890327755604879,0.5787650346755981,0.0,-0.0,0.0,0.0,0.0,0.0,0.0,0.0,0.0,0.0,0.0,0.0,1
1786037828,2391099,0.0,-1.6567981878863733,-1.62913686433901,-1.1327975432025355,-4.617806855832235,-4.890351716672079,0.5787410736083984,0.0,-0.0,0.0,0.0,0.0,0.0,0.0,0.0,0.0,0.0,0.0,0.0,1
1786037828,22612810,0.0,-1.6568339506732386,-1.6291011015521448,-1.1328213850604456,-4.617806855832235,-4.890399638806478,0.5787290930747986,0.0,-0.0,0.0,0.0,0.0,0.0,0.0,0.0,0.0,0.0,0.0,0.0,1
1786037828,42429924,0.0,-1.6568339506732386,-1.62913686433901,-1.1327856222735804,-4.6177828947650355,-4.890399638806478,0.5787171125411987,0.0,-0.0,0.0,0.0,0.0,0.0,0.0,0.0,0.0,0.0,0.0,0.0,1
1786037828,62497615,0.0,-1.6568458716021937,-1.6291487852679651,-1.1328333059894007,-4.617806855832235,-4.890375677739279,0.578777015209198,0.0,-0.0,0.0,0.0,0.0,0.0,0.0,0.0,0.0,0.0,0.0,0.0,1
1786037828,82589864,0.0,-1.656858269368307,-1.6291487852679651,-1.1328333059894007,-4.6177948156939905,-4.890399638806478,0.5787410736083984,0.0,-0.0,0.0,0.0,0.0,0.0,0.0,0.0,0.0,0.0,0.0,0.0,1
1786037828,102508544,0.0,-1.6567981878863733,-1.6291726271258753,-1.1328213850604456,-4.6177828947650355,-4.890399638806478,0.5787889957427979,0.0,-0.0,0.0,0.0,0.0,0.0,0.0,0.0,0.0,0.0,0.0,0.0,1
1786037828,122442483,0.0,-1.6568101088153284,-1.6291607061969202,-1.1328094641314905,-4.617806855832235,-4.890339676533834,0.5787530541419983,0.0,-0.0,0.0,0.0,0.0,0.0,0.0,0.0,0.0,0.0,0.0,0.0,1
1786037828,142609119,0.0,-1.6568339506732386,-1.6291726271258753,-1.1328213850604456,-4.617854777966635,-4.890387598668234,0.578777015209198,0.0,-0.0,0.0,0.0,0.0,0.0,0.0,0.0,0.0,0.0,0.0,0.0,1
1786037828,162382602,0.0,-1.6568101088153284,-1.6291487852679651,-1.1327737013446253,-4.6177828947650355,-4.890387598668234,0.5787650346755981,0.0,-0.0,0.0,0.0,0.0,0.0,0.0,0.0,0.0,0.0,0.0,0.0,1
1786037828,182533025,0.0,-1.6567981878863733,-1.62913686433901,-1.1328213850604456,-4.617806855832235,-4.890412036572592,0.5787889957427979,0.0,-0.0,0.0,0.0,0.0,0.0,0.0,0.0,0.0,0.0,0.0,0.0,1
1786037828,202560186,0.0,-1.6568458716021937,-1.6291607061969202,-1.1328333059894007,-4.61784273782839,-4.890399638806478,0.5787410736083984,0.0,-0.0,0.0,0.0,0.0,0.0,0.0,0.0,0.0,0.0,0.0,0.0,1
1786037828,222584247,0.0,-1.6568220297442835,-1.6291969458209437,-1.1328094641314905,-4.6177948156939905,-4.890399638806478,0.5787530541419983,0.0,-0.0,0.0,0.0,0.0,0.0,0.0,0.0,0.0,0.0,0.0,0.0,1
1786037828,242447853,0.0,-1.6568220297442835,-1.6291607061969202,-1.1328213850604456,-4.61781877676119,-4.890375677739279,0.5787410736083984,0.0,-0.0,0.0,0.0,0.0,0.0,0.0,0.0,0.0,0.0,0.0,0.0,1
1786037828,262628555,0.0,-1.6567862669574183,-1.6291850248919886,-1.1327856222735804,-4.617854777966635,-4.890412036572592,0.5787410736083984,0.0,-0.0,0.0,0.0,0.0,0.0,0.0,0.0,0.0,0.0,0.0,0.0,1
1786037828,282458066,0.0,-1.6568339506732386,-1.629124943410055,-1.1328094641314905,-4.6177828947650355,-4.890339676533834,0.5787889957427979,0.0,-0.0,0.0,0.0,0.0,0.0,0.0,0.0,0.0,0.0,0.0,0.0,1
1786037828,302453041,0.0,-1.6567743460284632,-1.6291850248919886,-1.1328094641314905,-4.617758814488546,-4.890387598668234,0.5788009762763977,0.0,-0.0,0.0,0.0,0.0,0.0,0.0,0.0,0.0,0.0,0.0,0.0,1
1786037828,322382450,0.0,-1.6567862669574183,-1.6291607061969202,-1.1327975432025355,-4.617770854626791,-4.890423957501547,0.5787530541419983,0.0,-0.0,0.0,0.0,0.0,0.0,0.0,0.0,0.0,0.0,0.0,0.0,1
1786037828,342690467,0.0,-1.6568458716021937,-1.6291607061969202,-1.1327975432025355,-4.6177948156939905,-4.890423957501547,0.5787650346755981,0.0,-0.0,0.0,0.0,0.0,0.0,0.0,0.0,0.0,0.0,0.0,0.0,1
1786037828,362379074,0.0,-1.6568458716021937,-1.629124943410055,-1.1327737013446253,-4.617770854626791,-4.890387598668234,0.5787650346755981,0.0,-0.0,0.0,0.0,0.0,0.0,0.0,0.0,0.0,0.0,0.0,0.0,1
1786037828,382506847,0.0,-1.6567743460284632,-1.6291850248919886,-1.1328094641314905,-4.617806855832235,-4.890399638806478,0.5787290930747986,0.0,-0.0,0.0,0.0,0.0,0.0,0.0,0.0,0.0,0.0,0.0,0.0,1
1786037828,402433872,0.0,-1.6568101088153284,-1.6291607061969202,-1.1327856222735804,-4.61781877676119,-4.890339676533834,0.5787290930747986,0.0,-0.0,0.0,0.0,0.0,0.0,0.0,0.0,0.0,0.0,0.0,0.0,1
1786037828,422530889,0.0,-1.6568339506732386,-1.6291969458209437,-1.1327856222735804,-4.6177828947650355,-4.890363637601034,0.5787650346755981,0.0,-0.0,0.0,0.0,0.0,0.0,0.0,0.0,0.0,0.0,0.0,0.0,1
1786037828,442414522,0.0,-1.6568101088153284,-1.6291726271258753,-1.1328333059894007,-4.6177828947650355,-4.890387598668234,0.578693151473999,0.0,-0.0,0.0,0.0,0.0,0.0,0.0,0.0,0.0,0.0,0.0,0.0,1
1786037828,462573766,0.0,-1.6567743460284632,-1.6292207876788538,-1.1327975432025355,-4.61781877676119,-4.890363637601034,0.5787410736083984,0.0,-0.0,0.0,0.0,0.0,0.0,0.0,0.0,0.0,0.0,0.0,0.0,1
1786037828,482460260,0.0,-1.6567862669574183,-1.6291969458209437,-1.1328333059894007,-4.617806855832235,-4.890363637601034,0.5787171125411987,0.0,-0.0,0.0,0.0,0.0,0.0,0.0,0.0,0.0,0.0,0.0,0.0,1
1786037828,502635478,0.0,-1.6567981878863733,-1.6291726271258753,-1.1328333059894007,-4.617806855832235,-4.890363637601034,0.5787650346755981,0.0,-0.0,0.0,0.0,0.0,0.0,0.0,0.0,0.0,0.0,0.0,0.0,1
1786037828,522376298,0.0,-1.6567743460284632,-1.62913686433901,-1.1327856222735804,-4.617806855832235,-4.890363637601034,0.5787290930747986,0.0,-0.0,0.0,0.0,0.0,0.0,0.0,0.0,0.0,0.0,0.0,0.0,1
1786037828,542462110,0.0,-1.6568101088153284,-1.6292088667498987,-1.1327975432025355,-4.6177828947650355,-4.890339676533834,0.5787650346755981,0.0,-0.0,0.0,0.0,0.0,0.0,0.0,0.0,0.0,0.0,0.0,0.0,1
1786037828,562602519,0.0,-1.6568339506732386,-1.6291850248919886,-1.1327975432025355,-4.6177948156939905,-4.890363637601034,0.5787171125411987,0.0,-0.0,0.0,0.0,0.0,0.0,0.0,0.0,0.0,0.0,0.0,0.0,1
1786037828,582586288,0.0,-1.6568220297442835,-1.6291969458209437,-1.1327975432025355,-4.6177948156939905,-4.890363637601034,0.5787530541419983,0.0,-0.0,0.0,0.0,0.0,0.0,0.0,0.0,0.0,0.0,0.0,0.0,1
1786037828,602415084,0.0,-1.6568458716021937,-1.629124943410055,-1.1328213850604456,-4.61786669889559,-4.890412036572592,0.578777015209198,0.0,-0.0,0.0,0.0,0.0,0.0,0.0,0.0,0.0,0.0,0.0,0.0,1
1786037828,622502803,0.0,-1.6568339506732386,-1.6291130224811,-1.1327737013446253,-4.6177948156939905,-4.890339676533834,0.5787051320075989,0.0,-0.0,0.0,0.0,0.0,0.0,0.0,0.0,0.0,0.0,0.0,0.0,1
1786037828,642400264,0.0,-1.6568220297442835,-1.62913686433901,-1.1327856222735804,-4.61781877676119,-4.890339676533834,0.5787410736083984,0.0,-0.0,0.0,0.0,0.0,0.0,0.0,0.0,0.0,0.0,0.0,0.0,1
1786037828,662568330,0.0,-1.6568220297442835,-1.6291607061969202,-1.1327975432025355,-4.61781877676119,-4.890363637601034,0.5787290930747986,0.0,-0.0,0.0,0.0,0.0,0.0,0.0,0.0,0.0,0.0,0.0,0.0,1
1786037828,682436943,0.0,-1.6568220297442835,-1.62913686433901,-1.1327856222735804,-4.617806855832235,-4.890423957501547,0.5787410736083984,0.0,-0.0,0.0,0.0,0.0,0.0,0.0,0.0,0.0,0.0,0.0,0.0,1
1786037828,702525854,0.0,-1.6568339506732386,-1.6291726271258753,-1.1327737013446253,-4.6177948156939905,-4.890387598668234,0.5787171125411987,0.0,-0.0,0.0,0.0,0.0,0.0,0.0,0.0,0.0,0.0,0.0,0.0,1
1786037828,722388029,0.0,-1.6567981878863733,-1.6291487852679651,-1.1328094641314905,-4.6177948156939905,-4.890399638806478,0.5787290930747986,0.0,-0.0,0.0,0.0,0.0,0.0,0.0,0.0,0.0,0.0,0.0,0.0,1
1786037828,742511987,0.0,-1.6567981878863733,-1.6291607061969202,-1.1327856222735804,-4.61781877676119,-4.890399638806478,0.5787290930747986,0.0,-0.0,0.0,0.0,0.0,0.0,0.0,0.0,0.0,0.0,0.0,0.0,1
1786037828,762333393,0.0,-1.6567981878863733,-1.6292088667498987,-1.1328213850604456,-4.61781877676119,-4.890351716672079,0.5787290930747986,0.0,-0.0,0.0,0.0,0.0,0.0,0.0,0.0,0.0,0.0,0.0,0.0,1
1786037828,782631397,0.0,-1.6568220297442835,-1.6291487852679651,-1.1328094641314905,-4.6177828947650355,-4.890412036572592,0.5787171125411987,0.0,-0.0,0.0,0.0,0.0,0.0,0.0,0.0,0.0,0.0,0.0,0.0,1
1786037828,802410840,0.0,-1.6568339506732386,-1.6291969458209437,-1.1327737013446253,-4.617830816899435,-4.890375677739279,0.5787530541419983,0.0,-0.0,0.0,0.0,0.0,0.0,0.0,0.0,0.0,0.0,0.0,0.0,1
1786037828,822540760,0.0,-1.6567981878863733,-1.6291726271258753,-1.1328094641314905,-4.61781877676119,-4.890363637601034,0.5787650346755981,0.0,-0.0,0.0,0.0,0.0,0.0,0.0,0.0,0.0,0.0,0.0,0.0,1
1786037828,842411518,0.0,-1.6567862669574183,-1.6291607061969202,-1.1327856222735804,-4.6177948156939905,-4.890363637601034,0.5787290930747986,0.0,-0.0,0.0,0.0,0.0,0.0,0.0,0.0,0.0,0.0,0.0,0.0,1
1786037828,862569808,0.0,-1.6568458716021937,-1.6292088667498987,-1.1328452269183558,-4.6177948156939905,-4.890375677739279,0.578777015209198,0.0,-0.0,0.0,0.0,0.0,0.0,0.0,0.0,0.0,0.0,0.0,0.0,1
1786037828,882499217,0.0,-1.656858269368307,-1.6291487852679651,-1.1327856222735804,-4.617806855832235,-4.890399638806478,0.578777015209198,0.0,-0.0,0.0,0.0,0.0,0.0,0.0,0.0,0.0,0.0,0.0,0.0,1
1786037828,902568340,0.0,-1.6568458716021937,-1.6292207876788538,-1.1327975432025355,-4.6177948156939905,-4.890363637601034,0.5787889957427979,0.0,-0.0,0.0,0.0,0.0,0.0,0.0,0.0,0.0,0.0,0.0,0.0,1
1786037828,922509193,0.0,-1.65676194826235,-1.6292088667498987,-1.1327856222735804,-4.6177828947650355,-4.890339676533834,0.5787410736083984,0.0,-0.0,0.0,0.0,0.0,0.0,0.0,0.0,0.0,0.0,0.0,0.0,1
1786037828,942569732,0.0,-1.6568339506732386,-1.62913686433901,-1.1327737013446253,-4.6177828947650355,-4.890412036572592,0.5787530541419983,0.0,-0.0,0.0,0.0,0.0,0.0,0.0,0.0,0.0,0.0,0.0,0.0,1
1786037828,962351322,0.0,-1.656870190297262,-1.6291969458209437,-1.1328213850604456,-4.6177828947650355,-4.890363637601034,0.5787650346755981,0.0,-0.0,0.0,0.0,0.0,0.0,0.0,0.0,0.0,0.0,0.0,0.0,1
1786037828,982592582,0.0,-1.6567981878863733,-1.62913686433901,-1.1327975432025355,-4.617806855832235,-4.890351716672079,0.5787171125411987,0.0,-0.0,0.0,0.0,0.0,0.0,0.0,0.0,0.0,0.0,0.0,0.0,1
1786037829,2438545,0.0,-1.6568101088153284,-1.6291487852679651,-1.1327856222735804,-4.6177828947650355,-4.890387598668234,0.5787889957427979,0.0,-0.0,0.0,0.0,0.0,0.0,0.0,0.0,0.0,0.0,0.0,0.0,1
1786037829,22562980,0.0,-1.6567743460284632,-1.629124943410055,-1.1327737013446253,-4.61781877676119,-4.890363637601034,0.578777015209198,0.0,-0.0,0.0,0.0,0.0,0.0,0.0,0.0,0.0,0.0,0.0,0.0,1
1786037829,42366981,0.0,-1.6568220297442835,-1.6291969458209437,-1.132761303578512,-4.617746893559591,-4.890399638806478,0.578777015209198,0.0,-0.0,0.0,0.0,0.0,0.0,0.0,0.0,0.0,0.0,0.0,0.0,1
1786037829,62663316,0.0,-1.6567743460284632,-1.629124943410055,-1.132761303578512,-4.617770854626791,-4.890375677739279,0.5787530541419983,0.0,-0.0,0.0,0.0,0.0,0.0,0.0,0.0,0.0,0.0,0.0,0.0,1
1786037829,82375049,0.0,-1.656858269368307,-1.6291969458209437,-1.1328452269183558,-4.617806855832235,-4.890375677739279,0.5787650346755981,0.0,-0.0,0.0,0.0,0.0,0.0,0.0,0.0,0.0,0.0,0.0,0.0,1
1786037829,102526903,0.0,-1.6568101088153284,-1.6291607061969202,-1.1327737013446253,-4.61781877676119,-4.890399638806478,0.5787171125411987,0.0,-0.0,0.0,0.0,0.0,0.0,0.0,0.0,0.0,0.0,0.0,0.0,1
1786037829,122505426,0.0,-1.6567981878863733,-1.6291130224811,-1.1327856222735804,-4.6177828947650355,-4.890351716672079,0.578693151473999,0.0,-0.0,0.0,0.0,0.0,0.0,0.0,0.0,0.0,0.0,0.0,0.0,1
1786037829,142505645,0.0,-1.6568101088153284,-1.6291011015521448,-1.1327975432025355,-4.61781877676119,-4.890375677739279,0.5787410736083984,0.0,-0.0,0.0,0.0,0.0,0.0,0.0,0.0,0.0,0.0,0.0,0.0,1
1786037829,162376165,0.0,-1.6568220297442835,-1.629124943410055,-1.1327975432025355,-4.617806855832235,-4.890375677739279,0.5787290930747986,0.0,-0.0,0.0,0.0,0.0,0.0,0.0,0.0,0.0,0.0,0.0,0.0,1
1786037829,182585716,0.0,-1.6568101088153284,-1.6291726271258753,-1.1328094641314905,-4.6177948156939905,-4.890363637601034,0.5786691904067993,0.0,-0.0,0.0,0.0,0.0,0.0,0.0,0.0,0.0,0.0,0.0,0.0,1
1786037829,202366828,0.0,-1.6567862669574183,-1.6291130224811,-1.1327975432025355,-4.617806855832235,-4.890399638806478,0.5787290930747986,0.0,-0.0,0.0,0.0,0.0,0.0,0.0,0.0,0.0,0.0,0.0,0.0,1
1786037829,222518444,0.0,-1.6567981878863733,-1.6291607061969202,-1.1328695456134241,-4.6177828947650355,-4.890399638806478,0.5787889957427979,0.0,-0.0,0.0,0.0,0.0,0.0,0.0,0.0,0.0,0.0,0.0,0.0,1
1786037829,242434263,0.0,-1.6568220297442835,-1.6291969458209437,-1.1328094641314905,-4.61784273782839,-4.890351716672079,0.578777015209198,0.0,-0.0,0.0,0.0,0.0,0.0,0.0,0.0,0.0,0.0,0.0,0.0,1
1786037829,262668132,0.0,-1.6567862669574183,-1.6291969458209437,-1.1328452269183558,-4.6177828947650355,-4.890339676533834,0.5787410736083984,0.0,-0.0,0.0,0.0,0.0,0.0,0.0,0.0,0.0,0.0,0.0,0.0,1
1786037829,282393693,0.0,-1.6567981878863733,-1.6291487852679651,-1.1327975432025355,-4.617758814488546,-4.890363637601034,0.5787889957427979,0.0,-0.0,0.0,0.0,0.0,0.0,0.0,0.0,0.0,0.0,0.0,0.0,1
1786037829,302523612,0.0,-1.6568339506732386,-1.6292207876788538,-1.132761303578512,-4.617758814488546,-4.890387598668234,0.5787530541419983,0.0,-0.0,0.0,0.0,0.0,0.0,0.0,0.0,0.0,0.0,0.0,0.0,1
1786037829,322396516,0.0,-1.6567981878863733,-1.6291726271258753,-1.1327737013446253,-4.617770854626791,-4.890399638806478,0.5787650346755981,0.0,-0.0,0.0,0.0,0.0,0.0,0.0,0.0,0.0,0.0,0.0,0.0,1
1786037829,342540502,0.0,-1.6568339506732386,-1.6291607061969202,-1.1327975432025355,-4.6177948156939905,-4.890351716672079,0.5787530541419983,0.0,-0.0,0.0,0.0,0.0,0.0,0.0,0.0,0.0,0.0,0.0,0.0,1
1786037829,362447261,0.0,-1.6568220297442835,-1.6291726271258753,-1.1327737013446253,-4.617806855832235,-4.890375677739279,0.5787290930747986,0.0,-0.0,0.0,0.0,0.0,0.0,0.0,0.0,0.0,0.0,0.0,0.0,1
1786037829,382522344,0.0,-1.6567743460284632,-1.629124943410055,-1.1327856222735804,-4.617806855832235,-4.890351716672079,0.5787410736083984,0.0,-0.0,0.0,0.0,0.0,0.0,0.0,0.0,0.0,0.0,0.0,0.0,1
1786037829,402539014,0.0,-1.6568220297442835,-1.6292088667498987,-1.1327975432025355,-4.6177948156939905,-4.890399638806478,0.5787171125411987,0.0,-0.0,0.0,0.0,0.0,0.0,0.0,0.0,0.0,0.0,0.0,0.0,1
1786037829,422460317,0.0,-1.6567743460284632,-1.6291130224811,-1.1327737013446253,-4.6177948156939905,-4.890375677739279,0.5787410736083984,0.0,-0.0,0.0,0.0,0.0,0.0,0.0,0.0,0.0,0.0,0.0,0.0,1
1786037829,442431211,0.0,-1.6568220297442835,-1.6291607061969202,-1.1327737013446253,-4.617806855832235,-4.890412036572592,0.578777015209198,0.0,-0.0,0.0,0.0,0.0,0.0,0.0,0.0,0.0,0.0,0.0,0.0,1
1786037829,462602853,0.0,-1.656858269368307,-1.629124943410055,-1.132749382649557,-4.6177948156939905,-4.890339676533834,0.5787410736083984,0.0,-0.0,0.0,0.0,0.0,0.0,0.0,0.0,0.0,0.0,0.0,0.0,1
1786037829,482452392,0.0,-1.6568220297442835,-1.6291607061969202,-1.1328213850604456,-4.6177348534213465,-4.890363637601034,0.5787051320075989,0.0,-0.0,0.0,0.0,0.0,0.0,0.0,0.0,0.0,0.0,0.0,0.0,1
1786037829,502512454,0.0,-1.6567981878863733,-1.6291850248919886,-1.132749382649557,-4.61784273782839,-4.890399638806478,0.5787650346755981,0.0,-0.0,0.0,0.0,0.0,0.0,0.0,0.0,0.0,0.0,0.0,0.0,1
1786037829,522399663,0.0,-1.6568339506732386,-1.6291969458209437,-1.1327856222735804,-4.617770854626791,-4.890351716672079,0.5787410736083984,0.0,-0.0,0.0,0.0,0.0,0.0,0.0,0.0,0.0,0.0,0.0,0.0,1
1786037829,542555332,0.0,-1.6567743460284632,-1.6291487852679651,-1.1328333059894007,-4.61781877676119,-4.890387598668234,0.5787290930747986,0.0,-0.0,0.0,0.0,0.0,0.0,0.0,0.0,0.0,0.0,0.0,0.0,1
1786037829,562433719,0.0,-1.6568220297442835,-1.6291607061969202,-1.132749382649557,-4.617722932492391,-4.890327755604879,0.5787889957427979,0.0,-0.0,0.0,0.0,0.0,0.0,0.0,0.0,0.0,0.0,0.0,0.0,1
1786037829,582568883,0.0,-1.6568101088153284,-1.6291850248919886,-1.1327856222735804,-4.6177828947650355,-4.890339676533834,0.5787410736083984,0.0,-0.0,0.0,0.0,0.0,0.0,0.0,0.0,0.0,0.0,0.0,0.0,1
1786037829,602357149,0.0,-1.6568458716021937,-1.6291850248919886,-1.1328333059894007,-4.617806855832235,-4.890339676533834,0.578693151473999,0.0,-0.0,0.0,0.0,0.0,0.0,0.0,0.0,0.0,0.0,0.0,0.0,1
1786037829,622504472,0.0,-1.6567981878863733,-1.6291726271258753,-1.1328213850604456,-4.617830816899435,-4.890387598668234,0.5788009762763977,0.0,-0.0,0.0,0.0,0.0,0.0,0.0,0.0,0.0,0.0,0.0,0.0,1
1786037829,642327070,0.0,-1.65676194826235,-1.6291487852679651,-1.1327737013446253,-4.617806855832235,-4.890327755604879,0.5787171125411987,0.0,-0.0,0.0,0.0,0.0,0.0,0.0,0.0,0.0,0.0,0.0,0.0,1
1786037829,662669658,0.0,-1.6568339506732386,-1.6291726271258753,-1.1327737013446253,-4.617770854626791,-4.890375677739279,0.5787650346755981,0.0,-0.0,0.0,0.0,0.0,0.0,0.0,0.0,0.0,0.0,0.0,0.0,1
1786037829,682362079,0.0,-1.6568101088153284,-1.6291607061969202,-1.1328094641314905,-4.617830816899435,-4.890399638806478,0.5787410736083984,0.0,-0.0,0.0,0.0,0.0,0.0,0.0,0.0,0.0,0.0,0.0,0.0,1
1786037829,702428579,0.0,-1.6568458716021937,-1.6291607061969202,-1.1328333059894007,-4.617758814488546,-4.890423957501547,0.578693151473999,0.0,-0.0,0.0,0.0,0.0,0.0,0.0,0.0,0.0,0.0,0.0,0.0,1
1786037829,722451210,0.0,-1.6568220297442835,-1.6291607061969202,-1.1327737013446253,-4.6177828947650355,-4.890387598668234,0.5787650346755981,0.0,-0.0,0.0,0.0,0.0,0.0,0.0,0.0,0.0,0.0,0.0,0.0,1
1786037829,742519617,0.0,-1.6567862669574183,-1.6291850248919886,-1.1328333059894007,-4.617830816899435,-4.890399638806478,0.5787290930747986,0.0,-0.0,0.0,0.0,0.0,0.0,0.0,0.0,0.0,0.0,0.0,0.0,1
1786037829,762615203,0.0,-1.6567981878863733,-1.629124943410055,-1.1327975432025355,-4.617806855832235,-4.890375677739279,0.5787530541419983,0.0,-0.0,0.0,0.0,0.0,0.0,0.0,0.0,0.0,0.0,0.0,0.0,1
1786037829,782528877,0.0,-1.6568220297442835,-1.6291850248919886,-1.1328213850604456,-4.6177828947650355,-4.890339676533834,0.5787650346755981,0.0,-0.0,0.0,0.0,0.0,0.0,0.0,0.0,0.0,0.0,0.0,0.0,1
1786037829,802329778,0.0,-1.6568220297442835,-1.6291607061969202,-1.1327374617206019,-4.617806855832235,-4.890423957501547,0.5787171125411987,0.0,-0.0,0.0,0.0,0.0,0.0,0.0,0.0,0.0,0.0,0.0,0.0,1
1786037829,822453260,0.0,-1.6568339506732386,-1.6291487852679651,-1.1327737013446253,-4.617746893559591,-4.890351716672079,0.5787650346755981,0.0,-0.0,0.0,0.0,0.0,0.0,0.0,0.0,0.0,0.0,0.0,0.0,1
1786037829,842330932,0.0,-1.6568458716021937,-1.629124943410055,-1.1328094641314905,-4.617806855832235,-4.890387598668234,0.5787410736083984,0.0,-0.0,0.0,0.0,0.0,0.0,0.0,0.0,0.0,0.0,0.0,0.0,1
1786037829,862631797,0.0,-1.6567862669574183,-1.6291607061969202,-1.1328333059894007,-4.617770854626791,-4.890339676533834,0.5787171125411987,0.0,-0.0,0.0,0.0,0.0,0.0,0.0,0.0,0.0,0.0,0.0,0.0,1
1786037829,882338523,0.0,-1.6567862669574183,-1.6291850248919886,-1.1328333059894007,-4.617806855832235,-4.890399638806478,0.5787290930747986,0.0,-0.0,0.0,0.0,0.0,0.0,0.0,0.0,0.0,0.0,0.0,0.0,1
1786037829,902548074,0.0,-1.6568220297442835,-1.6291487852679651,-1.132749382649557,-4.617830816899435,-4.890375677739279,0.5787290930747986,0.0,-0.0,0.0,0.0,0.0,0.0,0.0,0.0,0.0,0.0,0.0,0.0,1
1786037829,922338485,0.0,-1.6568458716021937,-1.6291726271258753,-1.132761303578512,-4.6177828947650355,-4.890339676533834,0.5787290930747986,0.0,-0.0,0.0,0.0,0.0,0.0,0.0,0.0,0.0,0.0,0.0,0.0,1
1786037829,942555904,0.0,-1.6568101088153284,-1.6291487852679651,-1.1327856222735804,-4.617806855832235,-4.890363637601034,0.5787290930747986,0.0,-0.0,0.0,0.0,0.0,0.0,0.0,0.0,0.0,0.0,0.0,0.0,1
1786037829,962427854,0.0,-1.6568339506732386,-1.6291607061969202,-1.1327856222735804,-4.617806855832235,-4.890387598668234,0.5787051320075989,0.0,-0.0,0.0,0.0,0.0,0.0,0.0,0.0,0.0,0.0,0.0,0.0,1
1786037829,982416629,0.0,-1.6568339506732386,-1.6291607061969202,-1.1328333059894007,-4.617806855832235,-4.890387598668234,0.5787171125411987,0.0,-0.0,0.0,0.0,0.0,0.0,0.0,0.0,0.0,0.0,0.0,0.0,1
1786037830,2432823,0.0,-1.6568339506732386,-1.62913686433901,-1.1328213850604456,-4.61781877676119,-4.890351716672079,0.5787530541419983,0.0,-0.0,0.0,0.0,0.0,0.0,0.0,0.0,0.0,0.0,0.0,0.0,1
1786037830,22531747,0.0,-1.6568458716021937,-1.6291726271258753,-1.1327856222735804,-4.61781877676119,-4.890399638806478,0.5787290930747986,0.0,-0.0,0.0,0.0,0.0,0.0,0.0,0.0,0.0,0.0,0.0,0.0,1
1786037830,42401790,0.0,-1.6568101088153284,-1.6291607061969202,-1.1327975432025355,-4.617758814488546,-4.890375677739279,0.5787171125411987,0.0,-0.0,0.0,0.0,0.0,0.0,0.0,0.0,0.0,0.0,0.0,0.0,1
1786037830,62581777,0.0,-1.6567862669574183,-1.629124943410055,-1.1327856222735804,-4.6177948156939905,-4.890412036572592,0.5787290930747986,0.0,-0.0,0.0,0.0,0.0,0.0,0.0,0.0,0.0,0.0,0.0,0.0,1
1786037830,82283496,0.0,-1.6568220297442835,-1.629124943410055,-1.1328333059894007,-4.617758814488546,-4.890412036572592,0.5787290930747986,0.0,-0.0,0.0,0.0,0.0,0.0,0.0,0.0,0.0,0.0,0.0,0.0,1
1786037830,102454423,0.0,-1.6568339506732386,-1.6291607061969202,-1.1327975432025355,-4.6177948156939905,-4.890375677739279,0.5787650346755981,0.0,-0.0,0.0,0.0,0.0,0.0,0.0,0.0,0.0,0.0,0.0,0.0,1
1786037830,122348785,0.0,-1.6567981878863733,-1.6291850248919886,-1.1327975432025355,-4.617746893559591,-4.890387598668234,0.5787171125411987,0.0,-0.0,0.0,0.0,0.0,0.0,0.0,0.0,0.0,0.0,0.0,0.0,1
1786037830,142577648,0.0,-1.6568220297442835,-1.6292088667498987,-1.1328333059894007,-4.6177948156939905,-4.890412036572592,0.5787290930747986,0.0,-0.0,0.0,0.0,0.0,0.0,0.0,0.0,0.0,0.0,0.0,0.0,1
1786037830,162336111,0.0,-1.6568101088153284,-1.6291726271258753,-1.1328213850604456,-4.617806855832235,-4.890351716672079,0.5787171125411987,0.0,-0.0,0.0,0.0,0.0,0.0,0.0,0.0,0.0,0.0,0.0,0.0,1
1786037830,182560920,0.0,-1.6568220297442835,-1.6291130224811,-1.1328333059894007,-4.617830816899435,-4.890375677739279,0.578777015209198,0.0,-0.0,0.0,0.0,0.0,0.0,0.0,0.0,0.0,0.0,0.0,0.0,1
1786037830,202444791,0.0,-1.6568101088153284,-1.6292088667498987,-1.1328213850604456,-4.617806855832235,-4.890387598668234,0.5787171125411987,0.0,-0.0,0.0,0.0,0.0,0.0,0.0,0.0,0.0,0.0,0.0,0.0,1
1786037830,222451686,0.0,-1.6568339506732386,-1.6291969458209437,-1.1328333059894007,-4.6177828947650355,-4.890351716672079,0.5787410736083984,0.0,-0.0,0.0,0.0,0.0,0.0,0.0,0.0,0.0,0.0,0.0,0.0,1
1786037830,242579698,0.0,-1.6568339506732386,-1.6291726271258753,-1.1327975432025355,-4.617854777966635,-4.890399638806478,0.5788009762763977,0.0,-0.0,0.0,0.0,0.0,0.0,0.0,0.0,0.0,0.0,0.0,0.0,1
1786037830,262551546,0.0,-1.6568458716021937,-1.62913686433901,-1.132761303578512,-4.61781877676119,-4.890399638806478,0.5787290930747986,0.0,-0.0,0.0,0.0,0.0,0.0,0.0,0.0,0.0,0.0,0.0,0.0,1
1786037830,282407522,0.0,-1.6568220297442835,-1.6291726271258753,-1.1327856222735804,-4.617806855832235,-4.890375677739279,0.578777015209198,0.0,-0.0,0.0,0.0,0.0,0.0,0.0,0.0,0.0,0.0,0.0,0.0,1
1786037830,302587032,0.0,-1.6567981878863733,-1.6291487852679651,-1.1327856222735804,-4.617806855832235,-4.890387598668234,0.5788009762763977,0.0,-0.0,0.0,0.0,0.0,0.0,0.0,0.0,0.0,0.0,0.0,0.0,1
1786037830,322356939,0.0,-1.6567862669574183,-1.629124943410055,-1.1328333059894007,-4.617770854626791,-4.890412036572592,0.5787889957427979,0.0,-0.0,0.0,0.0,0.0,0.0,0.0,0.0,0.0,0.0,0.0,0.0,1
1786037830,342516183,0.0,-1.6567862669574183,-1.6291607061969202,-1.132749382649557,-4.617806855832235,-4.890363637601034,0.5787530541419983,0.0,-0.0,0.0,0.0,0.0,0.0,0.0,0.0,0.0,0.0,0.0,0.0,1
1786037830,362414598,0.0,-1.6567743460284632,-1.6291607061969202,-1.1328094641314905,-4.6177948156939905,-4.890351716672079,0.5787171125411987,0.0,-0.0,0.0,0.0,0.0,0.0,0.0,0.0,0.0,0.0,0.0,0.0,1
1786037830,382522106,0.0,-1.6567743460284632,-1.6291726271258753,-1.1327856222735804,-4.617806855832235,-4.890375677739279,0.5787171125411987,0.0,-0.0,0.0,0.0,0.0,0.0,0.0,0.0,0.0,0.0,0.0,0.0,1
1786037830,402445077,0.0,-1.6568825880633753,-1.6291487852679651,-1.1327975432025355,-4.6177828947650355,-4.890399638806478,0.5787530541419983,0.0,-0.0,0.0,0.0,0.0,0.0,0.0,0.0,0.0,0.0,0.0,0.0,1
1786037830,422553300,0.0,-1.6567743460284632,-1.629124943410055,-1.132857624684469,-4.61781877676119,-4.890327755604879,0.5787530541419983,0.0,-0.0,0.0,0.0,0.0,0.0,0.0,0.0,0.0,0.0,0.0,0.0,1
1786037830,442435264,0.0,-1.6568339506732386,-1.629124943410055,-1.1327856222735804,-4.617758814488546,-4.890351716672079,0.5787650346755981,0.0,-0.0,0.0,0.0,0.0,0.0,0.0,0.0,0.0,0.0,0.0,0.0,1
1786037830,462643861,0.0,-1.6568101088153284,-1.6291487852679651,-1.1328333059894007,-4.6177948156939905,-4.890351716672079,0.5787171125411987,0.0,-0.0,0.0,0.0,0.0,0.0,0.0,0.0,0.0,0.0,0.0,0.0,1
1786037830,482381582,0.0,-1.6567981878863733,-1.6291726271258753,-1.1327856222735804,-4.61781877676119,-4.890351716672079,0.5787530541419983,0.0,-0.0,0.0,0.0,0.0,0.0,0.0,0.0,0.0,0.0,0.0,0.0,1
1786037830,502612829,0.0,-1.6567981878863733,-1.6291850248919886,-1.1328094641314905,-4.617770854626791,-4.890327755604879,0.5787530541419983,0.0,-0.0,0.0,0.0,0.0,0.0,0.0,0.0,0.0,0.0,0.0,0.0,1
1786037830,522426366,0.0,-1.6567981878863733,-1.6292088667498987,-1.1328094641314905,-4.6177948156939905,-4.890375677739279,0.5787530541419983,0.0,-0.0,0.0,0.0,0.0,0.0,0.0,0.0,0.0,0.0,0.0,0.0,1
1786037830,542526483,0.0,-1.6568825880633753,-1.6291726271258753,-1.1328333059894007,-4.6177948156939905,-4.890399638806478,0.578777015209198,0.0,-0.0,0.0,0.0,0.0,0.0,0.0,0.0,0.0,0.0,0.0,0.0,1
1786037830,562513113,0.0,-1.6568101088153284,-1.62913686433901,-1.1327975432025355,-4.6177828947650355,-4.890363637601034,0.5787650346755981,0.0,-0.0,0.0,0.0,0.0,0.0,0.0,0.0,0.0,0.0,0.0,0.0,1
1786037830,582653999,0.0,-1.6568458716021937,-1.6291130224811,-1.1328213850604456,-4.617806855832235,-4.890375677739279,0.578777015209198,0.0,-0.0,0.0,0.0,0.0,0.0,0.0,0.0,0.0,0.0,0.0,0.0,1
1786037830,602408409,0.0,-1.6567743460284632,-1.62913686433901,-1.1328094641314905,-4.617770854626791,-4.890387598668234,0.5787171125411987,0.0,-0.0,0.0,0.0,0.0,0.0,0.0,0.0,0.0,0.0,0.0,0.0,1
1786037830,622576236,0.0,-1.6567862669574183,-1.6291726271258753,-1.1328213850604456,-4.6177828947650355,-4.890375677739279,0.5787410736083984,0.0,-0.0,0.0,0.0,0.0,0.0,0.0,0.0,0.0,0.0,0.0,0.0,1
1786037830,642419815,0.0,-1.6568220297442835,-1.6291850248919886,-1.1328333059894007,-4.617806855832235,-4.890387598668234,0.5787410736083984,0.0,-0.0,0.0,0.0,0.0,0.0,0.0,0.0,0.0,0.0,0.0,0.0,1
1786037830,662632942,0.0,-1.6567862669574183,-1.6292088667498987,-1.132761303578512,-4.61781877676119,-4.890399638806478,0.5787530541419983,0.0,-0.0,0.0,0.0,0.0,0.0,0.0,0.0,0.0,0.0,0.0,0.0,1
1786037830,682371854,0.0,-1.6567981878863733,-1.6291850248919886,-1.132749382649557,-4.617770854626791,-4.890387598668234,0.5787171125411987,0.0,-0.0,0.0,0.0,0.0,0.0,0.0,0.0,0.0,0.0,0.0,0.0,1
1786037830,702532768,0.0,-1.6568101088153284,-1.6291969458209437,-1.1327856222735804,-4.6177948156939905,-4.890387598668234,0.5787171125411987,0.0,-0.0,0.0,0.0,0.0,0.0,0.0,0.0,0.0,0.0,0.0,0.0,1
1786037830,722447872,0.0,-1.6567981878863733,-1.6291850248919886,-1.1327856222735804,-4.6177828947650355,-4.890339676533834,0.5787530541419983,0.0,-0.0,0.0,0.0,0.0,0.0,0.0,0.0,0.0,0.0,0.0,0.0,1
1786037830,742543220,0.0,-1.6567862669574183,-1.62913686433901,-1.132749382649557,-4.617830816899435,-4.890387598668234,0.5787530541419983,0.0,-0.0,0.0,0.0,0.0,0.0,0.0,0.0,0.0,0.0,0.0,0.0,1
1786037830,762405633,0.0,-1.6567981878863733,-1.6291726271258753,-1.1327856222735804,-4.6177948156939905,-4.890412036572592,0.578777015209198,0.0,-0.0,0.0,0.0,0.0,0.0,0.0,0.0,0.0,0.0,0.0,0.0,1
1786037830,782622575,0.0,-1.6568101088153284,-1.6291726271258753,-1.1328452269183558,-4.617746893559591,-4.890387598668234,0.5787889957427979,0.0,-0.0,0.0,0.0,0.0,0.0,0.0,0.0,0.0,0.0,0.0,0.0,1
1786037830,802422761,0.0,-1.6568101088153284,-1.62913686433901,-1.1327737013446253,-4.617770854626791,-4.890399638806478,0.5787530541419983,0.0,-0.0,0.0,0.0,0.0,0.0,0.0,0.0,0.0,0.0,0.0,0.0,1
1786037830,822567939,0.0,-1.6568101088153284,-1.6292207876788538,-1.1328333059894007,-4.61781877676119,-4.890399638806478,0.5787530541419983,0.0,-0.0,0.0,0.0,0.0,0.0,0.0,0.0,0.0,0.0,0.0,0.0,1
1786037830,842420578,0.0,-1.6567981878863733,-1.629124943410055,-1.1328213850604456,-4.6177948156939905,-4.890412036572592,0.5787051320075989,0.0,-0.0,0.0,0.0,0.0,0.0,0.0,0.0,0.0,0.0,0.0,0.0,1
1786037830,862579822,0.0,-1.65676194826235,-1.62913686433901,-1.1328094641314905,-4.617806855832235,-4.890375677739279,0.5787290930747986,0.0,-0.0,0.0,0.0,0.0,0.0,0.0,0.0,0.0,0.0,0.0,0.0,1
1786037830,882448196,0.0,-1.6567743460284632,-1.6291726271258753,-1.1328333059894007,-4.6177948156939905,-4.890351716672079,0.5787171125411987,0.0,-0.0,0.0,0.0,0.0,0.0,0.0,0.0,0.0,0.0,0.0,0.0,1
1786037830,902453184,0.0,-1.6568339506732386,-1.6291487852679651,-1.1327856222735804,-4.6177348534213465,-4.890339676533834,0.5787171125411987,0.0,-0.0,0.0,0.0,0.0,0.0,0.0,0.0,0.0,0.0,0.0,0.0,1
1786037830,922354459,0.0,-1.6568339506732386,-1.629124943410055,-1.1327737013446253,-4.6177948156939905,-4.890327755604879,0.578693151473999,0.0,-0.0,0.0,0.0,0.0,0.0,0.0,0.0,0.0,0.0,0.0,0.0,1
1786037830,942584037,0.0,-1.6567862669574183,-1.6291850248919886,-1.132749382649557,-4.61784273782839,-4.890375677739279,0.578777015209198,0.0,-0.0,0.0,0.0,0.0,0.0,0.0,0.0,0.0,0.0,0.0,0.0,1
1786037830,962361574,0.0,-1.6567862669574183,-1.62913686433901,-1.1328094641314905,-4.617806855832235,-4.890375677739279,0.5787650346755981,0.0,-0.0,0.0,0.0,0.0,0.0,0.0,0.0,0.0,0.0,0.0,0.0,1
1786037830,982417106,0.0,-1.656858269368307,-1.6291726271258753,-1.1328213850604456,-4.6177828947650355,-4.890399638806478,0.5787650346755981,0.0,-0.0,0.0,0.0,0.0,0.0,0.0,0.0,0.0,0.0,0.0,0.0,1
1786037831,2304553,0.0,-1.6568220297442835,-1.62913686433901,-1.1328333059894007,-4.6177948156939905,-4.890387598668234,0.5787410736083984,0.0,-0.0,0.0,0.0,0.0,0.0,0.0,0.0,0.0,0.0,0.0,0.0,1
1786037831,22530794,0.0,-1.6567981878863733,-1.6291487852679651,-1.1327856222735804,-4.61781877676119,-4.890387598668234,0.5787171125411987,0.0,-0.0,0.0,0.0,0.0,0.0,0.0,0.0,0.0,0.0,0.0,0.0,1
1786037831,42287588,0.0,-1.6568220297442835,-1.629124943410055,-1.1328213850604456,-4.6177948156939905,-4.890423957501547,0.5787889957427979,0.0,-0.0,0.0,0.0,0.0,0.0,0.0,0.0,0.0,0.0,0.0,0.0,1
1786037831,62573194,0.0,-1.6567743460284632,-1.6291726271258753,-1.1327737013446253,-4.617806855832235,-4.890412036572592,0.5787530541419983,0.0,-0.0,0.0,0.0,0.0,0.0,0.0,0.0,0.0,0.0,0.0,0.0,1
1786037831,82350015,0.0,-1.6568339506732386,-1.6291011015521448,-1.1327737013446253,-4.617830816899435,-4.890375677739279,0.5787410736083984,0.0,-0.0,0.0,0.0,0.0,0.0,0.0,0.0,0.0,0.0,0.0,0.0,1
1786037831,102619409,0.0,-1.6568101088153284,-1.62913686433901,-1.1327975432025355,-4.61781877676119,-4.890363637601034,0.5787530541419983,0.0,-0.0,0.0,0.0,0.0,0.0,0.0,0.0,0.0,0.0,0.0,0.0,1
1786037831,122400283,0.0,-1.656858269368307,-1.6291487852679651,-1.1327856222735804,-4.617746893559591,-4.890363637601034,0.5787650346755981,0.0,-0.0,0.0,0.0,0.0,0.0,0.0,0.0,0.0,0.0,0.0,0.0,1
1786037831,142543077,0.0,-1.6568220297442835,-1.6291726271258753,-1.1328333059894007,-4.6177828947650355,-4.890399638806478,0.5787530541419983,0.0,-0.0,0.0,0.0,0.0,0.0,0.0,0.0,0.0,0.0,0.0,0.0,1
1786037831,162377357,0.0,-1.6568101088153284,-1.6291607061969202,-1.1328213850604456,-4.617806855832235,-4.890412036572592,0.5787410736083984,0.0,-0.0,0.0,0.0,0.0,0.0,0.0,0.0,0.0,0.0,0.0,0.0,1
1786037831,182583808,0.0,-1.6568101088153284,-1.6291607061969202,-1.1328213850604456,-4.617806855832235,-4.890375677739279,0.5787650346755981,0.0,-0.0,0.0,0.0,0.0,0.0,0.0,0.0,0.0,0.0,0.0,0.0,1
1786037831,202404975,0.0,-1.6568101088153284,-1.6291850248919886,-1.1328094641314905,-4.6177948156939905,-4.890387598668234,0.5787410736083984,0.0,-0.0,0.0,0.0,0.0,0.0,0.0,0.0,0.0,0.0,0.0,0.0,1
1786037831,222449302,0.0,-1.6567981878863733,-1.6291487852679651,-1.1328094641314905,-4.617722932492391,-4.890327755604879,0.5787171125411987,0.0,-0.0,0.0,0.0,0.0,0.0,0.0,0.0,0.0,0.0,0.0,0.0,1
1786037831,242327451,0.0,-1.6567981878863733,-1.62913686433901,-1.1328213850604456,-4.6177828947650355,-4.890387598668234,0.5787410736083984,0.0,-0.0,0.0,0.0,0.0,0.0,0.0,0.0,0.0,0.0,0.0,0.0,1
1786037831,262638807,0.0,-1.6567981878863733,-1.6291726271258753,-1.1328094641314905,-4.617806855832235,-4.890351716672079,0.5787650346755981,0.0,-0.0,0.0,0.0,0.0,0.0,0.0,0.0,0.0,0.0,0.0,0.0,1
1786037831,282365798,0.0,-1.6568220297442835,-1.6292088667498987,-1.1328094641314905,-4.617830816899435,-4.890387598668234,0.5786811709403992,0.0,-0.0,0.0,0.0,0.0,0.0,0.0,0.0,0.0,0.0,0.0,0.0,1
1786037831,302522182,0.0,-1.6568339506732386,-1.6291726271258753,-1.1328452269183558,-4.6177948156939905,-4.890412036572592,0.5787290930747986,0.0,-0.0,0.0,0.0,0.0,0.0,0.0,0.0,0.0,0.0,0.0,0.0,1
1786037831,322499752,0.0,-1.6568339506732386,-1.6291726271258753,-1.1327856222735804,-4.61781877676119,-4.890339676533834,0.5787290930747986,0.0,-0.0,0.0,0.0,0.0,0.0,0.0,0.0,0.0,0.0,0.0,0.0,1
1786037831,342438936,0.0,-1.6567743460284632,-1.6291130224811,-1.1328213850604456,-4.6177948156939905,-4.890363637601034,0.5786811709403992,0.0,-0.0,0.0,0.0,0.0,0.0,0.0,0.0,0.0,0.0,0.0,0.0,1
1786037831,362397909,0.0,-1.6568458716021937,-1.6291726271258753,-1.1327975432025355,-4.617806855832235,-4.890387598668234,0.5787410736083984,0.0,-0.0,0.0,0.0,0.0,0.0,0.0,0.0,0.0,0.0,0.0,0.0,1
1786037831,382511615,0.0,-1.6568101088153284,-1.6291726271258753,-1.132761303578512,-4.617806855832235,-4.890363637601034,0.5787410736083984,0.0,-0.0,0.0,0.0,0.0,0.0,0.0,0.0,0.0,0.0,0.0,0.0,1
1786037831,402421951,0.0,-1.6567862669574183,-1.6291487852679651,-1.1327856222735804,-4.61781877676119,-4.890351716672079,0.5787530541419983,0.0,-0.0,0.0,0.0,0.0,0.0,0.0,0.0,0.0,0.0,0.0,0.0,1
1786037831,422553539,0.0,-1.6568458716021937,-1.6291130224811,-1.1327975432025355,-4.61781877676119,-4.890339676533834,0.5787051320075989,0.0,-0.0,0.0,0.0,0.0,0.0,0.0,0.0,0.0,0.0,0.0,0.0,1
1786037831,442358255,0.0,-1.6568458716021937,-1.6291850248919886,-1.1327737013446253,-4.6177828947650355,-4.890375677739279,0.578777015209198,0.0,-0.0,0.0,0.0,0.0,0.0,0.0,0.0,0.0,0.0,0.0,0.0,1
1786037831,462629318,0.0,-1.6568339506732386,-1.6291850248919886,-1.1328094641314905,-4.61781877676119,-4.890375677739279,0.5787290930747986,0.0,-0.0,0.0,0.0,0.0,0.0,0.0,0.0,0.0,0.0,0.0,0.0,1
1786037831,482403993,0.0,-1.6568220297442835,-1.6291487852679651,-1.1328213850604456,-4.617770854626791,-4.890412036572592,0.5788009762763977,0.0,-0.0,0.0,0.0,0.0,0.0,0.0,0.0,0.0,0.0,0.0,0.0,1
1786037831,502590656,0.0,-1.6568220297442835,-1.6291607061969202,-1.1327975432025355,-4.6177948156939905,-4.890399638806478,0.578693151473999,0.0,-0.0,0.0,0.0,0.0,0.0,0.0,0.0,0.0,0.0,0.0,0.0,1
1786037831,522386789,0.0,-1.6568220297442835,-1.6291726271258753,-1.1328333059894007,-4.617758814488546,-4.890375677739279,0.5787410736083984,0.0,-0.0,0.0,0.0,0.0,0.0,0.0,0.0,0.0,0.0,0.0,0.0,1
1786037831,542567729,0.0,-1.6568101088153284,-1.6291726271258753,-1.132761303578512,-4.6177948156939905,-4.890351716672079,0.5787051320075989,0.0,-0.0,0.0,0.0,0.0,0.0,0.0,0.0,0.0,0.0,0.0,0.0,1
1786037831,562384605,0.0,-1.6568339506732386,-1.6291607061969202,-1.1328094641314905,-4.617806855832235,-4.890399638806478,0.5787530541419983,0.0,-0.0,0.0,0.0,0.0,0.0,0.0,0.0,0.0,0.0,0.0,0.0,1
1786037831,582589864,0.0,-1.6568220297442835,-1.6291487852679651,-1.1328213850604456,-4.6177948156939905,-4.890375677739279,0.5787171125411987,0.0,-0.0,0.0,0.0,0.0,0.0,0.0,0.0,0.0,0.0,0.0,0.0,1
1786037831,602408647,0.0,-1.6567981878863733,-1.6291850248919886,-1.1327975432025355,-4.6177948156939905,-4.890351716672079,0.5787530541419983,0.0,-0.0,0.0,0.0,0.0,0.0,0.0,0.0,0.0,0.0,0.0,0.0,1
1786037831,622442483,0.0,-1.6567981878863733,-1.62913686433901,-1.132761303578512,-4.617806855832235,-4.890387598668234,0.5787410736083984,0.0,-0.0,0.0,0.0,0.0,0.0,0.0,0.0,0.0,0.0,0.0,0.0,1
1786037831,642427444,0.0,-1.6567981878863733,-1.6291487852679651,-1.1327856222735804,-4.617830816899435,-4.890375677739279,0.5787171125411987,0.0,-0.0,0.0,0.0,0.0,0.0,0.0,0.0,0.0,0.0,0.0,0.0,1
1786037831,662569522,0.0,-1.6567862669574183,-1.6291130224811,-1.1328094641314905,-4.6177948156939905,-4.890399638806478,0.5787530541419983,0.0,-0.0,0.0,0.0,0.0,0.0,0.0,0.0,0.0,0.0,0.0,0.0,1
1786037831,682345628,0.0,-1.6568458716021937,-1.6291607061969202,-1.1328094641314905,-4.6177948156939905,-4.890423957501547,0.5787650346755981,0.0,-0.0,0.0,0.0,0.0,0.0,0.0,0.0,0.0,0.0,0.0,0.0,1
1786037831,702608585,0.0,-1.65676194826235,-1.6292088667498987,-1.1327856222735804,-4.617830816899435,-4.890387598668234,0.5787410736083984,0.0,-0.0,0.0,0.0,0.0,0.0,0.0,0.0,0.0,0.0,0.0,0.0,1
1786037831,722375154,0.0,-1.6568220297442835,-1.62913686433901,-1.132761303578512,-4.617830816899435,-4.890351716672079,0.5787410736083984,0.0,-0.0,0.0,0.0,0.0,0.0,0.0,0.0,0.0,0.0,0.0,0.0,1
1786037831,742527008,0.0,-1.6568220297442835,-1.6291850248919886,-1.1328213850604456,-4.617806855832235,-4.890363637601034,0.5787171125411987,0.0,-0.0,0.0,0.0,0.0,0.0,0.0,0.0,0.0,0.0,0.0,0.0,1
1786037831,762406110,0.0,-1.6568220297442835,-1.6291487852679651,-1.1327975432025355,-4.6177948156939905,-4.890399638806478,0.578693151473999,0.0,-0.0,0.0,0.0,0.0,0.0,0.0,0.0,0.0,0.0,0.0,0.0,1
1786037831,782639026,0.0,-1.6568101088153284,-1.6291487852679651,-1.1328333059894007,-4.6177828947650355,-4.890412036572592,0.578777015209198,0.0,-0.0,0.0,0.0,0.0,0.0,0.0,0.0,0.0,0.0,0.0,0.0,1
1786037831,802363872,0.0,-1.6567862669574183,-1.6291607061969202,-1.1328213850604456,-4.6177828947650355,-4.890351716672079,0.5787530541419983,0.0,-0.0,0.0,0.0,0.0,0.0,0.0,0.0,0.0,0.0,0.0,0.0,1
1786037831,822607040,0.0,-1.6567981878863733,-1.629124943410055,-1.132761303578512,-4.61781877676119,-4.890387598668234,0.5787530541419983,0.0,-0.0,0.0,0.0,0.0,0.0,0.0,0.0,0.0,0.0,0.0,0.0,1
1786037831,842422723,0.0,-1.6568339506732386,-1.6291130224811,-1.1328213850604456,-4.6177948156939905,-4.890399638806478,0.5787051320075989,0.0,-0.0,0.0,0.0,0.0,0.0,0.0,0.0,0.0,0.0,0.0,0.0,1
1786037831,862608909,0.0,-1.6568101088153284,-1.6291487852679651,-1.1327975432025355,-4.6177948156939905,-4.890363637601034,0.5787171125411987,0.0,-0.0,0.0,0.0,0.0,0.0,0.0,0.0,0.0,0.0,0.0,0.0,1
1786037831,882442235,0.0,-1.6568458716021937,-1.6290887037860315,-1.1327856222735804,-4.6177828947650355,-4.890363637601034,0.5787051320075989,0.0,-0.0,0.0,0.0,0.0,0.0,0.0,0.0,0.0,0.0,0.0,0.0,1
1786037831,902526378,0.0,-1.6568339506732386,-1.6290887037860315,-1.132761303578512,-4.617758814488546,-4.890399638806478,0.5787171125411987,0.0,-0.0,0.0,0.0,0.0,0.0,0.0,0.0,0.0,0.0,0.0,0.0,1
1786037831,922584056,0.0,-1.6568339506732386,-1.6292088667498987,-1.1327856222735804,-4.617830816899435,-4.890351716672079,0.5787650346755981,0.0,-0.0,0.0,0.0,0.0,0.0,0.0,0.0,0.0,0.0,0.0,0.0,1
1786037831,942450523,0.0,-1.6567981878863733,-1.62913686433901,-1.1328094641314905,-4.617806855832235,-4.890375677739279,0.5787051320075989,0.0,-0.0,0.0,0.0,0.0,0.0,0.0,0.0,0.0,0.0,0.0,0.0,1
1786037831,962454795,0.0,-1.656858269368307,-1.6290772596942347,-1.1327856222735804,-4.617806855832235,-4.890387598668234,0.5787051320075989,0.0,-0.0,0.0,0.0,0.0,0.0,0.0,0.0,0.0,0.0,0.0,0.0,1
1786037831,982561111,0.0,-1.6567981878863733,-1.6291726271258753,-1.1327975432025355,-4.6177948156939905,-4.890387598668234,0.5787530541419983,0.0,-0.0,0.0,0.0,0.0,0.0,0.0,0.0,0.0,0.0,0.0,0.0,1
1786037832,2447128,0.0,-1.6568458716021937,-1.629124943410055,-1.1328213850604456,-4.61781877676119,-4.890351716672079,0.5787051320075989,0.0,-0.0,0.0,0.0,0.0,0.0,0.0,0.0,0.0,0.0,0.0,0.0,1
1786037832,22591829,0.0,-1.6568339506732386,-1.62913686433901,-1.1328094641314905,-4.617806855832235,-4.890363637601034,0.5787530541419983,0.0,-0.0,0.0,0.0,0.0,0.0,0.0,0.0,0.0,0.0,0.0,0.0,1
1786037832,42457580,0.0,-1.6568220297442835,-1.6291607061969202,-1.1327856222735804,-4.617758814488546,-4.890387598668234,0.5787290930747986,0.0,-0.0,0.0,0.0,0.0,0.0,0.0,0.0,0.0,0.0,0.0,0.0,1
1786037832,62501192,0.0,-1.6568458716021937,-1.629124943410055,-1.1328333059894007,-4.6177828947650355,-4.890351716672079,0.5787410736083984,0.0,-0.0,0.0,0.0,0.0,0.0,0.0,0.0,0.0,0.0,0.0,0.0,1
1786037832,82526683,0.0,-1.6567981878863733,-1.629124943410055,-1.132761303578512,-4.617806855832235,-4.890339676533834,0.5787530541419983,0.0,-0.0,0.0,0.0,0.0,0.0,0.0,0.0,0.0,0.0,0.0,0.0,1
1786037832,102575063,0.0,-1.6568220297442835,-1.6291487852679651,-1.1327737013446253,-4.6177948156939905,-4.890351716672079,0.5787530541419983,0.0,-0.0,0.0,0.0,0.0,0.0,0.0,0.0,0.0,0.0,0.0,0.0,1
1786037832,122336626,0.0,-1.6568220297442835,-1.6291850248919886,-1.1327975432025355,-4.617770854626791,-4.890351716672079,0.5787171125411987,0.0,-0.0,0.0,0.0,0.0,0.0,0.0,0.0,0.0,0.0,0.0,0.0,1
1786037832,142446756,0.0,-1.656870190297262,-1.6291850248919886,-1.1328094641314905,-4.617806855832235,-4.890351716672079,0.5787171125411987,0.0,-0.0,0.0,0.0,0.0,0.0,0.0,0.0,0.0,0.0,0.0,0.0,1
1786037832,162377834,0.0,-1.6568101088153284,-1.6291726271258753,-1.1327975432025355,-4.617758814488546,-4.890375677739279,0.5787290930747986,0.0,-0.0,0.0,0.0,0.0,0.0,0.0,0.0,0.0,0.0,0.0,0.0,1
1786037832,182586431,0.0,-1.6568220297442835,-1.6291487852679651,-1.1328213850604456,-4.617806855832235,-4.890375677739279,0.5787650346755981,0.0,-0.0,0.0,0.0,0.0,0.0,0.0,0.0,0.0,0.0,0.0,0.0,1
1786037832,202301979,0.0,-1.6567862669574183,-1.62913686433901,-1.1327856222735804,-4.617830816899435,-4.890351716672079,0.5787530541419983,0.0,-0.0,0.0,0.0,0.0,0.0,0.0,0.0,0.0,0.0,0.0,0.0,1
1786037832,222644567,0.0,-1.6568339506732386,-1.6291487852679651,-1.1327737013446253,-4.617830816899435,-4.890363637601034,0.5787290930747986,0.0,-0.0,0.0,0.0,0.0,0.0,0.0,0.0,0.0,0.0,0.0,0.0,1
1786037832,242524147,0.0,-1.6567981878863733,-1.62913686433901,-1.1328213850604456,-4.61784273782839,-4.890351716672079,0.578777015209198,0.0,-0.0,0.0,0.0,0.0,0.0,0.0,0.0,0.0,0.0,0.0,0.0,1
1786037832,262640237,0.0,-1.6568339506732386,-1.6291130224811,-1.1328213850604456,-4.617806855832235,-4.890363637601034,0.578777015209198,0.0,-0.0,0.0,0.0,0.0,0.0,0.0,0.0,0.0,0.0,0.0,0.0,1
1786037832,282537937,0.0,-1.6568458716021937,-1.62913686433901,-1.1327737013446253,-4.6177948156939905,-4.890412036572592,0.5787171125411987,0.0,-0.0,0.0,0.0,0.0,0.0,0.0,0.0,0.0,0.0,0.0,0.0,1
1786037832,302564859,0.0,-1.6568458716021937,-1.6291487852679651,-1.1328094641314905,-4.617758814488546,-4.890399638806478,0.5787530541419983,0.0,-0.0,0.0,0.0,0.0,0.0,0.0,0.0,0.0,0.0,0.0,0.0,1
1786037832,322352170,0.0,-1.6567862669574183,-1.6291487852679651,-1.1328695456134241,-4.617770854626791,-4.890363637601034,0.5787171125411987,0.0,-0.0,0.0,0.0,0.0,0.0,0.0,0.0,0.0,0.0,0.0,0.0,1
1786037832,342511892,0.0,-1.6568458716021937,-1.6291130224811,-1.132761303578512,-4.61781877676119,-4.890375677739279,0.5787889957427979,0.0,-0.0,0.0,0.0,0.0,0.0,0.0,0.0,0.0,0.0,0.0,0.0,1
1786037832,362354993,0.0,-1.6568220297442835,-1.629124943410055,-1.132761303578512,-4.6177828947650355,-4.890412036572592,0.5787530541419983,0.0,-0.0,0.0,0.0,0.0,0.0,0.0,0.0,0.0,0.0,0.0,0.0,1
1786037832,382519006,0.0,-1.6568339506732386,-1.6291130224811,-1.1327737013446253,-4.61784273782839,-4.890339676533834,0.5787530541419983,0.0,-0.0,0.0,0.0,0.0,0.0,0.0,0.0,0.0,0.0,0.0,0.0,1
1786037832,402378082,0.0,-1.656858269368307,-1.6291487852679651,-1.132761303578512,-4.61781877676119,-4.890375677739279,0.5787290930747986,0.0,-0.0,0.0,0.0,0.0,0.0,0.0,0.0,0.0,0.0,0.0,0.0,1
1786037832,422533035,0.0,-1.65676194826235,-1.6291607061969202,-1.132761303578512,-4.61781877676119,-4.890363637601034,0.5787051320075989,0.0,-0.0,0.0,0.0,0.0,0.0,0.0,0.0,0.0,0.0,0.0,0.0,1
1786037832,442321062,0.0,-1.6568458716021937,-1.6291850248919886,-1.1328695456134241,-4.6177948156939905,-4.890399638806478,0.5787530541419983,0.0,-0.0,0.0,0.0,0.0,0.0,0.0,0.0,0.0,0.0,0.0,0.0,1
1786037832,462632894,0.0,-1.6567862669574183,-1.6291011015521448,-1.1328094641314905,-4.617806855832235,-4.890375677739279,0.5787530541419983,0.0,-0.0,0.0,0.0,0.0,0.0,0.0,0.0,0.0,0.0,0.0,0.0,1
1786037832,482368946,0.0,-1.6568220297442835,-1.629124943410055,-1.1327856222735804,-4.6177948156939905,-4.890363637601034,0.5787171125411987,0.0,-0.0,0.0,0.0,0.0,0.0,0.0,0.0,0.0,0.0,0.0,0.0,1
1786037832,502604722,0.0,-1.6568101088153284,-1.629124943410055,-1.1328094641314905,-4.617770854626791,-4.890375677739279,0.578693151473999,0.0,-0.0,0.0,0.0,0.0,0.0,0.0,0.0,0.0,0.0,0.0,0.0,1
1786037832,522341728,0.0,-1.6568101088153284,-1.6291850248919886,-1.1328213850604456,-4.617770854626791,-4.890387598668234,0.5787290930747986,0.0,-0.0,0.0,0.0,0.0,0.0,0.0,0.0,0.0,0.0,0.0,0.0,1
1786037832,542442083,0.0,-1.6567743460284632,-1.6291487852679651,-1.1327856222735804,-4.617758814488546,-4.890387598668234,0.5787410736083984,0.0,-0.0,0.0,0.0,0.0,0.0,0.0,0.0,0.0,0.0,0.0,0.0,1
1786037832,562370538,0.0,-1.6568458716021937,-1.629124943410055,-1.1327856222735804,-4.61781877676119,-4.890399638806478,0.5787290930747986,0.0,-0.0,0.0,0.0,0.0,0.0,0.0,0.0,0.0,0.0,0.0,0.0,1
1786037832,582569360,0.0,-1.6568101088153284,-1.6291726271258753,-1.1328213850604456,-4.6177348534213465,-4.890339676533834,0.5787290930747986,0.0,-0.0,0.0,0.0,0.0,0.0,0.0,0.0,0.0,0.0,0.0,0.0,1
1786037832,602342605,0.0,-1.6567981878863733,-1.629124943410055,-1.1328213850604456,-4.61781877676119,-4.890363637601034,0.5787171125411987,0.0,-0.0,0.0,0.0,0.0,0.0,0.0,0.0,0.0,0.0,0.0,0.0,1
1786037832,622443199,0.0,-1.6568220297442835,-1.6291850248919886,-1.1328094641314905,-4.617806855832235,-4.890387598668234,0.5787650346755981,0.0,-0.0,0.0,0.0,0.0,0.0,0.0,0.0,0.0,0.0,0.0,0.0,1
1786037832,642357349,0.0,-1.656858269368307,-1.6291130224811,-1.1327856222735804,-4.617770854626791,-4.890399638806478,0.5787171125411987,0.0,-0.0,0.0,0.0,0.0,0.0,0.0,0.0,0.0,0.0,0.0,0.0,1
1786037832,662702798,0.0,-1.6567862669574183,-1.6291011015521448,-1.1327975432025355,-4.6177948156939905,-4.890412036572592,0.5787171125411987,0.0,-0.0,0.0,0.0,0.0,0.0,0.0,0.0,0.0,0.0,0.0,0.0,1
1786037832,682374715,0.0,-1.6567981878863733,-1.6291487852679651,-1.1328094641314905,-4.617806855832235,-4.890412036572592,0.5787530541419983,0.0,-0.0,0.0,0.0,0.0,0.0,0.0,0.0,0.0,0.0,0.0,0.0,1
1786037832,702507972,0.0,-1.6568220297442835,-1.6291850248919886,-1.1328333059894007,-4.6177948156939905,-4.890387598668234,0.5787530541419983,0.0,-0.0,0.0,0.0,0.0,0.0,0.0,0.0,0.0,0.0,0.0,0.0,1
1786037832,722411155,0.0,-1.6568220297442835,-1.6291607061969202,-1.1328094641314905,-4.617806855832235,-4.890399638806478,0.5787171125411987,0.0,-0.0,0.0,0.0,0.0,0.0,0.0,0.0,0.0,0.0,0.0,0.0,1
1786037832,742540597,0.0,-1.6568220297442835,-1.6291487852679651,-1.1328094641314905,-4.617758814488546,-4.890375677739279,0.5787530541419983,0.0,-0.0,0.0,0.0,0.0,0.0,0.0,0.0,0.0,0.0,0.0,0.0,1
1786037832,762396574,0.0,-1.6568458716021937,-1.6291487852679651,-1.1328213850604456,-4.617758814488546,-4.890387598668234,0.5787650346755981,0.0,-0.0,0.0,0.0,0.0,0.0,0.0,0.0,0.0,0.0,0.0,0.0,1
1786037832,782581806,0.0,-1.6568220297442835,-1.6291607061969202,-1.1328695456134241,-4.61781877676119,-4.890339676533834,0.5787290930747986,0.0,-0.0,0.0,0.0,0.0,0.0,0.0,0.0,0.0,0.0,0.0,0.0,1
1786037832,802335023,0.0,-1.6567862669574183,-1.6291850248919886,-1.132761303578512,-4.617806855832235,-4.890363637601034,0.578693151473999,0.0,-0.0,0.0,0.0,0.0,0.0,0.0,0.0,0.0,0.0,0.0,0.0,1
1786037832,822558403,0.0,-1.6567743460284632,-1.629124943410055,-1.132749382649557,-4.617770854626791,-4.890387598668234,0.5787410736083984,0.0,-0.0,0.0,0.0,0.0,0.0,0.0,0.0,0.0,0.0,0.0,0.0,1
1786037832,842382669,0.0,-1.6568101088153284,-1.6291130224811,-1.1327975432025355,-4.617806855832235,-4.890351716672079,0.5787650346755981,0.0,-0.0,0.0,0.0,0.0,0.0,0.0,0.0,0.0,0.0,0.0,0.0,1
1786037832,862517595,0.0,-1.6568101088153284,-1.6291726271258753,-1.1328333059894007,-4.617806855832235,-4.890375677739279,0.5787410736083984,0.0,-0.0,0.0,0.0,0.0,0.0,0.0,0.0,0.0,0.0,0.0,0.0,1
1786037832,882339239,0.0,-1.6567981878863733,-1.62913686433901,-1.1328213850604456,-4.61781877676119,-4.890363637601034,0.5787290930747986,0.0,-0.0,0.0,0.0,0.0,0.0,0.0,0.0,0.0,0.0,0.0,0.0,1
1786037832,902625560,0.0,-1.656858269368307,-1.6291487852679651,-1.1327975432025355,-4.61784273782839,-4.890363637601034,0.5787290930747986,0.0,-0.0,0.0,0.0,0.0,0.0,0.0,0.0,0.0,0.0,0.0,0.0,1
1786037832,922429800,0.0,-1.6568101088153284,-1.6291487852679651,-1.1327975432025355,-4.617770854626791,-4.890375677739279,0.5787530541419983,0.0,-0.0,0.0,0.0,0.0,0.0,0.0,0.0,0.0,0.0,0.0,0.0,1
1786037832,942516565,0.0,-1.6567981878863733,-1.629124943410055,-1.132761303578512,-4.6177828947650355,-4.890375677739279,0.5788009762763977,0.0,-0.0,0.0,0.0,0.0,0.0,0.0,0.0,0.0,0.0,0.0,0.0,1
1786037832,962437868,0.0,-1.6567981878863733,-1.6291130224811,-1.1327975432025355,-4.61784273782839,-4.890363637601034,0.5787889957427979,0.0,-0.0,0.0,0.0,0.0,0.0,0.0,0.0,0.0,0.0,0.0,0.0,1
1786037832,982445001,0.0,-1.6568101088153284,-1.629124943410055,-1.1328333059894007,-4.61781877676119,-4.890327755604879,0.5787650346755981,0.0,-0.0,0.0,0.0,0.0,0.0,0.0,0.0,0.0,0.0,0.0,0.0,1
1786037833,2338409,0.0,-1.6568339506732386,-1.6291850248919886,-1.1327975432025355,-4.6177948156939905,-4.890351716672079,0.5787051320075989,0.0,-0.0,0.0,0.0,0.0,0.0,0.0,0.0,0.0,0.0,0.0,0.0,1
1786037833,22510290,0.0,-1.6568101088153284,-1.6291607061969202,-1.1327975432025355,-4.61781877676119,-4.890399638806478,0.5787410736083984,0.0,-0.0,0.0,0.0,0.0,0.0,0.0,0.0,0.0,0.0,0.0,0.0,1
1786037833,42332410,0.0,-1.6567743460284632,-1.629124943410055,-1.1327975432025355,-4.617746893559591,-4.890412036572592,0.5787889957427979,0.0,-0.0,0.0,0.0,0.0,0.0,0.0,0.0,0.0,0.0,0.0,0.0,1
1786037833,62575340,0.0,-1.6567981878863733,-1.6291850248919886,-1.1328094641314905,-4.6177948156939905,-4.890412036572592,0.5787410736083984,0.0,-0.0,0.0,0.0,0.0,0.0,0.0,0.0,0.0,0.0,0.0,0.0,1
1786037833,82348585,0.0,-1.6568339506732386,-1.62913686433901,-1.1327975432025355,-4.617806855832235,-4.890363637601034,0.5787530541419983,0.0,-0.0,0.0,0.0,0.0,0.0,0.0,0.0,0.0,0.0,0.0,0.0,1
1786037833,102576017,0.0,-1.6568101088153284,-1.629124943410055,-1.1327856222735804,-4.617770854626791,-4.890363637601034,0.5787171125411987,0.0,-0.0,0.0,0.0,0.0,0.0,0.0,0.0,0.0,0.0,0.0,0.0,1
1786037833,122360229,0.0,-1.6567981878863733,-1.629124943410055,-1.1327737013446253,-4.61781877676119,-4.890363637601034,0.5787290930747986,0.0,-0.0,0.0,0.0,0.0,0.0,0.0,0.0,0.0,0.0,0.0,0.0,1
1786037833,142628669,0.0,-1.6568101088153284,-1.629124943410055,-1.1327975432025355,-4.6177948156939905,-4.890399638806478,0.5787410736083984,0.0,-0.0,0.0,0.0,0.0,0.0,0.0,0.0,0.0,0.0,0.0,0.0,1
1786037833,162529468,0.0,-1.6567981878863733,-1.62913686433901,-1.1328213850604456,-4.617770854626791,-4.890351716672079,0.5787051320075989,0.0,-0.0,0.0,0.0,0.0,0.0,0.0,0.0,0.0,0.0,0.0,0.0,1
1786037833,182591915,0.0,-1.6568101088153284,-1.6291487852679651,-1.1328333059894007,-4.6177828947650355,-4.890339676533834,0.5787171125411987,0.0,-0.0,0.0,0.0,0.0,0.0,0.0,0.0,0.0,0.0,0.0,0.0,1
1786037833,202373027,0.0,-1.6568458716021937,-1.6291726271258753,-1.1328094641314905,-4.6177828947650355,-4.890387598668234,0.5787290930747986,0.0,-0.0,0.0,0.0,0.0,0.0,0.0,0.0,0.0,0.0,0.0,0.0,1
1786037833,222452163,0.0,-1.6568101088153284,-1.6291130224811,-1.1328452269183558,-4.6177948156939905,-4.890375677739279,0.5787051320075989,0.0,-0.0,0.0,0.0,0.0,0.0,0.0,0.0,0.0,0.0,0.0,0.0,1
1786037833,242365837,0.0,-1.656858269368307,-1.6291607061969202,-1.1328452269183558,-4.617770854626791,-4.890351716672079,0.5787650346755981,0.0,-0.0,0.0,0.0,0.0,0.0,0.0,0.0,0.0,0.0,0.0,0.0,1
1786037833,262655735,0.0,-1.6567500273333948,-1.6291607061969202,-1.1328452269183558,-4.6177948156939905,-4.890351716672079,0.5787171125411987,0.0,-0.0,0.0,0.0,0.0,0.0,0.0,0.0,0.0,0.0,0.0,0.0,1
1786037833,282354116,0.0,-1.6568101088153284,-1.62913686433901,-1.1327975432025355,-4.6177828947650355,-4.890399638806478,0.5787410736083984,0.0,-0.0,0.0,0.0,0.0,0.0,0.0,0.0,0.0,0.0,0.0,0.0,1
1786037833,302633047,0.0,-1.6568101088153284,-1.6291607061969202,-1.1328333059894007,-4.61781877676119,-4.890363637601034,0.5787051320075989,0.0,-0.0,0.0,0.0,0.0,0.0,0.0,0.0,0.0,0.0,0.0,0.0,1
1786037833,322421789,0.0,-1.6567981878863733,-1.6291607061969202,-1.1328333059894007,-4.617830816899435,-4.890375677739279,0.5787290930747986,0.0,-0.0,0.0,0.0,0.0,0.0,0.0,0.0,0.0,0.0,0.0,0.0,1
1786037833,342520713,0.0,-1.6567500273333948,-1.62913686433901,-1.1327975432025355,-4.6177828947650355,-4.890387598668234,0.5787530541419983,0.0,-0.0,0.0,0.0,0.0,0.0,0.0,0.0,0.0,0.0,0.0,0.0,1
1786037833,362444877,0.0,-1.6568101088153284,-1.6291487852679651,-1.1327856222735804,-4.617830816899435,-4.890399638806478,0.5787051320075989,0.0,-0.0,0.0,0.0,0.0,0.0,0.0,0.0,0.0,0.0,0.0,0.0,1
1786037833,382657766,0.0,-1.6568220297442835,-1.6291487852679651,-1.1328333059894007,-4.617806855832235,-4.890375677739279,0.578777015209198,0.0,-0.0,0.0,0.0,0.0,0.0,0.0,0.0,0.0,0.0,0.0,0.0,1
1786037833,402422428,0.0,-1.6567862669574183,-1.629124943410055,-1.132761303578512,-4.617806855832235,-4.890351716672079,0.5787889957427979,0.0,-0.0,0.0,0.0,0.0,0.0,0.0,0.0,0.0,0.0,0.0,0.0,1
1786037833,422565698,0.0,-1.6568101088153284,-1.6291850248919886,-1.1328333059894007,-4.6177948156939905,-4.890375677739279,0.578777015209198,0.0,-0.0,0.0,0.0,0.0,0.0,0.0,0.0,0.0,0.0,0.0,0.0,1
1786037833,442391872,0.0,-1.6567981878863733,-1.6291969458209437,-1.1327737013446253,-4.61781877676119,-4.890327755604879,0.5787410736083984,0.0,-0.0,0.0,0.0,0.0,0.0,0.0,0.0,0.0,0.0,0.0,0.0,1
1786037833,462640523,0.0,-1.6568101088153284,-1.6291487852679651,-1.132761303578512,-4.61784273782839,-4.890363637601034,0.5787410736083984,0.0,-0.0,0.0,0.0,0.0,0.0,0.0,0.0,0.0,0.0,0.0,0.0,1
1786037833,482372522,0.0,-1.6567981878863733,-1.6291726271258753,-1.1328094641314905,-4.61781877676119,-4.890375677739279,0.5787171125411987,0.0,-0.0,0.0,0.0,0.0,0.0,0.0,0.0,0.0,0.0,0.0,0.0,1
1786037833,502496957,0.0,-1.6567862669574183,-1.6291726271258753,-1.1327856222735804,-4.61781877676119,-4.890363637601034,0.5786811709403992,0.0,-0.0,0.0,0.0,0.0,0.0,0.0,0.0,0.0,0.0,0.0,0.0,1
1786037833,522425889,0.0,-1.656870190297262,-1.6291969458209437,-1.1328213850604456,-4.617806855832235,-4.890387598668234,0.5787410736083984,0.0,-0.0,0.0,0.0,0.0,0.0,0.0,0.0,0.0,0.0,0.0,0.0,1
1786037833,542510747,0.0,-1.6567981878863733,-1.6291011015521448,-1.1328213850604456,-4.6177948156939905,-4.890399638806478,0.5787410736083984,0.0,-0.0,0.0,0.0,0.0,0.0,0.0,0.0,0.0,0.0,0.0,0.0,1
1786037833,562400102,0.0,-1.6567981878863733,-1.629124943410055,-1.1328213850604456,-4.617770854626791,-4.890351716672079,0.5787530541419983,0.0,-0.0,0.0,0.0,0.0,0.0,0.0,0.0,0.0,0.0,0.0,0.0,1
1786037833,582525014,0.0,-1.6568101088153284,-1.6291607061969202,-1.132749382649557,-4.617770854626791,-4.890399638806478,0.578777015209198,0.0,-0.0,0.0,0.0,0.0,0.0,0.0,0.0,0.0,0.0,0.0,0.0,1
1786037833,602411985,0.0,-1.6568458716021937,-1.6291726271258753,-1.1328094641314905,-4.61781877676119,-4.890351716672079,0.5787171125411987,0.0,-0.0,0.0,0.0,0.0,0.0,0.0,0.0,0.0,0.0,0.0,0.0,1
1786037833,622663736,0.0,-1.6568339506732386,-1.629124943410055,-1.1327737013446253,-4.6177948156939905,-4.890351716672079,0.5787410736083984,0.0,-0.0,0.0,0.0,0.0,0.0,0.0,0.0,0.0,0.0,0.0,0.0,1
1786037833,642363786,0.0,-1.6567981878863733,-1.6291011015521448,-1.1327856222735804,-4.61784273782839,-4.890363637601034,0.5787410736083984,0.0,-0.0,0.0,0.0,0.0,0.0,0.0,0.0,0.0,0.0,0.0,0.0,1
1786037833,662592411,0.0,-1.6567743460284632,-1.629124943410055,-1.132761303578512,-4.617806855832235,-4.890339676533834,0.5787650346755981,0.0,-0.0,0.0,0.0,0.0,0.0,0.0,0.0,0.0,0.0,0.0,0.0,1
1786037833,682379245,0.0,-1.6567981878863733,-1.629124943410055,-1.1328452269183558,-4.61781877676119,-4.890363637601034,0.5787530541419983,0.0,-0.0,0.0,0.0,0.0,0.0,0.0,0.0,0.0,0.0,0.0,0.0,1
1786037833,702508211,0.0,-1.6568339506732386,-1.62913686433901,-1.1328333059894007,-4.617806855832235,-4.890351716672079,0.5787530541419983,0.0,-0.0,0.0,0.0,0.0,0.0,0.0,0.0,0.0,0.0,0.0,0.0,1
1786037833,722420215,0.0,-1.6567981878863733,-1.6291607061969202,-1.1327975432025355,-4.617830816899435,-4.890363637601034,0.5787650346755981,0.0,-0.0,0.0,0.0,0.0,0.0,0.0,0.0,0.0,0.0,0.0,0.0,1
1786037833,742497682,0.0,-1.6568101088153284,-1.6291487852679651,-1.1328333059894007,-4.6177948156939905,-4.890375677739279,0.5787530541419983,0.0,-0.0,0.0,0.0,0.0,0.0,0.0,0.0,0.0,0.0,0.0,0.0,1
1786037833,762605905,0.0,-1.6568220297442835,-1.6291969458209437,-1.1327975432025355,-4.61781877676119,-4.890339676533834,0.5787530541419983,0.0,-0.0,0.0,0.0,0.0,0.0,0.0,0.0,0.0,0.0,0.0,0.0,1
1786037833,782560825,0.0,-1.6567981878863733,-1.6291487852679651,-1.1328452269183558,-4.6177948156939905,-4.890399638806478,0.578693151473999,0.0,-0.0,0.0,0.0,0.0,0.0,0.0,0.0,0.0,0.0,0.0,0.0,1
1786037833,802396059,0.0,-1.6568339506732386,-1.62913686433901,-1.132761303578512,-4.6177348534213465,-4.890339676533834,0.5787530541419983,0.0,-0.0,0.0,0.0,0.0,0.0,0.0,0.0,0.0,0.0,0.0,0.0,1
1786037833,822443246,0.0,-1.6567862669574183,-1.6291850248919886,-1.1328094641314905,-4.6177948156939905,-4.890351716672079,0.5787410736083984,0.0,-0.0,0.0,0.0,0.0,0.0,0.0,0.0,0.0,0.0,0.0,0.0,1
1786037833,842404603,0.0,-1.6568220297442835,-1.62913686433901,-1.1328094641314905,-4.6177948156939905,-4.890351716672079,0.5787650346755981,0.0,-0.0,0.0,0.0,0.0,0.0,0.0,0.0,0.0,0.0,0.0,0.0,1
1786037833,862576723,0.0,-1.6568220297442835,-1.6291487852679651,-1.1327856222735804,-4.617830816899435,-4.890363637601034,0.5787051320075989,0.0,-0.0,0.0,0.0,0.0,0.0,0.0,0.0,0.0,0.0,0.0,0.0,1
1786037833,882323980,0.0,-1.6568458716021937,-1.6291487852679651,-1.1328094641314905,-4.617830816899435,-4.890399638806478,0.5787290930747986,0.0,-0.0,0.0,0.0,0.0,0.0,0.0,0.0,0.0,0.0,0.0,0.0,1
1786037833,902613162,0.0,-1.6568220297442835,-1.6291487852679651,-1.1328333059894007,-4.6177828947650355,-4.890351716672079,0.5787171125411987,0.0,-0.0,0.0,0.0,0.0,0.0,0.0,0.0,0.0,0.0,0.0,0.0,1
1786037833,922367334,0.0,-1.6568339506732386,-1.6291130224811,-1.1328094641314905,-4.6177828947650355,-4.890387598668234,0.5787171125411987,0.0,-0.0,0.0,0.0,0.0,0.0,0.0,0.0,0.0,0.0,0.0,0.0,1
1786037833,942540407,0.0,-1.6567862669574183,-1.6291487852679651,-1.1328213850604456,-4.617830816899435,-4.890423957501547,0.5787410736083984,0.0,-0.0,0.0,0.0,0.0,0.0,0.0,0.0,0.0,0.0,0.0,0.0,1
1786037833,962386131,0.0,-1.6568101088153284,-1.629124943410055,-1.1328094641314905,-4.617806855832235,-4.890399638806478,0.5788009762763977,0.0,-0.0,0.0,0.0,0.0,0.0,0.0,0.0,0.0,0.0,0.0,0.0,1
1786037833,982589244,0.0,-1.6568339506732386,-1.6291726271258753,-1.1327975432025355,-4.6177828947650355,-4.890339676533834,0.5787650346755981,0.0,-0.0,0.0,0.0,0.0,0.0,0.0,0.0,0.0,0.0,0.0,0.0,1
1786037834,2363920,0.0,-1.6568339506732386,-1.6291726271258753,-1.1327737013446253,-4.6177828947650355,-4.890363637601034,0.5787410736083984,0.0,-0.0,0.0,0.0,0.0,0.0,0.0,0.0,0.0,0.0,0.0,0.0,1
1786037834,22643089,0.0,-1.6568220297442835,-1.6291607061969202,-1.1328333059894007,-4.6177948156939905,-4.890363637601034,0.578693151473999,0.0,-0.0,0.0,0.0,0.0,0.0,0.0,0.0,0.0,0.0,0.0,0.0,1
1786037834,42438983,0.0,-1.6568220297442835,-1.62913686433901,-1.1328094641314905,-4.6177948156939905,-4.890363637601034,0.578693151473999,0.0,-0.0,0.0,0.0,0.0,0.0,0.0,0.0,0.0,0.0,0.0,0.0,1
1786037834,62585592,0.0,-1.6568458716021937,-1.62913686433901,-1.1327975432025355,-4.617758814488546,-4.890339676533834,0.5787410736083984,0.0,-0.0,0.0,0.0,0.0,0.0,0.0,0.0,0.0,0.0,0.0,0.0,1
1786037834,82502365,0.0,-1.6568101088153284,-1.6291607061969202,-1.1327856222735804,-4.6177828947650355,-4.890351716672079,0.5787171125411987,0.0,-0.0,0.0,0.0,0.0,0.0,0.0,0.0,0.0,0.0,0.0,0.0,1
1786037834,102572917,0.0,-1.6568339506732386,-1.6291130224811,-1.1328333059894007,-4.6177828947650355,-4.890363637601034,0.5787290930747986,0.0,-0.0,0.0,0.0,0.0,0.0,0.0,0.0,0.0,0.0,0.0,0.0,1
1786037834,122366666,0.0,-1.6568220297442835,-1.6291850248919886,-1.1328452269183558,-4.61781877676119,-4.890387598668234,0.5787530541419983,0.0,-0.0,0.0,0.0,0.0,0.0,0.0,0.0,0.0,0.0,0.0,0.0,1
1786037834,142487049,0.0,-1.6568101088153284,-1.6291487852679651,-1.1328094641314905,-4.617830816899435,-4.890387598668234,0.5787051320075989,0.0,-0.0,0.0,0.0,0.0,0.0,0.0,0.0,0.0,0.0,0.0,0.0,1
1786037834,162536382,0.0,-1.6567981878863733,-1.6291487852679651,-1.1327856222735804,-4.6177948156939905,-4.890412036572592,0.5787171125411987,0.0,-0.0,0.0,0.0,0.0,0.0,0.0,0.0,0.0,0.0,0.0,0.0,1
1786037834,182597637,0.0,-1.656858269368307,-1.6291607061969202,-1.1327975432025355,-4.617806855832235,-4.890375677739279,0.5787530541419983,0.0,-0.0,0.0,0.0,0.0,0.0,0.0,0.0,0.0,0.0,0.0,0.0,1
1786037834,202344179,0.0,-1.6567981878863733,-1.6290772596942347,-1.1328094641314905,-4.617770854626791,-4.890399638806478,0.5787650346755981,0.0,-0.0,0.0,0.0,0.0,0.0,0.0,0.0,0.0,0.0,0.0,0.0,1
1786037834,222548007,0.0,-1.6567981878863733,-1.6291130224811,-1.1328094641314905,-4.6177948156939905,-4.890363637601034,0.5787290930747986,0.0,-0.0,0.0,0.0,0.0,0.0,0.0,0.0,0.0,0.0,0.0,0.0,1
1786037834,242350339,0.0,-1.6568339506732386,-1.62913686433901,-1.1328333059894007,-4.617854777966635,-4.890363637601034,0.5787410736083984,0.0,-0.0,0.0,0.0,0.0,0.0,0.0,0.0,0.0,0.0,0.0,0.0,1
1786037834,262587308,0.0,-1.6568220297442835,-1.62913686433901,-1.1327737013446253,-4.6177828947650355,-4.890387598668234,0.578777015209198,0.0,-0.0,0.0,0.0,0.0,0.0,0.0,0.0,0.0,0.0,0.0,0.0,1
1786037834,282504558,0.0,-1.6568458716021937,-1.6291969458209437,-1.1327975432025355,-4.61781877676119,-4.890351716672079,0.5787410736083984,0.0,-0.0,0.0,0.0,0.0,0.0,0.0,0.0,0.0,0.0,0.0,0.0,1
1786037834,302668571,0.0,-1.6567981878863733,-1.6291969458209437,-1.132749382649557,-4.617830816899435,-4.890363637601034,0.578777015209198,0.0,-0.0,0.0,0.0,0.0,0.0,0.0,0.0,0.0,0.0,0.0,0.0,1
1786037834,322369813,0.0,-1.6567981878863733,-1.6291487852679651,-1.1328333059894007,-4.61781877676119,-4.890399638806478,0.5787650346755981,0.0,-0.0,0.0,0.0,0.0,0.0,0.0,0.0,0.0,0.0,0.0,0.0,1
1786037834,342522621,0.0,-1.6568339506732386,-1.6291726271258753,-1.1328094641314905,-4.617770854626791,-4.890351716672079,0.5787290930747986,0.0,-0.0,0.0,0.0,0.0,0.0,0.0,0.0,0.0,0.0,0.0,0.0,1
1786037834,362559080,0.0,-1.6568220297442835,-1.6291487852679651,-1.1327856222735804,-4.617830816899435,-4.890339676533834,0.5787650346755981,0.0,-0.0,0.0,0.0,0.0,0.0,0.0,0.0,0.0,0.0,0.0,0.0,1
1786037834,382524251,0.0,-1.6568220297442835,-1.6292088667498987,-1.1327737013446253,-4.61781877676119,-4.890387598668234,0.5787290930747986,0.0,-0.0,0.0,0.0,0.0,0.0,0.0,0.0,0.0,0.0,0.0,0.0,1
1786037834,402372598,0.0,-1.6568339506732386,-1.6291607061969202,-1.132761303578512,-4.617830816899435,-4.890375677739279,0.5787410736083984,0.0,-0.0,0.0,0.0,0.0,0.0,0.0,0.0,0.0,0.0,0.0,0.0,1
1786037834,422434806,0.0,-1.6568458716021937,-1.6291726271258753,-1.1328094641314905,-4.6177948156939905,-4.890363637601034,0.5787051320075989,0.0,-0.0,0.0,0.0,0.0,0.0,0.0,0.0,0.0,0.0,0.0,0.0,1
1786037834,442383050,0.0,-1.6567862669574183,-1.6291726271258753,-1.1328333059894007,-4.617830816899435,-4.890339676533834,0.5787650346755981,0.0,-0.0,0.0,0.0,0.0,0.0,0.0,0.0,0.0,0.0,0.0,0.0,1
1786037834,462509870,0.0,-1.6568339506732386,-1.6291487852679651,-1.1327975432025355,-4.617806855832235,-4.890351716672079,0.578777015209198,0.0,-0.0,0.0,0.0,0.0,0.0,0.0,0.0,0.0,0.0,0.0,0.0,1
1786037834,482305765,0.0,-1.6568101088153284,-1.629124943410055,-1.132749382649557,-4.617770854626791,-4.890375677739279,0.5787290930747986,0.0,-0.0,0.0,0.0,0.0,0.0,0.0,0.0,0.0,0.0,0.0,0.0,1
1786037834,502608537,0.0,-1.6568220297442835,-1.6291726271258753,-1.1328213850604456,-4.61781877676119,-4.890375677739279,0.5787530541419983,0.0,-0.0,0.0,0.0,0.0,0.0,0.0,0.0,0.0,0.0,0.0,0.0,1
1786037834,522312879,0.0,-1.6567981878863733,-1.6292088667498987,-1.132761303578512,-4.6177948156939905,-4.890351716672079,0.5787051320075989,0.0,-0.0,0.0,0.0,0.0,0.0,0.0,0.0,0.0,0.0,0.0,0.0,1
1786037834,542550563,0.0,-1.6568458716021937,-1.6291850248919886,-1.1327856222735804,-4.617806855832235,-4.890399638806478,0.5787530541419983,0.0,-0.0,0.0,0.0,0.0,0.0,0.0,0.0,0.0,0.0,0.0,0.0,1
1786037834,562369346,0.0,-1.6567862669574183,-1.62913686433901,-1.1327737013446253,-4.617806855832235,-4.890423957501547,0.5787171125411987,0.0,-0.0,0.0,0.0,0.0,0.0,0.0,0.0,0.0,0.0,0.0,0.0,1
1786037834,582456111,0.0,-1.6568339506732386,-1.6291487852679651,-1.1327975432025355,-4.6177948156939905,-4.890387598668234,0.5787171125411987,0.0,-0.0,0.0,0.0,0.0,0.0,0.0,0.0,0.0,0.0,0.0,0.0,1
1786037834,602426052,0.0,-1.6567743460284632,-1.629124943410055,-1.1328213850604456,-4.6177828947650355,-4.890351716672079,0.5787171125411987,0.0,-0.0,0.0,0.0,0.0,0.0,0.0,0.0,0.0,0.0,0.0,0.0,1
1786037834,622567415,0.0,-1.6568339506732386,-1.6291130224811,-1.1327856222735804,-4.6177948156939905,-4.890363637601034,0.5787051320075989,0.0,-0.0,0.0,0.0,0.0,0.0,0.0,0.0,0.0,0.0,0.0,0.0,1
1786037834,642432689,0.0,-1.6568220297442835,-1.6291487852679651,-1.1327975432025355,-4.61781877676119,-4.890412036572592,0.5787290930747986,0.0,-0.0,0.0,0.0,0.0,0.0,0.0,0.0,0.0,0.0,0.0,0.0,1
1786037834,662573099,0.0,-1.6567981878863733,-1.62913686433901,-1.1328213850604456,-4.6177948156939905,-4.890363637601034,0.5787290930747986,0.0,-0.0,0.0,0.0,0.0,0.0,0.0,0.0,0.0,0.0,0.0,0.0,1
1786037834,682396650,0.0,-1.6568458716021937,-1.62913686433901,-1.1328333059894007,-4.617806855832235,-4.890399638806478,0.578693151473999,0.0,-0.0,0.0,0.0,0.0,0.0,0.0,0.0,0.0,0.0,0.0,0.0,1
1786037834,702450752,0.0,-1.6567862669574183,-1.62913686433901,-1.1328213850604456,-4.617806855832235,-4.890399638806478,0.5787650346755981,0.0,-0.0,0.0,0.0,0.0,0.0,0.0,0.0,0.0,0.0,0.0,0.0,1
1786037834,722409009,0.0,-1.6567862669574183,-1.6291850248919886,-1.1327856222735804,-4.617830816899435,-4.890375677739279,0.578777015209198,0.0,-0.0,0.0,0.0,0.0,0.0,0.0,0.0,0.0,0.0,0.0,0.0,1
1786037834,742695569,0.0,-1.6568220297442835,-1.6291726271258753,-1.1327737013446253,-4.6177948156939905,-4.890399638806478,0.5787051320075989,0.0,-0.0,0.0,0.0,0.0,0.0,0.0,0.0,0.0,0.0,0.0,0.0,1
1786037834,762700319,0.0,-1.6568339506732386,-1.629124943410055,-1.1327856222735804,-4.617806855832235,-4.890351716672079,0.5787290930747986,0.0,-0.0,0.0,0.0,0.0,0.0,0.0,0.0,0.0,0.0,0.0,0.0,1
1786037834,782571315,0.0,-1.6568458716021937,-1.62913686433901,-1.1328213850604456,-4.617770854626791,-4.890351716672079,0.5787530541419983,0.0,-0.0,0.0,0.0,0.0,0.0,0.0,0.0,0.0,0.0,0.0,0.0,1
1786037834,802323341,0.0,-1.6567981878863733,-1.6291726271258753,-1.1327975432025355,-4.6177828947650355,-4.890363637601034,0.5787530541419983,0.0,-0.0,0.0,0.0,0.0,0.0,0.0,0.0,0.0,0.0,0.0,0.0,1
1786037834,822551965,0.0,-1.6567743460284632,-1.6291726271258753,-1.1327975432025355,-4.61781877676119,-4.890375677739279,0.578693151473999,0.0,-0.0,0.0,0.0,0.0,0.0,0.0,0.0,0.0,0.0,0.0,0.0,1
1786037834,842423439,0.0,-1.6567743460284632,-1.629124943410055,-1.132761303578512,-4.61781877676119,-4.890399638806478,0.5787290930747986,0.0,-0.0,0.0,0.0,0.0,0.0,0.0,0.0,0.0,0.0,0.0,0.0,1
1786037834,862579345,0.0,-1.6568458716021937,-1.6291011015521448,-1.1327856222735804,-4.61781877676119,-4.890363637601034,0.5787410736083984,0.0,-0.0,0.0,0.0,0.0,0.0,0.0,0.0,0.0,0.0,0.0,0.0,1
1786037834,882403850,0.0,-1.6568458716021937,-1.6291607061969202,-1.1327856222735804,-4.61781877676119,-4.890375677739279,0.5787171125411987,0.0,-0.0,0.0,0.0,0.0,0.0,0.0,0.0,0.0,0.0,0.0,0.0,1
1786037834,902434825,0.0,-1.6567862669574183,-1.62913686433901,-1.1328094641314905,-4.617806855832235,-4.890375677739279,0.578777015209198,0.0,-0.0,0.0,0.0,0.0,0.0,0.0,0.0,0.0,0.0,0.0,0.0,1
1786037834,922439575,0.0,-1.6568339506732386,-1.6291487852679651,-1.1327856222735804,-4.617758814488546,-4.890399638806478,0.5787171125411987,0.0,-0.0,0.0,0.0,0.0,0.0,0.0,0.0,0.0,0.0,0.0,0.0,1
1786037834,942445516,0.0,-1.6568220297442835,-1.6291969458209437,-1.1328094641314905,-4.61781877676119,-4.890399638806478,0.5787171125411987,0.0,-0.0,0.0,0.0,0.0,0.0,0.0,0.0,0.0,0.0,0.0,0.0,1
1786037834,962343931,0.0,-1.6567743460284632,-1.6291850248919886,-1.1328213850604456,-4.617770854626791,-4.890412036572592,0.5787410736083984,0.0,-0.0,0.0,0.0,0.0,0.0,0.0,0.0,0.0,0.0,0.0,0.0,1
1786037834,982507944,0.0,-1.6568101088153284,-1.62913686433901,-1.132761303578512,-4.6177948156939905,-4.890351716672079,0.5787530541419983,0.0,-0.0,0.0,0.0,0.0,0.0,0.0,0.0,0.0,0.0,0.0,0.0,1
1786037835,2503871,0.0,-1.656858269368307,-1.6291130224811,-1.1328213850604456,-4.617806855832235,-4.890351716672079,0.5787410736083984,0.0,-0.0,0.0,0.0,0.0,0.0,0.0,0.0,0.0,0.0,0.0,0.0,1
1786037835,22431850,0.0,-1.6568458716021937,-1.6291607061969202,-1.1328452269183558,-4.6177948156939905,-4.890363637601034,0.5787051320075989,0.0,-0.0,0.0,0.0,0.0,0.0,0.0,0.0,0.0,0.0,0.0,0.0,1
1786037835,42335510,0.0,-1.6567981878863733,-1.6291487852679651,-1.1327856222735804,-4.6177948156939905,-4.890399638806478,0.5787530541419983,0.0,-0.0,0.0,0.0,0.0,0.0,0.0,0.0,0.0,0.0,0.0,0.0,1
1786037835,62582731,0.0,-1.6567862669574183,-1.6291130224811,-1.1327975432025355,-4.6177948156939905,-4.890363637601034,0.5787171125411987,0.0,-0.0,0.0,0.0,0.0,0.0,0.0,0.0,0.0,0.0,0.0,0.0,1
1786037835,82367420,0.0,-1.6567381064044397,-1.6291726271258753,-1.1327737013446253,-4.6177828947650355,-4.890363637601034,0.5787290930747986,0.0,-0.0,0.0,0.0,0.0,0.0,0.0,0.0,0.0,0.0,0.0,0.0,1
1786037835,102525711,0.0,-1.6567743460284632,-1.6291850248919886,-1.1327737013446253,-4.6177948156939905,-4.890363637601034,0.5787171125411987,0.0,-0.0,0.0,0.0,0.0,0.0,0.0,0.0,0.0,0.0,0.0,0.0,1
1786037835,122536182,0.0,-1.65676194826235,-1.6291130224811,-1.1328213850604456,-4.617830816899435,-4.890387598668234,0.5787051320075989,0.0,-0.0,0.0,0.0,0.0,0.0,0.0,0.0,0.0,0.0,0.0,0.0,1
1786037835,142505168,0.0,-1.6568101088153284,-1.6291850248919886,-1.132749382649557,-4.6177828947650355,-4.890399638806478,0.5787530541419983,0.0,-0.0,0.0,0.0,0.0,0.0,0.0,0.0,0.0,0.0,0.0,0.0,1
1786037835,162418603,0.0,-1.6567981878863733,-1.6291850248919886,-1.1327975432025355,-4.617806855832235,-4.890351716672079,0.5787051320075989,0.0,-0.0,0.0,0.0,0.0,0.0,0.0,0.0,0.0,0.0,0.0,0.0,1
1786037835,182553291,0.0,-1.6568458716021937,-1.629124943410055,-1.1327856222735804,-4.617806855832235,-4.890412036572592,0.578693151473999,0.0,-0.0,0.0,0.0,0.0,0.0,0.0,0.0,0.0,0.0,0.0,0.0,1
1786037835,202343225,0.0,-1.6568101088153284,-1.62913686433901,-1.1327975432025355,-4.6177828947650355,-4.890399638806478,0.5787410736083984,0.0,-0.0,0.0,0.0,0.0,0.0,0.0,0.0,0.0,0.0,0.0,0.0,1
1786037835,222616672,0.0,-1.6567981878863733,-1.6291607061969202,-1.1328094641314905,-4.617806855832235,-4.890363637601034,0.5787290930747986,0.0,-0.0,0.0,0.0,0.0,0.0,0.0,0.0,0.0,0.0,0.0,0.0,1
1786037835,242416381,0.0,-1.6567743460284632,-1.6291487852679651,-1.1328452269183558,-4.617806855832235,-4.890363637601034,0.5787290930747986,0.0,-0.0,0.0,0.0,0.0,0.0,0.0,0.0,0.0,0.0,0.0,0.0,1
1786037835,262611627,0.0,-1.6568220297442835,-1.6292088667498987,-1.1328333059894007,-4.61781877676119,-4.890363637601034,0.5787171125411987,0.0,-0.0,0.0,0.0,0.0,0.0,0.0,0.0,0.0,0.0,0.0,0.0,1
1786037835,282366991,0.0,-1.6568339506732386,-1.629124943410055,-1.1328213850604456,-4.6177828947650355,-4.890387598668234,0.5787051320075989,0.0,-0.0,0.0,0.0,0.0,0.0,0.0,0.0,0.0,0.0,0.0,0.0,1
1786037835,302632331,0.0,-1.6567862669574183,-1.6291130224811,-1.1327975432025355,-4.617806855832235,-4.890399638806478,0.578777015209198,0.0,-0.0,0.0,0.0,0.0,0.0,0.0,0.0,0.0,0.0,0.0,0.0,1
1786037835,322405099,0.0,-1.6567862669574183,-1.62913686433901,-1.1327856222735804,-4.6177948156939905,-4.890351716672079,0.5787410736083984,0.0,-0.0,0.0,0.0,0.0,0.0,0.0,0.0,0.0,0.0,0.0,0.0,1
1786037835,342644691,0.0,-1.6567981878863733,-1.6291607061969202,-1.1328213850604456,-4.617770854626791,-4.890375677739279,0.5787650346755981,0.0,-0.0,0.0,0.0,0.0,0.0,0.0,0.0,0.0,0.0,0.0,0.0,1
1786037835,362437009,0.0,-1.6568339506732386,-1.6291487852679651,-1.1327856222735804,-4.617770854626791,-4.890375677739279,0.5787171125411987,0.0,-0.0,0.0,0.0,0.0,0.0,0.0,0.0,0.0,0.0,0.0,0.0,1
1786037835,382456302,0.0,-1.6568220297442835,-1.62913686433901,-1.1327975432025355,-4.617806855832235,-4.890375677739279,0.578693151473999,0.0,-0.0,0.0,0.0,0.0,0.0,0.0,0.0,0.0,0.0,0.0,0.0,1
1786037835,402389287,0.0,-1.6568339506732386,-1.62913686433901,-1.132749382649557,-4.61781877676119,-4.890375677739279,0.5787051320075989,0.0,-0.0,0.0,0.0,0.0,0.0,0.0,0.0,0.0,0.0,0.0,0.0,1
1786037835,422505140,0.0,-1.65676194826235,-1.6291850248919886,-1.1328452269183558,-4.61784273782839,-4.890363637601034,0.5787290930747986,0.0,-0.0,0.0,0.0,0.0,0.0,0.0,0.0,0.0,0.0,0.0,0.0,1
1786037835,442413091,0.0,-1.6568458716021937,-1.6291130224811,-1.1328213850604456,-4.617770854626791,-4.890399638806478,0.5787171125411987,0.0,-0.0,0.0,0.0,0.0,0.0,0.0,0.0,0.0,0.0,0.0,0.0,1
1786037835,462526798,0.0,-1.6567743460284632,-1.6291850248919886,-1.1327737013446253,-4.617806855832235,-4.890387598668234,0.5787290930747986,0.0,-0.0,0.0,0.0,0.0,0.0,0.0,0.0,0.0,0.0,0.0,0.0,1
1786037835,482330799,0.0,-1.6568458716021937,-1.6291130224811,-1.1327856222735804,-4.6177948156939905,-4.890363637601034,0.5787051320075989,0.0,-0.0,0.0,0.0,0.0,0.0,0.0,0.0,0.0,0.0,0.0,0.0,1
1786037835,502602577,0.0,-1.6567981878863733,-1.629124943410055,-1.132761303578512,-4.617830816899435,-4.890387598668234,0.5787410736083984,0.0,-0.0,0.0,0.0,0.0,0.0,0.0,0.0,0.0,0.0,0.0,0.0,1
1786037835,522336006,0.0,-1.6567743460284632,-1.6291607061969202,-1.1328452269183558,-4.6177948156939905,-4.890339676533834,0.5787410736083984,0.0,-0.0,0.0,0.0,0.0,0.0,0.0,0.0,0.0,0.0,0.0,0.0,1
1786037835,542574644,0.0,-1.656870190297262,-1.6292088667498987,-1.1327856222735804,-4.6177828947650355,-4.890339676533834,0.5787650346755981,0.0,-0.0,0.0,0.0,0.0,0.0,0.0,0.0,0.0,0.0,0.0,0.0,1
1786037835,562512874,0.0,-1.6567981878863733,-1.6291130224811,-1.1327856222735804,-4.6177828947650355,-4.890399638806478,0.578693151473999,0.0,-0.0,0.0,0.0,0.0,0.0,0.0,0.0,0.0,0.0,0.0,0.0,1
1786037835,582445144,0.0,-1.6567862669574183,-1.6291607061969202,-1.1328213850604456,-4.6177828947650355,-4.890399638806478,0.5787410736083984,0.0,-0.0,0.0,0.0,0.0,0.0,0.0,0.0,0.0,0.0,0.0,0.0,1
1786037835,602440595,0.0,-1.6567743460284632,-1.6291969458209437,-1.1328094641314905,-4.6177948156939905,-4.890399638806478,0.5787171125411987,0.0,-0.0,0.0,0.0,0.0,0.0,0.0,0.0,0.0,0.0,0.0,0.0,1
1786037835,622589111,0.0,-1.6567981878863733,-1.6291487852679651,-1.1328094641314905,-4.617806855832235,-4.890363637601034,0.5787051320075989,0.0,-0.0,0.0,0.0,0.0,0.0,0.0,0.0,0.0,0.0,0.0,0.0,1
1786037835,642455101,0.0,-1.6567743460284632,-1.6291726271258753,-1.1328213850604456,-4.6177948156939905,-4.890375677739279,0.5787410736083984,0.0,-0.0,0.0,0.0,0.0,0.0,0.0,0.0,0.0,0.0,0.0,0.0,1
1786037835,662622213,0.0,-1.6568339506732386,-1.6291487852679651,-1.1328213850604456,-4.617758814488546,-4.890412036572592,0.5787650346755981,0.0,-0.0,0.0,0.0,0.0,0.0,0.0,0.0,0.0,0.0,0.0,0.0,1
1786037835,682365179,0.0,-1.6567862669574183,-1.6291726271258753,-1.1327737013446253,-4.6177828947650355,-4.890363637601034,0.578693151473999,0.0,-0.0,0.0,0.0,0.0,0.0,0.0,0.0,0.0,0.0,0.0,0.0,1
1786037835,702599763,0.0,-1.656858269368307,-1.6291726271258753,-1.1327856222735804,-4.617746893559591,-4.890327755604879,0.5787171125411987,0.0,-0.0,0.0,0.0,0.0,0.0,0.0,0.0,0.0,0.0,0.0,0.0,1
1786037835,722309827,0.0,-1.6568220297442835,-1.6291487852679651,-1.1327737013446253,-4.61781877676119,-4.890351716672079,0.5787530541419983,0.0,-0.0,0.0,0.0,0.0,0.0,0.0,0.0,0.0,0.0,0.0,0.0,1
1786037835,742497444,0.0,-1.6567862669574183,-1.6291607061969202,-1.1328213850604456,-4.6177948156939905,-4.890351716672079,0.5787171125411987,0.0,-0.0,0.0,0.0,0.0,0.0,0.0,0.0,0.0,0.0,0.0,0.0,1
1786037835,762416124,0.0,-1.6567743460284632,-1.629124943410055,-1.1328094641314905,-4.617806855832235,-4.890375677739279,0.578777015209198,0.0,-0.0,0.0,0.0,0.0,0.0,0.0,0.0,0.0,0.0,0.0,0.0,1
1786037835,782600402,0.0,-1.6568458716021937,-1.62913686433901,-1.1327975432025355,-4.617758814488546,-4.890351716672079,0.5787410736083984,0.0,-0.0,0.0,0.0,0.0,0.0,0.0,0.0,0.0,0.0,0.0,0.0,1
1786037835,802388429,0.0,-1.6567981878863733,-1.6291487852679651,-1.1327856222735804,-4.61781877676119,-4.890363637601034,0.5787410736083984,0.0,-0.0,0.0,0.0,0.0,0.0,0.0,0.0,0.0,0.0,0.0,0.0,1
1786037835,822621107,0.0,-1.6568101088153284,-1.6291607061969202,-1.1327856222735804,-4.6177948156939905,-4.890351716672079,0.5787171125411987,0.0,-0.0,0.0,0.0,0.0,0.0,0.0,0.0,0.0,0.0,0.0,0.0,1
1786037835,842395067,0.0,-1.6568339506732386,-1.62913686433901,-1.1328094641314905,-4.617746893559591,-4.890399638806478,0.5787530541419983,0.0,-0.0,0.0,0.0,0.0,0.0,0.0,0.0,0.0,0.0,0.0,0.0,1
1786037835,862561702,0.0,-1.6568220297442835,-1.6291850248919886,-1.1328333059894007,-4.617746893559591,-4.890387598668234,0.5787650346755981,0.0,-0.0,0.0,0.0,0.0,0.0,0.0,0.0,0.0,0.0,0.0,0.0,1
1786037835,882407903,0.0,-1.6568458716021937,-1.6291607061969202,-1.1327975432025355,-4.6177828947650355,-4.890375677739279,0.5787290930747986,0.0,-0.0,0.0,0.0,0.0,0.0,0.0,0.0,0.0,0.0,0.0,0.0,1
1786037835,902503013,0.0,-1.6568101088153284,-1.629124943410055,-1.1327856222735804,-4.617770854626791,-4.890399638806478,0.578693151473999,0.0,-0.0,0.0,0.0,0.0,0.0,0.0,0.0,0.0,0.0,0.0,0.0,1
1786037835,922337532,0.0,-1.6568458716021937,-1.6292088667498987,-1.1327737013446253,-4.617806855832235,-4.890375677739279,0.578693151473999,0.0,-0.0,0.0,0.0,0.0,0.0,0.0,0.0,0.0,0.0,0.0,0.0,1
1786037835,942575216,0.0,-1.6567862669574183,-1.6291607061969202,-1.1327856222735804,-4.61781877676119,-4.890363637601034,0.5787410736083984,0.0,-0.0,0.0,0.0,0.0,0.0,0.0,0.0,0.0,0.0,0.0,0.0,1
1786037835,962450027,0.0,-1.656858269368307,-1.62913686433901,-1.1328213850604456,-4.6177948156939905,-4.890412036572592,0.5787171125411987,0.0,-0.0,0.0,0.0,0.0,0.0,0.0,0.0,0.0,0.0,0.0,0.0,1
1786037835,982574701,0.0,-1.6567981878863733,-1.6291487852679651,-1.132761303578512,-4.617770854626791,-4.890375677739279,0.5787171125411987,0.0,-0.0,0.0,0.0,0.0,0.0,0.0,0.0,0.0,0.0,0.0,0.0,1
1786037836,2401590,0.0,-1.6567981878863733,-1.6291726271258753,-1.1327737013446253,-4.617806855832235,-4.890327755604879,0.5787650346755981,0.0,-0.0,0.0,0.0,0.0,0.0,0.0,0.0,0.0,0.0,0.0,0.0,1
1786037836,22540807,0.0,-1.65676194826235,-1.629124943410055,-1.1327856222735804,-4.61781877676119,-4.890412036572592,0.5787051320075989,0.0,-0.0,0.0,0.0,0.0,0.0,0.0,0.0,0.0,0.0,0.0,0.0,1
1786037836,42333126,0.0,-1.6568220297442835,-1.6291487852679651,-1.1328333059894007,-4.617758814488546,-4.890387598668234,0.5787171125411987,0.0,-0.0,0.0,0.0,0.0,0.0,0.0,0.0,0.0,0.0,0.0,0.0,1
1786037836,62605619,0.0,-1.6567743460284632,-1.6291487852679651,-1.1327737013446253,-4.6177948156939905,-4.890375677739279,0.5787290930747986,0.0,-0.0,0.0,0.0,0.0,0.0,0.0,0.0,0.0,0.0,0.0,0.0,1
1786037836,82450628,0.0,-1.6568220297442835,-1.6291130224811,-1.1327737013446253,-4.617758814488546,-4.890351716672079,0.5787530541419983,0.0,-0.0,0.0,0.0,0.0,0.0,0.0,0.0,0.0,0.0,0.0,0.0,1
1786037836,102635622,0.0,-1.6568339506732386,-1.629124943410055,-1.1327856222735804,-4.6177828947650355,-4.890363637601034,0.5787171125411987,0.0,-0.0,0.0,0.0,0.0,0.0,0.0,0.0,0.0,0.0,0.0,0.0,1
1786037836,122410058,0.0,-1.6568339506732386,-1.6291850248919886,-1.1327737013446253,-4.61781877676119,-4.890387598668234,0.5787290930747986,0.0,-0.0,0.0,0.0,0.0,0.0,0.0,0.0,0.0,0.0,0.0,0.0,1
1786037836,142517566,0.0,-1.656870190297262,-1.629124943410055,-1.1327737013446253,-4.6177948156939905,-4.890351716672079,0.5787051320075989,0.0,-0.0,0.0,0.0,0.0,0.0,0.0,0.0,0.0,0.0,0.0,0.0,1
1786037836,162357807,0.0,-1.6568101088153284,-1.6291130224811,-1.1327975432025355,-4.6177828947650355,-4.890387598668234,0.5787530541419983,0.0,-0.0,0.0,0.0,0.0,0.0,0.0,0.0,0.0,0.0,0.0,0.0,1
1786037836,182628393,0.0,-1.6567862669574183,-1.6291487852679651,-1.1328213850604456,-4.6177948156939905,-4.890375677739279,0.5787410736083984,0.0,-0.0,0.0,0.0,0.0,0.0,0.0,0.0,0.0,0.0,0.0,0.0,1
1786037836,202329874,0.0,-1.656858269368307,-1.6291607061969202,-1.1328213850604456,-4.6177948156939905,-4.890412036572592,0.5787650346755981,0.0,-0.0,0.0,0.0,0.0,0.0,0.0,0.0,0.0,0.0,0.0,0.0,1
1786037836,222562313,0.0,-1.6568339506732386,-1.62913686433901,-1.1328213850604456,-4.61781877676119,-4.890315715466635,0.578777015209198,0.0,-0.0,0.0,0.0,0.0,0.0,0.0,0.0,0.0,0.0,0.0,0.0,1
1786037836,242333889,0.0,-1.6567862669574183,-1.6290887037860315,-1.1328452269183558,-4.617830816899435,-4.890351716672079,0.578777015209198,0.0,-0.0,0.0,0.0,0.0,0.0,0.0,0.0,0.0,0.0,0.0,0.0,1
1786037836,262520074,0.0,-1.6567862669574183,-1.6291487852679651,-1.1328094641314905,-4.617770854626791,-4.890387598668234,0.5787889957427979,0.0,-0.0,0.0,0.0,0.0,0.0,0.0,0.0,0.0,0.0,0.0,0.0,1
1786037836,282452821,0.0,-1.6567743460284632,-1.6291607061969202,-1.1327737013446253,-4.617806855832235,-4.890375677739279,0.5787530541419983,0.0,-0.0,0.0,0.0,0.0,0.0,0.0,0.0,0.0,0.0,0.0,0.0,1
1786037836,302461624,0.0,-1.6567862669574183,-1.6291726271258753,-1.132761303578512,-4.61784273782839,-4.890412036572592,0.5787171125411987,0.0,-0.0,0.0,0.0,0.0,0.0,0.0,0.0,0.0,0.0,0.0,0.0,1
1786037836,322383403,0.0,-1.6568339506732386,-1.6291130224811,-1.1327737013446253,-4.6177948156939905,-4.890412036572592,0.5787530541419983,0.0,-0.0,0.0,0.0,0.0,0.0,0.0,0.0,0.0,0.0,0.0,0.0,1
1786037836,342532157,0.0,-1.6568220297442835,-1.6291607061969202,-1.1327856222735804,-4.617806855832235,-4.890399638806478,0.5787051320075989,0.0,-0.0,0.0,0.0,0.0,0.0,0.0,0.0,0.0,0.0,0.0,0.0,1
1786037836,362537384,0.0,-1.6568220297442835,-1.6291011015521448,-1.1328333059894007,-4.6177948156939905,-4.890387598668234,0.5787410736083984,0.0,-0.0,0.0,0.0,0.0,0.0,0.0,0.0,0.0,0.0,0.0,0.0,1
1786037836,382517099,0.0,-1.6568220297442835,-1.6291130224811,-1.1327856222735804,-4.617758814488546,-4.890375677739279,0.5787650346755981,0.0,-0.0,0.0,0.0,0.0,0.0,0.0,0.0,0.0,0.0,0.0,0.0,1
1786037836,402357578,0.0,-1.6568220297442835,-1.629124943410055,-1.1328213850604456,-4.617806855832235,-4.890375677739279,0.5787171125411987,0.0,-0.0,0.0,0.0,0.0,0.0,0.0,0.0,0.0,0.0,0.0,0.0,1
1786037836,422427654,0.0,-1.656858269368307,-1.6291726271258753,-1.1328213850604456,-4.617806855832235,-4.890412036572592,0.578777015209198,0.0,-0.0,0.0,0.0,0.0,0.0,0.0,0.0,0.0,0.0,0.0,0.0,1
1786037836,442436456,0.0,-1.6568101088153284,-1.6291726271258753,-1.1327975432025355,-4.6177948156939905,-4.890412036572592,0.5787290930747986,0.0,-0.0,0.0,0.0,0.0,0.0,0.0,0.0,0.0,0.0,0.0,0.0,1
1786037836,462542295,0.0,-1.6568339506732386,-1.6291607061969202,-1.1327737013446253,-4.61781877676119,-4.890375677739279,0.5787171125411987,0.0,-0.0,0.0,0.0,0.0,0.0,0.0,0.0,0.0,0.0,0.0,0.0,1
1786037836,482401847,0.0,-1.6568339506732386,-1.6291487852679651,-1.1328094641314905,-4.617770854626791,-4.890351716672079,0.5787051320075989,0.0,-0.0,0.0,0.0,0.0,0.0,0.0,0.0,0.0,0.0,0.0,0.0,1
1786037836,502516031,0.0,-1.6568101088153284,-1.629124943410055,-1.1327737013446253,-4.61781877676119,-4.890363637601034,0.5787290930747986,0.0,-0.0,0.0,0.0,0.0,0.0,0.0,0.0,0.0,0.0,0.0,0.0,1
1786037836,522360086,0.0,-1.6567981878863733,-1.6291726271258753,-1.1327737013446253,-4.617830816899435,-4.890375677739279,0.5787051320075989,0.0,-0.0,0.0,0.0,0.0,0.0,0.0,0.0,0.0,0.0,0.0,0.0,1
1786037836,542522192,0.0,-1.6568220297442835,-1.62913686433901,-1.1328094641314905,-4.617806855832235,-4.890375677739279,0.5787290930747986,0.0,-0.0,0.0,0.0,0.0,0.0,0.0,0.0,0.0,0.0,0.0,0.0,1
1786037836,562381505,0.0,-1.6567981878863733,-1.6291969458209437,-1.1327737013446253,-4.61781877676119,-4.890387598668234,0.5787051320075989,0.0,-0.0,0.0,0.0,0.0,0.0,0.0,0.0,0.0,0.0,0.0,0.0,1
1786037836,582606315,0.0,-1.6567981878863733,-1.6291011015521448,-1.1327975432025355,-4.617806855832235,-4.890375677739279,0.5787051320075989,0.0,-0.0,0.0,0.0,0.0,0.0,0.0,0.0,0.0,0.0,0.0,0.0,1
1786037836,602455139,0.0,-1.6567500273333948,-1.6291487852679651,-1.1328213850604456,-4.617758814488546,-4.890363637601034,0.5787051320075989,0.0,-0.0,0.0,0.0,0.0,0.0,0.0,0.0,0.0,0.0,0.0,0.0,1
1786037836,622515201,0.0,-1.6568101088153284,-1.6291726271258753,-1.1328094641314905,-4.617770854626791,-4.890339676533834,0.5787410736083984,0.0,-0.0,0.0,0.0,0.0,0.0,0.0,0.0,0.0,0.0,0.0,0.0,1
1786037836,642305612,0.0,-1.6568339506732386,-1.6291487852679651,-1.1328213850604456,-4.617770854626791,-4.890387598668234,0.5787290930747986,0.0,-0.0,0.0,0.0,0.0,0.0,0.0,0.0,0.0,0.0,0.0,0.0,1
1786037836,662629365,0.0,-1.6568220297442835,-1.6291607061969202,-1.1327737013446253,-4.617806855832235,-4.890363637601034,0.5787530541419983,0.0,-0.0,0.0,0.0,0.0,0.0,0.0,0.0,0.0,0.0,0.0,0.0,1
1786037836,682415723,0.0,-1.6568220297442835,-1.62913686433901,-1.1327975432025355,-4.617806855832235,-4.890399638806478,0.5787530541419983,0.0,-0.0,0.0,0.0,0.0,0.0,0.0,0.0,0.0,0.0,0.0,0.0,1
1786037836,702546596,0.0,-1.6567981878863733,-1.6291850248919886,-1.1328333059894007,-4.617806855832235,-4.890399638806478,0.5787171125411987,0.0,-0.0,0.0,0.0,0.0,0.0,0.0,0.0,0.0,0.0,0.0,0.0,1
1786037836,722403049,0.0,-1.6568220297442835,-1.629124943410055,-1.1328213850604456,-4.617806855832235,-4.890339676533834,0.5787171125411987,0.0,-0.0,0.0,0.0,0.0,0.0,0.0,0.0,0.0,0.0,0.0,0.0,1
1786037836,742513418,0.0,-1.6567981878863733,-1.62913686433901,-1.1328094641314905,-4.61784273782839,-4.890375677739279,0.5787290930747986,0.0,-0.0,0.0,0.0,0.0,0.0,0.0,0.0,0.0,0.0,0.0,0.0,1
1786037836,762351274,0.0,-1.6568101088153284,-1.6291726271258753,-1.1328213850604456,-4.617746893559591,-4.890399638806478,0.5787290930747986,0.0,-0.0,0.0,0.0,0.0,0.0,0.0,0.0,0.0,0.0,0.0,0.0,1
1786037836,782558679,0.0,-1.6567981878863733,-1.6291726271258753,-1.1328094641314905,-4.6177948156939905,-4.890399638806478,0.5787290930747986,0.0,-0.0,0.0,0.0,0.0,0.0,0.0,0.0,0.0,0.0,0.0,0.0,1
1786037836,802360773,0.0,-1.6568101088153284,-1.6291969458209437,-1.1327856222735804,-4.617758814488546,-4.890387598668234,0.5787410736083984,0.0,-0.0,0.0,0.0,0.0,0.0,0.0,0.0,0.0,0.0,0.0,0.0,1
1786037836,822572231,0.0,-1.6568101088153284,-1.6291130224811,-1.1327856222735804,-4.617746893559591,-4.890399638806478,0.5787650346755981,0.0,-0.0,0.0,0.0,0.0,0.0,0.0,0.0,0.0,0.0,0.0,0.0,1
1786037836,842349290,0.0,-1.656858269368307,-1.6291607061969202,-1.1327737013446253,-4.6177948156939905,-4.890351716672079,0.5787410736083984,0.0,-0.0,0.0,0.0,0.0,0.0,0.0,0.0,0.0,0.0,0.0,0.0,1
1786037836,862562894,0.0,-1.6567862669574183,-1.6291726271258753,-1.1327856222735804,-4.617806855832235,-4.890351716672079,0.5787410736083984,0.0,-0.0,0.0,0.0,0.0,0.0,0.0,0.0,0.0,0.0,0.0,0.0,1
1786037836,882346391,0.0,-1.6567500273333948,-1.6291607061969202,-1.1328094641314905,-4.617806855832235,-4.890387598668234,0.5787171125411987,0.0,-0.0,0.0,0.0,0.0,0.0,0.0,0.0,0.0,0.0,0.0,0.0,1
1786037836,902496337,0.0,-1.6568101088153284,-1.6291850248919886,-1.1327975432025355,-4.617806855832235,-4.890412036572592,0.5787530541419983,0.0,-0.0,0.0,0.0,0.0,0.0,0.0,0.0,0.0,0.0,0.0,0.0,1
1786037836,922421693,0.0,-1.6568101088153284,-1.62913686433901,-1.1328213850604456,-4.6177348534213465,-4.890399638806478,0.5787410736083984,0.0,-0.0,0.0,0.0,0.0,0.0,0.0,0.0,0.0,0.0,0.0,0.0,1
1786037836,942453622,0.0,-1.6568220297442835,-1.6291607061969202,-1.1327856222735804,-4.6177948156939905,-4.890375677739279,0.5787171125411987,0.0,-0.0,0.0,0.0,0.0,0.0,0.0,0.0,0.0,0.0,0.0,0.0,1
1786037836,962515354,0.0,-1.6568458716021937,-1.6291850248919886,-1.132749382649557,-4.6177948156939905,-4.890351716672079,0.578777015209198,0.0,-0.0,0.0,0.0,0.0,0.0,0.0,0.0,0.0,0.0,0.0,0.0,1
1786037836,982462167,0.0,-1.6568458716021937,-1.6291487852679651,-1.1327856222735804,-4.617770854626791,-4.890399638806478,0.5787889957427979,0.0,-0.0,0.0,0.0,0.0,0.0,0.0,0.0,0.0,0.0,0.0,0.0,1
1786037837,2439737,0.0,-1.6568458716021937,-1.629124943410055,-1.1327856222735804,-4.617758814488546,-4.890387598668234,0.5787410736083984,0.0,-0.0,0.0,0.0,0.0,0.0,0.0,0.0,0.0,0.0,0.0,0.0,1
1786037837,22577524,0.0,-1.6568220297442835,-1.62913686433901,-1.1328094641314905,-4.617770854626791,-4.890339676533834,0.5787051320075989,0.0,-0.0,0.0,0.0,0.0,0.0,0.0,0.0,0.0,0.0,0.0,0.0,1
1786037837,42360782,0.0,-1.6567981878863733,-1.62913686433901,-1.1327737013446253,-4.6177828947650355,-4.890351716672079,0.5787171125411987,0.0,-0.0,0.0,0.0,0.0,0.0,0.0,0.0,0.0,0.0,0.0,0.0,1
1786037837,62599420,0.0,-1.6568220297442835,-1.629124943410055,-1.132761303578512,-4.6177828947650355,-4.890387598668234,0.5787410736083984,0.0,-0.0,0.0,0.0,0.0,0.0,0.0,0.0,0.0,0.0,0.0,0.0,1
1786037837,82378149,0.0,-1.6568101088153284,-1.62913686433901,-1.1327975432025355,-4.617770854626791,-4.890339676533834,0.5787171125411987,0.0,-0.0,0.0,0.0,0.0,0.0,0.0,0.0,0.0,0.0,0.0,0.0,1
1786037837,102560758,0.0,-1.6568458716021937,-1.6291850248919886,-1.1328452269183558,-4.617770854626791,-4.890399638806478,0.5787171125411987,0.0,-0.0,0.0,0.0,0.0,0.0,0.0,0.0,0.0,0.0,0.0,0.0,1
1786037837,122347593,0.0,-1.6568220297442835,-1.6291487852679651,-1.1328333059894007,-4.6177828947650355,-4.890375677739279,0.5787290930747986,0.0,-0.0,0.0,0.0,0.0,0.0,0.0,0.0,0.0,0.0,0.0,0.0,1
1786037837,142444133,0.0,-1.6568458716021937,-1.6291487852679651,-1.1328094641314905,-4.617806855832235,-4.890363637601034,0.5786811709403992,0.0,-0.0,0.0,0.0,0.0,0.0,0.0,0.0,0.0,0.0,0.0,0.0,1
1786037837,162437677,0.0,-1.6568101088153284,-1.6291607061969202,-1.1327737013446253,-4.6177948156939905,-4.890375677739279,0.5787290930747986,0.0,-0.0,0.0,0.0,0.0,0.0,0.0,0.0,0.0,0.0,0.0,0.0,1
1786037837,182541847,0.0,-1.6568339506732386,-1.6291487852679651,-1.1327856222735804,-4.617758814488546,-4.890412036572592,0.5786811709403992,0.0,-0.0,0.0,0.0,0.0,0.0,0.0,0.0,0.0,0.0,0.0,0.0,1
1786037837,202347278,0.0,-1.6567862669574183,-1.6291726271258753,-1.1328333059894007,-4.617758814488546,-4.890412036572592,0.5787051320075989,0.0,-0.0,0.0,0.0,0.0,0.0,0.0,0.0,0.0,0.0,0.0,0.0,1
1786037837,222512483,0.0,-1.6568220297442835,-1.6291130224811,-1.1327737013446253,-4.617770854626791,-4.890375677739279,0.5787171125411987,0.0,-0.0,0.0,0.0,0.0,0.0,0.0,0.0,0.0,0.0,0.0,0.0,1
1786037837,242354869,0.0,-1.6568101088153284,-1.6291130224811,-1.1328333059894007,-4.6177828947650355,-4.890387598668234,0.5787410736083984,0.0,-0.0,0.0,0.0,0.0,0.0,0.0,0.0,0.0,0.0,0.0,0.0,1
1786037837,262563467,0.0,-1.6568339506732386,-1.6291487852679651,-1.1328213850604456,-4.617806855832235,-4.890363637601034,0.5787051320075989,0.0,-0.0,0.0,0.0,0.0,0.0,0.0,0.0,0.0,0.0,0.0,0.0,1
1786037837,282385349,0.0,-1.6568220297442835,-1.6291011015521448,-1.132761303578512,-4.617854777966635,-4.890387598668234,0.5787171125411987,0.0,-0.0,0.0,0.0,0.0,0.0,0.0,0.0,0.0,0.0,0.0,0.0,1
1786037837,302666664,0.0,-1.6568101088153284,-1.6291607061969202,-1.1328094641314905,-4.617770854626791,-4.890399638806478,0.5787051320075989,0.0,-0.0,0.0,0.0,0.0,0.0,0.0,0.0,0.0,0.0,0.0,0.0,1
1786037837,322294950,0.0,-1.6568101088153284,-1.6291850248919886,-1.1328094641314905,-4.6177828947650355,-4.890399638806478,0.578693151473999,0.0,-0.0,0.0,0.0,0.0,0.0,0.0,0.0,0.0,0.0,0.0,0.0,1
1786037837,342505693,0.0,-1.6568220297442835,-1.6291726271258753,-1.1327975432025355,-4.617758814488546,-4.890375677739279,0.5787290930747986,0.0,-0.0,0.0,0.0,0.0,0.0,0.0,0.0,0.0,0.0,0.0,0.0,1
1786037837,362370729,0.0,-1.6567981878863733,-1.629124943410055,-1.1327737013446253,-4.61781877676119,-4.890399638806478,0.578693151473999,0.0,-0.0,0.0,0.0,0.0,0.0,0.0,0.0,0.0,0.0,0.0,0.0,1
1786037837,382430791,0.0,-1.6568220297442835,-1.6291487852679651,-1.1327737013446253,-4.61784273782839,-4.890375677739279,0.578777015209198,0.0,-0.0,0.0,0.0,0.0,0.0,0.0,0.0,0.0,0.0,0.0,0.0,1
1786037837,402436494,0.0,-1.6567981878863733,-1.6290887037860315,-1.1327737013446253,-4.6177828947650355,-4.890423957501547,0.5787171125411987,0.0,-0.0,0.0,0.0,0.0,0.0,0.0,0.0,0.0,0.0,0.0,0.0,1
1786037837,422576427,0.0,-1.6568458716021937,-1.6291130224811,-1.1328094641314905,-4.6177948156939905,-4.890399638806478,0.5787290930747986,0.0,-0.0,0.0,0.0,0.0,0.0,0.0,0.0,0.0,0.0,0.0,0.0,1
1786037837,442416906,0.0,-1.6567862669574183,-1.6291607061969202,-1.1328094641314905,-4.6177948156939905,-4.890387598668234,0.5787530541419983,0.0,-0.0,0.0,0.0,0.0,0.0,0.0,0.0,0.0,0.0,0.0,0.0,1
1786037837,462556123,0.0,-1.6568101088153284,-1.629124943410055,-1.1327856222735804,-4.61781877676119,-4.890399638806478,0.578777015209198,0.0,-0.0,0.0,0.0,0.0,0.0,0.0,0.0,0.0,0.0,0.0,0.0,1
1786037837,482408761,0.0,-1.6568101088153284,-1.62913686433901,-1.1327737013446253,-4.6177828947650355,-4.890351716672079,0.5787650346755981,0.0,-0.0,0.0,0.0,0.0,0.0,0.0,0.0,0.0,0.0,0.0,0.0,1
1786037837,502648591,0.0,-1.6568458716021937,-1.6291487852679651,-1.132761303578512,-4.6177948156939905,-4.890339676533834,0.5787171125411987,0.0,-0.0,0.0,0.0,0.0,0.0,0.0,0.0,0.0,0.0,0.0,0.0,1
1786037837,522427797,0.0,-1.6567743460284632,-1.62913686433901,-1.1327856222735804,-4.61781877676119,-4.890412036572592,0.5787290930747986,0.0,-0.0,0.0,0.0,0.0,0.0,0.0,0.0,0.0,0.0,0.0,0.0,1
1786037837,542494773,0.0,-1.6567862669574183,-1.6292088667498987,-1.1327737013446253,-4.617806855832235,-4.890363637601034,0.5787410736083984,0.0,-0.0,0.0,0.0,0.0,0.0,0.0,0.0,0.0,0.0,0.0,0.0,1
1786037837,562327623,0.0,-1.6567862669574183,-1.6291487852679651,-1.1328213850604456,-4.617806855832235,-4.890375677739279,0.5787650346755981,0.0,-0.0,0.0,0.0,0.0,0.0,0.0,0.0,0.0,0.0,0.0,0.0,1
1786037837,582612991,0.0,-1.6568458716021937,-1.6291726271258753,-1.1328213850604456,-4.6177948156939905,-4.890399638806478,0.5787171125411987,0.0,-0.0,0.0,0.0,0.0,0.0,0.0,0.0,0.0,0.0,0.0,0.0,1
1786037837,602389812,0.0,-1.6567862669574183,-1.6291969458209437,-1.1327975432025355,-4.617770854626791,-4.890399638806478,0.5787051320075989,0.0,-0.0,0.0,0.0,0.0,0.0,0.0,0.0,0.0,0.0,0.0,0.0,1
1786037837,622517108,0.0,-1.6568339506732386,-1.6291487852679651,-1.1328094641314905,-4.61784273782839,-4.890399638806478,0.5787410736083984,0.0,-0.0,0.0,0.0,0.0,0.0,0.0,0.0,0.0,0.0,0.0,0.0,1
1786037837,642385244,0.0,-1.6567862669574183,-1.6291607061969202,-1.1327975432025355,-4.617806855832235,-4.890339676533834,0.5787290930747986,0.0,-0.0,0.0,0.0,0.0,0.0,0.0,0.0,0.0,0.0,0.0,0.0,1
1786037837,662427186,0.0,-1.6568339506732386,-1.6291607061969202,-1.1328213850604456,-4.6177828947650355,-4.890375677739279,0.5787051320075989,0.0,-0.0,0.0,0.0,0.0,0.0,0.0,0.0,0.0,0.0,0.0,0.0,1
1786037837,682367324,0.0,-1.65676194826235,-1.6291850248919886,-1.1327975432025355,-4.6177948156939905,-4.890339676533834,0.5787290930747986,0.0,-0.0,0.0,0.0,0.0,0.0,0.0,0.0,0.0,0.0,0.0,0.0,1
1786037837,702613353,0.0,-1.656858269368307,-1.62913686433901,-1.1328094641314905,-4.617770854626791,-4.890399638806478,0.5787290930747986,0.0,-0.0,0.0,0.0,0.0,0.0,0.0,0.0,0.0,0.0,0.0,0.0,1
1786037837,722346782,0.0,-1.6568339506732386,-1.6291487852679651,-1.1327737013446253,-4.6177948156939905,-4.890387598668234,0.5787530541419983,0.0,-0.0,0.0,0.0,0.0,0.0,0.0,0.0,0.0,0.0,0.0,0.0,1
1786037837,742541313,0.0,-1.6568339506732386,-1.62913686433901,-1.1328333059894007,-4.617806855832235,-4.890375677739279,0.5787290930747986,0.0,-0.0,0.0,0.0,0.0,0.0,0.0,0.0,0.0,0.0,0.0,0.0,1
1786037837,762522935,0.0,-1.6568220297442835,-1.6291607061969202,-1.1328213850604456,-4.617746893559591,-4.890375677739279,0.5787290930747986,0.0,-0.0,0.0,0.0,0.0,0.0,0.0,0.0,0.0,0.0,0.0,0.0,1
1786037837,782459020,0.0,-1.6568220297442835,-1.6291130224811,-1.1328094641314905,-4.6177948156939905,-4.890375677739279,0.5787290930747986,0.0,-0.0,0.0,0.0,0.0,0.0,0.0,0.0,0.0,0.0,0.0,0.0,1
1786037837,802342891,0.0,-1.6568101088153284,-1.6291487852679651,-1.1328094641314905,-4.617830816899435,-4.890351716672079,0.5787290930747986,0.0,-0.0,0.0,0.0,0.0,0.0,0.0,0.0,0.0,0.0,0.0,0.0,1
1786037837,822508096,0.0,-1.6567500273333948,-1.6291011015521448,-1.1328213850604456,-4.617770854626791,-4.890339676533834,0.5788009762763977,0.0,-0.0,0.0,0.0,0.0,0.0,0.0,0.0,0.0,0.0,0.0,0.0,1
1786037837,842326164,0.0,-1.6568339506732386,-1.6291726271258753,-1.132749382649557,-4.617806855832235,-4.890351716672079,0.5787290930747986,0.0,-0.0,0.0,0.0,0.0,0.0,0.0,0.0,0.0,0.0,0.0,0.0,1
1786037837,862586975,0.0,-1.6567981878863733,-1.62913686433901,-1.1327975432025355,-4.617830816899435,-4.890423957501547,0.578693151473999,0.0,-0.0,0.0,0.0,0.0,0.0,0.0,0.0,0.0,0.0,0.0,0.0,1
1786037837,882368326,0.0,-1.6567981878863733,-1.6291726271258753,-1.1327975432025355,-4.617770854626791,-4.890351716672079,0.5787290930747986,0.0,-0.0,0.0,0.0,0.0,0.0,0.0,0.0,0.0,0.0,0.0,0.0,1
1786037837,902548074,0.0,-1.6568101088153284,-1.62913686433901,-1.132761303578512,-4.617758814488546,-4.890375677739279,0.5787290930747986,0.0,-0.0,0.0,0.0,0.0,0.0,0.0,0.0,0.0,0.0,0.0,0.0,1
1786037837,922452211,0.0,-1.6567981878863733,-1.62913686433901,-1.1328094641314905,-4.617806855832235,-4.890327755604879,0.5787530541419983,0.0,-0.0,0.0,0.0,0.0,0.0,0.0,0.0,0.0,0.0,0.0,0.0,1
1786037837,942626953,0.0,-1.6568101088153284,-1.6291011015521448,-1.132761303578512,-4.6177948156939905,-4.890363637601034,0.5787290930747986,0.0,-0.0,0.0,0.0,0.0,0.0,0.0,0.0,0.0,0.0,0.0,0.0,1
1786037837,962375402,0.0,-1.6567981878863733,-1.629124943410055,-1.1327856222735804,-4.6177348534213465,-4.890399638806478,0.5787051320075989,0.0,-0.0,0.0,0.0,0.0,0.0,0.0,0.0,0.0,0.0,0.0,0.0,1
1786037837,982544660,0.0,-1.6568101088153284,-1.6291011015521448,-1.1328213850604456,-4.61781877676119,-4.890327755604879,0.5787051320075989,0.0,-0.0,0.0,0.0,0.0,0.0,0.0,0.0,0.0,0.0,0.0,0.0,1
1786037838,2391099,0.0,-1.6568101088153284,-1.6291726271258753,-1.1327737013446253,-4.6177948156939905,-4.890363637601034,0.578693151473999,0.0,-0.0,0.0,0.0,0.0,0.0,0.0,0.0,0.0,0.0,0.0,0.0,1
1786037838,22565603,0.0,-1.6567981878863733,-1.6290887037860315,-1.1327975432025355,-4.617758814488546,-4.890351716672079,0.578693151473999,0.0,-0.0,0.0,0.0,0.0,0.0,0.0,0.0,0.0,0.0,0.0,0.0,1
1786037838,42348384,0.0,-1.6568220297442835,-1.62913686433901,-1.1328094641314905,-4.617806855832235,-4.890375677739279,0.5787171125411987,0.0,-0.0,0.0,0.0,0.0,0.0,0.0,0.0,0.0,0.0,0.0,0.0,1
1786037838,62565803,0.0,-1.6567981878863733,-1.6291607061969202,-1.1328094641314905,-4.6177948156939905,-4.890399638806478,0.5787410736083984,0.0,-0.0,0.0,0.0,0.0,0.0,0.0,0.0,0.0,0.0,0.0,0.0,1
1786037838,82503080,0.0,-1.6568339506732386,-1.6291130224811,-1.1327975432025355,-4.6177948156939905,-4.890387598668234,0.5787171125411987,0.0,-0.0,0.0,0.0,0.0,0.0,0.0,0.0,0.0,0.0,0.0,0.0,1
1786037838,102551460,0.0,-1.656858269368307,-1.6291130224811,-1.1328213850604456,-4.61781877676119,-4.890351716672079,0.5787410736083984,0.0,-0.0,0.0,0.0,0.0,0.0,0.0,0.0,0.0,0.0,0.0,0.0,1
1786037838,122411966,0.0,-1.656858269368307,-1.6291487852679651,-1.132761303578512,-4.617830816899435,-4.890351716672079,0.5787530541419983,0.0,-0.0,0.0,0.0,0.0,0.0,0.0,0.0,0.0,0.0,0.0,0.0,1
1786037838,142566204,0.0,-1.6567862669574183,-1.629124943410055,-1.1328094641314905,-4.617830816899435,-4.890339676533834,0.5787650346755981,0.0,-0.0,0.0,0.0,0.0,0.0,0.0,0.0,0.0,0.0,0.0,0.0,1
1786037838,162426710,0.0,-1.6568101088153284,-1.6291726271258753,-1.1328814665423792,-4.617770854626791,-4.890399638806478,0.5787530541419983,0.0,-0.0,0.0,0.0,0.0,0.0,0.0,0.0,0.0,0.0,0.0,0.0,1
1786037838,182516813,0.0,-1.6567743460284632,-1.6291130224811,-1.1328333059894007,-4.61781877676119,-4.890351716672079,0.5787290930747986,0.0,-0.0,0.0,0.0,0.0,0.0,0.0,0.0,0.0,0.0,0.0,0.0,1
1786037838,202361822,0.0,-1.6568101088153284,-1.629124943410055,-1.132749382649557,-4.617806855832235,-4.890399638806478,0.5787650346755981,0.0,-0.0,0.0,0.0,0.0,0.0,0.0,0.0,0.0,0.0,0.0,0.0,1
1786037838,222541093,0.0,-1.6567981878863733,-1.6291607061969202,-1.1328213850604456,-4.61781877676119,-4.890435997639791,0.5787650346755981,0.0,-0.0,0.0,0.0,0.0,0.0,0.0,0.0,0.0,0.0,0.0,0.0,1
1786037838,242377519,0.0,-1.6567862669574183,-1.629124943410055,-1.1328094641314905,-4.617770854626791,-4.890375677739279,0.5787530541419983,0.0,-0.0,0.0,0.0,0.0,0.0,0.0,0.0,0.0,0.0,0.0,0.0,1
1786037838,262611865,0.0,-1.6567500273333948,-1.6291011015521448,-1.1327737013446253,-4.617806855832235,-4.890399638806478,0.5787410736083984,0.0,-0.0,0.0,0.0,0.0,0.0,0.0,0.0,0.0,0.0,0.0,0.0,1
1786037838,282410860,0.0,-1.6568220297442835,-1.6291726271258753,-1.1328213850604456,-4.6177948156939905,-4.890399638806478,0.5787650346755981,0.0,-0.0,0.0,0.0,0.0,0.0,0.0,0.0,0.0,0.0,0.0,0.0,1
1786037838,302541971,0.0,-1.6568458716021937,-1.6291130224811,-1.1328094641314905,-4.617830816899435,-4.890399638806478,0.578693151473999,0.0,-0.0,0.0,0.0,0.0,0.0,0.0,0.0,0.0,0.0,0.0,0.0,1
1786037838,322412729,0.0,-1.6568339506732386,-1.6290887037860315,-1.1327856222735804,-4.6177828947650355,-4.890351716672079,0.5787530541419983,0.0,-0.0,0.0,0.0,0.0,0.0,0.0,0.0,0.0,0.0,0.0,0.0,1
1786037838,342584848,0.0,-1.6567862669574183,-1.6291726271258753,-1.1327856222735804,-4.6177948156939905,-4.890351716672079,0.5787530541419983,0.0,-0.0,0.0,0.0,0.0,0.0,0.0,0.0,0.0,0.0,0.0,0.0,1
1786037838,362381458,0.0,-1.65676194826235,-1.6291487852679651,-1.1328213850604456,-4.61781877676119,-4.890375677739279,0.5787051320075989,0.0,-0.0,0.0,0.0,0.0,0.0,0.0,0.0,0.0,0.0,0.0,0.0,1
1786037838,382447242,0.0,-1.6568220297442835,-1.62913686433901,-1.1327856222735804,-4.617758814488546,-4.890363637601034,0.5787530541419983,0.0,-0.0,0.0,0.0,0.0,0.0,0.0,0.0,0.0,0.0,0.0,0.0,1
1786037838,402932167,0.0,-1.6568339506732386,-1.6291487852679651,-1.1328213850604456,-4.6177948156939905,-4.890399638806478,0.578693151473999,0.0,-0.0,0.0,0.0,0.0,0.0,0.0,0.0,0.0,0.0,0.0,0.0,1
1786037838,422595977,0.0,-1.6568220297442835,-1.6291130224811,-1.1327737013446253,-4.617770854626791,-4.890375677739279,0.5787410736083984,0.0,-0.0,0.0,0.0,0.0,0.0,0.0,0.0,0.0,0.0,0.0,0.0,1
1786037838,442367076,0.0,-1.6568220297442835,-1.6291130224811,-1.132761303578512,-4.617806855832235,-4.890399638806478,0.5787650346755981,0.0,-0.0,0.0,0.0,0.0,0.0,0.0,0.0,0.0,0.0,0.0,0.0,1
1786037838,462629318,0.0,-1.6568220297442835,-1.6291011015521448,-1.1328213850604456,-4.6177948156939905,-4.890339676533834,0.5787171125411987,0.0,-0.0,0.0,0.0,0.0,0.0,0.0,0.0,0.0,0.0,0.0,0.0,1
1786037838,482334136,0.0,-1.6568101088153284,-1.6291607061969202,-1.1327856222735804,-4.61781877676119,-4.890363637601034,0.5787051320075989,0.0,-0.0,0.0,0.0,0.0,0.0,0.0,0.0,0.0,0.0,0.0,0.0,1
1786037838,502665042,0.0,-1.6568339506732386,-1.62913686433901,-1.1327856222735804,-4.6177828947650355,-4.890423957501547,0.5787410736083984,0.0,-0.0,0.0,0.0,0.0,0.0,0.0,0.0,0.0,0.0,0.0,0.0,1
1786037838,522345781,0.0,-1.6568220297442835,-1.6291607061969202,-1.1328213850604456,-4.61781877676119,-4.890399638806478,0.5787650346755981,0.0,-0.0,0.0,0.0,0.0,0.0,0.0,0.0,0.0,0.0,0.0,0.0,1
1786037838,542436599,0.0,-1.6568458716021937,-1.6291607061969202,-1.1327856222735804,-4.6177948156939905,-4.890375677739279,0.5787530541419983,0.0,-0.0,0.0,0.0,0.0,0.0,0.0,0.0,0.0,0.0,0.0,0.0,1
1786037838,562407493,0.0,-1.6567862669574183,-1.6291487852679651,-1.132761303578512,-4.6177828947650355,-4.890363637601034,0.5787410736083984,0.0,-0.0,0.0,0.0,0.0,0.0,0.0,0.0,0.0,0.0,0.0,0.0,1
1786037838,582389831,0.0,-1.6568220297442835,-1.6291726271258753,-1.1328213850604456,-4.617806855832235,-4.890375677739279,0.5787290930747986,0.0,-0.0,0.0,0.0,0.0,0.0,0.0,0.0,0.0,0.0,0.0,0.0,1
1786037838,602413415,0.0,-1.6568339506732386,-1.6291726271258753,-1.1327856222735804,-4.617770854626791,-4.890423957501547,0.5787051320075989,0.0,-0.0,0.0,0.0,0.0,0.0,0.0,0.0,0.0,0.0,0.0,0.0,1
1786037838,622544288,0.0,-1.656858269368307,-1.6291487852679651,-1.1328213850604456,-4.617806855832235,-4.890375677739279,0.5787530541419983,0.0,-0.0,0.0,0.0,0.0,0.0,0.0,0.0,0.0,0.0,0.0,0.0,1
1786037838,642505645,0.0,-1.6568101088153284,-1.6291487852679651,-1.1327975432025355,-4.61784273782839,-4.890327755604879,0.5787290930747986,0.0,-0.0,0.0,0.0,0.0,0.0,0.0,0.0,0.0,0.0,0.0,0.0,1
1786037838,662683963,0.0,-1.6568220297442835,-1.62913686433901,-1.1328452269183558,-4.617758814488546,-4.890363637601034,0.5787410736083984,0.0,-0.0,0.0,0.0,0.0,0.0,0.0,0.0,0.0,0.0,0.0,0.0,1
1786037838,682366371,0.0,-1.6567862669574183,-1.6291726271258753,-1.1327737013446253,-4.617806855832235,-4.890423957501547,0.5787171125411987,0.0,-0.0,0.0,0.0,0.0,0.0,0.0,0.0,0.0,0.0,0.0,0.0,1
1786037838,702622890,0.0,-1.6568101088153284,-1.62913686433901,-1.1328094641314905,-4.617806855832235,-4.890327755604879,0.5787171125411987,0.0,-0.0,0.0,0.0,0.0,0.0,0.0,0.0,0.0,0.0,0.0,0.0,1
1786037838,722407817,0.0,-1.6568339506732386,-1.62913686433901,-1.1328094641314905,-4.61781877676119,-4.890375677739279,0.5787051320075989,0.0,-0.0,0.0,0.0,0.0,0.0,0.0,0.0,0.0,0.0,0.0,0.0,1
1786037838,742598772,0.0,-1.6568458716021937,-1.6292088667498987,-1.1327737013446253,-4.6177948156939905,-4.890399638806478,0.5787530541419983,0.0,-0.0,0.0,0.0,0.0,0.0,0.0,0.0,0.0,0.0,0.0,0.0,1
1786037838,762341976,0.0,-1.6567743460284632,-1.6291607061969202,-1.1327975432025355,-4.6177948156939905,-4.890363637601034,0.5787530541419983,0.0,-0.0,0.0,0.0,0.0,0.0,0.0,0.0,0.0,0.0,0.0,0.0,1
1786037838,782614469,0.0,-1.6568101088153284,-1.6291487852679651,-1.1328213850604456,-4.617758814488546,-4.890351716672079,0.5787171125411987,0.0,-0.0,0.0,0.0,0.0,0.0,0.0,0.0,0.0,0.0,0.0,0.0,1
1786037838,802447795,0.0,-1.6567862669574183,-1.6291969458209437,-1.1328452269183558,-4.617806855832235,-4.890375677739279,0.5787290930747986,0.0,-0.0,0.0,0.0,0.0,0.0,0.0,0.0,0.0,0.0,0.0,0.0,1
1786037838,822446584,0.0,-1.6567981878863733,-1.6291726271258753,-1.1327737013446253,-4.617770854626791,-4.890399638806478,0.5786811709403992,0.0,-0.0,0.0,0.0,0.0,0.0,0.0,0.0,0.0,0.0,0.0,0.0,1
1786037838,842435836,0.0,-1.6568339506732386,-1.6292088667498987,-1.1327856222735804,-4.617770854626791,-4.890351716672079,0.5787171125411987,0.0,-0.0,0.0,0.0,0.0,0.0,0.0,0.0,0.0,0.0,0.0,0.0,1
1786037838,862544298,0.0,-1.6568101088153284,-1.629124943410055,-1.1328213850604456,-4.6177948156939905,-4.890351716672079,0.5787171125411987,0.0,-0.0,0.0,0.0,0.0,0.0,0.0,0.0,0.0,0.0,0.0,0.0,1
1786037838,882445812,0.0,-1.6568101088153284,-1.62913686433901,-1.1328094641314905,-4.6177828947650355,-4.890363637601034,0.578693151473999,0.0,-0.0,0.0,0.0,0.0,0.0,0.0,0.0,0.0,0.0,0.0,0.0,1
1786037838,902549982,0.0,-1.6568339506732386,-1.6291850248919886,-1.1328213850604456,-4.6177948156939905,-4.890363637601034,0.5787051320075989,0.0,-0.0,0.0,0.0,0.0,0.0,0.0,0.0,0.0,0.0,0.0,0.0,1
1786037838,922423601,0.0,-1.6567743460284632,-1.6291487852679651,-1.1328213850604456,-4.6177948156939905,-4.890375677739279,0.5787410736083984,0.0,-0.0,0.0,0.0,0.0,0.0,0.0,0.0,0.0,0.0,0.0,0.0,1
1786037838,942520141,0.0,-1.6568220297442835,-1.6291726271258753,-1.1328213850604456,-4.61781877676119,-4.890375677739279,0.5787290930747986,0.0,-0.0,0.0,0.0,0.0,0.0,0.0,0.0,0.0,0.0,0.0,0.0,1
1786037838,962361097,0.0,-1.6568101088153284,-1.6291130224811,-1.1328094641314905,-4.617770854626791,-4.890351716672079,0.5787530541419983,0.0,-0.0,0.0,0.0,0.0,0.0,0.0,0.0,0.0,0.0,0.0,0.0,1
1786037838,982565879,0.0,-1.656858269368307,-1.6290648619281214,-1.1328333059894007,-4.61781877676119,-4.890375677739279,0.5787650346755981,0.0,-0.0,0.0,0.0,0.0,0.0,0.0,0.0,0.0,0.0,0.0,0.0,1
1786037839,2345800,0.0,-1.6567862669574183,-1.6291607061969202,-1.1327737013446253,-4.6177948156939905,-4.890399638806478,0.5787171125411987,0.0,-0.0,0.0,0.0,0.0,0.0,0.0,0.0,0.0,0.0,0.0,0.0,1
1786037839,22456645,0.0,-1.6568101088153284,-1.6291487852679651,-1.132761303578512,-4.6177948156939905,-4.890339676533834,0.5787171125411987,0.0,-0.0,0.0,0.0,0.0,0.0,0.0,0.0,0.0,0.0,0.0,0.0,1
1786037839,42400360,0.0,-1.6568101088153284,-1.6291487852679651,-1.1328213850604456,-4.6177948156939905,-4.890412036572592,0.5787171125411987,0.0,-0.0,0.0,0.0,0.0,0.0,0.0,0.0,0.0,0.0,0.0,0.0,1
1786037839,62533855,0.0,-1.6568101088153284,-1.62913686433901,-1.1327975432025355,-4.61781877676119,-4.890351716672079,0.5787650346755981,0.0,-0.0,0.0,0.0,0.0,0.0,0.0,0.0,0.0,0.0,0.0,0.0,1
1786037839,82395076,0.0,-1.6568458716021937,-1.629124943410055,-1.132761303578512,-4.6177948156939905,-4.890339676533834,0.5787410736083984,0.0,-0.0,0.0,0.0,0.0,0.0,0.0,0.0,0.0,0.0,0.0,0.0,1
1786037839,102667570,0.0,-1.6567862669574183,-1.6291726271258753,-1.1328213850604456,-4.617770854626791,-4.890399638806478,0.5787290930747986,0.0,-0.0,0.0,0.0,0.0,0.0,0.0,0.0,0.0,0.0,0.0,0.0,1
1786037839,122437238,0.0,-1.6568101088153284,-1.6291607061969202,-1.132761303578512,-4.6177948156939905,-4.890351716672079,0.5787171125411987,0.0,-0.0,0.0,0.0,0.0,0.0,0.0,0.0,0.0,0.0,0.0,0.0,1
1786037839,142522573,0.0,-1.6568339506732386,-1.6291130224811,-1.132749382649557,-4.617830816899435,-4.890363637601034,0.5787290930747986,0.0,-0.0,0.0,0.0,0.0,0.0,0.0,0.0,0.0,0.0,0.0,0.0,1
1786037839,162367582,0.0,-1.6568458716021937,-1.6291969458209437,-1.1327737013446253,-4.6177828947650355,-4.890387598668234,0.5787290930747986,0.0,-0.0,0.0,0.0,0.0,0.0,0.0,0.0,0.0,0.0,0.0,0.0,1
1786037839,182605743,0.0,-1.6568220297442835,-1.629124943410055,-1.1328094641314905,-4.6177948156939905,-4.890423957501547,0.5787530541419983,0.0,-0.0,0.0,0.0,0.0,0.0,0.0,0.0,0.0,0.0,0.0,0.0,1
1786037839,202289581,0.0,-1.6568339506732386,-1.6291011015521448,-1.1327856222735804,-4.617758814488546,-4.890387598668234,0.5787290930747986,0.0,-0.0,0.0,0.0,0.0,0.0,0.0,0.0,0.0,0.0,0.0,0.0,1
1786037839,222544193,0.0,-1.6568458716021937,-1.6291850248919886,-1.1327975432025355,-4.6177948156939905,-4.890351716672079,0.5787410736083984,0.0,-0.0,0.0,0.0,0.0,0.0,0.0,0.0,0.0,0.0,0.0,0.0,1
1786037839,242397785,0.0,-1.6568220297442835,-1.6291487852679651,-1.132749382649557,-4.617770854626791,-4.890339676533834,0.5787410736083984,0.0,-0.0,0.0,0.0,0.0,0.0,0.0,0.0,0.0,0.0,0.0,0.0,1
1786037839,262645483,0.0,-1.6567862669574183,-1.629124943410055,-1.1328452269183558,-4.61784273782839,-4.890351716672079,0.5787171125411987,0.0,-0.0,0.0,0.0,0.0,0.0,0.0,0.0,0.0,0.0,0.0,0.0,1
1786037839,282340526,0.0,-1.6568220297442835,-1.629124943410055,-1.1328213850604456,-4.617830816899435,-4.890399638806478,0.5787290930747986,0.0,-0.0,0.0,0.0,0.0,0.0,0.0,0.0,0.0,0.0,0.0,0.0,1
1786037839,302628040,0.0,-1.6568220297442835,-1.6291850248919886,-1.1328333059894007,-4.617806855832235,-4.890375677739279,0.5786691904067993,0.0,-0.0,0.0,0.0,0.0,0.0,0.0,0.0,0.0,0.0,0.0,0.0,1
1786037839,322303533,0.0,-1.6568101088153284,-1.6291487852679651,-1.1327975432025355,-4.617758814488546,-4.890351716672079,0.5787410736083984,0.0,-0.0,0.0,0.0,0.0,0.0,0.0,0.0,0.0,0.0,0.0,0.0,1
1786037839,342520713,0.0,-1.6568339506732386,-1.6291011015521448,-1.1328094641314905,-4.617770854626791,-4.890387598668234,0.5787650346755981,0.0,-0.0,0.0,0.0,0.0,0.0,0.0,0.0,0.0,0.0,0.0,0.0,1
1786037839,362436056,0.0,-1.6568339506732386,-1.6291011015521448,-1.1328333059894007,-4.6177828947650355,-4.890399638806478,0.5787410736083984,0.0,-0.0,0.0,0.0,0.0,0.0,0.0,0.0,0.0,0.0,0.0,0.0,1
1786037839,382552385,0.0,-1.6567862669574183,-1.6290887037860315,-1.1327737013446253,-4.6177948156939905,-4.890387598668234,0.5787530541419983,0.0,-0.0,0.0,0.0,0.0,0.0,0.0,0.0,0.0,0.0,0.0,0.0,1
1786037839,402360200,0.0,-1.6568339506732386,-1.6291607061969202,-1.1328094641314905,-4.617806855832235,-4.890351716672079,0.578777015209198,0.0,-0.0,0.0,0.0,0.0,0.0,0.0,0.0,0.0,0.0,0.0,0.0,1
1786037839,422537326,0.0,-1.6568220297442835,-1.6290887037860315,-1.132749382649557,-4.6177948156939905,-4.890363637601034,0.5787051320075989,0.0,-0.0,0.0,0.0,0.0,0.0,0.0,0.0,0.0,0.0,0.0,0.0,1
1786037839,442422866,0.0,-1.6568101088153284,-1.62913686433901,-1.1327856222735804,-4.617830816899435,-4.890327755604879,0.5787051320075989,0.0,-0.0,0.0,0.0,0.0,0.0,0.0,0.0,0.0,0.0,0.0,0.0,1
1786037839,462538242,0.0,-1.6567862669574183,-1.629124943410055,-1.1327975432025355,-4.617806855832235,-4.890351716672079,0.5787051320075989,0.0,-0.0,0.0,0.0,0.0,0.0,0.0,0.0,0.0,0.0,0.0,0.0,1
1786037839,482390165,0.0,-1.6567981878863733,-1.6291726271258753,-1.1328094641314905,-4.617770854626791,-4.890412036572592,0.5787290930747986,0.0,-0.0,0.0,0.0,0.0,0.0,0.0,0.0,0.0,0.0,0.0,0.0,1
1786037839,502679109,0.0,-1.6568339506732386,-1.6291487852679651,-1.132761303578512,-4.617806855832235,-4.890375677739279,0.5787530541419983,0.0,-0.0,0.0,0.0,0.0,0.0,0.0,0.0,0.0,0.0,0.0,0.0,1
1786037839,522363901,0.0,-1.6567981878863733,-1.6291011015521448,-1.1328333059894007,-4.617806855832235,-4.890375677739279,0.5787171125411987,0.0,-0.0,0.0,0.0,0.0,0.0,0.0,0.0,0.0,0.0,0.0,0.0,1
1786037839,542553663,0.0,-1.6567862669574183,-1.6291726271258753,-1.1328213850604456,-4.617806855832235,-4.890387598668234,0.5787530541419983,0.0,-0.0,0.0,0.0,0.0,0.0,0.0,0.0,0.0,0.0,0.0,0.0,1
1786037839,562517166,0.0,-1.6568101088153284,-1.6291487852679651,-1.1327975432025355,-4.6177828947650355,-4.890399638806478,0.5787530541419983,0.0,-0.0,0.0,0.0,0.0,0.0,0.0,0.0,0.0,0.0,0.0,0.0,1
1786037839,582595586,0.0,-1.6568339506732386,-1.6291850248919886,-1.1328094641314905,-4.6177828947650355,-4.890351716672079,0.5787530541419983,0.0,-0.0,0.0,0.0,0.0,0.0,0.0,0.0,0.0,0.0,0.0,0.0,1
1786037839,602416992,0.0,-1.6567981878863733,-1.629124943410055,-1.132761303578512,-4.617770854626791,-4.890399638806478,0.5787171125411987,0.0,-0.0,0.0,0.0,0.0,0.0,0.0,0.0,0.0,0.0,0.0,0.0,1
1786037839,622525453,0.0,-1.6567981878863733,-1.6291607061969202,-1.1328094641314905,-4.617806855832235,-4.890399638806478,0.5787051320075989,0.0,-0.0,0.0,0.0,0.0,0.0,0.0,0.0,0.0,0.0,0.0,0.0,1
1786037839,642358779,0.0,-1.6568101088153284,-1.6291130224811,-1.1328333059894007,-4.61781877676119,-4.890363637601034,0.5787171125411987,0.0,-0.0,0.0,0.0,0.0,0.0,0.0,0.0,0.0,0.0,0.0,0.0,1
1786037839,662679433,0.0,-1.6567981878863733,-1.629124943410055,-1.1327856222735804,-4.617806855832235,-4.890399638806478,0.5787410736083984,0.0,-0.0,0.0,0.0,0.0,0.0,0.0,0.0,0.0,0.0,0.0,0.0,1
1786037839,682403802,0.0,-1.6568220297442835,-1.629124943410055,-1.1327856222735804,-4.6177828947650355,-4.890387598668234,0.5786691904067993,0.0,-0.0,0.0,0.0,0.0,0.0,0.0,0.0,0.0,0.0,0.0,0.0,1
1786037839,702452659,0.0,-1.6568339506732386,-1.6291850248919886,-1.1328094641314905,-4.6177948156939905,-4.890375677739279,0.5787650346755981,0.0,-0.0,0.0,0.0,0.0,0.0,0.0,0.0,0.0,0.0,0.0,0.0,1
1786037839,722561836,0.0,-1.6568458716021937,-1.6291130224811,-1.1328213850604456,-4.6177948156939905,-4.890351716672079,0.5787171125411987,0.0,-0.0,0.0,0.0,0.0,0.0,0.0,0.0,0.0,0.0,0.0,0.0,1
1786037839,742603778,0.0,-1.6568458716021937,-1.6291969458209437,-1.1328333059894007,-4.6177948156939905,-4.890351716672079,0.5787290930747986,0.0,-0.0,0.0,0.0,0.0,0.0,0.0,0.0,0.0,0.0,0.0,0.0,1
1786037839,762435913,0.0,-1.6567981878863733,-1.6291726271258753,-1.1328094641314905,-4.617806855832235,-4.890387598668234,0.5787530541419983,0.0,-0.0,0.0,0.0,0.0,0.0,0.0,0.0,0.0,0.0,0.0,0.0,1
1786037839,782504558,0.0,-1.6568101088153284,-1.629124943410055,-1.1328094641314905,-4.61784273782839,-4.890363637601034,0.5787051320075989,0.0,-0.0,0.0,0.0,0.0,0.0,0.0,0.0,0.0,0.0,0.0,0.0,1
1786037839,802392721,0.0,-1.6568339506732386,-1.6291011015521448,-1.1327975432025355,-4.617770854626791,-4.890351716672079,0.5786691904067993,0.0,-0.0,0.0,0.0,0.0,0.0,0.0,0.0,0.0,0.0,0.0,0.0,1
1786037839,822652578,0.0,-1.6567743460284632,-1.629124943410055,-1.1328094641314905,-4.617806855832235,-4.890387598668234,0.5787290930747986,0.0,-0.0,0.0,0.0,0.0,0.0,0.0,0.0,0.0,0.0,0.0,0.0,1
1786037839,842405080,0.0,-1.6568458716021937,-1.62913686433901,-1.1328333059894007,-4.617830816899435,-4.890375677739279,0.5787171125411987,0.0,-0.0,0.0,0.0,0.0,0.0,0.0,0.0,0.0,0.0,0.0,0.0,1
1786037839,862449407,0.0,-1.65676194826235,-1.6291969458209437,-1.132749382649557,-4.61781877676119,-4.890375677739279,0.5787290930747986,0.0,-0.0,0.0,0.0,0.0,0.0,0.0,0.0,0.0,0.0,0.0,0.0,1
1786037839,882448673,0.0,-1.6567981878863733,-1.6291487852679651,-1.1328333059894007,-4.617830816899435,-4.890387598668234,0.5787410736083984,0.0,-0.0,0.0,0.0,0.0,0.0,0.0,0.0,0.0,0.0,0.0,0.0,1
1786037839,902552604,0.0,-1.6568101088153284,-1.62913686433901,-1.1328213850604456,-4.6177948156939905,-4.890351716672079,0.5787290930747986,0.0,-0.0,0.0,0.0,0.0,0.0,0.0,0.0,0.0,0.0,0.0,0.0,1
1786037839,922402620,0.0,-1.6568458716021937,-1.6291850248919886,-1.1327856222735804,-4.6177348534213465,-4.890363637601034,0.5787530541419983,0.0,-0.0,0.0,0.0,0.0,0.0,0.0,0.0,0.0,0.0,0.0,0.0,1
1786037839,942507505,0.0,-1.6568339506732386,-1.6291726271258753,-1.1327975432025355,-4.617758814488546,-4.890399638806478,0.5787410736083984,0.0,-0.0,0.0,0.0,0.0,0.0,0.0,0.0,0.0,0.0,0.0,0.0,1
1786037839,962350130,0.0,-1.6568339506732386,-1.6291726271258753,-1.1328094641314905,-4.6177948156939905,-4.890412036572592,0.5787410736083984,0.0,-0.0,0.0,0.0,0.0,0.0,0.0,0.0,0.0,0.0,0.0,0.0,1
1786037839,982583284,0.0,-1.6568339506732386,-1.6291487852679651,-1.132761303578512,-4.617806855832235,-4.890399638806478,0.5787650346755981,0.0,-0.0,0.0,0.0,0.0,0.0,0.0,0.0,0.0,0.0,0.0,0.0,1
1786037840,2339124,0.0,-1.6568339506732386,-1.629124943410055,-1.132761303578512,-4.61781877676119,-4.890363637601034,0.5787410736083984,0.0,-0.0,0.0,0.0,0.0,0.0,0.0,0.0,0.0,0.0,0.0,0.0,1
1786037840,22444248,0.0,-1.6568101088153284,-1.6291130224811,-1.1328333059894007,-4.6177828947650355,-4.890363637601034,0.5787290930747986,0.0,-0.0,0.0,0.0,0.0,0.0,0.0,0.0,0.0,0.0,0.0,0.0,1
1786037840,42447090,0.0,-1.6567981878863733,-1.6291607061969202,-1.1328094641314905,-4.6177348534213465,-4.890387598668234,0.5787290930747986,0.0,-0.0,0.0,0.0,0.0,0.0,0.0,0.0,0.0,0.0,0.0,0.0,1
1786037840,62530279,0.0,-1.656858269368307,-1.62913686433901,-1.1327737013446253,-4.617806855832235,-4.890387598668234,0.5787171125411987,0.0,-0.0,0.0,0.0,0.0,0.0,0.0,0.0,0.0,0.0,0.0,0.0,1
1786037840,82461833,0.0,-1.6567981878863733,-1.629124943410055,-1.1327975432025355,-4.6177828947650355,-4.890387598668234,0.5787290930747986,0.0,-0.0,0.0,0.0,0.0,0.0,0.0,0.0,0.0,0.0,0.0,0.0,1
1786037840,102548360,0.0,-1.6568220297442835,-1.6291726271258753,-1.132761303578512,-4.617830816899435,-4.890387598668234,0.5787171125411987,0.0,-0.0,0.0,0.0,0.0,0.0,0.0,0.0,0.0,0.0,0.0,0.0,1
1786037840,122343778,0.0,-1.6567981878863733,-1.6291011015521448,-1.1327737013446253,-4.6177948156939905,-4.890375677739279,0.5787530541419983,0.0,-0.0,0.0,0.0,0.0,0.0,0.0,0.0,0.0,0.0,0.0,0.0,1
1786037840,142449140,0.0,-1.6568339506732386,-1.6291130224811,-1.1328452269183558,-4.6177828947650355,-4.890375677739279,0.578693151473999,0.0,-0.0,0.0,0.0,0.0,0.0,0.0,0.0,0.0,0.0,0.0,0.0,1
1786037840,162383317,0.0,-1.6568220297442835,-1.6291850248919886,-1.1327856222735804,-4.6177828947650355,-4.890351716672079,0.5787171125411987,0.0,-0.0,0.0,0.0,0.0,0.0,0.0,0.0,0.0,0.0,0.0,0.0,1
1786037840,182558298,0.0,-1.6567743460284632,-1.62913686433901,-1.1327737013446253,-4.617770854626791,-4.890351716672079,0.5787530541419983,0.0,-0.0,0.0,0.0,0.0,0.0,0.0,0.0,0.0,0.0,0.0,0.0,1
1786037840,202339887,0.0,-1.6567862669574183,-1.6290772596942347,-1.1327737013446253,-4.6177948156939905,-4.890375677739279,0.5787171125411987,0.0,-0.0,0.0,0.0,0.0,0.0,0.0,0.0,0.0,0.0,0.0,0.0,1
1786037840,222556352,0.0,-1.6568220297442835,-1.6291130224811,-1.1327737013446253,-4.6177828947650355,-4.890387598668234,0.578777015209198,0.0,-0.0,0.0,0.0,0.0,0.0,0.0,0.0,0.0,0.0,0.0,0.0,1
1786037840,242348194,0.0,-1.6567981878863733,-1.6291607061969202,-1.132761303578512,-4.617806855832235,-4.890351716672079,0.5787290930747986,0.0,-0.0,0.0,0.0,0.0,0.0,0.0,0.0,0.0,0.0,0.0,0.0,1
1786037840,262565135,0.0,-1.6568220297442835,-1.6291130224811,-1.1327856222735804,-4.617758814488546,-4.890375677739279,0.5787530541419983,0.0,-0.0,0.0,0.0,0.0,0.0,0.0,0.0,0.0,0.0,0.0,0.0,1
1786037840,282402276,0.0,-1.6567743460284632,-1.6291726271258753,-1.1328094641314905,-4.617758814488546,-4.890375677739279,0.5787171125411987,0.0,-0.0,0.0,0.0,0.0,0.0,0.0,0.0,0.0,0.0,0.0,0.0,1
1786037840,302517652,0.0,-1.6568339506732386,-1.629124943410055,-1.132761303578512,-4.617770854626791,-4.890327755604879,0.5787290930747986,0.0,-0.0,0.0,0.0,0.0,0.0,0.0,0.0,0.0,0.0,0.0,0.0,1
1786037840,322436094,0.0,-1.6567862669574183,-1.62913686433901,-1.132749382649557,-4.617770854626791,-4.890387598668234,0.5787650346755981,0.0,-0.0,0.0,0.0,0.0,0.0,0.0,0.0,0.0,0.0,0.0,0.0,1
1786037840,342616081,0.0,-1.6567743460284632,-1.6291726271258753,-1.132761303578512,-4.61784273782839,-4.890387598668234,0.5787171125411987,0.0,-0.0,0.0,0.0,0.0,0.0,0.0,0.0,0.0,0.0,0.0,0.0,1
1786037840,362366914,0.0,-1.656870190297262,-1.6291969458209437,-1.1328094641314905,-4.6177828947650355,-4.890375677739279,0.5787290930747986,0.0,-0.0,0.0,0.0,0.0,0.0,0.0,0.0,0.0,0.0,0.0,0.0,1
1786037840,382555246,0.0,-1.6567862669574183,-1.629124943410055,-1.132761303578512,-4.617770854626791,-4.890351716672079,0.5786691904067993,0.0,-0.0,0.0,0.0,0.0,0.0,0.0,0.0,0.0,0.0,0.0,0.0,1
1786037840,402352094,0.0,-1.6568339506732386,-1.6291487852679651,-1.1328814665423792,-4.617746893559591,-4.890375677739279,0.578777015209198,0.0,-0.0,0.0,0.0,0.0,0.0,0.0,0.0,0.0,0.0,0.0,0.0,1
1786037840,422562837,0.0,-1.6568339506732386,-1.6291607061969202,-1.1327856222735804,-4.61781877676119,-4.890351716672079,0.5786691904067993,0.0,-0.0,0.0,0.0,0.0,0.0,0.0,0.0,0.0,0.0,0.0,0.0,1
1786037840,442306280,0.0,-1.6568339506732386,-1.6291487852679651,-1.1327975432025355,-4.617806855832235,-4.890351716672079,0.5786691904067993,0.0,-0.0,0.0,0.0,0.0,0.0,0.0,0.0,0.0,0.0,0.0,0.0,1
1786037840,462686777,0.0,-1.6568101088153284,-1.6291011015521448,-1.1328094641314905,-4.6177948156939905,-4.890363637601034,0.578693151473999,0.0,-0.0,0.0,0.0,0.0,0.0,0.0,0.0,0.0,0.0,0.0,0.0,1
1786037840,482396602,0.0,-1.6568101088153284,-1.6291487852679651,-1.1327856222735804,-4.617758814488546,-4.890351716672079,0.5787171125411987,0.0,-0.0,0.0,0.0,0.0,0.0,0.0,0.0,0.0,0.0,0.0,0.0,1
1786037840,502593755,0.0,-1.656858269368307,-1.6291969458209437,-1.1328333059894007,-4.6177828947650355,-4.890412036572592,0.5787051320075989,0.0,-0.0,0.0,0.0,0.0,0.0,0.0,0.0,0.0,0.0,0.0,0.0,1
1786037840,522404432,0.0,-1.6567981878863733,-1.6291130224811,-1.1327737013446253,-4.617770854626791,-4.890399638806478,0.5787171125411987,0.0,-0.0,0.0,0.0,0.0,0.0,0.0,0.0,0.0,0.0,0.0,0.0,1
1786037840,542428493,0.0,-1.6568220297442835,-1.629124943410055,-1.1328094641314905,-4.617758814488546,-4.890363637601034,0.5787171125411987,0.0,-0.0,0.0,0.0,0.0,0.0,0.0,0.0,0.0,0.0,0.0,0.0,1
1786037840,562361240,0.0,-1.6568101088153284,-1.6291011015521448,-1.1327975432025355,-4.6177948156939905,-4.890387598668234,0.5787171125411987,0.0,-0.0,0.0,0.0,0.0,0.0,0.0,0.0,0.0,0.0,0.0,0.0,1
1786037840,582443475,0.0,-1.6568339506732386,-1.6291487852679651,-1.1327975432025355,-4.617758814488546,-4.890387598668234,0.5787410736083984,0.0,-0.0,0.0,0.0,0.0,0.0,0.0,0.0,0.0,0.0,0.0,0.0,1
1786037840,602356672,0.0,-1.6567862669574183,-1.62913686433901,-1.1327975432025355,-4.61784273782839,-4.890387598668234,0.5787290930747986,0.0,-0.0,0.0,0.0,0.0,0.0,0.0,0.0,0.0,0.0,0.0,0.0,1
1786037840,622550010,0.0,-1.6568220297442835,-1.6291607061969202,-1.1327975432025355,-4.61781877676119,-4.890339676533834,0.5787051320075989,0.0,-0.0,0.0,0.0,0.0,0.0,0.0,0.0,0.0,0.0,0.0,0.0,1
1786037840,642420053,0.0,-1.6568220297442835,-1.62913686433901,-1.1328094641314905,-4.617830816899435,-4.890423957501547,0.5787650346755981,0.0,-0.0,0.0,0.0,0.0,0.0,0.0,0.0,0.0,0.0,0.0,0.0,1
1786037840,662522077,0.0,-1.6568220297442835,-1.62913686433901,-1.1327737013446253,-4.61781877676119,-4.890412036572592,0.5787051320075989,0.0,-0.0,0.0,0.0,0.0,0.0,0.0,0.0,0.0,0.0,0.0,0.0,1
1786037840,682412147,0.0,-1.6568825880633753,-1.6291850248919886,-1.1328452269183558,-4.617830816899435,-4.890375677739279,0.5787650346755981,0.0,-0.0,0.0,0.0,0.0,0.0,0.0,0.0,0.0,0.0,0.0,0.0,1
1786037840,702628850,0.0,-1.6567743460284632,-1.6291011015521448,-1.1327856222735804,-4.6177828947650355,-4.890412036572592,0.5787530541419983,0.0,-0.0,0.0,0.0,0.0,0.0,0.0,0.0,0.0,0.0,0.0,0.0,1
1786037840,722441911,0.0,-1.6567981878863733,-1.6291850248919886,-1.1328213850604456,-4.61781877676119,-4.890339676533834,0.5787530541419983,0.0,-0.0,0.0,0.0,0.0,0.0,0.0,0.0,0.0,0.0,0.0,0.0,1
1786037840,742516279,0.0,-1.6568101088153284,-1.6291850248919886,-1.1327975432025355,-4.617770854626791,-4.890423957501547,0.578693151473999,0.0,-0.0,0.0,0.0,0.0,0.0,0.0,0.0,0.0,0.0,0.0,0.0,1
1786037840,762775659,0.0,-1.6568220297442835,-1.6290772596942347,-1.1328213850604456,-4.61784273782839,-4.890375677739279,0.5787051320075989,0.0,-0.0,0.0,0.0,0.0,0.0,0.0,0.0,0.0,0.0,0.0,0.0,1
1786037840,782460689,0.0,-1.6568339506732386,-1.6291487852679651,-1.1328333059894007,-4.6177828947650355,-4.890375677739279,0.5786811709403992,0.0,-0.0,0.0,0.0,0.0,0.0,0.0,0.0,0.0,0.0,0.0,0.0,1
1786037840,802273035,0.0,-1.6568220297442835,-1.6291850248919886,-1.1327737013446253,-4.617770854626791,-4.890387598668234,0.5787530541419983,0.0,-0.0,0.0,0.0,0.0,0.0,0.0,0.0,0.0,0.0,0.0,0.0,1
1786037840,822553873,0.0,-1.6568825880633753,-1.6291726271258753,-1.132761303578512,-4.6177948156939905,-4.890399638806478,0.5787290930747986,0.0,-0.0,0.0,0.0,0.0,0.0,0.0,0.0,0.0,0.0,0.0,0.0,1
1786037840,842375993,0.0,-1.6567981878863733,-1.6291607061969202,-1.1327975432025355,-4.61781877676119,-4.890375677739279,0.578693151473999,0.0,-0.0,0.0,0.0,0.0,0.0,0.0,0.0,0.0,0.0,0.0,0.0,1
1786037840,862554550,0.0,-1.6567862669574183,-1.62913686433901,-1.1328213850604456,-4.617830816899435,-4.890351716672079,0.5787530541419983,0.0,-0.0,0.0,0.0,0.0,0.0,0.0,0.0,0.0,0.0,0.0,0.0,1
1786037840,882533311,0.0,-1.6568101088153284,-1.6291130224811,-1.132857624684469,-4.617770854626791,-4.890375677739279,0.5787290930747986,0.0,-0.0,0.0,0.0,0.0,0.0,0.0,0.0,0.0,0.0,0.0,0.0,1
1786037840,902554273,0.0,-1.6568101088153284,-1.6291969458209437,-1.132761303578512,-4.61784273782839,-4.890339676533834,0.5787290930747986,0.0,-0.0,0.0,0.0,0.0,0.0,0.0,0.0,0.0,0.0,0.0,0.0,1
1786037840,922457695,0.0,-1.6568220297442835,-1.6291850248919886,-1.1327856222735804,-4.617770854626791,-4.890399638806478,0.5787530541419983,0.0,-0.0,0.0,0.0,0.0,0.0,0.0,0.0,0.0,0.0,0.0,0.0,1
1786037840,942631006,0.0,-1.6567862669574183,-1.629124943410055,-1.132761303578512,-4.617806855832235,-4.890363637601034,0.5786811709403992,0.0,-0.0,0.0,0.0,0.0,0.0,0.0,0.0,0.0,0.0,0.0,0.0,1
1786037840,962534427,0.0,-1.6568458716021937,-1.6291011015521448,-1.1327737013446253,-4.6177828947650355,-4.890412036572592,0.578693151473999,0.0,-0.0,0.0,0.0,0.0,0.0,0.0,0.0,0.0,0.0,0.0,0.0,1
1786037840,982450008,0.0,-1.6568101088153284,-1.6291487852679651,-1.1328094641314905,-4.617770854626791,-4.890399638806478,0.5787171125411987,0.0,-0.0,0.0,0.0,0.0,0.0,0.0,0.0,0.0,0.0,0.0,0.0,1
1786037841,2372026,0.0,-1.6567981878863733,-1.6291850248919886,-1.1328333059894007,-4.617806855832235,-4.890387598668234,0.5787290930747986,0.0,-0.0,0.0,0.0,0.0,0.0,0.0,0.0,0.0,0.0,0.0,0.0,1
1786037841,22552251,0.0,-1.656858269368307,-1.6291969458209437,-1.1327856222735804,-4.61781877676119,-4.890363637601034,0.5787290930747986,0.0,-0.0,0.0,0.0,0.0,0.0,0.0,0.0,0.0,0.0,0.0,0.0,1
1786037841,42415618,0.0,-1.6568339506732386,-1.6291130224811,-1.1328333059894007,-4.617770854626791,-4.890351716672079,0.5787530541419983,0.0,-0.0,0.0,0.0,0.0,0.0,0.0,0.0,0.0,0.0,0.0,0.0,1
1786037841,62537908,0.0,-1.6568101088153284,-1.62913686433901,-1.1327856222735804,-4.6177828947650355,-4.890412036572592,0.578693151473999,0.0,-0.0,0.0,0.0,0.0,0.0,0.0,0.0,0.0,0.0,0.0,0.0,1
1786037841,82451105,0.0,-1.6568339506732386,-1.6291487852679651,-1.1328213850604456,-4.617806855832235,-4.890387598668234,0.5787171125411987,0.0,-0.0,0.0,0.0,0.0,0.0,0.0,0.0,0.0,0.0,0.0,0.0,1
1786037841,102595567,0.0,-1.6567981878863733,-1.6291850248919886,-1.1327737013446253,-4.617770854626791,-4.890363637601034,0.5787171125411987,0.0,-0.0,0.0,0.0,0.0,0.0,0.0,0.0,0.0,0.0,0.0,0.0,1
1786037841,122341394,0.0,-1.6567743460284632,-1.6291726271258753,-1.1328213850604456,-4.617806855832235,-4.890399638806478,0.5787410736083984,0.0,-0.0,0.0,0.0,0.0,0.0,0.0,0.0,0.0,0.0,0.0,0.0,1
1786037841,142451286,0.0,-1.6568220297442835,-1.629124943410055,-1.132761303578512,-4.61781877676119,-4.890351716672079,0.5787530541419983,0.0,-0.0,0.0,0.0,0.0,0.0,0.0,0.0,0.0,0.0,0.0,0.0,1
1786037841,162523031,0.0,-1.6568339506732386,-1.6291130224811,-1.132761303578512,-4.617770854626791,-4.890339676533834,0.5787530541419983,0.0,-0.0,0.0,0.0,0.0,0.0,0.0,0.0,0.0,0.0,0.0,0.0,1
1786037841,182631731,0.0,-1.6568220297442835,-1.6291130224811,-1.1328094641314905,-4.61781877676119,-4.890351716672079,0.5787171125411987,0.0,-0.0,0.0,0.0,0.0,0.0,0.0,0.0,0.0,0.0,0.0,0.0,1
1786037841,202371597,0.0,-1.6567981878863733,-1.62913686433901,-1.1328213850604456,-4.617746893559591,-4.890375677739279,0.5787410736083984,0.0,-0.0,0.0,0.0,0.0,0.0,0.0,0.0,0.0,0.0,0.0,0.0,1
1786037841,222585678,0.0,-1.656858269368307,-1.6291607061969202,-1.1328094641314905,-4.6177948156939905,-4.890351716672079,0.5787530541419983,0.0,-0.0,0.0,0.0,0.0,0.0,0.0,0.0,0.0,0.0,0.0,0.0,1
1786037841,242392301,0.0,-1.65676194826235,-1.6291850248919886,-1.1328094641314905,-4.617770854626791,-4.890399638806478,0.5787051320075989,0.0,-0.0,0.0,0.0,0.0,0.0,0.0,0.0,0.0,0.0,0.0,0.0,1
1786037841,262508392,0.0,-1.6568101088153284,-1.6291130224811,-1.1327975432025355,-4.6177828947650355,-4.890363637601034,0.5787171125411987,0.0,-0.0,0.0,0.0,0.0,0.0,0.0,0.0,0.0,0.0,0.0,0.0,1
1786037841,282381534,0.0,-1.6567981878863733,-1.6291011015521448,-1.1327975432025355,-4.6177948156939905,-4.890387598668234,0.578693151473999,0.0,-0.0,0.0,0.0,0.0,0.0,0.0,0.0,0.0,0.0,0.0,0.0,1
1786037841,302462100,0.0,-1.656858269368307,-1.62913686433901,-1.1328452269183558,-4.617806855832235,-4.890363637601034,0.578693151473999,0.0,-0.0,0.0,0.0,0.0,0.0,0.0,0.0,0.0,0.0,0.0,0.0,1
1786037841,322430133,0.0,-1.6568220297442835,-1.6291011015521448,-1.132749382649557,-4.617770854626791,-4.890387598668234,0.5787410736083984,0.0,-0.0,0.0,0.0,0.0,0.0,0.0,0.0,0.0,0.0,0.0,0.0,1
1786037841,342549085,0.0,-1.6568101088153284,-1.62913686433901,-1.1328094641314905,-4.61784273782839,-4.890375677739279,0.5787889957427979,0.0,-0.0,0.0,0.0,0.0,0.0,0.0,0.0,0.0,0.0,0.0,0.0,1
1786037841,362382650,0.0,-1.6568339506732386,-1.629124943410055,-1.1327975432025355,-4.61781877676119,-4.890387598668234,0.5787530541419983,0.0,-0.0,0.0,0.0,0.0,0.0,0.0,0.0,0.0,0.0,0.0,0.0,1
1786037841,382613897,0.0,-1.6568339506732386,-1.62913686433901,-1.1328094641314905,-4.617806855832235,-4.890363637601034,0.5787171125411987,0.0,-0.0,0.0,0.0,0.0,0.0,0.0,0.0,0.0,0.0,0.0,0.0,1
1786037841,402338504,0.0,-1.6568458716021937,-1.6291487852679651,-1.1327856222735804,-4.6177828947650355,-4.890387598668234,0.5787051320075989,0.0,-0.0,0.0,0.0,0.0,0.0,0.0,0.0,0.0,0.0,0.0,0.0,1
1786037841,422590017,0.0,-1.6567862669574183,-1.62913686433901,-1.1328452269183558,-4.61781877676119,-4.890423957501547,0.578693151473999,0.0,-0.0,0.0,0.0,0.0,0.0,0.0,0.0,0.0,0.0,0.0,0.0,1
1786037841,442355394,0.0,-1.6568220297442835,-1.6291607061969202,-1.1328452269183558,-4.617770854626791,-4.890339676533834,0.5787530541419983,0.0,-0.0,0.0,0.0,0.0,0.0,0.0,0.0,0.0,0.0,0.0,0.0,1
1786037841,462598085,0.0,-1.6568220297442835,-1.6291487852679651,-1.1328452269183558,-4.61781877676119,-4.890351716672079,0.5787290930747986,0.0,-0.0,0.0,0.0,0.0,0.0,0.0,0.0,0.0,0.0,0.0,0.0,1
1786037841,482371091,0.0,-1.6568101088153284,-1.6291130224811,-1.132857624684469,-4.617806855832235,-4.890351716672079,0.5787650346755981,0.0,-0.0,0.0,0.0,0.0,0.0,0.0,0.0,0.0,0.0,0.0,0.0,1
1786037841,502440690,0.0,-1.6568220297442835,-1.6291487852679651,-1.1327975432025355,-4.61784273782839,-4.890387598668234,0.5787290930747986,0.0,-0.0,0.0,0.0,0.0,0.0,0.0,0.0,0.0,0.0,0.0,0.0,1
1786037841,522405147,0.0,-1.6567981878863733,-1.6291487852679651,-1.1328213850604456,-4.6177948156939905,-4.890412036572592,0.5787290930747986,0.0,-0.0,0.0,0.0,0.0,0.0,0.0,0.0,0.0,0.0,0.0,0.0,1
1786037841,542523860,0.0,-1.6567862669574183,-1.6291607061969202,-1.1328213850604456,-4.617758814488546,-4.890351716672079,0.5787410736083984,0.0,-0.0,0.0,0.0,0.0,0.0,0.0,0.0,0.0,0.0,0.0,0.0,1
1786037841,562365770,0.0,-1.6568220297442835,-1.6291011015521448,-1.1328094641314905,-4.61781877676119,-4.890375677739279,0.5787410736083984,0.0,-0.0,0.0,0.0,0.0,0.0,0.0,0.0,0.0,0.0,0.0,0.0,1
1786037841,582457780,0.0,-1.6568101088153284,-1.62913686433901,-1.1328094641314905,-4.6177948156939905,-4.890412036572592,0.5788009762763977,0.0,-0.0,0.0,0.0,0.0,0.0,0.0,0.0,0.0,0.0,0.0,0.0,1
1786037841,602450847,0.0,-1.6568220297442835,-1.6290887037860315,-1.1328094641314905,-4.617770854626791,-4.890363637601034,0.5787171125411987,0.0,-0.0,0.0,0.0,0.0,0.0,0.0,0.0,0.0,0.0,0.0,0.0,1
1786037841,622458696,0.0,-1.6568458716021937,-1.6291607061969202,-1.1328094641314905,-4.617770854626791,-4.890327755604879,0.5787530541419983,0.0,-0.0,0.0,0.0,0.0,0.0,0.0,0.0,0.0,0.0,0.0,0.0,1
1786037841,642355442,0.0,-1.656858269368307,-1.6290887037860315,-1.1327975432025355,-4.617746893559591,-4.890339676533834,0.578693151473999,0.0,-0.0,0.0,0.0,0.0,0.0,0.0,0.0,0.0,0.0,0.0,0.0,1
1786037841,662684917,0.0,-1.6568458716021937,-1.62913686433901,-1.1328094641314905,-4.617806855832235,-4.890339676533834,0.578693151473999,0.0,-0.0,0.0,0.0,0.0,0.0,0.0,0.0,0.0,0.0,0.0,0.0,1
1786037841,682393789,0.0,-1.6568458716021937,-1.6291487852679651,-1.132761303578512,-4.617758814488546,-4.890375677739279,0.5787051320075989,0.0,-0.0,0.0,0.0,0.0,0.0,0.0,0.0,0.0,0.0,0.0,0.0,1
1786037841,702542066,0.0,-1.6568220297442835,-1.6291130224811,-1.1327975432025355,-4.617770854626791,-4.890375677739279,0.5787051320075989,0.0,-0.0,0.0,0.0,0.0,0.0,0.0,0.0,0.0,0.0,0.0,0.0,1
1786037841,722445487,0.0,-1.6568220297442835,-1.62913686433901,-1.1328094641314905,-4.6177948156939905,-4.890363637601034,0.5787410736083984,0.0,-0.0,0.0,0.0,0.0,0.0,0.0,0.0,0.0,0.0,0.0,0.0,1
1786037841,742445230,0.0,-1.6568220297442835,-1.6291487852679651,-1.1327975432025355,-4.617770854626791,-4.890327755604879,0.5787051320075989,0.0,-0.0,0.0,0.0,0.0,0.0,0.0,0.0,0.0,0.0,0.0,0.0,1
1786037841,762358427,0.0,-1.6567862669574183,-1.629124943410055,-1.1327975432025355,-4.6177948156939905,-4.890399638806478,0.5787410736083984,0.0,-0.0,0.0,0.0,0.0,0.0,0.0,0.0,0.0,0.0,0.0,0.0,1
1786037841,782578945,0.0,-1.6568101088153284,-1.6291607061969202,-1.1327737013446253,-4.6177948156939905,-4.890351716672079,0.5787410736083984,0.0,-0.0,0.0,0.0,0.0,0.0,0.0,0.0,0.0,0.0,0.0,0.0,1
1786037841,802343845,0.0,-1.6568101088153284,-1.6291607061969202,-1.1327975432025355,-4.61781877676119,-4.890363637601034,0.5787171125411987,0.0,-0.0,0.0,0.0,0.0,0.0,0.0,0.0,0.0,0.0,0.0,0.0,1
1786037841,822555303,0.0,-1.6567862669574183,-1.6291726271258753,-1.1328094641314905,-4.61781877676119,-4.890399638806478,0.5787051320075989,0.0,-0.0,0.0,0.0,0.0,0.0,0.0,0.0,0.0,0.0,0.0,0.0,1
1786037841,842309236,0.0,-1.656870190297262,-1.6291130224811,-1.1328094641314905,-4.6177948156939905,-4.890387598668234,0.5787530541419983,0.0,-0.0,0.0,0.0,0.0,0.0,0.0,0.0,0.0,0.0,0.0,0.0,1
1786037841,862630367,0.0,-1.6567981878863733,-1.6291011015521448,-1.1328094641314905,-4.6177828947650355,-4.890351716672079,0.5786811709403992,0.0,-0.0,0.0,0.0,0.0,0.0,0.0,0.0,0.0,0.0,0.0,0.0,1
1786037841,882445812,0.0,-1.6567862669574183,-1.6291487852679651,-1.1328094641314905,-4.617770854626791,-4.890339676533834,0.5787290930747986,0.0,-0.0,0.0,0.0,0.0,0.0,0.0,0.0,0.0,0.0,0.0,0.0,1
1786037841,902497768,0.0,-1.6567862669574183,-1.6291130224811,-1.1327975432025355,-4.617806855832235,-4.890399638806478,0.5786572098731995,0.0,-0.0,0.0,0.0,0.0,0.0,0.0,0.0,0.0,0.0,0.0,0.0,1
1786037841,922404766,0.0,-1.6568339506732386,-1.629124943410055,-1.1327737013446253,-4.6177348534213465,-4.890387598668234,0.5787650346755981,0.0,-0.0,0.0,0.0,0.0,0.0,0.0,0.0,0.0,0.0,0.0,0.0,1
1786037841,942441701,0.0,-1.6567981878863733,-1.6291607061969202,-1.1328094641314905,-4.61781877676119,-4.890375677739279,0.5787530541419983,0.0,-0.0,0.0,0.0,0.0,0.0,0.0,0.0,0.0,0.0,0.0,0.0,1
1786037841,962400436,0.0,-1.656858269368307,-1.6292207876788538,-1.1327856222735804,-4.6177828947650355,-4.890423957501547,0.5787051320075989,0.0,-0.0,0.0,0.0,0.0,0.0,0.0,0.0,0.0,0.0,0.0,0.0,1
1786037841,982448101,0.0,-1.6567981878863733,-1.6291487852679651,-1.1327737013446253,-4.6177948156939905,-4.890351716672079,0.5787171125411987,0.0,-0.0,0.0,0.0,0.0,0.0,0.0,0.0,0.0,0.0,0.0,0.0,1
1786037842,2376079,0.0,-1.6567862669574183,-1.6291607061969202,-1.1328094641314905,-4.617806855832235,-4.890339676533834,0.5787171125411987,0.0,-0.0,0.0,0.0,0.0,0.0,0.0,0.0,0.0,0.0,0.0,0.0,1
1786037842,22622346,0.0,-1.6567981878863733,-1.6291130224811,-1.1328213850604456,-4.6177828947650355,-4.890351716672079,0.5787530541419983,0.0,-0.0,0.0,0.0,0.0,0.0,0.0,0.0,0.0,0.0,0.0,0.0,1
1786037842,42374849,0.0,-1.656858269368307,-1.6291487852679651,-1.132761303578512,-4.617806855832235,-4.890375677739279,0.5787051320075989,0.0,-0.0,0.0,0.0,0.0,0.0,0.0,0.0,0.0,0.0,0.0,0.0,1
1786037842,62614202,0.0,-1.6567981878863733,-1.6291726271258753,-1.1328094641314905,-4.61784273782839,-4.890387598668234,0.5787290930747986,0.0,-0.0,0.0,0.0,0.0,0.0,0.0,0.0,0.0,0.0,0.0,0.0,1
1786037842,82304716,0.0,-1.6568101088153284,-1.6291130224811,-1.1327737013446253,-4.617806855832235,-4.890363637601034,0.5787171125411987,0.0,-0.0,0.0,0.0,0.0,0.0,0.0,0.0,0.0,0.0,0.0,0.0,1
1786037842,102676630,0.0,-1.65676194826235,-1.62913686433901,-1.1328333059894007,-4.617854777966635,-4.890363637601034,0.578693151473999,0.0,-0.0,0.0,0.0,0.0,0.0,0.0,0.0,0.0,0.0,0.0,0.0,1
1786037842,122350931,0.0,-1.6567743460284632,-1.6291726271258753,-1.1328333059894007,-4.6177828947650355,-4.890399638806478,0.5787051320075989,0.0,-0.0,0.0,0.0,0.0,0.0,0.0,0.0,0.0,0.0,0.0,0.0,1
1786037842,142538547,0.0,-1.6567862669574183,-1.62913686433901,-1.1328213850604456,-4.617806855832235,-4.890387598668234,0.5787051320075989,0.0,-0.0,0.0,0.0,0.0,0.0,0.0,0.0,0.0,0.0,0.0,0.0,1
1786037842,162409782,0.0,-1.6567981878863733,-1.62913686433901,-1.1328333059894007,-4.617746893559591,-4.890363637601034,0.5787051320075989,0.0,-0.0,0.0,0.0,0.0,0.0,0.0,0.0,0.0,0.0,0.0,0.0,1
1786037842,182564258,0.0,-1.6568220297442835,-1.62913686433901,-1.1327975432025355,-4.61781877676119,-4.890363637601034,0.5787171125411987,0.0,-0.0,0.0,0.0,0.0,0.0,0.0,0.0,0.0,0.0,0.0,0.0,1
1786037842,202391624,0.0,-1.6567981878863733,-1.6291487852679651,-1.1328213850604456,-4.617830816899435,-4.890387598668234,0.5787051320075989,0.0,-0.0,0.0,0.0,0.0,0.0,0.0,0.0,0.0,0.0,0.0,0.0,1
1786037842,222566604,0.0,-1.6568101088153284,-1.6291130224811,-1.1328333059894007,-4.617770854626791,-4.890387598668234,0.578693151473999,0.0,-0.0,0.0,0.0,0.0,0.0,0.0,0.0,0.0,0.0,0.0,0.0,1
1786037842,242347955,0.0,-1.6567381064044397,-1.6291607061969202,-1.1328094641314905,-4.61781877676119,-4.890351716672079,0.5787171125411987,0.0,-0.0,0.0,0.0,0.0,0.0,0.0,0.0,0.0,0.0,0.0,0.0,1
1786037842,262617111,0.0,-1.6568458716021937,-1.6290887037860315,-1.132761303578512,-4.6177948156939905,-4.890363637601034,0.5787290930747986,0.0,-0.0,0.0,0.0,0.0,0.0,0.0,0.0,0.0,0.0,0.0,0.0,1
1786037842,282526493,0.0,-1.6568101088153284,-1.62913686433901,-1.1328094641314905,-4.6177948156939905,-4.890375677739279,0.5786811709403992,0.0,-0.0,0.0,0.0,0.0,0.0,0.0,0.0,0.0,0.0,0.0,0.0,1
1786037842,302512884,0.0,-1.656858269368307,-1.6291607061969202,-1.1328213850604456,-4.6177828947650355,-4.890399638806478,0.5787290930747986,0.0,-0.0,0.0,0.0,0.0,0.0,0.0,0.0,0.0,0.0,0.0,0.0,1
1786037842,322428941,0.0,-1.6568339506732386,-1.6291487852679651,-1.1327975432025355,-4.6177948156939905,-4.890351716672079,0.578693151473999,0.0,-0.0,0.0,0.0,0.0,0.0,0.0,0.0,0.0,0.0,0.0,0.0,1
1786037842,342664480,0.0,-1.6567981878863733,-1.6291487852679651,-1.1328213850604456,-4.617770854626791,-4.890375677739279,0.5787650346755981,0.0,-0.0,0.0,0.0,0.0,0.0,0.0,0.0,0.0,0.0,0.0,0.0,1
1786037842,362507581,0.0,-1.6568101088153284,-1.62913686433901,-1.1328213850604456,-4.617806855832235,-4.890399638806478,0.5787530541419983,0.0,-0.0,0.0,0.0,0.0,0.0,0.0,0.0,0.0,0.0,0.0,0.0,1
1786037842,382515192,0.0,-1.6567981878863733,-1.62913686433901,-1.1328094641314905,-4.6177948156939905,-4.890351716672079,0.5786691904067993,0.0,-0.0,0.0,0.0,0.0,0.0,0.0,0.0,0.0,0.0,0.0,0.0,1
1786037842,402366876,0.0,-1.6568339506732386,-1.6291850248919886,-1.1328213850604456,-4.617770854626791,-4.890375677739279,0.5787650346755981,0.0,-0.0,0.0,0.0,0.0,0.0,0.0,0.0,0.0,0.0,0.0,0.0,1
1786037842,422663927,0.0,-1.6568220297442835,-1.629124943410055,-1.1328213850604456,-4.6177948156939905,-4.890339676533834,0.5787530541419983,0.0,-0.0,0.0,0.0,0.0,0.0,0.0,0.0,0.0,0.0,0.0,0.0,1
1786037842,442431688,0.0,-1.6568101088153284,-1.6291726271258753,-1.1328452269183558,-4.61781877676119,-4.890387598668234,0.5787171125411987,0.0,-0.0,0.0,0.0,0.0,0.0,0.0,0.0,0.0,0.0,0.0,0.0,1
1786037842,462621450,0.0,-1.6567862669574183,-1.6291487852679651,-1.1328333059894007,-4.617758814488546,-4.890375677739279,0.578693151473999,0.0,-0.0,0.0,0.0,0.0,0.0,0.0,0.0,0.0,0.0,0.0,0.0,1
1786037842,482393264,0.0,-1.6568101088153284,-1.62913686433901,-1.1327975432025355,-4.61781877676119,-4.890363637601034,0.5787051320075989,0.0,-0.0,0.0,0.0,0.0,0.0,0.0,0.0,0.0,0.0,0.0,0.0,1
1786037842,502611398,0.0,-1.6567862669574183,-1.62913686433901,-1.1328333059894007,-4.617770854626791,-4.890375677739279,0.5787290930747986,0.0,-0.0,0.0,0.0,0.0,0.0,0.0,0.0,0.0,0.0,0.0,0.0,1
1786037842,522409915,0.0,-1.6567862669574183,-1.6291726271258753,-1.1327856222735804,-4.617806855832235,-4.890399638806478,0.5787410736083984,0.0,-0.0,0.0,0.0,0.0,0.0,0.0,0.0,0.0,0.0,0.0,0.0,1
1786037842,542454719,0.0,-1.6568339506732386,-1.629124943410055,-1.1328213850604456,-4.61781877676119,-4.890351716672079,0.5787290930747986,0.0,-0.0,0.0,0.0,0.0,0.0,0.0,0.0,0.0,0.0,0.0,0.0,1
1786037842,562539577,0.0,-1.6568101088153284,-1.6291487852679651,-1.1328094641314905,-4.617770854626791,-4.890387598668234,0.578693151473999,0.0,-0.0,0.0,0.0,0.0,0.0,0.0,0.0,0.0,0.0,0.0,0.0,1
1786037842,582440853,0.0,-1.6567981878863733,-1.6291607061969202,-1.1327975432025355,-4.617806855832235,-4.890375677739279,0.5787290930747986,0.0,-0.0,0.0,0.0,0.0,0.0,0.0,0.0,0.0,0.0,0.0,0.0,1
1786037842,602398872,0.0,-1.656870190297262,-1.6291607061969202,-1.1327856222735804,-4.6177828947650355,-4.890399638806478,0.5787171125411987,0.0,-0.0,0.0,0.0,0.0,0.0,0.0,0.0,0.0,0.0,0.0,0.0,1
1786037842,622570037,0.0,-1.6568101088153284,-1.6291130224811,-1.1328094641314905,-4.617806855832235,-4.890399638806478,0.5787171125411987,0.0,-0.0,0.0,0.0,0.0,0.0,0.0,0.0,0.0,0.0,0.0,0.0,1
1786037842,642378091,0.0,-1.6568220297442835,-1.6291487852679651,-1.1328213850604456,-4.617770854626791,-4.890375677739279,0.5786811709403992,0.0,-0.0,0.0,0.0,0.0,0.0,0.0,0.0,0.0,0.0,0.0,0.0,1
1786037842,662595987,0.0,-1.6568220297442835,-1.6291607061969202,-1.1327737013446253,-4.6177828947650355,-4.890375677739279,0.578777015209198,0.0,-0.0,0.0,0.0,0.0,0.0,0.0,0.0,0.0,0.0,0.0,0.0,1
1786037842,682299852,0.0,-1.6568101088153284,-1.629124943410055,-1.1328094641314905,-4.61781877676119,-4.890327755604879,0.578777015209198,0.0,-0.0,0.0,0.0,0.0,0.0,0.0,0.0,0.0,0.0,0.0,0.0,1
1786037842,702610731,0.0,-1.6567862669574183,-1.6291011015521448,-1.1327856222735804,-4.617770854626791,-4.890399638806478,0.5787171125411987,0.0,-0.0,0.0,0.0,0.0,0.0,0.0,0.0,0.0,0.0,0.0,0.0,1
1786037842,722410678,0.0,-1.6567981878863733,-1.629124943410055,-1.1328094641314905,-4.6177948156939905,-4.890387598668234,0.578693151473999,0.0,-0.0,0.0,0.0,0.0,0.0,0.0,0.0,0.0,0.0,0.0,0.0,1
1786037842,742550373,0.0,-1.6568220297442835,-1.62913686433901,-1.1328094641314905,-4.617806855832235,-4.890351716672079,0.5787530541419983,0.0,-0.0,0.0,0.0,0.0,0.0,0.0,0.0,0.0,0.0,0.0,0.0,1
1786037842,762457609,0.0,-1.6568339506732386,-1.6291726271258753,-1.1328452269183558,-4.6177948156939905,-4.890387598668234,0.5787530541419983,0.0,-0.0,0.0,0.0,0.0,0.0,0.0,0.0,0.0,0.0,0.0,0.0,1
1786037842,782603025,0.0,-1.6568458716021937,-1.6291607061969202,-1.1328213850604456,-4.617758814488546,-4.890375677739279,0.578693151473999,0.0,-0.0,0.0,0.0,0.0,0.0,0.0,0.0,0.0,0.0,0.0,0.0,1
1786037842,802461624,0.0,-1.6567743460284632,-1.6291487852679651,-1.1328333059894007,-4.617770854626791,-4.890363637601034,0.5786811709403992,0.0,-0.0,0.0,0.0,0.0,0.0,0.0,0.0,0.0,0.0,0.0,0.0,1
1786037842,822601795,0.0,-1.6568220297442835,-1.629124943410055,-1.1328094641314905,-4.617722932492391,-4.890387598668234,0.5787171125411987,0.0,-0.0,0.0,0.0,0.0,0.0,0.0,0.0,0.0,0.0,0.0,0.0,1
1786037842,842429876,0.0,-1.6568458716021937,-1.629124943410055,-1.132761303578512,-4.617830816899435,-4.890387598668234,0.5787290930747986,0.0,-0.0,0.0,0.0,0.0,0.0,0.0,0.0,0.0,0.0,0.0,0.0,1
1786037842,862600803,0.0,-1.6568220297442835,-1.62913686433901,-1.132749382649557,-4.617770854626791,-4.890399638806478,0.5787530541419983,0.0,-0.0,0.0,0.0,0.0,0.0,0.0,0.0,0.0,0.0,0.0,0.0,1
1786037842,882304668,0.0,-1.6567743460284632,-1.6291487852679651,-1.1328213850604456,-4.617830816899435,-4.890363637601034,0.578777015209198,0.0,-0.0,0.0,0.0,0.0,0.0,0.0,0.0,0.0,0.0,0.0,0.0,1
1786037842,902613878,0.0,-1.6567862669574183,-1.6291726271258753,-1.1328333059894007,-4.617770854626791,-4.890423957501547,0.5787530541419983,0.0,-0.0,0.0,0.0,0.0,0.0,0.0,0.0,0.0,0.0,0.0,0.0,1
1786037842,922376155,0.0,-1.6568101088153284,-1.6291130224811,-1.1328452269183558,-4.617758814488546,-4.890363637601034,0.5787051320075989,0.0,-0.0,0.0,0.0,0.0,0.0,0.0,0.0,0.0,0.0,0.0,0.0,1
1786037842,942503690,0.0,-1.6568220297442835,-1.6291487852679651,-1.1327737013446253,-4.617770854626791,-4.890339676533834,0.5787051320075989,0.0,-0.0,0.0,0.0,0.0,0.0,0.0,0.0,0.0,0.0,0.0,0.0,1
1786037842,962417602,0.0,-1.656870190297262,-1.6291487852679651,-1.1328213850604456,-4.617770854626791,-4.890375677739279,0.578693151473999,0.0,-0.0,0.0,0.0,0.0,0.0,0.0,0.0,0.0,0.0,0.0,0.0,1
1786037842,982611179,0.0,-1.6568458716021937,-1.6291726271258753,-1.132761303578512,-4.6177948156939905,-4.890363637601034,0.5787530541419983,0.0,-0.0,0.0,0.0,0.0,0.0,0.0,0.0,0.0,0.0,0.0,0.0,1
1786037843,2355337,0.0,-1.6568220297442835,-1.6291487852679651,-1.1327975432025355,-4.617806855832235,-4.890387598668234,0.5787530541419983,0.0,-0.0,0.0,0.0,0.0,0.0,0.0,0.0,0.0,0.0,0.0,0.0,1
1786037843,22660255,0.0,-1.6568220297442835,-1.6291607061969202,-1.1328333059894007,-4.617806855832235,-4.890387598668234,0.5787171125411987,0.0,-0.0,0.0,0.0,0.0,0.0,0.0,0.0,0.0,0.0,0.0,0.0,1
1786037843,42407751,0.0,-1.6567981878863733,-1.6291487852679651,-1.1328094641314905,-4.617758814488546,-4.890363637601034,0.578693151473999,0.0,-0.0,0.0,0.0,0.0,0.0,0.0,0.0,0.0,0.0,0.0,0.0,1
1786037843,62608718,0.0,-1.6568101088153284,-1.6291130224811,-1.1328094641314905,-4.617746893559591,-4.890412036572592,0.5787051320075989,0.0,-0.0,0.0,0.0,0.0,0.0,0.0,0.0,0.0,0.0,0.0,0.0,1
1786037843,82566499,0.0,-1.6568220297442835,-1.62913686433901,-1.1327856222735804,-4.6177828947650355,-4.890399638806478,0.5787290930747986,0.0,-0.0,0.0,0.0,0.0,0.0,0.0,0.0,0.0,0.0,0.0,0.0,1
1786037843,102550506,0.0,-1.6568101088153284,-1.62913686433901,-1.132761303578512,-4.6177828947650355,-4.890375677739279,0.578693151473999,0.0,-0.0,0.0,0.0,0.0,0.0,0.0,0.0,0.0,0.0,0.0,0.0,1
1786037843,122323036,0.0,-1.6568101088153284,-1.629124943410055,-1.1328094641314905,-4.61781877676119,-4.890399638806478,0.5787530541419983,0.0,-0.0,0.0,0.0,0.0,0.0,0.0,0.0,0.0,0.0,0.0,0.0,1
1786037843,142570018,0.0,-1.6568220297442835,-1.629124943410055,-1.1327737013446253,-4.617806855832235,-4.890399638806478,0.578693151473999,0.0,-0.0,0.0,0.0,0.0,0.0,0.0,0.0,0.0,0.0,0.0,0.0,1
1786037843,162348747,0.0,-1.65676194826235,-1.629124943410055,-1.1328452269183558,-4.617830816899435,-4.890363637601034,0.5787290930747986,0.0,-0.0,0.0,0.0,0.0,0.0,0.0,0.0,0.0,0.0,0.0,0.0,1
1786037843,182575702,0.0,-1.6567743460284632,-1.6291130224811,-1.1327975432025355,-4.61781877676119,-4.890399638806478,0.5787290930747986,0.0,-0.0,0.0,0.0,0.0,0.0,0.0,0.0,0.0,0.0,0.0,0.0,1
1786037843,202411413,0.0,-1.6567981878863733,-1.6291607061969202,-1.1328213850604456,-4.617806855832235,-4.890387598668234,0.5787171125411987,0.0,-0.0,0.0,0.0,0.0,0.0,0.0,0.0,0.0,0.0,0.0,0.0,1
1786037843,222571372,0.0,-1.656858269368307,-1.62913686433901,-1.1328333059894007,-4.6177948156939905,-4.890339676533834,0.5787530541419983,0.0,-0.0,0.0,0.0,0.0,0.0,0.0,0.0,0.0,0.0,0.0,0.0,1
1786037843,242457866,0.0,-1.6567743460284632,-1.6291130224811,-1.1327737013446253,-4.61784273782839,-4.890351716672079,0.5787171125411987,0.0,-0.0,0.0,0.0,0.0,0.0,0.0,0.0,0.0,0.0,0.0,0.0,1
1786037843,262576818,0.0,-1.6567981878863733,-1.629124943410055,-1.1327856222735804,-4.6177948156939905,-4.890363637601034,0.578693151473999,0.0,-0.0,0.0,0.0,0.0,0.0,0.0,0.0,0.0,0.0,0.0,0.0,1
1786037843,282446384,0.0,-1.6568339506732386,-1.6291850248919886,-1.1327856222735804,-4.617854777966635,-4.890375677739279,0.5787290930747986,0.0,-0.0,0.0,0.0,0.0,0.0,0.0,0.0,0.0,0.0,0.0,0.0,1
1786037843,302570581,0.0,-1.6568101088153284,-1.6291850248919886,-1.1327856222735804,-4.617806855832235,-4.890412036572592,0.578693151473999,0.0,-0.0,0.0,0.0,0.0,0.0,0.0,0.0,0.0,0.0,0.0,0.0,1
1786037843,322381258,0.0,-1.6567981878863733,-1.629124943410055,-1.1327975432025355,-4.617746893559591,-4.890351716672079,0.5787171125411987,0.0,-0.0,0.0,0.0,0.0,0.0,0.0,0.0,0.0,0.0,0.0,0.0,1
1786037843,342621803,0.0,-1.656858269368307,-1.6291011015521448,-1.1327856222735804,-4.6177948156939905,-4.890399638806478,0.578777015209198,0.0,-0.0,0.0,0.0,0.0,0.0,0.0,0.0,0.0,0.0,0.0,0.0,1
1786037843,362409114,0.0,-1.6567981878863733,-1.6291487852679651,-1.132761303578512,-4.6177828947650355,-4.890375677739279,0.5787410736083984,0.0,-0.0,0.0,0.0,0.0,0.0,0.0,0.0,0.0,0.0,0.0,0.0,1
1786037843,382445335,0.0,-1.6568458716021937,-1.62913686433901,-1.132761303578512,-4.61781877676119,-4.890387598668234,0.5787171125411987,0.0,-0.0,0.0,0.0,0.0,0.0,0.0,0.0,0.0,0.0,0.0,0.0,1
1786037843,402569293,0.0,-1.6568101088153284,-1.62913686433901,-1.1328213850604456,-4.617770854626791,-4.890399638806478,0.5787171125411987,0.0,-0.0,0.0,0.0,0.0,0.0,0.0,0.0,0.0,0.0,0.0,0.0,1
1786037843,422627687,0.0,-1.6567743460284632,-1.6291011015521448,-1.1328333059894007,-4.61781877676119,-4.890399638806478,0.5787530541419983,0.0,-0.0,0.0,0.0,0.0,0.0,0.0,0.0,0.0,0.0,0.0,0.0,1
1786037843,442438840,0.0,-1.6567743460284632,-1.6291850248919886,-1.1327737013446253,-4.617770854626791,-4.890375677739279,0.5786811709403992,0.0,-0.0,0.0,0.0,0.0,0.0,0.0,0.0,0.0,0.0,0.0,0.0,1
1786037843,462603807,0.0,-1.6567862669574183,-1.6291130224811,-1.132761303578512,-4.61781877676119,-4.890363637601034,0.5787290930747986,0.0,-0.0,0.0,0.0,0.0,0.0,0.0,0.0,0.0,0.0,0.0,0.0,1
1786037843,482414245,0.0,-1.6568101088153284,-1.6291487852679651,-1.1328333059894007,-4.617806855832235,-4.890375677739279,0.5787650346755981,0.0,-0.0,0.0,0.0,0.0,0.0,0.0,0.0,0.0,0.0,0.0,0.0,1
1786037843,502607822,0.0,-1.6568220297442835,-1.6290772596942347,-1.1328213850604456,-4.617770854626791,-4.890399638806478,0.5787410736083984,0.0,-0.0,0.0,0.0,0.0,0.0,0.0,0.0,0.0,0.0,0.0,0.0,1
1786037843,522399663,0.0,-1.6568339506732386,-1.6291487852679651,-1.1327975432025355,-4.617758814488546,-4.890363637601034,0.5787171125411987,0.0,-0.0,0.0,0.0,0.0,0.0,0.0,0.0,0.0,0.0,0.0,0.0,1
1786037843,542631864,0.0,-1.6567981878863733,-1.6291487852679651,-1.132749382649557,-4.61784273782839,-4.890351716672079,0.5787530541419983,0.0,-0.0,0.0,0.0,0.0,0.0,0.0,0.0,0.0,0.0,0.0,0.0,1
1786037843,562454700,0.0,-1.6568101088153284,-1.6291726271258753,-1.1328213850604456,-4.61781877676119,-4.890351716672079,0.5787410736083984,0.0,-0.0,0.0,0.0,0.0,0.0,0.0,0.0,0.0,0.0,0.0,0.0,1
1786037843,582550525,0.0,-1.6568101088153284,-1.6291011015521448,-1.1328094641314905,-4.61781877676119,-4.890363637601034,0.5787051320075989,0.0,-0.0,0.0,0.0,0.0,0.0,0.0,0.0,0.0,0.0,0.0,0.0,1
1786037843,602455615,0.0,-1.6568101088153284,-1.62913686433901,-1.1328094641314905,-4.617806855832235,-4.890399638806478,0.5787171125411987,0.0,-0.0,0.0,0.0,0.0,0.0,0.0,0.0,0.0,0.0,0.0,0.0,1
1786037843,622561693,0.0,-1.6568101088153284,-1.6291850248919886,-1.1327856222735804,-4.61781877676119,-4.890339676533834,0.5787051320075989,0.0,-0.0,0.0,0.0,0.0,0.0,0.0,0.0,0.0,0.0,0.0,0.0,1
1786037843,642341375,0.0,-1.6568101088153284,-1.6291487852679651,-1.1327975432025355,-4.617770854626791,-4.890375677739279,0.5787290930747986,0.0,-0.0,0.0,0.0,0.0,0.0,0.0,0.0,0.0,0.0,0.0,0.0,1
1786037843,662568092,0.0,-1.6568458716021937,-1.629124943410055,-1.1327856222735804,-4.61781877676119,-4.890351716672079,0.5787530541419983,0.0,-0.0,0.0,0.0,0.0,0.0,0.0,0.0,0.0,0.0,0.0,0.0,1
1786037843,682380199,0.0,-1.6567862669574183,-1.6291130224811,-1.1328094641314905,-4.61781877676119,-4.890375677739279,0.578693151473999,0.0,-0.0,0.0,0.0,0.0,0.0,0.0,0.0,0.0,0.0,0.0,0.0,1
1786037843,702722311,0.0,-1.6568220297442835,-1.629124943410055,-1.1327856222735804,-4.617770854626791,-4.890375677739279,0.5787410736083984,0.0,-0.0,0.0,0.0,0.0,0.0,0.0,0.0,0.0,0.0,0.0,0.0,1
1786037843,722412824,0.0,-1.6567862669574183,-1.6291130224811,-1.1327737013446253,-4.617806855832235,-4.890375677739279,0.578693151473999,0.0,-0.0,0.0,0.0,0.0,0.0,0.0,0.0,0.0,0.0,0.0,0.0,1
1786037843,742545366,0.0,-1.6567981878863733,-1.6291850248919886,-1.1328213850604456,-4.617806855832235,-4.890351716672079,0.578693151473999,0.0,-0.0,0.0,0.0,0.0,0.0,0.0,0.0,0.0,0.0,0.0,0.0,1
1786037843,762438774,0.0,-1.6568339506732386,-1.62913686433901,-1.1328333059894007,-4.6177828947650355,-4.890351716672079,0.5787650346755981,0.0,-0.0,0.0,0.0,0.0,0.0,0.0,0.0,0.0,0.0,0.0,0.0,1
1786037843,782610416,0.0,-1.656870190297262,-1.6291130224811,-1.1327975432025355,-4.617758814488546,-4.890339676533834,0.5787290930747986,0.0,-0.0,0.0,0.0,0.0,0.0,0.0,0.0,0.0,0.0,0.0,0.0,1
1786037843,802393198,0.0,-1.6568220297442835,-1.62913686433901,-1.1328094641314905,-4.617806855832235,-4.890412036572592,0.5787171125411987,0.0,-0.0,0.0,0.0,0.0,0.0,0.0,0.0,0.0,0.0,0.0,0.0,1
1786037843,822506189,0.0,-1.6568101088153284,-1.62913686433901,-1.132749382649557,-4.6177948156939905,-4.890399638806478,0.5787171125411987,0.0,-0.0,0.0,0.0,0.0,0.0,0.0,0.0,0.0,0.0,0.0,0.0,1
1786037843,842355489,0.0,-1.6567862669574183,-1.6291487852679651,-1.1327856222735804,-4.6177348534213465,-4.890387598668234,0.5787290930747986,0.0,-0.0,0.0,0.0,0.0,0.0,0.0,0.0,0.0,0.0,0.0,0.0,1
1786037843,862579822,0.0,-1.6568458716021937,-1.629124943410055,-1.1328213850604456,-4.617806855832235,-4.890399638806478,0.5787410736083984,0.0,-0.0,0.0,0.0,0.0,0.0,0.0,0.0,0.0,0.0,0.0,0.0,1
1786037843,882303237,0.0,-1.6568220297442835,-1.62913686433901,-1.1327856222735804,-4.617830816899435,-4.890351716672079,0.5787530541419983,0.0,-0.0,0.0,0.0,0.0,0.0,0.0,0.0,0.0,0.0,0.0,0.0,1
1786037843,902601003,0.0,-1.6567743460284632,-1.6291011015521448,-1.1328213850604456,-4.61784273782839,-4.890387598668234,0.5787171125411987,0.0,-0.0,0.0,0.0,0.0,0.0,0.0,0.0,0.0,0.0,0.0,0.0,1
1786037843,922310590,0.0,-1.6568101088153284,-1.6290887037860315,-1.1327856222735804,-4.617806855832235,-4.890399638806478,0.5787171125411987,0.0,-0.0,0.0,0.0,0.0,0.0,0.0,0.0,0.0,0.0,0.0,0.0,1
1786037843,942535161,0.0,-1.6568101088153284,-1.6291607061969202,-1.1327856222735804,-4.6177948156939905,-4.890412036572592,0.5786811709403992,0.0,-0.0,0.0,0.0,0.0,0.0,0.0,0.0,0.0,0.0,0.0,0.0,1
1786037843,962501287,0.0,-1.6568220297442835,-1.6290887037860315,-1.1328333059894007,-4.61781877676119,-4.890387598668234,0.5787171125411987,0.0,-0.0,0.0,0.0,0.0,0.0,0.0,0.0,0.0,0.0,0.0,0.0,1
1786037843,982585191,0.0,-1.656858269368307,-1.6291969458209437,-1.132749382649557,-4.61786669889559,-4.890363637601034,0.5787171125411987,0.0,-0.0,0.0,0.0,0.0,0.0,0.0,0.0,0.0,0.0,0.0,0.0,1
1786037844,2349615,0.0,-1.6568101088153284,-1.629124943410055,-1.1328213850604456,-4.61781877676119,-4.890399638806478,0.5787530541419983,0.0,-0.0,0.0,0.0,0.0,0.0,0.0,0.0,0.0,0.0,0.0,0.0,1
1786037844,22547006,0.0,-1.6568220297442835,-1.6291130224811,-1.1327975432025355,-4.61784273782839,-4.890375677739279,0.5787530541419983,0.0,-0.0,0.0,0.0,0.0,0.0,0.0,0.0,0.0,0.0,0.0,0.0,1
1786037844,42333602,0.0,-1.6568339506732386,-1.62913686433901,-1.1327975432025355,-4.6177948156939905,-4.890399638806478,0.5787290930747986,0.0,-0.0,0.0,0.0,0.0,0.0,0.0,0.0,0.0,0.0,0.0,0.0,1
1786037844,62698841,0.0,-1.6568220297442835,-1.629124943410055,-1.1327856222735804,-4.617770854626791,-4.890375677739279,0.578693151473999,0.0,-0.0,0.0,0.0,0.0,0.0,0.0,0.0,0.0,0.0,0.0,0.0,1
1786037844,82394123,0.0,-1.6568458716021937,-1.6291487852679651,-1.1327856222735804,-4.617770854626791,-4.890375677739279,0.5787290930747986,0.0,-0.0,0.0,0.0,0.0,0.0,0.0,0.0,0.0,0.0,0.0,0.0,1
1786037844,102447986,0.0,-1.6567743460284632,-1.6291726271258753,-1.1327737013446253,-4.6177948156939905,-4.890363637601034,0.5787410736083984,0.0,-0.0,0.0,0.0,0.0,0.0,0.0,0.0,0.0,0.0,0.0,0.0,1
1786037844,122390270,0.0,-1.6567862669574183,-1.629124943410055,-1.1327737013446253,-4.617770854626791,-4.890375677739279,0.5787051320075989,0.0,-0.0,0.0,0.0,0.0,0.0,0.0,0.0,0.0,0.0,0.0,0.0,1
1786037844,142590999,0.0,-1.6567743460284632,-1.6291607061969202,-1.1327975432025355,-4.617830816899435,-4.890375677739279,0.5787290930747986,0.0,-0.0,0.0,0.0,0.0,0.0,0.0,0.0,0.0,0.0,0.0,0.0,1
1786037844,162415981,0.0,-1.6568101088153284,-1.6291487852679651,-1.1328452269183558,-4.6177828947650355,-4.890399638806478,0.578693151473999,0.0,-0.0,0.0,0.0,0.0,0.0,0.0,0.0,0.0,0.0,0.0,0.0,1
1786037844,182451725,0.0,-1.6567981878863733,-1.6291607061969202,-1.1328213850604456,-4.617770854626791,-4.890327755604879,0.5787171125411987,0.0,-0.0,0.0,0.0,0.0,0.0,0.0,0.0,0.0,0.0,0.0,0.0,1
1786037844,202280044,0.0,-1.6568101088153284,-1.6292207876788538,-1.1327856222735804,-4.6177948156939905,-4.890375677739279,0.5787530541419983,0.0,-0.0,0.0,0.0,0.0,0.0,0.0,0.0,0.0,0.0,0.0,0.0,1
1786037844,222553491,0.0,-1.656858269368307,-1.6291607061969202,-1.132761303578512,-4.61781877676119,-4.890399638806478,0.578693151473999,0.0,-0.0,0.0,0.0,0.0,0.0,0.0,0.0,0.0,0.0,0.0,0.0,1
1786037844,242347717,0.0,-1.6567981878863733,-1.6290648619281214,-1.132761303578512,-4.617758814488546,-4.890412036572592,0.578693151473999,0.0,-0.0,0.0,0.0,0.0,0.0,0.0,0.0,0.0,0.0,0.0,0.0,1
1786037844,262565135,0.0,-1.6568339506732386,-1.62913686433901,-1.1327856222735804,-4.617770854626791,-4.890387598668234,0.578693151473999,0.0,-0.0,0.0,0.0,0.0,0.0,0.0,0.0,0.0,0.0,0.0,0.0,1
1786037844,282449245,0.0,-1.6568220297442835,-1.629124943410055,-1.132749382649557,-4.6177948156939905,-4.890387598668234,0.5787171125411987,0.0,-0.0,0.0,0.0,0.0,0.0,0.0,0.0,0.0,0.0,0.0,0.0,1
1786037844,302431583,0.0,-1.6568458716021937,-1.6291487852679651,-1.132761303578512,-4.6177828947650355,-4.890351716672079,0.5787290930747986,0.0,-0.0,0.0,0.0,0.0,0.0,0.0,0.0,0.0,0.0,0.0,0.0,1
1786037844,322371482,0.0,-1.6567981878863733,-1.6291487852679651,-1.1328094641314905,-4.617806855832235,-4.890339676533834,0.5787171125411987,0.0,-0.0,0.0,0.0,0.0,0.0,0.0,0.0,0.0,0.0,0.0,0.0,1
1786037844,342617511,0.0,-1.6567743460284632,-1.6291487852679651,-1.1327856222735804,-4.617758814488546,-4.890351716672079,0.5787051320075989,0.0,-0.0,0.0,0.0,0.0,0.0,0.0,0.0,0.0,0.0,0.0,0.0,1
1786037844,362387180,0.0,-1.6567862669574183,-1.629124943410055,-1.1328213850604456,-4.6177948156939905,-4.890375677739279,0.5787650346755981,0.0,-0.0,0.0,0.0,0.0,0.0,0.0,0.0,0.0,0.0,0.0,0.0,1
1786037844,382557153,0.0,-1.6568339506732386,-1.6291487852679651,-1.1327856222735804,-4.61781877676119,-4.890351716672079,0.5787290930747986,0.0,-0.0,0.0,0.0,0.0,0.0,0.0,0.0,0.0,0.0,0.0,0.0,1
1786037844,402454614,0.0,-1.6568101088153284,-1.6291726271258753,-1.1328213850604456,-4.617770854626791,-4.890363637601034,0.5787290930747986,0.0,-0.0,0.0,0.0,0.0,0.0,0.0,0.0,0.0,0.0,0.0,0.0,1
1786037844,422459363,0.0,-1.6567862669574183,-1.6291726271258753,-1.1328213850604456,-4.6177828947650355,-4.890387598668234,0.5787051320075989,0.0,-0.0,0.0,0.0,0.0,0.0,0.0,0.0,0.0,0.0,0.0,0.0,1
1786037844,442284107,0.0,-1.656858269368307,-1.6291487852679651,-1.1328213850604456,-4.617758814488546,-4.890375677739279,0.5787051320075989,0.0,-0.0,0.0,0.0,0.0,0.0,0.0,0.0,0.0,0.0,0.0,0.0,1
1786037844,462653875,0.0,-1.6567862669574183,-1.6291607061969202,-1.1328094641314905,-4.617806855832235,-4.890412036572592,0.5787530541419983,0.0,-0.0,0.0,0.0,0.0,0.0,0.0,0.0,0.0,0.0,0.0,0.0,1
1786037844,482343196,0.0,-1.6567981878863733,-1.6290887037860315,-1.1327856222735804,-4.617758814488546,-4.890387598668234,0.578693151473999,0.0,-0.0,0.0,0.0,0.0,0.0,0.0,0.0,0.0,0.0,0.0,0.0,1
1786037844,502514600,0.0,-1.6567981878863733,-1.62913686433901,-1.1328333059894007,-4.617806855832235,-4.890375677739279,0.5787171125411987,0.0,-0.0,0.0,0.0,0.0,0.0,0.0,0.0,0.0,0.0,0.0,0.0,1
1786037844,522452831,0.0,-1.6567862669574183,-1.6291850248919886,-1.1327737013446253,-4.617770854626791,-4.890351716672079,0.5787410736083984,0.0,-0.0,0.0,0.0,0.0,0.0,0.0,0.0,0.0,0.0,0.0,0.0,1
1786037844,542581558,0.0,-1.6568101088153284,-1.6291850248919886,-1.1327856222735804,-4.6177828947650355,-4.890351716672079,0.5787171125411987,0.0,-0.0,0.0,0.0,0.0,0.0,0.0,0.0,0.0,0.0,0.0,0.0,1
1786037844,562374114,0.0,-1.6567981878863733,-1.629124943410055,-1.1327737013446253,-4.617746893559591,-4.890387598668234,0.5787290930747986,0.0,-0.0,0.0,0.0,0.0,0.0,0.0,0.0,0.0,0.0,0.0,0.0,1
1786037844,582566499,0.0,-1.656870190297262,-1.629124943410055,-1.1328094641314905,-4.61781877676119,-4.890387598668234,0.5787290930747986,0.0,-0.0,0.0,0.0,0.0,0.0,0.0,0.0,0.0,0.0,0.0,0.0,1
1786037844,602281570,0.0,-1.6567981878863733,-1.6291011015521448,-1.1327737013446253,-4.617770854626791,-4.890387598668234,0.5787051320075989,0.0,-0.0,0.0,0.0,0.0,0.0,0.0,0.0,0.0,0.0,0.0,0.0,1
1786037844,622601032,0.0,-1.6568220297442835,-1.629124943410055,-1.1327975432025355,-4.617806855832235,-4.890375677739279,0.5787410736083984,0.0,-0.0,0.0,0.0,0.0,0.0,0.0,0.0,0.0,0.0,0.0,0.0,1
1786037844,642370462,0.0,-1.6568458716021937,-1.6291487852679651,-1.1327737013446253,-4.6177828947650355,-4.890387598668234,0.5787530541419983,0.0,-0.0,0.0,0.0,0.0,0.0,0.0,0.0,0.0,0.0,0.0,0.0,1
1786037844,662503242,0.0,-1.6568220297442835,-1.6291607061969202,-1.1327737013446253,-4.617806855832235,-4.890387598668234,0.5787171125411987,0.0,-0.0,0.0,0.0,0.0,0.0,0.0,0.0,0.0,0.0,0.0,0.0,1
1786037844,682408332,0.0,-1.6567862669574183,-1.62913686433901,-1.1327856222735804,-4.6177828947650355,-4.890351716672079,0.5787410736083984,0.0,-0.0,0.0,0.0,0.0,0.0,0.0,0.0,0.0,0.0,0.0,0.0,1
1786037844,702517986,0.0,-1.6568458716021937,-1.6291726271258753,-1.1327737013446253,-4.6177948156939905,-4.890399638806478,0.578693151473999,0.0,-0.0,0.0,0.0,0.0,0.0,0.0,0.0,0.0,0.0,0.0,0.0,1
1786037844,722351312,0.0,-1.656858269368307,-1.629124943410055,-1.132749382649557,-4.61781877676119,-4.890375677739279,0.5787171125411987,0.0,-0.0,0.0,0.0,0.0,0.0,0.0,0.0,0.0,0.0,0.0,0.0,1
1786037844,742511987,0.0,-1.6568101088153284,-1.62913686433901,-1.1327856222735804,-4.6177948156939905,-4.890412036572592,0.5787410736083984,0.0,-0.0,0.0,0.0,0.0,0.0,0.0,0.0,0.0,0.0,0.0,0.0,1
1786037844,762373208,0.0,-1.6568945089923304,-1.6291850248919886,-1.1327975432025355,-4.6177828947650355,-4.890375677739279,0.5787290930747986,0.0,-0.0,0.0,0.0,0.0,0.0,0.0,0.0,0.0,0.0,0.0,0.0,1
1786037844,782456398,0.0,-1.656870190297262,-1.6291607061969202,-1.1328452269183558,-4.617770854626791,-4.890339676533834,0.5787051320075989,0.0,-0.0,0.0,0.0,0.0,0.0,0.0,0.0,0.0,0.0,0.0,0.0,1
1786037844,802579641,0.0,-1.6567743460284632,-1.6291011015521448,-1.1328213850604456,-4.61781877676119,-4.890399638806478,0.5787530541419983,0.0,-0.0,0.0,0.0,0.0,0.0,0.0,0.0,0.0,0.0,0.0,0.0,1
1786037844,822544097,0.0,-1.6568220297442835,-1.6291130224811,-1.1328213850604456,-4.617806855832235,-4.890351716672079,0.5787171125411987,0.0,-0.0,0.0,0.0,0.0,0.0,0.0,0.0,0.0,0.0,0.0,0.0,1
1786037844,842404127,0.0,-1.6568339506732386,-1.6291607061969202,-1.1328094641314905,-4.61781877676119,-4.890375677739279,0.5787290930747986,0.0,-0.0,0.0,0.0,0.0,0.0,0.0,0.0,0.0,0.0,0.0,0.0,1
1786037844,862616062,0.0,-1.6567862669574183,-1.629124943410055,-1.1328094641314905,-4.617806855832235,-4.890351716672079,0.5787530541419983,0.0,-0.0,0.0,0.0,0.0,0.0,0.0,0.0,0.0,0.0,0.0,0.0,1
1786037844,882422685,0.0,-1.6568220297442835,-1.6292088667498987,-1.1327975432025355,-4.6177828947650355,-4.890375677739279,0.5787171125411987,0.0,-0.0,0.0,0.0,0.0,0.0,0.0,0.0,0.0,0.0,0.0,0.0,1
1786037844,902563095,0.0,-1.6567862669574183,-1.629124943410055,-1.1328333059894007,-4.617758814488546,-4.890375677739279,0.5787051320075989,0.0,-0.0,0.0,0.0,0.0,0.0,0.0,0.0,0.0,0.0,0.0,0.0,1
1786037844,922408103,0.0,-1.6568101088153284,-1.6291487852679651,-1.1328213850604456,-4.61781877676119,-4.890412036572592,0.5787650346755981,0.0,-0.0,0.0,0.0,0.0,0.0,0.0,0.0,0.0,0.0,0.0,0.0,1
1786037844,942549467,0.0,-1.6567743460284632,-1.629124943410055,-1.1328452269183558,-4.61781877676119,-4.890412036572592,0.5787650346755981,0.0,-0.0,0.0,0.0,0.0,0.0,0.0,0.0,0.0,0.0,0.0,0.0,1
1786037844,962386369,0.0,-1.6568101088153284,-1.6291726271258753,-1.1327856222735804,-4.6177948156939905,-4.890351716672079,0.5787171125411987,0.0,-0.0,0.0,0.0,0.0,0.0,0.0,0.0,0.0,0.0,0.0,0.0,1
1786037844,982656478,0.0,-1.6568458716021937,-1.62913686433901,-1.1328094641314905,-4.61781877676119,-4.890387598668234,0.5787410736083984,0.0,-0.0,0.0,0.0,0.0,0.0,0.0,0.0,0.0,0.0,0.0,0.0,1
1786037845,2373218,0.0,-1.6568339506732386,-1.6291850248919886,-1.1327737013446253,-4.617770854626791,-4.890387598668234,0.5787410736083984,0.0,-0.0,0.0,0.0,0.0,0.0,0.0,0.0,0.0,0.0,0.0,0.0,1
1786037845,22589921,0.0,-1.6567981878863733,-1.6291850248919886,-1.1328333059894007,-4.6177948156939905,-4.890387598668234,0.5787410736083984,0.0,-0.0,0.0,0.0,0.0,0.0,0.0,0.0,0.0,0.0,0.0,0.0,1
1786037845,42394638,0.0,-1.6567862669574183,-1.6290887037860315,-1.1328094641314905,-4.617770854626791,-4.890399638806478,0.578693151473999,0.0,-0.0,0.0,0.0,0.0,0.0,0.0,0.0,0.0,0.0,0.0,0.0,1
1786037845,62560319,0.0,-1.6568339506732386,-1.629124943410055,-1.1327856222735804,-4.6177348534213465,-4.890363637601034,0.5787051320075989,0.0,-0.0,0.0,0.0,0.0,0.0,0.0,0.0,0.0,0.0,0.0,0.0,1
1786037845,82535266,0.0,-1.6567743460284632,-1.6291850248919886,-1.1328094641314905,-4.6177828947650355,-4.890363637601034,0.578777015209198,0.0,-0.0,0.0,0.0,0.0,0.0,0.0,0.0,0.0,0.0,0.0,0.0,1
1786037845,102613925,0.0,-1.6568339506732386,-1.6291726271258753,-1.1327856222735804,-4.6177828947650355,-4.890412036572592,0.5787410736083984,0.0,-0.0,0.0,0.0,0.0,0.0,0.0,0.0,0.0,0.0,0.0,0.0,1
1786037845,122323989,0.0,-1.6568220297442835,-1.6291487852679651,-1.1328094641314905,-4.6177828947650355,-4.890375677739279,0.5786811709403992,0.0,-0.0,0.0,0.0,0.0,0.0,0.0,0.0,0.0,0.0,0.0,0.0,1
1786037845,142579793,0.0,-1.6568458716021937,-1.6291487852679651,-1.132749382649557,-4.6177828947650355,-4.890387598668234,0.5787530541419983,0.0,-0.0,0.0,0.0,0.0,0.0,0.0,0.0,0.0,0.0,0.0,0.0,1
1786037845,162436962,0.0,-1.6567981878863733,-1.6291607061969202,-1.1327975432025355,-4.6177948156939905,-4.890387598668234,0.5787530541419983,0.0,-0.0,0.0,0.0,0.0,0.0,0.0,0.0,0.0,0.0,0.0,0.0,1
1786037845,182597160,0.0,-1.656858269368307,-1.6291130224811,-1.1327737013446253,-4.61784273782839,-4.890351716672079,0.5787410736083984,0.0,-0.0,0.0,0.0,0.0,0.0,0.0,0.0,0.0,0.0,0.0,0.0,1
1786037845,202445983,0.0,-1.656858269368307,-1.6291487852679651,-1.1328695456134241,-4.617830816899435,-4.890399638806478,0.5787051320075989,0.0,-0.0,0.0,0.0,0.0,0.0,0.0,0.0,0.0,0.0,0.0,0.0,1
1786037845,222559213,0.0,-1.6567743460284632,-1.6291726271258753,-1.1328333059894007,-4.617806855832235,-4.890363637601034,0.578693151473999,0.0,-0.0,0.0,0.0,0.0,0.0,0.0,0.0,0.0,0.0,0.0,0.0,1
1786037845,242363214,0.0,-1.6567981878863733,-1.629124943410055,-1.1327856222735804,-4.6177948156939905,-4.890387598668234,0.578693151473999,0.0,-0.0,0.0,0.0,0.0,0.0,0.0,0.0,0.0,0.0,0.0,0.0,1
1786037845,262639522,0.0,-1.6568458716021937,-1.629124943410055,-1.1328213850604456,-4.61784273782839,-4.890399638806478,0.5787051320075989,0.0,-0.0,0.0,0.0,0.0,0.0,0.0,0.0,0.0,0.0,0.0,0.0,1
1786037845,282541513,0.0,-1.6568339506732386,-1.6291487852679651,-1.132761303578512,-4.61784273782839,-4.890339676533834,0.5787290930747986,0.0,-0.0,0.0,0.0,0.0,0.0,0.0,0.0,0.0,0.0,0.0,0.0,1
1786037845,302550315,0.0,-1.6568458716021937,-1.6291607061969202,-1.1327856222735804,-4.617806855832235,-4.890412036572592,0.5787171125411987,0.0,-0.0,0.0,0.0,0.0,0.0,0.0,0.0,0.0,0.0,0.0,0.0,1
1786037845,322402477,0.0,-1.6568220297442835,-1.62913686433901,-1.1327975432025355,-4.61781877676119,-4.890399638806478,0.578693151473999,0.0,-0.0,0.0,0.0,0.0,0.0,0.0,0.0,0.0,0.0,0.0,0.0,1
1786037845,342540025,0.0,-1.6568339506732386,-1.629124943410055,-1.1328333059894007,-4.6177948156939905,-4.890399638806478,0.5787530541419983,0.0,-0.0,0.0,0.0,0.0,0.0,0.0,0.0,0.0,0.0,0.0,0.0,1
1786037845,362424612,0.0,-1.6568339506732386,-1.6291607061969202,-1.1327737013446253,-4.617770854626791,-4.890399638806478,0.5787530541419983,0.0,-0.0,0.0,0.0,0.0,0.0,0.0,0.0,0.0,0.0,0.0,0.0,1
1786037845,382561445,0.0,-1.6567862669574183,-1.6291487852679651,-1.1328333059894007,-4.617758814488546,-4.890375677739279,0.578693151473999,0.0,-0.0,0.0,0.0,0.0,0.0,0.0,0.0,0.0,0.0,0.0,0.0,1
1786037845,402399778,0.0,-1.6568220297442835,-1.6291850248919886,-1.1328452269183558,-4.617770854626791,-4.890387598668234,0.5787171125411987,0.0,-0.0,0.0,0.0,0.0,0.0,0.0,0.0,0.0,0.0,0.0,0.0,1
1786037845,422559499,0.0,-1.6568101088153284,-1.6291969458209437,-1.1328333059894007,-4.6177948156939905,-4.890339676533834,0.578693151473999,0.0,-0.0,0.0,0.0,0.0,0.0,0.0,0.0,0.0,0.0,0.0,0.0,1
1786037845,442385673,0.0,-1.6568339506732386,-1.629124943410055,-1.1328094641314905,-4.6177948156939905,-4.890399638806478,0.5787171125411987,0.0,-0.0,0.0,0.0,0.0,0.0,0.0,0.0,0.0,0.0,0.0,0.0,1
1786037845,462557792,0.0,-1.6568101088153284,-1.62913686433901,-1.1328333059894007,-4.6177948156939905,-4.890399638806478,0.5787410736083984,0.0,-0.0,0.0,0.0,0.0,0.0,0.0,0.0,0.0,0.0,0.0,0.0,1
1786037845,482513666,0.0,-1.6567862669574183,-1.6291487852679651,-1.1327856222735804,-4.6177948156939905,-4.890375677739279,0.5787171125411987,0.0,-0.0,0.0,0.0,0.0,0.0,0.0,0.0,0.0,0.0,0.0,0.0,1
1786037845,502594709,0.0,-1.6568220297442835,-1.6291607061969202,-1.1328213850604456,-4.61781877676119,-4.890363637601034,0.5787530541419983,0.0,-0.0,0.0,0.0,0.0,0.0,0.0,0.0,0.0,0.0,0.0,0.0,1
1786037845,522404193,0.0,-1.656858269368307,-1.6291726271258753,-1.1327975432025355,-4.617758814488546,-4.890387598668234,0.578777015209198,0.0,-0.0,0.0,0.0,0.0,0.0,0.0,0.0,0.0,0.0,0.0,0.0,1
1786037845,542559862,0.0,-1.65676194826235,-1.6291130224811,-1.1327975432025355,-4.6177828947650355,-4.890399638806478,0.578777015209198,0.0,-0.0,0.0,0.0,0.0,0.0,0.0,0.0,0.0,0.0,0.0,0.0,1
1786037845,562355041,0.0,-1.6567743460284632,-1.629124943410055,-1.1328094641314905,-4.6177948156939905,-4.890399638806478,0.578693151473999,0.0,-0.0,0.0,0.0,0.0,0.0,0.0,0.0,0.0,0.0,0.0,0.0,1
1786037845,582508325,0.0,-1.6567981878863733,-1.629124943410055,-1.1328213850604456,-4.617758814488546,-4.890363637601034,0.5787051320075989,0.0,-0.0,0.0,0.0,0.0,0.0,0.0,0.0,0.0,0.0,0.0,0.0,1
1786037845,602307796,0.0,-1.65676194826235,-1.6291011015521448,-1.1328213850604456,-4.617806855832235,-4.890375677739279,0.5787410736083984,0.0,-0.0,0.0,0.0,0.0,0.0,0.0,0.0,0.0,0.0,0.0,0.0,1
1786037845,622580051,0.0,-1.6568339506732386,-1.629124943410055,-1.1327737013446253,-4.617854777966635,-4.890387598668234,0.5787290930747986,0.0,-0.0,0.0,0.0,0.0,0.0,0.0,0.0,0.0,0.0,0.0,0.0,1
1786037845,642423152,0.0,-1.6567981878863733,-1.62913686433901,-1.1328094641314905,-4.617830816899435,-4.890399638806478,0.5787889957427979,0.0,-0.0,0.0,0.0,0.0,0.0,0.0,0.0,0.0,0.0,0.0,0.0,1
1786037845,662566423,0.0,-1.6567862669574183,-1.6291726271258753,-1.1328094641314905,-4.61781877676119,-4.890387598668234,0.5786811709403992,0.0,-0.0,0.0,0.0,0.0,0.0,0.0,0.0,0.0,0.0,0.0,0.0,1
1786037845,682387351,0.0,-1.656858269368307,-1.6291011015521448,-1.1327975432025355,-4.617770854626791,-4.890363637601034,0.5787290930747986,0.0,-0.0,0.0,0.0,0.0,0.0,0.0,0.0,0.0,0.0,0.0,0.0,1
1786037845,702541351,0.0,-1.6567981878863733,-1.6291011015521448,-1.1328094641314905,-4.6177948156939905,-4.890387598668234,0.5787171125411987,0.0,-0.0,0.0,0.0,0.0,0.0,0.0,0.0,0.0,0.0,0.0,0.0,1
1786037845,722409486,0.0,-1.6568220297442835,-1.629124943410055,-1.132761303578512,-4.61781877676119,-4.890423957501547,0.5787410736083984,0.0,-0.0,0.0,0.0,0.0,0.0,0.0,0.0,0.0,0.0,0.0,0.0,1
1786037845,742564916,0.0,-1.6568220297442835,-1.6291607061969202,-1.1327737013446253,-4.617806855832235,-4.890412036572592,0.5787171125411987,0.0,-0.0,0.0,0.0,0.0,0.0,0.0,0.0,0.0,0.0,0.0,0.0,1
1786037845,762417554,0.0,-1.6567981878863733,-1.6290887037860315,-1.1327737013446253,-4.6177948156939905,-4.890399638806478,0.5787410736083984,0.0,-0.0,0.0,0.0,0.0,0.0,0.0,0.0,0.0,0.0,0.0,0.0,1
1786037845,782581806,0.0,-1.6568220297442835,-1.62913686433901,-1.132761303578512,-4.617770854626791,-4.890412036572592,0.5787171125411987,0.0,-0.0,0.0,0.0,0.0,0.0,0.0,0.0,0.0,0.0,0.0,0.0,1
1786037845,802388668,0.0,-1.6568339506732386,-1.6291726271258753,-1.1328094641314905,-4.617770854626791,-4.890375677739279,0.5787171125411987,0.0,-0.0,0.0,0.0,0.0,0.0,0.0,0.0,0.0,0.0,0.0,0.0,1
1786037845,822404861,0.0,-1.6568220297442835,-1.6291011015521448,-1.1327975432025355,-4.617830816899435,-4.890351716672079,0.5787171125411987,0.0,-0.0,0.0,0.0,0.0,0.0,0.0,0.0,0.0,0.0,0.0,0.0,1
1786037845,842411518,0.0,-1.6567743460284632,-1.62913686433901,-1.1327737013446253,-4.6177828947650355,-4.890387598668234,0.578693151473999,0.0,-0.0,0.0,0.0,0.0,0.0,0.0,0.0,0.0,0.0,0.0,0.0,1
1786037845,862554311,0.0,-1.6567981878863733,-1.6291607061969202,-1.1328094641314905,-4.6177948156939905,-4.890399638806478,0.5787051320075989,0.0,-0.0,0.0,0.0,0.0,0.0,0.0,0.0,0.0,0.0,0.0,0.0,1
1786037845,882556200,0.0,-1.6568339506732386,-1.62913686433901,-1.1327856222735804,-4.61781877676119,-4.890387598668234,0.5787530541419983,0.0,-0.0,0.0,0.0,0.0,0.0,0.0,0.0,0.0,0.0,0.0,0.0,1
1786037845,902659177,0.0,-1.6568220297442835,-1.6291130224811,-1.1328094641314905,-4.617770854626791,-4.890435997639791,0.5787171125411987,0.0,-0.0,0.0,0.0,0.0,0.0,0.0,0.0,0.0,0.0,0.0,0.0,1
1786037845,922410249,0.0,-1.6567743460284632,-1.6291487852679651,-1.132749382649557,-4.6177948156939905,-4.890399638806478,0.578777015209198,0.0,-0.0,0.0,0.0,0.0,0.0,0.0,0.0,0.0,0.0,0.0,0.0,1
1786037845,942528963,0.0,-1.656870190297262,-1.6291607061969202,-1.1328094641314905,-4.6177948156939905,-4.890351716672079,0.578777015209198,0.0,-0.0,0.0,0.0,0.0,0.0,0.0,0.0,0.0,0.0,0.0,0.0,1
1786037845,962368249,0.0,-1.6568220297442835,-1.6291487852679651,-1.1328094641314905,-4.617758814488546,-4.890387598668234,0.5787171125411987,0.0,-0.0,0.0,0.0,0.0,0.0,0.0,0.0,0.0,0.0,0.0,0.0,1
1786037845,982690334,0.0,-1.6568220297442835,-1.6291607061969202,-1.1327975432025355,-4.617830816899435,-4.890375677739279,0.5787410736083984,0.0,-0.0,0.0,0.0,0.0,0.0,0.0,0.0,0.0,0.0,0.0,0.0,1
1786037846,2428054,0.0,-1.6567981878863733,-1.6291487852679651,-1.1327856222735804,-4.6177828947650355,-4.890423957501547,0.5786691904067993,0.0,-0.0,0.0,0.0,0.0,0.0,0.0,0.0,0.0,0.0,0.0,0.0,1
1786037846,22524833,0.0,-1.6567981878863733,-1.6291487852679651,-1.1327374617206019,-4.617770854626791,-4.890387598668234,0.5787171125411987,0.0,-0.0,0.0,0.0,0.0,0.0,0.0,0.0,0.0,0.0,0.0,0.0,1
1786037846,42442083,0.0,-1.6568339506732386,-1.62913686433901,-1.1328333059894007,-4.617806855832235,-4.890363637601034,0.5787410736083984,0.0,-0.0,0.0,0.0,0.0,0.0,0.0,0.0,0.0,0.0,0.0,0.0,1
1786037846,62525749,0.0,-1.6567743460284632,-1.6291726271258753,-1.1327975432025355,-4.617770854626791,-4.890339676533834,0.5787410736083984,0.0,-0.0,0.0,0.0,0.0,0.0,0.0,0.0,0.0,0.0,0.0,0.0,1
1786037846,82615375,0.0,-1.6567862669574183,-1.6291607061969202,-1.1327975432025355,-4.617806855832235,-4.890387598668234,0.578693151473999,0.0,-0.0,0.0,0.0,0.0,0.0,0.0,0.0,0.0,0.0,0.0,0.0,1
1786037846,102414608,0.0,-1.6568220297442835,-1.62913686433901,-1.1328094641314905,-4.6177828947650355,-4.890363637601034,0.5786572098731995,0.0,-0.0,0.0,0.0,0.0,0.0,0.0,0.0,0.0,0.0,0.0,0.0,1
1786037846,122396469,0.0,-1.6567743460284632,-1.6291487852679651,-1.132749382649557,-4.617806855832235,-4.890399638806478,0.5787889957427979,0.0,-0.0,0.0,0.0,0.0,0.0,0.0,0.0,0.0,0.0,0.0,0.0,1
1786037846,142453432,0.0,-1.6567981878863733,-1.6291011015521448,-1.132761303578512,-4.617806855832235,-4.890363637601034,0.5787410736083984,0.0,-0.0,0.0,0.0,0.0,0.0,0.0,0.0,0.0,0.0,0.0,0.0,1
1786037846,162297487,0.0,-1.6568458716021937,-1.6291607061969202,-1.1328333059894007,-4.6177948156939905,-4.890387598668234,0.578693151473999,0.0,-0.0,0.0,0.0,0.0,0.0,0.0,0.0,0.0,0.0,0.0,0.0,1
1786037846,182622194,0.0,-1.6568220297442835,-1.6291487852679651,-1.1327856222735804,-4.6177948156939905,-4.890399638806478,0.5787530541419983,0.0,-0.0,0.0,0.0,0.0,0.0,0.0,0.0,0.0,0.0,0.0,0.0,1
1786037846,202382326,0.0,-1.6567981878863733,-1.6291726271258753,-1.1327975432025355,-4.617746893559591,-4.890387598668234,0.5787650346755981,0.0,-0.0,0.0,0.0,0.0,0.0,0.0,0.0,0.0,0.0,0.0,0.0,1
1786037846,222571372,0.0,-1.6568220297442835,-1.6290772596942347,-1.1327975432025355,-4.617806855832235,-4.890363637601034,0.5787171125411987,0.0,-0.0,0.0,0.0,0.0,0.0,0.0,0.0,0.0,0.0,0.0,0.0,1
1786037846,242419719,0.0,-1.6567981878863733,-1.6291130224811,-1.1327975432025355,-4.61784273782839,-4.890339676533834,0.578693151473999,0.0,-0.0,0.0,0.0,0.0,0.0,0.0,0.0,0.0,0.0,0.0,0.0,1
1786037846,262561082,0.0,-1.6568339506732386,-1.629124943410055,-1.1328094641314905,-4.617806855832235,-4.890375677739279,0.5787410736083984,0.0,-0.0,0.0,0.0,0.0,0.0,0.0,0.0,0.0,0.0,0.0,0.0,1
1786037846,282443761,0.0,-1.6567981878863733,-1.6292207876788538,-1.1327856222735804,-4.6177948156939905,-4.890363637601034,0.5787410736083984,0.0,-0.0,0.0,0.0,0.0,0.0,0.0,0.0,0.0,0.0,0.0,0.0,1
1786037846,302516937,0.0,-1.6568220297442835,-1.6291726271258753,-1.1327374617206019,-4.617806855832235,-4.890399638806478,0.5786811709403992,0.0,-0.0,0.0,0.0,0.0,0.0,0.0,0.0,0.0,0.0,0.0,0.0,1
1786037846,322333812,0.0,-1.656858269368307,-1.6291850248919886,-1.132749382649557,-4.617806855832235,-4.890375677739279,0.5787171125411987,0.0,-0.0,0.0,0.0,0.0,0.0,0.0,0.0,0.0,0.0,0.0,0.0,1
1786037846,342409372,0.0,-1.6568101088153284,-1.62913686433901,-1.1328333059894007,-4.6177828947650355,-4.890375677739279,0.5787171125411987,0.0,-0.0,0.0,0.0,0.0,0.0,0.0,0.0,0.0,0.0,0.0,0.0,1
1786037846,362340688,0.0,-1.6567981878863733,-1.6291130224811,-1.1328213850604456,-4.617758814488546,-4.890387598668234,0.5787171125411987,0.0,-0.0,0.0,0.0,0.0,0.0,0.0,0.0,0.0,0.0,0.0,0.0,1
1786037846,382607460,0.0,-1.6568101088153284,-1.629124943410055,-1.1327856222735804,-4.617806855832235,-4.890399638806478,0.5787171125411987,0.0,-0.0,0.0,0.0,0.0,0.0,0.0,0.0,0.0,0.0,0.0,0.0,1
1786037846,402381896,0.0,-1.6568101088153284,-1.6291607061969202,-1.1327975432025355,-4.617770854626791,-4.890387598668234,0.5787530541419983,0.0,-0.0,0.0,0.0,0.0,0.0,0.0,0.0,0.0,0.0,0.0,0.0,1
1786037846,422521591,0.0,-1.6568101088153284,-1.62913686433901,-1.132749382649557,-4.6177828947650355,-4.890363637601034,0.5787290930747986,0.0,-0.0,0.0,0.0,0.0,0.0,0.0,0.0,0.0,0.0,0.0,0.0,1
1786037846,442403316,0.0,-1.6568339506732386,-1.6291487852679651,-1.1327975432025355,-4.617806855832235,-4.890339676533834,0.578777015209198,0.0,-0.0,0.0,0.0,0.0,0.0,0.0,0.0,0.0,0.0,0.0,0.0,1
1786037846,462607145,0.0,-1.6567743460284632,-1.6291607061969202,-1.1327856222735804,-4.617758814488546,-4.890339676533834,0.5787530541419983,0.0,-0.0,0.0,0.0,0.0,0.0,0.0,0.0,0.0,0.0,0.0,0.0,1
1786037846,482409477,0.0,-1.6568101088153284,-1.629124943410055,-1.1328333059894007,-4.6177828947650355,-4.890423957501547,0.578777015209198,0.0,-0.0,0.0,0.0,0.0,0.0,0.0,0.0,0.0,0.0,0.0,0.0,1
1786037846,502679109,0.0,-1.6568458716021937,-1.62913686433901,-1.1328213850604456,-4.6177348534213465,-4.890399638806478,0.578777015209198,0.0,-0.0,0.0,0.0,0.0,0.0,0.0,0.0,0.0,0.0,0.0,0.0,1
1786037846,522321462,0.0,-1.6568101088153284,-1.6291969458209437,-1.1327975432025355,-4.617758814488546,-4.890375677739279,0.5787171125411987,0.0,-0.0,0.0,0.0,0.0,0.0,0.0,0.0,0.0,0.0,0.0,0.0,1
1786037846,542584419,0.0,-1.6568458716021937,-1.629124943410055,-1.1327737013446253,-4.617830816899435,-4.890363637601034,0.5787290930747986,0.0,-0.0,0.0,0.0,0.0,0.0,0.0,0.0,0.0,0.0,0.0,0.0,1
1786037846,562352180,0.0,-1.6568101088153284,-1.6290887037860315,-1.132761303578512,-4.617830816899435,-4.890339676533834,0.5786811709403992,0.0,-0.0,0.0,0.0,0.0,0.0,0.0,0.0,0.0,0.0,0.0,0.0,1
1786037846,582556247,0.0,-1.6568220297442835,-1.629124943410055,-1.1328094641314905,-4.61784273782839,-4.890387598668234,0.5787530541419983,0.0,-0.0,0.0,0.0,0.0,0.0,0.0,0.0,0.0,0.0,0.0,0.0,1
1786037846,602394819,0.0,-1.6568101088153284,-1.629124943410055,-1.1327856222735804,-4.617770854626791,-4.890375677739279,0.5787171125411987,0.0,-0.0,0.0,0.0,0.0,0.0,0.0,0.0,0.0,0.0,0.0,0.0,1
1786037846,622507810,0.0,-1.6568220297442835,-1.6291726271258753,-1.1327975432025355,-4.6177828947650355,-4.890399638806478,0.5787290930747986,0.0,-0.0,0.0,0.0,0.0,0.0,0.0,0.0,0.0,0.0,0.0,0.0,1
1786037846,642365455,0.0,-1.6568339506732386,-1.62913686433901,-1.1327975432025355,-4.617806855832235,-4.890339676533834,0.5787889957427979,0.0,-0.0,0.0,0.0,0.0,0.0,0.0,0.0,0.0,0.0,0.0,0.0,1
1786037846,662633895,0.0,-1.6568220297442835,-1.6291850248919886,-1.1328213850604456,-4.617830816899435,-4.890375677739279,0.5787171125411987,0.0,-0.0,0.0,0.0,0.0,0.0,0.0,0.0,0.0,0.0,0.0,0.0,1
1786037846,682416200,0.0,-1.6568339506732386,-1.6291726271258753,-1.1327975432025355,-4.6177948156939905,-4.890399638806478,0.5787171125411987,0.0,-0.0,0.0,0.0,0.0,0.0,0.0,0.0,0.0,0.0,0.0,0.0,1
1786037846,702638387,0.0,-1.6567981878863733,-1.6290887037860315,-1.1328333059894007,-4.617770854626791,-4.890387598668234,0.5787410736083984,0.0,-0.0,0.0,0.0,0.0,0.0,0.0,0.0,0.0,0.0,0.0,0.0,1
1786037846,722363471,0.0,-1.6568339506732386,-1.6291487852679651,-1.132761303578512,-4.617806855832235,-4.890339676533834,0.5787051320075989,0.0,-0.0,0.0,0.0,0.0,0.0,0.0,0.0,0.0,0.0,0.0,0.0,1
1786037846,742549657,0.0,-1.65676194826235,-1.6291011015521448,-1.1328094641314905,-4.617770854626791,-4.890375677739279,0.5787290930747986,0.0,-0.0,0.0,0.0,0.0,0.0,0.0,0.0,0.0,0.0,0.0,0.0,1
1786037846,762509346,0.0,-1.6568458716021937,-1.6291487852679651,-1.1327737013446253,-4.6177948156939905,-4.890375677739279,0.5787530541419983,0.0,-0.0,0.0,0.0,0.0,0.0,0.0,0.0,0.0,0.0,0.0,0.0,1
1786037846,782560110,0.0,-1.6567981878863733,-1.6291011015521448,-1.1328333059894007,-4.6177348534213465,-4.890387598668234,0.5787410736083984,0.0,-0.0,0.0,0.0,0.0,0.0,0.0,0.0,0.0,0.0,0.0,0.0,1
1786037846,802520990,0.0,-1.656858269368307,-1.6291130224811,-1.132749382649557,-4.6177828947650355,-4.890387598668234,0.5787650346755981,0.0,-0.0,0.0,0.0,0.0,0.0,0.0,0.0,0.0,0.0,0.0,0.0,1
1786037846,822563409,0.0,-1.6568339506732386,-1.6291607061969202,-1.1328213850604456,-4.617830816899435,-4.890412036572592,0.5787410736083984,0.0,-0.0,0.0,0.0,0.0,0.0,0.0,0.0,0.0,0.0,0.0,0.0,1
1786037846,842368602,0.0,-1.6568339506732386,-1.629124943410055,-1.1327975432025355,-4.617806855832235,-4.890375677739279,0.5787530541419983,0.0,-0.0,0.0,0.0,0.0,0.0,0.0,0.0,0.0,0.0,0.0,0.0,1
1786037846,862649917,0.0,-1.6568220297442835,-1.6291130224811,-1.132761303578512,-4.6177948156939905,-4.890435997639791,0.5787051320075989,0.0,-0.0,0.0,0.0,0.0,0.0,0.0,0.0,0.0,0.0,0.0,0.0,1
1786037846,882357835,0.0,-1.6567862669574183,-1.629124943410055,-1.1327856222735804,-4.617806855832235,-4.890387598668234,0.5787290930747986,0.0,-0.0,0.0,0.0,0.0,0.0,0.0,0.0,0.0,0.0,0.0,0.0,1
1786037846,902662515,0.0,-1.6568339506732386,-1.6291487852679651,-1.1328333059894007,-4.6177948156939905,-4.890375677739279,0.5786691904067993,0.0,-0.0,0.0,0.0,0.0,0.0,0.0,0.0,0.0,0.0,0.0,0.0,1
1786037846,922404050,0.0,-1.6568101088153284,-1.6291726271258753,-1.1328213850604456,-4.617758814488546,-4.890363637601034,0.5787530541419983,0.0,-0.0,0.0,0.0,0.0,0.0,0.0,0.0,0.0,0.0,0.0,0.0,1
1786037846,942507505,0.0,-1.6568339506732386,-1.6291726271258753,-1.1328213850604456,-4.617830816899435,-4.890351716672079,0.578693151473999,0.0,-0.0,0.0,0.0,0.0,0.0,0.0,0.0,0.0,0.0,0.0,0.0,1
1786037846,962458372,0.0,-1.6567981878863733,-1.6291130224811,-1.1328094641314905,-4.6177828947650355,-4.890363637601034,0.5787530541419983,0.0,-0.0,0.0,0.0,0.0,0.0,0.0,0.0,0.0,0.0,0.0,0.0,1
1786037846,982559680,0.0,-1.6568458716021937,-1.6291487852679651,-1.1327975432025355,-4.617770854626791,-4.890412036572592,0.5787290930747986,0.0,-0.0,0.0,0.0,0.0,0.0,0.0,0.0,0.0,0.0,0.0,0.0,1
1786037847,2415895,0.0,-1.6568220297442835,-1.6291607061969202,-1.1327975432025355,-4.617806855832235,-4.890351716672079,0.5787530541419983,0.0,-0.0,0.0,0.0,0.0,0.0,0.0,0.0,0.0,0.0,0.0,0.0,1
1786037847,22516489,0.0,-1.6568220297442835,-1.6291850248919886,-1.1328213850604456,-4.61781877676119,-4.890351716672079,0.5787530541419983,0.0,-0.0,0.0,0.0,0.0,0.0,0.0,0.0,0.0,0.0,0.0,0.0,1
1786037847,42357206,0.0,-1.6568220297442835,-1.6291130224811,-1.1328213850604456,-4.6177948156939905,-4.890375677739279,0.5787171125411987,0.0,-0.0,0.0,0.0,0.0,0.0,0.0,0.0,0.0,0.0,0.0,0.0,1
1786037847,62577724,0.0,-1.6567862669574183,-1.62913686433901,-1.1327737013446253,-4.61784273782839,-4.890423957501547,0.5787171125411987,0.0,-0.0,0.0,0.0,0.0,0.0,0.0,0.0,0.0,0.0,0.0,0.0,1
1786037847,82421302,0.0,-1.6568220297442835,-1.6290887037860315,-1.1327856222735804,-4.6177828947650355,-4.890339676533834,0.5787410736083984,0.0,-0.0,0.0,0.0,0.0,0.0,0.0,0.0,0.0,0.0,0.0,0.0,1
1786037847,102459192,0.0,-1.6567981878863733,-1.62913686433901,-1.1328213850604456,-4.6177828947650355,-4.890363637601034,0.5787051320075989,0.0,-0.0,0.0,0.0,0.0,0.0,0.0,0.0,0.0,0.0,0.0,0.0,1
1786037847,122380971,0.0,-1.6567862669574183,-1.6292088667498987,-1.1327737013446253,-4.617758814488546,-4.890399638806478,0.5787171125411987,0.0,-0.0,0.0,0.0,0.0,0.0,0.0,0.0,0.0,0.0,0.0,0.0,1
1786037847,142694950,0.0,-1.6567862669574183,-1.6291607061969202,-1.132749382649557,-4.61784273782839,-4.890363637601034,0.5787171125411987,0.0,-0.0,0.0,0.0,0.0,0.0,0.0,0.0,0.0,0.0,0.0,0.0,1
1786037847,162440538,0.0,-1.6568458716021937,-1.6291487852679651,-1.1327975432025355,-4.617806855832235,-4.890327755604879,0.5787290930747986,0.0,-0.0,0.0,0.0,0.0,0.0,0.0,0.0,0.0,0.0,0.0,0.0,1
1786037847,182586431,0.0,-1.6567981878863733,-1.629124943410055,-1.1328094641314905,-4.6177828947650355,-4.890375677739279,0.5787530541419983,0.0,-0.0,0.0,0.0,0.0,0.0,0.0,0.0,0.0,0.0,0.0,0.0,1
1786037847,202409982,0.0,-1.6567862669574183,-1.6290887037860315,-1.1328333059894007,-4.61781877676119,-4.890387598668234,0.5787171125411987,0.0,-0.0,0.0,0.0,0.0,0.0,0.0,0.0,0.0,0.0,0.0,0.0,1
1786037847,222578763,0.0,-1.6568339506732386,-1.6291487852679651,-1.1328333059894007,-4.61781877676119,-4.890339676533834,0.5787171125411987,0.0,-0.0,0.0,0.0,0.0,0.0,0.0,0.0,0.0,0.0,0.0,0.0,1
1786037847,242559909,0.0,-1.6568220297442835,-1.6291130224811,-1.1327856222735804,-4.6177948156939905,-4.890363637601034,0.578693151473999,0.0,-0.0,0.0,0.0,0.0,0.0,0.0,0.0,0.0,0.0,0.0,0.0,1
1786037847,262519121,0.0,-1.6567743460284632,-1.62913686433901,-1.1327737013446253,-4.61781877676119,-4.890339676533834,0.5787530541419983,0.0,-0.0,0.0,0.0,0.0,0.0,0.0,0.0,0.0,0.0,0.0,0.0,1
1786037847,282378196,0.0,-1.6568101088153284,-1.62913686433901,-1.1327856222735804,-4.617770854626791,-4.890399638806478,0.5787171125411987,0.0,-0.0,0.0,0.0,0.0,0.0,0.0,0.0,0.0,0.0,0.0,0.0,1
1786037847,302537202,0.0,-1.6568339506732386,-1.62913686433901,-1.132761303578512,-4.61781877676119,-4.890412036572592,0.5787290930747986,0.0,-0.0,0.0,0.0,0.0,0.0,0.0,0.0,0.0,0.0,0.0,0.0,1
1786037847,322444915,0.0,-1.6567862669574183,-1.6291726271258753,-1.132749382649557,-4.6177828947650355,-4.890363637601034,0.5787650346755981,0.0,-0.0,0.0,0.0,0.0,0.0,0.0,0.0,0.0,0.0,0.0,0.0,1
1786037847,342560529,0.0,-1.6568101088153284,-1.6291726271258753,-1.132761303578512,-4.6177828947650355,-4.890351716672079,0.5787290930747986,0.0,-0.0,0.0,0.0,0.0,0.0,0.0,0.0,0.0,0.0,0.0,0.0,1
1786037847,362381458,0.0,-1.6567743460284632,-1.6291130224811,-1.1327856222735804,-4.6177828947650355,-4.890363637601034,0.5787290930747986,0.0,-0.0,0.0,0.0,0.0,0.0,0.0,0.0,0.0,0.0,0.0,0.0,1
1786037847,382612228,0.0,-1.6568220297442835,-1.6291487852679651,-1.132761303578512,-4.617770854626791,-4.890375677739279,0.578693151473999,0.0,-0.0,0.0,0.0,0.0,0.0,0.0,0.0,0.0,0.0,0.0,0.0,1
1786037847,402318000,0.0,-1.6567981878863733,-1.6291607061969202,-1.1328094641314905,-4.617806855832235,-4.890375677739279,0.578693151473999,0.0,-0.0,0.0,0.0,0.0,0.0,0.0,0.0,0.0,0.0,0.0,0.0,1
1786037847,422522306,0.0,-1.6568458716021937,-1.6291487852679651,-1.1328213850604456,-4.617758814488546,-4.890339676533834,0.578777015209198,0.0,-0.0,0.0,0.0,0.0,0.0,0.0,0.0,0.0,0.0,0.0,0.0,1
1786037847,442361354,0.0,-1.6567862669574183,-1.6291607061969202,-1.1327737013446253,-4.617806855832235,-4.890351716672079,0.5787410736083984,0.0,-0.0,0.0,0.0,0.0,0.0,0.0,0.0,0.0,0.0,0.0,0.0,1
1786037847,462506771,0.0,-1.6568339506732386,-1.6291487852679651,-1.1327856222735804,-4.61781877676119,-4.890327755604879,0.5787530541419983,0.0,-0.0,0.0,0.0,0.0,0.0,0.0,0.0,0.0,0.0,0.0,0.0,1
1786037847,482426643,0.0,-1.6568220297442835,-1.6291130224811,-1.1327975432025355,-4.6177948156939905,-4.890412036572592,0.5787171125411987,0.0,-0.0,0.0,0.0,0.0,0.0,0.0,0.0,0.0,0.0,0.0,0.0,1
1786037847,502533912,0.0,-1.6567981878863733,-1.6291726271258753,-1.1327856222735804,-4.617758814488546,-4.890363637601034,0.5787410736083984,0.0,-0.0,0.0,0.0,0.0,0.0,0.0,0.0,0.0,0.0,0.0,0.0,1
1786037847,522352457,0.0,-1.6568220297442835,-1.629124943410055,-1.1327975432025355,-4.6177948156939905,-4.890351716672079,0.5787290930747986,0.0,-0.0,0.0,0.0,0.0,0.0,0.0,0.0,0.0,0.0,0.0,0.0,1
1786037847,542543888,0.0,-1.6568458716021937,-1.6291607061969202,-1.1327737013446253,-4.617806855832235,-4.890351716672079,0.5786811709403992,0.0,-0.0,0.0,0.0,0.0,0.0,0.0,0.0,0.0,0.0,0.0,0.0,1
1786037847,562385320,0.0,-1.6568220297442835,-1.6291011015521448,-1.1327975432025355,-4.617770854626791,-4.890387598668234,0.5787290930747986,0.0,-0.0,0.0,0.0,0.0,0.0,0.0,0.0,0.0,0.0,0.0,0.0,1
1786037847,582643032,0.0,-1.6568339506732386,-1.6291607061969202,-1.1327374617206019,-4.617758814488546,-4.890351716672079,0.5787650346755981,0.0,-0.0,0.0,0.0,0.0,0.0,0.0,0.0,0.0,0.0,0.0,0.0,1
1786037847,602436065,0.0,-1.6567743460284632,-1.6291130224811,-1.1328452269183558,-4.61781877676119,-4.890375677739279,0.5787530541419983,0.0,-0.0,0.0,0.0,0.0,0.0,0.0,0.0,0.0,0.0,0.0,0.0,1
1786037847,622514724,0.0,-1.6567981878863733,-1.6291607061969202,-1.132761303578512,-4.61781877676119,-4.890363637601034,0.578693151473999,0.0,-0.0,0.0,0.0,0.0,0.0,0.0,0.0,0.0,0.0,0.0,0.0,1
1786037847,642366170,0.0,-1.6567981878863733,-1.629124943410055,-1.1328333059894007,-4.6177828947650355,-4.890351716672079,0.5787530541419983,0.0,-0.0,0.0,0.0,0.0,0.0,0.0,0.0,0.0,0.0,0.0,0.0,1
1786037847,662531137,0.0,-1.6567862669574183,-1.6291850248919886,-1.1327856222735804,-4.617830816899435,-4.890387598668234,0.5787171125411987,0.0,-0.0,0.0,0.0,0.0,0.0,0.0,0.0,0.0,0.0,0.0,0.0,1
1786037847,682435512,0.0,-1.6567862669574183,-1.629124943410055,-1.1327975432025355,-4.6177948156939905,-4.890387598668234,0.5787051320075989,0.0,-0.0,0.0,0.0,0.0,0.0,0.0,0.0,0.0,0.0,0.0,0.0,1
1786037847,702528476,0.0,-1.6568458716021937,-1.6291011015521448,-1.1327737013446253,-4.61784273782839,-4.890363637601034,0.5787171125411987,0.0,-0.0,0.0,0.0,0.0,0.0,0.0,0.0,0.0,0.0,0.0,0.0,1
1786037847,722426652,0.0,-1.6567743460284632,-1.6291969458209437,-1.1328094641314905,-4.617806855832235,-4.890351716672079,0.5787290930747986,0.0,-0.0,0.0,0.0,0.0,0.0,0.0,0.0,0.0,0.0,0.0,0.0,1
1786037847,742578029,0.0,-1.6568339506732386,-1.6291726271258753,-1.1327856222735804,-4.617830816899435,-4.890363637601034,0.5787290930747986,0.0,-0.0,0.0,0.0,0.0,0.0,0.0,0.0,0.0,0.0,0.0,0.0,1
1786037847,762411355,0.0,-1.6567981878863733,-1.6291487852679651,-1.1328213850604456,-4.6177828947650355,-4.890363637601034,0.578777015209198,0.0,-0.0,0.0,0.0,0.0,0.0,0.0,0.0,0.0,0.0,0.0,0.0,1
1786037847,782546520,0.0,-1.6568220297442835,-1.6291607061969202,-1.1328094641314905,-4.617746893559591,-4.890363637601034,0.5787410736083984,0.0,-0.0,0.0,0.0,0.0,0.0,0.0,0.0,0.0,0.0,0.0,0.0,1
1786037847,802381038,0.0,-1.6567743460284632,-1.6291607061969202,-1.1327975432025355,-4.617830816899435,-4.890351716672079,0.5787650346755981,0.0,-0.0,0.0,0.0,0.0,0.0,0.0,0.0,0.0,0.0,0.0,0.0,1
1786037847,822683811,0.0,-1.6568220297442835,-1.6291607061969202,-1.1327737013446253,-4.61784273782839,-4.890399638806478,0.5787410736083984,0.0,-0.0,0.0,0.0,0.0,0.0,0.0,0.0,0.0,0.0,0.0,0.0,1
1786037847,842364311,0.0,-1.6567981878863733,-1.629124943410055,-1.1327737013446253,-4.6177828947650355,-4.890351716672079,0.5787410736083984,0.0,-0.0,0.0,0.0,0.0,0.0,0.0,0.0,0.0,0.0,0.0,0.0,1
1786037847,862624168,0.0,-1.6567862669574183,-1.6291607061969202,-1.1327856222735804,-4.6177828947650355,-4.890363637601034,0.578693151473999,0.0,-0.0,0.0,0.0,0.0,0.0,0.0,0.0,0.0,0.0,0.0,0.0,1
1786037847,882529973,0.0,-1.6568339506732386,-1.6291726271258753,-1.1328333059894007,-4.617770854626791,-4.890375677739279,0.5787051320075989,0.0,-0.0,0.0,0.0,0.0,0.0,0.0,0.0,0.0,0.0,0.0,0.0,1
1786037847,902511596,0.0,-1.6567981878863733,-1.6291487852679651,-1.1327856222735804,-4.61781877676119,-4.890363637601034,0.5786691904067993,0.0,-0.0,0.0,0.0,0.0,0.0,0.0,0.0,0.0,0.0,0.0,0.0,1
1786037847,922522068,0.0,-1.6568220297442835,-1.629124943410055,-1.1327737013446253,-4.61781877676119,-4.890399638806478,0.5787171125411987,0.0,-0.0,0.0,0.0,0.0,0.0,0.0,0.0,0.0,0.0,0.0,0.0,1
1786037847,942666053,0.0,-1.65676194826235,-1.62913686433901,-1.1328333059894007,-4.617758814488546,-4.890363637601034,0.5787051320075989,0.0,-0.0,0.0,0.0,0.0,0.0,0.0,0.0,0.0,0.0,0.0,0.0,1
1786037847,962403535,0.0,-1.6567743460284632,-1.6291130224811,-1.1327856222735804,-4.6177828947650355,-4.890387598668234,0.5786811709403992,0.0,-0.0,0.0,0.0,0.0,0.0,0.0,0.0,0.0,0.0,0.0,0.0,1
1786037847,982571363,0.0,-1.6567981878863733,-1.629124943410055,-1.1327737013446253,-4.617806855832235,-4.890375677739279,0.5786691904067993,0.0,-0.0,0.0,0.0,0.0,0.0,0.0,0.0,0.0,0.0,0.0,0.0,1
1786037848,2372503,0.0,-1.6568458716021937,-1.629124943410055,-1.1327856222735804,-4.617770854626791,-4.890399638806478,0.5787051320075989,0.0,-0.0,0.0,0.0,0.0,0.0,0.0,0.0,0.0,0.0,0.0,0.0,1
1786037848,22607803,0.0,-1.6568458716021937,-1.6291726271258753,-1.1328333059894007,-4.6177828947650355,-4.890423957501547,0.5787290930747986,0.0,-0.0,0.0,0.0,0.0,0.0,0.0,0.0,0.0,0.0,0.0,0.0,1
1786037848,42513608,0.0,-1.6568101088153284,-1.62913686433901,-1.1327975432025355,-4.6177948156939905,-4.890375677739279,0.5787410736083984,0.0,-0.0,0.0,0.0,0.0,0.0,0.0,0.0,0.0,0.0,0.0,0.0,1
1786037848,62659978,0.0,-1.6568101088153284,-1.6291487852679651,-1.1327856222735804,-4.61784273782839,-4.890375677739279,0.5787290930747986,0.0,-0.0,0.0,0.0,0.0,0.0,0.0,0.0,0.0,0.0,0.0,0.0,1
1786037848,82444906,0.0,-1.6568458716021937,-1.6291726271258753,-1.1328213850604456,-4.617770854626791,-4.890363637601034,0.5787051320075989,0.0,-0.0,0.0,0.0,0.0,0.0,0.0,0.0,0.0,0.0,0.0,0.0,1
1786037848,102602005,0.0,-1.6568220297442835,-1.6291487852679651,-1.1327975432025355,-4.6177948156939905,-4.890387598668234,0.5787051320075989,0.0,-0.0,0.0,0.0,0.0,0.0,0.0,0.0,0.0,0.0,0.0,0.0,1
1786037848,122316598,0.0,-1.6567862669574183,-1.6291130224811,-1.1327856222735804,-4.6177948156939905,-4.890363637601034,0.5787650346755981,0.0,-0.0,0.0,0.0,0.0,0.0,0.0,0.0,0.0,0.0,0.0,0.0,1
1786037848,142567396,0.0,-1.6568220297442835,-1.6291130224811,-1.132761303578512,-4.617806855832235,-4.890399638806478,0.5787410736083984,0.0,-0.0,0.0,0.0,0.0,0.0,0.0,0.0,0.0,0.0,0.0,0.0,1
1786037848,162387132,0.0,-1.65676194826235,-1.6291487852679651,-1.1327975432025355,-4.6177948156939905,-4.890375677739279,0.5787290930747986,0.0,-0.0,0.0,0.0,0.0,0.0,0.0,0.0,0.0,0.0,0.0,0.0,1
1786037848,182620763,0.0,-1.6567862669574183,-1.6291487852679651,-1.1327975432025355,-4.617806855832235,-4.890423957501547,0.5787171125411987,0.0,-0.0,0.0,0.0,0.0,0.0,0.0,0.0,0.0,0.0,0.0,0.0,1
1786037848,202346563,0.0,-1.6568101088153284,-1.6291607061969202,-1.1328094641314905,-4.617746893559591,-4.890412036572592,0.5787650346755981,0.0,-0.0,0.0,0.0,0.0,0.0,0.0,0.0,0.0,0.0,0.0,0.0,1
1786037848,222593069,0.0,-1.6568339506732386,-1.6291130224811,-1.1328094641314905,-4.617806855832235,-4.890375677739279,0.5787051320075989,0.0,-0.0,0.0,0.0,0.0,0.0,0.0,0.0,0.0,0.0,0.0,0.0,1
1786037848,242443799,0.0,-1.6567981878863733,-1.6291011015521448,-1.1328333059894007,-4.617806855832235,-4.890351716672079,0.5787410736083984,0.0,-0.0,0.0,0.0,0.0,0.0,0.0,0.0,0.0,0.0,0.0,0.0,1
1786037848,262537717,0.0,-1.6568101088153284,-1.6291130224811,-1.1327975432025355,-4.617806855832235,-4.890363637601034,0.578693151473999,0.0,-0.0,0.0,0.0,0.0,0.0,0.0,0.0,0.0,0.0,0.0,0.0,1
1786037848,282437324,0.0,-1.656858269368307,-1.6291607061969202,-1.1327856222735804,-4.6177828947650355,-4.890375677739279,0.5787171125411987,0.0,-0.0,0.0,0.0,0.0,0.0,0.0,0.0,0.0,0.0,0.0,0.0,1
1786037848,302523374,0.0,-1.6568220297442835,-1.6291011015521448,-1.1328213850604456,-4.617770854626791,-4.890387598668234,0.5787290930747986,0.0,-0.0,0.0,0.0,0.0,0.0,0.0,0.0,0.0,0.0,0.0,0.0,1
1786037848,322457790,0.0,-1.6568101088153284,-1.629124943410055,-1.1328213850604456,-4.617770854626791,-4.890399638806478,0.5787410736083984,0.0,-0.0,0.0,0.0,0.0,0.0,0.0,0.0,0.0,0.0,0.0,0.0,1
1786037848,342892885,0.0,-1.6568220297442835,-1.6291487852679651,-1.1327975432025355,-4.61781877676119,-4.890375677739279,0.5787650346755981,0.0,-0.0,0.0,0.0,0.0,0.0,0.0,0.0,0.0,0.0,0.0,0.0,1
1786037848,362384080,0.0,-1.65676194826235,-1.6291011015521448,-1.1328094641314905,-4.6177948156939905,-4.890375677739279,0.578693151473999,0.0,-0.0,0.0,0.0,0.0,0.0,0.0,0.0,0.0,0.0,0.0,0.0,1
1786037848,382532119,0.0,-1.6567862669574183,-1.62913686433901,-1.1327737013446253,-4.6177948156939905,-4.890387598668234,0.5787171125411987,0.0,-0.0,0.0,0.0,0.0,0.0,0.0,0.0,0.0,0.0,0.0,0.0,1
1786037848,402383804,0.0,-1.6568220297442835,-1.6291607061969202,-1.1328213850604456,-4.617758814488546,-4.890399638806478,0.5787290930747986,0.0,-0.0,0.0,0.0,0.0,0.0,0.0,0.0,0.0,0.0,0.0,0.0,1
1786037848,422567129,0.0,-1.6568339506732386,-1.6291130224811,-1.1327975432025355,-4.617806855832235,-4.890412036572592,0.578693151473999,0.0,-0.0,0.0,0.0,0.0,0.0,0.0,0.0,0.0,0.0,0.0,0.0,1
1786037848,442430734,0.0,-1.6567981878863733,-1.62913686433901,-1.1327975432025355,-4.617806855832235,-4.890399638806478,0.5787290930747986,0.0,-0.0,0.0,0.0,0.0,0.0,0.0,0.0,0.0,0.0,0.0,0.0,1
1786037848,462442159,0.0,-1.6568101088153284,-1.62913686433901,-1.1327856222735804,-4.61784273782839,-4.890399638806478,0.5787290930747986,0.0,-0.0,0.0,0.0,0.0,0.0,0.0,0.0,0.0,0.0,0.0,0.0,1
1786037848,482439994,0.0,-1.65676194826235,-1.6291487852679651,-1.1327856222735804,-4.6177828947650355,-4.890399638806478,0.5787051320075989,0.0,-0.0,0.0,0.0,0.0,0.0,0.0,0.0,0.0,0.0,0.0,0.0,1
1786037848,502551317,0.0,-1.6568458716021937,-1.6291011015521448,-1.1327737013446253,-4.6177948156939905,-4.890375677739279,0.5787171125411987,0.0,-0.0,0.0,0.0,0.0,0.0,0.0,0.0,0.0,0.0,0.0,0.0,1
1786037848,522361040,0.0,-1.6568220297442835,-1.6291011015521448,-1.1327737013446253,-4.617758814488546,-4.890399638806478,0.5787290930747986,0.0,-0.0,0.0,0.0,0.0,0.0,0.0,0.0,0.0,0.0,0.0,0.0,1
1786037848,542569875,0.0,-1.6568458716021937,-1.6290887037860315,-1.1328213850604456,-4.61781877676119,-4.890351716672079,0.5787410736083984,0.0,-0.0,0.0,0.0,0.0,0.0,0.0,0.0,0.0,0.0,0.0,0.0,1
1786037848,562291860,0.0,-1.6567862669574183,-1.6291850248919886,-1.1327737013446253,-4.617770854626791,-4.890387598668234,0.5787410736083984,0.0,-0.0,0.0,0.0,0.0,0.0,0.0,0.0,0.0,0.0,0.0,0.0,1
1786037848,582550525,0.0,-1.6568458716021937,-1.6291487852679651,-1.132749382649557,-4.6177828947650355,-4.890339676533834,0.5787290930747986,0.0,-0.0,0.0,0.0,0.0,0.0,0.0,0.0,0.0,0.0,0.0,0.0,1
1786037848,602345228,0.0,-1.6568220297442835,-1.62913686433901,-1.132761303578512,-4.61781877676119,-4.890351716672079,0.5787171125411987,0.0,-0.0,0.0,0.0,0.0,0.0,0.0,0.0,0.0,0.0,0.0,0.0,1
1786037848,622529983,0.0,-1.6568458716021937,-1.6291130224811,-1.1328094641314905,-4.617806855832235,-4.890351716672079,0.578693151473999,0.0,-0.0,0.0,0.0,0.0,0.0,0.0,0.0,0.0,0.0,0.0,0.0,1
1786037848,642413854,0.0,-1.6568101088153284,-1.6291487852679651,-1.1327856222735804,-4.617758814488546,-4.890339676533834,0.5787290930747986,0.0,-0.0,0.0,0.0,0.0,0.0,0.0,0.0,0.0,0.0,0.0,0.0,1
1786037848,662510395,0.0,-1.6567981878863733,-1.6291011015521448,-1.1328094641314905,-4.61781877676119,-4.890423957501547,0.5787290930747986,0.0,-0.0,0.0,0.0,0.0,0.0,0.0,0.0,0.0,0.0,0.0,0.0,1
1786037848,682369947,0.0,-1.6567743460284632,-1.62913686433901,-1.132761303578512,-4.61784273782839,-4.890412036572592,0.5787290930747986,0.0,-0.0,0.0,0.0,0.0,0.0,0.0,0.0,0.0,0.0,0.0,0.0,1
1786037848,702455520,0.0,-1.6568339506732386,-1.629124943410055,-1.1328094641314905,-4.617758814488546,-4.890363637601034,0.5787051320075989,0.0,-0.0,0.0,0.0,0.0,0.0,0.0,0.0,0.0,0.0,0.0,0.0,1
1786037848,722449064,0.0,-1.6568339506732386,-1.6291487852679651,-1.132749382649557,-4.617806855832235,-4.890399638806478,0.5787290930747986,0.0,-0.0,0.0,0.0,0.0,0.0,0.0,0.0,0.0,0.0,0.0,0.0,1
1786037848,742625951,0.0,-1.6567743460284632,-1.6291130224811,-1.1328094641314905,-4.6177828947650355,-4.890327755604879,0.5787171125411987,0.0,-0.0,0.0,0.0,0.0,0.0,0.0,0.0,0.0,0.0,0.0,0.0,1
1786037848,762498140,0.0,-1.6568339506732386,-1.62913686433901,-1.1327975432025355,-4.617806855832235,-4.890387598668234,0.5787051320075989,0.0,-0.0,0.0,0.0,0.0,0.0,0.0,0.0,0.0,0.0,0.0,0.0,1
1786037848,782538414,0.0,-1.6567862669574183,-1.62913686433901,-1.132857624684469,-4.61781877676119,-4.890351716672079,0.5787171125411987,0.0,-0.0,0.0,0.0,0.0,0.0,0.0,0.0,0.0,0.0,0.0,0.0,1
1786037848,802380323,0.0,-1.6567981878863733,-1.6291607061969202,-1.1327975432025355,-4.61781877676119,-4.890363637601034,0.5787530541419983,0.0,-0.0,0.0,0.0,0.0,0.0,0.0,0.0,0.0,0.0,0.0,0.0,1
1786037848,822617292,0.0,-1.6568458716021937,-1.629124943410055,-1.132761303578512,-4.617806855832235,-4.890375677739279,0.578693151473999,0.0,-0.0,0.0,0.0,0.0,0.0,0.0,0.0,0.0,0.0,0.0,0.0,1
1786037848,842349529,0.0,-1.6568339506732386,-1.6291607061969202,-1.132761303578512,-4.617746893559591,-4.890387598668234,0.5787410736083984,0.0,-0.0,0.0,0.0,0.0,0.0,0.0,0.0,0.0,0.0,0.0,0.0,1
1786037848,862581253,0.0,-1.6568101088153284,-1.6291726271258753,-1.132761303578512,-4.61781877676119,-4.890375677739279,0.578693151473999,0.0,-0.0,0.0,0.0,0.0,0.0,0.0,0.0,0.0,0.0,0.0,0.0,1
1786037848,882417440,0.0,-1.6567862669574183,-1.629124943410055,-1.1327737013446253,-4.61781877676119,-4.890387598668234,0.5787530541419983,0.0,-0.0,0.0,0.0,0.0,0.0,0.0,0.0,0.0,0.0,0.0,0.0,1
1786037848,902548551,0.0,-1.6568101088153284,-1.6291850248919886,-1.1327856222735804,-4.617770854626791,-4.890363637601034,0.5787410736083984,0.0,-0.0,0.0,0.0,0.0,0.0,0.0,0.0,0.0,0.0,0.0,0.0,1
1786037848,922386884,0.0,-1.6568220297442835,-1.629124943410055,-1.1327975432025355,-4.61781877676119,-4.890423957501547,0.5787290930747986,0.0,-0.0,0.0,0.0,0.0,0.0,0.0,0.0,0.0,0.0,0.0,0.0,1
1786037848,942445993,0.0,-1.6568458716021937,-1.6291130224811,-1.1327856222735804,-4.617758814488546,-4.890351716672079,0.5787650346755981,0.0,-0.0,0.0,0.0,0.0,0.0,0.0,0.0,0.0,0.0,0.0,0.0,1
1786037848,962343454,0.0,-1.656858269368307,-1.6291969458209437,-1.1328213850604456,-4.617806855832235,-4.890363637601034,0.578693151473999,0.0,-0.0,0.0,0.0,0.0,0.0,0.0,0.0,0.0,0.0,0.0,0.0,1
1786037848,982694387,0.0,-1.6567981878863733,-1.6291850248919886,-1.1328094641314905,-4.6177828947650355,-4.890363637601034,0.5787171125411987,0.0,-0.0,0.0,0.0,0.0,0.0,0.0,0.0,0.0,0.0,0.0,0.0,1
1786037849,2421617,0.0,-1.6568101088153284,-1.6291487852679651,-1.1328094641314905,-4.617806855832235,-4.890351716672079,0.5787290930747986,0.0,-0.0,0.0,0.0,0.0,0.0,0.0,0.0,0.0,0.0,0.0,0.0,1
1786037849,22499799,0.0,-1.6568220297442835,-1.6291487852679651,-1.1328333059894007,-4.617806855832235,-4.890387598668234,0.5787530541419983,0.0,-0.0,0.0,0.0,0.0,0.0,0.0,0.0,0.0,0.0,0.0,0.0,1
1786037849,42433023,0.0,-1.6567981878863733,-1.62913686433901,-1.1328333059894007,-4.6177948156939905,-4.890387598668234,0.5787650346755981,0.0,-0.0,0.0,0.0,0.0,0.0,0.0,0.0,0.0,0.0,0.0,0.0,1
1786037849,62589883,0.0,-1.6568339506732386,-1.6291850248919886,-1.1327737013446253,-4.6177948156939905,-4.890399638806478,0.5787410736083984,0.0,-0.0,0.0,0.0,0.0,0.0,0.0,0.0,0.0,0.0,0.0,0.0,1
1786037849,82561254,0.0,-1.656858269368307,-1.6291726271258753,-1.1328333059894007,-4.617806855832235,-4.890363637601034,0.5787410736083984,0.0,-0.0,0.0,0.0,0.0,0.0,0.0,0.0,0.0,0.0,0.0,0.0,1
1786037849,102444887,0.0,-1.6568220297442835,-1.6291130224811,-1.1328213850604456,-4.6177828947650355,-4.890363637601034,0.578693151473999,0.0,-0.0,0.0,0.0,0.0,0.0,0.0,0.0,0.0,0.0,0.0,0.0,1
1786037849,122377395,0.0,-1.6568458716021937,-1.6291607061969202,-1.1328094641314905,-4.617758814488546,-4.890339676533834,0.5787410736083984,0.0,-0.0,0.0,0.0,0.0,0.0,0.0,0.0,0.0,0.0,0.0,0.0,1
1786037849,142592668,0.0,-1.6568220297442835,-1.6291011015521448,-1.1328452269183558,-4.6177948156939905,-4.890351716672079,0.5787171125411987,0.0,-0.0,0.0,0.0,0.0,0.0,0.0,0.0,0.0,0.0,0.0,0.0,1
1786037849,162348031,0.0,-1.6567981878863733,-1.6291487852679651,-1.1327856222735804,-4.617758814488546,-4.890387598668234,0.578693151473999,0.0,-0.0,0.0,0.0,0.0,0.0,0.0,0.0,0.0,0.0,0.0,0.0,1
1786037849,182496309,0.0,-1.6568458716021937,-1.6291850248919886,-1.1328213850604456,-4.6177948156939905,-4.890363637601034,0.578693151473999,0.0,-0.0,0.0,0.0,0.0,0.0,0.0,0.0,0.0,0.0,0.0,0.0,1
1786037849,202543973,0.0,-1.65676194826235,-1.6291726271258753,-1.1328213850604456,-4.617770854626791,-4.890339676533834,0.5787530541419983,0.0,-0.0,0.0,0.0,0.0,0.0,0.0,0.0,0.0,0.0,0.0,0.0,1
1786037849,222456693,0.0,-1.6568220297442835,-1.6290887037860315,-1.132761303578512,-4.617830816899435,-4.890351716672079,0.5787410736083984,0.0,-0.0,0.0,0.0,0.0,0.0,0.0,0.0,0.0,0.0,0.0,0.0,1
1786037849,242405176,0.0,-1.6568220297442835,-1.629124943410055,-1.1327975432025355,-4.617770854626791,-4.890375677739279,0.5787650346755981,0.0,-0.0,0.0,0.0,0.0,0.0,0.0,0.0,0.0,0.0,0.0,0.0,1
1786037849,262409687,0.0,-1.65676194826235,-1.6291969458209437,-1.1328094641314905,-4.617770854626791,-4.890339676533834,0.5787290930747986,0.0,-0.0,0.0,0.0,0.0,0.0,0.0,0.0,0.0,0.0,0.0,0.0,1
1786037849,282358646,0.0,-1.6568220297442835,-1.6291130224811,-1.132749382649557,-4.617806855832235,-4.890351716672079,0.5787051320075989,0.0,-0.0,0.0,0.0,0.0,0.0,0.0,0.0,0.0,0.0,0.0,0.0,1
1786037849,302566766,0.0,-1.6567862669574183,-1.6291850248919886,-1.1328452269183558,-4.617830816899435,-4.890363637601034,0.5787530541419983,0.0,-0.0,0.0,0.0,0.0,0.0,0.0,0.0,0.0,0.0,0.0,0.0,1
1786037849,322351217,0.0,-1.6568101088153284,-1.6291607061969202,-1.1327737013446253,-4.6177948156939905,-4.890339676533834,0.5787051320075989,0.0,-0.0,0.0,0.0,0.0,0.0,0.0,0.0,0.0,0.0,0.0,0.0,1
1786037849,342500448,0.0,-1.6568220297442835,-1.6291487852679651,-1.1327737013446253,-4.61784273782839,-4.890423957501547,0.5787650346755981,0.0,-0.0,0.0,0.0,0.0,0.0,0.0,0.0,0.0,0.0,0.0,0.0,1
1786037849,362406969,0.0,-1.6568101088153284,-1.6291607061969202,-1.1327975432025355,-4.617830816899435,-4.890327755604879,0.5787530541419983,0.0,-0.0,0.0,0.0,0.0,0.0,0.0,0.0,0.0,0.0,0.0,0.0,1
1786037849,382441759,0.0,-1.6568458716021937,-1.6290887037860315,-1.1327737013446253,-4.617758814488546,-4.890399638806478,0.5786811709403992,0.0,-0.0,0.0,0.0,0.0,0.0,0.0,0.0,0.0,0.0,0.0,0.0,1
1786037849,402400493,0.0,-1.6567981878863733,-1.6291607061969202,-1.1328213850604456,-4.61781877676119,-4.890375677739279,0.5787530541419983,0.0,-0.0,0.0,0.0,0.0,0.0,0.0,0.0,0.0,0.0,0.0,0.0,1
1786037849,422673940,0.0,-1.6568220297442835,-1.62913686433901,-1.132749382649557,-4.617806855832235,-4.890387598668234,0.5787051320075989,0.0,-0.0,0.0,0.0,0.0,0.0,0.0,0.0,0.0,0.0,0.0,0.0,1
1786037849,442414999,0.0,-1.6567862669574183,-1.62913686433901,-1.1328094641314905,-4.617746893559591,-4.890363637601034,0.5787530541419983,0.0,-0.0,0.0,0.0,0.0,0.0,0.0,0.0,0.0,0.0,0.0,0.0,1
1786037849,462559223,0.0,-1.6567862669574183,-1.62913686433901,-1.1328213850604456,-4.6177948156939905,-4.890387598668234,0.5787171125411987,0.0,-0.0,0.0,0.0,0.0,0.0,0.0,0.0,0.0,0.0,0.0,0.0,1
1786037849,482437610,0.0,-1.6568101088153284,-1.629124943410055,-1.1327975432025355,-4.6177948156939905,-4.890375677739279,0.5787410736083984,0.0,-0.0,0.0,0.0,0.0,0.0,0.0,0.0,0.0,0.0,0.0,0.0,1
1786037849,502672672,0.0,-1.6567743460284632,-1.6291487852679651,-1.1327975432025355,-4.6177828947650355,-4.890375677739279,0.5786811709403992,0.0,-0.0,0.0,0.0,0.0,0.0,0.0,0.0,0.0,0.0,0.0,0.0,1
1786037849,522378444,0.0,-1.6568220297442835,-1.6290887037860315,-1.1328094641314905,-4.617746893559591,-4.890363637601034,0.5787650346755981,0.0,-0.0,0.0,0.0,0.0,0.0,0.0,0.0,0.0,0.0,0.0,0.0,1
1786037849,542515754,0.0,-1.6568458716021937,-1.62913686433901,-1.132761303578512,-4.617806855832235,-4.890351716672079,0.5787171125411987,0.0,-0.0,0.0,0.0,0.0,0.0,0.0,0.0,0.0,0.0,0.0,0.0,1
1786037849,562574386,0.0,-1.6567981878863733,-1.6291487852679651,-1.1327737013446253,-4.617806855832235,-4.890351716672079,0.5787051320075989,0.0,-0.0,0.0,0.0,0.0,0.0,0.0,0.0,0.0,0.0,0.0,0.0,1
1786037849,582631587,0.0,-1.6568220297442835,-1.6291850248919886,-1.1328333059894007,-4.617806855832235,-4.890412036572592,0.578693151473999,0.0,-0.0,0.0,0.0,0.0,0.0,0.0,0.0,0.0,0.0,0.0,0.0,1
1786037849,602405548,0.0,-1.6568101088153284,-1.6291487852679651,-1.1327737013446253,-4.617758814488546,-4.890412036572592,0.578693151473999,0.0,-0.0,0.0,0.0,0.0,0.0,0.0,0.0,0.0,0.0,0.0,0.0,1
1786037849,622502803,0.0,-1.6568458716021937,-1.6291487852679651,-1.1327856222735804,-4.61781877676119,-4.890375677739279,0.5787290930747986,0.0,-0.0,0.0,0.0,0.0,0.0,0.0,0.0,0.0,0.0,0.0,0.0,1
1786037849,642402410,0.0,-1.6568220297442835,-1.6291850248919886,-1.132857624684469,-4.6177828947650355,-4.890399638806478,0.5787410736083984,0.0,-0.0,0.0,0.0,0.0,0.0,0.0,0.0,0.0,0.0,0.0,0.0,1
1786037849,662606000,0.0,-1.6568458716021937,-1.6291487852679651,-1.132749382649557,-4.617806855832235,-4.890399638806478,0.5787650346755981,0.0,-0.0,0.0,0.0,0.0,0.0,0.0,0.0,0.0,0.0,0.0,0.0,1
1786037849,682413101,0.0,-1.6568339506732386,-1.6291487852679651,-1.1327737013446253,-4.6177348534213465,-4.890339676533834,0.578693151473999,0.0,-0.0,0.0,0.0,0.0,0.0,0.0,0.0,0.0,0.0,0.0,0.0,1
1786037849,702510833,0.0,-1.6568101088153284,-1.629124943410055,-1.1328213850604456,-4.617806855832235,-4.890412036572592,0.5787290930747986,0.0,-0.0,0.0,0.0,0.0,0.0,0.0,0.0,0.0,0.0,0.0,0.0,1
1786037849,722500085,0.0,-1.6568220297442835,-1.6290887037860315,-1.1327856222735804,-4.61781877676119,-4.890375677739279,0.5787051320075989,0.0,-0.0,0.0,0.0,0.0,0.0,0.0,0.0,0.0,0.0,0.0,0.0,1
1786037849,742555141,0.0,-1.6567981878863733,-1.629124943410055,-1.1328452269183558,-4.6177948156939905,-4.890387598668234,0.5786811709403992,0.0,-0.0,0.0,0.0,0.0,0.0,0.0,0.0,0.0,0.0,0.0,0.0,1
1786037849,762368917,0.0,-1.656858269368307,-1.6291726271258753,-1.1328094641314905,-4.617806855832235,-4.890412036572592,0.5787290930747986,0.0,-0.0,0.0,0.0,0.0,0.0,0.0,0.0,0.0,0.0,0.0,0.0,1
1786037849,782583475,0.0,-1.6567981878863733,-1.62913686433901,-1.1327975432025355,-4.617770854626791,-4.890399638806478,0.578693151473999,0.0,-0.0,0.0,0.0,0.0,0.0,0.0,0.0,0.0,0.0,0.0,0.0,1
1786037849,802360534,0.0,-1.6568220297442835,-1.629124943410055,-1.132761303578512,-4.6177828947650355,-4.890399638806478,0.5787290930747986,0.0,-0.0,0.0,0.0,0.0,0.0,0.0,0.0,0.0,0.0,0.0,0.0,1
1786037849,822407484,0.0,-1.6567862669574183,-1.6291011015521448,-1.132857624684469,-4.617746893559591,-4.890363637601034,0.578693151473999,0.0,-0.0,0.0,0.0,0.0,0.0,0.0,0.0,0.0,0.0,0.0,0.0,1
1786037849,842347860,0.0,-1.656858269368307,-1.629124943410055,-1.1327975432025355,-4.61781877676119,-4.890387598668234,0.578777015209198,0.0,-0.0,0.0,0.0,0.0,0.0,0.0,0.0,0.0,0.0,0.0,0.0,1
1786037849,862558603,0.0,-1.656858269368307,-1.6291607061969202,-1.1328213850604456,-4.617806855832235,-4.890387598668234,0.5787410736083984,0.0,-0.0,0.0,0.0,0.0,0.0,0.0,0.0,0.0,0.0,0.0,0.0,1
1786037849,882337331,0.0,-1.6568339506732386,-1.6291130224811,-1.1328094641314905,-4.61781877676119,-4.890399638806478,0.5787410736083984,0.0,-0.0,0.0,0.0,0.0,0.0,0.0,0.0,0.0,0.0,0.0,0.0,1
1786037849,902743101,0.0,-1.6568220297442835,-1.6291487852679651,-1.1328213850604456,-4.617806855832235,-4.890387598668234,0.5787051320075989,0.0,-0.0,0.0,0.0,0.0,0.0,0.0,0.0,0.0,0.0,0.0,0.0,1
1786037849,922393321,0.0,-1.6568101088153284,-1.6291726271258753,-1.1327737013446253,-4.61781877676119,-4.890351716672079,0.5787410736083984,0.0,-0.0,0.0,0.0,0.0,0.0,0.0,0.0,0.0,0.0,0.0,0.0,1
1786037849,942503690,0.0,-1.6567981878863733,-1.6291487852679651,-1.1328452269183558,-4.6177828947650355,-4.890399638806478,0.578693151473999,0.0,-0.0,0.0,0.0,0.0,0.0,0.0,0.0,0.0,0.0,0.0,0.0,1
1786037849,962361097,0.0,-1.6568101088153284,-1.6291726271258753,-1.1327975432025355,-4.617746893559591,-4.890339676533834,0.5787530541419983,0.0,-0.0,0.0,0.0,0.0,0.0,0.0,0.0,0.0,0.0,0.0,0.0,1
1786037849,982614040,0.0,-1.6567862669574183,-1.62913686433901,-1.1327856222735804,-4.617770854626791,-4.890399638806478,0.5787410736083984,0.0,-0.0,0.0,0.0,0.0,0.0,0.0,0.0,0.0,0.0,0.0,0.0,1
1786037850,2366542,0.0,-1.6567981878863733,-1.6290887037860315,-1.1327975432025355,-4.617758814488546,-4.890399638806478,0.5787171125411987,0.0,-0.0,0.0,0.0,0.0,0.0,0.0,0.0,0.0,0.0,0.0,0.0,1
1786037850,22561788,0.0,-1.6568101088153284,-1.62913686433901,-1.1328452269183558,-4.6177828947650355,-4.890399638806478,0.578693151473999,0.0,-0.0,0.0,0.0,0.0,0.0,0.0,0.0,0.0,0.0,0.0,0.0,1
1786037850,42419195,0.0,-1.6568101088153284,-1.6291850248919886,-1.1328333059894007,-4.6177948156939905,-4.890327755604879,0.5787171125411987,0.0,-0.0,0.0,0.0,0.0,0.0,0.0,0.0,0.0,0.0,0.0,0.0,1
1786037850,62574386,0.0,-1.656858269368307,-1.6291726271258753,-1.132749382649557,-4.617806855832235,-4.890375677739279,0.5787171125411987,0.0,-0.0,0.0,0.0,0.0,0.0,0.0,0.0,0.0,0.0,0.0,0.0,1
1786037850,82327127,0.0,-1.6568220297442835,-1.629124943410055,-1.1327856222735804,-4.617806855832235,-4.890387598668234,0.5786691904067993,0.0,-0.0,0.0,0.0,0.0,0.0,0.0,0.0,0.0,0.0,0.0,0.0,1
1786037850,102615118,0.0,-1.6568101088153284,-1.6290772596942347,-1.1328452269183558,-4.6177828947650355,-4.890399638806478,0.5787530541419983,0.0,-0.0,0.0,0.0,0.0,0.0,0.0,0.0,0.0,0.0,0.0,0.0,1
1786037850,122432708,0.0,-1.6568220297442835,-1.6291130224811,-1.1327975432025355,-4.61781877676119,-4.890399638806478,0.5787410736083984,0.0,-0.0,0.0,0.0,0.0,0.0,0.0,0.0,0.0,0.0,0.0,0.0,1
1786037850,142571210,0.0,-1.6568101088153284,-1.6290887037860315,-1.1328094641314905,-4.61784273782839,-4.890423957501547,0.5787171125411987,0.0,-0.0,0.0,0.0,0.0,0.0,0.0,0.0,0.0,0.0,0.0,0.0,1
1786037850,162408351,0.0,-1.6567743460284632,-1.629124943410055,-1.1327737013446253,-4.617830816899435,-4.890339676533834,0.578693151473999,0.0,-0.0,0.0,0.0,0.0,0.0,0.0,0.0,0.0,0.0,0.0,0.0,1
1786037850,182663202,0.0,-1.656870190297262,-1.6290887037860315,-1.1328213850604456,-4.617770854626791,-4.890363637601034,0.5787410736083984,0.0,-0.0,0.0,0.0,0.0,0.0,0.0,0.0,0.0,0.0,0.0,0.0,1
1786037850,202413320,0.0,-1.6568339506732386,-1.6291130224811,-1.1327975432025355,-4.61784273782839,-4.890399638806478,0.5787290930747986,0.0,-0.0,0.0,0.0,0.0,0.0,0.0,0.0,0.0,0.0,0.0,0.0,1
1786037850,222452878,0.0,-1.6568458716021937,-1.6291130224811,-1.132761303578512,-4.6177948156939905,-4.890375677739279,0.578693151473999,0.0,-0.0,0.0,0.0,0.0,0.0,0.0,0.0,0.0,0.0,0.0,0.0,1
1786037850,242339849,0.0,-1.6568101088153284,-1.6291850248919886,-1.132761303578512,-4.617806855832235,-4.890375677739279,0.5787530541419983,0.0,-0.0,0.0,0.0,0.0,0.0,0.0,0.0,0.0,0.0,0.0,0.0,1
1786037850,262612342,0.0,-1.6567981878863733,-1.6291487852679651,-1.1327737013446253,-4.6177948156939905,-4.890387598668234,0.5787171125411987,0.0,-0.0,0.0,0.0,0.0,0.0,0.0,0.0,0.0,0.0,0.0,0.0,1
1786037850,282355785,0.0,-1.6568220297442835,-1.6291850248919886,-1.1327737013446253,-4.617830816899435,-4.890412036572592,0.5787051320075989,0.0,-0.0,0.0,0.0,0.0,0.0,0.0,0.0,0.0,0.0,0.0,0.0,1
1786037850,302569150,0.0,-1.6567743460284632,-1.6291487852679651,-1.1327975432025355,-4.617758814488546,-4.890387598668234,0.5787410736083984,0.0,-0.0,0.0,0.0,0.0,0.0,0.0,0.0,0.0,0.0,0.0,0.0,1
1786037850,322379112,0.0,-1.6568220297442835,-1.6291487852679651,-1.132749382649557,-4.6177948156939905,-4.890339676533834,0.5787290930747986,0.0,-0.0,0.0,0.0,0.0,0.0,0.0,0.0,0.0,0.0,0.0,0.0,1
1786037850,342515945,0.0,-1.6568101088153284,-1.6291130224811,-1.1327975432025355,-4.617806855832235,-4.890387598668234,0.578693151473999,0.0,-0.0,0.0,0.0,0.0,0.0,0.0,0.0,0.0,0.0,0.0,0.0,1
1786037850,362393140,0.0,-1.6568220297442835,-1.6291011015521448,-1.1327856222735804,-4.617770854626791,-4.890375677739279,0.5786691904067993,0.0,-0.0,0.0,0.0,0.0,0.0,0.0,0.0,0.0,0.0,0.0,0.0,1
1786037850,382607936,0.0,-1.6568339506732386,-1.6291487852679651,-1.1327975432025355,-4.617758814488546,-4.890351716672079,0.5786811709403992,0.0,-0.0,0.0,0.0,0.0,0.0,0.0,0.0,0.0,0.0,0.0,0.0,1
1786037850,402412652,0.0,-1.656858269368307,-1.6291607061969202,-1.1328333059894007,-4.61781877676119,-4.890387598668234,0.5786811709403992,0.0,-0.0,0.0,0.0,0.0,0.0,0.0,0.0,0.0,0.0,0.0,0.0,1
1786037850,422413349,0.0,-1.6568101088153284,-1.6291850248919886,-1.1327737013446253,-4.6177828947650355,-4.890363637601034,0.5786691904067993,0.0,-0.0,0.0,0.0,0.0,0.0,0.0,0.0,0.0,0.0,0.0,0.0,1
1786037850,442360639,0.0,-1.6568101088153284,-1.62913686433901,-1.132761303578512,-4.61781877676119,-4.890351716672079,0.5787530541419983,0.0,-0.0,0.0,0.0,0.0,0.0,0.0,0.0,0.0,0.0,0.0,0.0,1
1786037850,462562561,0.0,-1.6568101088153284,-1.629124943410055,-1.1328452269183558,-4.617758814488546,-4.890375677739279,0.5787410736083984,0.0,-0.0,0.0,0.0,0.0,0.0,0.0,0.0,0.0,0.0,0.0,0.0,1
1786037850,482330799,0.0,-1.6568339506732386,-1.6291487852679651,-1.1327975432025355,-4.6177828947650355,-4.890375677739279,0.5787530541419983,0.0,-0.0,0.0,0.0,0.0,0.0,0.0,0.0,0.0,0.0,0.0,0.0,1
1786037850,502421855,0.0,-1.656858269368307,-1.6290887037860315,-1.1327856222735804,-4.6177948156939905,-4.890412036572592,0.5787530541419983,0.0,-0.0,0.0,0.0,0.0,0.0,0.0,0.0,0.0,0.0,0.0,0.0,1
1786037850,522358894,0.0,-1.656858269368307,-1.6291011015521448,-1.1328094641314905,-4.61781877676119,-4.890387598668234,0.5787051320075989,0.0,-0.0,0.0,0.0,0.0,0.0,0.0,0.0,0.0,0.0,0.0,0.0,1
1786037850,542588949,0.0,-1.6568339506732386,-1.629124943410055,-1.1328213850604456,-4.6177948156939905,-4.890412036572592,0.578777015209198,0.0,-0.0,0.0,0.0,0.0,0.0,0.0,0.0,0.0,0.0,0.0,0.0,1
1786037850,562333345,0.0,-1.6568458716021937,-1.6291969458209437,-1.1327975432025355,-4.617806855832235,-4.890339676533834,0.5787410736083984,0.0,-0.0,0.0,0.0,0.0,0.0,0.0,0.0,0.0,0.0,0.0,0.0,1
1786037850,582551717,0.0,-1.6567862669574183,-1.6291607061969202,-1.1328333059894007,-4.61781877676119,-4.890387598668234,0.5787530541419983,0.0,-0.0,0.0,0.0,0.0,0.0,0.0,0.0,0.0,0.0,0.0,0.0,1
1786037850,602507591,0.0,-1.6568220297442835,-1.6290887037860315,-1.1327737013446253,-4.6177948156939905,-4.890375677739279,0.5786811709403992,0.0,-0.0,0.0,0.0,0.0,0.0,0.0,0.0,0.0,0.0,0.0,0.0,1
1786037850,622645139,0.0,-1.6567981878863733,-1.6290772596942347,-1.1327975432025355,-4.617770854626791,-4.890412036572592,0.5787171125411987,0.0,-0.0,0.0,0.0,0.0,0.0,0.0,0.0,0.0,0.0,0.0,0.0,1
1786037850,642417192,0.0,-1.6568339506732386,-1.62913686433901,-1.132761303578512,-4.61781877676119,-4.890399638806478,0.5786811709403992,0.0,-0.0,0.0,0.0,0.0,0.0,0.0,0.0,0.0,0.0,0.0,0.0,1
1786037850,662512779,0.0,-1.6568220297442835,-1.629124943410055,-1.1328094641314905,-4.6177948156939905,-4.890339676533834,0.5787290930747986,0.0,-0.0,0.0,0.0,0.0,0.0,0.0,0.0,0.0,0.0,0.0,0.0,1
1786037850,682570934,0.0,-1.6568220297442835,-1.6291130224811,-1.1327737013446253,-4.617854777966635,-4.890412036572592,0.578693151473999,0.0,-0.0,0.0,0.0,0.0,0.0,0.0,0.0,0.0,0.0,0.0,0.0,1
1786037850,702600002,0.0,-1.6568101088153284,-1.6291011015521448,-1.1327737013446253,-4.617806855832235,-4.890412036572592,0.5787051320075989,0.0,-0.0,0.0,0.0,0.0,0.0,0.0,0.0,0.0,0.0,0.0,0.0,1
1786037850,722337245,0.0,-1.6567862669574183,-1.6291726271258753,-1.1327975432025355,-4.617770854626791,-4.890399638806478,0.5787290930747986,0.0,-0.0,0.0,0.0,0.0,0.0,0.0,0.0,0.0,0.0,0.0,0.0,1
1786037850,742581844,0.0,-1.6568458716021937,-1.6292088667498987,-1.1327737013446253,-4.617806855832235,-4.890375677739279,0.5787051320075989,0.0,-0.0,0.0,0.0,0.0,0.0,0.0,0.0,0.0,0.0,0.0,0.0,1
1786037850,762385129,0.0,-1.6567981878863733,-1.629124943410055,-1.1327856222735804,-4.6177948156939905,-4.890423957501547,0.5787290930747986,0.0,-0.0,0.0,0.0,0.0,0.0,0.0,0.0,0.0,0.0,0.0,0.0,1
1786037850,782629489,0.0,-1.6568101088153284,-1.6290772596942347,-1.1328094641314905,-4.617746893559591,-4.890375677739279,0.5787410736083984,0.0,-0.0,0.0,0.0,0.0,0.0,0.0,0.0,0.0,0.0,0.0,0.0,1
1786037850,802415370,0.0,-1.6568101088153284,-1.62913686433901,-1.1328213850604456,-4.61781877676119,-4.890387598668234,0.578693151473999,0.0,-0.0,0.0,0.0,0.0,0.0,0.0,0.0,0.0,0.0,0.0,0.0,1
1786037850,822564125,0.0,-1.6567743460284632,-1.629124943410055,-1.1327856222735804,-4.617770854626791,-4.890363637601034,0.578693151473999,0.0,-0.0,0.0,0.0,0.0,0.0,0.0,0.0,0.0,0.0,0.0,0.0,1
1786037850,842398405,0.0,-1.6567862669574183,-1.6291487852679651,-1.1328213850604456,-4.617770854626791,-4.890399638806478,0.5787530541419983,0.0,-0.0,0.0,0.0,0.0,0.0,0.0,0.0,0.0,0.0,0.0,0.0,1
1786037850,862455129,0.0,-1.6568458716021937,-1.6291726271258753,-1.1328094641314905,-4.617770854626791,-4.890375677739279,0.5787171125411987,0.0,-0.0,0.0,0.0,0.0,0.0,0.0,0.0,0.0,0.0,0.0,0.0,1
1786037850,882402896,0.0,-1.6567981878863733,-1.6291487852679651,-1.1327975432025355,-4.617830816899435,-4.890412036572592,0.5787410736083984,0.0,-0.0,0.0,0.0,0.0,0.0,0.0,0.0,0.0,0.0,0.0,0.0,1
1786037850,902555704,0.0,-1.6567862669574183,-1.6291726271258753,-1.1327856222735804,-4.617830816899435,-4.890351716672079,0.5787410736083984,0.0,-0.0,0.0,0.0,0.0,0.0,0.0,0.0,0.0,0.0,0.0,0.0,1
1786037850,922321081,0.0,-1.6567743460284632,-1.6291487852679651,-1.1328094641314905,-4.6177948156939905,-4.890339676533834,0.578777015209198,0.0,-0.0,0.0,0.0,0.0,0.0,0.0,0.0,0.0,0.0,0.0,0.0,1
1786037850,942580461,0.0,-1.6567981878863733,-1.6291850248919886,-1.1328333059894007,-4.617770854626791,-4.890339676533834,0.5787290930747986,0.0,-0.0,0.0,0.0,0.0,0.0,0.0,0.0,0.0,0.0,0.0,0.0,1
1786037850,962292432,0.0,-1.6567981878863733,-1.629124943410055,-1.1327737013446253,-4.617830816899435,-4.890375677739279,0.5786811709403992,0.0,-0.0,0.0,0.0,0.0,0.0,0.0,0.0,0.0,0.0,0.0,0.0,1
1786037850,982571363,0.0,-1.6567981878863733,-1.6291487852679651,-1.1327975432025355,-4.617758814488546,-4.890363637601034,0.5786811709403992,0.0,-0.0,0.0,0.0,0.0,0.0,0.0,0.0,0.0,0.0,0.0,0.0,1
1786037851,2512693,0.0,-1.6568220297442835,-1.6292207876788538,-1.1327975432025355,-4.6177948156939905,-4.890351716672079,0.5787530541419983,0.0,-0.0,0.0,0.0,0.0,0.0,0.0,0.0,0.0,0.0,0.0,0.0,1
1786037851,22514581,0.0,-1.6567981878863733,-1.62913686433901,-1.1328452269183558,-4.617770854626791,-4.890339676533834,0.5787171125411987,0.0,-0.0,0.0,0.0,0.0,0.0,0.0,0.0,0.0,0.0,0.0,0.0,1
1786037851,42439937,0.0,-1.6568101088153284,-1.6291130224811,-1.1328333059894007,-4.61781877676119,-4.890351716672079,0.5787530541419983,0.0,-0.0,0.0,0.0,0.0,0.0,0.0,0.0,0.0,0.0,0.0,0.0,1
1786037851,62649250,0.0,-1.6568101088153284,-1.6291607061969202,-1.1327856222735804,-4.617770854626791,-4.890423957501547,0.5786811709403992,0.0,-0.0,0.0,0.0,0.0,0.0,0.0,0.0,0.0,0.0,0.0,0.0,1
1786037851,82378864,0.0,-1.6568339506732386,-1.6291607061969202,-1.1327975432025355,-4.6177948156939905,-4.890339676533834,0.578693151473999,0.0,-0.0,0.0,0.0,0.0,0.0,0.0,0.0,0.0,0.0,0.0,0.0,1
1786037851,102598905,0.0,-1.6568101088153284,-1.6291726271258753,-1.1327856222735804,-4.617770854626791,-4.890399638806478,0.5787171125411987,0.0,-0.0,0.0,0.0,0.0,0.0,0.0,0.0,0.0,0.0,0.0,0.0,1
1786037851,122319936,0.0,-1.6568101088153284,-1.6291969458209437,-1.1328094641314905,-4.617770854626791,-4.890375677739279,0.5787171125411987,0.0,-0.0,0.0,0.0,0.0,0.0,0.0,0.0,0.0,0.0,0.0,0.0,1
1786037851,142519235,0.0,-1.6568339506732386,-1.6291130224811,-1.1328094641314905,-4.61781877676119,-4.890351716672079,0.5787171125411987,0.0,-0.0,0.0,0.0,0.0,0.0,0.0,0.0,0.0,0.0,0.0,0.0,1
1786037851,162415504,0.0,-1.6567743460284632,-1.6291487852679651,-1.132749382649557,-4.61781877676119,-4.890412036572592,0.5787290930747986,0.0,-0.0,0.0,0.0,0.0,0.0,0.0,0.0,0.0,0.0,0.0,0.0,1
1786037851,182588577,0.0,-1.6568339506732386,-1.62913686433901,-1.1328213850604456,-4.617806855832235,-4.890387598668234,0.5787530541419983,0.0,-0.0,0.0,0.0,0.0,0.0,0.0,0.0,0.0,0.0,0.0,0.0,1
1786037851,202398777,0.0,-1.6567981878863733,-1.6291011015521448,-1.1328333059894007,-4.6177948156939905,-4.890399638806478,0.5787171125411987,0.0,-0.0,0.0,0.0,0.0,0.0,0.0,0.0,0.0,0.0,0.0,0.0,1
1786037851,222563505,0.0,-1.6567981878863733,-1.6291130224811,-1.1327737013446253,-4.6177948156939905,-4.890412036572592,0.578693151473999,0.0,-0.0,0.0,0.0,0.0,0.0,0.0,0.0,0.0,0.0,0.0,0.0,1
1786037851,242321729,0.0,-1.6568458716021937,-1.6291130224811,-1.1327975432025355,-4.617770854626791,-4.890339676533834,0.5787410736083984,0.0,-0.0,0.0,0.0,0.0,0.0,0.0,0.0,0.0,0.0,0.0,0.0,1
1786037851,262619972,0.0,-1.6568220297442835,-1.6291726271258753,-1.1327975432025355,-4.61784273782839,-4.890412036572592,0.5787650346755981,0.0,-0.0,0.0,0.0,0.0,0.0,0.0,0.0,0.0,0.0,0.0,0.0,1
1786037851,282461166,0.0,-1.6567981878863733,-1.62913686433901,-1.1327975432025355,-4.617806855832235,-4.890387598668234,0.5787290930747986,0.0,-0.0,0.0,0.0,0.0,0.0,0.0,0.0,0.0,0.0,0.0,0.0,1
1786037851,302541255,0.0,-1.6568101088153284,-1.629124943410055,-1.1328094641314905,-4.6177828947650355,-4.890351716672079,0.5787530541419983,0.0,-0.0,0.0,0.0,0.0,0.0,0.0,0.0,0.0,0.0,0.0,0.0,1
1786037851,322346925,0.0,-1.6567981878863733,-1.6292207876788538,-1.1327856222735804,-4.6177828947650355,-4.890399638806478,0.5787171125411987,0.0,-0.0,0.0,0.0,0.0,0.0,0.0,0.0,0.0,0.0,0.0,0.0,1
1786037851,342459440,0.0,-1.6568101088153284,-1.62913686433901,-1.132761303578512,-4.617806855832235,-4.890363637601034,0.5787171125411987,0.0,-0.0,0.0,0.0,0.0,0.0,0.0,0.0,0.0,0.0,0.0,0.0,1
1786037851,362396717,0.0,-1.6568339506732386,-1.6291969458209437,-1.1327856222735804,-4.6177948156939905,-4.890375677739279,0.5787171125411987,0.0,-0.0,0.0,0.0,0.0,0.0,0.0,0.0,0.0,0.0,0.0,0.0,1
1786037851,382578611,0.0,-1.6568339506732386,-1.6291487852679651,-1.1328452269183558,-4.617746893559591,-4.890399638806478,0.5786691904067993,0.0,-0.0,0.0,0.0,0.0,0.0,0.0,0.0,0.0,0.0,0.0,0.0,1
1786037851,402345180,0.0,-1.6567981878863733,-1.62913686433901,-1.1328213850604456,-4.617806855832235,-4.890399638806478,0.5787530541419983,0.0,-0.0,0.0,0.0,0.0,0.0,0.0,0.0,0.0,0.0,0.0,0.0,1
1786037851,422426700,0.0,-1.6567862669574183,-1.6291726271258753,-1.1328213850604456,-4.6177828947650355,-4.890351716672079,0.5787290930747986,0.0,-0.0,0.0,0.0,0.0,0.0,0.0,0.0,0.0,0.0,0.0,0.0,1
1786037851,442281246,0.0,-1.6568101088153284,-1.6291607061969202,-1.1327975432025355,-4.617770854626791,-4.890363637601034,0.5787530541419983,0.0,-0.0,0.0,0.0,0.0,0.0,0.0,0.0,0.0,0.0,0.0,0.0,1
1786037851,462555170,0.0,-1.6568101088153284,-1.6291969458209437,-1.1328094641314905,-4.617758814488546,-4.890351716672079,0.5787410736083984,0.0,-0.0,0.0,0.0,0.0,0.0,0.0,0.0,0.0,0.0,0.0,0.0,1
1786037851,482361078,0.0,-1.6567862669574183,-1.629124943410055,-1.1327975432025355,-4.61781877676119,-4.890351716672079,0.5787171125411987,0.0,-0.0,0.0,0.0,0.0,0.0,0.0,0.0,0.0,0.0,0.0,0.0,1
1786037851,502559423,0.0,-1.6568220297442835,-1.6291726271258753,-1.1328452269183558,-4.61784273782839,-4.890351716672079,0.5787530541419983,0.0,-0.0,0.0,0.0,0.0,0.0,0.0,0.0,0.0,0.0,0.0,0.0,1
1786037851,522402763,0.0,-1.6568101088153284,-1.6291726271258753,-1.1327856222735804,-4.617758814488546,-4.890399638806478,0.5787171125411987,0.0,-0.0,0.0,0.0,0.0,0.0,0.0,0.0,0.0,0.0,0.0,0.0,1
1786037851,542621850,0.0,-1.6568220297442835,-1.6291726271258753,-1.132749382649557,-4.617806855832235,-4.890351716672079,0.578693151473999,0.0,-0.0,0.0,0.0,0.0,0.0,0.0,0.0,0.0,0.0,0.0,0.0,1
1786037851,562349796,0.0,-1.65676194826235,-1.6291011015521448,-1.132857624684469,-4.617806855832235,-4.890363637601034,0.5787171125411987,0.0,-0.0,0.0,0.0,0.0,0.0,0.0,0.0,0.0,0.0,0.0,0.0,1
1786037851,582571983,0.0,-1.6567862669574183,-1.6291726271258753,-1.1327975432025355,-4.6177948156939905,-4.890375677739279,0.5787290930747986,0.0,-0.0,0.0,0.0,0.0,0.0,0.0,0.0,0.0,0.0,0.0,0.0,1
1786037851,602335453,0.0,-1.6567743460284632,-1.62913686433901,-1.1328333059894007,-4.6177948156939905,-4.890399638806478,0.5787051320075989,0.0,-0.0,0.0,0.0,0.0,0.0,0.0,0.0,0.0,0.0,0.0,0.0,1
1786037851,622537374,0.0,-1.6568101088153284,-1.629124943410055,-1.1327856222735804,-4.6177948156939905,-4.890375677739279,0.5787171125411987,0.0,-0.0,0.0,0.0,0.0,0.0,0.0,0.0,0.0,0.0,0.0,0.0,1
1786037851,642402410,0.0,-1.65676194826235,-1.629124943410055,-1.1328213850604456,-4.617830816899435,-4.890412036572592,0.578777015209198,0.0,-0.0,0.0,0.0,0.0,0.0,0.0,0.0,0.0,0.0,0.0,0.0,1
1786037851,662450313,0.0,-1.6568101088153284,-1.62913686433901,-1.1327975432025355,-4.6177828947650355,-4.890399638806478,0.5787051320075989,0.0,-0.0,0.0,0.0,0.0,0.0,0.0,0.0,0.0,0.0,0.0,0.0,1
1786037851,682458639,0.0,-1.6568220297442835,-1.6291607061969202,-1.1328333059894007,-4.6177948156939905,-4.890399638806478,0.578693151473999,0.0,-0.0,0.0,0.0,0.0,0.0,0.0,0.0,0.0,0.0,0.0,0.0,1
1786037851,702495574,0.0,-1.6567743460284632,-1.6291969458209437,-1.1327737013446253,-4.6177828947650355,-4.890375677739279,0.5787290930747986,0.0,-0.0,0.0,0.0,0.0,0.0,0.0,0.0,0.0,0.0,0.0,0.0,1
1786037851,722454309,0.0,-1.65676194826235,-1.629124943410055,-1.1328452269183558,-4.61781877676119,-4.890339676533834,0.5787171125411987,0.0,-0.0,0.0,0.0,0.0,0.0,0.0,0.0,0.0,0.0,0.0,0.0,1
1786037851,742548227,0.0,-1.6568339506732386,-1.6291487852679651,-1.132761303578512,-4.617806855832235,-4.890375677739279,0.5787410736083984,0.0,-0.0,0.0,0.0,0.0,0.0,0.0,0.0,0.0,0.0,0.0,0.0,1
1786037851,762373447,0.0,-1.6567981878863733,-1.6291487852679651,-1.132761303578512,-4.617806855832235,-4.890375677739279,0.5787650346755981,0.0,-0.0,0.0,0.0,0.0,0.0,0.0,0.0,0.0,0.0,0.0,0.0,1
1786037851,782637596,0.0,-1.6568101088153284,-1.62913686433901,-1.1328094641314905,-4.6177348534213465,-4.890375677739279,0.578693151473999,0.0,-0.0,0.0,0.0,0.0,0.0,0.0,0.0,0.0,0.0,0.0,0.0,1
1786037851,802447080,0.0,-1.6568101088153284,-1.6291969458209437,-1.1328213850604456,-4.6177948156939905,-4.890351716672079,0.5787410736083984,0.0,-0.0,0.0,0.0,0.0,0.0,0.0,0.0,0.0,0.0,0.0,0.0,1
1786037851,822539329,0.0,-1.6568101088153284,-1.62913686433901,-1.1327975432025355,-4.617806855832235,-4.890399638806478,0.5786811709403992,0.0,-0.0,0.0,0.0,0.0,0.0,0.0,0.0,0.0,0.0,0.0,0.0,1
1786037851,842375516,0.0,-1.656858269368307,-1.6291607061969202,-1.1327975432025355,-4.617758814488546,-4.890339676533834,0.5787171125411987,0.0,-0.0,0.0,0.0,0.0,0.0,0.0,0.0,0.0,0.0,0.0,0.0,1
1786037851,862594842,0.0,-1.6567743460284632,-1.6291607061969202,-1.1328094641314905,-4.61784273782839,-4.890375677739279,0.5787051320075989,0.0,-0.0,0.0,0.0,0.0,0.0,0.0,0.0,0.0,0.0,0.0,0.0,1
1786037851,882374763,0.0,-1.6568220297442835,-1.6291130224811,-1.1327737013446253,-4.61781877676119,-4.890351716672079,0.5787410736083984,0.0,-0.0,0.0,0.0,0.0,0.0,0.0,0.0,0.0,0.0,0.0,0.0,1
1786037851,902458906,0.0,-1.6567743460284632,-1.6291969458209437,-1.1327737013446253,-4.617770854626791,-4.890375677739279,0.5787650346755981,0.0,-0.0,0.0,0.0,0.0,0.0,0.0,0.0,0.0,0.0,0.0,0.0,1
1786037851,922300100,0.0,-1.6567862669574183,-1.6291607061969202,-1.1328333059894007,-4.61784273782839,-4.890351716672079,0.5787051320075989,0.0,-0.0,0.0,0.0,0.0,0.0,0.0,0.0,0.0,0.0,0.0,0.0,1
1786037851,942449092,0.0,-1.6568101088153284,-1.6290772596942347,-1.1327856222735804,-4.61781877676119,-4.890351716672079,0.5787410736083984,0.0,-0.0,0.0,0.0,0.0,0.0,0.0,0.0,0.0,0.0,0.0,0.0,1
1786037851,962409257,0.0,-1.656858269368307,-1.6291607061969202,-1.1327975432025355,-4.61781877676119,-4.890351716672079,0.5787889957427979,0.0,-0.0,0.0,0.0,0.0,0.0,0.0,0.0,0.0,0.0,0.0,0.0,1
1786037851,982532978,0.0,-1.6568220297442835,-1.6291850248919886,-1.1327856222735804,-4.617710892354147,-4.890387598668234,0.5787051320075989,0.0,-0.0,0.0,0.0,0.0,0.0,0.0,0.0,0.0,0.0,0.0,0.0,1
1786037852,2326011,0.0,-1.6567862669574183,-1.6291487852679651,-1.1328333059894007,-4.617770854626791,-4.890399638806478,0.578693151473999,0.0,-0.0,0.0,0.0,0.0,0.0,0.0,0.0,0.0,0.0,0.0,0.0,1
1786037852,22550106,0.0,-1.6568339506732386,-1.6291487852679651,-1.132761303578512,-4.617806855832235,-4.890351716672079,0.5787171125411987,0.0,-0.0,0.0,0.0,0.0,0.0,0.0,0.0,0.0,0.0,0.0,0.0,1
1786037852,42510032,0.0,-1.6568458716021937,-1.6291607061969202,-1.132749382649557,-4.617770854626791,-4.890399638806478,0.578693151473999,0.0,-0.0,0.0,0.0,0.0,0.0,0.0,0.0,0.0,0.0,0.0,0.0,1
1786037852,62461853,0.0,-1.6568220297442835,-1.6291011015521448,-1.1328333059894007,-4.61781877676119,-4.890423957501547,0.5787410736083984,0.0,-0.0,0.0,0.0,0.0,0.0,0.0,0.0,0.0,0.0,0.0,0.0,1
1786037852,82407951,0.0,-1.6568101088153284,-1.62913686433901,-1.1328094641314905,-4.617770854626791,-4.890351716672079,0.5787650346755981,0.0,-0.0,0.0,0.0,0.0,0.0,0.0,0.0,0.0,0.0,0.0,0.0,1
1786037852,102432012,0.0,-1.6568220297442835,-1.6291726271258753,-1.1328094641314905,-4.6177828947650355,-4.890339676533834,0.5787290930747986,0.0,-0.0,0.0,0.0,0.0,0.0,0.0,0.0,0.0,0.0,0.0,0.0,1
1786037852,122350454,0.0,-1.656858269368307,-1.629124943410055,-1.1328333059894007,-4.6177828947650355,-4.890399638806478,0.5787410736083984,0.0,-0.0,0.0,0.0,0.0,0.0,0.0,0.0,0.0,0.0,0.0,0.0,1
1786037852,142626523,0.0,-1.6568339506732386,-1.6291487852679651,-1.1328213850604456,-4.617830816899435,-4.890351716672079,0.5787410736083984,0.0,-0.0,0.0,0.0,0.0,0.0,0.0,0.0,0.0,0.0,0.0,0.0,1
1786037852,162320137,0.0,-1.6568339506732386,-1.6291607061969202,-1.1328094641314905,-4.61781877676119,-4.890387598668234,0.5787410736083984,0.0,-0.0,0.0,0.0,0.0,0.0,0.0,0.0,0.0,0.0,0.0,0.0,1
1786037852,182632207,0.0,-1.6567862669574183,-1.629124943410055,-1.1327856222735804,-4.61781877676119,-4.890412036572592,0.5787171125411987,0.0,-0.0,0.0,0.0,0.0,0.0,0.0,0.0,0.0,0.0,0.0,0.0,1
1786037852,202427864,0.0,-1.6568220297442835,-1.6291130224811,-1.1327856222735804,-4.617806855832235,-4.890387598668234,0.5787051320075989,0.0,-0.0,0.0,0.0,0.0,0.0,0.0,0.0,0.0,0.0,0.0,0.0,1
1786037852,222434520,0.0,-1.6567862669574183,-1.629124943410055,-1.1327975432025355,-4.6177828947650355,-4.890339676533834,0.5787051320075989,0.0,-0.0,0.0,0.0,0.0,0.0,0.0,0.0,0.0,0.0,0.0,0.0,1
1786037852,242420673,0.0,-1.6567981878863733,-1.629124943410055,-1.1328094641314905,-4.617770854626791,-4.890387598668234,0.5787290930747986,0.0,-0.0,0.0,0.0,0.0,0.0,0.0,0.0,0.0,0.0,0.0,0.0,1
1786037852,262578964,0.0,-1.6567981878863733,-1.629124943410055,-1.1327737013446253,-4.617830816899435,-4.890387598668234,0.5787051320075989,0.0,-0.0,0.0,0.0,0.0,0.0,0.0,0.0,0.0,0.0,0.0,0.0,1
1786037852,282412767,0.0,-1.6568101088153284,-1.6291130224811,-1.1328213850604456,-4.617746893559591,-4.890363637601034,0.5787290930747986,0.0,-0.0,0.0,0.0,0.0,0.0,0.0,0.0,0.0,0.0,0.0,0.0,1
1786037852,302589416,0.0,-1.6568101088153284,-1.6291850248919886,-1.1327856222735804,-4.61781877676119,-4.890351716672079,0.5787530541419983,0.0,-0.0,0.0,0.0,0.0,0.0,0.0,0.0,0.0,0.0,0.0,0.0,1
1786037852,322370052,0.0,-1.6568458716021937,-1.62913686433901,-1.132749382649557,-4.617830816899435,-4.890387598668234,0.5787410736083984,0.0,-0.0,0.0,0.0,0.0,0.0,0.0,0.0,0.0,0.0,0.0,0.0,1
1786037852,342573404,0.0,-1.656870190297262,-1.6291726271258753,-1.1328213850604456,-4.61781877676119,-4.890375677739279,0.5787290930747986,0.0,-0.0,0.0,0.0,0.0,0.0,0.0,0.0,0.0,0.0,0.0,0.0,1
1786037852,362381458,0.0,-1.656858269368307,-1.6291487852679651,-1.132761303578512,-4.61781877676119,-4.890399638806478,0.5787650346755981,0.0,-0.0,0.0,0.0,0.0,0.0,0.0,0.0,0.0,0.0,0.0,0.0,1
1786037852,382604360,0.0,-1.6567862669574183,-1.629124943410055,-1.1328213850604456,-4.6177828947650355,-4.890387598668234,0.5787171125411987,0.0,-0.0,0.0,0.0,0.0,0.0,0.0,0.0,0.0,0.0,0.0,0.0,1
1786037852,402385711,0.0,-1.6567862669574183,-1.6291607061969202,-1.1328094641314905,-4.61784273782839,-4.890375677739279,0.5786691904067993,0.0,-0.0,0.0,0.0,0.0,0.0,0.0,0.0,0.0,0.0,0.0,0.0,1
1786037852,422584295,0.0,-1.6568220297442835,-1.62913686433901,-1.1328213850604456,-4.617806855832235,-4.890412036572592,0.578693151473999,0.0,-0.0,0.0,0.0,0.0,0.0,0.0,0.0,0.0,0.0,0.0,0.0,1
1786037852,442454814,0.0,-1.6568220297442835,-1.6291607061969202,-1.1328213850604456,-4.61784273782839,-4.890375677739279,0.578693151473999,0.0,-0.0,0.0,0.0,0.0,0.0,0.0,0.0,0.0,0.0,0.0,0.0,1
1786037852,462612152,0.0,-1.6568458716021937,-1.6291607061969202,-1.1327856222735804,-4.617770854626791,-4.890387598668234,0.5787290930747986,0.0,-0.0,0.0,0.0,0.0,0.0,0.0,0.0,0.0,0.0,0.0,0.0,1
1786037852,482395172,0.0,-1.6568339506732386,-1.629124943410055,-1.1328333059894007,-4.617806855832235,-4.890351716672079,0.5787290930747986,0.0,-0.0,0.0,0.0,0.0,0.0,0.0,0.0,0.0,0.0,0.0,0.0,1
1786037852,502610445,0.0,-1.6568101088153284,-1.6291487852679651,-1.1327975432025355,-4.617770854626791,-4.890387598668234,0.5787051320075989,0.0,-0.0,0.0,0.0,0.0,0.0,0.0,0.0,0.0,0.0,0.0,0.0,1
1786037852,522343635,0.0,-1.6567862669574183,-1.6291487852679651,-1.1327737013446253,-4.617806855832235,-4.890387598668234,0.5787410736083984,0.0,-0.0,0.0,0.0,0.0,0.0,0.0,0.0,0.0,0.0,0.0,0.0,1
1786037852,542581081,0.0,-1.6568220297442835,-1.6291130224811,-1.1327975432025355,-4.617830816899435,-4.890412036572592,0.5787410736083984,0.0,-0.0,0.0,0.0,0.0,0.0,0.0,0.0,0.0,0.0,0.0,0.0,1
1786037852,562404394,0.0,-1.6568220297442835,-1.6291487852679651,-1.1328213850604456,-4.617758814488546,-4.890399638806478,0.578693151473999,0.0,-0.0,0.0,0.0,0.0,0.0,0.0,0.0,0.0,0.0,0.0,0.0,1
1786037852,582528829,0.0,-1.6568339506732386,-1.629124943410055,-1.1327975432025355,-4.617806855832235,-4.890351716672079,0.5787530541419983,0.0,-0.0,0.0,0.0,0.0,0.0,0.0,0.0,0.0,0.0,0.0,0.0,1
1786037852,602455615,0.0,-1.6567862669574183,-1.6291487852679651,-1.1327856222735804,-4.6177828947650355,-4.890399638806478,0.5787410736083984,0.0,-0.0,0.0,0.0,0.0,0.0,0.0,0.0,0.0,0.0,0.0,0.0,1
1786037852,622596979,0.0,-1.656858269368307,-1.629124943410055,-1.132749382649557,-4.61781877676119,-4.890363637601034,0.5786691904067993,0.0,-0.0,0.0,0.0,0.0,0.0,0.0,0.0,0.0,0.0,0.0,0.0,1
1786037852,642544746,0.0,-1.6567981878863733,-1.62913686433901,-1.1327975432025355,-4.6177948156939905,-4.890387598668234,0.578693151473999,0.0,-0.0,0.0,0.0,0.0,0.0,0.0,0.0,0.0,0.0,0.0,0.0,1
1786037852,662582635,0.0,-1.6568101088153284,-1.6291487852679651,-1.1328094641314905,-4.617770854626791,-4.890435997639791,0.5787410736083984,0.0,-0.0,0.0,0.0,0.0,0.0,0.0,0.0,0.0,0.0,0.0,0.0,1
1786037852,682356595,0.0,-1.656858269368307,-1.62913686433901,-1.1327737013446253,-4.6177828947650355,-4.890412036572592,0.5787530541419983,0.0,-0.0,0.0,0.0,0.0,0.0,0.0,0.0,0.0,0.0,0.0,0.0,1
1786037852,702553033,0.0,-1.6568101088153284,-1.6291726271258753,-1.1327856222735804,-4.61781877676119,-4.890375677739279,0.5787171125411987,0.0,-0.0,0.0,0.0,0.0,0.0,0.0,0.0,0.0,0.0,0.0,0.0,1
1786037852,722378730,0.0,-1.6568339506732386,-1.6291726271258753,-1.132749382649557,-4.617770854626791,-4.890399638806478,0.5787051320075989,0.0,-0.0,0.0,0.0,0.0,0.0,0.0,0.0,0.0,0.0,0.0,0.0,1
1786037852,742613077,0.0,-1.6567743460284632,-1.629124943410055,-1.1327975432025355,-4.6177828947650355,-4.890375677739279,0.5787051320075989,0.0,-0.0,0.0,0.0,0.0,0.0,0.0,0.0,0.0,0.0,0.0,0.0,1
1786037852,762413740,0.0,-1.6567743460284632,-1.6291726271258753,-1.1328213850604456,-4.617770854626791,-4.890387598668234,0.5787051320075989,0.0,-0.0,0.0,0.0,0.0,0.0,0.0,0.0,0.0,0.0,0.0,0.0,1
1786037852,782429695,0.0,-1.6568220297442835,-1.6291011015521448,-1.1328213850604456,-4.61781877676119,-4.890375677739279,0.5787530541419983,0.0,-0.0,0.0,0.0,0.0,0.0,0.0,0.0,0.0,0.0,0.0,0.0,1
1786037852,802373647,0.0,-1.6568458716021937,-1.6291607061969202,-1.1327975432025355,-4.6177948156939905,-4.890399638806478,0.5787530541419983,0.0,-0.0,0.0,0.0,0.0,0.0,0.0,0.0,0.0,0.0,0.0,0.0,1
1786037852,822453498,0.0,-1.6568101088153284,-1.6290887037860315,-1.1328333059894007,-4.6177948156939905,-4.890399638806478,0.578693151473999,0.0,-0.0,0.0,0.0,0.0,0.0,0.0,0.0,0.0,0.0,0.0,0.0,1
1786037852,842353820,0.0,-1.6568458716021937,-1.6291130224811,-1.1327737013446253,-4.6177828947650355,-4.890399638806478,0.5787410736083984,0.0,-0.0,0.0,0.0,0.0,0.0,0.0,0.0,0.0,0.0,0.0,0.0,1
1786037852,862596035,0.0,-1.6568220297442835,-1.62913686433901,-1.1328094641314905,-4.617770854626791,-4.890387598668234,0.5787650346755981,0.0,-0.0,0.0,0.0,0.0,0.0,0.0,0.0,0.0,0.0,0.0,0.0,1
1786037852,882384061,0.0,-1.6567981878863733,-1.629124943410055,-1.1328094641314905,-4.61784273782839,-4.890363637601034,0.5787051320075989,0.0,-0.0,0.0,0.0,0.0,0.0,0.0,0.0,0.0,0.0,0.0,0.0,1
1786037852,902579545,0.0,-1.6568101088153284,-1.6291487852679651,-1.1327737013446253,-4.6177828947650355,-4.890351716672079,0.5787290930747986,0.0,-0.0,0.0,0.0,0.0,0.0,0.0,0.0,0.0,0.0,0.0,0.0,1
1786037852,922367334,0.0,-1.6568220297442835,-1.6291850248919886,-1.1328094641314905,-4.6177828947650355,-4.890327755604879,0.5787171125411987,0.0,-0.0,0.0,0.0,0.0,0.0,0.0,0.0,0.0,0.0,0.0,0.0,1
1786037852,942599058,0.0,-1.6568220297442835,-1.62913686433901,-1.1328452269183558,-4.6177948156939905,-4.890412036572592,0.5787051320075989,0.0,-0.0,0.0,0.0,0.0,0.0,0.0,0.0,0.0,0.0,0.0,0.0,1
1786037852,962713718,0.0,-1.6568220297442835,-1.62913686433901,-1.1327737013446253,-4.6177828947650355,-4.890363637601034,0.5787171125411987,0.0,-0.0,0.0,0.0,0.0,0.0,0.0,0.0,0.0,0.0,0.0,0.0,1
1786037852,982544660,0.0,-1.6568220297442835,-1.6291726271258753,-1.1328333059894007,-4.617770854626791,-4.890363637601034,0.5787410736083984,0.0,-0.0,0.0,0.0,0.0,0.0,0.0,0.0,0.0,0.0,0.0,0.0,1
1786037853,2398490,0.0,-1.6567981878863733,-1.6291607061969202,-1.132749382649557,-4.61784273782839,-4.890375677739279,0.5787051320075989,0.0,-0.0,0.0,0.0,0.0,0.0,0.0,0.0,0.0,0.0,0.0,0.0,1
1786037853,22611618,0.0,-1.6568101088153284,-1.6291726271258753,-1.1328094641314905,-4.617806855832235,-4.890375677739279,0.5787410736083984,0.0,-0.0,0.0,0.0,0.0,0.0,0.0,0.0,0.0,0.0,0.0,0.0,1
1786037853,42416095,0.0,-1.656858269368307,-1.62913686433901,-1.1327737013446253,-4.617806855832235,-4.890375677739279,0.5786811709403992,0.0,-0.0,0.0,0.0,0.0,0.0,0.0,0.0,0.0,0.0,0.0,0.0,1
1786037853,62529325,0.0,-1.6568339506732386,-1.629124943410055,-1.1327856222735804,-4.6177948156939905,-4.890351716672079,0.5787530541419983,0.0,-0.0,0.0,0.0,0.0,0.0,0.0,0.0,0.0,0.0,0.0,0.0,1
1786037853,82332372,0.0,-1.6568220297442835,-1.6291726271258753,-1.1328094641314905,-4.6177828947650355,-4.890363637601034,0.5787290930747986,0.0,-0.0,0.0,0.0,0.0,0.0,0.0,0.0,0.0,0.0,0.0,0.0,1
1786037853,102623462,0.0,-1.6567862669574183,-1.6291487852679651,-1.132749382649557,-4.6177828947650355,-4.890423957501547,0.578693151473999,0.0,-0.0,0.0,0.0,0.0,0.0,0.0,0.0,0.0,0.0,0.0,0.0,1
1786037853,122403860,0.0,-1.6567500273333948,-1.629124943410055,-1.1328094641314905,-4.617806855832235,-4.890375677739279,0.5787171125411987,0.0,-0.0,0.0,0.0,0.0,0.0,0.0,0.0,0.0,0.0,0.0,0.0,1
1786037853,142518520,0.0,-1.6567743460284632,-1.62913686433901,-1.1327737013446253,-4.6177828947650355,-4.890375677739279,0.5787650346755981,0.0,-0.0,0.0,0.0,0.0,0.0,0.0,0.0,0.0,0.0,0.0,0.0,1
1786037853,162442207,0.0,-1.6567981878863733,-1.6291969458209437,-1.1327975432025355,-4.617758814488546,-4.890339676533834,0.5787410736083984,0.0,-0.0,0.0,0.0,0.0,0.0,0.0,0.0,0.0,0.0,0.0,0.0,1
1786037853,182572603,0.0,-1.6568220297442835,-1.629124943410055,-1.1327856222735804,-4.617806855832235,-4.890375677739279,0.5787171125411987,0.0,-0.0,0.0,0.0,0.0,0.0,0.0,0.0,0.0,0.0,0.0,0.0,1
1786037853,202530384,0.0,-1.6568101088153284,-1.6291607061969202,-1.1327856222735804,-4.61781877676119,-4.890375677739279,0.5787290930747986,0.0,-0.0,0.0,0.0,0.0,0.0,0.0,0.0,0.0,0.0,0.0,0.0,1
1786037853,222527742,0.0,-1.6567862669574183,-1.6290887037860315,-1.132761303578512,-4.6177948156939905,-4.890387598668234,0.5787410736083984,0.0,-0.0,0.0,0.0,0.0,0.0,0.0,0.0,0.0,0.0,0.0,0.0,1
1786037853,242363214,0.0,-1.6568220297442835,-1.6291726271258753,-1.1327856222735804,-4.617770854626791,-4.890387598668234,0.5787410736083984,0.0,-0.0,0.0,0.0,0.0,0.0,0.0,0.0,0.0,0.0,0.0,0.0,1
1786037853,262649536,0.0,-1.6568220297442835,-1.62913686433901,-1.1328333059894007,-4.6177948156939905,-4.890351716672079,0.5787051320075989,0.0,-0.0,0.0,0.0,0.0,0.0,0.0,0.0,0.0,0.0,0.0,0.0,1
1786037853,282393455,0.0,-1.6568458716021937,-1.6291850248919886,-1.1327737013446253,-4.617806855832235,-4.890363637601034,0.5787410736083984,0.0,-0.0,0.0,0.0,0.0,0.0,0.0,0.0,0.0,0.0,0.0,0.0,1
1786037853,302449464,0.0,-1.6567981878863733,-1.6291487852679651,-1.1328213850604456,-4.617830816899435,-4.890375677739279,0.5787051320075989,0.0,-0.0,0.0,0.0,0.0,0.0,0.0,0.0,0.0,0.0,0.0,0.0,1
1786037853,322386503,0.0,-1.6568101088153284,-1.6291726271258753,-1.1327975432025355,-4.617758814488546,-4.890363637601034,0.5787171125411987,0.0,-0.0,0.0,0.0,0.0,0.0,0.0,0.0,0.0,0.0,0.0,0.0,1
1786037853,342544078,0.0,-1.656858269368307,-1.6291130224811,-1.1327737013446253,-4.6177948156939905,-4.890375677739279,0.5787410736083984,0.0,-0.0,0.0,0.0,0.0,0.0,0.0,0.0,0.0,0.0,0.0,0.0,1
1786037853,362352609,0.0,-1.6568220297442835,-1.6291969458209437,-1.1328333059894007,-4.61781877676119,-4.890375677739279,0.5787530541419983,0.0,-0.0,0.0,0.0,0.0,0.0,0.0,0.0,0.0,0.0,0.0,0.0,1
1786037853,382510185,0.0,-1.6568458716021937,-1.6291607061969202,-1.1327975432025355,-4.6177828947650355,-4.890412036572592,0.5787171125411987,0.0,-0.0,0.0,0.0,0.0,0.0,0.0,0.0,0.0,0.0,0.0,0.0,1
1786037853,402359485,0.0,-1.6568101088153284,-1.6291726271258753,-1.1327975432025355,-4.61781877676119,-4.890375677739279,0.578693151473999,0.0,-0.0,0.0,0.0,0.0,0.0,0.0,0.0,0.0,0.0,0.0,0.0,1
1786037853,422548770,0.0,-1.65676194826235,-1.62913686433901,-1.1328333059894007,-4.617758814488546,-4.890412036572592,0.5787171125411987,0.0,-0.0,0.0,0.0,0.0,0.0,0.0,0.0,0.0,0.0,0.0,0.0,1
1786037853,442289590,0.0,-1.6568339506732386,-1.629124943410055,-1.1328213850604456,-4.617830816899435,-4.890351716672079,0.5787530541419983,0.0,-0.0,0.0,0.0,0.0,0.0,0.0,0.0,0.0,0.0,0.0,0.0,1
1786037853,462615013,0.0,-1.6567981878863733,-1.62913686433901,-1.1327975432025355,-4.6177828947650355,-4.890375677739279,0.5787290930747986,0.0,-0.0,0.0,0.0,0.0,0.0,0.0,0.0,0.0,0.0,0.0,0.0,1
1786037853,482316255,0.0,-1.6568458716021937,-1.6291607061969202,-1.132761303578512,-4.617806855832235,-4.890375677739279,0.5787051320075989,0.0,-0.0,0.0,0.0,0.0,0.0,0.0,0.0,0.0,0.0,0.0,0.0,1
1786037853,502578020,0.0,-1.6568339506732386,-1.62913686433901,-1.1328094641314905,-4.617770854626791,-4.890327755604879,0.5787410736083984,0.0,-0.0,0.0,0.0,0.0,0.0,0.0,0.0,0.0,0.0,0.0,0.0,1
1786037853,522339582,0.0,-1.6567981878863733,-1.6291607061969202,-1.1327737013446253,-4.617830816899435,-4.890423957501547,0.578693151473999,0.0,-0.0,0.0,0.0,0.0,0.0,0.0,0.0,0.0,0.0,0.0,0.0,1
1786037853,542528152,0.0,-1.6568101088153284,-1.6291607061969202,-1.1327737013446253,-4.617830816899435,-4.890351716672079,0.5787410736083984,0.0,-0.0,0.0,0.0,0.0,0.0,0.0,0.0,0.0,0.0,0.0,0.0,1
1786037853,562345027,0.0,-1.6568458716021937,-1.62913686433901,-1.1327856222735804,-4.617830816899435,-4.890351716672079,0.578693151473999,0.0,-0.0,0.0,0.0,0.0,0.0,0.0,0.0,0.0,0.0,0.0,0.0,1
1786037853,582611560,0.0,-1.6568101088153284,-1.629124943410055,-1.1327975432025355,-4.617806855832235,-4.890412036572592,0.5787410736083984,0.0,-0.0,0.0,0.0,0.0,0.0,0.0,0.0,0.0,0.0,0.0,0.0,1
1786037853,602361679,0.0,-1.6568339506732386,-1.6290887037860315,-1.1328094641314905,-4.61784273782839,-4.890399638806478,0.5787650346755981,0.0,-0.0,0.0,0.0,0.0,0.0,0.0,0.0,0.0,0.0,0.0,0.0,1
1786037853,622552633,0.0,-1.6567862669574183,-1.6291607061969202,-1.1328333059894007,-4.61781877676119,-4.890399638806478,0.5787410736083984,0.0,-0.0,0.0,0.0,0.0,0.0,0.0,0.0,0.0,0.0,0.0,0.0,1
1786037853,642345666,0.0,-1.6567743460284632,-1.62913686433901,-1.1327975432025355,-4.6177828947650355,-4.890363637601034,0.578693151473999,0.0,-0.0,0.0,0.0,0.0,0.0,0.0,0.0,0.0,0.0,0.0,0.0,1
1786037853,662589550,0.0,-1.6568339506732386,-1.629124943410055,-1.1328094641314905,-4.617770854626791,-4.890387598668234,0.5787171125411987,0.0,-0.0,0.0,0.0,0.0,0.0,0.0,0.0,0.0,0.0,0.0,0.0,1
1786037853,682399988,0.0,-1.6568101088153284,-1.6291850248919886,-1.1327975432025355,-4.617770854626791,-4.890399638806478,0.5787650346755981,0.0,-0.0,0.0,0.0,0.0,0.0,0.0,0.0,0.0,0.0,0.0,0.0,1
1786037853,702532052,0.0,-1.65676194826235,-1.6291607061969202,-1.1327856222735804,-4.617806855832235,-4.890399638806478,0.578693151473999,0.0,-0.0,0.0,0.0,0.0,0.0,0.0,0.0,0.0,0.0,0.0,0.0,1
1786037853,722520112,0.0,-1.6567381064044397,-1.6291607061969202,-1.1327856222735804,-4.617746893559591,-4.890375677739279,0.5787051320075989,0.0,-0.0,0.0,0.0,0.0,0.0,0.0,0.0,0.0,0.0,0.0,0.0,1
1786037853,742606878,0.0,-1.6568458716021937,-1.62913686433901,-1.1327975432025355,-4.6177828947650355,-4.890399638806478,0.5787051320075989,0.0,-0.0,0.0,0.0,0.0,0.0,0.0,0.0,0.0,0.0,0.0,0.0,1
1786037853,762509584,0.0,-1.6567981878863733,-1.6291011015521448,-1.1328094641314905,-4.6177348534213465,-4.890387598668234,0.5787171125411987,0.0,-0.0,0.0,0.0,0.0,0.0,0.0,0.0,0.0,0.0,0.0,0.0,1
1786037853,782546281,0.0,-1.6568220297442835,-1.6291487852679651,-1.1328213850604456,-4.617806855832235,-4.890399638806478,0.5787410736083984,0.0,-0.0,0.0,0.0,0.0,0.0,0.0,0.0,0.0,0.0,0.0,0.0,1
1786037853,802412271,0.0,-1.6568101088153284,-1.6291607061969202,-1.1327737013446253,-4.617770854626791,-4.890412036572592,0.5787171125411987,0.0,-0.0,0.0,0.0,0.0,0.0,0.0,0.0,0.0,0.0,0.0,0.0,1
1786037853,822674751,0.0,-1.6567743460284632,-1.6291130224811,-1.1328094641314905,-4.617770854626791,-4.890375677739279,0.5786811709403992,0.0,-0.0,0.0,0.0,0.0,0.0,0.0,0.0,0.0,0.0,0.0,0.0,1
1786037853,842406988,0.0,-1.6568220297442835,-1.6291607061969202,-1.1328452269183558,-4.617830816899435,-4.890375677739279,0.5787410736083984,0.0,-0.0,0.0,0.0,0.0,0.0,0.0,0.0,0.0,0.0,0.0,0.0,1
1786037853,862511396,0.0,-1.6567981878863733,-1.6291130224811,-1.1327856222735804,-4.61781877676119,-4.890399638806478,0.5787051320075989,0.0,-0.0,0.0,0.0,0.0,0.0,0.0,0.0,0.0,0.0,0.0,0.0,1
1786037853,882536411,0.0,-1.6568220297442835,-1.629124943410055,-1.1328213850604456,-4.617770854626791,-4.890375677739279,0.5787410736083984,0.0,-0.0,0.0,0.0,0.0,0.0,0.0,0.0,0.0,0.0,0.0,0.0,1
1786037853,902443408,0.0,-1.6567743460284632,-1.6291607061969202,-1.132761303578512,-4.6177828947650355,-4.890363637601034,0.578693151473999,0.0,-0.0,0.0,0.0,0.0,0.0,0.0,0.0,0.0,0.0,0.0,0.0,1
1786037853,922456979,0.0,-1.6567862669574183,-1.6291487852679651,-1.1327975432025355,-4.6177828947650355,-4.890399638806478,0.5787530541419983,0.0,-0.0,0.0,0.0,0.0,0.0,0.0,0.0,0.0,0.0,0.0,0.0,1
1786037853,942617893,0.0,-1.6567981878863733,-1.6291607061969202,-1.1327975432025355,-4.61784273782839,-4.890399638806478,0.578693151473999,0.0,-0.0,0.0,0.0,0.0,0.0,0.0,0.0,0.0,0.0,0.0,0.0,1
1786037853,962374687,0.0,-1.6567743460284632,-1.6291607061969202,-1.1328333059894007,-4.617806855832235,-4.890375677739279,0.5787171125411987,0.0,-0.0,0.0,0.0,0.0,0.0,0.0,0.0,0.0,0.0,0.0,0.0,1
1786037853,982535839,0.0,-1.6568220297442835,-1.6291607061969202,-1.132761303578512,-4.617806855832235,-4.890363637601034,0.5787290930747986,0.0,-0.0,0.0,0.0,0.0,0.0,0.0,0.0,0.0,0.0,0.0,0.0,1
1786037854,2365112,0.0,-1.6568339506732386,-1.6291726271258753,-1.132761303578512,-4.6177828947650355,-4.890339676533834,0.5787530541419983,0.0,-0.0,0.0,0.0,0.0,0.0,0.0,0.0,0.0,0.0,0.0,0.0,1
1786037854,22569417,0.0,-1.6568458716021937,-1.6291487852679651,-1.1327737013446253,-4.617770854626791,-4.890339676533834,0.5787171125411987,0.0,-0.0,0.0,0.0,0.0,0.0,0.0,0.0,0.0,0.0,0.0,0.0,1
1786037854,42547941,0.0,-1.6568101088153284,-1.6291607061969202,-1.1327975432025355,-4.617746893559591,-4.890375677739279,0.5787290930747986,0.0,-0.0,0.0,0.0,0.0,0.0,0.0,0.0,0.0,0.0,0.0,0.0,1
1786037854,62570333,0.0,-1.6568220297442835,-1.6291607061969202,-1.1327856222735804,-4.617806855832235,-4.890387598668234,0.5786811709403992,0.0,-0.0,0.0,0.0,0.0,0.0,0.0,0.0,0.0,0.0,0.0,0.0,1
1786037854,82550048,0.0,-1.6568458716021937,-1.6291726271258753,-1.1327856222735804,-4.6177828947650355,-4.890351716672079,0.5787290930747986,0.0,-0.0,0.0,0.0,0.0,0.0,0.0,0.0,0.0,0.0,0.0,0.0,1
1786037854,102548837,0.0,-1.6568458716021937,-1.629124943410055,-1.1327856222735804,-4.6177948156939905,-4.890387598668234,0.578693151473999,0.0,-0.0,0.0,0.0,0.0,0.0,0.0,0.0,0.0,0.0,0.0,0.0,1
1786037854,122447729,0.0,-1.6568101088153284,-1.6291607061969202,-1.1327856222735804,-4.6177948156939905,-4.890412036572592,0.578777015209198,0.0,-0.0,0.0,0.0,0.0,0.0,0.0,0.0,0.0,0.0,0.0,0.0,1
1786037854,142452478,0.0,-1.6568101088153284,-1.6291130224811,-1.1328094641314905,-4.61781877676119,-4.890351716672079,0.5787171125411987,0.0,-0.0,0.0,0.0,0.0,0.0,0.0,0.0,0.0,0.0,0.0,0.0,1
1786037854,162388563,0.0,-1.6567743460284632,-1.629124943410055,-1.1327975432025355,-4.617806855832235,-4.890412036572592,0.5787051320075989,0.0,-0.0,0.0,0.0,0.0,0.0,0.0,0.0,0.0,0.0,0.0,0.0,1
1786037854,182571887,0.0,-1.6568339506732386,-1.6291487852679651,-1.1328213850604456,-4.61781877676119,-4.890399638806478,0.5787051320075989,0.0,-0.0,0.0,0.0,0.0,0.0,0.0,0.0,0.0,0.0,0.0,0.0,1
1786037854,202358722,0.0,-1.6567981878863733,-1.6291607061969202,-1.1328333059894007,-4.6177948156939905,-4.890387598668234,0.5787410736083984,0.0,-0.0,0.0,0.0,0.0,0.0,0.0,0.0,0.0,0.0,0.0,0.0,1
1786037854,222584247,0.0,-1.6568101088153284,-1.6290772596942347,-1.1328213850604456,-4.617830816899435,-4.890363637601034,0.5787290930747986,0.0,-0.0,0.0,0.0,0.0,0.0,0.0,0.0,0.0,0.0,0.0,0.0,1
1786037854,242334127,0.0,-1.6568339506732386,-1.629124943410055,-1.1327856222735804,-4.617806855832235,-4.890387598668234,0.5787410736083984,0.0,-0.0,0.0,0.0,0.0,0.0,0.0,0.0,0.0,0.0,0.0,0.0,1
1786037854,262742280,0.0,-1.6567981878863733,-1.6291969458209437,-1.1327737013446253,-4.6177948156939905,-4.890375677739279,0.5786691904067993,0.0,-0.0,0.0,0.0,0.0,0.0,0.0,0.0,0.0,0.0,0.0,0.0,1
1786037854,282376527,0.0,-1.6568825880633753,-1.6291130224811,-1.132761303578512,-4.617806855832235,-4.890327755604879,0.5787530541419983,0.0,-0.0,0.0,0.0,0.0,0.0,0.0,0.0,0.0,0.0,0.0,0.0,1
1786037854,302563905,0.0,-1.6567981878863733,-1.6291130224811,-1.132749382649557,-4.617806855832235,-4.890363637601034,0.5787051320075989,0.0,-0.0,0.0,0.0,0.0,0.0,0.0,0.0,0.0,0.0,0.0,0.0,1
1786037854,322545766,0.0,-1.6568339506732386,-1.6291487852679651,-1.132761303578512,-4.617770854626791,-4.890375677739279,0.5786811709403992,0.0,-0.0,0.0,0.0,0.0,0.0,0.0,0.0,0.0,0.0,0.0,0.0,1
1786037854,342616796,0.0,-1.6568220297442835,-1.62913686433901,-1.1327856222735804,-4.617770854626791,-4.890387598668234,0.5787051320075989,0.0,-0.0,0.0,0.0,0.0,0.0,0.0,0.0,0.0,0.0,0.0,0.0,1
1786037854,362363815,0.0,-1.656858269368307,-1.6291487852679651,-1.1328094641314905,-4.61784273782839,-4.890363637601034,0.578693151473999,0.0,-0.0,0.0,0.0,0.0,0.0,0.0,0.0,0.0,0.0,0.0,0.0,1
1786037854,382614612,0.0,-1.656870190297262,-1.629124943410055,-1.1327975432025355,-4.6177948156939905,-4.890399638806478,0.5787530541419983,0.0,-0.0,0.0,0.0,0.0,0.0,0.0,0.0,0.0,0.0,0.0,0.0,1
1786037854,402417659,0.0,-1.656858269368307,-1.6291850248919886,-1.1328094641314905,-4.617830816899435,-4.890339676533834,0.5787051320075989,0.0,-0.0,0.0,0.0,0.0,0.0,0.0,0.0,0.0,0.0,0.0,0.0,1
1786037854,422542810,0.0,-1.6568101088153284,-1.6291726271258753,-1.1328094641314905,-4.6177948156939905,-4.890387598668234,0.5787051320075989,0.0,-0.0,0.0,0.0,0.0,0.0,0.0,0.0,0.0,0.0,0.0,0.0,1
1786037854,442378759,0.0,-1.6567862669574183,-1.62913686433901,-1.1327374617206019,-4.6177948156939905,-4.890375677739279,0.5787051320075989,0.0,-0.0,0.0,0.0,0.0,0.0,0.0,0.0,0.0,0.0,0.0,0.0,1
1786037854,462445497,0.0,-1.6567743460284632,-1.6291607061969202,-1.1327975432025355,-4.617806855832235,-4.890412036572592,0.5787171125411987,0.0,-0.0,0.0,0.0,0.0,0.0,0.0,0.0,0.0,0.0,0.0,0.0,1
1786037854,482589006,0.0,-1.6568220297442835,-1.629124943410055,-1.1327975432025355,-4.617758814488546,-4.890387598668234,0.5786811709403992,0.0,-0.0,0.0,0.0,0.0,0.0,0.0,0.0,0.0,0.0,0.0,0.0,1
1786037854,502593755,0.0,-1.6568458716021937,-1.62913686433901,-1.1327975432025355,-4.6177828947650355,-4.890327755604879,0.578693151473999,0.0,-0.0,0.0,0.0,0.0,0.0,0.0,0.0,0.0,0.0,0.0,0.0,1
1786037854,522418260,0.0,-1.656858269368307,-1.6291607061969202,-1.1328333059894007,-4.61781877676119,-4.890399638806478,0.5787290930747986,0.0,-0.0,0.0,0.0,0.0,0.0,0.0,0.0,0.0,0.0,0.0,0.0,1
1786037854,542602539,0.0,-1.6567862669574183,-1.6291726271258753,-1.1327737013446253,-4.61781877676119,-4.890375677739279,0.5787650346755981,0.0,-0.0,0.0,0.0,0.0,0.0,0.0,0.0,0.0,0.0,0.0,0.0,1
1786037854,562297582,0.0,-1.6568101088153284,-1.6292088667498987,-1.1327975432025355,-4.617806855832235,-4.890387598668234,0.5787171125411987,0.0,-0.0,0.0,0.0,0.0,0.0,0.0,0.0,0.0,0.0,0.0,0.0,1
1786037854,582622766,0.0,-1.6568458716021937,-1.62913686433901,-1.1327856222735804,-4.617770854626791,-4.890412036572592,0.5787171125411987,0.0,-0.0,0.0,0.0,0.0,0.0,0.0,0.0,0.0,0.0,0.0,0.0,1
1786037854,602433204,0.0,-1.6568101088153284,-1.6291969458209437,-1.1328094641314905,-4.6177828947650355,-4.890387598668234,0.5787650346755981,0.0,-0.0,0.0,0.0,0.0,0.0,0.0,0.0,0.0,0.0,0.0,0.0,1
1786037854,622597932,0.0,-1.6568220297442835,-1.6291607061969202,-1.1328333059894007,-4.617770854626791,-4.890363637601034,0.5787410736083984,0.0,-0.0,0.0,0.0,0.0,0.0,0.0,0.0,0.0,0.0,0.0,0.0,1
1786037854,642446517,0.0,-1.6568220297442835,-1.6291487852679651,-1.1327856222735804,-4.61781877676119,-4.890399638806478,0.5787051320075989,0.0,-0.0,0.0,0.0,0.0,0.0,0.0,0.0,0.0,0.0,0.0,0.0,1
1786037854,662528753,0.0,-1.6568101088153284,-1.62913686433901,-1.1327975432025355,-4.617806855832235,-4.890375677739279,0.5786811709403992,0.0,-0.0,0.0,0.0,0.0,0.0,0.0,0.0,0.0,0.0,0.0,0.0,1
1786037854,682459115,0.0,-1.6568339506732386,-1.6291011015521448,-1.1328213850604456,-4.6177948156939905,-4.890339676533834,0.5787051320075989,0.0,-0.0,0.0,0.0,0.0,0.0,0.0,0.0,0.0,0.0,0.0,0.0,1
1786037854,702604770,0.0,-1.6567862669574183,-1.6291011015521448,-1.132749382649557,-4.6177828947650355,-4.890375677739279,0.5787171125411987,0.0,-0.0,0.0,0.0,0.0,0.0,0.0,0.0,0.0,0.0,0.0,0.0,1
1786037854,722414493,0.0,-1.6568339506732386,-1.6291850248919886,-1.1327975432025355,-4.617830816899435,-4.890375677739279,0.5787410736083984,0.0,-0.0,0.0,0.0,0.0,0.0,0.0,0.0,0.0,0.0,0.0,0.0,1
1786037854,742617607,0.0,-1.6568220297442835,-1.629124943410055,-1.1327975432025355,-4.6177828947650355,-4.890363637601034,0.5787171125411987,0.0,-0.0,0.0,0.0,0.0,0.0,0.0,0.0,0.0,0.0,0.0,0.0,1
1786037854,762410163,0.0,-1.6567981878863733,-1.62913686433901,-1.1328333059894007,-4.617746893559591,-4.890351716672079,0.5787530541419983,0.0,-0.0,0.0,0.0,0.0,0.0,0.0,0.0,0.0,0.0,0.0,0.0,1
1786037854,782518863,0.0,-1.6568220297442835,-1.62913686433901,-1.1328213850604456,-4.61781877676119,-4.890375677739279,0.5787530541419983,0.0,-0.0,0.0,0.0,0.0,0.0,0.0,0.0,0.0,0.0,0.0,0.0,1
1786037854,802388191,0.0,-1.6568458716021937,-1.62913686433901,-1.1327856222735804,-4.617806855832235,-4.890399638806478,0.5787650346755981,0.0,-0.0,0.0,0.0,0.0,0.0,0.0,0.0,0.0,0.0,0.0,0.0,1
1786037854,822610139,0.0,-1.6567743460284632,-1.6291607061969202,-1.1328333059894007,-4.617806855832235,-4.890363637601034,0.5787530541419983,0.0,-0.0,0.0,0.0,0.0,0.0,0.0,0.0,0.0,0.0,0.0,0.0,1
1786037854,842418909,0.0,-1.65676194826235,-1.6292088667498987,-1.132761303578512,-4.6177828947650355,-4.890375677739279,0.5787051320075989,0.0,-0.0,0.0,0.0,0.0,0.0,0.0,0.0,0.0,0.0,0.0,0.0,1
1786037854,862505674,0.0,-1.6567743460284632,-1.62913686433901,-1.1328452269183558,-4.617806855832235,-4.890399638806478,0.5787171125411987,0.0,-0.0,0.0,0.0,0.0,0.0,0.0,0.0,0.0,0.0,0.0,0.0,1
1786037854,882534742,0.0,-1.6568220297442835,-1.6291607061969202,-1.1327975432025355,-4.6177828947650355,-4.890351716672079,0.5786811709403992,0.0,-0.0,0.0,0.0,0.0,0.0,0.0,0.0,0.0,0.0,0.0,0.0,1
1786037854,902547359,0.0,-1.6568220297442835,-1.6291487852679651,-1.1327975432025355,-4.6177948156939905,-4.890412036572592,0.5787410736083984,0.0,-0.0,0.0,0.0,0.0,0.0,0.0,0.0,0.0,0.0,0.0,0.0,1
1786037854,922406196,0.0,-1.6568101088153284,-1.6291607061969202,-1.1328333059894007,-4.617770854626791,-4.890399638806478,0.5787290930747986,0.0,-0.0,0.0,0.0,0.0,0.0,0.0,0.0,0.0,0.0,0.0,0.0,1
1786037854,942682743,0.0,-1.6568101088153284,-1.6291726271258753,-1.1327975432025355,-4.6177948156939905,-4.890351716672079,0.5787290930747986,0.0,-0.0,0.0,0.0,0.0,0.0,0.0,0.0,0.0,0.0,0.0,0.0,1
1786037854,962422132,0.0,-1.6567981878863733,-1.6291607061969202,-1.132857624684469,-4.6177828947650355,-4.890363637601034,0.5787410736083984,0.0,-0.0,0.0,0.0,0.0,0.0,0.0,0.0,0.0,0.0,0.0,0.0,1
1786037854,982521057,0.0,-1.6568101088153284,-1.6291130224811,-1.1327975432025355,-4.617758814488546,-4.890375677739279,0.5787171125411987,0.0,-0.0,0.0,0.0,0.0,0.0,0.0,0.0,0.0,0.0,0.0,0.0,1
1786037855,2339601,0.0,-1.6568339506732386,-1.62913686433901,-1.1327975432025355,-4.6177948156939905,-4.890351716672079,0.5786691904067993,0.0,-0.0,0.0,0.0,0.0,0.0,0.0,0.0,0.0,0.0,0.0,0.0,1
1786037855,22505998,0.0,-1.6567981878863733,-1.6291130224811,-1.1328213850604456,-4.6177948156939905,-4.890339676533834,0.578693151473999,0.0,-0.0,0.0,0.0,0.0,0.0,0.0,0.0,0.0,0.0,0.0,0.0,1
1786037855,42414188,0.0,-1.6568339506732386,-1.629124943410055,-1.1328213850604456,-4.617758814488546,-4.890387598668234,0.5787171125411987,0.0,-0.0,0.0,0.0,0.0,0.0,0.0,0.0,0.0,0.0,0.0,0.0,1
1786037855,62522649,0.0,-1.6568458716021937,-1.6291487852679651,-1.1327975432025355,-4.617830816899435,-4.890339676533834,0.5787290930747986,0.0,-0.0,0.0,0.0,0.0,0.0,0.0,0.0,0.0,0.0,0.0,0.0,1
1786037855,82512378,0.0,-1.6568101088153284,-1.6291607061969202,-1.1328094641314905,-4.6177948156939905,-4.890351716672079,0.5787171125411987,0.0,-0.0,0.0,0.0,0.0,0.0,0.0,0.0,0.0,0.0,0.0,0.0,1
1786037855,102532863,0.0,-1.6568101088153284,-1.6291850248919886,-1.1328094641314905,-4.6177348534213465,-4.890375677739279,0.5787290930747986,0.0,-0.0,0.0,0.0,0.0,0.0,0.0,0.0,0.0,0.0,0.0,0.0,1
1786037855,122406721,0.0,-1.6568220297442835,-1.62913686433901,-1.1327975432025355,-4.61781877676119,-4.890375677739279,0.5787171125411987,0.0,-0.0,0.0,0.0,0.0,0.0,0.0,0.0,0.0,0.0,0.0,0.0,1
1786037855,142529249,0.0,-1.6568101088153284,-1.6291487852679651,-1.1327737013446253,-4.617770854626791,-4.890399638806478,0.5787410736083984,0.0,-0.0,0.0,0.0,0.0,0.0,0.0,0.0,0.0,0.0,0.0,0.0,1
1786037855,162434339,0.0,-1.6567981878863733,-1.6291487852679651,-1.1327737013446253,-4.6177828947650355,-4.890399638806478,0.578693151473999,0.0,-0.0,0.0,0.0,0.0,0.0,0.0,0.0,0.0,0.0,0.0,0.0,1
1786037855,182630538,0.0,-1.6568220297442835,-1.6291726271258753,-1.1327975432025355,-4.617758814488546,-4.890363637601034,0.5787410736083984,0.0,-0.0,0.0,0.0,0.0,0.0,0.0,0.0,0.0,0.0,0.0,0.0,1
1786037855,202370882,0.0,-1.6568339506732386,-1.629124943410055,-1.1328094641314905,-4.617770854626791,-4.890399638806478,0.5787530541419983,0.0,-0.0,0.0,0.0,0.0,0.0,0.0,0.0,0.0,0.0,0.0,0.0,1
1786037855,222548961,0.0,-1.6568339506732386,-1.6291607061969202,-1.1327737013446253,-4.61784273782839,-4.890387598668234,0.578693151473999,0.0,-0.0,0.0,0.0,0.0,0.0,0.0,0.0,0.0,0.0,0.0,0.0,1
1786037855,242381095,0.0,-1.6568220297442835,-1.6291487852679651,-1.1327856222735804,-4.61781877676119,-4.890412036572592,0.5787650346755981,0.0,-0.0,0.0,0.0,0.0,0.0,0.0,0.0,0.0,0.0,0.0,0.0,1
1786037855,262529373,0.0,-1.6568101088153284,-1.629124943410055,-1.1327975432025355,-4.617806855832235,-4.890363637601034,0.5787051320075989,0.0,-0.0,0.0,0.0,0.0,0.0,0.0,0.0,0.0,0.0,0.0,0.0,1
1786037855,282407999,0.0,-1.6567862669574183,-1.6291726271258753,-1.1328094641314905,-4.617758814488546,-4.890375677739279,0.5787530541419983,0.0,-0.0,0.0,0.0,0.0,0.0,0.0,0.0,0.0,0.0,0.0,0.0,1
1786037855,302607774,0.0,-1.6568220297442835,-1.629124943410055,-1.1328333059894007,-4.617758814488546,-4.890351716672079,0.5787410736083984,0.0,-0.0,0.0,0.0,0.0,0.0,0.0,0.0,0.0,0.0,0.0,0.0,1
1786037855,322386026,0.0,-1.656870190297262,-1.6291487852679651,-1.1327975432025355,-4.6177948156939905,-4.890399638806478,0.5787410736083984,0.0,-0.0,0.0,0.0,0.0,0.0,0.0,0.0,0.0,0.0,0.0,0.0,1
1786037855,342527389,0.0,-1.6567981878863733,-1.6291850248919886,-1.1327856222735804,-4.617806855832235,-4.890375677739279,0.5786811709403992,0.0,-0.0,0.0,0.0,0.0,0.0,0.0,0.0,0.0,0.0,0.0,0.0,1
1786037855,362377405,0.0,-1.6567981878863733,-1.6291607061969202,-1.1327975432025355,-4.617806855832235,-4.890375677739279,0.5787171125411987,0.0,-0.0,0.0,0.0,0.0,0.0,0.0,0.0,0.0,0.0,0.0,0.0,1
1786037855,382619380,0.0,-1.6568220297442835,-1.6291487852679651,-1.1327856222735804,-4.61781877676119,-4.890351716672079,0.5787290930747986,0.0,-0.0,0.0,0.0,0.0,0.0,0.0,0.0,0.0,0.0,0.0,0.0,1
1786037855,402460813,0.0,-1.6568339506732386,-1.6290887037860315,-1.1328094641314905,-4.61781877676119,-4.890363637601034,0.5787410736083984,0.0,-0.0,0.0,0.0,0.0,0.0,0.0,0.0,0.0,0.0,0.0,0.0,1
1786037855,422518253,0.0,-1.6568220297442835,-1.6291011015521448,-1.132761303578512,-4.6177828947650355,-4.890423957501547,0.5787051320075989,0.0,-0.0,0.0,0.0,0.0,0.0,0.0,0.0,0.0,0.0,0.0,0.0,1
1786037855,442596912,0.0,-1.6568220297442835,-1.629124943410055,-1.1328213850604456,-4.617806855832235,-4.890412036572592,0.5787051320075989,0.0,-0.0,0.0,0.0,0.0,0.0,0.0,0.0,0.0,0.0,0.0,0.0,1
1786037855,462546110,0.0,-1.6568220297442835,-1.6291607061969202,-1.1328333059894007,-4.617770854626791,-4.890375677739279,0.5787171125411987,0.0,-0.0,0.0,0.0,0.0,0.0,0.0,0.0,0.0,0.0,0.0,0.0,1
1786037855,482518196,0.0,-1.6568220297442835,-1.6291011015521448,-1.1328452269183558,-4.6177948156939905,-4.890351716672079,0.5787171125411987,0.0,-0.0,0.0,0.0,0.0,0.0,0.0,0.0,0.0,0.0,0.0,0.0,1
1786037855,502635002,0.0,-1.6567743460284632,-1.629124943410055,-1.1328213850604456,-4.61784273782839,-4.890339676533834,0.5787171125411987,0.0,-0.0,0.0,0.0,0.0,0.0,0.0,0.0,0.0,0.0,0.0,0.0,1
1786037855,522366046,0.0,-1.6568101088153284,-1.6290887037860315,-1.1328452269183558,-4.617830816899435,-4.890351716672079,0.5786691904067993,0.0,-0.0,0.0,0.0,0.0,0.0,0.0,0.0,0.0,0.0,0.0,0.0,1
1786037855,542592525,0.0,-1.6567743460284632,-1.629124943410055,-1.132761303578512,-4.6177828947650355,-4.890387598668234,0.5787530541419983,0.0,-0.0,0.0,0.0,0.0,0.0,0.0,0.0,0.0,0.0,0.0,0.0,1
1786037855,562398195,0.0,-1.6568220297442835,-1.6291726271258753,-1.1328452269183558,-4.6177948156939905,-4.890339676533834,0.5787650346755981,0.0,-0.0,0.0,0.0,0.0,0.0,0.0,0.0,0.0,0.0,0.0,0.0,1
1786037855,582527160,0.0,-1.6568339506732386,-1.6291487852679651,-1.132749382649557,-4.61781877676119,-4.890412036572592,0.578693151473999,0.0,-0.0,0.0,0.0,0.0,0.0,0.0,0.0,0.0,0.0,0.0,0.0,1
1786037855,602363109,0.0,-1.6567743460284632,-1.6291726271258753,-1.1327856222735804,-4.6177828947650355,-4.890399638806478,0.5787530541419983,0.0,-0.0,0.0,0.0,0.0,0.0,0.0,0.0,0.0,0.0,0.0,0.0,1
1786037855,622643709,0.0,-1.6568220297442835,-1.6291607061969202,-1.132749382649557,-4.61784273782839,-4.890375677739279,0.5787171125411987,0.0,-0.0,0.0,0.0,0.0,0.0,0.0,0.0,0.0,0.0,0.0,0.0,1
1786037855,642400741,0.0,-1.6568339506732386,-1.62913686433901,-1.132761303578512,-4.617806855832235,-4.890339676533834,0.578693151473999,0.0,-0.0,0.0,0.0,0.0,0.0,0.0,0.0,0.0,0.0,0.0,0.0,1
1786037855,662585496,0.0,-1.6567743460284632,-1.6291487852679651,-1.1327856222735804,-4.61781877676119,-4.890363637601034,0.578693151473999,0.0,-0.0,0.0,0.0,0.0,0.0,0.0,0.0,0.0,0.0,0.0,0.0,1
1786037855,682355880,0.0,-1.6567981878863733,-1.629124943410055,-1.1328333059894007,-4.6177948156939905,-4.890399638806478,0.5787051320075989,0.0,-0.0,0.0,0.0,0.0,0.0,0.0,0.0,0.0,0.0,0.0,0.0,1
1786037855,702462434,0.0,-1.6568339506732386,-1.6291130224811,-1.1327975432025355,-4.617830816899435,-4.890412036572592,0.5787290930747986,0.0,-0.0,0.0,0.0,0.0,0.0,0.0,0.0,0.0,0.0,0.0,0.0,1
1786037855,722558259,0.0,-1.6568220297442835,-1.6291487852679651,-1.1327975432025355,-4.6177828947650355,-4.890351716672079,0.5787410736083984,0.0,-0.0,0.0,0.0,0.0,0.0,0.0,0.0,0.0,0.0,0.0,0.0,1
1786037855,742592334,0.0,-1.6567743460284632,-1.6291850248919886,-1.1327856222735804,-4.617758814488546,-4.890363637601034,0.5787530541419983,0.0,-0.0,0.0,0.0,0.0,0.0,0.0,0.0,0.0,0.0,0.0,0.0,1
1786037855,762366294,0.0,-1.6567981878863733,-1.629124943410055,-1.1327737013446253,-4.617806855832235,-4.890399638806478,0.578777015209198,0.0,-0.0,0.0,0.0,0.0,0.0,0.0,0.0,0.0,0.0,0.0,0.0,1
1786037855,782555818,0.0,-1.6568339506732386,-1.62913686433901,-1.132749382649557,-4.617770854626791,-4.890412036572592,0.5787290930747986,0.0,-0.0,0.0,0.0,0.0,0.0,0.0,0.0,0.0,0.0,0.0,0.0,1
1786037855,802418231,0.0,-1.6568220297442835,-1.6291607061969202,-1.1328333059894007,-4.617806855832235,-4.890339676533834,0.5786572098731995,0.0,-0.0,0.0,0.0,0.0,0.0,0.0,0.0,0.0,0.0,0.0,0.0,1
1786037855,822581291,0.0,-1.6568220297442835,-1.62913686433901,-1.1328333059894007,-4.617770854626791,-4.890387598668234,0.5787171125411987,0.0,-0.0,0.0,0.0,0.0,0.0,0.0,0.0,0.0,0.0,0.0,0.0,1
1786037855,842413902,0.0,-1.6567981878863733,-1.6291130224811,-1.1328213850604456,-4.6177828947650355,-4.890387598668234,0.5787650346755981,0.0,-0.0,0.0,0.0,0.0,0.0,0.0,0.0,0.0,0.0,0.0,0.0,1
1786037855,862569332,0.0,-1.656858269368307,-1.6291487852679651,-1.1327975432025355,-4.617806855832235,-4.890423957501547,0.5786811709403992,0.0,-0.0,0.0,0.0,0.0,0.0,0.0,0.0,0.0,0.0,0.0,0.0,1
1786037855,882400751,0.0,-1.6567981878863733,-1.6291130224811,-1.132761303578512,-4.617830816899435,-4.890375677739279,0.5786691904067993,0.0,-0.0,0.0,0.0,0.0,0.0,0.0,0.0,0.0,0.0,0.0,0.0,1
1786037855,902585268,0.0,-1.6567743460284632,-1.6291487852679651,-1.1328094641314905,-4.617806855832235,-4.890387598668234,0.5787051320075989,0.0,-0.0,0.0,0.0,0.0,0.0,0.0,0.0,0.0,0.0,0.0,0.0,1
1786037855,922381877,0.0,-1.6568220297442835,-1.62913686433901,-1.1328333059894007,-4.61781877676119,-4.890399638806478,0.578693151473999,0.0,-0.0,0.0,0.0,0.0,0.0,0.0,0.0,0.0,0.0,0.0,0.0,1
1786037855,942561388,0.0,-1.6568458716021937,-1.6291487852679651,-1.1328094641314905,-4.61781877676119,-4.890387598668234,0.5787171125411987,0.0,-0.0,0.0,0.0,0.0,0.0,0.0,0.0,0.0,0.0,0.0,0.0,1
1786037855,962402582,0.0,-1.656858269368307,-1.62913686433901,-1.1328213850604456,-4.617758814488546,-4.890399638806478,0.5787051320075989,0.0,-0.0,0.0,0.0,0.0,0.0,0.0,0.0,0.0,0.0,0.0,0.0,1
1786037855,982587337,0.0,-1.6567981878863733,-1.6292088667498987,-1.1328094641314905,-4.617830816899435,-4.890363637601034,0.5787171125411987,0.0,-0.0,0.0,0.0,0.0,0.0,0.0,0.0,0.0,0.0,0.0,0.0,1
1786037856,2462148,0.0,-1.6568220297442835,-1.629124943410055,-1.1327737013446253,-4.617806855832235,-4.890399638806478,0.5787410736083984,0.0,-0.0,0.0,0.0,0.0,0.0,0.0,0.0,0.0,0.0,0.0,0.0,1
1786037856,22521972,0.0,-1.6568339506732386,-1.629124943410055,-1.132761303578512,-4.617770854626791,-4.890363637601034,0.5786691904067993,0.0,-0.0,0.0,0.0,0.0,0.0,0.0,0.0,0.0,0.0,0.0,0.0,1
1786037856,42461395,0.0,-1.65676194826235,-1.6291487852679651,-1.132761303578512,-4.61781877676119,-4.890387598668234,0.5787530541419983,0.0,-0.0,0.0,0.0,0.0,0.0,0.0,0.0,0.0,0.0,0.0,0.0,1
1786037856,62577724,0.0,-1.6568339506732386,-1.6291607061969202,-1.1327737013446253,-4.617770854626791,-4.890375677739279,0.5787171125411987,0.0,-0.0,0.0,0.0,0.0,0.0,0.0,0.0,0.0,0.0,0.0,0.0,1
1786037856,82416534,0.0,-1.6568101088153284,-1.629124943410055,-1.1328213850604456,-4.617770854626791,-4.890315715466635,0.5787530541419983,0.0,-0.0,0.0,0.0,0.0,0.0,0.0,0.0,0.0,0.0,0.0,0.0,1
1786037856,102574586,0.0,-1.6568220297442835,-1.6291487852679651,-1.132761303578512,-4.6177828947650355,-4.890375677739279,0.5787171125411987,0.0,-0.0,0.0,0.0,0.0,0.0,0.0,0.0,0.0,0.0,0.0,0.0,1
1786037856,122349739,0.0,-1.6567743460284632,-1.629124943410055,-1.1328094641314905,-4.6177828947650355,-4.890387598668234,0.5786811709403992,0.0,-0.0,0.0,0.0,0.0,0.0,0.0,0.0,0.0,0.0,0.0,0.0,1
1786037856,142536163,0.0,-1.6568458716021937,-1.6291850248919886,-1.1328213850604456,-4.617770854626791,-4.890363637601034,0.5787650346755981,0.0,-0.0,0.0,0.0,0.0,0.0,0.0,0.0,0.0,0.0,0.0,0.0,1
1786037856,162342548,0.0,-1.6568339506732386,-1.6291487852679651,-1.1327856222735804,-4.617770854626791,-4.890387598668234,0.5787530541419983,0.0,-0.0,0.0,0.0,0.0,0.0,0.0,0.0,0.0,0.0,0.0,0.0,1
1786037856,182623147,0.0,-1.6568339506732386,-1.6291487852679651,-1.1327737013446253,-4.617830816899435,-4.890339676533834,0.5787530541419983,0.0,-0.0,0.0,0.0,0.0,0.0,0.0,0.0,0.0,0.0,0.0,0.0,1
1786037856,202384233,0.0,-1.6568220297442835,-1.629124943410055,-1.1328333059894007,-4.617770854626791,-4.890412036572592,0.5787051320075989,0.0,-0.0,0.0,0.0,0.0,0.0,0.0,0.0,0.0,0.0,0.0,0.0,1
1786037856,222448348,0.0,-1.6568101088153284,-1.6291011015521448,-1.1327737013446253,-4.617746893559591,-4.890399638806478,0.5786691904067993,0.0,-0.0,0.0,0.0,0.0,0.0,0.0,0.0,0.0,0.0,0.0,0.0,1
1786037856,242401361,0.0,-1.6568339506732386,-1.62913686433901,-1.1327975432025355,-4.617806855832235,-4.890399638806478,0.578693151473999,0.0,-0.0,0.0,0.0,0.0,0.0,0.0,0.0,0.0,0.0,0.0,0.0,1
1786037856,262511730,0.0,-1.6568220297442835,-1.62913686433901,-1.1328333059894007,-4.6177948156939905,-4.890412036572592,0.5786572098731995,0.0,-0.0,0.0,0.0,0.0,0.0,0.0,0.0,0.0,0.0,0.0,0.0,1
1786037856,282568931,0.0,-1.6568101088153284,-1.6291607061969202,-1.1328213850604456,-4.6177948156939905,-4.890399638806478,0.5787171125411987,0.0,-0.0,0.0,0.0,0.0,0.0,0.0,0.0,0.0,0.0,0.0,0.0,1
1786037856,302528142,0.0,-1.6568458716021937,-1.629124943410055,-1.1328452269183558,-4.6177828947650355,-4.890412036572592,0.5787051320075989,0.0,-0.0,0.0,0.0,0.0,0.0,0.0,0.0,0.0,0.0,0.0,0.0,1
1786037856,322566747,0.0,-1.6567743460284632,-1.629124943410055,-1.1328094641314905,-4.617770854626791,-4.890375677739279,0.5787410736083984,0.0,-0.0,0.0,0.0,0.0,0.0,0.0,0.0,0.0,0.0,0.0,0.0,1
1786037856,342591524,0.0,-1.65676194826235,-1.6291130224811,-1.1327737013446253,-4.617806855832235,-4.890375677739279,0.5787171125411987,0.0,-0.0,0.0,0.0,0.0,0.0,0.0,0.0,0.0,0.0,0.0,0.0,1
1786037856,362347841,0.0,-1.6568220297442835,-1.6291607061969202,-1.1327975432025355,-4.617770854626791,-4.890363637601034,0.578693151473999,0.0,-0.0,0.0,0.0,0.0,0.0,0.0,0.0,0.0,0.0,0.0,0.0,1
1786037856,382560253,0.0,-1.6567981878863733,-1.6291607061969202,-1.1327975432025355,-4.617806855832235,-4.890375677739279,0.5786811709403992,0.0,-0.0,0.0,0.0,0.0,0.0,0.0,0.0,0.0,0.0,0.0,0.0,1
1786037856,402367830,0.0,-1.6567862669574183,-1.6291726271258753,-1.132761303578512,-4.617770854626791,-4.890387598668234,0.5787410736083984,0.0,-0.0,0.0,0.0,0.0,0.0,0.0,0.0,0.0,0.0,0.0,0.0,1
1786037856,422446012,0.0,-1.6568220297442835,-1.6292088667498987,-1.1328213850604456,-4.617806855832235,-4.890351716672079,0.5787051320075989,0.0,-0.0,0.0,0.0,0.0,0.0,0.0,0.0,0.0,0.0,0.0,0.0,1
1786037856,442337751,0.0,-1.6567862669574183,-1.6291011015521448,-1.1327737013446253,-4.6177948156939905,-4.890423957501547,0.5787171125411987,0.0,-0.0,0.0,0.0,0.0,0.0,0.0,0.0,0.0,0.0,0.0,0.0,1
1786037856,462597608,0.0,-1.6568101088153284,-1.6291726271258753,-1.1328094641314905,-4.617770854626791,-4.890387598668234,0.5786691904067993,0.0,-0.0,0.0,0.0,0.0,0.0,0.0,0.0,0.0,0.0,0.0,0.0,1
1786037856,482372045,0.0,-1.65676194826235,-1.6291726271258753,-1.1327856222735804,-4.617806855832235,-4.890351716672079,0.578693151473999,0.0,-0.0,0.0,0.0,0.0,0.0,0.0,0.0,0.0,0.0,0.0,0.0,1
1786037856,502522468,0.0,-1.6568101088153284,-1.6291607061969202,-1.1327856222735804,-4.61781877676119,-4.890387598668234,0.5787171125411987,0.0,-0.0,0.0,0.0,0.0,0.0,0.0,0.0,0.0,0.0,0.0,0.0,1
1786037856,522442102,0.0,-1.6568101088153284,-1.62913686433901,-1.1327975432025355,-4.617806855832235,-4.890423957501547,0.5787171125411987,0.0,-0.0,0.0,0.0,0.0,0.0,0.0,0.0,0.0,0.0,0.0,0.0,1
1786037856,542717218,0.0,-1.6568458716021937,-1.62913686433901,-1.132857624684469,-4.617806855832235,-4.890339676533834,0.5787290930747986,0.0,-0.0,0.0,0.0,0.0,0.0,0.0,0.0,0.0,0.0,0.0,0.0,1
1786037856,562422513,0.0,-1.6568101088153284,-1.6291850248919886,-1.1328094641314905,-4.617770854626791,-4.890363637601034,0.578693151473999,0.0,-0.0,0.0,0.0,0.0,0.0,0.0,0.0,0.0,0.0,0.0,0.0,1
1786037856,582582235,0.0,-1.6568101088153284,-1.62913686433901,-1.1327975432025355,-4.61781877676119,-4.890387598668234,0.578693151473999,0.0,-0.0,0.0,0.0,0.0,0.0,0.0,0.0,0.0,0.0,0.0,0.0,1
1786037856,602354526,0.0,-1.6567981878863733,-1.6291487852679651,-1.132749382649557,-4.6177828947650355,-4.890399638806478,0.578693151473999,0.0,-0.0,0.0,0.0,0.0,0.0,0.0,0.0,0.0,0.0,0.0,0.0,1
1786037856,622508525,0.0,-1.6567743460284632,-1.6291726271258753,-1.1327737013446253,-4.61784273782839,-4.890399638806478,0.578693151473999,0.0,-0.0,0.0,0.0,0.0,0.0,0.0,0.0,0.0,0.0,0.0,0.0,1
1786037856,642300367,0.0,-1.6568101088153284,-1.6291726271258753,-1.1328213850604456,-4.6177948156939905,-4.890399638806478,0.5787171125411987,0.0,-0.0,0.0,0.0,0.0,0.0,0.0,0.0,0.0,0.0,0.0,0.0,1
1786037856,662645816,0.0,-1.6567981878863733,-1.6291607061969202,-1.1328333059894007,-4.6177948156939905,-4.890351716672079,0.578693151473999,0.0,-0.0,0.0,0.0,0.0,0.0,0.0,0.0,0.0,0.0,0.0,0.0,1
1786037856,682362079,0.0,-1.656858269368307,-1.629124943410055,-1.1327856222735804,-4.6177948156939905,-4.890375677739279,0.578777015209198,0.0,-0.0,0.0,0.0,0.0,0.0,0.0,0.0,0.0,0.0,0.0,0.0,1
1786037856,702412843,0.0,-1.6567743460284632,-1.6291607061969202,-1.1328094641314905,-4.617758814488546,-4.890339676533834,0.5787051320075989,0.0,-0.0,0.0,0.0,0.0,0.0,0.0,0.0,0.0,0.0,0.0,0.0,1
1786037856,722368478,0.0,-1.6568220297442835,-1.6291607061969202,-1.1327856222735804,-4.617746893559591,-4.890399638806478,0.5786572098731995,0.0,-0.0,0.0,0.0,0.0,0.0,0.0,0.0,0.0,0.0,0.0,0.0,1
1786037856,742568016,0.0,-1.6568101088153284,-1.6291487852679651,-1.1328213850604456,-4.61781877676119,-4.890363637601034,0.578693151473999,0.0,-0.0,0.0,0.0,0.0,0.0,0.0,0.0,0.0,0.0,0.0,0.0,1
1786037856,762387037,0.0,-1.6567981878863733,-1.629124943410055,-1.1327856222735804,-4.617746893559591,-4.890399638806478,0.5787530541419983,0.0,-0.0,0.0,0.0,0.0,0.0,0.0,0.0,0.0,0.0,0.0,0.0,1
1786037856,782603979,0.0,-1.6568339506732386,-1.629124943410055,-1.1327856222735804,-4.617806855832235,-4.890363637601034,0.5787051320075989,0.0,-0.0,0.0,0.0,0.0,0.0,0.0,0.0,0.0,0.0,0.0,0.0,1
1786037856,802332639,0.0,-1.6568339506732386,-1.6291011015521448,-1.1327856222735804,-4.61781877676119,-4.890339676533834,0.5787051320075989,0.0,-0.0,0.0,0.0,0.0,0.0,0.0,0.0,0.0,0.0,0.0,0.0,1
1786037856,822509050,0.0,-1.656870190297262,-1.629124943410055,-1.1328094641314905,-4.61781877676119,-4.890375677739279,0.5787410736083984,0.0,-0.0,0.0,0.0,0.0,0.0,0.0,0.0,0.0,0.0,0.0,0.0,1
1786037856,842326641,0.0,-1.656858269368307,-1.6291726271258753,-1.1328094641314905,-4.6177828947650355,-4.890351716672079,0.578693151473999,0.0,-0.0,0.0,0.0,0.0,0.0,0.0,0.0,0.0,0.0,0.0,0.0,1
1786037856,862623691,0.0,-1.6568101088153284,-1.6291130224811,-1.1327856222735804,-4.617806855832235,-4.890339676533834,0.5787171125411987,0.0,-0.0,0.0,0.0,0.0,0.0,0.0,0.0,0.0,0.0,0.0,0.0,1
1786037856,882390737,0.0,-1.65676194826235,-1.6291011015521448,-1.1327975432025355,-4.6177948156939905,-4.890375677739279,0.5787410736083984,0.0,-0.0,0.0,0.0,0.0,0.0,0.0,0.0,0.0,0.0,0.0,0.0,1
1786037856,902597665,0.0,-1.6567862669574183,-1.6291011015521448,-1.1328094641314905,-4.617806855832235,-4.890363637601034,0.5787171125411987,0.0,-0.0,0.0,0.0,0.0,0.0,0.0,0.0,0.0,0.0,0.0,0.0,1
1786037856,922340869,0.0,-1.6568101088153284,-1.6291607061969202,-1.1327737013446253,-4.61781877676119,-4.890375677739279,0.5787171125411987,0.0,-0.0,0.0,0.0,0.0,0.0,0.0,0.0,0.0,0.0,0.0,0.0,1
1786037856,942440748,0.0,-1.6567981878863733,-1.629124943410055,-1.1327856222735804,-4.6177948156939905,-4.890387598668234,0.578693151473999,0.0,-0.0,0.0,0.0,0.0,0.0,0.0,0.0,0.0,0.0,0.0,0.0,1
1786037856,962525606,0.0,-1.6567862669574183,-1.6291726271258753,-1.1328213850604456,-4.6177828947650355,-4.890351716672079,0.5787290930747986,0.0,-0.0,0.0,0.0,0.0,0.0,0.0,0.0,0.0,0.0,0.0,0.0,1
1786037856,982615232,0.0,-1.6567981878863733,-1.6291487852679651,-1.1328094641314905,-4.617806855832235,-4.890387598668234,0.5787530541419983,0.0,-0.0,0.0,0.0,0.0,0.0,0.0,0.0,0.0,0.0,0.0,0.0,1
1786037857,2383470,0.0,-1.6567862669574183,-1.6291130224811,-1.1328452269183558,-4.6177948156939905,-4.890363637601034,0.5787410736083984,0.0,-0.0,0.0,0.0,0.0,0.0,0.0,0.0,0.0,0.0,0.0,0.0,1
1786037857,22581100,0.0,-1.6567981878863733,-1.629124943410055,-1.1328333059894007,-4.617806855832235,-4.890351716672079,0.5787051320075989,0.0,-0.0,0.0,0.0,0.0,0.0,0.0,0.0,0.0,0.0,0.0,0.0,1
1786037857,42293310,0.0,-1.6567862669574183,-1.6291969458209437,-1.1327975432025355,-4.617806855832235,-4.890375677739279,0.5787290930747986,0.0,-0.0,0.0,0.0,0.0,0.0,0.0,0.0,0.0,0.0,0.0,0.0,1
1786037857,62616825,0.0,-1.6568458716021937,-1.62913686433901,-1.1327856222735804,-4.6177948156939905,-4.890399638806478,0.5787410736083984,0.0,-0.0,0.0,0.0,0.0,0.0,0.0,0.0,0.0,0.0,0.0,0.0,1
1786037857,82319021,0.0,-1.65676194826235,-1.6292207876788538,-1.1328333059894007,-4.617770854626791,-4.890399638806478,0.5786691904067993,0.0,-0.0,0.0,0.0,0.0,0.0,0.0,0.0,0.0,0.0,0.0,0.0,1
1786037857,102449893,0.0,-1.6567981878863733,-1.6291607061969202,-1.1328333059894007,-4.617770854626791,-4.890399638806478,0.578693151473999,0.0,-0.0,0.0,0.0,0.0,0.0,0.0,0.0,0.0,0.0,0.0,0.0,1
1786037857,122422695,0.0,-1.6567862669574183,-1.6291726271258753,-1.1328213850604456,-4.617806855832235,-4.890375677739279,0.578693151473999,0.0,-0.0,0.0,0.0,0.0,0.0,0.0,0.0,0.0,0.0,0.0,0.0,1
1786037857,142582416,0.0,-1.6568101088153284,-1.6290887037860315,-1.1328094641314905,-4.617770854626791,-4.890399638806478,0.5787290930747986,0.0,-0.0,0.0,0.0,0.0,0.0,0.0,0.0,0.0,0.0,0.0,0.0,1
1786037857,162366390,0.0,-1.6567981878863733,-1.6291487852679651,-1.132749382649557,-4.61781877676119,-4.890339676533834,0.5787530541419983,0.0,-0.0,0.0,0.0,0.0,0.0,0.0,0.0,0.0,0.0,0.0,0.0,1
1786037857,182560443,0.0,-1.6567981878863733,-1.62913686433901,-1.1327975432025355,-4.617770854626791,-4.890375677739279,0.5786811709403992,0.0,-0.0,0.0,0.0,0.0,0.0,0.0,0.0,0.0,0.0,0.0,0.0,1
1786037857,202356576,0.0,-1.6567862669574183,-1.6291130224811,-1.1328094641314905,-4.6177948156939905,-4.890375677739279,0.5787290930747986,0.0,-0.0,0.0,0.0,0.0,0.0,0.0,0.0,0.0,0.0,0.0,0.0,1
1786037857,222514390,0.0,-1.6568101088153284,-1.6291969458209437,-1.1328094641314905,-4.617806855832235,-4.890412036572592,0.5787171125411987,0.0,-0.0,0.0,0.0,0.0,0.0,0.0,0.0,0.0,0.0,0.0,0.0,1
1786037857,242439508,0.0,-1.6567981878863733,-1.6290648619281214,-1.1328213850604456,-4.61781877676119,-4.890363637601034,0.5787171125411987,0.0,-0.0,0.0,0.0,0.0,0.0,0.0,0.0,0.0,0.0,0.0,0.0,1
1786037857,262509822,0.0,-1.6567862669574183,-1.6291850248919886,-1.1328213850604456,-4.617758814488546,-4.890387598668234,0.5787290930747986,0.0,-0.0,0.0,0.0,0.0,0.0,0.0,0.0,0.0,0.0,0.0,0.0,1
1786037857,282557487,0.0,-1.6568220297442835,-1.6291130224811,-1.1327856222735804,-4.6177828947650355,-4.890399638806478,0.578693151473999,0.0,-0.0,0.0,0.0,0.0,0.0,0.0,0.0,0.0,0.0,0.0,0.0,1
1786037857,302540779,0.0,-1.6567743460284632,-1.6290887037860315,-1.1327975432025355,-4.617758814488546,-4.890387598668234,0.578693151473999,0.0,-0.0,0.0,0.0,0.0,0.0,0.0,0.0,0.0,0.0,0.0,0.0,1
1786037857,322395801,0.0,-1.6567743460284632,-1.6291607061969202,-1.1328333059894007,-4.617758814488546,-4.890339676533834,0.5786811709403992,0.0,-0.0,0.0,0.0,0.0,0.0,0.0,0.0,0.0,0.0,0.0,0.0,1
1786037857,342519521,0.0,-1.6568220297442835,-1.6291130224811,-1.1328094641314905,-4.6177828947650355,-4.890423957501547,0.5787051320075989,0.0,-0.0,0.0,0.0,0.0,0.0,0.0,0.0,0.0,0.0,0.0,0.0,1
1786037857,362406492,0.0,-1.656870190297262,-1.6291130224811,-1.1328452269183558,-4.61781877676119,-4.890339676533834,0.5787290930747986,0.0,-0.0,0.0,0.0,0.0,0.0,0.0,0.0,0.0,0.0,0.0,0.0,1
1786037857,382597684,0.0,-1.6567981878863733,-1.6291607061969202,-1.132749382649557,-4.6177828947650355,-4.890412036572592,0.5787171125411987,0.0,-0.0,0.0,0.0,0.0,0.0,0.0,0.0,0.0,0.0,0.0,0.0,1
1786037857,402417421,0.0,-1.6568458716021937,-1.6291607061969202,-1.1328333059894007,-4.61784273782839,-4.890351716672079,0.5787410736083984,0.0,-0.0,0.0,0.0,0.0,0.0,0.0,0.0,0.0,0.0,0.0,0.0,1
1786037857,422531366,0.0,-1.6567862669574183,-1.6291130224811,-1.1328333059894007,-4.617758814488546,-4.890375677739279,0.5787171125411987,0.0,-0.0,0.0,0.0,0.0,0.0,0.0,0.0,0.0,0.0,0.0,0.0,1
1786037857,442330360,0.0,-1.656858269368307,-1.62913686433901,-1.1327856222735804,-4.61781877676119,-4.890327755604879,0.578693151473999,0.0,-0.0,0.0,0.0,0.0,0.0,0.0,0.0,0.0,0.0,0.0,0.0,1
1786037857,462679862,0.0,-1.6568220297442835,-1.6290887037860315,-1.1327737013446253,-4.61781877676119,-4.890363637601034,0.5787290930747986,0.0,-0.0,0.0,0.0,0.0,0.0,0.0,0.0,0.0,0.0,0.0,0.0,1
1786037857,482535123,0.0,-1.6568220297442835,-1.6291607061969202,-1.1328094641314905,-4.617770854626791,-4.890375677739279,0.5787051320075989,0.0,-0.0,0.0,0.0,0.0,0.0,0.0,0.0,0.0,0.0,0.0,0.0,1
1786037857,502428770,0.0,-1.6568101088153284,-1.6291011015521448,-1.1328094641314905,-4.617806855832235,-4.890351716672079,0.578693151473999,0.0,-0.0,0.0,0.0,0.0,0.0,0.0,0.0,0.0,0.0,0.0,0.0,1
1786037857,522447824,0.0,-1.6567981878863733,-1.6291487852679651,-1.132761303578512,-4.6177828947650355,-4.890327755604879,0.5786572098731995,0.0,-0.0,0.0,0.0,0.0,0.0,0.0,0.0,0.0,0.0,0.0,0.0,1
1786037857,542617321,0.0,-1.65676194826235,-1.629124943410055,-1.1328213850604456,-4.6177948156939905,-4.890351716672079,0.5787410736083984,0.0,-0.0,0.0,0.0,0.0,0.0,0.0,0.0,0.0,0.0,0.0,0.0,1
1786037857,562413215,0.0,-1.6568101088153284,-1.6291487852679651,-1.1327856222735804,-4.617770854626791,-4.890387598668234,0.5787171125411987,0.0,-0.0,0.0,0.0,0.0,0.0,0.0,0.0,0.0,0.0,0.0,0.0,1
1786037857,582646846,0.0,-1.656858269368307,-1.6292088667498987,-1.1328333059894007,-4.617830816899435,-4.890399638806478,0.5787410736083984,0.0,-0.0,0.0,0.0,0.0,0.0,0.0,0.0,0.0,0.0,0.0,0.0,1
1786037857,602381467,0.0,-1.6567862669574183,-1.6291726271258753,-1.1327975432025355,-4.617806855832235,-4.890351716672079,0.578777015209198,0.0,-0.0,0.0,0.0,0.0,0.0,0.0,0.0,0.0,0.0,0.0,0.0,1
1786037857,622587442,0.0,-1.6568339506732386,-1.6291726271258753,-1.1328094641314905,-4.61784273782839,-4.890375677739279,0.578693151473999,0.0,-0.0,0.0,0.0,0.0,0.0,0.0,0.0,0.0,0.0,0.0,0.0,1
1786037857,642363309,0.0,-1.65676194826235,-1.6291130224811,-1.1327856222735804,-4.617770854626791,-4.890412036572592,0.5787530541419983,0.0,-0.0,0.0,0.0,0.0,0.0,0.0,0.0,0.0,0.0,0.0,0.0,1
1786037857,662529468,0.0,-1.6567743460284632,-1.62913686433901,-1.1327856222735804,-4.617770854626791,-4.890363637601034,0.578693151473999,0.0,-0.0,0.0,0.0,0.0,0.0,0.0,0.0,0.0,0.0,0.0,0.0,1
1786037857,682791948,0.0,-1.6568220297442835,-1.6291607061969202,-1.1328094641314905,-4.61781877676119,-4.890387598668234,0.5786572098731995,0.0,-0.0,0.0,0.0,0.0,0.0,0.0,0.0,0.0,0.0,0.0,0.0,1
1786037857,702462196,0.0,-1.6567862669574183,-1.6291487852679651,-1.1328094641314905,-4.617758814488546,-4.890339676533834,0.578693151473999,0.0,-0.0,0.0,0.0,0.0,0.0,0.0,0.0,0.0,0.0,0.0,0.0,1
1786037857,722371816,0.0,-1.6567743460284632,-1.6291850248919886,-1.1328333059894007,-4.617806855832235,-4.890387598668234,0.5787410736083984,0.0,-0.0,0.0,0.0,0.0,0.0,0.0,0.0,0.0,0.0,0.0,0.0,1
1786037857,742597341,0.0,-1.6568339506732386,-1.6291726271258753,-1.1328094641314905,-4.617806855832235,-4.890351716672079,0.5787051320075989,0.0,-0.0,0.0,0.0,0.0,0.0,0.0,0.0,0.0,0.0,0.0,0.0,1
1786037857,762325763,0.0,-1.656858269368307,-1.6291487852679651,-1.1327856222735804,-4.61781877676119,-4.890399638806478,0.5787171125411987,0.0,-0.0,0.0,0.0,0.0,0.0,0.0,0.0,0.0,0.0,0.0,0.0,1
1786037857,782606124,0.0,-1.6567862669574183,-1.6291130224811,-1.1327975432025355,-4.6177948156939905,-4.890375677739279,0.5787530541419983,0.0,-0.0,0.0,0.0,0.0,0.0,0.0,0.0,0.0,0.0,0.0,0.0,1
1786037857,802369832,0.0,-1.6567981878863733,-1.6290648619281214,-1.1327737013446253,-4.61781877676119,-4.890387598668234,0.5787530541419983,0.0,-0.0,0.0,0.0,0.0,0.0,0.0,0.0,0.0,0.0,0.0,0.0,1
1786037857,822530269,0.0,-1.6567743460284632,-1.62913686433901,-1.1328213850604456,-4.617806855832235,-4.890327755604879,0.5786691904067993,0.0,-0.0,0.0,0.0,0.0,0.0,0.0,0.0,0.0,0.0,0.0,0.0,1
1786037857,842396497,0.0,-1.6568101088153284,-1.6291850248919886,-1.1327975432025355,-4.617806855832235,-4.890399638806478,0.5786691904067993,0.0,-0.0,0.0,0.0,0.0,0.0,0.0,0.0,0.0,0.0,0.0,0.0,1
1786037857,862543821,0.0,-1.6568101088153284,-1.6291011015521448,-1.1328213850604456,-4.6177828947650355,-4.890351716672079,0.5787410736083984,0.0,-0.0,0.0,0.0,0.0,0.0,0.0,0.0,0.0,0.0,0.0,0.0,1
1786037857,882384777,0.0,-1.656858269368307,-1.62913686433901,-1.132761303578512,-4.617830816899435,-4.890363637601034,0.5787051320075989,0.0,-0.0,0.0,0.0,0.0,0.0,0.0,0.0,0.0,0.0,0.0,0.0,1
1786037857,902585268,0.0,-1.6568339506732386,-1.6291011015521448,-1.1327856222735804,-4.617770854626791,-4.890363637601034,0.578693151473999,0.0,-0.0,0.0,0.0,0.0,0.0,0.0,0.0,0.0,0.0,0.0,0.0,1
1786037857,922413110,0.0,-1.6567743460284632,-1.6291969458209437,-1.1327737013446253,-4.617806855832235,-4.890363637601034,0.5786572098731995,0.0,-0.0,0.0,0.0,0.0,0.0,0.0,0.0,0.0,0.0,0.0,0.0,1
1786037857,942591667,0.0,-1.6568220297442835,-1.629124943410055,-1.1327737013446253,-4.617806855832235,-4.890375677739279,0.5787171125411987,0.0,-0.0,0.0,0.0,0.0,0.0,0.0,0.0,0.0,0.0,0.0,0.0,1
1786037857,962381362,0.0,-1.6568339506732386,-1.62913686433901,-1.132761303578512,-4.617830816899435,-4.890339676533834,0.5786811709403992,0.0,-0.0,0.0,0.0,0.0,0.0,0.0,0.0,0.0,0.0,0.0,0.0,1
1786037857,982613325,0.0,-1.6568101088153284,-1.62913686433901,-1.1328094641314905,-4.61781877676119,-4.890363637601034,0.5787051320075989,0.0,-0.0,0.0,0.0,0.0,0.0,0.0,0.0,0.0,0.0,0.0,0.0,1
1786037858,2259016,0.0,-1.6568339506732386,-1.6291607061969202,-1.1327737013446253,-4.617854777966635,-4.890363637601034,0.578693151473999,0.0,-0.0,0.0,0.0,0.0,0.0,0.0,0.0,0.0,0.0,0.0,0.0,1
1786037858,22531270,0.0,-1.6568339506732386,-1.6291850248919886,-1.1328333059894007,-4.61784273782839,-4.890423957501547,0.5787410736083984,0.0,-0.0,0.0,0.0,0.0,0.0,0.0,0.0,0.0,0.0,0.0,0.0,1
1786037858,42460203,0.0,-1.6568339506732386,-1.6290887037860315,-1.1328094641314905,-4.6177948156939905,-4.890412036572592,0.5786691904067993,0.0,-0.0,0.0,0.0,0.0,0.0,0.0,0.0,0.0,0.0,0.0,0.0,1
1786037858,62429666,0.0,-1.6568458716021937,-1.6291487852679651,-1.1327975432025355,-4.6177828947650355,-4.890363637601034,0.5787051320075989,0.0,-0.0,0.0,0.0,0.0,0.0,0.0,0.0,0.0,0.0,0.0,0.0,1
1786037858,82551479,0.0,-1.6568101088153284,-1.6291726271258753,-1.1327975432025355,-4.6177948156939905,-4.890375677739279,0.5787171125411987,0.0,-0.0,0.0,0.0,0.0,0.0,0.0,0.0,0.0,0.0,0.0,0.0,1
1786037858,102553129,0.0,-1.6567862669574183,-1.6291607061969202,-1.1327856222735804,-4.6177948156939905,-4.890387598668234,0.5786691904067993,0.0,-0.0,0.0,0.0,0.0,0.0,0.0,0.0,0.0,0.0,0.0,0.0,1
1786037858,122387170,0.0,-1.6567862669574183,-1.6291487852679651,-1.132749382649557,-4.6177948156939905,-4.890399638806478,0.5786811709403992,0.0,-0.0,0.0,0.0,0.0,0.0,0.0,0.0,0.0,0.0,0.0,0.0,1
1786037858,142607212,0.0,-1.6568339506732386,-1.6291726271258753,-1.1328333059894007,-4.617806855832235,-4.890363637601034,0.5787290930747986,0.0,-0.0,0.0,0.0,0.0,0.0,0.0,0.0,0.0,0.0,0.0,0.0,1
1786037858,162420034,0.0,-1.6567862669574183,-1.6291850248919886,-1.1328213850604456,-4.617806855832235,-4.890375677739279,0.5786691904067993,0.0,-0.0,0.0,0.0,0.0,0.0,0.0,0.0,0.0,0.0,0.0,0.0,1
1786037858,182505130,0.0,-1.6567743460284632,-1.629124943410055,-1.1328094641314905,-4.61784273782839,-4.890387598668234,0.5787530541419983,0.0,-0.0,0.0,0.0,0.0,0.0,0.0,0.0,0.0,0.0,0.0,0.0,1
1786037858,202332258,0.0,-1.6568220297442835,-1.6291487852679651,-1.1327975432025355,-4.617806855832235,-4.890375677739279,0.5787051320075989,0.0,-0.0,0.0,0.0,0.0,0.0,0.0,0.0,0.0,0.0,0.0,0.0,1
1786037858,222534418,0.0,-1.6568220297442835,-1.6291130224811,-1.1327975432025355,-4.617770854626791,-4.890351716672079,0.578693151473999,0.0,-0.0,0.0,0.0,0.0,0.0,0.0,0.0,0.0,0.0,0.0,0.0,1
1786037858,242294788,0.0,-1.6567981878863733,-1.629124943410055,-1.1327975432025355,-4.617746893559591,-4.890351716672079,0.5786811709403992,0.0,-0.0,0.0,0.0,0.0,0.0,0.0,0.0,0.0,0.0,0.0,0.0,1
1786037858,262615203,0.0,-1.6568220297442835,-1.6291607061969202,-1.1327975432025355,-4.6177828947650355,-4.890387598668234,0.5787051320075989,0.0,-0.0,0.0,0.0,0.0,0.0,0.0,0.0,0.0,0.0,0.0,0.0,1
1786037858,282345294,0.0,-1.6568339506732386,-1.6291487852679651,-1.1327737013446253,-4.617758814488546,-4.890339676533834,0.5787650346755981,0.0,-0.0,0.0,0.0,0.0,0.0,0.0,0.0,0.0,0.0,0.0,0.0,1
1786037858,302558898,0.0,-1.6567981878863733,-1.6291130224811,-1.1327856222735804,-4.617758814488546,-4.890363637601034,0.5786811709403992,0.0,-0.0,0.0,0.0,0.0,0.0,0.0,0.0,0.0,0.0,0.0,0.0,1
1786037858,322343349,0.0,-1.6567981878863733,-1.6291130224811,-1.1328094641314905,-4.617758814488546,-4.890375677739279,0.578693151473999,0.0,-0.0,0.0,0.0,0.0,0.0,0.0,0.0,0.0,0.0,0.0,0.0,1
1786037858,342518568,0.0,-1.6567981878863733,-1.629124943410055,-1.1327975432025355,-4.6177828947650355,-4.890412036572592,0.5787530541419983,0.0,-0.0,0.0,0.0,0.0,0.0,0.0,0.0,0.0,0.0,0.0,0.0,1
1786037858,362332582,0.0,-1.6567862669574183,-1.629124943410055,-1.1327737013446253,-4.617806855832235,-4.890363637601034,0.5787290930747986,0.0,-0.0,0.0,0.0,0.0,0.0,0.0,0.0,0.0,0.0,0.0,0.0,1
1786037858,382678508,0.0,-1.6568339506732386,-1.6290887037860315,-1.1328213850604456,-4.6177828947650355,-4.890375677739279,0.5787171125411987,0.0,-0.0,0.0,0.0,0.0,0.0,0.0,0.0,0.0,0.0,0.0,0.0,1
1786037858,402414798,0.0,-1.6568101088153284,-1.6291130224811,-1.1328213850604456,-4.6177828947650355,-4.890375677739279,0.578693151473999,0.0,-0.0,0.0,0.0,0.0,0.0,0.0,0.0,0.0,0.0,0.0,0.0,1
1786037858,422521114,0.0,-1.6568339506732386,-1.6291607061969202,-1.1327975432025355,-4.6177348534213465,-4.890387598668234,0.578693151473999,0.0,-0.0,0.0,0.0,0.0,0.0,0.0,0.0,0.0,0.0,0.0,0.0,1
1786037858,442402362,0.0,-1.6567862669574183,-1.6291487852679651,-1.1328333059894007,-4.617806855832235,-4.890363637601034,0.5786691904067993,0.0,-0.0,0.0,0.0,0.0,0.0,0.0,0.0,0.0,0.0,0.0,0.0,1
1786037858,462568759,0.0,-1.6567981878863733,-1.6291130224811,-1.1327975432025355,-4.61781877676119,-4.890363637601034,0.5787051320075989,0.0,-0.0,0.0,0.0,0.0,0.0,0.0,0.0,0.0,0.0,0.0,0.0,1
1786037858,482403993,0.0,-1.6567743460284632,-1.6291487852679651,-1.1327737013446253,-4.617770854626791,-4.890351716672079,0.5786811709403992,0.0,-0.0,0.0,0.0,0.0,0.0,0.0,0.0,0.0,0.0,0.0,0.0,1
1786037858,502593040,0.0,-1.6567981878863733,-1.6291130224811,-1.1327975432025355,-4.617806855832235,-4.890375677739279,0.5787171125411987,0.0,-0.0,0.0,0.0,0.0,0.0,0.0,0.0,0.0,0.0,0.0,0.0,1
1786037858,522458314,0.0,-1.6567743460284632,-1.6291726271258753,-1.132749382649557,-4.6177948156939905,-4.890387598668234,0.578693151473999,0.0,-0.0,0.0,0.0,0.0,0.0,0.0,0.0,0.0,0.0,0.0,0.0,1
1786037858,542548656,0.0,-1.6568101088153284,-1.6291130224811,-1.1328213850604456,-4.6177948156939905,-4.890399638806478,0.5787290930747986,0.0,-0.0,0.0,0.0,0.0,0.0,0.0,0.0,0.0,0.0,0.0,0.0,1
1786037858,562382936,0.0,-1.6568101088153284,-1.6291130224811,-1.1327856222735804,-4.61781877676119,-4.890375677739279,0.578693151473999,0.0,-0.0,0.0,0.0,0.0,0.0,0.0,0.0,0.0,0.0,0.0,0.0,1
1786037858,582509994,0.0,-1.6568220297442835,-1.6291011015521448,-1.132761303578512,-4.617770854626791,-4.890351716672079,0.5786811709403992,0.0,-0.0,0.0,0.0,0.0,0.0,0.0,0.0,0.0,0.0,0.0,0.0,1
1786037858,602306604,0.0,-1.6568458716021937,-1.6291726271258753,-1.1327856222735804,-4.6177948156939905,-4.890423957501547,0.5787530541419983,0.0,-0.0,0.0,0.0,0.0,0.0,0.0,0.0,0.0,0.0,0.0,0.0,1
1786037858,622606277,0.0,-1.6567743460284632,-1.629124943410055,-1.1327856222735804,-4.6177828947650355,-4.890375677739279,0.5787171125411987,0.0,-0.0,0.0,0.0,0.0,0.0,0.0,0.0,0.0,0.0,0.0,0.0,1
1786037858,642401218,0.0,-1.6568458716021937,-1.6291487852679651,-1.1327975432025355,-4.617770854626791,-4.890399638806478,0.5787051320075989,0.0,-0.0,0.0,0.0,0.0,0.0,0.0,0.0,0.0,0.0,0.0,0.0,1
1786037858,662594556,0.0,-1.6567743460284632,-1.62913686433901,-1.1328333059894007,-4.6177948156939905,-4.890327755604879,0.578693151473999,0.0,-0.0,0.0,0.0,0.0,0.0,0.0,0.0,0.0,0.0,0.0,0.0,1
1786037858,682412862,0.0,-1.6568458716021937,-1.6291607061969202,-1.132761303578512,-4.617758814488546,-4.890375677739279,0.5787290930747986,0.0,-0.0,0.0,0.0,0.0,0.0,0.0,0.0,0.0,0.0,0.0,0.0,1
1786037858,702522039,0.0,-1.6568339506732386,-1.6291607061969202,-1.1328094641314905,-4.6177948156939905,-4.890315715466635,0.5787530541419983,0.0,-0.0,0.0,0.0,0.0,0.0,0.0,0.0,0.0,0.0,0.0,0.0,1
1786037858,722402811,0.0,-1.6567743460284632,-1.6291607061969202,-1.1328094641314905,-4.617806855832235,-4.890351716672079,0.5787051320075989,0.0,-0.0,0.0,0.0,0.0,0.0,0.0,0.0,0.0,0.0,0.0,0.0,1
1786037858,742528200,0.0,-1.6568458716021937,-1.6291726271258753,-1.1328333059894007,-4.617806855832235,-4.890423957501547,0.5787171125411987,0.0,-0.0,0.0,0.0,0.0,0.0,0.0,0.0,0.0,0.0,0.0,0.0,1
1786037858,762340307,0.0,-1.6568101088153284,-1.6291726271258753,-1.1327255407916468,-4.6177828947650355,-4.890387598668234,0.5787171125411987,0.0,-0.0,0.0,0.0,0.0,0.0,0.0,0.0,0.0,0.0,0.0,0.0,1
1786037858,782447099,0.0,-1.6568220297442835,-1.6291487852679651,-1.132749382649557,-4.61781877676119,-4.890375677739279,0.5787290930747986,0.0,-0.0,0.0,0.0,0.0,0.0,0.0,0.0,0.0,0.0,0.0,0.0,1
1786037858,802382707,0.0,-1.6567862669574183,-1.629124943410055,-1.132761303578512,-4.617758814488546,-4.890387598668234,0.5787171125411987,0.0,-0.0,0.0,0.0,0.0,0.0,0.0,0.0,0.0,0.0,0.0,0.0,1
1786037858,822522640,0.0,-1.6567862669574183,-1.629124943410055,-1.1327374617206019,-4.617758814488546,-4.890399638806478,0.5787171125411987,0.0,-0.0,0.0,0.0,0.0,0.0,0.0,0.0,0.0,0.0,0.0,0.0,1
1786037858,842396736,0.0,-1.6568220297442835,-1.6291487852679651,-1.1327737013446253,-4.617806855832235,-4.890387598668234,0.5787171125411987,0.0,-0.0,0.0,0.0,0.0,0.0,0.0,0.0,0.0,0.0,0.0,0.0,1
1786037858,862512111,0.0,-1.6568339506732386,-1.62913686433901,-1.1328213850604456,-4.617758814488546,-4.890375677739279,0.578693151473999,0.0,-0.0,0.0,0.0,0.0,0.0,0.0,0.0,0.0,0.0,0.0,0.0,1
1786037858,882515430,0.0,-1.6567862669574183,-1.6291011015521448,-1.1327975432025355,-4.6177948156939905,-4.890351716672079,0.578693151473999,0.0,-0.0,0.0,0.0,0.0,0.0,0.0,0.0,0.0,0.0,0.0,0.0,1
1786037858,902434110,0.0,-1.6568458716021937,-1.6291487852679651,-1.1328213850604456,-4.617806855832235,-4.890375677739279,0.5787171125411987,0.0,-0.0,0.0,0.0,0.0,0.0,0.0,0.0,0.0,0.0,0.0,0.0,1
1786037858,922457933,0.0,-1.6567862669574183,-1.6291487852679651,-1.1327856222735804,-4.6177828947650355,-4.890375677739279,0.578693151473999,0.0,-0.0,0.0,0.0,0.0,0.0,0.0,0.0,0.0,0.0,0.0,0.0,1
1786037858,942552566,0.0,-1.6567743460284632,-1.629124943410055,-1.1328094641314905,-4.61784273782839,-4.890351716672079,0.5786691904067993,0.0,-0.0,0.0,0.0,0.0,0.0,0.0,0.0,0.0,0.0,0.0,0.0,1
1786037858,962402582,0.0,-1.6567743460284632,-1.629124943410055,-1.1328213850604456,-4.617806855832235,-4.890363637601034,0.5786691904067993,0.0,-0.0,0.0,0.0,0.0,0.0,0.0,0.0,0.0,0.0,0.0,0.0,1
1786037858,982506513,0.0,-1.6568220297442835,-1.6291487852679651,-1.1328213850604456,-4.617806855832235,-4.890423957501547,0.5787051320075989,0.0,-0.0,0.0,0.0,0.0,0.0,0.0,0.0,0.0,0.0,0.0,0.0,1
1786037859,2327442,0.0,-1.6568220297442835,-1.6291487852679651,-1.1327737013446253,-4.617770854626791,-4.890363637601034,0.5787530541419983,0.0,-0.0,0.0,0.0,0.0,0.0,0.0,0.0,0.0,0.0,0.0,0.0,1
1786037859,22557497,0.0,-1.6567862669574183,-1.629124943410055,-1.1328333059894007,-4.6177948156939905,-4.890363637601034,0.5787051320075989,0.0,-0.0,0.0,0.0,0.0,0.0,0.0,0.0,0.0,0.0,0.0,0.0,1
1786037859,42291879,0.0,-1.6568101088153284,-1.6291607061969202,-1.1327975432025355,-4.61781877676119,-4.890387598668234,0.5787171125411987,0.0,-0.0,0.0,0.0,0.0,0.0,0.0,0.0,0.0,0.0,0.0,0.0,1
1786037859,62702417,0.0,-1.6568101088153284,-1.6291130224811,-1.1328333059894007,-4.6177828947650355,-4.890387598668234,0.578693151473999,0.0,-0.0,0.0,0.0,0.0,0.0,0.0,0.0,0.0,0.0,0.0,0.0,1
1786037859,82555294,0.0,-1.6568101088153284,-1.6291726271258753,-1.1328213850604456,-4.617770854626791,-4.890399638806478,0.5787290930747986,0.0,-0.0,0.0,0.0,0.0,0.0,0.0,0.0,0.0,0.0,0.0,0.0,1
1786037859,102456808,0.0,-1.6567981878863733,-1.629124943410055,-1.1328094641314905,-4.6177948156939905,-4.890375677739279,0.578693151473999,0.0,-0.0,0.0,0.0,0.0,0.0,0.0,0.0,0.0,0.0,0.0,0.0,1
1786037859,122407197,0.0,-1.6567981878863733,-1.62913686433901,-1.1327856222735804,-4.61784273782839,-4.890423957501547,0.578693151473999,0.0,-0.0,0.0,0.0,0.0,0.0,0.0,0.0,0.0,0.0,0.0,0.0,1
1786037859,142459630,0.0,-1.6568220297442835,-1.629124943410055,-1.1328094641314905,-4.6177828947650355,-4.890399638806478,0.578693151473999,0.0,-0.0,0.0,0.0,0.0,0.0,0.0,0.0,0.0,0.0,0.0,0.0,1
1786037859,162369489,0.0,-1.6567862669574183,-1.629124943410055,-1.132761303578512,-4.617806855832235,-4.890363637601034,0.5787530541419983,0.0,-0.0,0.0,0.0,0.0,0.0,0.0,0.0,0.0,0.0,0.0,0.0,1
1786037859,182458400,0.0,-1.6568220297442835,-1.629124943410055,-1.1327975432025355,-4.617806855832235,-4.890375677739279,0.578693151473999,0.0,-0.0,0.0,0.0,0.0,0.0,0.0,0.0,0.0,0.0,0.0,0.0,1
1786037859,202326536,0.0,-1.6568101088153284,-1.62913686433901,-1.1328094641314905,-4.617806855832235,-4.890351716672079,0.5787051320075989,0.0,-0.0,0.0,0.0,0.0,0.0,0.0,0.0,0.0,0.0,0.0,0.0,1
1786037859,222521066,0.0,-1.6567862669574183,-1.6291726271258753,-1.1327975432025355,-4.617806855832235,-4.890351716672079,0.5787051320075989,0.0,-0.0,0.0,0.0,0.0,0.0,0.0,0.0,0.0,0.0,0.0,0.0,1
1786037859,242424488,0.0,-1.6568101088153284,-1.6291487852679651,-1.1328452269183558,-4.617806855832235,-4.890387598668234,0.578693151473999,0.0,-0.0,0.0,0.0,0.0,0.0,0.0,0.0,0.0,0.0,0.0,0.0,1
1786037859,262530088,0.0,-1.6568220297442835,-1.6291607061969202,-1.1327856222735804,-4.617758814488546,-4.890387598668234,0.5786691904067993,0.0,-0.0,0.0,0.0,0.0,0.0,0.0,0.0,0.0,0.0,0.0,0.0,1
1786037859,282335519,0.0,-1.656858269368307,-1.629124943410055,-1.1327856222735804,-4.617806855832235,-4.890375677739279,0.5787051320075989,0.0,-0.0,0.0,0.0,0.0,0.0,0.0,0.0,0.0,0.0,0.0,0.0,1
1786037859,302501201,0.0,-1.6568101088153284,-1.62913686433901,-1.1328452269183558,-4.617758814488546,-4.890375677739279,0.5786811709403992,0.0,-0.0,0.0,0.0,0.0,0.0,0.0,0.0,0.0,0.0,0.0,0.0,1
1786037859,322443246,0.0,-1.656858269368307,-1.6291130224811,-1.1328213850604456,-4.6177828947650355,-4.890375677739279,0.578693151473999,0.0,-0.0,0.0,0.0,0.0,0.0,0.0,0.0,0.0,0.0,0.0,0.0,1
1786037859,342610120,0.0,-1.65676194826235,-1.6291607061969202,-1.1327856222735804,-4.6177948156939905,-4.890375677739279,0.5787530541419983,0.0,-0.0,0.0,0.0,0.0,0.0,0.0,0.0,0.0,0.0,0.0,0.0,1
1786037859,362359523,0.0,-1.6568339506732386,-1.629124943410055,-1.1328094641314905,-4.6177948156939905,-4.890387598668234,0.5787650346755981,0.0,-0.0,0.0,0.0,0.0,0.0,0.0,0.0,0.0,0.0,0.0,0.0,1
1786037859,382504940,0.0,-1.6568339506732386,-1.6291487852679651,-1.1327737013446253,-4.6177948156939905,-4.890375677739279,0.5787171125411987,0.0,-0.0,0.0,0.0,0.0,0.0,0.0,0.0,0.0,0.0,0.0,0.0,1
1786037859,402335405,0.0,-1.6568339506732386,-1.6291969458209437,-1.1327856222735804,-4.617806855832235,-4.890412036572592,0.5786691904067993,0.0,-0.0,0.0,0.0,0.0,0.0,0.0,0.0,0.0,0.0,0.0,0.0,1
1786037859,422626018,0.0,-1.6567743460284632,-1.6291487852679651,-1.1328094641314905,-4.617806855832235,-4.890375677739279,0.578693151473999,0.0,-0.0,0.0,0.0,0.0,0.0,0.0,0.0,0.0,0.0,0.0,0.0,1
1786037859,442362070,0.0,-1.6567981878863733,-1.6291607061969202,-1.1327737013446253,-4.617758814488546,-4.890327755604879,0.5786691904067993,0.0,-0.0,0.0,0.0,0.0,0.0,0.0,0.0,0.0,0.0,0.0,0.0,1
1786037859,462560653,0.0,-1.6567743460284632,-1.6291607061969202,-1.1328213850604456,-4.6177948156939905,-4.890375677739279,0.5787290930747986,0.0,-0.0,0.0,0.0,0.0,0.0,0.0,0.0,0.0,0.0,0.0,0.0,1
1786037859,482511043,0.0,-1.6567743460284632,-1.6291850248919886,-1.1327737013446253,-4.61781877676119,-4.890399638806478,0.578693151473999,0.0,-0.0,0.0,0.0,0.0,0.0,0.0,0.0,0.0,0.0,0.0,0.0,1
1786037859,502505302,0.0,-1.6568101088153284,-1.62913686433901,-1.1327856222735804,-4.6177948156939905,-4.890387598668234,0.5787171125411987,0.0,-0.0,0.0,0.0,0.0,0.0,0.0,0.0,0.0,0.0,0.0,0.0,1
1786037859,522436141,0.0,-1.6568101088153284,-1.6290529409991663,-1.1327856222735804,-4.61781877676119,-4.890363637601034,0.578693151473999,0.0,-0.0,0.0,0.0,0.0,0.0,0.0,0.0,0.0,0.0,0.0,0.0,1
1786037859,542624950,0.0,-1.6568220297442835,-1.6291487852679651,-1.1328094641314905,-4.6177948156939905,-4.890327755604879,0.5787290930747986,0.0,-0.0,0.0,0.0,0.0,0.0,0.0,0.0,0.0,0.0,0.0,0.0,1
1786037859,562308073,0.0,-1.6567743460284632,-1.6291726271258753,-1.1327975432025355,-4.6177948156939905,-4.890339676533834,0.5786691904067993,0.0,-0.0,0.0,0.0,0.0,0.0,0.0,0.0,0.0,0.0,0.0,0.0,1
1786037859,582568645,0.0,-1.6568339506732386,-1.6291607061969202,-1.1328094641314905,-4.617830816899435,-4.890399638806478,0.5787171125411987,0.0,-0.0,0.0,0.0,0.0,0.0,0.0,0.0,0.0,0.0,0.0,0.0,1
1786037859,602221965,0.0,-1.6567743460284632,-1.6291011015521448,-1.1327975432025355,-4.617770854626791,-4.890387598668234,0.578693151473999,0.0,-0.0,0.0,0.0,0.0,0.0,0.0,0.0,0.0,0.0,0.0,0.0,1
1786037859,622426033,0.0,-1.6567862669574183,-1.6291726271258753,-1.1328452269183558,-4.617806855832235,-4.890327755604879,0.5787410736083984,0.0,-0.0,0.0,0.0,0.0,0.0,0.0,0.0,0.0,0.0,0.0,0.0,1
1786037859,642384052,0.0,-1.6568339506732386,-1.6292088667498987,-1.1328213850604456,-4.617806855832235,-4.890399638806478,0.5786572098731995,0.0,-0.0,0.0,0.0,0.0,0.0,0.0,0.0,0.0,0.0,0.0,0.0,1
1786037859,662678956,0.0,-1.6567862669574183,-1.6291487852679651,-1.1328213850604456,-4.61781877676119,-4.890387598668234,0.5787290930747986,0.0,-0.0,0.0,0.0,0.0,0.0,0.0,0.0,0.0,0.0,0.0,0.0,1
1786037859,682404518,0.0,-1.6567981878863733,-1.629124943410055,-1.1328452269183558,-4.6177828947650355,-4.890399638806478,0.5786811709403992,0.0,-0.0,0.0,0.0,0.0,0.0,0.0,0.0,0.0,0.0,0.0,0.0,1
1786037859,702836990,0.0,-1.6567862669574183,-1.6291850248919886,-1.1328213850604456,-4.617770854626791,-4.890363637601034,0.5786811709403992,0.0,-0.0,0.0,0.0,0.0,0.0,0.0,0.0,0.0,0.0,0.0,0.0,1
1786037859,722951173,0.0,-1.6567981878863733,-1.6291726271258753,-1.132761303578512,-4.6177948156939905,-4.890363637601034,0.5787410736083984,0.0,-0.0,0.0,0.0,0.0,0.0,0.0,0.0,0.0,0.0,0.0,0.0,1
1786037859,742753505,0.0,-1.6568339506732386,-1.6291726271258753,-1.1327975432025355,-4.617758814488546,-4.890412036572592,0.578693151473999,0.0,-0.0,0.0,0.0,0.0,0.0,0.0,0.0,0.0,0.0,0.0,0.0,1
1786037859,762592792,0.0,-1.6567862669574183,-1.62913686433901,-1.1328333059894007,-4.6177828947650355,-4.890339676533834,0.5787171125411987,0.0,-0.0,0.0,0.0,0.0,0.0,0.0,0.0,0.0,0.0,0.0,0.0,1
1786037859,782617807,0.0,-1.6567981878863733,-1.6291726271258753,-1.1328094641314905,-4.617806855832235,-4.890387598668234,0.578693151473999,0.0,-0.0,0.0,0.0,0.0,0.0,0.0,0.0,0.0,0.0,0.0,0.0,1
1786037859,802298784,0.0,-1.6568220297442835,-1.629124943410055,-1.1327856222735804,-4.61781877676119,-4.890363637601034,0.578693151473999,0.0,-0.0,0.0,0.0,0.0,0.0,0.0,0.0,0.0,0.0,0.0,0.0,1
1786037859,822421550,0.0,-1.6568101088153284,-1.6291607061969202,-1.1327975432025355,-4.6177948156939905,-4.890351716672079,0.5787171125411987,0.0,-0.0,0.0,0.0,0.0,0.0,0.0,0.0,0.0,0.0,0.0,0.0,1
1786037859,842321395,0.0,-1.6567743460284632,-1.62913686433901,-1.1328333059894007,-4.6177948156939905,-4.890339676533834,0.5787410736083984,0.0,-0.0,0.0,0.0,0.0,0.0,0.0,0.0,0.0,0.0,0.0,0.0,1
1786037859,862456560,0.0,-1.6567862669574183,-1.6291011015521448,-1.1327737013446253,-4.617770854626791,-4.890375677739279,0.5787290930747986,0.0,-0.0,0.0,0.0,0.0,0.0,0.0,0.0,0.0,0.0,0.0,0.0,1
1786037859,882412433,0.0,-1.6568220297442835,-1.62913686433901,-1.1328213850604456,-4.6177828947650355,-4.890327755604879,0.578693151473999,0.0,-0.0,0.0,0.0,0.0,0.0,0.0,0.0,0.0,0.0,0.0,0.0,1
1786037859,902514457,0.0,-1.6568101088153284,-1.6291130224811,-1.1328213850604456,-4.61784273782839,-4.890387598668234,0.5786811709403992,0.0,-0.0,0.0,0.0,0.0,0.0,0.0,0.0,0.0,0.0,0.0,0.0,1
1786037859,922330379,0.0,-1.6568101088153284,-1.6291487852679651,-1.1327856222735804,-4.617758814488546,-4.890375677739279,0.5787051320075989,0.0,-0.0,0.0,0.0,0.0,0.0,0.0,0.0,0.0,0.0,0.0,0.0,1
1786037859,942427396,0.0,-1.6568101088153284,-1.6291607061969202,-1.1328213850604456,-4.61781877676119,-4.890387598668234,0.5787051320075989,0.0,-0.0,0.0,0.0,0.0,0.0,0.0,0.0,0.0,0.0,0.0,0.0,1
1786037859,962352752,0.0,-1.6567743460284632,-1.6291607061969202,-1.1327737013446253,-4.617806855832235,-4.890375677739279,0.578693151473999,0.0,-0.0,0.0,0.0,0.0,0.0,0.0,0.0,0.0,0.0,0.0,0.0,1
1786037859,982597112,0.0,-1.6567743460284632,-1.6291607061969202,-1.1328333059894007,-4.617758814488546,-4.890327755604879,0.5787051320075989,0.0,-0.0,0.0,0.0,0.0,0.0,0.0,0.0,0.0,0.0,0.0,0.0,1
1786037860,2378702,0.0,-1.6568339506732386,-1.629124943410055,-1.1328333059894007,-4.617806855832235,-4.890375677739279,0.5786691904067993,0.0,-0.0,0.0,0.0,0.0,0.0,0.0,0.0,0.0,0.0,0.0,0.0,1
1786037860,22570610,0.0,-1.6567862669574183,-1.62913686433901,-1.1327975432025355,-4.61781877676119,-4.890399638806478,0.5787051320075989,0.0,-0.0,0.0,0.0,0.0,0.0,0.0,0.0,0.0,0.0,0.0,0.0,1
1786037860,42302131,0.0,-1.6568220297442835,-1.6291487852679651,-1.1327975432025355,-4.617806855832235,-4.890399638806478,0.5787171125411987,0.0,-0.0,0.0,0.0,0.0,0.0,0.0,0.0,0.0,0.0,0.0,0.0,1
1786037860,62623977,0.0,-1.6568220297442835,-1.6291011015521448,-1.1327856222735804,-4.6177828947650355,-4.890423957501547,0.578693151473999,0.0,-0.0,0.0,0.0,0.0,0.0,0.0,0.0,0.0,0.0,0.0,0.0,1
1786037860,82328081,0.0,-1.6568220297442835,-1.6291726271258753,-1.1327975432025355,-4.617746893559591,-4.890351716672079,0.5787171125411987,0.0,-0.0,0.0,0.0,0.0,0.0,0.0,0.0,0.0,0.0,0.0,0.0,1
1786037860,102436780,0.0,-1.6567981878863733,-1.629124943410055,-1.1327737013446253,-4.6177948156939905,-4.890363637601034,0.578693151473999,0.0,-0.0,0.0,0.0,0.0,0.0,0.0,0.0,0.0,0.0,0.0,0.0,1
1786037860,122396707,0.0,-1.6567981878863733,-1.6291969458209437,-1.1327737013446253,-4.617770854626791,-4.890363637601034,0.5786811709403992,0.0,-0.0,0.0,0.0,0.0,0.0,0.0,0.0,0.0,0.0,0.0,0.0,1
1786037860,142560720,0.0,-1.6568220297442835,-1.6291607061969202,-1.1327975432025355,-4.617806855832235,-4.890387598668234,0.5787051320075989,0.0,-0.0,0.0,0.0,0.0,0.0,0.0,0.0,0.0,0.0,0.0,0.0,1
1786037860,162302494,0.0,-1.656870190297262,-1.6290887037860315,-1.132761303578512,-4.617806855832235,-4.890399638806478,0.578693151473999,0.0,-0.0,0.0,0.0,0.0,0.0,0.0,0.0,0.0,0.0,0.0,0.0,1
1786037860,182437896,0.0,-1.6567862669574183,-1.6291487852679651,-1.1327737013446253,-4.61781877676119,-4.890399638806478,0.5787530541419983,0.0,-0.0,0.0,0.0,0.0,0.0,0.0,0.0,0.0,0.0,0.0,0.0,1
1786037860,202387809,0.0,-1.6567862669574183,-1.62913686433901,-1.1327737013446253,-4.617806855832235,-4.890351716672079,0.5787410736083984,0.0,-0.0,0.0,0.0,0.0,0.0,0.0,0.0,0.0,0.0,0.0,0.0,1
1786037860,222549676,0.0,-1.6567981878863733,-1.62913686433901,-1.1327737013446253,-4.61781877676119,-4.890363637601034,0.578693151473999,0.0,-0.0,0.0,0.0,0.0,0.0,0.0,0.0,0.0,0.0,0.0,0.0,1
1786037860,242358922,0.0,-1.6568339506732386,-1.6291487852679651,-1.132761303578512,-4.617806855832235,-4.890363637601034,0.5787171125411987,0.0,-0.0,0.0,0.0,0.0,0.0,0.0,0.0,0.0,0.0,0.0,0.0,1
1786037860,262564182,0.0,-1.6568458716021937,-1.62913686433901,-1.1327737013446253,-4.61781877676119,-4.890387598668234,0.5787530541419983,0.0,-0.0,0.0,0.0,0.0,0.0,0.0,0.0,0.0,0.0,0.0,0.0,1
1786037860,282334566,0.0,-1.6568220297442835,-1.6291487852679651,-1.1328094641314905,-4.6177948156939905,-4.890375677739279,0.5786572098731995,0.0,-0.0,0.0,0.0,0.0,0.0,0.0,0.0,0.0,0.0,0.0,0.0,1
1786037860,302363157,0.0,-1.6568339506732386,-1.6291130224811,-1.1327975432025355,-4.617806855832235,-4.890387598668234,0.5787051320075989,0.0,-0.0,0.0,0.0,0.0,0.0,0.0,0.0,0.0,0.0,0.0,0.0,1
1786037860,322388410,0.0,-1.656870190297262,-1.6291607061969202,-1.1327975432025355,-4.61781877676119,-4.890363637601034,0.578693151473999,0.0,-0.0,0.0,0.0,0.0,0.0,0.0,0.0,0.0,0.0,0.0,0.0,1
1786037860,342698574,0.0,-1.6568101088153284,-1.6291726271258753,-1.1328213850604456,-4.61781877676119,-4.890363637601034,0.5786691904067993,0.0,-0.0,0.0,0.0,0.0,0.0,0.0,0.0,0.0,0.0,0.0,0.0,1
1786037860,362349987,0.0,-1.6568101088153284,-1.6291607061969202,-1.1328333059894007,-4.617806855832235,-4.890351716672079,0.5787051320075989,0.0,-0.0,0.0,0.0,0.0,0.0,0.0,0.0,0.0,0.0,0.0,0.0,1
1786037860,382499694,0.0,-1.6567743460284632,-1.62913686433901,-1.1328094641314905,-4.6177948156939905,-4.890363637601034,0.578693151473999,0.0,-0.0,0.0,0.0,0.0,0.0,0.0,0.0,0.0,0.0,0.0,0.0,1
1786037860,402267456,0.0,-1.6567981878863733,-1.6291487852679651,-1.1328333059894007,-4.61781877676119,-4.890399638806478,0.5786811709403992,0.0,-0.0,0.0,0.0,0.0,0.0,0.0,0.0,0.0,0.0,0.0,0.0,1
1786037860,422448873,0.0,-1.6568220297442835,-1.629124943410055,-1.132749382649557,-4.617746893559591,-4.890399638806478,0.578693151473999,0.0,-0.0,0.0,0.0,0.0,0.0,0.0,0.0,0.0,0.0,0.0,0.0,1
1786037860,442357778,0.0,-1.6568101088153284,-1.6291850248919886,-1.1328213850604456,-4.6177948156939905,-4.890363637601034,0.5787410736083984,0.0,-0.0,0.0,0.0,0.0,0.0,0.0,0.0,0.0,0.0,0.0,0.0,1
1786037860,462501049,0.0,-1.6568220297442835,-1.62913686433901,-1.1327856222735804,-4.6177828947650355,-4.890399638806478,0.578693151473999,0.0,-0.0,0.0,0.0,0.0,0.0,0.0,0.0,0.0,0.0,0.0,0.0,1
1786037860,482327461,0.0,-1.6568458716021937,-1.6291487852679651,-1.1328094641314905,-4.61784273782839,-4.890363637601034,0.5786811709403992,0.0,-0.0,0.0,0.0,0.0,0.0,0.0,0.0,0.0,0.0,0.0,0.0,1
1786037860,502430677,0.0,-1.6568458716021937,-1.6291726271258753,-1.132749382649557,-4.6177828947650355,-4.890375677739279,0.5787171125411987,0.0,-0.0,0.0,0.0,0.0,0.0,0.0,0.0,0.0,0.0,0.0,0.0,1
1786037860,522371292,0.0,-1.6568220297442835,-1.62913686433901,-1.1328213850604456,-4.6177948156939905,-4.890399638806478,0.5786811709403992,0.0,-0.0,0.0,0.0,0.0,0.0,0.0,0.0,0.0,0.0,0.0,0.0,1
1786037860,542581558,0.0,-1.6568220297442835,-1.6291726271258753,-1.1328213850604456,-4.6177828947650355,-4.890399638806478,0.5786572098731995,0.0,-0.0,0.0,0.0,0.0,0.0,0.0,0.0,0.0,0.0,0.0,0.0,1
1786037860,562286138,0.0,-1.6567981878863733,-1.62913686433901,-1.1327975432025355,-4.617758814488546,-4.890387598668234,0.5787051320075989,0.0,-0.0,0.0,0.0,0.0,0.0,0.0,0.0,0.0,0.0,0.0,0.0,1
1786037860,582536935,0.0,-1.6568101088153284,-1.6291487852679651,-1.1327737013446253,-4.6177948156939905,-4.890339676533834,0.5787410736083984,0.0,-0.0,0.0,0.0,0.0,0.0,0.0,0.0,0.0,0.0,0.0,0.0,1
1786037860,602349042,0.0,-1.6568220297442835,-1.6290887037860315,-1.132761303578512,-4.6177948156939905,-4.890339676533834,0.5786811709403992,0.0,-0.0,0.0,0.0,0.0,0.0,0.0,0.0,0.0,0.0,0.0,0.0,1
1786037860,622629165,0.0,-1.6567743460284632,-1.6291487852679651,-1.1328333059894007,-4.617770854626791,-4.890375677739279,0.5787051320075989,0.0,-0.0,0.0,0.0,0.0,0.0,0.0,0.0,0.0,0.0,0.0,0.0,1
1786037860,642334699,0.0,-1.6568458716021937,-1.6291011015521448,-1.1327737013446253,-4.6177828947650355,-4.890375677739279,0.5787171125411987,0.0,-0.0,0.0,0.0,0.0,0.0,0.0,0.0,0.0,0.0,0.0,0.0,1
1786037860,662418842,0.0,-1.6567981878863733,-1.6291487852679651,-1.1327737013446253,-4.6177948156939905,-4.890399638806478,0.5787171125411987,0.0,-0.0,0.0,0.0,0.0,0.0,0.0,0.0,0.0,0.0,0.0,0.0,1
1786037860,682462215,0.0,-1.6568101088153284,-1.6291487852679651,-1.1327975432025355,-4.6177828947650355,-4.890351716672079,0.5787290930747986,0.0,-0.0,0.0,0.0,0.0,0.0,0.0,0.0,0.0,0.0,0.0,0.0,1
1786037860,702454566,0.0,-1.6568101088153284,-1.6291607061969202,-1.1328333059894007,-4.61781877676119,-4.890375677739279,0.5787171125411987,0.0,-0.0,0.0,0.0,0.0,0.0,0.0,0.0,0.0,0.0,0.0,0.0,1
1786037860,722325325,0.0,-1.6568339506732386,-1.629124943410055,-1.1327856222735804,-4.6177948156939905,-4.890399638806478,0.5786572098731995,0.0,-0.0,0.0,0.0,0.0,0.0,0.0,0.0,0.0,0.0,0.0,0.0,1
1786037860,742552280,0.0,-1.6568101088153284,-1.62913686433901,-1.1328094641314905,-4.6177948156939905,-4.890399638806478,0.5787290930747986,0.0,-0.0,0.0,0.0,0.0,0.0,0.0,0.0,0.0,0.0,0.0,0.0,1
1786037860,762367725,0.0,-1.6568101088153284,-1.629124943410055,-1.1327856222735804,-4.617830816899435,-4.890351716672079,0.578693151473999,0.0,-0.0,0.0,0.0,0.0,0.0,0.0,0.0,0.0,0.0,0.0,0.0,1
1786037860,782513618,0.0,-1.6567862669574183,-1.6291607061969202,-1.1328452269183558,-4.617746893559591,-4.890399638806478,0.5786691904067993,0.0,-0.0,0.0,0.0,0.0,0.0,0.0,0.0,0.0,0.0,0.0,0.0,1
1786037860,802319765,0.0,-1.6568101088153284,-1.6291487852679651,-1.1328213850604456,-4.61781877676119,-4.890375677739279,0.5786811709403992,0.0,-0.0,0.0,0.0,0.0,0.0,0.0,0.0,0.0,0.0,0.0,0.0,1
1786037860,822556495,0.0,-1.6568220297442835,-1.6291726271258753,-1.1328213850604456,-4.617830816899435,-4.890339676533834,0.5787171125411987,0.0,-0.0,0.0,0.0,0.0,0.0,0.0,0.0,0.0,0.0,0.0,0.0,1
1786037860,842298269,0.0,-1.6568825880633753,-1.6291726271258753,-1.1327975432025355,-4.6177948156939905,-4.890327755604879,0.5787051320075989,0.0,-0.0,0.0,0.0,0.0,0.0,0.0,0.0,0.0,0.0,0.0,0.0,1
1786037860,862389326,0.0,-1.6568339506732386,-1.6291726271258753,-1.1328094641314905,-4.617806855832235,-4.890351716672079,0.5787410736083984,0.0,-0.0,0.0,0.0,0.0,0.0,0.0,0.0,0.0,0.0,0.0,0.0,1
1786037860,882328987,0.0,-1.65676194826235,-1.6291487852679651,-1.1327856222735804,-4.6177348534213465,-4.890387598668234,0.5786811709403992,0.0,-0.0,0.0,0.0,0.0,0.0,0.0,0.0,0.0,0.0,0.0,0.0,1
1786037860,902638196,0.0,-1.6568458716021937,-1.629124943410055,-1.1327737013446253,-4.6177948156939905,-4.890412036572592,0.5787290930747986,0.0,-0.0,0.0,0.0,0.0,0.0,0.0,0.0,0.0,0.0,0.0,0.0,1
1786037860,922389030,0.0,-1.6568101088153284,-1.629124943410055,-1.1328333059894007,-4.617806855832235,-4.890363637601034,0.578693151473999,0.0,-0.0,0.0,0.0,0.0,0.0,0.0,0.0,0.0,0.0,0.0,0.0,1
1786037860,942511081,0.0,-1.6567981878863733,-1.629124943410055,-1.1328452269183558,-4.617830816899435,-4.890387598668234,0.578693151473999,0.0,-0.0,0.0,0.0,0.0,0.0,0.0,0.0,0.0,0.0,0.0,0.0,1
1786037860,962338924,0.0,-1.656870190297262,-1.629124943410055,-1.1327737013446253,-4.6177948156939905,-4.890351716672079,0.5787290930747986,0.0,-0.0,0.0,0.0,0.0,0.0,0.0,0.0,0.0,0.0,0.0,0.0,1
1786037860,982568264,0.0,-1.656858269368307,-1.6291487852679651,-1.1328452269183558,-4.617770854626791,-4.890399638806478,0.5787530541419983,0.0,-0.0,0.0,0.0,0.0,0.0,0.0,0.0,0.0,0.0,0.0,0.0,1
1786037861,2274274,0.0,-1.6568220297442835,-1.6291130224811,-1.1327374617206019,-4.61781877676119,-4.890375677739279,0.578693151473999,0.0,-0.0,0.0,0.0,0.0,0.0,0.0,0.0,0.0,0.0,0.0,0.0,1
1786037861,22507190,0.0,-1.6567981878863733,-1.6291487852679651,-1.1328333059894007,-4.6177828947650355,-4.890375677739279,0.5787171125411987,0.0,-0.0,0.0,0.0,0.0,0.0,0.0,0.0,0.0,0.0,0.0,0.0,1
1786037861,42352199,0.0,-1.6568101088153284,-1.6291607061969202,-1.1327737013446253,-4.6177828947650355,-4.890363637601034,0.5787171125411987,0.0,-0.0,0.0,0.0,0.0,0.0,0.0,0.0,0.0,0.0,0.0,0.0,1
1786037861,62507152,0.0,-1.6568339506732386,-1.6291726271258753,-1.1327975432025355,-4.617806855832235,-4.890363637601034,0.5786691904067993,0.0,-0.0,0.0,0.0,0.0,0.0,0.0,0.0,0.0,0.0,0.0,0.0,1
1786037861,82431316,0.0,-1.6568220297442835,-1.6291130224811,-1.1328094641314905,-4.6177948156939905,-4.890363637601034,0.5786811709403992,0.0,-0.0,0.0,0.0,0.0,0.0,0.0,0.0,0.0,0.0,0.0,0.0,1
1786037861,102529525,0.0,-1.6567981878863733,-1.6291726271258753,-1.1328213850604456,-4.617806855832235,-4.890387598668234,0.5786811709403992,0.0,-0.0,0.0,0.0,0.0,0.0,0.0,0.0,0.0,0.0,0.0,0.0,1
1786037861,122412204,0.0,-1.6568101088153284,-1.629124943410055,-1.1328094641314905,-4.6177828947650355,-4.890375677739279,0.578693151473999,0.0,-0.0,0.0,0.0,0.0,0.0,0.0,0.0,0.0,0.0,0.0,0.0,1
1786037861,142680883,0.0,-1.6568339506732386,-1.6291130224811,-1.1327975432025355,-4.617806855832235,-4.890351716672079,0.5786691904067993,0.0,-0.0,0.0,0.0,0.0,0.0,0.0,0.0,0.0,0.0,0.0,0.0,1
1786037861,162366867,0.0,-1.6567743460284632,-1.6291487852679651,-1.1328094641314905,-4.6177828947650355,-4.890399638806478,0.5786572098731995,0.0,-0.0,0.0,0.0,0.0,0.0,0.0,0.0,0.0,0.0,0.0,0.0,1
1786037861,182520151,0.0,-1.6568339506732386,-1.6292088667498987,-1.1328213850604456,-4.6177948156939905,-4.890339676533834,0.5786811709403992,0.0,-0.0,0.0,0.0,0.0,0.0,0.0,0.0,0.0,0.0,0.0,0.0,1
1786037861,202342510,0.0,-1.6567981878863733,-1.6291726271258753,-1.1328333059894007,-4.617758814488546,-4.890363637601034,0.5787051320075989,0.0,-0.0,0.0,0.0,0.0,0.0,0.0,0.0,0.0,0.0,0.0,0.0,1
1786037861,222382545,0.0,-1.6568101088153284,-1.6291011015521448,-1.1327975432025355,-4.617758814488546,-4.890375677739279,0.5787051320075989,0.0,-0.0,0.0,0.0,0.0,0.0,0.0,0.0,0.0,0.0,0.0,0.0,1
1786037861,242291450,0.0,-1.6567981878863733,-1.6291487852679651,-1.1327856222735804,-4.617770854626791,-4.890351716672079,0.5787530541419983,0.0,-0.0,0.0,0.0,0.0,0.0,0.0,0.0,0.0,0.0,0.0,0.0,1
1786037861,262590408,0.0,-1.6568339506732386,-1.6291607061969202,-1.1328213850604456,-4.617758814488546,-4.890399638806478,0.5787290930747986,0.0,-0.0,0.0,0.0,0.0,0.0,0.0,0.0,0.0,0.0,0.0,0.0,1
1786037861,282356739,0.0,-1.6568101088153284,-1.6290772596942347,-1.1327975432025355,-4.617830816899435,-4.890375677739279,0.5786811709403992,0.0,-0.0,0.0,0.0,0.0,0.0,0.0,0.0,0.0,0.0,0.0,0.0,1
1786037861,302586317,0.0,-1.656858269368307,-1.62913686433901,-1.1328333059894007,-4.617806855832235,-4.890375677739279,0.5786691904067993,0.0,-0.0,0.0,0.0,0.0,0.0,0.0,0.0,0.0,0.0,0.0,0.0,1
1786037861,322457313,0.0,-1.6567743460284632,-1.6291850248919886,-1.1327737013446253,-4.61784273782839,-4.890339676533834,0.5786811709403992,0.0,-0.0,0.0,0.0,0.0,0.0,0.0,0.0,0.0,0.0,0.0,0.0,1
1786037861,342456340,0.0,-1.656858269368307,-1.629124943410055,-1.132761303578512,-4.617806855832235,-4.890387598668234,0.5787171125411987,0.0,-0.0,0.0,0.0,0.0,0.0,0.0,0.0,0.0,0.0,0.0,0.0,1
1786037861,362407207,0.0,-1.6567862669574183,-1.6291130224811,-1.1327737013446253,-4.61781877676119,-4.890399638806478,0.5787051320075989,0.0,-0.0,0.0,0.0,0.0,0.0,0.0,0.0,0.0,0.0,0.0,0.0,1
1786037861,382556200,0.0,-1.6568339506732386,-1.6291607061969202,-1.1327856222735804,-4.6177948156939905,-4.890412036572592,0.5787171125411987,0.0,-0.0,0.0,0.0,0.0,0.0,0.0,0.0,0.0,0.0,0.0,0.0,1
1786037861,402343273,0.0,-1.6568339506732386,-1.6291487852679651,-1.1327737013446253,-4.61781877676119,-4.890351716672079,0.5787290930747986,0.0,-0.0,0.0,0.0,0.0,0.0,0.0,0.0,0.0,0.0,0.0,0.0,1
1786037861,422402620,0.0,-1.6567981878863733,-1.6291850248919886,-1.1328333059894007,-4.617758814488546,-4.890351716672079,0.5786811709403992,0.0,-0.0,0.0,0.0,0.0,0.0,0.0,0.0,0.0,0.0,0.0,0.0,1
1786037861,442264318,0.0,-1.6568339506732386,-1.6291130224811,-1.1327737013446253,-4.6177828947650355,-4.890399638806478,0.5786691904067993,0.0,-0.0,0.0,0.0,0.0,0.0,0.0,0.0,0.0,0.0,0.0,0.0,1
1786037861,462444543,0.0,-1.6568101088153284,-1.6291607061969202,-1.1328213850604456,-4.6177828947650355,-4.890375677739279,0.5786811709403992,0.0,-0.0,0.0,0.0,0.0,0.0,0.0,0.0,0.0,0.0,0.0,0.0,1
1786037861,482313394,0.0,-1.6568220297442835,-1.6291130224811,-1.1327856222735804,-4.617770854626791,-4.890363637601034,0.5787171125411987,0.0,-0.0,0.0,0.0,0.0,0.0,0.0,0.0,0.0,0.0,0.0,0.0,1
1786037861,502685785,0.0,-1.6568101088153284,-1.6291130224811,-1.1327856222735804,-4.617806855832235,-4.890387598668234,0.5786811709403992,0.0,-0.0,0.0,0.0,0.0,0.0,0.0,0.0,0.0,0.0,0.0,0.0,1
1786037861,522309541,0.0,-1.6567981878863733,-1.6291607061969202,-1.132761303578512,-4.617806855832235,-4.890327755604879,0.5786691904067993,0.0,-0.0,0.0,0.0,0.0,0.0,0.0,0.0,0.0,0.0,0.0,0.0,1
1786037861,542410850,0.0,-1.6568339506732386,-1.6291011015521448,-1.1327856222735804,-4.617830816899435,-4.890315715466635,0.5786811709403992,0.0,-0.0,0.0,0.0,0.0,0.0,0.0,0.0,0.0,0.0,0.0,0.0,1
1786037861,562383174,0.0,-1.65676194826235,-1.629124943410055,-1.1328213850604456,-4.61784273782839,-4.890363637601034,0.5787051320075989,0.0,-0.0,0.0,0.0,0.0,0.0,0.0,0.0,0.0,0.0,0.0,0.0,1
1786037861,582616090,0.0,-1.6568220297442835,-1.6291130224811,-1.1327975432025355,-4.6177948156939905,-4.890375677739279,0.578693151473999,0.0,-0.0,0.0,0.0,0.0,0.0,0.0,0.0,0.0,0.0,0.0,0.0,1
1786037861,602534770,0.0,-1.6567981878863733,-1.6291850248919886,-1.1327856222735804,-4.61781877676119,-4.890412036572592,0.5787171125411987,0.0,-0.0,0.0,0.0,0.0,0.0,0.0,0.0,0.0,0.0,0.0,0.0,1
1786037861,622427701,0.0,-1.6567862669574183,-1.6291487852679651,-1.1327856222735804,-4.61781877676119,-4.890387598668234,0.5787290930747986,0.0,-0.0,0.0,0.0,0.0,0.0,0.0,0.0,0.0,0.0,0.0,0.0,1
1786037861,642561197,0.0,-1.6567981878863733,-1.6291607061969202,-1.1327975432025355,-4.617830816899435,-4.890363637601034,0.5786811709403992,0.0,-0.0,0.0,0.0,0.0,0.0,0.0,0.0,0.0,0.0,0.0,0.0,1
1786037861,662582874,0.0,-1.6568220297442835,-1.62913686433901,-1.1328213850604456,-4.6177948156939905,-4.890375677739279,0.5787051320075989,0.0,-0.0,0.0,0.0,0.0,0.0,0.0,0.0,0.0,0.0,0.0,0.0,1
1786037861,682296752,0.0,-1.6568220297442835,-1.62913686433901,-1.1328094641314905,-4.617746893559591,-4.890375677739279,0.5786811709403992,0.0,-0.0,0.0,0.0,0.0,0.0,0.0,0.0,0.0,0.0,0.0,0.0,1
1786037861,702557325,0.0,-1.6568101088153284,-1.6291726271258753,-1.1328213850604456,-4.6177948156939905,-4.890351716672079,0.5787051320075989,0.0,-0.0,0.0,0.0,0.0,0.0,0.0,0.0,0.0,0.0,0.0,0.0,1
1786037861,722334146,0.0,-1.6568101088153284,-1.6291487852679651,-1.1327975432025355,-4.6177828947650355,-4.890423957501547,0.5786691904067993,0.0,-0.0,0.0,0.0,0.0,0.0,0.0,0.0,0.0,0.0,0.0,0.0,1
1786037861,742374420,0.0,-1.6567981878863733,-1.6290887037860315,-1.1327975432025355,-4.617758814488546,-4.890387598668234,0.5786691904067993,0.0,-0.0,0.0,0.0,0.0,0.0,0.0,0.0,0.0,0.0,0.0,0.0,1
1786037861,762274742,0.0,-1.6567981878863733,-1.62913686433901,-1.1328213850604456,-4.617806855832235,-4.890375677739279,0.5787051320075989,0.0,-0.0,0.0,0.0,0.0,0.0,0.0,0.0,0.0,0.0,0.0,0.0,1
1786037861,782391548,0.0,-1.6568458716021937,-1.6291726271258753,-1.132749382649557,-4.617770854626791,-4.890351716672079,0.578693151473999,0.0,-0.0,0.0,0.0,0.0,0.0,0.0,0.0,0.0,0.0,0.0,0.0,1
1786037861,802332401,0.0,-1.6567862669574183,-1.6291487852679651,-1.1327856222735804,-4.6177828947650355,-4.890375677739279,0.5786811709403992,0.0,-0.0,0.0,0.0,0.0,0.0,0.0,0.0,0.0,0.0,0.0,0.0,1
1786037861,822451829,0.0,-1.6568101088153284,-1.629124943410055,-1.1328213850604456,-4.617806855832235,-4.890399638806478,0.5787171125411987,0.0,-0.0,0.0,0.0,0.0,0.0,0.0,0.0,0.0,0.0,0.0,0.0,1
1786037861,842366933,0.0,-1.6567743460284632,-1.629124943410055,-1.1328333059894007,-4.617770854626791,-4.890375677739279,0.5787171125411987,0.0,-0.0,0.0,0.0,0.0,0.0,0.0,0.0,0.0,0.0,0.0,0.0,1
1786037861,862596035,0.0,-1.6568339506732386,-1.6291850248919886,-1.1327975432025355,-4.617830816899435,-4.890363637601034,0.5787051320075989,0.0,-0.0,0.0,0.0,0.0,0.0,0.0,0.0,0.0,0.0,0.0,0.0,1
1786037861,882408618,0.0,-1.6567981878863733,-1.62913686433901,-1.1328213850604456,-4.61781877676119,-4.890375677739279,0.5786811709403992,0.0,-0.0,0.0,0.0,0.0,0.0,0.0,0.0,0.0,0.0,0.0,0.0,1
1786037861,902574300,0.0,-1.6568101088153284,-1.6291011015521448,-1.1328333059894007,-4.617758814488546,-4.890399638806478,0.578693151473999,0.0,-0.0,0.0,0.0,0.0,0.0,0.0,0.0,0.0,0.0,0.0,0.0,1
1786037861,922301769,0.0,-1.65676194826235,-1.6291130224811,-1.1327975432025355,-4.617830816899435,-4.890375677739279,0.5787171125411987,0.0,-0.0,0.0,0.0,0.0,0.0,0.0,0.0,0.0,0.0,0.0,0.0,1
1786037861,942418336,0.0,-1.6567981878863733,-1.62913686433901,-1.1328213850604456,-4.6177948156939905,-4.890375677739279,0.5786572098731995,0.0,-0.0,0.0,0.0,0.0,0.0,0.0,0.0,0.0,0.0,0.0,0.0,1
1786037861,962549924,0.0,-1.6568101088153284,-1.6291487852679651,-1.1327975432025355,-4.61784273782839,-4.890351716672079,0.5787290930747986,0.0,-0.0,0.0,0.0,0.0,0.0,0.0,0.0,0.0,0.0,0.0,0.0,1
1786037861,982409000,0.0,-1.6567862669574183,-1.629124943410055,-1.1328094641314905,-4.617758814488546,-4.890351716672079,0.5787171125411987,0.0,-0.0,0.0,0.0,0.0,0.0,0.0,0.0,0.0,0.0,0.0,0.0,1
1786037862,2867460,0.0,-1.6567981878863733,-1.6291487852679651,-1.1327856222735804,-4.617758814488546,-4.890387598668234,0.5787051320075989,0.0,-0.0,0.0,0.0,0.0,0.0,0.0,0.0,0.0,0.0,0.0,0.0,1
1786037862,22597074,0.0,-1.65676194826235,-1.6291726271258753,-1.1327856222735804,-4.617830816899435,-4.890387598668234,0.5786811709403992,0.0,-0.0,0.0,0.0,0.0,0.0,0.0,0.0,0.0,0.0,0.0,0.0,1
1786037862,42355775,0.0,-1.6567862669574183,-1.6291487852679651,-1.1328213850604456,-4.61781877676119,-4.890363637601034,0.5786452293395996,0.0,-0.0,0.0,0.0,0.0,0.0,0.0,0.0,0.0,0.0,0.0,0.0,1
1786037862,62421798,0.0,-1.6567981878863733,-1.6291130224811,-1.1328094641314905,-4.617758814488546,-4.890399638806478,0.578693151473999,0.0,-0.0,0.0,0.0,0.0,0.0,0.0,0.0,0.0,0.0,0.0,0.0,1
1786037862,82333087,0.0,-1.6568220297442835,-1.6291607061969202,-1.132761303578512,-4.6177828947650355,-4.890387598668234,0.5786691904067993,0.0,-0.0,0.0,0.0,0.0,0.0,0.0,0.0,0.0,0.0,0.0,0.0,1
1786037862,102587699,0.0,-1.656858269368307,-1.6291607061969202,-1.1328213850604456,-4.617830816899435,-4.890363637601034,0.5786811709403992,0.0,-0.0,0.0,0.0,0.0,0.0,0.0,0.0,0.0,0.0,0.0,0.0,1
1786037862,122286796,0.0,-1.6567981878863733,-1.6291011015521448,-1.132761303578512,-4.6177828947650355,-4.890387598668234,0.5786452293395996,0.0,-0.0,0.0,0.0,0.0,0.0,0.0,0.0,0.0,0.0,0.0,0.0,1
1786037862,142451524,0.0,-1.6568220297442835,-1.6291130224811,-1.1327856222735804,-4.617758814488546,-4.890363637601034,0.5787051320075989,0.0,-0.0,0.0,0.0,0.0,0.0,0.0,0.0,0.0,0.0,0.0,0.0,1
1786037862,162307977,0.0,-1.6568339506732386,-1.6290887037860315,-1.1327975432025355,-4.617830816899435,-4.890399638806478,0.578693151473999,0.0,-0.0,0.0,0.0,0.0,0.0,0.0,0.0,0.0,0.0,0.0,0.0,1
1786037862,182388067,0.0,-1.6568101088153284,-1.629124943410055,-1.1327737013446253,-4.6177828947650355,-4.890363637601034,0.5787171125411987,0.0,-0.0,0.0,0.0,0.0,0.0,0.0,0.0,0.0,0.0,0.0,0.0,1
1786037862,202460527,0.0,-1.6568220297442835,-1.6291607061969202,-1.1328094641314905,-4.617770854626791,-4.890375677739279,0.5786452293395996,0.0,-0.0,0.0,0.0,0.0,0.0,0.0,0.0,0.0,0.0,0.0,0.0,1
1786037862,222563028,0.0,-1.6568339506732386,-1.62913686433901,-1.1328333059894007,-4.6177948156939905,-4.890375677739279,0.578693151473999,0.0,-0.0,0.0,0.0,0.0,0.0,0.0,0.0,0.0,0.0,0.0,0.0,1
1786037862,242296218,0.0,-1.6568220297442835,-1.6291726271258753,-1.1328452269183558,-4.617806855832235,-4.890351716672079,0.5787171125411987,0.0,-0.0,0.0,0.0,0.0,0.0,0.0,0.0,0.0,0.0,0.0,0.0,1
1786037862,262533187,0.0,-1.6568101088153284,-1.6290887037860315,-1.1328094641314905,-4.61781877676119,-4.890339676533834,0.5786452293395996,0.0,-0.0,0.0,0.0,0.0,0.0,0.0,0.0,0.0,0.0,0.0,0.0,1
1786037862,282346010,0.0,-1.6568101088153284,-1.6291487852679651,-1.1328333059894007,-4.617770854626791,-4.890399638806478,0.5786572098731995,0.0,-0.0,0.0,0.0,0.0,0.0,0.0,0.0,0.0,0.0,0.0,0.0,1
1786037862,302457332,0.0,-1.6568101088153284,-1.6291130224811,-1.1327737013446253,-4.617806855832235,-4.890387598668234,0.578693151473999,0.0,-0.0,0.0,0.0,0.0,0.0,0.0,0.0,0.0,0.0,0.0,0.0,1
1786037862,322337388,0.0,-1.65676194826235,-1.62913686433901,-1.1327975432025355,-4.617758814488546,-4.890399638806478,0.578693151473999,0.0,-0.0,0.0,0.0,0.0,0.0,0.0,0.0,0.0,0.0,0.0,0.0,1
1786037862,342524766,0.0,-1.6568339506732386,-1.6291850248919886,-1.132761303578512,-4.617806855832235,-4.890412036572592,0.578693151473999,0.0,-0.0,0.0,0.0,0.0,0.0,0.0,0.0,0.0,0.0,0.0,0.0,1
1786037862,362269401,0.0,-1.6568101088153284,-1.629124943410055,-1.1328452269183558,-4.617770854626791,-4.890351716672079,0.5786691904067993,0.0,-0.0,0.0,0.0,0.0,0.0,0.0,0.0,0.0,0.0,0.0,0.0,1
1786037862,382439851,0.0,-1.6567862669574183,-1.6291487852679651,-1.1328094641314905,-4.6177828947650355,-4.890375677739279,0.578693151473999,0.0,-0.0,0.0,0.0,0.0,0.0,0.0,0.0,0.0,0.0,0.0,0.0,1
1786037862,402656078,0.0,-1.6568101088153284,-1.6291487852679651,-1.1328333059894007,-4.6177948156939905,-4.890399638806478,0.5787171125411987,0.0,-0.0,0.0,0.0,0.0,0.0,0.0,0.0,0.0,0.0,0.0,0.0,1
1786037862,422372579,0.0,-1.6567743460284632,-1.6291487852679651,-1.1327856222735804,-4.61781877676119,-4.890363637601034,0.5786572098731995,0.0,-0.0,0.0,0.0,0.0,0.0,0.0,0.0,0.0,0.0,0.0,0.0,1
1786037862,442619562,0.0,-1.6567981878863733,-1.62913686433901,-1.1327856222735804,-4.617806855832235,-4.890351716672079,0.5787051320075989,0.0,-0.0,0.0,0.0,0.0,0.0,0.0,0.0,0.0,0.0,0.0,0.0,1
1786037862,462582349,0.0,-1.6568339506732386,-1.6291726271258753,-1.1328213850604456,-4.617830816899435,-4.890399638806478,0.5786691904067993,0.0,-0.0,0.0,0.0,0.0,0.0,0.0,0.0,0.0,0.0,0.0,0.0,1
1786037862,482235670,0.0,-1.6568458716021937,-1.62913686433901,-1.132761303578512,-4.6177828947650355,-4.890399638806478,0.5787051320075989,0.0,-0.0,0.0,0.0,0.0,0.0,0.0,0.0,0.0,0.0,0.0,0.0,1
1786037862,502447366,0.0,-1.65676194826235,-1.6291607061969202,-1.1328094641314905,-4.617758814488546,-4.890351716672079,0.5787530541419983,0.0,-0.0,0.0,0.0,0.0,0.0,0.0,0.0,0.0,0.0,0.0,0.0,1
1786037862,522300004,0.0,-1.6567862669574183,-1.6291726271258753,-1.1327975432025355,-4.6177948156939905,-4.890363637601034,0.5787410736083984,0.0,-0.0,0.0,0.0,0.0,0.0,0.0,0.0,0.0,0.0,0.0,0.0,1
1786037862,542440891,0.0,-1.6568220297442835,-1.6291607061969202,-1.1327975432025355,-4.617758814488546,-4.890387598668234,0.5786452293395996,0.0,-0.0,0.0,0.0,0.0,0.0,0.0,0.0,0.0,0.0,0.0,0.0,1
1786037862,562679290,0.0,-1.6568101088153284,-1.6291607061969202,-1.132761303578512,-4.61784273782839,-4.890363637601034,0.5786691904067993,0.0,-0.0,0.0,0.0,0.0,0.0,0.0,0.0,0.0,0.0,0.0,0.0,1
1786037862,582437992,0.0,-1.6567981878863733,-1.6291487852679651,-1.1327975432025355,-4.617806855832235,-4.890351716672079,0.5786691904067993,0.0,-0.0,0.0,0.0,0.0,0.0,0.0,0.0,0.0,0.0,0.0,0.0,1
1786037862,602301120,0.0,-1.6568458716021937,-1.6291850248919886,-1.1327856222735804,-4.6177948156939905,-4.890399638806478,0.5787051320075989,0.0,-0.0,0.0,0.0,0.0,0.0,0.0,0.0,0.0,0.0,0.0,0.0,1
1786037862,622514247,0.0,-1.6568101088153284,-1.629124943410055,-1.1327975432025355,-4.617746893559591,-4.890339676533834,0.5786811709403992,0.0,-0.0,0.0,0.0,0.0,0.0,0.0,0.0,0.0,0.0,0.0,0.0,1
1786037862,642328500,0.0,-1.6568220297442835,-1.629124943410055,-1.1327856222735804,-4.617770854626791,-4.890387598668234,0.578693151473999,0.0,-0.0,0.0,0.0,0.0,0.0,0.0,0.0,0.0,0.0,0.0,0.0,1
1786037862,662444114,0.0,-1.6567981878863733,-1.6291607061969202,-1.132857624684469,-4.617770854626791,-4.890375677739279,0.5787051320075989,0.0,-0.0,0.0,0.0,0.0,0.0,0.0,0.0,0.0,0.0,0.0,0.0,1
1786037862,682633399,0.0,-1.6567862669574183,-1.6291487852679651,-1.1327737013446253,-4.617770854626791,-4.890375677739279,0.5787051320075989,0.0,-0.0,0.0,0.0,0.0,0.0,0.0,0.0,0.0,0.0,0.0,0.0,1
1786037862,702526092,0.0,-1.6568339506732386,-1.629124943410055,-1.132761303578512,-4.6177948156939905,-4.890399638806478,0.578693151473999,0.0,-0.0,0.0,0.0,0.0,0.0,0.0,0.0,0.0,0.0,0.0,0.0,1
1786037862,722547769,0.0,-1.6568339506732386,-1.6291130224811,-1.1327856222735804,-4.6177828947650355,-4.890375677739279,0.5787290930747986,0.0,-0.0,0.0,0.0,0.0,0.0,0.0,0.0,0.0,0.0,0.0,0.0,1
1786037862,742594003,0.0,-1.6567862669574183,-1.6291850248919886,-1.1328213850604456,-4.617806855832235,-4.890412036572592,0.5787171125411987,0.0,-0.0,0.0,0.0,0.0,0.0,0.0,0.0,0.0,0.0,0.0,0.0,1
1786037862,762322902,0.0,-1.6568458716021937,-1.6291726271258753,-1.1327975432025355,-4.617830816899435,-4.890351716672079,0.578693151473999,0.0,-0.0,0.0,0.0,0.0,0.0,0.0,0.0,0.0,0.0,0.0,0.0,1
1786037862,782564163,0.0,-1.6567743460284632,-1.62913686433901,-1.1328452269183558,-4.61781877676119,-4.890375677739279,0.5786811709403992,0.0,-0.0,0.0,0.0,0.0,0.0,0.0,0.0,0.0,0.0,0.0,0.0,1
1786037862,802703142,0.0,-1.6568339506732386,-1.6291487852679651,-1.1327856222735804,-4.617746893559591,-4.890399638806478,0.5786691904067993,0.0,-0.0,0.0,0.0,0.0,0.0,0.0,0.0,0.0,0.0,0.0,0.0,1
1786037862,822454452,0.0,-1.6567981878863733,-1.6291011015521448,-1.1327975432025355,-4.617770854626791,-4.890399638806478,0.5786691904067993,0.0,-0.0,0.0,0.0,0.0,0.0,0.0,0.0,0.0,0.0,0.0,0.0,1
1786037862,842251300,0.0,-1.6568458716021937,-1.6291969458209437,-1.1328094641314905,-4.6177948156939905,-4.890363637601034,0.5787290930747986,0.0,-0.0,0.0,0.0,0.0,0.0,0.0,0.0,0.0,0.0,0.0,0.0,1
