timestamp_sec,timestamp_nanosec,trust_score,shoulder_pan_pos,shoulder_lift_pos,elbow_pos,wrist_1_pos,wrist_2_pos,wrist_3_pos,shoulder_pan_vel,shoulder_lift_vel,elbow_vel,wrist_1_vel,wrist_2_vel,wrist_3_vel,imu_ax_raw,imu_ay_raw,imu_az_raw,imu_ax_ema,imu_ay_ema,imu_az_ema,attack_active
1785971055,733660221,100.0,-1.4743369261371058,-1.4138982931720179,-1.1327016989337366,-4.617878739033834,-4.890363637601034,0.24892622232437134,0.01284708920866251,0.011057444848120213,0.0,0.0,0.0,-0.017065536230802536,0.0,0.0,0.0,0.0,0.0,0.0,0
1785971055,755421638,100.0,-1.4740613142596644,-1.4136231581317347,-1.1326773802386683,-4.61781877676119,-4.890412036572592,0.24849440157413483,0.011172493919730186,0.011990617029368877,0.0,0.0,0.0,-0.017551297321915627,0.0,0.0,0.0,0.0,0.0,0.0,0
1785971055,773931980,100.0,-1.4738934675799769,-1.4135149160968226,-1.132749382649557,-4.617878739033834,-4.890375677739279,0.2482786923646927,0.004908738657832146,0.010367154143750668,0.0,0.0,0.0,-0.013882526196539402,0.0,0.0,0.0,0.0,0.0,0.0,0
1785971055,795190334,100.0,-1.4737494627581995,-1.413323227559225,-1.1327136198626917,-4.61784273782839,-4.890447918568746,0.2479551136493683,0.003962783608585596,0.006992395967245102,0.0,0.0,0.0,-0.011786085553467274,0.0,0.0,0.0,0.0,0.0,0.0,0
1785971055,813741683,100.0,-1.4737737814532679,-1.4133113066302698,-1.1327374617206019,-4.617854777966635,-4.890423957501547,0.24784725904464722,0.001470064977183938,0.0020580908749252558,0.0,0.0,0.0,-0.006544984877109528,0.0,0.0,0.0,0.0,0.0,0.0,0
1785971055,834979772,100.0,-1.4737618605243128,-1.4132750670062464,-1.1327016989337366,-4.61784273782839,-4.890375677739279,0.24781130254268646,0.0014572817599400878,0.0012271846644580364,0.0,0.0,0.0,-0.002812298247590661,0.0,0.0,0.0,0.0,0.0,0.0,0
1785971055,853861093,100.0,-1.473809544240133,-1.4132869879352015,-1.1327016989337366,-4.61784273782839,-4.890423957501547,0.24781130254268646,0.000945954816415906,-0.0016490294365212321,0.0,0.0,0.0,0.0,0.0,0.0,0.0,0.0,0.0,0.0,0
1785971055,875403404,100.0,-1.4738457838641565,-1.4132750670062464,-1.1327136198626917,-4.61786669889559,-4.890363637601034,0.24781130254268646,-0.00023009712458588183,-0.001418932224623859,0.0,0.0,0.0,0.0,0.0,0.0,0.0,0.0,0.0,0.0,0
1785971055,893898010,100.0,-1.473569695149557,-1.4130595366107386,-1.132749382649557,-4.617830816899435,-4.890412036572592,0.24752368032932281,0.018139323219656944,0.01986505091190338,0.0,0.0,0.0,-0.023751135915517807,0.0,0.0,0.0,0.0,0.0,0.0,0
1785971055,914835929,100.0,-1.4731743971454065,-1.412424389516012,-1.1327255407916468,-4.617830816899435,-4.890399638806478,0.24669639766216278,0.02460760809481144,0.03303172066807747,0.0,0.0,0.0,-0.04447266086935997,0.0,0.0,0.0,0.0,0.0,0.0,0
1785971055,933856725,100.0,-1.4726465384112757,-1.411860767995016,-1.132749382649557,-4.61784273782839,-4.890399638806478,0.24580919742584229,0.034079939126968384,0.03837508708238602,0.0,0.0,0.0,-0.05962071940302849,0.0,0.0,0.0,0.0,0.0,0.0,0
1785971055,955643892,100.0,-1.4716160933123987,-1.4107344786273401,-1.1327374617206019,-4.61784273782839,-4.890412036572592,0.24407073855400085,0.0476684533059597,0.05229596421122551,0.0,0.0,0.0,-0.08156943321228027,0.0,0.0,0.0,0.0,0.0,0.0,0
1785971055,973969936,100.0,-1.470776383076803,-1.4097278753863733,-1.1326897780047815,-4.61786669889559,-4.890375677739279,0.24262025952339172,0.054366838186979294,0.06284207850694656,0.0,0.0,0.0,-0.09546473622322083,0.0,0.0,0.0,0.0,0.0,0.0,0
1785971055,994889259,100.0,-1.4693134466754358,-1.4080737272845667,-1.1326773802386683,-4.61786669889559,-4.890423957501547,0.2401268035173416,0.06250971555709839,0.07213544845581055,0.0,0.0,0.0,-0.11498464643955231,0.0,0.0,0.0,0.0,0.0,0.0,0
1785971056,13812065,100.0,-1.4682348410235804,-1.4067676703082483,-1.1327016989337366,-4.617830816899435,-4.890351716672079,0.2381846010684967,0.06780195236206055,0.08352525532245636,0.0,0.0,0.0,-0.12663011252880096,0.0,0.0,0.0,0.0,0.0,0.0,0
1785971056,35282135,100.0,-1.4664362112628382,-1.4046347776996058,-1.1327255407916468,-4.617854777966635,-4.890412036572592,0.23495972156524658,0.07828415185213089,0.09490227699279785,0.0,0.0,0.0,-0.1476840078830719,0.0,0.0,0.0,0.0,0.0,0.0,0
1785971056,53837776,100.0,-1.4651292006122034,-1.4030049482928675,-1.1327374617206019,-4.61784273782839,-4.890435997639791,0.2325621247291565,0.08582622557878494,0.10339030623435974,0.0,0.0,0.0,-0.1610807627439499,0.0,0.0,0.0,0.0,0.0,0.0,0
1785971056,75261592,100.0,-1.4629834334002894,-1.4004161993609827,-1.1326897780047815,-4.61784273782839,-4.890387598668234,0.22849835455417633,0.09693480283021927,0.11456280201673508,0.0,0.0,0.0,-0.1820707470178604,0.0,0.0,0.0,0.0,0.0,0.0,0
1785971056,93858003,100.0,-1.4613054434405726,-1.398498837147848,-1.1327136198626917,-4.617830816899435,-4.890387598668234,0.22557345032691956,0.10465583950281143,0.12477655708789825,0.0,0.0,0.0,-0.19242511689662933,0.0,0.0,0.0,0.0,0.0,0.0,0
1785971056,115506887,100.0,-1.4587152639972132,-1.3954060713397425,-1.1326897780047815,-4.61781877676119,-4.890399638806478,0.22077788412570953,0.11513804644346237,0.13380147516727448,0.0,0.0,0.0,-0.20614145696163177,0.0,0.0,0.0,0.0,0.0,0.0,0
1785971056,133770704,100.0,-1.4567855040179651,-1.3932254950152796,-1.1327016989337366,-4.617830816899435,-4.890387598668234,0.21734927594661713,0.12158076465129852,0.14250682294368744,0.0,0.0,0.0,-0.21756961941719055,0.0,0.0,0.0,0.0,0.0,0.0,0
1785971056,154799461,100.0,-1.4539321104632776,-1.3897259871112269,-1.1327136198626917,-4.61786669889559,-4.890399638806478,0.21193015575408936,0.12756328284740448,0.15217089653015137,0.0,0.0,0.0,-0.2292662113904953,0.0,0.0,0.0,0.0,0.0,0.0,0
1785971056,173885583,100.0,-1.451869312916891,-1.3872931639300745,-1.1327136198626917,-4.61786669889559,-4.890423957501547,0.20820194482803345,0.13298335671424866,0.15638934075832367,0.0,0.0,0.0,-0.23687221109867096,0.0,0.0,0.0,0.0,0.0,0.0,0
1785971056,194760560,100.0,-1.448632542287008,-1.3833501974688929,-1.1327136198626917,-4.61786669889559,-4.890423957501547,0.20245926082134247,0.1396561712026596,0.16136199235916138,0.0,0.0,0.0,-0.2527233362197876,0.0,0.0,0.0,0.0,0.0,0.0,0
1785971056,213848590,100.0,-1.4463427702533167,-1.3806899229632776,-1.1326897780047815,-4.61784273782839,-4.890387598668234,0.19838349521160126,0.14221280813217163,0.1665136218070984,0.0,0.0,0.0,-0.2582073211669922,0.0,0.0,0.0,0.0,0.0,0.0,0
1785971056,234746932,100.0,-1.442794148121969,-1.376746956502096,-1.1327255407916468,-4.617806855832235,-4.890447918568746,0.1921490728855133,0.146520733833313,0.17232996225357056,0.0,0.0,0.0,-0.26748791337013245,0.0,0.0,0.0,0.0,0.0,0.0,0
1785971056,254004478,100.0,-1.4403365294085901,-1.3738229910479944,-1.1327374617206019,-4.617854777966635,-4.890435997639791,0.18780966103076935,0.15093092620372772,0.17555132508277893,0.0,0.0,0.0,-0.27413514256477356,0.0,0.0,0.0,0.0,0.0,0.0,0
1785971056,275925397,100.0,-1.4366801420794886,-1.3696044127093714,-1.132749382649557,-4.617890659962789,-4.890387598668234,0.18125130236148834,0.14492283761501312,0.1710260808467865,0.0,0.0,0.0,-0.2648162245750427,0.0,0.0,0.0,0.0,0.0,0.0,0
1785971056,293751239,100.0,-1.434282128010885,-1.3669560591327112,-1.1327136198626917,-4.61781877676119,-4.890423957501547,0.17710362374782562,0.14136911928653717,0.16678206622600555,0.0,0.0,0.0,-0.25876978039741516,0.0,0.0,0.0,0.0,0.0,0.0,0
1785971056,314996004,100.0,-1.4310210386859339,-1.363025967274801,-1.1327016989337366,-4.617830816899435,-4.890412036572592,0.1711089015007019,0.13216523826122284,0.15904824435710907,0.0,0.0,0.0,-0.24403078854084015,0.0,0.0,0.0,0.0,0.0,0.0,0
1785971056,333885431,100.0,-1.428983513508932,-1.3605330626117151,-1.1327374617206019,-4.617854777966635,-4.890387598668234,0.16728442907333374,0.12756328284740448,0.15567348897457123,0.0,0.0,0.0,-0.23824000358581543,0.0,0.0,0.0,0.0,0.0,0.0,0
1785971056,354676723,100.0,-1.4260943571673792,-1.357081715260641,-1.1326659361468714,-4.617878739033834,-4.890412036572592,0.1618053913116455,0.1210438683629036,0.14430925250053406,0.0,0.0,0.0,-0.22200536727905273,0.0,0.0,0.0,0.0,0.0,0.0,0
1785971056,374113559,100.0,-1.4242480436908167,-1.3547328154193323,-1.1327136198626917,-4.617902700101034,-4.890423957501547,0.15826892852783203,0.11608400195837021,0.1389530897140503,0.0,0.0,0.0,-0.21244356036186218,0.0,0.0,0.0,0.0,0.0,0.0,0
1785971056,394679069,100.0,-1.4216225782977503,-1.3514130751239222,-1.1326897780047815,-4.617878739033834,-4.890423957501547,0.15323330461978912,0.1112263947725296,0.12804904580116272,0.0,0.0,0.0,-0.19992883503437042,0.0,0.0,0.0,0.0,0.0,0.0,0
1785971056,413833141,100.0,-1.41990834871401,-1.3493998686419886,-1.1327255407916468,-4.61786669889559,-4.890423957501547,0.15010391175746918,0.10589580982923508,0.12337040901184082,0.0,0.0,0.0,-0.18828336894512177,0.0,0.0,0.0,0.0,0.0,0.0,0
1785971056,434556007,100.0,-1.4173787275897425,-1.3465116659747522,-1.1327255407916468,-4.617854777966635,-4.890447918568746,0.14578773081302643,0.09848156571388245,0.11219791322946548,0.0,0.0,0.0,-0.16932591795921326,0.0,0.0,0.0,0.0,0.0,0.0,0
1785971056,453927993,100.0,-1.4158561865436,-1.3447979132281702,-1.1326897780047815,-4.617854777966635,-4.890399638806478,0.1431380808353424,0.09459548443555832,0.1048731580376625,0.0,0.0,0.0,-0.16035212576389313,0.0,0.0,0.0,0.0,0.0,0.0,0
1785971056,475543022,100.0,-1.4137099424945276,-1.3424251715289515,-1.1326897780047815,-4.617806855832235,-4.890375677739279,0.13950574398040771,0.08238755166530609,0.09573318809270859,0.0,0.0,0.0,-0.144616037607193,0.0,0.0,0.0,0.0,0.0,0.0,0
1785971056,493828773,100.0,-1.4125474135028284,-1.3410471121417444,-1.1326773802386683,-4.617890659962789,-4.890412036572592,0.1372755616903305,0.07260842621326447,0.08582622557878494,0.0,0.0,0.0,-0.1344534158706665,0.0,0.0,0.0,0.0,0.0,0.0,0
1785971056,514960050,100.0,-1.4108689467059534,-1.3391059080706995,-1.1326897780047815,-4.617854777966635,-4.890387598668234,0.134337916970253,0.0622284896671772,0.07571473717689514,0.0,0.0,0.0,-0.11704273521900177,0.0,0.0,0.0,0.0,0.0,0.0,0
1785971056,533781051,100.0,-1.4099581877337855,-1.3379672209369105,-1.1326897780047815,-4.617806855832235,-4.890387598668234,0.13252755999565125,0.05807395651936531,0.06764855235815048,0.0,0.0,0.0,-0.10627930611371994,0.0,0.0,0.0,0.0,0.0,0.0,0
1785971056,555291652,100.0,-1.408579174672262,-1.336445156727926,-1.1327016989337366,-4.617806855832235,-4.890435997639791,0.1301179826259613,0.047936901450157166,0.057856641709804535,0.0,0.0,0.0,-0.08973787724971771,0.0,0.0,0.0,0.0,0.0,0.0,0
1785971056,574054718,100.0,-1.4078720251666468,-1.3356183210956019,-1.1326540152179163,-4.617914621029989,-4.890375677739279,0.1287989616394043,0.04180097579956055,0.05011003836989403,0.0,0.0,0.0,-0.07740211486816406,0.0,0.0,0.0,0.0,0.0,0.0,0
1785971056,594946384,100.0,-1.4069483915912073,-1.3345521132098597,-1.1326659361468714,-4.617890659962789,-4.890399638806478,0.1272166669368744,0.030117155984044075,0.037403564900159836,0.0,0.0,0.0,-0.056412145495414734,0.0,0.0,0.0,0.0,0.0,0.0,0
1785971056,613928079,100.0,-1.4065292517291468,-1.3340724150287073,-1.1326659361468714,-4.61784273782839,-4.890435997639791,0.12643694877624512,0.023201460018754005,0.02738155797123909,0.0,0.0,0.0,-0.0431048609316349,0.0,0.0,0.0,0.0,0.0,0.0,0
1785971056,635253667,100.0,-1.4062178770648401,-1.3336170355426233,-1.1327374617206019,-4.61786669889559,-4.890447918568746,0.1256336271762848,0.011530422605574131,0.014278804883360863,0.0,0.0,0.0,-0.023316508159041405,0.0,0.0,0.0,0.0,0.0,0.0,0
1785971056,653804779,100.0,-1.4060619513141077,-1.333461109791891,-1.1326540152179163,-4.61784273782839,-4.890435997639791,0.125357985496521,0.0068517811596393585,0.0062637547962367535,0.0,0.0,0.0,-0.010814565233886242,0.0,0.0,0.0,0.0,0.0,0.0,0
1785971056,675547361,100.0,-1.4061577955829065,-1.3335211912738245,-1.1326897780047815,-4.617878739033834,-4.8903037945376795,0.12539394199848175,-0.007209709845483303,-0.005215534940361977,0.0,0.0,0.032597094774246216,-0.0018407769966870546,0.0,0.0,0.0,0.0,0.0,0.0,0
1785971056,693756341,100.0,-1.406421963368551,-1.3337610403644007,-1.1326773802386683,-4.617878739033834,-4.88960832754244,0.125141903758049,-0.02100275456905365,-0.020018449053168297,0.0,0.0,0.05680522695183754,-0.02323981001973152,0.0,0.0,0.0,0.0,0.0,0.0,0
1785971056,715019702,100.0,-1.4070208708392542,-1.3343361059771937,-1.132594410573141,-4.617914621029989,-4.8878095785724085,0.12459062784910202,-0.034744665026664734,-0.029439648613333702,0.014309165067970753,0.0,0.08808405697345734,-0.03152330592274666,0.0,0.0,0.0,0.0,0.0,0.0,0
1785971056,733737468,100.0,-1.4076321760760706,-1.3348754088031214,-1.1324504057513636,-4.617986623440878,-4.885998789464132,0.12399104237556458,-0.04210777208209038,-0.0401008166372776,0.016346482560038567,-0.009946906939148903,0.12801548838615417,-0.04105955362319946,0.0,0.0,0.0,0.0,0.0,0.0,0
1785971056,754739046,100.0,-1.4089034239398401,-1.3359182516681116,-1.1320074240313929,-4.6182265917407435,-4.882389251385824,0.12270835787057877,-0.057856641709804535,-0.054417967796325684,0.02696450799703598,-0.010785803198814392,0.17480191588401794,-0.05790777504444122,0.0,0.0,0.0,0.0,0.0,0.0,0
1785971056,774029731,100.0,-1.4098623434649866,-1.336888615285055,-1.1316116491900843,-4.618502322827474,-4.879499260579244,0.12174924463033676,-0.06772525608539581,-0.06491295248270035,0.02895388938486576,-0.020421119406819344,0.20301277935504913,-0.0655776783823967,0.0,0.0,0.0,0.0,0.0,0.0,0
1785971056,794810056,100.0,-1.4117444197284144,-1.3386381308185022,-1.1309774557696741,-4.618646089230673,-4.874090615903036,0.11986696720123291,-0.08442007750272751,-0.08073852211236954,0.028546424582600594,-0.006807039957493544,0.24622789025306702,-0.0816972628235817,0.0,0.0,0.0,0.0,0.0,0.0,0
1785971056,813983440,100.0,-1.413171116505758,-1.3400405089007776,-1.1305220762835901,-4.618897740040914,-4.869797650967733,0.1185479536652565,-0.09301037341356277,-0.0904792994260788,0.028786109760403633,-0.008820390328764915,0.27292874455451965,-0.09055600315332413,0.0,0.0,0.0,0.0,0.0,0.0,0
1785971056,835229158,100.0,-1.4156163374530237,-1.3423174063311976,-1.1296961943255823,-4.619281236325399,-4.862518374119894,0.11616197228431702,-0.11026765406131744,-0.10381215065717697,0.03724697232246399,-0.032357409596443176,0.3097682595252991,-0.1037098839879036,0.0,0.0,0.0,0.0,0.0,0.0,0
1785971056,853754281,100.0,-1.4174864927874964,-1.3441031614886683,-1.1291454474078577,-4.619568888341085,-4.857277814541952,0.11450739949941635,-0.12186199426651001,-0.11231296509504318,0.03904460743069649,-0.0385173000395298,0.3345755934715271,-0.11219791322946548,0.0,0.0,0.0,0.0,0.0,0.0,0
1785971056,875457525,100.0,-1.420495335255758,-1.3469427267657679,-1.1281874815570276,-4.620180431996481,-4.8489312569247645,0.11155815422534943,-0.13111701607704163,-0.12337040901184082,0.04079430177807808,-0.021595574915409088,0.3712713122367859,-0.12609322369098663,0.0,0.0,0.0,0.0,0.0,0.0,0
1785971056,893812179,100.0,-1.4226535002337855,-1.3490403334247034,-1.1273849646197718,-4.620564285908834,-4.842875067387716,0.1094837635755539,-0.14033368229866028,-0.13015827536582947,0.04669054225087166,-0.018671423196792603,0.4027418792247772,-0.13587234914302826,0.0,0.0,0.0,0.0,0.0,0.0,0
1785971056,914931774,100.0,-1.4260581175433558,-1.3523839155780237,-1.126366917287008,-4.6212597529040735,-4.832262221966879,0.10601844638586044,-0.15544338524341583,-0.14104953408241272,0.04920722916722298,-0.0342988520860672,0.4340686500072479,-0.14842543005943298,0.0,0.0,0.0,0.0,0.0,0.0,0
1785971056,933759927,100.0,-1.4285877386676233,-1.354708496724264,-1.1255887190448206,-4.621703211461202,-4.824947063122885,0.10368077456951141,-0.1653120070695877,-0.14663578569889069,0.0487518273293972,-0.03554521128535271,0.45046305656433105,-0.15794889628887177,0.0,0.0,0.0,0.0,0.0,0.0,0
1785971056,954902172,100.0,-1.4326518217669886,-1.3584354559527796,-1.1242716948138636,-4.622374240552084,-4.813770596181051,0.09976006299257278,-0.17652283608913422,-0.15874144434928894,0.056709352880716324,-0.0297927837818861,0.49621883034706116,-0.16822656989097595,0.0,0.0,0.0,0.0,0.0,0.0,0
1785971056,973969936,100.0,-1.4355652968036097,-1.3610356489764612,-1.1233380476581019,-4.622842017804281,-4.805567804967062,0.0970265343785286,-0.1846657246351242,-0.16597671806812286,0.05517537519335747,-0.03295661881566048,0.5223444700241089,-0.17427299916744232,0.0,0.0,0.0,0.0,0.0,0.0,0
1785971056,995018243,100.0,-1.440204922352926,-1.3651226202594202,-1.1220200697528284,-4.623668972645895,-4.792592589055197,0.09259012341499329,-0.19473886489868164,-0.178593710064888,0.0601847805082798,-0.03813380375504494,0.5452103614807129,-0.18966394662857056,0.0,0.0,0.0,0.0,0.0,0.0,0
1785971057,13769149,100.0,-1.4434893766986292,-1.3680227438556116,-1.1210148970233362,-4.624292556439535,-4.783898417149679,0.08953302353620529,-0.20267722010612488,-0.18687722086906433,0.061958447098731995,-0.038900796324014664,0.5705929398536682,-0.19493061304092407,0.0,0.0,0.0,0.0,0.0,0.0,0
1785971057,34925937,100.0,-1.4484408537494105,-1.3727086226092737,-1.1195061842547815,-4.625131432210104,-4.769256297742025,0.08477266132831573,-0.2092733383178711,-0.1975511610507965,0.0649784728884697,-0.03209375590085983,0.600649356842041,-0.20327802002429962,0.0,0.0,0.0,0.0,0.0,0.0,0
1785971057,53883552,100.0,-1.4519293943988245,-1.3759081999408167,-1.1184518972979944,-4.625730578099386,-4.759458843861715,0.0814874917268753,-0.21594615280628204,-0.2040194422006607,0.06708769500255585,-0.04086620733141899,0.6083672046661377,-0.20877479016780853,0.0,0.0,0.0,0.0,0.0,0.0,0
1785971057,75486183,100.0,-1.4570611158954065,-1.3808816115008753,-1.116739575062887,-4.626689736043112,-4.744301025067465,0.0764278993010521,-0.22630052268505096,-0.21433547139167786,0.07032343745231628,-0.03844539448618889,0.6480110287666321,-0.22026686370372772,0.0,0.0,0.0,0.0,0.0,0.0,0
1785971057,93858718,100.0,-1.4606817404376429,-1.3843806425677698,-1.1156023184405726,-4.62736159959902,-4.733496133481161,0.07287869602441788,-0.23395764827728271,-0.21489793062210083,0.07231281697750092,-0.041489388793706894,0.6638302206993103,-0.22842252254486084,0.0,0.0,0.0,0.0,0.0,0.0,0
1785971057,115602493,100.0,-1.4663880507098597,-1.3895939032184046,-1.1137703100787562,-4.628320399914877,-4.71769088903536,0.06735134869813919,-0.24534745514392853,-0.22255505621433258,0.08225972205400467,-0.04038684070110321,0.6934072971343994,-0.23783093690872192,0.0,0.0,0.0,0.0,0.0,0.0,0
1785971057,133769512,100.0,-1.470440689717428,-1.3932374159442347,-1.112549130116598,-4.629015390072958,-4.705854956303732,0.06346620619297028,-0.24934858083724976,-0.23046784102916718,0.07847271114587784,-0.0427357479929924,0.7133969664573669,-0.24452932178974152,0.0,0.0,0.0,0.0,0.0,0.0,0
1785971057,155261278,100.0,-1.4767468611346644,-1.398630444203512,-1.1107047239886683,-4.630094353352682,-4.688706223164694,0.05748346075415611,-0.25755536556243896,-0.24019582569599152,0.08108527213335037,-0.04894357547163963,0.740289568901062,-0.24947641789913177,0.0,0.0,0.0,0.0,0.0,0.0,0
1785971057,173935174,100.0,-1.4809911886798304,-1.4026692549334925,-1.1093876997577112,-4.630837742482321,-4.676642243062155,0.05351443588733673,-0.2676413059234619,-0.2471754401922226,0.083625927567482,-0.04832039773464203,0.7533524036407471,-0.252135306596756,0.0,0.0,0.0,0.0,0.0,0.0,0
1785971057,195291996,100.0,-1.4873455206500452,-1.4087689558612269,-1.1074240843402308,-4.631916348134176,-4.65848690668215,0.04743543639779091,-0.2729335427284241,-0.2546791732311249,0.09045693278312683,-0.042639873921871185,0.773533821105957,-0.2606489062309265,0.0,0.0,0.0,0.0,0.0,0.0,0
1785971057,213855743,100.0,-1.4915779272662562,-1.4129517714129847,-1.1060832182513636,-4.63259989420046,-4.645643536244528,0.0432986319065094,-0.2807951867580414,-0.25727415084838867,0.08472847193479538,-0.05059739947319031,0.7950335144996643,-0.2690602242946625,0.0,0.0,0.0,0.0,0.0,0.0,0
1785971057,234692096,100.0,-1.4982917944537562,-1.41925555864443,-1.103891674672262,-4.633822623883383,-4.626336995755331,0.036751873791217804,-0.28296834230422974,-0.2598307728767395,0.09582586586475372,-0.049854379147291183,0.8106849193572998,-0.27979809045791626,0.0,0.0,0.0,0.0,0.0,0.0,0
1785971057,253957033,100.0,-1.502847973500387,-1.4234140555011194,-1.1023710409747522,-4.634625975285665,-4.613049809132711,0.03225516900420189,-0.28892529010772705,-0.2624257802963257,0.09033709019422531,-0.04810468107461929,0.8240113854408264,-0.2820223867893219,0.0,0.0,0.0,0.0,0.0,0.0,0
1785971057,275263071,100.0,-1.5099461714373987,-1.4297779242144983,-1.1001799742328089,-4.635896627102987,-4.593191568051473,0.025241024792194366,-0.29555976390838623,-0.27395617961883545,0.09529855847358704,-0.054432351142168045,0.8413165807723999,-0.288707971572876,0.0,0.0,0.0,0.0,0.0,0.0,0
1785971057,293918609,100.0,-1.5147894064532679,-1.434188191090719,-1.0986350218402308,-4.636675540600912,-4.579065505658285,0.020780272781848907,-0.3040477931499481,-0.2794145941734314,0.09608951956033707,-0.05047755688428879,0.8496575951576233,-0.2862919569015503,0.0,0.0,0.0,0.0,0.0,0.0,0
1785971057,314933538,100.0,-1.5220792929278772,-1.4409955183612269,-1.096407715474264,-4.637934271489279,-4.558679644261495,0.01380170788615942,-0.31001752614974976,-0.28603628277778625,0.1005236804485321,-0.052994243800640106,0.868952214717865,-0.295470267534256,0.0,0.0,0.0,0.0,0.0,0.0,0
1785971057,333796262,100.0,-1.5270074049579065,-1.4456575552569788,-1.0948751608477991,-4.638749186192648,-4.54429001012911,0.009149206802248955,-0.31456834077835083,-0.288707971572876,0.09712016582489014,-0.05169994756579399,0.877101480960846,-0.29959923028945923,0.0,0.0,0.0,0.0,0.0,0.0,0
1785971057,355101346,100.0,-1.534644905720846,-1.452717129384176,-1.0924442450152796,-4.640080277119772,-4.52325684229006,0.001846694154664874,-0.3118966519832611,-0.2892448604106903,0.09577792882919312,-0.055223312228918076,0.9055999517440796,-0.30798500776290894,0.0,0.0,0.0,0.0,0.0,0.0,0
1785971057,374002218,100.0,-1.539668385182516,-1.4573310057269495,-1.0908039251910608,-4.640919510518209,-4.5085912386523646,-0.003129307423726857,-0.3162940740585327,-0.29337382316589355,0.10582070797681808,-0.05800364911556244,0.8990086317062378,-0.30857303738594055,0.0,0.0,0.0,0.0,0.0,0.0,0
1785971057,394815444,100.0,-1.5473068396197718,-1.4643061796771448,-1.0883615652667444,-4.642285768185751,-4.486754838620321,-0.010587994252340138,-0.3220592737197876,-0.30110764503479004,0.09848636388778687,-0.05632586032152176,0.9287295341491699,-0.3115003705024719,0.0,0.0,0.0,0.0,0.0,0.0,0
1785971057,413888216,100.0,-1.5523789564715784,-1.4691603819476526,-1.0867212454425257,-4.643196884785787,-4.472029153500692,-0.015588108693258107,-0.3323369324207306,-0.3059397041797638,0.10284861922264099,-0.0571887232363224,0.9273393750190735,-0.3148495554924011,0.0,0.0,0.0,0.0,0.0,0.0,0
1785971057,434633970,100.0,-1.5602801481830042,-1.4766033331500452,-1.0842660109149378,-4.644551459942953,-4.449234072362081,-0.023118321095601857,-0.3349575102329254,-0.3078571557998657,0.10026002675294876,-0.05807555466890335,0.9450759887695312,-0.32150959968566895,0.0,0.0,0.0,0.0,0.0,0.0,0
1785971057,453824281,100.0,-1.565711800252096,-1.4816129843341272,-1.0826018492328089,-4.64553422132601,-4.434484903012411,-0.028202358876363576,-0.3384856581687927,-0.3071029484272003,0.10656373202800751,-0.05639776587486267,0.952338457107544,-0.32126671075820923,0.0,0.0,0.0,0.0,0.0,0.0,0
1785971057,475106954,100.0,-1.5738657156573694,-1.4889476935016077,-1.080231014882223,-4.646877113972799,-4.4114856163608,-0.036032978688375294,-0.33734795451164246,-0.3104393780231476,0.10632404685020447,-0.060807958245277405,0.958761990070343,-0.3257408142089844,0.0,0.0,0.0,0.0,0.0,0.0,0
1785971057,493724822,100.0,-1.5792620817767542,-1.4938738981830042,-1.0785067717181605,-4.647847835217611,-4.39604098001589,-0.041321579610006154,-0.3408505320549011,-0.31253582239151,0.10570086538791656,-0.060807958245277405,0.9784401059150696,-0.3236827254295349,0.0,0.0,0.0,0.0,0.0,0.0,0
1785971057,515108108,100.0,-1.587259594594137,-1.501352612172262,-1.0760286490069788,-4.649238411580221,-4.372742478047506,-0.049103562031881154,-0.345043420791626,-0.31896573305130005,0.11121360957622528,-0.059489693492650986,0.976402759552002,-0.3310714066028595,0.0,0.0,0.0,0.0,0.0,0.0,0
1785971057,533891916,100.0,-1.5928238073932093,-1.5063746611224573,-1.0742562452899378,-4.650269452725546,-4.356902782117025,-0.0543440024005335,-0.3460277318954468,-0.3192341923713684,0.1137542650103569,-0.0565655454993248,0.9787037372589111,-0.33160829544067383,0.0,0.0,0.0,0.0,0.0,0.0,0
1785971057,554708242,100.0,-1.6011212507831019,-1.5140932242022913,-1.0716221968280237,-4.651647988949911,-4.333376590405599,-0.06237823167909795,-0.34253790974617004,-0.31932368874549866,0.10862501710653305,-0.05946572497487068,0.9901606440544128,-0.3314293324947357,0.0,0.0,0.0,0.0,0.0,0.0,0
1785971057,574038505,100.0,-1.606673542653219,-1.5191033522235315,-1.0699098745929163,-4.652559224759237,-4.317632619534628,-0.06770259538759404,-0.3456442356109619,-0.32196977734565735,0.11245997250080109,-0.053833141922950745,0.9805253744125366,-0.3322346806526184,0.0,0.0,0.0,0.0,0.0,0.0,0
1785971057,595067739,100.0,-1.6149113813983362,-1.526773754750387,-1.0673115889178675,-4.653961722050802,-4.293819252644674,-0.07566529909242803,-0.35489925742149353,-0.32677626609802246,0.11241203546524048,-0.06274940073490143,0.9915268421173096,-0.32746654748916626,0.0,0.0,0.0,0.0,0.0,0.0,0
1785971057,613869667,100.0,-1.6206067244159144,-1.5319636503802698,-1.0654671827899378,-4.655052248631613,-4.278159681950704,-0.08094150224794561,-0.34895506501197815,-0.32815685868263245,0.11090201884508133,-0.06298908591270447,0.9909995794296265,-0.33098194003105164,0.0,0.0,0.0,0.0,0.0,0.0,0
1785971057,634801626,100.0,-1.6290372053729456,-1.5398743788348597,-1.062833611165182,-4.656406823788778,-4.253878895436422,-0.08896381059755498,-0.3497476279735565,-0.3281312882900238,0.11188472807407379,-0.06423544883728027,0.9873084425926208,-0.3348296582698822,0.0,0.0,0.0,0.0,0.0,0.0,0
1785971057,653800964,100.0,-1.6345894972430628,-1.545100514088766,-1.0611088911639612,-4.657365981732504,-4.2380035559283655,-0.09446794191469365,-0.34496670961380005,-0.3248971402645111,0.1059405505657196,-0.05915413796901703,0.9971114993095398,-0.33514922857284546,0.0,0.0,0.0,0.0,0.0,0.0,0
1785971057,675283908,100.0,-1.6429713408099573,-1.552807633076803,-1.058451000844137,-4.658888403569357,-4.2143829504596155,-0.10258704820741826,-0.3495558798313141,-0.3181859850883484,0.10390323400497437,-0.06025668606162071,0.9957692623138428,-0.3288343548774719,0.0,0.0,0.0,0.0,0.0,0.0,0
1785971057,693763494,100.0,-1.6484997908221644,-1.5579255262957972,-1.0566790739642542,-4.659847442303793,-4.197884384785787,-0.10791141191591436,-0.35069358348846436,-0.3248843550682068,0.11169297993183136,-0.05788381025195122,0.9854868054389954,-0.3299848437309265,0.0,0.0,0.0,0.0,0.0,0.0,0
1785971057,714959383,100.0,-1.6569660345660608,-1.565704647694723,-1.054152790700094,-4.661333505307333,-4.174180094395773,-0.11595803896059209,-0.3462066948413849,-0.3198222219944,0.1070910394191742,-0.06181463599205017,0.9891539812088013,-0.333091139793396,0.0,0.0,0.0,0.0,0.0,0.0,0
1785971057,733845472,100.0,-1.6626980940448206,-1.5708344618426722,-1.0523207823382776,-4.662328545247213,-4.158544603978292,-0.1213305632220667,-0.3456314504146576,-0.3180070221424103,0.10632404685020447,-0.05800364911556244,0.9869968295097351,-0.3319278955459595,0.0,0.0,0.0,0.0,0.0,0.0,0
1785971057,754724264,100.0,-1.6710684935199183,-1.578613583241598,-1.0498421827899378,-4.6637670437442225,-4.134756867085592,-0.1293414274798792,-0.3404798209667206,-0.31932368874549866,0.10982344299554825,-0.057452376931905746,0.9810047149658203,-0.32551074028015137,0.0,0.0,0.0,0.0,0.0,0.0,0
1785971057,773984193,100.0,-1.6764891783343714,-1.5836237112628382,-1.0481417814837855,-4.664725844060079,-4.119505707417623,-0.13463002840151006,-0.3463728725910187,-0.3192341923713684,0.1101350337266922,-0.06011287495493889,0.9862537980079651,-0.3245008587837219,0.0,0.0,0.0,0.0,0.0,0.0,0
1785971057,795267343,100.0,-1.684727970753805,-1.5911276976214808,-1.04557973543276,-4.666164700184957,-4.095994536076681,-0.14254552522768194,-0.3427424430847168,-0.318479984998703,0.11325093358755112,-0.05922604352235794,0.9828263521194458,-0.3287193179130554,0.0,0.0,0.0,0.0,0.0,0.0,0
1785971057,813780784,100.0,-1.6903284231769007,-1.5962212721454065,-1.0437834898578089,-4.667015496884481,-4.080371920262472,-0.14776212373842412,-0.34063321352005005,-0.3181859850883484,0.10742659866809845,-0.05639776587486267,0.9810047149658203,-0.32781168818473816,0.0,0.0,0.0,0.0,0.0,0.0,0
1785971057,834802627,100.0,-1.698531452809469,-1.604060475026266,-1.0411136786090296,-4.668513957654135,-4.057388130818502,-0.15580875078310186,-0.33330845832824707,-0.3144404888153076,0.11097392439842224,-0.06090383231639862,0.9710338711738586,-0.32490992546081543,0.0,0.0,0.0,0.0,0.0,0.0,0
1785971057,853847026,100.0,-1.704047981892721,-1.609058682118551,-1.039509121571676,-4.669400755559103,-4.04156214395632,-0.1609895865069788,-0.33768031001091003,-0.31532254815101624,0.10802580416202545,-0.05733253434300423,0.9642987251281738,-0.3162940740585327,0.0,0.0,0.0,0.0,0.0,0.0,0
1785971057,873922109,100.0,-1.7093127409564417,-1.6140931288348597,-1.0378206411944788,-4.670359913502828,-4.026623551045553,-0.1662066618548792,-0.33296331763267517,-0.3118966519832611,0.10224941372871399,-0.06071208417415619,0.9619258642196655,-0.3131110668182373,0.0,0.0,0.0,0.0,0.0,0.0,0
1785971057,893874883,100.0,-1.7174199263202112,-1.6213458220111292,-1.0352466742144983,-4.671714488659994,-4.0033646265613,-0.1737616697894495,-0.33045780658721924,-0.30816397070884705,0.10380735993385315,-0.058339208364486694,0.9443089962005615,-0.3167926073074341,0.0,0.0,0.0,0.0,0.0,0.0,0
1785971057,914738178,100.0,-1.7253592650042933,-1.628657642995016,-1.0326722303973597,-4.673105065022604,-3.9807897249804896,-0.18131763139833623,-0.3191063702106476,-0.3040733337402344,0.10301639884710312,-0.055223312228918076,0.9294246435165405,-0.31348177790641785,0.0,0.0,0.0,0.0,0.0,0.0,0
1785971057,933848857,100.0,-1.73051625887026,-1.6336196104632776,-1.031020466481344,-4.673919979725973,-3.966210905705587,-0.18633014360536748,-0.3191063702106476,-0.30007222294807434,0.09910954535007477,-0.056062206625938416,0.9277947545051575,-0.3104649484157562,0.0,0.0,0.0,0.0,0.0,0.0,0
1785971057,955097198,100.0,-1.7380836645709437,-1.6407883802997034,-1.0285771528827112,-4.675262514744894,-3.943792168294088,-0.193765942250387,-0.31412091851234436,-0.2944987416267395,0.09731190651655197,-0.05591839551925659,0.9016931056976318,-0.3049042522907257,0.0,0.0,0.0,0.0,0.0,0.0,0
1785971057,973952293,100.0,-1.7431805769549769,-1.6454628149615687,-1.0270450750934046,-4.676161352788107,-3.929657522832052,-0.19863492647279912,-0.3174956738948822,-0.29129016399383545,0.0974796861410141,-0.05378520488739014,0.9063190221786499,-0.30164453387260437,0.0,0.0,0.0,0.0,0.0,0.0,0
1785971057,995214939,100.0,-1.7508567015277308,-1.6523917357074183,-1.0246861616717737,-4.677516285573141,-3.908234421406881,-0.20584327379335576,-0.3080233633518219,-0.28615134954452515,0.09676063805818558,-0.05673332139849663,0.8840523362159729,-0.3000466525554657,0.0,0.0,0.0,0.0,0.0,0.0,0
1785971058,13768196,100.0,-1.7558816115008753,-1.6569588820086878,-1.0231059233294886,-4.678427163754598,-3.894088093434469,-0.2105324904071253,-0.30361315608024597,-0.2852437198162079,0.09000153094530106,-0.05285043269395828,0.8815116882324219,-0.29522737860679626,0.0,0.0,0.0,0.0,0.0,0.0,0
1785971058,34968376,100.0,-1.763101879750387,-1.6637910048114222,-1.0208547751056116,-4.679625574742452,-3.8733482996570032,-0.21751243272890264,-0.2945498824119568,-0.27840474247932434,0.0938844233751297,-0.051604073494672775,0.8529412746429443,-0.28673937916755676,0.0,0.0,0.0,0.0,0.0,0.0,0
1785971058,53796291,100.0,-1.7678754965411585,-1.6683104673968714,-1.0193942228900355,-4.680380884801046,-3.8596816698657435,-0.2221296469317835,-0.29359114170074463,-0.2731125056743622,0.0884675532579422,-0.04597149044275284,0.8489145636558533,-0.28194567561149597,0.0,0.0,0.0,0.0,0.0,0.0,0
1785971058,75302839,100.0,-1.7747238318072718,-1.6748316923724573,-1.0173829237567347,-4.681699220334188,-3.8396859804736536,-0.22903806367983037,-0.28897643089294434,-0.2646756172180176,0.09407617151737213,-0.04891960695385933,0.8291166424751282,-0.27603983879089355,0.0,0.0,0.0,0.0,0.0,0.0,0
1785971058,93889474,100.0,-1.7794011274920862,-1.678979221974508,-1.0159695784198206,-4.682418648396627,-3.826366964970724,-0.23346358934511358,-0.2868160605430603,-0.26131364703178406,0.08978581428527832,-0.054432351142168045,0.8155744671821594,-0.2728440463542938,0.0,0.0,0.0,0.0,0.0,0.0,0
1785971058,114810228,100.0,-1.7861297766314905,-1.6851285139666956,-1.0138023535357874,-4.683581058179037,-3.8072949091540735,-0.2398436705218714,-0.2734704315662384,-0.25599583983421326,0.09309346228837967,-0.044437509030103683,0.7943863868713379,-0.26638856530189514,0.0,0.0,0.0,0.0,0.0,0.0,0
1785971058,133807182,100.0,-1.790555779133932,-1.6891325155841272,-1.0124495665179651,-4.684300486241476,-3.794455591832296,-0.24396926561464483,-0.2700061798095703,-0.24867106974124908,0.08631039410829544,-0.0481526181101799,0.7762422561645508,-0.26315441727638245,0.0,0.0,0.0,0.0,0.0,0.0,0
1785971058,154947280,100.0,-1.7969477812396448,-1.6951502005206507,-1.0104144255267542,-4.685343567525045,-3.7764628569232386,-0.25012237230409795,-0.26031655073165894,-0.2431870996952057,0.08525577932596207,-0.04748149961233139,0.7559649348258972,-0.2560341954231262,0.0,0.0,0.0,0.0,0.0,0.0,0
1785971058,174042701,100.0,-1.8010500113116663,-1.6990459601031702,-1.0090611616717737,-4.686218325291769,-3.7643311659442347,-0.254188362752096,-0.25611087679862976,-0.2398378998041153,0.0818282887339592,-0.047864995896816254,0.7438368797302246,-0.2524932324886322,0.0,0.0,0.0,0.0,0.0,0.0,0
1785971058,195053577,100.0,-1.8071191946612757,-1.70465594926943,-1.0071700255023401,-4.687308971081869,-3.747153107319967,-0.2601850668536585,-0.24947641789913177,-0.22849923372268677,0.08216384798288345,-0.0385173000395298,0.7152425646781921,-0.242381751537323,0.0,0.0,0.0,0.0,0.0,0.0,0
1785971058,213899612,100.0,-1.8110416571246546,-1.708240811024801,-1.0059483687030237,-4.687896553670065,-3.7359092871295374,-0.26396257082094365,-0.24461880326271057,-0.22264453768730164,0.07734619081020355,-0.046738479286432266,0.7013168931007385,-0.23611800372600555,0.0,0.0,0.0,0.0,0.0,0.0,0
1785971058,235000133,100.0,-1.81691819826235,-1.7134068647967737,-1.00397235551943,-4.68897515932192,-3.7196665445910853,-0.2693598906146448,-0.23629696667194366,-0.21762074530124664,0.07931160181760788,-0.04110589250922203,0.6764136552810669,-0.22664566338062286,0.0,0.0,0.0,0.0,0.0,0.0,0
1785971058,253833293,100.0,-1.8206847349749964,-1.716799561177389,-1.0027754942523401,-4.689646188412802,-3.7091661135302942,-0.2727897802935999,-0.2240123301744461,-0.21287818253040314,0.06787865608930588,-0.04021906107664108,0.6604506373405457,-0.22153238952159882,0.0,0.0,0.0,0.0,0.0,0.0,0
1785971058,275451898,100.0,-1.8260939756976526,-1.7219064871417444,-1.0012434164630335,-4.690581742917196,-3.693558994923727,-0.27804309526552373,-0.21877123415470123,-0.20571960508823395,0.06493053585290909,-0.03470631688833237,0.6211903095245361,-0.21556265652179718,0.0,0.0,0.0,0.0,0.0,0.0,0
1785971058,293826580,100.0,-1.829524342213766,-1.7251551787005823,-1.0000937620746058,-4.6911450068103235,-3.6840413252459925,-0.2814138571368616,-0.21414372324943542,-0.20180796086788177,0.06890929490327835,-0.038493331521749496,0.609230101108551,-0.21006588637828827,0.0,0.0,0.0,0.0,0.0,0.0,0
1785971058,314763784,100.0,-1.834346119557516,-1.7298906485186976,-0.9985969702350062,-4.692055884991781,-3.6698489824878138,-0.2863672415362757,-0.1984076350927353,-0.18502365052700043,0.06291718035936356,-0.03238137811422348,0.5738047361373901,-0.19470050930976868,0.0,0.0,0.0,0.0,0.0,0.0,0
1785971058,333801031,100.0,-1.8373687903033655,-1.7328513304339808,-0.9975789229022425,-4.692595068608419,-3.6608951727496546,-0.2893293539630335,-0.19308984279632568,-0.17736653983592987,0.06157495081424713,-0.034274883568286896,0.5520173907279968,-0.18351523578166962,0.0,0.0,0.0,0.0,0.0,0.0,0
1785971058,355578184,100.0,-1.8417828718768519,-1.7368558088885706,-0.9960826078998011,-4.693326536809103,-3.648273293172018,-0.29362327257265264,-0.18279938399791718,-0.16637299954891205,0.05385711044073105,-0.028977857902646065,0.5299184918403625,-0.17539791762828827,0.0,0.0,0.0,0.0,0.0,0.0,0
1785971058,373925924,100.0,-1.8446372191058558,-1.7394569555865687,-0.9952328840838831,-4.693841878567831,-3.6397865454303187,-0.29635793367494756,-0.1728157252073288,-0.15966184437274933,0.05433647707104683,-0.029409289360046387,0.5001736283302307,-0.1673317402601242,0.0,0.0,0.0,0.0,0.0,0.0,0
1785971058,394950151,100.0,-1.8487275282489222,-1.7431133429156702,-0.9940231482135218,-4.694453064595358,-3.6283755938159388,-0.30017215410341436,-0.16624517738819122,-0.15210698544979095,0.04971056804060936,-0.0186474546790123,0.45961901545524597,-0.15879258513450623,0.0,0.0,0.0,0.0,0.0,0.0,0
1785971058,413731575,100.0,-1.851438347493307,-1.7455228010760706,-0.9932573477374476,-4.694896403943197,-3.6213634649859827,-0.30258256593813115,-0.15898433327674866,-0.14310762286186218,0.042879559099674225,-0.024447819218039513,0.4434882402420044,-0.1500488966703415,0.0,0.0,0.0,0.0,0.0,0.0,0
1785971058,435008049,100.0,-1.855060879384176,-1.748819653187887,-0.9921553770648401,-4.695531670247213,-3.6111510435687464,-0.30600148836244756,-0.1426602154970169,-0.13302169740200043,0.03904460743069649,-0.023920513689517975,0.40720000863075256,-0.13968174159526825,0.0,0.0,0.0,0.0,0.0,0.0,0
1785971058,453904867,100.0,-1.8571599165545862,-1.7508814970599573,-0.9914968649493616,-4.6959514061557215,-3.6048105398761194,-0.3081000486956995,-0.12917396426200867,-0.12372833490371704,0.04187288507819176,-0.02377670258283615,0.368946373462677,-0.12980034947395325,0.0,0.0,0.0,0.0,0.0,0.0,0
1785971058,474854946,100.0,-1.8600390593158167,-1.7536504904376429,-0.9905388990985315,-4.6965031067477625,-3.596360508595602,-0.31109887758363897,-0.11406425386667252,-0.11026765406131744,0.03628823533654213,-0.021595574915409088,0.3400404155254364,-0.11903691291809082,0.0,0.0,0.0,0.0,0.0,0.0,0
1785971058,493858337,100.0,-1.86174184480776,-1.755364720021383,-0.9899767080890101,-4.696838680897848,-3.591302220021383,-0.3129332701312464,-0.10688011348247528,-0.10281506180763245,0.034754253923892975,-0.018503643572330475,0.3123808205127716,-0.10858027637004852,0.0,0.0,0.0,0.0,0.0,0.0,0
1785971058,514841318,100.0,-1.86414081255068,-1.7576068083392542,-0.9892099539386194,-4.697162214909689,-3.584254328404562,-0.3153446356402796,-0.0991462916135788,-0.08710454404354095,0.024951158091425896,-0.007358314469456673,0.27283287048339844,-0.0938924103975296,0.0,0.0,0.0,0.0,0.0,0.0,0
1785971058,533869028,100.0,-1.8656042257892054,-1.7590211073504847,-0.988779369984762,-4.697365943585531,-3.579975191746847,-0.3167837301837366,-0.09151473641395569,-0.07948577404022217,0.025550369173288345,-0.007190535310655832,0.24785774946212769,-0.08445842564105988,0.0,0.0,0.0,0.0,0.0,0.0,0
1785971058,555535078,100.0,-1.8676312605487269,-1.7607834974872034,-0.9882281462298792,-4.697569672261373,-3.5744975248919886,-0.31857043901552373,-0.07613658159971237,-0.06635745614767075,0.019582225009799004,-0.005392901599407196,0.20718328654766083,-0.06771247088909149,0.0,0.0,0.0,0.0,0.0,0.0,0
1785971058,573934078,100.0,-1.8687108198748987,-1.7617786566363733,-0.9879172484027308,-4.697797362004415,-3.571585003529684,-0.31956607500185186,-0.06217735633254051,-0.054673634469509125,0.018503643572330475,-0.009946906939148903,0.1787806749343872,-0.057792726904153824,0.0,0.0,0.0,0.0,0.0,0.0,0
1785971058,594974756,100.0,-1.8700183073626917,-1.7629416624652308,-0.9874981085406702,-4.698061052952902,-3.567941490803854,-0.3207896391498011,-0.04616003856062889,-0.04052266106009483,0.017736652866005898,-0.004625910893082619,0.12676914036273956,-0.0437951534986496,0.0,0.0,0.0,0.0,0.0,0.0,0
1785971058,613796234,100.0,-1.8706300894366663,-1.76343280473818,-0.9873183409320276,-4.6982048193561,-3.566179339085714,-0.3214014212237757,-0.03488527983427048,-0.028608743101358414,0.010450244881212711,-0.012942963279783726,0.10253703594207764,-0.030232205986976624,0.0,0.0,0.0,0.0,0.0,0.0,0
1785971058,634803056,100.0,-1.871253792439596,-1.7640083471881312,-0.9871628920184534,-4.698240820561544,-3.5644174257861536,-0.32198936143984014,-0.01949433982372284,-0.013703562319278717,0.0036911414936184883,0.0,0.06011287495493889,-0.017372332513332367,0.0,0.0,0.0,0.0,0.0,0.0,0
1785971058,653955698,100.0,-1.8714216391192835,-1.7641761938678187,-0.9871028105365198,-4.698252741490499,-3.563890043889181,-0.3221929709063929,-0.010277671739459038,-0.008475244045257568,0.0019174760673195124,-0.003930825740098953,0.018503643572330475,-0.010814565233886242,0.0,0.0,0.0,0.0,0.0,0.0,0
1785971058,675228118,100.0,-1.8714335600482386,-1.7640202681170862,-0.9871628920184534,-4.698264781628744,-3.5639620463000696,-0.3221810499774378,0.004780906718224287,0.012540292926132679,0.0011265171924605966,-0.001701759989373386,-0.03964381664991379,0.006992395967245102,0.0,0.0,0.0,0.0,0.0,0.0,0
1785971058,693880558,100.0,-1.8711937109576624,-1.7638285795794886,-0.9870908896075647,-4.6982287804233,-3.5645371119128626,-0.3219535986529749,0.01848446950316429,0.02028689719736576,0.0006950850947760046,-0.0011984225129708648,-0.04352670535445213,0.019110843539237976,0.0,0.0,0.0,0.0,0.0,0.0,0
1785971058,715052127,100.0,-1.8706181685077112,-1.7632649580584925,-0.9871986548053187,-4.6981808582889,-3.5664191881762903,-0.3212817350970667,0.034092724323272705,0.030296120792627335,-0.01342233270406723,0.00023968450841493905,-0.09913351386785507,0.03231586143374443,0.0,0.0,0.0,0.0,0.0,0.0,0
1785971058,733775854,100.0,-1.8699706236468714,-1.7627013365374964,-0.9873302618609827,-4.698072973881857,-3.568289105092184,-0.3207057158099573,0.045278001576662064,0.040471527725458145,-0.01462075486779213,0.008077368140220642,-0.13031646609306335,0.04086780548095703,0.0,0.0,0.0,0.0,0.0,0.0,0
1785971058,755183935,100.0,-1.8688190619098108,-1.7614911238299769,-0.9876177946673792,-4.697941247616903,-3.572028462086813,-0.3196142355548304,0.058764249086380005,0.05483981594443321,-0.02298574522137642,0.007190535310655832,-0.1726687252521515,0.0567956380546093,0.0,0.0,0.0,0.0,0.0,0.0,0
1785971058,773957014,100.0,-1.8677876631366175,-1.7605555693255823,-0.9880846182452601,-4.697677556668417,-3.5751448313342493,-0.3186305204974573,0.0683516263961792,0.0647723376750946,-0.027899276465177536,0.020540961995720863,-0.19474366307258606,0.06638301908969879,0.0,0.0,0.0,0.0,0.0,0.0,0
1785971058,795056343,100.0,-1.866011921559469,-1.7587936560260218,-0.9887192885028284,-4.6974738279925745,-3.5806706587420862,-0.3168075720416468,0.08494418859481812,0.07839920371770859,-0.030991205945611,0.010785803198814392,-0.24035562574863434,0.08248981833457947,0.0,0.0,0.0,0.0,0.0,0.0,0
1785971058,813844680,100.0,-1.864572827016012,-1.757486645375387,-0.9891980330096644,-4.697114292775289,-3.584841553364889,-0.3152959982501429,0.09791910648345947,0.08755195885896683,-0.030487868934869766,0.02135588973760605,-0.2677755355834961,0.0904792994260788,0.0,0.0,0.0,0.0,0.0,0.0,0
1785971058,834563732,100.0,-1.8621018568622034,-1.7551611105548304,-0.9899523893939417,-4.696946565304891,-3.591745916997091,-0.3129332701312464,0.11749015003442764,0.09938917309045792,-0.03640807792544365,0.007142598275095224,-0.3093847632408142,0.1065477505326271,0.0,0.0,0.0,0.0,0.0,0.0,0
1785971058,853908300,100.0,-1.8602426687823694,-1.7534588019000452,-0.9905632177935999,-4.6966708342181605,-3.596851650868551,-0.3111947218524378,0.12233497202396393,0.10979467630386353,-0.03892476484179497,0.00920388475060463,-0.3417181968688965,0.11508691310882568,0.0,0.0,0.0,0.0,0.0,0.0,0
1785971058,875536203,100.0,-1.8570879141436976,-1.7506654898272913,-0.9915207068072718,-4.69602340856661,-3.6056857744800013,-0.3082798163043421,0.13515649735927582,0.12142736464738846,-0.04436560347676277,0.030535805970430374,-0.3804751932621002,0.12808740139007568,0.0,0.0,0.0,0.0,0.0,0.0,0
1785971058,893784523,100.0,-1.8549049536334437,-1.7485674063311976,-0.992251221333639,-4.695663873349325,-3.612098042164938,-0.3061931769000452,0.1420721858739853,0.12949354946613312,-0.04357464239001274,0.03135073184967041,-0.39384958148002625,0.13556554913520813,0.0,0.0,0.0,0.0,0.0,0.0,0
1785971058,914722204,100.0,-1.8513906637774866,-1.7453911940204065,-0.9933527151690882,-4.6950042883502405,-3.6221187750445765,-0.302774731312887,0.155315563082695,0.14226393401622772,-0.04649879410862923,0.026461169123649597,-0.43351736664772034,0.14956313371658325,0.0,0.0,0.0,0.0,0.0,0.0,0
1785971058,933760881,100.0,-1.8488715330706995,-1.7431014219867151,-0.9942148367511194,-4.6945369879352015,-3.6291189829455774,-0.30044776598085576,0.16289597749710083,0.1476200819015503,-0.051124706864356995,0.029505163431167603,-0.46539542078971863,0.15770600736141205,0.0,0.0,0.0,0.0,0.0,0.0,0
1785971058,955342054,100.0,-1.8447697798358362,-1.7393963972674769,-0.995495621358053,-4.693757955227987,-3.6407576243029993,-0.2965620199786585,0.17561523616313934,0.16141313314437866,-0.055510930716991425,0.02545449510216713,-0.49070608615875244,0.1700417697429657,0.0,0.0,0.0,0.0,0.0,0.0,0
1785971058,974008798,100.0,-1.8418906370746058,-1.7367480436908167,-0.9963582197772425,-4.693314496670858,-3.6490641275988978,-0.29383927980531865,0.1824670135974884,0.1690574735403061,-0.05436044558882713,0.0331004299223423,-0.5100486278533936,0.17789064347743988,0.0,0.0,0.0,0.0,0.0,0.0,0
1785971058,995178699,100.0,-1.8373449484454554,-1.7325518766986292,-0.9977586905108851,-4.69254714647402,-3.6617100874530237,-0.2894251982318323,0.19884225726127625,0.181188702583313,-0.05903429538011551,0.036264266818761826,-0.5566193461418152,0.1882450133562088,0.0,0.0,0.0,0.0,0.0,0.0,0
1785971059,13834953,100.0,-1.8341782728778284,-1.7295668760882776,-0.9988721052752894,-4.691948000584738,-3.6708560625659388,-0.2863672415362757,0.20508044958114624,0.18543271720409393,-0.06373210996389389,0.03719903528690338,-0.5708565711975098,0.1940741389989853,0.0,0.0,0.0,0.0,0.0,0.0,0
1785971059,34781455,100.0,-1.8292730490313929,-1.724903408681051,-1.0002854506122034,-4.6910850445376795,-3.684760634099142,-0.2814977804767054,0.20862139761447906,0.19328157603740692,-0.06406766921281815,0.03707919269800186,-0.600649356842041,0.20499096810817719,0.0,0.0,0.0,0.0,0.0,0.0,0
1785971059,53816080,100.0,-1.8259137312518519,-1.721750561391012,-1.0014227072345179,-4.690485898648397,-3.6944342295276087,-0.2781871000873011,0.22136621177196503,0.20132219791412354,-0.07080280035734177,0.03863714262843132,-0.6273022890090942,0.21011702716350555,0.0,0.0,0.0,0.0,0.0,0.0,0
1785971059,75721263,100.0,-1.8204687277423304,-1.7167876402484339,-1.0030749479876917,-4.689550344144003,-3.710136953984396,-0.2730658690081995,0.22863984107971191,0.2122262418270111,-0.06423544883728027,0.03959587961435318,-0.6456381678581238,0.22143013775348663,0.0,0.0,0.0,0.0,0.0,0.0,0
1785971059,93809127,100.0,-1.8167265097247522,-1.7133711020099085,-1.0042718092547815,-4.6888912359820765,-3.7204938570605677,-0.2695401350604456,0.23132431507110596,0.21947430074214935,-0.0710185170173645,0.04199272394180298,-0.6704694628715515,0.22824355959892273,0.0,0.0,0.0,0.0,0.0,0.0,0
1785971059,114898681,100.0,-1.8108013311969202,-1.7080491224872034,-1.0060799757586878,-4.687908593808309,-3.736903969441549,-0.2640584150897425,0.24674081802368164,0.22732317447662354,-0.07437410205602646,0.04184891656041145,-0.6928080916404724,0.23734518885612488,0.0,0.0,0.0,0.0,0.0,0.0,0
1785971059,133764266,100.0,-1.8067711035357874,-1.7043564955340784,-1.0072415510760706,-4.68718916574587,-3.748028341923849,-0.26025659242738897,0.2506524622440338,0.23449453711509705,-0.07772968709468842,0.042639873921871185,-0.7149309515953064,0.24355781078338623,0.0,0.0,0.0,0.0,0.0,0.0,0
1785971059,154967546,100.0,-1.80078632036318,-1.698662583027975,-1.0091212431537073,-4.686134521161215,-3.7655537764178675,-0.2543562094317835,0.26291152834892273,0.24071994423866272,-0.08034224808216095,0.04268781095743179,-0.740744948387146,0.2510998845100403,0.0,0.0,0.0,0.0,0.0,0.0,0
1785971059,173960685,100.0,-1.796612564717428,-1.694742504750387,-1.0104144255267542,-4.6854873339282435,-3.777757231389181,-0.2503259817706507,0.26563435792922974,0.2436600774526596,-0.07979097217321396,0.04374242201447487,-0.7463296055793762,0.2570056915283203,0.0,0.0,0.0,0.0,0.0,0.0,0
1785971059,194955587,100.0,-1.7902677694903772,-1.6886885801898401,-1.0124977270709437,-4.6843724886523646,-3.7960384527789515,-0.24411374727358037,0.26812705397605896,0.2504862844944,-0.08918660879135132,0.04669054225087166,-0.7762662172317505,0.26453498005867004,0.0,0.0,0.0,0.0,0.0,0.0,0
1785971059,213786840,100.0,-1.7858179251300257,-1.68469745317568,-1.0138261953936976,-4.683581058179037,-3.8087568918811243,-0.23990375200380498,0.2767045795917511,0.25727415084838867,-0.09067264944314957,0.049926284700632095,-0.7887538075447083,0.26945650577545166,0.0,0.0,0.0,0.0,0.0,0.0,0
1785971059,235083341,100.0,-1.7789576689349573,-1.6784518400775355,-1.015909496937887,-4.682454530392782,-3.828045670186178,-0.23342734972109014,0.2826487421989441,0.2644455134868622,-0.09076852351427078,0.04867992177605629,-0.8104212284088135,0.27656397223472595,0.0,0.0,0.0,0.0,0.0,0.0,0
1785971059,253796339,100.0,-1.7742679754840296,-1.6742318312274378,-1.0173466841327112,-4.681639258061544,-3.8412678877459925,-0.22898990312685186,0.2940513491630554,0.267858624458313,-0.0914875790476799,0.04908738657832146,-0.8185465335845947,0.2806290090084076,0.0,0.0,0.0,0.0,0.0,0.0,0
1785971059,275611162,100.0,-1.7672274748431605,-1.667602841054098,-1.0195382277118128,-4.6804049650775355,-3.8613482157336634,-0.22210580507387334,0.2951251268386841,0.2745697796344757,-0.09410014003515244,0.0511486753821373,-0.8386560678482056,0.28350523114204407,0.0,0.0,0.0,0.0,0.0,0.0,0
1785971059,293724775,100.0,-1.7624300161944788,-1.6630962530719202,-1.0210345427142542,-4.679625574742452,-3.874810759221212,-0.21740466753114873,0.30145278573036194,0.2772926092147827,-0.09759952872991562,0.04930310323834419,-0.8558893799781799,0.29378288984298706,0.0,0.0,0.0,0.0,0.0,0.0,0
1785971059,314885139,100.0,-1.7551019827472132,-1.656335179005758,-1.0234530607806605,-4.678319279347555,-3.89580208459963,-0.2103522459613245,0.29736217856407166,0.27915894985198975,-0.09467537701129913,0.0523710660636425,-0.8677298426628113,0.28956446051597595,0.0,0.0,0.0,0.0,0.0,0.0,0
1785971059,333863258,100.0,-1.7502206007586878,-1.6517565886126917,-1.0250814596759241,-4.677491966878073,-3.909708801900045,-0.20573503175844365,0.3074864447116852,0.2854993939399719,-0.10011621564626694,0.05153216794133186,-0.8836448788642883,0.2966846823692322,0.0,0.0,0.0,0.0,0.0,0.0,0
1785971059,355060815,100.0,-1.7425091902362269,-1.644827667866842,-1.0274518171893519,-4.676161352788107,-3.931300226842062,-0.19857484499086553,0.3118966519832611,0.290574312210083,-0.09822271019220352,0.05438441410660744,-0.8922975063323975,0.3028845191001892,0.0,0.0,0.0,0.0,0.0,0.0,0
1785971059,374030113,100.0,-1.7375081221209925,-1.6401765982257288,-1.0290091673480433,-4.675310436879293,-3.9453988710986536,-0.19373017946352178,0.3220592737197876,0.29667189717292786,-0.09755159169435501,0.056062206625938416,-0.9167453050613403,0.3042139708995819,0.0,0.0,0.0,0.0,0.0,0.0,0
1785971059,394716262,100.0,-1.729748551045553,-1.6329487005816858,-1.0314753691302698,-4.6738720575915735,-3.967422072087423,-0.18611461320985967,0.31932368874549866,0.2995736598968506,-0.09961288422346115,0.06289321184158325,-0.9188784956932068,0.31341785192489624,0.0,0.0,0.0,0.0,0.0,0.0,0
1785971059,413863897,100.0,-1.724687401448385,-1.6283934752093714,-1.0331032911883753,-4.672985140477316,-3.9820244948016565,-0.18114978471864873,0.3167926073074341,0.3010948598384857,-0.10212957113981247,0.05320996046066284,-0.9329719543457031,0.3142487406730652,0.0,0.0,0.0,0.0,0.0,0.0,0
1785971059,435279369,100.0,-1.716832462941305,-1.621021572743551,-1.0356414953814905,-4.6716066042529505,-4.004575792943136,-0.1736057440387171,0.3200523257255554,0.304137259721756,-0.10033193230628967,0.05963350459933281,-0.9421758055686951,0.3169715702533722,0.0,0.0,0.0,0.0,0.0,0.0,0
1785971059,453855037,100.0,-1.7115076223956507,-1.6162031332599085,-1.0373418966876429,-4.670671526585714,-4.019981686268942,-0.16853315034975225,0.32948631048202515,0.3077165484428406,-0.1022973507642746,0.05426457151770592,-0.9447644352912903,0.3189274072647095,0.0,0.0,0.0,0.0,0.0,0.0,0
1785971059,475664377,100.0,-1.7034719626056116,-1.608819309865133,-1.039748493825094,-4.669256989155905,-4.042641464863912,-0.16070205370058233,0.33266931772232056,0.31429988145828247,-0.10740263015031815,0.05754825100302696,-0.9639871120452881,0.3219442367553711,0.0,0.0,0.0,0.0,0.0,0.0,0
1785971059,493778705,100.0,-1.6980517546283167,-1.6037252585040491,-1.041412655507223,-4.668358151112692,-4.05820352235903,-0.15541297594179326,0.3387157618999481,0.31348177790641785,-0.09913351386785507,0.057572219520807266,-0.9601761102676392,0.323861688375473,0.0,0.0,0.0,0.0,0.0,0.0,0
1785971059,514712572,100.0,-1.6897767225848597,-1.5960176626788538,-1.043903652821676,-4.666955653821127,-4.081283156071798,-0.14742595354189092,0.33255425095558167,0.313622385263443,-0.10855311155319214,0.06356433033943176,-0.971537172794342,0.3221359848976135,0.0,0.0,0.0,0.0,0.0,0.0,0
1785971059,533820867,100.0,-1.6843321959124964,-1.5910194555865687,-1.045603100453512,-4.665888611470358,-4.096917692814962,-0.14213735262026006,0.3374757766723633,0.31525862216949463,-0.1101350337266922,0.055151406675577164,-0.9769061207771301,0.32769665122032166,0.0,0.0,0.0,0.0,0.0,0.0,0
1785971059,554927349,100.0,-1.6762493292437952,-1.583480183278219,-1.0482376257525843,-4.664581958447592,-4.120345417653219,-0.13436633745302373,0.3433304727077484,0.3195154070854187,-0.10852914303541183,0.060520339757204056,-0.9851512908935547,0.3267506957054138,0.0,0.0,0.0,0.0,0.0,0.0,0
1785971059,573986291,100.0,-1.670816723500387,-1.57837421098818,-1.049889866505758,-4.663622919713156,-4.135740343724386,-0.12907725969423467,0.34682029485702515,0.3238489031791687,-0.11001519113779068,0.05663744732737541,-0.9976627826690674,0.32781168818473816,0.0,0.0,0.0,0.0,0.0,0.0,0
1785971059,594889402,100.0,-1.6624825636493128,-1.5706070105182093,-1.052500073109762,-4.662088934575216,-4.159600083027975,-0.12095863023866826,0.34630894660949707,0.321995347738266,-0.11224425584077835,0.05951366201043129,-0.9944510459899902,0.33076462149620056,0.0,0.0,0.0,0.0,0.0,0.0,0
1785971059,613901138,100.0,-1.6568825880633753,-1.565512482319967,-1.0542367140399378,-4.661105815564291,-4.175702635441915,-0.11562234560121709,0.3457592725753784,0.3229796588420868,-0.11183679103851318,0.06042446568608284,-0.9953378438949585,0.3314932584762573,0.0,0.0,0.0,0.0,0.0,0.0,0
1785971059,634885549,100.0,-1.6485236326800745,-1.5578296820269983,-1.056882683430807,-4.65966767469515,-4.199598852788107,-0.10759956041444951,0.3492746353149414,0.32267287373542786,-0.1113094836473465,0.06246178224682808,-1.0008984804153442,0.33463791012763977,0.0,0.0,0.0,0.0,0.0,0.0,0
1785971059,653847455,100.0,-1.6429594198810022,-1.552603546773092,-1.0586307684527796,-4.658780519162313,-4.216061178837911,-0.10221511522401983,0.35034844279289246,0.32661008834838867,-0.10613229870796204,0.058650799095630646,-0.9885308146476746,0.33168500661849976,0.0,0.0,0.0,0.0,0.0,0.0,0
1785971059,675077676,100.0,-1.6345894972430628,-1.544896427785055,-1.0612886587726038,-4.657317701970236,-4.239910189305441,-0.09419233003725225,0.35126882791519165,0.3253956735134125,-0.1113574206829071,0.05884254723787308,-0.990664005279541,0.32825911045074463,0.0,0.0,0.0,0.0,0.0,0.0,0
1785971059,693861722,100.0,-1.6290009657489222,-1.539670769368307,-1.0630248228656214,-4.656370941792623,-4.255593601857321,-0.08873635927309209,0.34496670961380005,0.3248843550682068,-0.10989534854888916,0.059729378670454025,-0.9883151054382324,0.3324647843837738,0.0,0.0,0.0,0.0,0.0,0.0,0
1785971059,715108156,100.0,-1.6206067244159144,-1.5319040457354944,-1.0656111876117151,-4.65489644209017,-4.27979022661318,-0.08072549501527959,0.3447110652923584,0.32133063673973083,-0.10541324317455292,0.05843508243560791,-0.9859901666641235,0.33439502120018005,0.0,0.0,0.0,0.0,0.0,0.0,0
1785971059,733851909,100.0,-1.6150792280780237,-1.526773754750387,-1.0674193541156214,-4.653937760983602,-4.2953659931765955,-0.07547361055483037,0.343662828207016,0.32133063673973083,-0.10908041894435883,0.06047240272164345,-0.9846479296684265,0.33451008796691895,0.0,0.0,0.0,0.0,0.0,0.0,0
1785971059,754892826,100.0,-1.6068289915667933,-1.5191391150103968,-1.0699694792376917,-4.652487341557638,-4.318963710461752,-0.06753474870790654,0.3494536280632019,0.32173970341682434,-0.10639595240354538,0.0607600212097168,-0.9838330149650574,0.33126315474510193,0.0,0.0,0.0,0.0,0.0,0.0,0
1785971059,774050712,100.0,-1.601349178944723,-1.5140331427203577,-1.0716822783099573,-4.651624027882711,-4.334983174000875,-0.06221038499941045,0.34751057624816895,0.32285183668136597,-0.10975153744220734,0.0589623898267746,-0.9769061207771301,0.3278883993625641,0.0,0.0,0.0,0.0,0.0,0.0,0
1785971059,795189142,100.0,-1.5929916540728968,-1.5063508192645472,-1.0742085615741175,-4.650161568318502,-4.35820979276766,-0.05427247682680303,0.33860069513320923,0.31860780715942383,-0.11044662445783615,0.06042446568608284,-0.9728314876556396,0.3269680142402649,0.0,0.0,0.0,0.0,0.0,0.0,0
1785971059,813930749,100.0,-1.5875232855426233,-1.5012930075274866,-1.0759685675250452,-4.649202529584066,-4.373845760022299,-0.04897147813905889,0.3408505320549011,0.3182498812675476,-0.10606039315462112,0.06370814144611359,-0.9679898619651794,0.329051673412323,0.0,0.0,0.0,0.0,0.0,0.0,0
1785971059,834616422,100.0,-1.5794294516192835,-1.4938262144671839,-1.0785067717181605,-4.6478719154941,-4.397288028393881,-0.041225735341207326,0.3394955098628998,0.3146194517612457,-0.10960772633552551,0.05788381025195122,-0.9614464640617371,0.32746654748916626,0.0,0.0,0.0,0.0,0.0,0.0,0
1785971059,853826999,100.0,-1.5740340391742151,-1.4888156096087855,-1.0800874868976038,-4.646865193043844,-4.412421170865194,-0.035949055348531544,0.34117013216018677,0.31366074085235596,-0.10723485052585602,0.06025668606162071,-0.9604877233505249,0.3227495551109314,0.0,0.0,0.0,0.0,0.0,0.0,0
1785971059,875228881,100.0,-1.5659516493426722,-1.4812892119037073,-1.082613770161764,-4.645498220120565,-4.435336176549093,-0.028190437947408498,0.330956369638443,0.3098769187927246,-0.10428673028945923,0.05421663448214531,-0.9498936533927917,0.31954097747802734,0.0,0.0,0.0,0.0,0.0,0.0,0
1785971059,893841505,100.0,-1.5606043974505823,-1.4762194792376917,-1.0843380133258265,-4.6445035378085535,-4.450169269238607,-0.023142639790670216,0.3297930955886841,0.3058118522167206,-0.10687532275915146,0.05855492502450943,-0.9505648016929626,0.3148495554924011,0.0,0.0,0.0,0.0,0.0,0.0,0
1785971059,914900302,100.0,-1.552786652241842,-1.4688604513751429,-1.0868166128741663,-4.643101040516989,-4.472856823598043,-0.015623871480123341,0.32781168818473816,0.3034725487232208,-0.10567689687013626,0.057859841734170914,-0.9347695708274841,0.3167926073074341,0.0,0.0,0.0,0.0,0.0,0.0,0
1785971059,933876037,100.0,-1.547666374837057,-1.4640668074237269,-1.0884812513934534,-4.642297689114706,-4.487701956425802,-0.010611836110250294,0.3303299844264984,0.3028845191001892,-0.10328005254268646,0.055510930716991425,-0.9273393750190735,0.31418484449386597,0.0,0.0,0.0,0.0,0.0,0.0,0
1785971059,955353260,100.0,-1.5399449507342737,-1.456923786793844,-1.0909236113177698,-4.64089554945101,-4.509466830884115,-0.0031650702105920914,0.3236827254295349,0.2943197786808014,-0.09644904732704163,0.055391088128089905,-0.9193099141120911,0.3070518374443054,0.0,0.0,0.0,0.0,0.0,0.0,0
1785971059,973978281,100.0,-1.5347655455218714,-1.4521892706500452,-1.092588249837057,-4.639984313641683,-4.524359766636984,0.0017747888341546059,0.31874844431877136,0.29378288984298706,-0.09920541942119598,0.05560680478811264,-0.8986251354217529,0.3038560450077057,0.0,0.0,0.0,0.0,0.0,0.0,0
1785971059,995264530,100.0,-1.527175251637594,-1.4451544920550745,-1.0949834028827112,-4.638737265263693,-4.5455490986453455,0.008945475332438946,0.3103882372379303,0.28562721610069275,-0.09937319904565811,0.0511486753821373,-0.8884865045547485,0.2972727119922638,0.0,0.0,0.0,0.0,0.0,0.0,0
1785971060,13807773,100.0,-1.522247616444723,-1.4404924551593226,-1.0965035597430628,-4.637934271489279,-4.559806887303488,0.013621944934129715,0.30880311131477356,0.28603628277778625,-0.09438776224851608,0.05107676982879639,-0.8738417625427246,0.29718321561813354,0.0,0.0,0.0,0.0,0.0,0.0,0
1785971060,34700870,100.0,-1.5149934927569788,-1.4338167349444788,-1.0987308661090296,-4.636615697537557,-4.580660525952474,0.020624477416276932,0.30539000034332275,0.2757969796657562,-0.09541840106248856,0.0541447289288044,-0.857663094997406,0.2933866083621979,0.0,0.0,0.0,0.0,0.0,0.0,0
1785971060,53770065,100.0,-1.5102093855487269,-1.4294188658343714,-1.1002638975726526,-4.635776821766989,-4.594606463109152,0.025288961827754974,0.3008520007133484,0.27419906854629517,-0.09055280685424805,0.05093295872211456,-0.8399983048439026,0.28845229744911194,0.0,0.0,0.0,0.0,0.0,0.0,0
1785971060,75471162,100.0,-1.5031598250018519,-1.4230545202838343,-1.1023710409747522,-4.634542051945822,-4.614548985158102,0.032171279191970825,0.28915539383888245,0.2693031132221222,-0.09424395114183426,0.052083443850278854,-0.8243229389190674,0.28076961636543274,0.0,0.0,0.0,0.0,0.0,0.0,0
1785971060,93812704,100.0,-1.4985197226153772,-1.4187162558185022,-1.1037481466876429,-4.633786622677938,-4.627763811741964,0.036572109907865524,0.2857294976711273,0.26320552825927734,-0.09007343649864197,0.045995455235242844,-0.8060829639434814,0.2745569944381714,0.0,0.0,0.0,0.0,0.0,0.0,0
1785971060,114975929,100.0,-1.4917696158038538,-1.4123523871051233,-1.1058433691607874,-4.632611815129415,-4.647046391163961,0.043010637164115906,0.27708807587623596,0.25749146938323975,-0.08959406614303589,0.0499502532184124,-0.7857816815376282,0.2697121798992157,0.0,0.0,0.0,0.0,0.0,0.0,0
1785971060,133842945,100.0,-1.4873574415790003,-1.4082539717303675,-1.1071966330157679,-4.631712619458334,-4.659590188656942,0.047171782702207565,0.2776249647140503,0.24876055121421814,-0.08702944219112396,0.04719388112425804,-0.7691236138343811,0.2643304765224457,0.0,0.0,0.0,0.0,0.0,0.0,0
1785971060,155456066,100.0,-1.4809191862689417,-1.4022014776812952,-1.1092079321490687,-4.630693618451254,-4.677745525036947,0.05339459329843521,0.26707884669303894,0.24280360341072083,-0.08508799970149994,0.045947521924972534,-0.7524415850639343,0.25673726201057434,0.0,0.0,0.0,0.0,0.0,0.0,0
1785971060,173998355,100.0,-1.4767349402057093,-1.3983786741839808,-1.110549275075094,-4.6299864689456385,-4.6896178166018885,0.057399194687604904,0.2623107135295868,0.23820164799690247,-0.08561530709266663,0.04592355340719223,-0.7345610857009888,0.2517901659011841,0.0,0.0,0.0,0.0,0.0,0.0,0
1785971060,194707632,100.0,-1.470548454915182,-1.392841641102926,-1.112441364918844,-4.628919545804159,-4.70694619814028,0.06341827660799026,0.24807026982307434,0.23019938170909882,-0.08515990525484085,0.04105795547366142,-0.7158657312393188,0.24410748481750488,0.0,0.0,0.0,0.0,0.0,0.0,0
1785971060,213785171,100.0,-1.4665082136737269,-1.3892110029803675,-1.113626782094137,-4.628260437642233,-4.718542520199911,0.06725547462701797,0.2397867739200592,0.22673514485359192,-0.07784952968358994,0.044077981263399124,-0.692017138004303,0.2363225221633911,0.0,0.0,0.0,0.0,0.0,0.0,0
1785971060,234684705,100.0,-1.4607418219195765,-1.3838537375079554,-1.1155183951007288,-4.627205435429708,-4.734527532254354,0.07278282195329666,0.23449453711509705,0.21796588599681854,-0.07722634822130203,0.03997937589883804,-0.6730101108551025,0.22833304107189178,0.0,0.0,0.0,0.0,0.0,0.0,0
1785971060,253833532,100.0,-1.457132641469137,-1.3804143110858362,-1.116619888936178,-4.626581851636068,-4.745356384907858,0.07633202522993088,0.22913838922977448,0.20969517529010773,-0.07178550958633423,0.03825364634394646,-0.649736762046814,0.2200751155614853,0.0,0.0,0.0,0.0,0.0,0.0,0
1785971060,275098800,100.0,-1.4518335501300257,-1.3754051367389124,-1.1183565298663538,-4.6256707350360315,-4.760334436093466,0.08154740929603577,0.22057366371154785,0.20231929421424866,-0.07216900587081909,0.03916445001959801,-0.6298429369926453,0.21266087889671326,0.0,0.0,0.0,0.0,0.0,0.0,0
1785971060,293860197,100.0,-1.4483206907855433,-1.3723128477679651,-1.1194942633258265,-4.625035587941305,-4.770371619855062,0.0848565548658371,0.21283984184265137,0.19493061304092407,-0.07080280035734177,0.03875698521733284,-0.6027106642723083,0.2062692940235138,0.0,0.0,0.0,0.0,0.0,0.0,0
1785971060,314758300,100.0,-1.4433220068561,-1.367842976246969,-1.1210745016681116,-4.624244157467977,-4.784714166318075,0.08967683464288712,0.19820310175418854,0.18452510237693787,-0.06423544883728027,0.03410710394382477,-0.57008957862854,0.19337107241153717,0.0,0.0,0.0,0.0,0.0,0.0,0
1785971060,333823442,100.0,-1.4401686827289026,-1.3649428526507776,-1.1220443884478968,-4.623752895985739,-4.793276135121481,0.09269798547029495,0.1912490576505661,0.18031944334506989,-0.06337258219718933,0.03453853726387024,-0.5536232590675354,0.1862764060497284,0.0,0.0,0.0,0.0,0.0,0.0,0
1785971060,355293035,100.0,-1.435601059590475,-1.3607843557940882,-1.1234334150897425,-4.622925941144125,-4.806299630795614,0.09712240844964981,0.18008935451507568,0.17059144377708435,-0.052514877170324326,0.03647998347878456,-0.5169515609741211,0.1759987324476242,0.0,0.0,0.0,0.0,0.0,0.0,0
1785971060,374064207,100.0,-1.4327476660357874,-1.3582194487201136,-1.1243913809405726,-4.6224462429629725,-4.81423801580538,0.09974807500839233,0.17262397706508636,0.16399532556533813,-0.05860286206007004,0.030008500441908836,-0.49437326192855835,0.16632187366485596,0.0,0.0,0.0,0.0,0.0,0.0,0
1785971060,395617008,100.0,-1.4287074247943323,-1.3543251196490687,-1.1256845633136194,-4.621763054524557,-4.8255465666400355,0.10359688848257065,0.1620139479637146,0.15131442248821259,-0.0517478846013546,0.02967294119298458,-0.4725379943847656,0.1546763926744461,0.0,0.0,0.0,0.0,0.0,0.0,0
1785971060,413760423,100.0,-1.426297966633932,-1.3519161383258265,-1.1264269987689417,-4.621307675038473,-4.832993690167562,0.1060304343700409,0.15656830370426178,0.14181652665138245,-0.046978164464235306,0.025981800630688667,-0.441091388463974,0.14961425960063934,0.0,0.0,0.0,0.0,0.0,0.0,0
1785971060,434957742,100.0,-1.4227975050555628,-1.348668400441305,-1.1274808088885706,-4.620708171521322,-4.843306843434469,0.10942383855581284,0.1420210599899292,0.13008157908916473,-0.04551608860492706,0.02605370618402958,-0.399098664522171,0.13605131208896637,0.0,0.0,0.0,0.0,0.0,0.0,0
1785971060,453800916,100.0,-1.4206631819354456,-1.3466313521014612,-1.128235165272848,-4.620324198399679,-4.849278752003805,0.11146228015422821,0.13141103088855743,0.11956102401018143,-0.04283162206411362,0.02540655806660652,-0.3730449676513672,0.13074630498886108,0.0,0.0,0.0,0.0,0.0,0.0,0
1785971060,475694417,100.0,-1.4177020231830042,-1.3439229170428675,-1.1291335264789026,-4.61985689798464,-4.85764974752535,0.11443549394607544,0.1191391795873642,0.10661166906356812,-0.037462688982486725,0.019750002771615982,-0.34806984663009644,0.1157899871468544,0.0,0.0,0.0,0.0,0.0,0.0,0
1785971060,493824005,100.0,-1.4158919493304651,-1.342257324849264,-1.1297557989703577,-4.619461003934042,-4.862950150166647,0.11620990931987762,0.11240244656801224,0.1022653877735138,-0.03329217806458473,0.019486350938677788,-0.3164314925670624,0.10716134309768677,0.0,0.0,0.0,0.0,0.0,0.0,0
1785971060,514922142,100.0,-1.4133628050433558,-1.3399689833270472,-1.13049823442568,-4.619077507649557,-4.870181147252218,0.11864382773637772,0.09848156571388245,0.08813998103141785,-0.028330707922577858,0.018455706536769867,-0.26990872621536255,0.0919238030910492,0.0,0.0,0.0,0.0,0.0,0.0,0
1785971060,533903837,100.0,-1.4118040243731897,-1.3386262098895472,-1.1308935324298304,-4.618765894566671,-4.874306623135702,0.12004673480987549,0.08802492916584015,0.08017606288194656,-0.02701244316995144,0.021955100819468498,-0.2454608976840973,0.0829116627573967,0.0,0.0,0.0,0.0,0.0,0.0,0
1785971060,555351734,100.0,-1.409790341054098,-1.3369606176959437,-1.1314805189715784,-4.61844236055483,-4.879426900540487,0.12185709923505783,0.0718797817826271,0.06666424870491028,-0.017377126961946487,0.009946906939148903,-0.20478644967079163,0.06890130788087845,0.0,0.0,0.0,0.0,0.0,0.0,0
1785971060,573998451,100.0,-1.4086874167071741,-1.335965935383932,-1.1317556540118616,-4.6182265917407435,-4.882437173520223,0.1229240745306015,0.06018318235874176,0.05836797133088112,-0.016178704798221588,0.021595574915409088,-0.1764077991247177,0.05841910466551781,0.0,0.0,0.0,0.0,0.0,0.0,0
1785971060,594741821,100.0,-1.407464329396383,-1.3347914854632776,-1.1321271101581019,-4.618082825337545,-4.886094633732931,0.12420675903558731,0.0433349572122097,0.0405610091984272,-0.011121361516416073,0.009251821786165237,-0.1395922601222992,0.044319260865449905,0.0,0.0,0.0,0.0,0.0,0.0,0
1785971060,613840103,100.0,-1.406888786946432,-1.3341925779925745,-1.1323664824115198,-4.618070785199301,-4.888001267110006,0.124770388007164,0.032891105860471725,0.032354213297367096,-0.016178704798221588,0.004002731293439865,-0.10970360040664673,0.03346634656190872,0.0,0.0,0.0,0.0,0.0,0.0,0
1785971060,635338306,100.0,-1.4062297979937952,-1.3336413542376917,-1.1325820128070276,-4.618070785199301,-4.889896337185995,0.12539394199848175,0.015390940941870213,0.01629854552447796,-0.009755159728229046,0.0020852552261203527,-0.04820055514574051,0.019123626872897148,0.0,0.0,0.0,0.0,0.0,0.0,0
1785971060,653845310,100.0,-1.4060376326190394,-1.3334491888629358,-1.1325820128070276,-4.6180947462665,-4.89050788084139,0.12558569014072418,0.010673949494957924,0.010456635616719723,0.0,0.0013662016717717052,-0.018503643572330475,0.007248059380799532,0.0,0.0,0.0,0.0,0.0,0.0,0
1785971060,675292730,100.0,-1.406097714100973,-1.3335331122027796,-1.132618252431051,-4.618082825337545,-4.890543762837545,0.12551379203796387,-0.0008309062686748803,-0.003195793367922306,0.0,0.0009108011145144701,0.0011504855938255787,-0.0031318773981183767,0.0,0.0,0.0,0.0,0.0,0.0,0
1785971060,693816900,100.0,-1.406182114277975,-1.3335211912738245,-1.132594410573141,-4.618010584508077,-4.890495840703146,0.1256336271762848,-0.0076699042692780495,-0.0,0.0,0.0007430219557136297,0.004625910893082619,0.006046440917998552,0.0,0.0,0.0,0.0,0.0,0.0,0
1785971060,714825868,100.0,-1.4064095656024378,-1.333808724080221,-1.132618252431051,-4.618070785199301,-4.8905198017703455,0.1259332299232483,-0.015020228922367096,-0.011453723534941673,0.0,0.0005752427969127893,0.002229065867140889,0.023393208160996437,0.0,0.0,0.0,0.0,0.0,0.0,0
1785971060,734121561,100.0,-1.4066608587848108,-1.3340604940997522,-1.1326659361468714,-4.618070785199301,-4.890459958706991,0.12632909417152405,-0.0160045325756073,-0.016260197386145592,0.0,0.0005033374764025211,0.0014381069922819734,0.024773789569735527,0.0,0.0,0.0,0.0,0.0,0.0,0
1785971060,755194187,100.0,-1.4069727102862757,-1.334468189870016,-1.1326659361468714,-4.618034545575277,-4.890483919774191,0.1270608752965927,-0.018305504694581032,-0.019775569438934326,0.0,0.0004074636672157794,0.0009347695740871131,0.032405346632003784,0.0,0.0,0.0,0.0,0.0,0.0,0
1785971060,773972034,100.0,-1.4072726408587855,-1.334827725087301,-1.132618252431051,-4.6180588642703455,-4.890459958706991,0.12762413918972015,-0.018637867644429207,-0.024518126621842384,0.0,0.0003834952076431364,0.0007430219557136297,0.03773592785000801,0.0,0.0,0.0,0.0,0.0,0.0,0
1785971060,794956445,100.0,-1.4078596274005335,-1.3354504744159144,-1.1326897780047815,-4.6180588642703455,-4.89050788084139,0.12863118946552277,-0.02358495444059372,-0.029656963422894478,0.0,0.00033555831760168076,0.0005752427969127893,0.047093212604522705,0.0,0.0,0.0,0.0,0.0,0.0,0
1785971060,813837766,100.0,-1.4081957975970667,-1.3359420935260218,-1.1326301733600062,-4.618010584508077,-4.890459958706991,0.12942251563072205,-0.028455344960093498,-0.03413107246160507,0.0,0.0003115898580290377,0.0005033374764025211,0.05219369754195213,0.0,0.0,0.0,0.0,0.0,0.0,0
1785971060,835006952,100.0,-1.4089272657977503,-1.3368170897113245,-1.1326659361468714,-4.617974583302633,-4.890459958706991,0.13084939122200012,-0.03243090957403183,-0.04140469804406166,0.0,0.00028762139845639467,0.00043143212678842247,0.062011174857616425,0.0,0.0,0.0,0.0,0.0,0.0,0
1785971060,853790760,100.0,-1.4095028082477015,-1.3375118414508265,-1.132618252431051,-4.617926661168234,-4.890435997639791,0.13190437853336334,-0.03748026490211487,-0.04502233862876892,0.0,0.0031398669816553593,0.00043143212678842247,0.06642136722803116,0.0,0.0,0.0,0.0,0.0,0.0,0
1785971060,875277996,100.0,-1.4105213324176233,-1.3386500517474573,-1.132618252431051,-4.61784273782839,-4.890483919774191,0.13360650837421417,-0.04134078323841095,-0.050033342093229294,0.0,0.0032117723021656275,0.00043143212678842247,0.07475599646568298,0.0,0.0,0.0,0.0,0.0,0.0,0
1785971060,893922090,100.0,-1.4112165609942835,-1.3394892851458948,-1.1326540152179163,-4.617902700101034,-4.890471879635946,0.13480567932128906,-0.04434482753276825,-0.054417967796325684,0.0,0.0018455707468092442,0.00043143212678842247,0.07859095185995102,0.0,0.0,0.0,0.0,0.0,0.0,0
1785971060,915248155,100.0,-1.4123676458941858,-1.3408077398883265,-1.1326420942889612,-4.617854777966635,-4.890435997639791,0.13677221536636353,-0.04722104221582413,-0.05747314915060997,0.0,0.0010785802733153105,0.00043143212678842247,0.0869000107049942,0.0,0.0,0.0,0.0,0.0,0.0,0
1785971060,933820247,100.0,-1.4130871931659144,-1.341790024434225,-1.1326420942889612,-4.617854777966635,-4.890435997639791,0.13817474246025085,-0.05161845311522484,-0.06036214530467987,0.0,0.0008628642535768449,0.00043143212678842247,0.0911184623837471,0.0,0.0,0.0,0.0,0.0,0.0,0
1785971060,954977989,100.0,-1.4143574873553675,-1.3432520071612757,-1.1326540152179163,-4.617854777966635,-4.890447918568746,0.1403929442167282,-0.05483981594443321,-0.0663318857550621,0.0,0.0006471481756307185,0.00043143212678842247,0.0994403064250946,0.0,0.0,0.0,0.0,0.0,0.0,0
1785971060,973976850,100.0,-1.4152687231646937,-1.3443663755999964,-1.1326420942889612,-4.61784273782839,-4.890483919774191,0.14207111299037933,-0.05760097876191139,-0.06992395967245102,0.0,0.0005512743955478072,0.00043143212678842247,0.10661166906356812,0.0,0.0,0.0,0.0,0.0,0.0,0
1785971060,995444297,100.0,-1.4166596571551722,-1.3461278120623987,-1.132618252431051,-4.617806855832235,-4.890423957501547,0.14474472403526306,-0.06289321184158325,-0.07386117428541183,0.0,0.00045540055725723505,0.0003834952076431364,0.11456280201673508,0.0,0.0,0.0,0.0,0.0,0.0,0
1785971061,13908624,100.0,-1.4177263418780726,-1.3473027388202112,-1.1326420942889612,-4.6177948156939905,-4.890495840703146,0.14651913940906525,-0.0652325376868248,-0.07676295936107635,0.0,0.0004074636672157794,0.00033555831760168076,0.11745180189609528,0.0,0.0,0.0,0.0,0.0,0.0,0
1785971061,34867525,100.0,-1.4193328062640589,-1.3492077032672327,-1.132618252431051,-4.61781877676119,-4.890483919774191,0.1494447886943817,-0.0692208856344223,-0.07943464070558548,0.0,0.0003834952076431364,0.0003115898580290377,0.12269289791584015,0.0,0.0,0.0,0.0,0.0,0.0,0
1785971061,53791999,100.0,-1.4204233328448694,-1.3504660765277308,-1.1326659361468714,-4.617770854626791,-4.890435997639791,0.15144690871238708,-0.07063981890678406,-0.08362752199172974,0.0,0.0003834952076431364,0.00028762139845639467,0.12593983113765717,0.0,0.0,0.0,0.0,0.0,0.0,0
1785971061,75376272,100.0,-1.4221261183368128,-1.352563206349508,-1.1326420942889612,-4.617758814488546,-4.89050788084139,0.15456391870975494,-0.07281295955181122,-0.08594127744436264,0.0,0.0003834952076431364,0.00023968450841493905,0.13414661586284637,0.0,0.0,0.0,0.0,0.0,0.0,0
1785971061,93912839,100.0,-1.4233010450946253,-1.3540013472186487,-1.1326301733600062,-4.61781877676119,-4.890483919774191,0.1568060964345932,-0.07604710012674332,-0.08991684019565582,0.0,0.0003834952076431364,0.00023968450841493905,0.13881248235702515,0.0,0.0,0.0,0.0,0.0,0.0,0
1785971061,115323066,100.0,-1.4250991980182093,-1.3562787214862269,-1.1326540152179163,-4.617806855832235,-4.890447918568746,0.1602470725774765,-0.08082800358533859,-0.093368299305439,0.0,0.0003834952076431364,0.00021571606339421123,0.1438618302345276,0.0,0.0,0.0,0.0,0.0,0.0,0
1785971061,133835792,100.0,-1.4263699690448206,-1.3576925436602991,-1.1326659361468714,-4.61781877676119,-4.890459958706991,0.1626206934452057,-0.08445842564105988,-0.09641069173812866,-2.3968450477696024e-05,0.0003834952076431364,0.0001917476038215682,0.1482592523097992,0.0,0.0,0.0,0.0,0.0,0.0,0
1785971061,154920339,100.0,-1.4284079710589808,-1.3601492086993616,-1.1326659361468714,-4.6177948156939905,-4.890483919774191,0.16618113219738007,-0.0893288180232048,-0.09968318790197372,-2.3968450477696024e-05,0.0003834952076431364,0.0001917476038215682,0.1533469557762146,0.0,0.0,0.0,0.0,0.0,0.0,0
1785971061,173905849,100.0,-1.429894749318258,-1.361683193837301,-1.1326301733600062,-4.6177828947650355,-4.890471879635946,0.16862741112709045,-0.09155309200286865,-0.10185632854700089,-2.3968450477696024e-05,0.0003834952076431364,0.00016777915880084038,0.15961070358753204,0.0,0.0,0.0,0.0,0.0,0.0,0
1785971061,195084810,100.0,-1.432136360798971,-1.3642595450030726,-1.132761303578512,-4.617806855832235,-4.890471879635946,0.1725713461637497,-0.09253739565610886,-0.10772380232810974,-0.011576761491596699,0.00035952674807049334,0.00016777915880084038,0.1665136218070984,0.0,0.0,0.0,0.0,0.0,0.0,0
1785971061,213884830,100.0,-1.4336112181292933,-1.3660333792315882,-1.1328814665423792,-4.6177828947650355,-4.890471879635946,0.17518502473831177,-0.0960272029042244,-0.11154597252607346,-0.0038109836168587208,0.00033555831760168076,0.00016777915880084038,0.17172914743423462,0.0,0.0,0.0,0.0,0.0,0.0,0
1785971061,234816789,100.0,-1.4359849135028284,-1.3687179724322718,-1.1328333059894007,-4.61784273782839,-4.890459958706991,0.1793574094772339,-0.09785519540309906,-0.11683820933103561,-0.0015579493483528495,0.00028762139845639467,0.00014381069922819734,0.1767529398202896,0.0,0.0,0.0,0.0,0.0,0.0,0
1785971061,253921747,100.0,-1.437554661427633,-1.3705514113055628,-1.1328213850604456,-4.617770854626791,-4.890483919774191,0.18225833773612976,-0.09745891392230988,-0.11811652034521103,-0.0011265171924605966,0.0002636529679875821,0.00014381069922819734,0.1809585988521576,0.0,0.0,0.0,0.0,0.0,0.0,0
1785971061,274834394,100.0,-1.4400132338153284,-1.3733790556537073,-1.1328814665423792,-4.61781877676119,-4.890423957501547,0.18658652901649475,-0.10080810636281967,-0.12082655727863312,-0.0007909588748589158,0.00023968450841493905,0.00014381069922819734,0.18493416905403137,0.0,0.0,0.0,0.0,0.0,0.0,0
1785971061,293941020,100.0,-1.4416430632220667,-1.3753331343280237,-1.1328814665423792,-4.617806855832235,-4.890435997639791,0.18959568440914154,-0.10399111360311508,-0.12307639420032501,-0.0006471481756307185,0.00023968450841493905,0.00011984225420746952,0.18704339861869812,0.0,0.0,0.0,0.0,0.0,0.0,0
1785971061,314512729,100.0,-1.4442928473102015,-1.3782809416400355,-1.1328452269183558,-4.6177828947650355,-4.890495840703146,0.19412721693515778,-0.10599807649850845,-0.12678351998329163,-0.0005273059359751642,0.00021571606339421123,0.00011984225420746952,0.19255293905735016,0.0,0.0,0.0,0.0,0.0,0.0,0
1785971061,333867788,100.0,-1.4459708372699183,-1.380378548298971,-1.1328452269183558,-4.6177828947650355,-4.890495840703146,0.19725660979747772,-0.10459192842245102,-0.1296597272157669,-0.00045540055725723505,0.0001917476038215682,0.00011984225420746952,0.19636233150959015,0.0,0.0,0.0,0.0,0.0,0.0,0
1785971061,354474306,100.0,-1.4485729376422327,-1.3835776487933558,-1.1328933874713343,-4.6177348534213465,-4.890459958706991,0.2020038515329361,-0.10901490598917007,-0.13047784566879272,-0.0003834952076431364,0.0001917476038215682,0.00011984225420746952,0.20161621272563934,0.0,0.0,0.0,0.0,0.0,0.0,0
1785971061,373924016,100.0,-1.450311009083883,-1.3857596556292933,-1.132857624684469,-4.617758814488546,-4.890471879635946,0.205132856965065,-0.11200616508722305,-0.13074630498886108,-0.00035952674807049334,0.00016777915880084038,9.58738019107841e-05,0.20822511613368988,0.0,0.0,0.0,0.0,0.0,0.0,0
1785971061,394520759,100.0,-1.452972714100973,-1.3888753096209925,-1.1329053084002894,-4.617770854626791,-4.890459958706991,0.21019206941127777,-0.11322056502103806,-0.1328938752412796,-0.0003115898580290377,0.00016777915880084038,9.58738019107841e-05,0.21041104197502136,0.0,0.0,0.0,0.0,0.0,0.0,0
1785971061,413868427,100.0,-1.4548190275775355,-1.3910558859454554,-1.1329053084002894,-4.617770854626791,-4.890447918568746,0.21359671652317047,-0.11791199445724487,-0.13582122325897217,-0.00028762139845639467,0.00016777915880084038,9.58738019107841e-05,0.21310828626155853,0.0,0.0,0.0,0.0,0.0,0.0,0
1785971061,434636831,100.0,-1.4575884977923792,-1.3943880240069788,-1.1329053084002894,-4.6177828947650355,-4.890423957501547,0.21884767711162567,-0.12009791284799576,-0.1441047191619873,-0.0002636529679875821,0.00016777915880084038,9.58738019107841e-05,0.21820877492427826,0.0,0.0,0.0,0.0,0.0,0.0,0
1785971061,453842639,100.0,-1.459482494984762,-1.39659291902651,-1.1329415480243128,-4.6177348534213465,-4.890459958706991,0.22236017882823944,-0.12259063124656677,-0.143401637673378,-0.00023968450841493905,0.00016777915880084038,9.58738019107841e-05,0.21870730817317963,0.0,0.0,0.0,0.0,0.0,0.0,0
1785971061,474851131,100.0,-1.4624436537372034,-1.4000566641436976,-1.1328452269183558,-4.617722932492391,-4.890459958706991,0.22758717834949493,-0.12593983113765717,-0.14684031903743744,-0.00021571606339421123,0.00016777915880084038,9.58738019107841e-05,0.22558465600013733,0.0,0.0,0.0,0.0,0.0,0.0,0
1785971061,493801355,100.0,-1.4644940535174769,-1.4023931662188929,-1.1329172293292444,-4.6177948156939905,-4.890412036572592,0.23118357360363007,-0.12817688286304474,-0.150163933634758,-0.00021571606339421123,0.00016777915880084038,9.58738019107841e-05,0.22844809293746948,0.0,0.0,0.0,0.0,0.0,0.0,0
1785971061,514884710,100.0,-1.4676111380206507,-1.4060967604266565,-1.1328695456134241,-4.617710892354147,-4.890423957501547,0.236698180437088,-0.13047784566879272,-0.15250326693058014,-0.0001917476038215682,0.00016777915880084038,7.190534961409867e-05,0.2334207445383072,0.0,0.0,0.0,0.0,0.0,0.0,0
1785971061,534091711,100.0,-1.469769302998678,-1.4085891882525843,-1.1328933874713343,-4.617746893559591,-4.890423957501547,0.24046236276626587,-0.1278572976589203,-0.1541522890329361,-0.0001917476038215682,0.00016777915880084038,7.190534961409867e-05,0.23756249248981476,0.0,0.0,0.0,0.0,0.0,0.0,0
1785971061,554885387,100.0,-1.4729579130755823,-1.4123404661761683,-1.1328695456134241,-4.617746893559591,-4.890459958706991,0.2461690902709961,-0.12995374202728271,-0.153410866856575,-0.00016777915880084038,0.00016777915880084038,7.190534961409867e-05,0.2405281960964203,0.0,0.0,0.0,0.0,0.0,0.0,0
1785971061,573853015,100.0,-1.4750803152667444,-1.4149287382708948,-1.132857624684469,-4.617710892354147,-4.890412036572592,0.24998082220554352,-0.13047784566879272,-0.15673449635505676,-0.00016777915880084038,0.00016777915880084038,7.190534961409867e-05,0.23927544057369232,0.0,0.0,0.0,0.0,0.0,0.0,0
1785971061,594802618,100.0,-1.4782336393939417,-1.4187162558185022,-1.1329053084002894,-4.6177348534213465,-4.890435997639791,0.25578343868255615,-0.13157720863819122,-0.15782105922698975,-0.00014381069922819734,0.00016777915880084038,7.190534961409867e-05,0.24327658116817474,0.0,0.0,0.0,0.0,0.0,0.0,0
1785971061,613916635,100.0,-1.4804156462298792,-1.4212687651263636,-1.1328695456134241,-4.617746893559591,-4.890423957501547,0.259691059589386,-0.13380147516727448,-0.15621037781238556,-0.00014381069922819734,0.00016777915880084038,7.190534961409867e-05,0.24638289213180542,0.0,0.0,0.0,0.0,0.0,0.0,0
1785971061,634795188,100.0,-1.4835923353778284,-1.4250801245318812,-1.1328452269183558,-4.6177348534213465,-4.890471879635946,0.26555320620536804,-0.1334051936864853,-0.16003255546092987,-0.00014381069922819734,0.00016777915880084038,7.190534961409867e-05,0.24853046238422394,0.0,0.0,0.0,0.0,0.0,0.0,0
1785971061,653863668,100.0,-1.485762898121969,-1.4276445547686976,-1.1329529921161097,-4.617698971425192,-4.890447918568746,0.2695930004119873,-0.13663934171199799,-0.16249969601631165,-0.00011984225420746952,0.00016777915880084038,7.190534961409867e-05,0.25356703996658325,0.0,0.0,0.0,0.0,0.0,0.0,0
1785971061,675255537,100.0,-1.4889519850360315,-1.4315159956561487,-1.132857624684469,-4.617746893559591,-4.890459958706991,0.2756349444389343,-0.14084500074386597,-0.16780471801757812,-0.00011984225420746952,0.00016777915880084038,7.190534961409867e-05,0.25368207693099976,0.0,0.0,0.0,0.0,0.0,0.0,0
1785971061,693917989,100.0,-1.4911940733539026,-1.434176270161764,-1.1329172293292444,-4.6177348534213465,-4.890423957501547,0.27975863218307495,-0.14441150426864624,-0.16712720692157745,-0.00011984225420746952,0.00016777915880084038,7.190534961409867e-05,0.2565327286720276,0.0,0.0,0.0,0.0,0.0,0.0,0
1785971061,714713573,100.0,-1.4946110884295862,-1.4382031599627894,-1.1328933874713343,-4.617710892354147,-4.890483919774191,0.2859683334827423,-0.14517849683761597,-0.16967105865478516,-0.00011984225420746952,0.00016777915880084038,7.190534961409867e-05,0.25911492109298706,0.0,0.0,0.0,0.0,0.0,0.0,0
1785971061,733809947,100.0,-1.4969728628741663,-1.4409592787372034,-1.1328695456134241,-4.617722932492391,-4.890459958706991,0.290115624666214,-0.14621393382549286,-0.16953045129776,-0.00011984225420746952,0.00016777915880084038,4.793690095539205e-05,0.2607511878013611,0.0,0.0,0.0,0.0,0.0,0.0,0
1785971061,755105495,100.0,-1.5005338827716272,-1.445118252431051,-1.1328933874713343,-4.6177348534213465,-4.890423957501547,0.29632532596588135,-0.14731329679489136,-0.17238108813762665,-9.58738019107841e-05,0.00016777915880084038,4.793690095539205e-05,0.2641003727912903,0.0,0.0,0.0,0.0,0.0,0.0,0
1785971061,773873567,100.0,-1.5029438177691858,-1.4479230085956019,-1.1328933874713343,-4.617722932492391,-4.890423957501547,0.30053290724754333,-0.147044837474823,-0.17093659937381744,-7.190534961409867e-05,0.00014381069922819734,4.793690095539205e-05,0.26523807644844055,0.0,0.0,0.0,0.0,0.0,0.0,0
1785971061,794846296,100.0,-1.5065887610064905,-1.4521296660052698,-1.132857624684469,-4.617686931286947,-4.890447918568746,0.3068980276584625,-0.14805471897125244,-0.17087267339229584,-7.190534961409867e-05,0.00014381069922819734,4.793690095539205e-05,0.26696380972862244,0.0,0.0,0.0,0.0,0.0,0.0,0
1785971061,813998937,100.0,-1.508902374898092,-1.4548619429217737,-1.132857624684469,-4.6177348534213465,-4.890447918568746,0.3112254738807678,-0.1469298005104065,-0.17259840667247772,-7.190534961409867e-05,0.00014381069922819734,4.793690095539205e-05,0.26917529106140137,0.0,0.0,0.0,0.0,0.0,0.0,0
1785971061,834606647,100.0,-1.5123561064349573,-1.4589970747577112,-1.1328333059894007,-4.617698971425192,-4.890412036572592,0.317818284034729,-0.14694258570671082,-0.17456701397895813,-7.190534961409867e-05,0.00011984225420746952,4.793690095539205e-05,0.2697761058807373,0.0,0.0,0.0,0.0,0.0,0.0,0
1785971061,853853940,100.0,-1.5147412459002894,-1.4617536703692835,-1.1328814665423792,-4.617722932492391,-4.890412036572592,0.3221341073513031,-0.14859160780906677,-0.1757686287164688,-7.190534961409867e-05,0.00011984225420746952,4.793690095539205e-05,0.2703513503074646,0.0,0.0,0.0,0.0,0.0,0.0,0
1785971061,875161409,100.0,-1.5182302633868616,-1.4659484068499964,-1.1329053084002894,-4.617686931286947,-4.890435997639791,0.32864266633987427,-0.1533469557762146,-0.18022996187210083,-7.190534961409867e-05,0.00011984225420746952,4.793690095539205e-05,0.2720259428024292,0.0,0.0,0.0,0.0,0.0,0.0,0
1785971061,893854618,100.0,-1.5206406752215784,-1.4689210096942347,-1.1328695456134241,-4.6177348534213465,-4.890435997639791,0.3330899178981781,-0.15222203731536865,-0.18070293962955475,-7.190534961409867e-05,0.00011984225420746952,4.793690095539205e-05,0.27384114265441895,0.0,0.0,0.0,0.0,0.0,0.0,0
1785971061,914538383,100.0,-1.5242980162249964,-1.4732473532306116,-1.1328452269183558,-4.617710892354147,-4.890423957501547,0.3397067189216614,-0.15550731122493744,-0.18047285079956055,-7.190534961409867e-05,0.00011984225420746952,4.793690095539205e-05,0.2745697796344757,0.0,0.0,0.0,0.0,0.0,0.0,0
1785971061,933820486,100.0,-1.5267317930804651,-1.47624379793276,-1.1328695456134241,-4.617722932492391,-4.890435997639791,0.34423789381980896,-0.155315563082695,-0.18111200630664825,-7.190534961409867e-05,9.58738019107841e-05,4.793690095539205e-05,0.27419906854629517,0.0,0.0,0.0,0.0,0.0,0.0,0
1785971061,954524517,100.0,-1.5305803457843226,-1.4806063810931605,-1.1328452269183558,-4.6177348534213465,-4.890412036572592,0.35092657804489136,-0.15788497030735016,-0.1818278580904007,0.00033555831760168076,9.58738019107841e-05,4.793690095539205e-05,0.27492770552635193,0.0,0.0,0.0,0.0,0.0,0.0,0
1785971061,973857641,100.0,-1.5332062880145472,-1.4835789839373987,-1.1328333059894007,-4.617710892354147,-4.890412036572592,0.35537347197532654,-0.1542673408985138,-0.17945018410682678,0.00033555831760168076,9.58738019107841e-05,4.793690095539205e-05,0.27753546833992004,0.0,0.0,0.0,0.0,0.0,0.0,0
1785971061,994657754,100.0,-1.536971394215719,-1.487845245991842,-1.1327374617206019,-4.617698971425192,-4.890435997639791,0.3619539439678192,-0.1550854593515396,-0.18150828778743744,0.011121361516416073,9.58738019107841e-05,4.793690095539205e-05,0.2765384018421173,0.0,0.0,0.0,0.0,0.0,0.0,0
1785971062,13774156,100.0,-1.539452854787008,-1.4906013647662562,-1.1327374617206019,-4.617722932492391,-4.890423957501547,0.3664727509021759,-0.15255439281463623,-0.1819429099559784,0.003067961661145091,9.58738019107841e-05,4.793690095539205e-05,0.2789032757282257,0.0,0.0,0.0,0.0,0.0,0.0,0
1785971062,34559249,100.0,-1.5430977980243128,-1.4949286619769495,-1.132761303578512,-4.617758814488546,-4.890423957501547,0.37331724166870117,-0.15555843710899353,-0.18493416905403137,0.0014381069922819734,9.58738019107841e-05,4.793690095539205e-05,0.28050118684768677,0.0,0.0,0.0,0.0,0.0,0.0,0
1785971062,53769826,100.0,-1.5455082098590296,-1.4978650251971644,-1.1327255407916468,-4.617710892354147,-4.890471879635946,0.3778839707374573,-0.1530657261610031,-0.18493416905403137,0.0010546118719503284,9.58738019107841e-05,4.793690095539205e-05,0.2801049053668976,0.0,0.0,0.0,0.0,0.0,0.0,0
1785971062,74939250,100.0,-1.5491536299334925,-1.5022395292865198,-1.1326897780047815,-4.617686931286947,-4.890435997639791,0.38466817140579224,-0.15849857032299042,-0.18669824302196503,0.0007430219557136297,7.190534961409867e-05,4.793690095539205e-05,0.28027108311653137,0.0,0.0,0.0,0.0,0.0,0.0,0
1785971062,93820810,100.0,-1.5515511671649378,-1.5052359739886683,-1.1327374617206019,-4.617746893559591,-4.890435997639791,0.3891753554344177,-0.15961070358753204,-0.1889353096485138,0.0006231797160580754,7.190534961409867e-05,4.793690095539205e-05,0.27910780906677246,0.0,0.0,0.0,0.0,0.0,0.0,0
1785971062,114542007,100.0,-1.5553644339190882,-1.5097907225238245,-1.1328094641314905,-4.617722932492391,-4.890399638806478,0.39591124653816223,-0.16192445158958435,-0.18619970977306366,0.0005033374764025211,4.793690095539205e-05,4.793690095539205e-05,0.2791973054409027,0.0,0.0,0.0,0.0,0.0,0.0,0
1785971062,133763074,100.0,-1.5578940550433558,-1.5127151648150843,-1.132761303578512,-4.617722932492391,-4.890423957501547,0.4004899561405182,-0.1609145849943161,-0.186046302318573,0.00045540055725723505,4.793690095539205e-05,4.793690095539205e-05,0.2769985795021057,0.0,0.0,0.0,0.0,0.0,0.0,0
1785971062,154627323,100.0,-1.5617793242083948,-1.5171378294574183,-1.1327737013446253,-4.617722932492391,-4.890471879635946,0.40732210874557495,-0.15972575545310974,-0.18603351712226868,0.0003834952076431364,4.793690095539205e-05,4.793690095539205e-05,0.2794913053512573,0.0,0.0,0.0,0.0,0.0,0.0,0
1785971062,173828363,100.0,-1.5643695036517542,-1.5200384298907679,-1.132749382649557,-4.6177348534213465,-4.890435997639791,0.4119124412536621,-0.15990471839904785,-0.18653206527233124,0.00033555831760168076,4.793690095539205e-05,4.793690095539205e-05,0.2796574831008911,0.0,0.0,0.0,0.0,0.0,0.0,0
1785971062,194589614,100.0,-1.5682905356036585,-1.5244486967669886,-1.132749382649557,-4.6177948156939905,-4.890423957501547,0.41862472891807556,-0.1572202444076538,-0.18669824302196503,0.0003115898580290377,4.793690095539205e-05,2.3968450477696024e-05,0.28119146823883057,0.0,0.0,0.0,0.0,0.0,0.0,0
1785971062,214021444,100.0,-1.5707600752459925,-1.5273855368243616,-1.1327255407916468,-4.617758814488546,-4.890423957501547,0.42308321595191956,-0.1540372371673584,-0.18704339861869812,0.00028762139845639467,4.793690095539205e-05,2.3968450477696024e-05,0.27979809045791626,0.0,0.0,0.0,0.0,0.0,0.0,0
1785971062,234522104,100.0,-1.5744894186602991,-1.5319040457354944,-1.1327016989337366,-4.617722932492391,-4.890412036572592,0.4297475814819336,-0.15555843710899353,-0.18763141334056854,0.0002636529679875821,4.793690095539205e-05,2.3968450477696024e-05,0.2791973054409027,0.0,0.0,0.0,0.0,0.0,0.0,0
1785971062,253780364,100.0,-1.576899830495016,-1.5349248091327112,-1.1327016989337366,-4.6177348534213465,-4.890387598668234,0.4343259334564209,-0.1540372371673584,-0.18559889495372772,0.00023968450841493905,4.793690095539205e-05,2.3968450477696024e-05,0.27933791279792786,0.0,0.0,0.0,0.0,0.0,0.0,0
1785971062,274941444,100.0,-1.5805686155902308,-1.5394309202777308,-1.1326773802386683,-4.617746893559591,-4.890412036572592,0.4412176012992859,-0.15806393325328827,-0.18502365052700043,0.00021571606339421123,4.793690095539205e-05,2.3968450477696024e-05,0.2801049053668976,0.0,0.0,0.0,0.0,0.0,0.0,0
1785971062,293836832,100.0,-1.5829666296588343,-1.5423319975482386,-1.1327374617206019,-4.6177348534213465,-4.890435997639791,0.44571244716644287,-0.15806393325328827,-0.18476799130439758,0.0001917476038215682,4.793690095539205e-05,2.3968450477696024e-05,0.2786731719970703,0.0,0.0,0.0,0.0,0.0,0.0,0
1785971062,314456224,100.0,-1.586695973073141,-1.5467665831195276,-1.1327374617206019,-4.6177348534213465,-4.890423957501547,0.45237603783607483,-0.15911215543746948,-0.18086911737918854,0.0001917476038215682,4.793690095539205e-05,2.3968450477696024e-05,0.27784228324890137,0.0,0.0,0.0,0.0,0.0,0.0,0
1785971062,333781480,100.0,-1.5892742315875452,-1.549643341694967,-1.1327255407916468,-4.617770854626791,-4.890471879635946,0.4567750096321106,-0.1568111926317215,-0.18198125064373016,0.00016777915880084038,4.793690095539205e-05,2.3968450477696024e-05,0.27759939432144165,0.0,0.0,0.0,0.0,0.0,0.0,0
1785971062,354527235,100.0,-1.5931113401996058,-1.5539458433734339,-1.1326659361468714,-4.6177948156939905,-4.890412036572592,0.4634389877319336,-0.1571052074432373,-0.18410326540470123,0.00016777915880084038,4.793690095539205e-05,2.3968450477696024e-05,0.27517059445381165,0.0,0.0,0.0,0.0,0.0,0.0,0
1785971062,373890161,100.0,-1.5955937544452112,-1.5569070021258753,-1.1327374617206019,-4.6177348534213465,-4.890447918568746,0.46778926253318787,-0.1543823927640915,-0.185522198677063,0.00016777915880084038,4.793690095539205e-05,2.3968450477696024e-05,0.2798875868320465,0.0,0.0,0.0,0.0,0.0,0.0,0
1785971062,394406795,100.0,-1.5993345419513147,-1.5612700621234339,-1.1326773802386683,-4.6177828947650355,-4.890387598668234,0.4745730757713318,-0.15301458537578583,-0.1834513247013092,0.00014381069922819734,4.793690095539205e-05,2.3968450477696024e-05,0.27979809045791626,0.0,0.0,0.0,0.0,0.0,0.0,0
1785971062,413829088,100.0,-1.6018288771258753,-1.5641821066485804,-1.1327136198626917,-4.6177828947650355,-4.890459958706991,0.4789113700389862,-0.15187688171863556,-0.18295277655124664,0.00014381069922819734,4.793690095539205e-05,2.3968450477696024e-05,0.2786731719970703,0.0,0.0,0.0,0.0,0.0,0.0,0
1785971062,434558153,100.0,-1.6054137388812464,-1.5684970060931605,-1.1327255407916468,-4.617698971425192,-4.890412036572592,0.48547908663749695,-0.14978043735027313,-0.18214744329452515,0.00014381069922819734,4.793690095539205e-05,2.3968450477696024e-05,0.2767045795917511,0.0,0.0,0.0,0.0,0.0,0.0,0
1785971062,453868150,100.0,-1.6078007856952112,-1.571493927632467,-1.1327255407916468,-4.617710892354147,-4.890412036572592,0.4897698163986206,-0.1502789855003357,-0.18007656931877136,0.00011984225420746952,4.793690095539205e-05,2.3968450477696024e-05,0.2753879129886627,0.0,0.0,0.0,0.0,0.0,0.0,0
1785971062,474803686,100.0,-1.6113136450396937,-1.5757373015033167,-1.1327136198626917,-4.6177828947650355,-4.890412036572592,0.4963255524635315,-0.14923076331615448,-0.1765739768743515,0.00011984225420746952,4.793690095539205e-05,2.3968450477696024e-05,0.27257561683654785,0.0,0.0,0.0,0.0,0.0,0.0,0
1785971062,493803262,100.0,-1.6136038939105433,-1.5784695784198206,-1.1326897780047815,-4.6177948156939905,-4.890387598668234,0.500664234161377,-0.1499977558851242,-0.17590925097465515,0.00011984225420746952,4.793690095539205e-05,2.3968450477696024e-05,0.27160409092903137,0.0,0.0,0.0,0.0,0.0,0.0,0
1785971062,514531373,100.0,-1.6171897093402308,-1.5826290289508265,-1.1327374617206019,-4.617722932492391,-4.890447918568746,0.5071716904640198,-0.15142947435379028,-0.17561523616313934,0.00011984225420746952,4.793690095539205e-05,2.3968450477696024e-05,0.2715018093585968,0.0,0.0,0.0,0.0,0.0,0.0,0
1785971062,533827543,100.0,-1.6196001211749476,-1.5853737036334437,-1.132749382649557,-4.617758814488546,-4.890423957501547,0.5114500522613525,-0.14966540038585663,-0.1747204214334488,9.58738019107841e-05,4.793690095539205e-05,2.3968450477696024e-05,0.2698144316673279,0.0,0.0,0.0,0.0,0.0,0.0,0
1785971062,554381847,100.0,-1.6232574621783655,-1.5895331541644495,-1.1326897780047815,-4.617770854626791,-4.890447918568746,0.5178735852241516,-0.1482592523097992,-0.17510391771793365,9.58738019107841e-05,4.793690095539205e-05,2.3968450477696024e-05,0.26535311341285706,0.0,0.0,0.0,0.0,0.0,0.0,0
1785971062,573875904,100.0,-1.6256077925311487,-1.5923379103290003,-1.1327016989337366,-4.6177348534213465,-4.890423957501547,0.5220564603805542,-0.14621393382549286,-0.17606264352798462,9.58738019107841e-05,4.793690095539205e-05,2.3968450477696024e-05,0.26374244689941406,0.0,0.0,0.0,0.0,0.0,0.0,0
1785971062,594586849,100.0,-1.6292169729815882,-1.596485439931051,-1.1327374617206019,-4.617722932492391,-4.890375677739279,0.5282523036003113,-0.14512737095355988,-0.17023351788520813,9.58738019107841e-05,4.793690095539205e-05,2.3968450477696024e-05,0.2619144320487976,0.0,0.0,0.0,0.0,0.0,0.0,0
1785971062,613940715,100.0,-1.6315434614764612,-1.599302117024557,-1.1327136198626917,-4.617746893559591,-4.890447918568746,0.5324707627296448,-0.14099840819835663,-0.17037414014339447,9.58738019107841e-05,4.793690095539205e-05,2.3968450477696024e-05,0.26124972105026245,0.0,0.0,0.0,0.0,0.0,0.0,0
1785971062,634855270,100.0,-1.6349251906024378,-1.603365723286764,-1.1327136198626917,-4.617722932492391,-4.890435997639791,0.5386905670166016,-0.13862073421478271,-0.16558045148849487,9.58738019107841e-05,4.793690095539205e-05,2.3968450477696024e-05,0.2582073211669922,0.0,0.0,0.0,0.0,0.0,0.0,0
1785971062,653908014,100.0,-1.6371076742755335,-1.606074635182516,-1.1327016989337366,-4.6177348534213465,-4.890435997639791,0.5428011417388916,-0.13801991939544678,-0.16558045148849487,9.58738019107841e-05,4.793690095539205e-05,2.3968450477696024e-05,0.25563791394233704,0.0,0.0,0.0,0.0,0.0,0.0,0
1785971062,675240039,100.0,-1.6403573195086878,-1.6099823156939905,-1.1327016989337366,-4.617746893559591,-4.890412036572592,0.5487573146820068,-0.13828836381435394,-0.16003255546092987,7.190534961409867e-05,4.793690095539205e-05,2.3968450477696024e-05,0.25187966227531433,0.0,0.0,0.0,0.0,0.0,0.0,0
1785971062,693800687,100.0,-1.6425636450396937,-1.6125596205340784,-1.1327136198626917,-4.6177828947650355,-4.890412036572592,0.552712082862854,-0.13672882318496704,-0.15972575545310974,7.190534961409867e-05,4.793690095539205e-05,2.3968450477696024e-05,0.2504223585128784,0.0,0.0,0.0,0.0,0.0,0.0,0
1785971062,714428424,100.0,-1.6457417646991175,-1.6163232962237757,-1.132761303578512,-4.617722932492391,-4.890471879635946,0.5586562752723694,-0.13715067505836487,-0.16053108870983124,7.190534961409867e-05,4.793690095539205e-05,2.3968450477696024e-05,0.247929647564888,0.0,0.0,0.0,0.0,0.0,0.0,0
1785971062,733834505,100.0,-1.6478760878192347,-1.6188886801349085,-1.1327136198626917,-4.617770854626791,-4.890423957501547,0.5626945495605469,-0.13695892691612244,-0.16028821468353271,7.190534961409867e-05,4.793690095539205e-05,2.3968450477696024e-05,0.2452707439661026,0.0,0.0,0.0,0.0,0.0,0.0,0
1785971062,754565715,100.0,-1.6511138121234339,-1.6225560347186487,-1.1326897780047815,-4.617758814488546,-4.890447918568746,0.5685309171676636,-0.1335330307483673,-0.15626151859760284,7.190534961409867e-05,4.793690095539205e-05,2.3968450477696024e-05,0.24144858121871948,0.0,0.0,0.0,0.0,0.0,0.0,0
1785971062,773899793,100.0,-1.6532843748675745,-1.6251094977008265,-1.1327136198626917,-4.617722932492391,-4.890412036572592,0.5723654627799988,-0.13398043811321259,-0.1572202444076538,7.190534961409867e-05,4.793690095539205e-05,2.3968450477696024e-05,0.2366037517786026,0.0,0.0,0.0,0.0,0.0,0.0,0
1785971062,794535160,100.0,-1.6565821806537073,-1.6288612524615687,-1.1327374617206019,-4.617758814488546,-4.890435997639791,0.5779980421066284,-0.13003043830394745,-0.1543823927640915,7.190534961409867e-05,4.793690095539205e-05,2.3968450477696024e-05,0.23368918895721436,0.0,0.0,0.0,0.0,0.0,0.0,0
1785971062,813999176,100.0,-1.6586206595050257,-1.6312463919269007,-1.1326897780047815,-4.617722932492391,-4.890435997639791,0.5816768407821655,-0.1288543939590454,-0.1532319039106369,7.190534961409867e-05,4.793690095539205e-05,2.3968450477696024e-05,0.23154161870479584,0.0,0.0,0.0,0.0,0.0,0.0,0
1785971062,834549665,100.0,-1.6617029348956507,-1.6349147001849573,-1.1326897780047815,-4.617746893559591,-4.890412036572592,0.5871416330337524,-0.12415017932653427,-0.14604775607585907,7.190534961409867e-05,4.793690095539205e-05,2.3968450477696024e-05,0.22594259679317474,0.0,0.0,0.0,0.0,0.0,0.0,0
1785971062,853890419,100.0,-1.663729492818014,-1.637252155934469,-1.1326659361468714,-4.617722932492391,-4.890435997639791,0.5908204317092896,-0.120583675801754,-0.14616280794143677,7.190534961409867e-05,4.793690095539205e-05,2.3968450477696024e-05,0.22581475973129272,0.0,0.0,0.0,0.0,0.0,0.0,0
1785971062,874889612,100.0,-1.666595760975973,-1.6407282988177698,-1.1327255407916468,-4.617746893559591,-4.890447918568746,0.5961893796920776,-0.11811652034521103,-0.1405126452445984,7.190534961409867e-05,4.793690095539205e-05,2.3968450477696024e-05,0.22073984146118164,0.0,0.0,0.0,0.0,0.0,0.0,0
1785971062,893797159,100.0,-1.6684907118426722,-1.6428740660296839,-1.1326773802386683,-4.6177348534213465,-4.890375677739279,0.5997363328933716,-0.11839774996042252,-0.14026975631713867,7.190534961409867e-05,4.793690095539205e-05,2.3968450477696024e-05,0.21670036017894745,0.0,0.0,0.0,0.0,0.0,0.0,0
1785971062,915020704,100.0,-1.6712845007525843,-1.646266285573141,-1.1327374617206019,-4.617770854626791,-4.890387598668234,0.6048292517662048,-0.11501020938158035,-0.13701005280017853,4.793690095539205e-05,4.793690095539205e-05,2.3968450477696024e-05,0.21149760484695435,0.0,0.0,0.0,0.0,0.0,0.0,0
1785971062,933780908,100.0,-1.67311937013735,-1.6484597365008753,-1.132749382649557,-4.617758814488546,-4.890435997639791,0.6082447171211243,-0.11504856497049332,-0.13538658618927002,4.793690095539205e-05,4.793690095539205e-05,2.3968450477696024e-05,0.21075618267059326,0.0,0.0,0.0,0.0,0.0,0.0,0
1785971062,954765558,100.0,-1.6757453123675745,-1.651684586201803,-1.1327255407916468,-4.617758814488546,-4.890387598668234,0.6131818890571594,-0.11305438727140427,-0.1331878900527954,4.793690095539205e-05,4.793690095539205e-05,2.3968450477696024e-05,0.2055150866508484,0.0,0.0,0.0,0.0,0.0,0.0,0
1785971062,973862171,100.0,-1.6775324980365198,-1.6537941137896937,-1.1327374617206019,-4.6177348534213465,-4.890435997639791,0.6164172291755676,-0.11406425386667252,-0.13276603817939758,4.793690095539205e-05,4.793690095539205e-05,2.3968450477696024e-05,0.20051686465740204,0.0,0.0,0.0,0.0,0.0,0.0,0
1785971062,993918418,100.0,-1.6793316046344202,-1.6559637228595179,-1.1327255407916468,-4.617722932492391,-4.890412036572592,0.6196286082267761,-0.11067671328783035,-0.13124483823776245,4.793690095539205e-05,4.793690095539205e-05,2.3968450477696024e-05,0.19831815361976624,0.0,0.0,0.0,0.0,0.0,0.0,0
1785971063,13725996,100.0,-1.681981388722555,-1.658996884022848,-1.1327737013446253,-4.617746893559591,-4.890447918568746,0.6244339346885681,-0.10829904675483704,-0.12600374221801758,4.793690095539205e-05,4.793690095539205e-05,2.3968450477696024e-05,0.19220779836177826,0.0,0.0,0.0,0.0,0.0,0.0,0
1785971063,33924341,100.0,-1.6836965719806116,-1.6610944906817835,-1.1326540152179163,-4.617770854626791,-4.890375677739279,0.6275255084037781,-0.10705907642841339,-0.12340875715017319,4.793690095539205e-05,4.793690095539205e-05,2.3968450477696024e-05,0.18695391714572906,0.0,0.0,0.0,0.0,0.0,0.0,0
1785971063,53795814,100.0,-1.6863225142108362,-1.6640790144549769,-1.132749382649557,-4.6177828947650355,-4.890435997639791,0.6319716572761536,-0.10291732847690582,-0.11953545361757278,4.793690095539205e-05,4.793690095539205e-05,2.3968450477696024e-05,0.18518982827663422,0.0,0.0,0.0,0.0,0.0,0.0,0
1785971063,74902296,100.0,-1.6888054052936,-1.6669676939593714,-1.132749382649557,-4.617746893559591,-4.890447918568746,0.6363691091537476,-0.09713933616876602,-0.11585389822721481,4.793690095539205e-05,4.793690095539205e-05,2.3968450477696024e-05,0.18063902854919434,0.0,0.0,0.0,0.0,0.0,0.0,0
1785971063,93799114,100.0,-1.6903646628009241,-1.668825928364889,-1.1327374617206019,-4.617758814488546,-4.890412036572592,0.6391969919204712,-0.09551586955785751,-0.11146927624940872,4.793690095539205e-05,4.793690095539205e-05,2.3968450477696024e-05,0.17561523616313934,0.0,0.0,0.0,0.0,0.0,0.0,0
1785971063,114579916,100.0,-1.6927512327777308,-1.6714032332049769,-1.1326773802386683,-4.617746893559591,-4.890412036572592,0.6432832479476929,-0.09139969199895859,-0.10633043944835663,4.793690095539205e-05,4.793690095539205e-05,2.3968450477696024e-05,0.16967105865478516,0.0,0.0,0.0,0.0,0.0,0.0,0
1785971063,133837223,100.0,-1.6941779295550745,-1.6731413046466272,-1.1326773802386683,-4.6177828947650355,-4.890435997639791,0.6459793448448181,-0.09082444757223129,-0.1049242913722992,4.793690095539205e-05,4.793690095539205e-05,2.3968450477696024e-05,0.164378821849823,0.0,0.0,0.0,0.0,0.0,0.0,0
1785971063,154519081,100.0,-1.6963008085833948,-1.6756108442889612,-1.1327255407916468,-4.617710892354147,-4.890423957501547,0.6498973965644836,-0.08518707007169724,-0.10236765444278717,4.793690095539205e-05,4.793690095539205e-05,2.3968450477696024e-05,0.1582556813955307,0.0,0.0,0.0,0.0,0.0,0.0,0
1785971063,173846960,100.0,-1.6977036635028284,-1.6771815458880823,-1.1327016989337366,-4.617806855832235,-4.890435997639791,0.6523781418800354,-0.08338464051485062,-0.10046295821666718,4.793690095539205e-05,4.793690095539205e-05,2.3968450477696024e-05,0.1542162001132965,0.0,0.0,0.0,0.0,0.0,0.0,0
1785971063,194654703,100.0,-1.6996944586383265,-1.6795666853534144,-1.1326897780047815,-4.617770854626791,-4.890375677739279,0.6560809016227722,-0.0802016332745552,-0.09910794347524643,4.793690095539205e-05,4.793690095539205e-05,2.3968450477696024e-05,0.15176182985305786,0.0,0.0,0.0,0.0,0.0,0.0,0
1785971063,213828086,100.0,-1.7009900251971644,-1.6811249891864222,-1.1327136198626917,-4.6177348534213465,-4.890459958706991,0.6584653854370117,-0.07704418897628784,-0.0961422473192215,4.793690095539205e-05,4.793690095539205e-05,2.3968450477696024e-05,0.14188043773174286,0.0,0.0,0.0,0.0,0.0,0.0,0
1785971063,234750509,100.0,-1.7028244177447718,-1.683342758809225,-1.1327374617206019,-4.617722932492391,-4.890375677739279,0.6618565320968628,-0.07571473717689514,-0.09055600315332413,4.793690095539205e-05,4.793690095539205e-05,2.3968450477696024e-05,0.13690778613090515,0.0,0.0,0.0,0.0,0.0,0.0,0
1785971063,253865957,100.0,-1.704036060963766,-1.6847689787494105,-1.1327374617206019,-4.617770854626791,-4.890412036572592,0.6639773845672607,-0.07391230762004852,-0.0905943512916565,4.793690095539205e-05,4.793690095539205e-05,2.3968450477696024e-05,0.13371199369430542,0.0,0.0,0.0,0.0,0.0,0.0,0
1785971063,274723529,100.0,-1.7057388464557093,-1.6868909041034144,-1.1327136198626917,-4.617770854626791,-4.890423957501547,0.6671168804168701,-0.07039693742990494,-0.08376813679933548,4.793690095539205e-05,4.793690095539205e-05,2.3968450477696024e-05,0.12813852727413177,0.0,0.0,0.0,0.0,0.0,0.0,0
1785971063,293861627,100.0,-1.706782642995016,-1.688209358845846,-1.1327255407916468,-4.617758814488546,-4.890435997639791,0.669093906879425,-0.06790421903133392,-0.08131376653909683,4.793690095539205e-05,4.793690095539205e-05,2.3968450477696024e-05,0.1235877200961113,0.0,0.0,0.0,0.0,0.0,0.0,0
1785971063,314479827,100.0,-1.7083056608783167,-1.6900432745562952,-1.1327374617206019,-4.617746893559591,-4.890447918568746,0.6719940900802612,-0.06530923396348953,-0.07611101865768433,4.793690095539205e-05,4.793690095539205e-05,2.3968450477696024e-05,0.11710665374994278,0.0,0.0,0.0,0.0,0.0,0.0,0
1785971063,333858013,100.0,-1.7093847433673304,-1.6913021246539515,-1.1327374617206019,-4.6177948156939905,-4.890412036572592,0.6738033294677734,-0.062126222997903824,-0.07437250018119812,4.793690095539205e-05,4.793690095539205e-05,2.3968450477696024e-05,0.11318221688270569,0.0,0.0,0.0,0.0,0.0,0.0,0
1785971063,354961872,100.0,-1.7108238379107874,-1.6930401960956019,-1.1327374617206019,-4.617746893559591,-4.890375677739279,0.6764031648635864,-0.059071045368909836,-0.06975777447223663,2.3968450477696024e-05,4.793690095539205e-05,2.3968450477696024e-05,0.10546118021011353,0.0,0.0,0.0,0.0,0.0,0.0,0
1785971063,373978376,100.0,-1.711771313344137,-1.6941793600665491,-1.132749382649557,-4.617722932492391,-4.890412036572592,0.6780569553375244,-0.055453408509492874,-0.0661017894744873,2.3968450477696024e-05,4.793690095539205e-05,2.3968450477696024e-05,0.10060357302427292,0.0,0.0,0.0,0.0,0.0,0.0,0
1785971063,393975019,100.0,-1.712658707295553,-1.6951502005206507,-1.1327016989337366,-4.6177828947650355,-4.890423957501547,0.6796029210090637,-0.05264110863208771,-0.059659071266651154,2.3968450477696024e-05,4.793690095539205e-05,2.3968450477696024e-05,0.09515794366598129,0.0,0.0,0.0,0.0,0.0,0.0,0
1785971063,413878679,100.0,-1.7138579527484339,-1.696552578602926,-1.1327737013446253,-4.617746893559591,-4.890399638806478,0.6818316578865051,-0.04752783849835396,-0.05573463812470436,2.3968450477696024e-05,4.793690095539205e-05,2.3968450477696024e-05,0.08802492916584015,0.0,0.0,0.0,0.0,0.0,0.0,0
1785971063,433926343,100.0,-1.7146251837359827,-1.6974275747882288,-1.1327016989337366,-4.617758814488546,-4.890399638806478,0.6831015944480896,-0.044140297919511795,-0.05294790491461754,2.3968450477696024e-05,4.793690095539205e-05,2.3968450477696024e-05,0.08407492935657501,0.0,0.0,0.0,0.0,0.0,0.0,0
1785971063,453988552,100.0,-1.7146251837359827,-1.6974275747882288,-1.1327016989337366,-4.617758814488546,-4.890399638806478,0.6831015944480896,-0.044140297919511795,-0.05294790491461754,2.3968450477696024e-05,4.793690095539205e-05,2.3968450477696024e-05,0.08407492935657501,0.0,0.0,0.0,0.0,0.0,0.0,0
1785971063,473968982,100.0,-1.7146251837359827,-1.6974275747882288,-1.1327016989337366,-4.617758814488546,-4.890399638806478,0.6831015944480896,-0.044140297919511795,-0.05294790491461754,2.3968450477696024e-05,4.793690095539205e-05,2.3968450477696024e-05,0.08407492935657501,0.0,0.0,0.0,0.0,0.0,0.0,0
1785971063,493907690,100.0,-1.7171676794635218,-1.7002928892718714,-1.1327374617206019,-4.617770854626791,-4.890387598668234,0.6877866983413696,-0.03338965028524399,-0.03906537964940071,2.3968450477696024e-05,2.3968450477696024e-05,2.3968450477696024e-05,0.06137201562523842,0.0,0.0,0.0,0.0,0.0,0.0,0
1785971063,513987779,100.0,-1.7177436987506312,-1.7009642759906214,-1.1327255407916468,-4.617746893559591,-4.890447918568746,0.6887333989143372,-0.029388515278697014,-0.036201946437358856,2.3968450477696024e-05,2.3968450477696024e-05,2.3968450477696024e-05,0.055338356643915176,0.0,0.0,0.0,0.0,0.0,0.0,0
1785971063,533977508,100.0,-1.7184274832354944,-1.7017553488360804,-1.1327255407916468,-4.6177828947650355,-4.890412036572592,0.6899434328079224,-0.023917317390441895,-0.030666833743453026,2.3968450477696024e-05,2.3968450477696024e-05,2.3968450477696024e-05,0.04687589779496193,0.0,0.0,0.0,0.0,0.0,0.0,0
1785971063,554006338,100.0,-1.7188227812396448,-1.702174488698141,-1.1327136198626917,-4.617746893559591,-4.890412036572592,0.6907343864440918,-0.0201079323887825,-0.02606489136815071,2.3968450477696024e-05,2.3968450477696024e-05,0.0,0.041558098047971725,0.0,0.0,0.0,0.0,0.0,0.0,0
1785971063,573992490,100.0,-1.719266716633932,-1.7028105894671839,-1.1327255407916468,-4.617722932492391,-4.890423957501547,0.691609263420105,-0.014879614114761353,-0.02178252674639225,2.3968450477696024e-05,2.3968450477696024e-05,0.0,0.0316639207303524,0.0,0.0,0.0,0.0,0.0,0.0,0
1785971063,595279216,100.0,-1.7196267286883753,-1.7032416502581995,-1.1326773802386683,-4.6177348534213465,-4.890412036572592,0.6922799944877625,-0.010980745777487755,-0.01859951764345169,2.3968450477696024e-05,2.3968450477696024e-05,0.0,0.022562300786376,0.0,0.0,0.0,0.0,0.0,0.0,0
1785971063,613947153,100.0,-1.7198188940631312,-1.703493897114889,-1.1327374617206019,-4.617770854626791,-4.890399638806478,0.6926515102386475,-0.01182443555444479,-0.014572817832231522,2.3968450477696024e-05,2.3968450477696024e-05,0.0,0.017768610268831253,0.0,0.0,0.0,0.0,0.0,0.0,0
1785971063,633933305,100.0,-1.719926659260885,-1.703625504170553,-1.1327374617206019,-4.6177948156939905,-4.890399638806478,0.6928552389144897,-0.007784952875226736,-0.009037703275680542,2.3968450477696024e-05,2.3968450477696024e-05,0.0,0.013895309530198574,0.0,0.0,0.0,0.0,0.0,0.0,0
1785971063,654011487,100.0,-1.7200105826007288,-1.703745190297262,-1.1327255407916468,-4.617758814488546,-4.890423957501547,0.6930709481239319,-0.0018663433147594333,-0.0028889973182231188,2.3968450477696024e-05,2.3968450477696024e-05,0.0,0.006225405726581812,0.0,0.0,0.0,0.0,0.0,0.0,0
1785971063,673972129,100.0,-1.7199862639056605,-1.7037327925311487,-1.1327737013446253,-4.6177348534213465,-4.890387598668234,0.6930949091911316,-0.0018663433147594333,-0.0017896442441269755,2.3968450477696024e-05,2.3968450477696024e-05,0.0,0.002684466540813446,0.0,0.0,0.0,0.0,0.0,0.0,0
1785971063,694602489,100.0,-1.719926659260885,-1.7037213484393519,-1.1327016989337366,-4.617722932492391,-4.890447918568746,0.6930110454559326,-0.0008692558039911091,0.00020453077740967274,2.3968450477696024e-05,2.3968450477696024e-05,0.0,-0.0002812298189383,0.0,0.0,0.0,0.0,0.0,0.0,0
1785971063,715234518,100.0,-1.7199023405658167,-1.7036851088153284,-1.1327136198626917,-4.617698971425192,-4.890435997639791,0.6930350065231323,0.0001661812566453591,0.00020453077740967274,2.3968450477696024e-05,2.3968450477696024e-05,0.0,-0.0002812298189383,0.0,0.0,0.0,0.0,0.0,0.0,0
1785971063,733868598,100.0,-1.719926659260885,-1.7037213484393519,-1.1326897780047815,-4.6177348534213465,-4.890387598668234,0.6929990649223328,0.0001661812566453591,0.00020453077740967274,2.3968450477696024e-05,2.3968450477696024e-05,0.0,-0.0002812298189383,0.0,0.0,0.0,0.0,0.0,0.0,0
1785971063,753895521,100.0,-1.7199624220477503,-1.7036970297442835,-1.132761303578512,-4.6177348534213465,-4.890375677739279,0.6930230259895325,0.0001661812566453591,0.00020453077740967274,2.3968450477696024e-05,2.3968450477696024e-05,0.0,-0.0002812298189383,0.0,0.0,0.0,0.0,0.0,0.0,0
1785971063,774030685,100.0,-1.7199743429767054,-1.7037089506732386,-1.1327136198626917,-4.617722932492391,-4.890387598668234,0.6930469870567322,0.0001661812566453591,0.00020453077740967274,2.3968450477696024e-05,2.3968450477696024e-05,0.0,-0.0002812298189383,0.0,0.0,0.0,0.0,0.0,0.0,0
1785971063,793951749,100.0,-1.7199505011187952,-1.7036851088153284,-1.1326773802386683,-4.6177828947650355,-4.890447918568746,0.693058967590332,0.0,0.00020453077740967274,2.3968450477696024e-05,2.3968450477696024e-05,0.0,-0.0002812298189383,0.0,0.0,0.0,0.0,0.0,0.0,0
1785971063,814484834,100.0,-1.7199385801898401,-1.7037089506732386,-1.1327255407916468,-4.6177348534213465,-4.890423957501547,0.6930709481239319,0.0,0.00020453077740967274,2.3968450477696024e-05,2.3968450477696024e-05,0.0,-0.0002812298189383,0.0,0.0,0.0,0.0,0.0,0.0,0
1785971063,833944320,100.0,-1.71991473833193,-1.7036851088153284,-1.1327016989337366,-4.617770854626791,-4.890423957501547,0.6930949091911316,0.0,0.00020453077740967274,2.3968450477696024e-05,2.3968450477696024e-05,0.0,-0.00024288029817398638,0.0,0.0,0.0,0.0,0.0,0.0,0
1785971063,853875160,100.0,-1.7199385801898401,-1.7036612669574183,-1.1326897780047815,-4.617746893559591,-4.890435997639791,0.6930709481239319,0.0,0.00020453077740967274,2.3968450477696024e-05,2.3968450477696024e-05,0.0,-0.00020453077740967274,0.0,0.0,0.0,0.0,0.0,0.0,0
1785971063,875423669,100.0,-1.719926659260885,-1.7037213484393519,-1.1327255407916468,-4.617722932492391,-4.890387598668234,0.6931189298629761,0.0,0.0001917476038215682,2.3968450477696024e-05,2.3968450477696024e-05,0.0,-0.00017896443023346364,0.0,0.0,0.0,0.0,0.0,0.0,0
1785971063,893885850,100.0,-1.7199505011187952,-1.7036493460284632,-1.1327016989337366,-4.617770854626791,-4.890399638806478,0.6930350065231323,0.0,0.00017896443023346364,2.3968450477696024e-05,2.3968450477696024e-05,0.0,-0.0001661812566453591,0.0,0.0,0.0,0.0,0.0,0.0,0
1785971063,915340662,100.0,-1.719926659260885,-1.7037213484393519,-1.1327255407916468,-4.617758814488546,-4.890423957501547,0.6930469870567322,0.0,0.00015339808305725455,2.3968450477696024e-05,2.3968450477696024e-05,0.0,-0.00015339808305725455,0.0,0.0,0.0,0.0,0.0,0.0,0
1785971063,933876276,100.0,-1.7199385801898401,-1.7036612669574183,-1.1326897780047815,-4.6177828947650355,-4.890412036572592,0.693058967590332,0.0,0.00014061490946915,2.3968450477696024e-05,2.3968450477696024e-05,0.0,-0.00014061490946915,0.0,0.0,0.0,0.0,0.0,0.0,0
1785971063,953870773,100.0,-1.71991473833193,-1.7036731878863733,-1.1327136198626917,-4.617770854626791,-4.890399638806478,0.6930350065231323,0.0,0.00014061490946915,2.3968450477696024e-05,2.3968450477696024e-05,0.0,-0.00014061490946915,0.0,0.0,0.0,0.0,0.0,0.0,0
1785971063,973954677,100.0,-1.7199385801898401,-1.7036851088153284,-1.1326897780047815,-4.617770854626791,-4.890435997639791,0.693058967590332,0.0,0.00012783173588104546,2.3968450477696024e-05,2.3968450477696024e-05,0.0,-0.00012783173588104546,0.0,0.0,0.0,0.0,0.0,0.0,0
1785971063,994686126,100.0,-1.7199385801898401,-1.7036493460284632,-1.132749382649557,-4.617758814488546,-4.890423957501547,0.6930350065231323,0.0,-0.0,2.3968450477696024e-05,2.3968450477696024e-05,0.0,-0.00011504856229294091,0.0,0.0,0.0,0.0,0.0,0.0,0
1785971064,13911724,100.0,-1.7199505011187952,-1.7037089506732386,-1.132749382649557,-4.6177828947650355,-4.890375677739279,0.6930709481239319,0.0,-0.0,2.3968450477696024e-05,2.3968450477696024e-05,0.0,-0.00010226538870483637,0.0,0.0,0.0,0.0,0.0,0.0,0
1785971064,33899307,100.0,-1.7199624220477503,-1.7037327925311487,-1.1326897780047815,-4.617770854626791,-4.890459958706991,0.6930469870567322,0.0,-0.0,2.3968450477696024e-05,2.3968450477696024e-05,0.0,-0.00010226538870483637,0.0,0.0,0.0,0.0,0.0,0.0,0
1785971064,53968429,100.0,-1.7199385801898401,-1.7037213484393519,-1.1327255407916468,-4.617758814488546,-4.890375677739279,0.6930469870567322,0.0,-0.0,2.3968450477696024e-05,2.3968450477696024e-05,0.0,-8.948221511673182e-05,0.0,0.0,0.0,0.0,0.0,0.0,0
1785971064,73971033,100.0,-1.7199624220477503,-1.7037213484393519,-1.1326773802386683,-4.617758814488546,-4.890399638806478,0.6930709481239319,0.0,-0.0,2.3968450477696024e-05,2.3968450477696024e-05,0.0,-8.948221511673182e-05,0.0,0.0,0.0,0.0,0.0,0.0,0
1785971064,93885183,100.0,-1.719926659260885,-1.7037213484393519,-1.1327374617206019,-4.6177348534213465,-4.890412036572592,0.6930350065231323,0.0,-0.0,2.3968450477696024e-05,2.3968450477696024e-05,0.0,-8.948221511673182e-05,0.0,0.0,0.0,0.0,0.0,0.0,0
1785971064,115381479,100.0,-1.7199862639056605,-1.703745190297262,-1.1326897780047815,-4.6177948156939905,-4.890387598668234,0.6930709481239319,0.0,-0.0,2.3968450477696024e-05,2.3968450477696024e-05,0.0,-7.669904152862728e-05,0.0,0.0,0.0,0.0,0.0,0.0,0
1785971064,133907556,100.0,-1.7199385801898401,-1.7037213484393519,-1.1326773802386683,-4.617746893559591,-4.890375677739279,0.6930709481239319,0.0,-0.0,2.3968450477696024e-05,2.3968450477696024e-05,0.0,-7.669904152862728e-05,0.0,0.0,0.0,0.0,0.0,0.0,0
1785971064,153852224,100.0,-1.7199505011187952,-1.703757111226217,-1.1326773802386683,-4.617758814488546,-4.890423957501547,0.6930110454559326,0.0,-0.0,2.3968450477696024e-05,2.3968450477696024e-05,0.0,-7.669904152862728e-05,0.0,0.0,0.0,0.0,0.0,0.0,0
1785971064,173976182,100.0,-1.7199023405658167,-1.7037089506732386,-1.1327255407916468,-4.617758814488546,-4.890447918568746,0.6930709481239319,0.0,-0.0,2.3968450477696024e-05,2.3968450477696024e-05,0.0,-6.391586794052273e-05,0.0,0.0,0.0,0.0,0.0,0.0,0
1785971064,193831920,100.0,-1.7198904196368616,-1.7037089506732386,-1.1327255407916468,-4.617710892354147,-4.890435997639791,0.6930230259895325,0.0,-0.0,2.3968450477696024e-05,2.3968450477696024e-05,0.0,-6.391586794052273e-05,0.0,0.0,0.0,0.0,0.0,0.0,0
1785971064,213881015,100.0,-1.7199385801898401,-1.7037327925311487,-1.1327136198626917,-4.617758814488546,-4.890447918568746,0.6930829286575317,0.0,-0.0,2.3968450477696024e-05,2.3968450477696024e-05,0.0,-6.391586794052273e-05,0.0,0.0,0.0,0.0,0.0,0.0,0
1785971064,234157323,100.0,-1.7199743429767054,-1.7036970297442835,-1.1327016989337366,-4.617758814488546,-4.890423957501547,0.6930829286575317,0.0,-0.0,2.3968450477696024e-05,2.3968450477696024e-05,0.0,-6.391586794052273e-05,0.0,0.0,0.0,0.0,0.0,0.0,0
1785971064,253824949,100.0,-1.7199385801898401,-1.7037809530841272,-1.132749382649557,-4.617770854626791,-4.890423957501547,0.6930469870567322,0.0,-0.0,2.3968450477696024e-05,2.3968450477696024e-05,0.0,-6.391586794052273e-05,0.0,0.0,0.0,0.0,0.0,0.0,0
1785971064,276552438,100.0,-1.7199743429767054,-1.7037690321551722,-1.132749382649557,-4.617710892354147,-4.890447918568746,0.6929870843887329,0.0,-0.0,2.3968450477696024e-05,2.3968450477696024e-05,0.0,-5.1132694352418184e-05,0.0,0.0,0.0,0.0,0.0,0.0,0
1785971064,293791532,100.0,-1.7199624220477503,-1.7037327925311487,-1.1326773802386683,-4.617806855832235,-4.890412036572592,0.6930350065231323,0.0,-0.0,2.3968450477696024e-05,2.3968450477696024e-05,0.0,-5.1132694352418184e-05,0.0,0.0,0.0,0.0,0.0,0.0,0
1785971064,315174341,100.0,-1.7199505011187952,-1.7037089506732386,-1.1327856222735804,-4.6177348534213465,-4.890412036572592,0.6931068897247314,0.0,-0.0,2.3968450477696024e-05,2.3968450477696024e-05,0.0,-5.1132694352418184e-05,0.0,0.0,0.0,0.0,0.0,0.0,0
1785971064,333755493,100.0,-1.7199981848346155,-1.703745190297262,-1.1327374617206019,-4.6177828947650355,-4.890387598668234,0.6930829286575317,0.0,-0.0,2.3968450477696024e-05,2.3968450477696024e-05,0.0,-5.1132694352418184e-05,0.0,0.0,0.0,0.0,0.0,0.0,0
1785971064,354992389,100.0,-1.7199624220477503,-1.7037089506732386,-1.1327374617206019,-4.617770854626791,-4.890387598668234,0.6930230259895325,0.0,-0.0,2.3968450477696024e-05,2.3968450477696024e-05,0.0,-5.1132694352418184e-05,0.0,0.0,0.0,0.0,0.0,0.0,0
1785971064,374107837,100.0,-1.7199505011187952,-1.7037213484393519,-1.1326773802386683,-4.617758814488546,-4.890363637601034,0.6930949091911316,0.0,-0.0,2.3968450477696024e-05,2.3968450477696024e-05,0.0,-5.1132694352418184e-05,0.0,0.0,0.0,0.0,0.0,0.0,0
1785971064,395184278,100.0,-1.7199743429767054,-1.7037089506732386,-1.1327255407916468,-4.617758814488546,-4.890399638806478,0.6930709481239319,0.0,-0.0,2.3968450477696024e-05,2.3968450477696024e-05,0.0,-5.1132694352418184e-05,0.0,0.0,0.0,0.0,0.0,0.0,0
1785971064,413952827,100.0,-1.719926659260885,-1.7037690321551722,-1.1326897780047815,-4.617770854626791,-4.890423957501547,0.693058967590332,0.0,-0.0,2.3968450477696024e-05,2.3968450477696024e-05,0.0,-5.1132694352418184e-05,0.0,0.0,0.0,0.0,0.0,0.0,0
1785971064,435964822,100.0,-1.7199023405658167,-1.7037327925311487,-1.1327255407916468,-4.6177348534213465,-4.890399638806478,0.6930709481239319,0.0,-0.0,2.3968450477696024e-05,2.3968450477696024e-05,0.0,-3.834952076431364e-05,0.0,0.0,0.0,0.0,0.0,0.0,0
1785971064,454230785,100.0,-1.7199385801898401,-1.7037089506732386,-1.1327374617206019,-4.617758814488546,-4.890412036572592,0.6930469870567322,0.0,-0.0,2.3968450477696024e-05,2.3968450477696024e-05,0.0,-3.834952076431364e-05,0.0,0.0,0.0,0.0,0.0,0.0,0
1785971064,473983287,100.0,-1.7199385801898401,-1.7037089506732386,-1.1327255407916468,-4.617722932492391,-4.890423957501547,0.6930230259895325,0.0,-0.0,2.3968450477696024e-05,2.3968450477696024e-05,0.0,-3.834952076431364e-05,0.0,0.0,0.0,0.0,0.0,0.0,0
1785971064,494240283,100.0,-1.7199743429767054,-1.703745190297262,-1.1326659361468714,-4.617746893559591,-4.890423957501547,0.6930829286575317,0.0,-0.0,2.3968450477696024e-05,2.3968450477696024e-05,0.0,-3.834952076431364e-05,0.0,0.0,0.0,0.0,0.0,0.0,0
1785971064,513947725,100.0,-1.7199624220477503,-1.7037690321551722,-1.1327255407916468,-4.617770854626791,-4.890375677739279,0.693058967590332,0.0,-0.0,2.3968450477696024e-05,2.3968450477696024e-05,0.0,-3.834952076431364e-05,0.0,0.0,0.0,0.0,0.0,0.0,0
1785971064,533957481,100.0,-1.7199505011187952,-1.7036970297442835,-1.1327136198626917,-4.617758814488546,-4.890423957501547,0.6930110454559326,0.0,-0.0,2.3968450477696024e-05,2.3968450477696024e-05,0.0,-3.834952076431364e-05,0.0,0.0,0.0,0.0,0.0,0.0,0
1785971064,553986549,100.0,-1.7199505011187952,-1.7037213484393519,-1.1327136198626917,-4.617746893559591,-4.890387598668234,0.6930829286575317,0.0,-0.0,2.3968450477696024e-05,2.3968450477696024e-05,0.0,-3.834952076431364e-05,0.0,0.0,0.0,0.0,0.0,0.0,0
1785971064,574113368,100.0,-1.7199743429767054,-1.7037213484393519,-1.1326659361468714,-4.617758814488546,-4.890375677739279,0.6930230259895325,0.0,-0.0,2.3968450477696024e-05,2.3968450477696024e-05,0.0,-3.834952076431364e-05,0.0,0.0,0.0,0.0,0.0,0.0,0
1785971064,593989849,100.0,-1.7199624220477503,-1.7037327925311487,-1.1326773802386683,-4.617746893559591,-4.890435997639791,0.6930230259895325,0.0,-0.0,2.3968450477696024e-05,2.3968450477696024e-05,0.0,-3.834952076431364e-05,0.0,0.0,0.0,0.0,0.0,0.0,0
1785971064,614319562,100.0,-1.7199505011187952,-1.7036970297442835,-1.1327016989337366,-4.617722932492391,-4.890375677739279,0.6930709481239319,0.0,-0.0,2.3968450477696024e-05,2.3968450477696024e-05,0.0,-3.834952076431364e-05,0.0,0.0,0.0,0.0,0.0,0.0,0
1785971064,634176254,100.0,-1.7199862639056605,-1.703745190297262,-1.1327136198626917,-4.617758814488546,-4.890399638806478,0.6930469870567322,0.0,-0.0,2.3968450477696024e-05,2.3968450477696024e-05,0.0,-3.834952076431364e-05,0.0,0.0,0.0,0.0,0.0,0.0,0
1785971064,653936386,100.0,-1.7199505011187952,-1.7036970297442835,-1.1327016989337366,-4.617758814488546,-4.890412036572592,0.693058967590332,0.0,-0.0,2.3968450477696024e-05,2.3968450477696024e-05,0.0,-3.834952076431364e-05,0.0,0.0,0.0,0.0,0.0,0.0,0
1785971064,674686193,100.0,-1.7199385801898401,-1.7036970297442835,-1.1327136198626917,-4.617770854626791,-4.890375677739279,0.6930709481239319,0.0,-0.0,2.3968450477696024e-05,2.3968450477696024e-05,0.0,-2.5566347176209092e-05,0.0,0.0,0.0,0.0,0.0,0.0,0
1785971064,693946361,100.0,-1.7199385801898401,-1.7037213484393519,-1.1326897780047815,-4.6177828947650355,-4.890435997639791,0.693058967590332,0.0,-0.0,2.3968450477696024e-05,2.3968450477696024e-05,0.0,-2.5566347176209092e-05,0.0,0.0,0.0,0.0,0.0,0.0,0
1785971064,715281724,100.0,-1.719926659260885,-1.7037213484393519,-1.132761303578512,-4.6177348534213465,-4.890399638806478,0.6930709481239319,0.0,-0.0,0.0,2.3968450477696024e-05,0.0,-2.5566347176209092e-05,0.0,0.0,0.0,0.0,0.0,0.0,0
1785971064,733823299,100.0,-1.7199385801898401,-1.7037213484393519,-1.1327374617206019,-4.617758814488546,-4.890435997639791,0.6930469870567322,0.0,-0.0,0.0,2.3968450477696024e-05,0.0,-2.5566347176209092e-05,0.0,0.0,0.0,0.0,0.0,0.0,0
1785971064,753889322,100.0,-1.7199385801898401,-1.703745190297262,-1.1327016989337366,-4.617746893559591,-4.890447918568746,0.693058967590332,0.0,-0.0,0.0,2.3968450477696024e-05,0.0,-2.5566347176209092e-05,0.0,0.0,0.0,0.0,0.0,0.0,0
1785971064,773894071,100.0,-1.7199385801898401,-1.703745190297262,-1.1327255407916468,-4.617710892354147,-4.890435997639791,0.6930350065231323,0.0,-0.0,0.0,2.3968450477696024e-05,0.0,-2.5566347176209092e-05,0.0,0.0,0.0,0.0,0.0,0.0,0
1785971064,794851779,100.0,-1.71991473833193,-1.7037089506732386,-1.1326897780047815,-4.6177828947650355,-4.890375677739279,0.6930829286575317,0.0,-0.0,0.0,2.3968450477696024e-05,0.0,-2.5566347176209092e-05,0.0,0.0,0.0,0.0,0.0,0.0,0
1785971064,813872337,100.0,-1.7199743429767054,-1.7037089506732386,-1.1327136198626917,-4.617758814488546,-4.890447918568746,0.693058967590332,0.0,-0.0,0.0,0.0,0.0,-2.5566347176209092e-05,0.0,0.0,0.0,0.0,0.0,0.0,0
1785971064,834631204,100.0,-1.719926659260885,-1.7037213484393519,-1.1327136198626917,-4.617746893559591,-4.890412036572592,0.6930110454559326,0.0,-0.0,0.0,0.0,0.0,-2.5566347176209092e-05,0.0,0.0,0.0,0.0,0.0,0.0,0
1785971064,853844404,100.0,-1.7199624220477503,-1.703745190297262,-1.132761303578512,-4.617770854626791,-4.890399638806478,0.6930469870567322,0.0,-0.0,0.0,0.0,0.0,-2.5566347176209092e-05,0.0,0.0,0.0,0.0,0.0,0.0,0
1785971064,875018596,100.0,-1.7199743429767054,-1.703757111226217,-1.1327255407916468,-4.617758814488546,-4.890447918568746,0.6930709481239319,0.0,-0.0,0.0,0.0,0.0,-2.5566347176209092e-05,0.0,0.0,0.0,0.0,0.0,0.0,0
1785971064,893795728,100.0,-1.7199624220477503,-1.703745190297262,-1.1326897780047815,-4.617722932492391,-4.890423957501547,0.693058967590332,0.0,-0.0,0.0,0.0,0.0,-2.5566347176209092e-05,0.0,0.0,0.0,0.0,0.0,0.0,0
1785971064,914532184,100.0,-1.7199385801898401,-1.7037327925311487,-1.1327374617206019,-4.617746893559591,-4.890399638806478,0.6930230259895325,0.0,-0.0,0.0,0.0,0.0,-2.5566347176209092e-05,0.0,0.0,0.0,0.0,0.0,0.0,0
1785971064,933863162,100.0,-1.7199385801898401,-1.7037089506732386,-1.1327255407916468,-4.6177348534213465,-4.890399638806478,0.693058967590332,0.0,-0.0,0.0,0.0,0.0,-2.5566347176209092e-05,0.0,0.0,0.0,0.0,0.0,0.0,0
1785971064,954645156,100.0,-1.7199981848346155,-1.7037327925311487,-1.1327374617206019,-4.617770854626791,-4.890435997639791,0.6930829286575317,0.0,-0.0,0.0,0.0,0.0,-2.5566347176209092e-05,0.0,0.0,0.0,0.0,0.0,0.0,0
1785971064,973894357,100.0,-1.7199385801898401,-1.7036851088153284,-1.1326773802386683,-4.6177828947650355,-4.890423957501547,0.6930110454559326,0.0,-0.0,0.0,0.0,0.0,-2.5566347176209092e-05,0.0,0.0,0.0,0.0,0.0,0.0,0
1785971064,994564771,100.0,-1.7199385801898401,-1.7037213484393519,-1.1327016989337366,-4.6177828947650355,-4.890387598668234,0.6930469870567322,0.0,-0.0,0.0,0.0,0.0,-2.5566347176209092e-05,0.0,0.0,0.0,0.0,0.0,0.0,0
1785971065,13838291,100.0,-1.7199505011187952,-1.703757111226217,-1.1327136198626917,-4.617758814488546,-4.890447918568746,0.693058967590332,0.0,-0.0,0.0,0.0,0.0,-2.5566347176209092e-05,0.0,0.0,0.0,0.0,0.0,0.0,0
1785971065,34485816,100.0,-1.7199743429767054,-1.7037213484393519,-1.1327255407916468,-4.617758814488546,-4.890435997639791,0.693058967590332,0.0,-0.0,0.0,0.0,0.0,-2.5566347176209092e-05,0.0,0.0,0.0,0.0,0.0,0.0,0
1785971065,53898811,100.0,-1.719926659260885,-1.7037089506732386,-1.132749382649557,-4.617758814488546,-4.890435997639791,0.6930110454559326,0.0,-0.0,0.0,0.0,0.0,-2.5566347176209092e-05,0.0,0.0,0.0,0.0,0.0,0.0,0
1785971065,74914216,100.0,-1.7199743429767054,-1.7037089506732386,-1.1327374617206019,-4.617770854626791,-4.890447918568746,0.6930709481239319,0.0,-0.0,0.0,0.0,0.0,-2.5566347176209092e-05,0.0,0.0,0.0,0.0,0.0,0.0,0
1785971065,93818902,100.0,-1.7199862639056605,-1.7036731878863733,-1.132761303578512,-4.6177828947650355,-4.890435997639791,0.693058967590332,0.0,-0.0,0.0,0.0,0.0,-2.5566347176209092e-05,0.0,0.0,0.0,0.0,0.0,0.0,0
1785971065,114527463,100.0,-1.7199505011187952,-1.7037213484393519,-1.1327136198626917,-4.6177828947650355,-4.890387598668234,0.6930110454559326,0.0,-0.0,0.0,0.0,0.0,-2.5566347176209092e-05,0.0,0.0,0.0,0.0,0.0,0.0,0
1785971065,133871316,100.0,-1.719926659260885,-1.7036970297442835,-1.1326773802386683,-4.617710892354147,-4.890387598668234,0.6930949091911316,0.0,-0.0,0.0,0.0,0.0,-2.5566347176209092e-05,0.0,0.0,0.0,0.0,0.0,0.0,0
1785971065,154668092,100.0,-1.7199385801898401,-1.7036851088153284,-1.1327255407916468,-4.617758814488546,-4.890423957501547,0.6930469870567322,0.0,-0.0,0.0,0.0,0.0,-1.2783173588104546e-05,0.0,0.0,0.0,0.0,0.0,0.0,0
1785971065,173901319,100.0,-1.7198904196368616,-1.7037327925311487,-1.1327255407916468,-4.617758814488546,-4.890435997639791,0.6930350065231323,0.0,-0.0,0.0,0.0,0.0,-1.2783173588104546e-05,0.0,0.0,0.0,0.0,0.0,0.0,0
1785971065,194683551,100.0,-1.7199505011187952,-1.7037213484393519,-1.1327136198626917,-4.6177348534213465,-4.890412036572592,0.6930829286575317,0.0,-0.0,0.0,0.0,0.0,-1.2783173588104546e-05,0.0,0.0,0.0,0.0,0.0,0.0,0
1785971065,213811397,100.0,-1.7199385801898401,-1.7037690321551722,-1.1327255407916468,-4.617746893559591,-4.890412036572592,0.6930949091911316,0.0,-0.0,0.0,0.0,0.0,-1.2783173588104546e-05,0.0,0.0,0.0,0.0,0.0,0.0,0
1785971065,234842777,100.0,-1.7199385801898401,-1.7037213484393519,-1.1326773802386683,-4.617758814488546,-4.890435997639791,0.6930469870567322,0.0,-0.0,0.0,0.0,0.0,-1.2783173588104546e-05,0.0,0.0,0.0,0.0,0.0,0.0,0
1785971065,253831863,100.0,-1.7199385801898401,-1.7037690321551722,-1.1326773802386683,-4.617758814488546,-4.890399638806478,0.6930469870567322,0.0,-0.0,0.0,0.0,0.0,-1.2783173588104546e-05,0.0,0.0,0.0,0.0,0.0,0.0,0
1785971065,275093317,100.0,-1.7199624220477503,-1.703745190297262,-1.1327374617206019,-4.617722932492391,-4.890399638806478,0.6930350065231323,0.0,-0.0,0.0,0.0,0.0,-1.2783173588104546e-05,0.0,0.0,0.0,0.0,0.0,0.0,0
1785971065,293879747,100.0,-1.7199743429767054,-1.7036970297442835,-1.1326773802386683,-4.6177348534213465,-4.890412036572592,0.6930350065231323,0.0,-0.0,0.0,0.0,0.0,-1.2783173588104546e-05,0.0,0.0,0.0,0.0,0.0,0.0,0
1785971065,314475536,100.0,-1.7199505011187952,-1.703745190297262,-1.1326897780047815,-4.617722932492391,-4.890435997639791,0.6930469870567322,0.0,-0.0,0.0,0.0,0.0,-1.2783173588104546e-05,0.0,0.0,0.0,0.0,0.0,0.0,0
1785971065,333920001,100.0,-1.7199385801898401,-1.7037327925311487,-1.1327136198626917,-4.617770854626791,-4.890435997639791,0.6930469870567322,0.0,-0.0,0.0,0.0,0.0,-1.2783173588104546e-05,0.0,0.0,0.0,0.0,0.0,0.0,0
1785971065,354618310,100.0,-1.7198904196368616,-1.7037089506732386,-1.1327374617206019,-4.617758814488546,-4.890423957501547,0.6930829286575317,0.0,-0.0,0.0,0.0,0.0,-1.2783173588104546e-05,0.0,0.0,0.0,0.0,0.0,0.0,0
1785971065,373840570,100.0,-1.7199624220477503,-1.7037327925311487,-1.1327374617206019,-4.617722932492391,-4.890399638806478,0.6930350065231323,0.0,-0.0,0.0,0.0,0.0,-1.2783173588104546e-05,0.0,0.0,0.0,0.0,0.0,0.0,0
1785971065,394692420,100.0,-1.7199981848346155,-1.7037089506732386,-1.1327374617206019,-4.617746893559591,-4.890399638806478,0.6930829286575317,0.0,-0.0,0.0,0.0,0.0,-1.2783173588104546e-05,0.0,0.0,0.0,0.0,0.0,0.0,0
1785971065,413830995,100.0,-1.7199385801898401,-1.7037213484393519,-1.1327016989337366,-4.617710892354147,-4.890435997639791,0.693058967590332,0.0,-0.0,0.0,0.0,0.0,-1.2783173588104546e-05,0.0,0.0,0.0,0.0,0.0,0.0,0
1785971065,434383630,100.0,-1.7200105826007288,-1.703757111226217,-1.1326897780047815,-4.617722932492391,-4.890447918568746,0.6930350065231323,0.0,-0.0,0.0,0.0,0.0,-1.2783173588104546e-05,0.0,0.0,0.0,0.0,0.0,0.0,0
1785971065,453846216,100.0,-1.7199385801898401,-1.7037213484393519,-1.1327374617206019,-4.617722932492391,-4.890399638806478,0.6930230259895325,0.0,-0.0,0.0,0.0,0.0,-1.2783173588104546e-05,0.0,0.0,0.0,0.0,0.0,0.0,0
1785971065,474715471,100.0,-1.7199862639056605,-1.703757111226217,-1.1327136198626917,-4.617698971425192,-4.890423957501547,0.6930230259895325,0.0,-0.0,0.0,0.0,0.0,-1.2783173588104546e-05,0.0,0.0,0.0,0.0,0.0,0.0,0
1785971065,493808984,100.0,-1.7199981848346155,-1.7037089506732386,-1.1327374617206019,-4.617770854626791,-4.890387598668234,0.693058967590332,0.0,-0.0,0.0,0.0,0.0,-1.2783173588104546e-05,0.0,0.0,0.0,0.0,0.0,0.0,0
1785971065,514463186,100.0,-1.7199624220477503,-1.7036731878863733,-1.1326659361468714,-4.617710892354147,-4.890387598668234,0.6930110454559326,0.0,-0.0,0.0,0.0,0.0,-1.2783173588104546e-05,0.0,0.0,0.0,0.0,0.0,0.0,0
1785971065,533830404,100.0,-1.7199862639056605,-1.7036970297442835,-1.1327136198626917,-4.6177348534213465,-4.890423957501547,0.6929990649223328,0.0,-0.0,0.0,0.0,0.0,-1.2783173588104546e-05,0.0,0.0,0.0,0.0,0.0,0.0,0
1785971065,554447412,100.0,-1.7199023405658167,-1.7037327925311487,-1.1326540152179163,-4.6177828947650355,-4.890387598668234,0.6930829286575317,0.0,-0.0,0.0,0.0,0.0,-1.2783173588104546e-05,0.0,0.0,0.0,0.0,0.0,0.0,0
1785971065,573885440,100.0,-1.7199981848346155,-1.703757111226217,-1.1326773802386683,-4.617746893559591,-4.890412036572592,0.6930469870567322,0.0,-0.0,0.0,0.0,0.0,-1.2783173588104546e-05,0.0,0.0,0.0,0.0,0.0,0.0,0
1785971065,594445228,100.0,-1.7199862639056605,-1.7037213484393519,-1.1327255407916468,-4.617746893559591,-4.890375677739279,0.6929990649223328,0.0,-0.0,0.0,0.0,0.0,-1.2783173588104546e-05,0.0,0.0,0.0,0.0,0.0,0.0,0
1785971065,613821029,100.0,-1.7199743429767054,-1.7037809530841272,-1.1327255407916468,-4.6177348534213465,-4.890387598668234,0.6930829286575317,0.0,-0.0,0.0,0.0,0.0,-1.2783173588104546e-05,0.0,0.0,0.0,0.0,0.0,0.0,0
1785971065,634474039,100.0,-1.7199624220477503,-1.7037089506732386,-1.1327136198626917,-4.6177828947650355,-4.890375677739279,0.6930829286575317,0.0,-0.0,0.0,0.0,0.0,-1.2783173588104546e-05,0.0,0.0,0.0,0.0,0.0,0.0,0
1785971065,653878927,100.0,-1.7199624220477503,-1.7037089506732386,-1.1327136198626917,-4.617770854626791,-4.890423957501547,0.6930230259895325,0.0,-0.0,0.0,0.0,0.0,-1.2783173588104546e-05,0.0,0.0,0.0,0.0,0.0,0.0,0
1785971065,675304889,100.0,-1.7199385801898401,-1.7037089506732386,-1.132749382649557,-4.617758814488546,-4.890412036572592,0.6930709481239319,0.0,-0.0,0.0,0.0,0.0,-1.2783173588104546e-05,0.0,0.0,0.0,0.0,0.0,0.0,0
1785971065,693762063,100.0,-1.7199743429767054,-1.703745190297262,-1.1327374617206019,-4.6177348534213465,-4.890375677739279,0.6930469870567322,0.0,-0.0,0.0,0.0,0.0,-1.2783173588104546e-05,0.0,0.0,0.0,0.0,0.0,0.0,0
1785971065,714604854,100.0,-1.719926659260885,-1.703745190297262,-1.1326773802386683,-4.617770854626791,-4.890435997639791,0.6930709481239319,0.0,-0.0,0.0,0.0,0.0,-1.2783173588104546e-05,0.0,0.0,0.0,0.0,0.0,0.0,0
1785971065,733807802,100.0,-1.7199624220477503,-1.7037690321551722,-1.1327374617206019,-4.6177828947650355,-4.890399638806478,0.6930949091911316,0.0,-0.0,0.0,0.0,0.0,-1.2783173588104546e-05,0.0,0.0,0.0,0.0,0.0,0.0,0
1785971065,754575967,100.0,-1.7199743429767054,-1.7036851088153284,-1.1327255407916468,-4.617722932492391,-4.890435997639791,0.6930350065231323,0.0,-0.0,0.0,0.0,0.0,-1.2783173588104546e-05,0.0,0.0,0.0,0.0,0.0,0.0,0
1785971065,773826599,100.0,-1.7199505011187952,-1.7037327925311487,-1.1327016989337366,-4.617722932492391,-4.890423957501547,0.693058967590332,0.0,-0.0,0.0,0.0,0.0,-1.2783173588104546e-05,0.0,0.0,0.0,0.0,0.0,0.0,0
1785971065,794447183,100.0,-1.71991473833193,-1.703745190297262,-1.1327136198626917,-4.6177348534213465,-4.890375677739279,0.6930829286575317,0.0,-0.0,0.0,0.0,0.0,-1.2783173588104546e-05,0.0,0.0,0.0,0.0,0.0,0.0,0
1785971065,813809156,100.0,-1.7199505011187952,-1.703745190297262,-1.132749382649557,-4.6177828947650355,-4.890399638806478,0.6930230259895325,0.0,-0.0,0.0,0.0,0.0,-1.2783173588104546e-05,0.0,0.0,0.0,0.0,0.0,0.0,0
1785971065,834567308,100.0,-1.7199743429767054,-1.7036612669574183,-1.1327136198626917,-4.617770854626791,-4.890375677739279,0.6930829286575317,0.0,-0.0,0.0,0.0,0.0,-1.2783173588104546e-05,0.0,0.0,0.0,0.0,0.0,0.0,0
1785971065,853891849,100.0,-1.7199624220477503,-1.7036970297442835,-1.1326659361468714,-4.617758814488546,-4.890423957501547,0.6930350065231323,0.0,-0.0,0.0,0.0,0.0,-1.2783173588104546e-05,0.0,0.0,0.0,0.0,0.0,0.0,0
1785971065,874965190,100.0,-1.71991473833193,-1.7037928740130823,-1.1327255407916468,-4.6177348534213465,-4.890423957501547,0.6930350065231323,0.0,-0.0,0.0,0.0,0.0,-1.2783173588104546e-05,0.0,0.0,0.0,0.0,0.0,0.0,0
1785971065,893843173,100.0,-1.7199862639056605,-1.7036851088153284,-1.132749382649557,-4.617746893559591,-4.890399638806478,0.6929990649223328,0.0,-0.0,0.0,0.0,0.0,-1.2783173588104546e-05,0.0,0.0,0.0,0.0,0.0,0.0,0
1785971065,914690732,100.0,-1.719926659260885,-1.703745190297262,-1.1326773802386683,-4.617710892354147,-4.890387598668234,0.6930230259895325,0.0,-0.0,0.0,0.0,0.0,-1.2783173588104546e-05,0.0,0.0,0.0,0.0,0.0,0.0,0
1785971065,933916330,100.0,-1.7199385801898401,-1.7037089506732386,-1.1327016989337366,-4.617722932492391,-4.890387598668234,0.6930230259895325,0.0,-0.0,0.0,0.0,0.0,-1.2783173588104546e-05,0.0,0.0,0.0,0.0,0.0,0.0,0
1785971065,954758405,100.0,-1.7199505011187952,-1.703757111226217,-1.132749382649557,-4.6177948156939905,-4.890412036572592,0.6930230259895325,0.0,-0.0,0.0,0.0,0.0,-1.2783173588104546e-05,0.0,0.0,0.0,0.0,0.0,0.0,0
1785971065,973871707,100.0,-1.7199624220477503,-1.703745190297262,-1.1326659361468714,-4.6177948156939905,-4.890412036572592,0.6929990649223328,0.0,-0.0,0.0,0.0,0.0,-1.2783173588104546e-05,0.0,0.0,0.0,0.0,0.0,0.0,0
1785971065,994425535,100.0,-1.719926659260885,-1.703745190297262,-1.1327016989337366,-4.6177348534213465,-4.890435997639791,0.693058967590332,0.0,-0.0,0.0,0.0,0.0,-1.2783173588104546e-05,0.0,0.0,0.0,0.0,0.0,0.0,0
1785971066,13827323,100.0,-1.7199385801898401,-1.703745190297262,-1.1327255407916468,-4.6177828947650355,-4.890412036572592,0.6930350065231323,0.0,-0.0,0.0,0.0,0.0,-1.2783173588104546e-05,0.0,0.0,0.0,0.0,0.0,0.0,0
1785971066,34837245,100.0,-1.7199624220477503,-1.703745190297262,-1.1327255407916468,-4.617746893559591,-4.890447918568746,0.6930230259895325,0.0,-0.0,0.0,0.0,0.0,-1.2783173588104546e-05,0.0,0.0,0.0,0.0,0.0,0.0,0
1785971066,54216861,100.0,-1.7199862639056605,-1.703757111226217,-1.1327016989337366,-4.617758814488546,-4.890423957501547,0.6930350065231323,0.0,-0.0,0.0,0.0,0.0,-1.2783173588104546e-05,0.0,0.0,0.0,0.0,0.0,0.0,0
1785971066,74654102,100.0,-1.7199624220477503,-1.7037213484393519,-1.1326773802386683,-4.617770854626791,-4.890435997639791,0.6930829286575317,0.0,-0.0,0.0,0.0,0.0,-1.2783173588104546e-05,0.0,0.0,0.0,0.0,0.0,0.0,0
1785971066,93823194,100.0,-1.7199743429767054,-1.703757111226217,-1.1327255407916468,-4.6177948156939905,-4.890399638806478,0.6930230259895325,0.0,-0.0,0.0,0.0,0.0,-1.2783173588104546e-05,0.0,0.0,0.0,0.0,0.0,0.0,0
1785971066,114573240,100.0,-1.7198904196368616,-1.7037327925311487,-1.1327136198626917,-4.6177828947650355,-4.890375677739279,0.6930709481239319,0.0,-0.0,0.0,0.0,0.0,-1.2783173588104546e-05,0.0,0.0,0.0,0.0,0.0,0.0,0
1785971066,133863210,100.0,-1.7199743429767054,-1.7037690321551722,-1.1327255407916468,-4.617686931286947,-4.890399638806478,0.6930230259895325,0.0,-0.0,0.0,0.0,0.0,-1.2783173588104546e-05,0.0,0.0,0.0,0.0,0.0,0.0,0
1785971066,154529333,100.0,-1.719926659260885,-1.7037690321551722,-1.132749382649557,-4.617758814488546,-4.890399638806478,0.6930709481239319,0.0,-0.0,0.0,0.0,0.0,-1.2783173588104546e-05,0.0,0.0,0.0,0.0,0.0,0.0,0
1785971066,173885107,100.0,-1.7199624220477503,-1.7037213484393519,-1.132749382649557,-4.6177348534213465,-4.890399638806478,0.6930469870567322,0.0,-0.0,0.0,0.0,0.0,-1.2783173588104546e-05,0.0,0.0,0.0,0.0,0.0,0.0,0
1785971066,194812059,100.0,-1.7199385801898401,-1.703757111226217,-1.1327255407916468,-4.617770854626791,-4.890387598668234,0.693058967590332,0.0,-0.0,0.0,0.0,0.0,-1.2783173588104546e-05,0.0,0.0,0.0,0.0,0.0,0.0,0
1785971066,213836431,100.0,-1.7199624220477503,-1.703757111226217,-1.1327374617206019,-4.617746893559591,-4.890447918568746,0.6930469870567322,0.0,-0.0,0.0,0.0,0.0,-1.2783173588104546e-05,0.0,0.0,0.0,0.0,0.0,0.0,0
1785971066,235237121,100.0,-1.7199743429767054,-1.7037327925311487,-1.1327374617206019,-4.617758814488546,-4.890412036572592,0.6930829286575317,0.0,-0.0,0.0,0.0,0.0,-1.2783173588104546e-05,0.0,0.0,0.0,0.0,0.0,0.0,0
1785971066,253837585,100.0,-1.7199505011187952,-1.7037327925311487,-1.1327374617206019,-4.617770854626791,-4.890387598668234,0.6930709481239319,0.0,-0.0,0.0,0.0,0.0,-1.2783173588104546e-05,0.0,0.0,0.0,0.0,0.0,0.0,0
1785971066,274862527,100.0,-1.7199624220477503,-1.7037213484393519,-1.1327136198626917,-4.617758814488546,-4.890423957501547,0.6930110454559326,0.0,-0.0,0.0,0.0,0.0,-1.2783173588104546e-05,0.0,0.0,0.0,0.0,0.0,0.0,0
1785971066,293843984,100.0,-1.7199862639056605,-1.7037690321551722,-1.1327136198626917,-4.617746893559591,-4.890399638806478,0.6930469870567322,0.0,-0.0,0.0,0.0,0.0,-1.2783173588104546e-05,0.0,0.0,0.0,0.0,0.0,0.0,0
1785971066,314743280,100.0,-1.7199385801898401,-1.703745190297262,-1.1327016989337366,-4.617758814488546,-4.890412036572592,0.6930709481239319,0.0,-0.0,0.0,0.0,0.0,-1.2783173588104546e-05,0.0,0.0,0.0,0.0,0.0,0.0,0
1785971066,333860158,100.0,-1.7199385801898401,-1.703745190297262,-1.132749382649557,-4.617758814488546,-4.890447918568746,0.6929990649223328,0.0,-0.0,0.0,0.0,0.0,-1.2783173588104546e-05,0.0,0.0,0.0,0.0,0.0,0.0,0
1785971066,354718208,100.0,-1.7199385801898401,-1.7036970297442835,-1.1327016989337366,-4.617770854626791,-4.890412036572592,0.6930949091911316,0.0,-0.0,0.0,0.0,0.0,-1.2783173588104546e-05,0.0,0.0,0.0,0.0,0.0,0.0,0
1785971066,374259471,100.0,-1.719926659260885,-1.7037089506732386,-1.1327136198626917,-4.617722932492391,-4.890423957501547,0.693058967590332,0.0,-0.0,0.0,0.0,0.0,-1.2783173588104546e-05,0.0,0.0,0.0,0.0,0.0,0.0,0
1785971066,394678115,100.0,-1.719926659260885,-1.7037690321551722,-1.1327255407916468,-4.617758814488546,-4.890435997639791,0.6930949091911316,0.0,-0.0,0.0,0.0,0.0,-1.2783173588104546e-05,0.0,0.0,0.0,0.0,0.0,0.0,0
1785971066,413841724,100.0,-1.7199385801898401,-1.7037690321551722,-1.1326540152179163,-4.617722932492391,-4.890423957501547,0.6930350065231323,0.0,-0.0,0.0,0.0,0.0,-1.2783173588104546e-05,0.0,0.0,0.0,0.0,0.0,0.0,0
1785971066,434579133,100.0,-1.7199743429767054,-1.703757111226217,-1.1327136198626917,-4.6177348534213465,-4.890399638806478,0.6930350065231323,0.0,-0.0,0.0,0.0,0.0,-1.2783173588104546e-05,0.0,0.0,0.0,0.0,0.0,0.0,0
1785971066,453838586,100.0,-1.7199981848346155,-1.7037089506732386,-1.1326897780047815,-4.617710892354147,-4.890471879635946,0.6930110454559326,0.0,-0.0,0.0,0.0,0.0,-1.2783173588104546e-05,0.0,0.0,0.0,0.0,0.0,0.0,0
1785971066,474869489,100.0,-1.71991473833193,-1.703757111226217,-1.1327136198626917,-4.6177348534213465,-4.890423957501547,0.6930469870567322,0.0,-0.0,0.0,0.0,0.0,-1.2783173588104546e-05,0.0,0.0,0.0,0.0,0.0,0.0,0
1785971066,493813037,100.0,-1.71991473833193,-1.7037213484393519,-1.1327374617206019,-4.617758814488546,-4.890399638806478,0.6930829286575317,0.0,-0.0,0.0,0.0,0.0,-1.2783173588104546e-05,0.0,0.0,0.0,0.0,0.0,0.0,0
1785971066,514541864,100.0,-1.719926659260885,-1.703745190297262,-1.1327374617206019,-4.617758814488546,-4.890399638806478,0.6930469870567322,0.0,-0.0,0.0,0.0,0.0,-1.2783173588104546e-05,0.0,0.0,0.0,0.0,0.0,0.0,0
1785971066,533839702,100.0,-1.7199385801898401,-1.7037327925311487,-1.1327136198626917,-4.617746893559591,-4.890435997639791,0.6930709481239319,0.0,-0.0,0.0,0.0,0.0,-1.2783173588104546e-05,0.0,0.0,0.0,0.0,0.0,0.0,0
1785971066,554731607,100.0,-1.7199862639056605,-1.7037089506732386,-1.1326897780047815,-4.617746893559591,-4.890435997639791,0.6930350065231323,0.0,-0.0,0.0,0.0,0.0,-1.2783173588104546e-05,0.0,0.0,0.0,0.0,0.0,0.0,0
1785971066,573899507,100.0,-1.7199862639056605,-1.7037327925311487,-1.1327255407916468,-4.617770854626791,-4.890423957501547,0.6930709481239319,0.0,-0.0,0.0,0.0,0.0,-1.2783173588104546e-05,0.0,0.0,0.0,0.0,0.0,0.0,0
1785971066,594577074,100.0,-1.7199385801898401,-1.7037809530841272,-1.1326773802386683,-4.617746893559591,-4.890435997639791,0.6930350065231323,0.0,-0.0,0.0,0.0,0.0,-1.2783173588104546e-05,0.0,0.0,0.0,0.0,0.0,0.0,0
1785971066,613872289,100.0,-1.7199023405658167,-1.7036970297442835,-1.1327016989337366,-4.617710892354147,-4.890412036572592,0.6930709481239319,0.0,-0.0,0.0,0.0,0.0,-1.2783173588104546e-05,0.0,0.0,0.0,0.0,0.0,0.0,0
1785971066,634637117,100.0,-1.7199624220477503,-1.7036970297442835,-1.1326897780047815,-4.6177828947650355,-4.890423957501547,0.6930350065231323,0.0,-0.0,0.0,0.0,0.0,0.0,0.0,0.0,0.0,0.0,0.0,0.0,0
1785971066,653842926,100.0,-1.7199743429767054,-1.7037213484393519,-1.1327255407916468,-4.617758814488546,-4.890435997639791,0.6930709481239319,0.0,-0.0,0.0,0.0,0.0,0.0,0.0,0.0,0.0,0.0,0.0,0.0,0
1785971066,675328254,100.0,-1.7199505011187952,-1.7037327925311487,-1.132749382649557,-4.617758814488546,-4.890423957501547,0.6930110454559326,0.0,-0.0,0.0,0.0,0.0,0.0,0.0,0.0,0.0,0.0,0.0,0.0,0
1785971066,693942546,100.0,-1.71991473833193,-1.7038052717791956,-1.132749382649557,-4.6177948156939905,-4.890435997639791,0.693058967590332,0.0,-0.0,0.0,0.0,0.0,0.0,0.0,0.0,0.0,0.0,0.0,0.0,0
1785971066,714533090,100.0,-1.7199385801898401,-1.7037928740130823,-1.1327016989337366,-4.617770854626791,-4.890387598668234,0.6930350065231323,0.0,-0.0,0.0,0.0,0.0,0.0,0.0,0.0,0.0,0.0,0.0,0.0,0
1785971066,733813047,100.0,-1.719926659260885,-1.703757111226217,-1.1326659361468714,-4.6177948156939905,-4.890363637601034,0.693058967590332,0.0,-0.0,0.0,0.0,0.0,0.0,0.0,0.0,0.0,0.0,0.0,0.0,0
1785971066,753780364,100.0,-1.7199385801898401,-1.7037089506732386,-1.132749382649557,-4.617746893559591,-4.890423957501547,0.6930709481239319,0.0,-0.0,0.0,0.0,0.0,0.0,0.0,0.0,0.0,0.0,0.0,0.0,0
1785971066,773844003,100.0,-1.719926659260885,-1.7037213484393519,-1.1326659361468714,-4.617758814488546,-4.890423957501547,0.693058967590332,0.0,-0.0,0.0,0.0,0.0,0.0,0.0,0.0,0.0,0.0,0.0,0.0,0
1785971066,793861389,100.0,-1.7199385801898401,-1.7037213484393519,-1.1326897780047815,-4.6177348534213465,-4.890412036572592,0.6930350065231323,0.0,-0.0,0.0,0.0,0.0,0.0,0.0,0.0,0.0,0.0,0.0,0.0,0
1785971066,813881158,100.0,-1.7199624220477503,-1.7037213484393519,-1.132749382649557,-4.617710892354147,-4.890447918568746,0.6930469870567322,0.0,-0.0,0.0,0.0,0.0,0.0,0.0,0.0,0.0,0.0,0.0,0.0,0
1785971066,834409952,100.0,-1.7199385801898401,-1.7036851088153284,-1.1327016989337366,-4.6177948156939905,-4.890363637601034,0.6930350065231323,0.0,-0.0,0.0,0.0,0.0,0.0,0.0,0.0,0.0,0.0,0.0,0.0,0
1785971066,853877544,100.0,-1.7199624220477503,-1.7037690321551722,-1.1327016989337366,-4.617746893559591,-4.890375677739279,0.6930709481239319,0.0,-0.0,0.0,0.0,0.0,0.0,0.0,0.0,0.0,0.0,0.0,0.0,0
1785971066,875033378,100.0,-1.7199624220477503,-1.7037327925311487,-1.1327255407916468,-4.6177348534213465,-4.890447918568746,0.6930709481239319,0.0,-0.0,0.0,0.0,0.0,0.0,0.0,0.0,0.0,0.0,0.0,0.0,0
1785971066,893779277,100.0,-1.7199743429767054,-1.703745190297262,-1.1327255407916468,-4.617758814488546,-4.890435997639791,0.6930469870567322,0.0,-0.0,0.0,0.0,0.0,0.0,0.0,0.0,0.0,0.0,0.0,0.0,0
1785971066,914693355,100.0,-1.71991473833193,-1.7037327925311487,-1.1327136198626917,-4.6177348534213465,-4.890387598668234,0.6930469870567322,0.0,-0.0,0.0,0.0,0.0,0.0,0.0,0.0,0.0,0.0,0.0,0.0,0
1785971066,933874130,100.0,-1.7199385801898401,-1.7037327925311487,-1.1327255407916468,-4.6177348534213465,-4.890399638806478,0.6930230259895325,0.0,-0.0,0.0,0.0,0.0,0.0,0.0,0.0,0.0,0.0,0.0,0.0,0
1785971066,954643487,100.0,-1.7199862639056605,-1.7036970297442835,-1.1326773802386683,-4.6177828947650355,-4.890423957501547,0.6930469870567322,0.0,-0.0,0.0,0.0,0.0,0.0,0.0,0.0,0.0,0.0,0.0,0.0,0
1785971066,973901510,100.0,-1.7199505011187952,-1.703757111226217,-1.1327255407916468,-4.6177828947650355,-4.890423957501547,0.6931068897247314,0.0,-0.0,0.0,0.0,0.0,0.0,0.0,0.0,0.0,0.0,0.0,0.0,0
1785971066,994899511,100.0,-1.719926659260885,-1.7037213484393519,-1.1327255407916468,-4.617770854626791,-4.890459958706991,0.693058967590332,0.0,-0.0,0.0,0.0,0.0,0.0,0.0,0.0,0.0,0.0,0.0,0.0,0
1785971067,13926982,100.0,-1.7199505011187952,-1.7037327925311487,-1.1326897780047815,-4.617722932492391,-4.890412036572592,0.6930469870567322,0.0,-0.0,0.0,0.0,0.0,0.0,0.0,0.0,0.0,0.0,0.0,0.0,0
1785971067,34781217,100.0,-1.7199385801898401,-1.7038052717791956,-1.1326773802386683,-4.6177348534213465,-4.890435997639791,0.6930110454559326,0.0,-0.0,0.0,0.0,0.0,0.0,0.0,0.0,0.0,0.0,0.0,0.0,0
1785971067,53842544,100.0,-1.7199624220477503,-1.7037213484393519,-1.1327016989337366,-4.617698971425192,-4.890399638806478,0.6930709481239319,0.0,-0.0,0.0,0.0,0.0,0.0,0.0,0.0,0.0,0.0,0.0,0.0,0
1785971067,75274944,100.0,-1.719926659260885,-1.7037089506732386,-1.132749382649557,-4.6177828947650355,-4.890435997639791,0.6930829286575317,0.0,-0.0,0.0,0.0,0.0,0.0,0.0,0.0,0.0,0.0,0.0,0.0,0
1785971067,93925714,100.0,-1.7199385801898401,-1.7037809530841272,-1.1327255407916468,-4.6177348534213465,-4.890447918568746,0.6930709481239319,0.0,-0.0,0.0,0.0,0.0,0.0,0.0,0.0,0.0,0.0,0.0,0.0,0
1785971067,114604234,100.0,-1.7199862639056605,-1.7036851088153284,-1.1326897780047815,-4.6177828947650355,-4.890423957501547,0.6930230259895325,0.0,-0.0,0.0,0.0,0.0,0.0,0.0,0.0,0.0,0.0,0.0,0.0,0
1785971067,134286642,100.0,-1.7199743429767054,-1.703745190297262,-1.1326773802386683,-4.6177348534213465,-4.890423957501547,0.6930230259895325,0.0,-0.0,0.0,0.0,0.0,0.0,0.0,0.0,0.0,0.0,0.0,0.0,0
1785971067,154576778,100.0,-1.7199743429767054,-1.7037327925311487,-1.1327016989337366,-4.6177348534213465,-4.890423957501547,0.6930709481239319,0.0,-0.0,0.0,0.0,0.0,0.0,0.0,0.0,0.0,0.0,0.0,0.0,0
1785971067,173847436,100.0,-1.71991473833193,-1.7036970297442835,-1.1326773802386683,-4.617722932492391,-4.890387598668234,0.6930709481239319,0.0,-0.0,0.0,0.0,0.0,0.0,0.0,0.0,0.0,0.0,0.0,0.0,0
1785971067,194561958,100.0,-1.7199624220477503,-1.7037213484393519,-1.1326773802386683,-4.6177948156939905,-4.890412036572592,0.6930350065231323,0.0,-0.0,0.0,0.0,0.0,0.0,0.0,0.0,0.0,0.0,0.0,0.0,0
1785971067,213881492,100.0,-1.7199385801898401,-1.7037327925311487,-1.1327374617206019,-4.617758814488546,-4.890423957501547,0.6930709481239319,0.0,-0.0,0.0,0.0,0.0,0.0,0.0,0.0,0.0,0.0,0.0,0.0,0
1785971067,234671115,100.0,-1.7199505011187952,-1.7036970297442835,-1.1327255407916468,-4.617746893559591,-4.890412036572592,0.6930709481239319,0.0,-0.0,0.0,0.0,0.0,0.0,0.0,0.0,0.0,0.0,0.0,0.0,0
1785971067,253912687,100.0,-1.7199505011187952,-1.703745190297262,-1.1327016989337366,-4.617758814488546,-4.890412036572592,0.6930230259895325,0.0,-0.0,0.0,0.0,0.0,0.0,0.0,0.0,0.0,0.0,0.0,0.0,0
1785971067,274677753,100.0,-1.7199624220477503,-1.7037809530841272,-1.132749382649557,-4.6177348534213465,-4.890387598668234,0.6930110454559326,0.0,-0.0,0.0,0.0,0.0,0.0,0.0,0.0,0.0,0.0,0.0,0.0,0
1785971067,293864250,100.0,-1.7199385801898401,-1.7037213484393519,-1.1327374617206019,-4.6177348534213465,-4.890412036572592,0.6930709481239319,0.0,-0.0,0.0,0.0,0.0,0.0,0.0,0.0,0.0,0.0,0.0,0.0,0
1785971067,314516782,100.0,-1.7199505011187952,-1.7037213484393519,-1.132749382649557,-4.6177828947650355,-4.890423957501547,0.6930829286575317,0.0,-0.0,0.0,0.0,0.0,0.0,0.0,0.0,0.0,0.0,0.0,0.0,0
1785971067,334013700,100.0,-1.7200105826007288,-1.7037690321551722,-1.1327374617206019,-4.617722932492391,-4.890447918568746,0.6930949091911316,0.0,-0.0,0.0,0.0,0.0,0.0,0.0,0.0,0.0,0.0,0.0,0.0,0
1785971067,354656696,100.0,-1.7199862639056605,-1.7036970297442835,-1.1327016989337366,-4.617770854626791,-4.890399638806478,0.6929990649223328,0.0,-0.0,0.0,0.0,0.0,0.0,0.0,0.0,0.0,0.0,0.0,0.0,0
1785971067,373940229,100.0,-1.7199624220477503,-1.7037809530841272,-1.1327136198626917,-4.617758814488546,-4.890387598668234,0.6930230259895325,0.0,-0.0,0.0,0.0,0.0,0.0,0.0,0.0,0.0,0.0,0.0,0.0,0
1785971067,394669055,100.0,-1.7199023405658167,-1.7037213484393519,-1.1326897780047815,-4.617746893559591,-4.890423957501547,0.6930230259895325,0.0,-0.0,0.0,0.0,0.0,0.0,0.0,0.0,0.0,0.0,0.0,0.0,0
1785971067,413859367,100.0,-1.7199385801898401,-1.7037089506732386,-1.1327016989337366,-4.617806855832235,-4.890435997639791,0.6930709481239319,0.0,-0.0,0.0,0.0,0.0,0.0,0.0,0.0,0.0,0.0,0.0,0.0,0
1785971067,434581279,100.0,-1.7199505011187952,-1.7037089506732386,-1.1327136198626917,-4.617770854626791,-4.890435997639791,0.6930709481239319,0.0,-0.0,0.0,0.0,0.0,0.0,0.0,0.0,0.0,0.0,0.0,0.0,0
1785971067,453903913,100.0,-1.71991473833193,-1.7037690321551722,-1.1327255407916468,-4.617746893559591,-4.890447918568746,0.6930469870567322,0.0,-0.0,0.0,0.0,0.0,0.0,0.0,0.0,0.0,0.0,0.0,0.0,0
1785971067,475333452,100.0,-1.7199743429767054,-1.7037327925311487,-1.1327016989337366,-4.617722932492391,-4.890423957501547,0.6930469870567322,0.0,-0.0,0.0,0.0,0.0,0.0,0.0,0.0,0.0,0.0,0.0,0.0,0
1785971067,494036674,100.0,-1.7199505011187952,-1.7037327925311487,-1.1326897780047815,-4.617770854626791,-4.890412036572592,0.6930110454559326,0.0,-0.0,0.0,0.0,0.0,0.0,0.0,0.0,0.0,0.0,0.0,0.0,0
1785971067,515029668,100.0,-1.7199624220477503,-1.7037690321551722,-1.1327255407916468,-4.617770854626791,-4.890423957501547,0.6930709481239319,0.0,-0.0,0.0,0.0,0.0,0.0,0.0,0.0,0.0,0.0,0.0,0.0,0
1785971067,534159660,100.0,-1.7199385801898401,-1.7036970297442835,-1.1327374617206019,-4.617722932492391,-4.890459958706991,0.6930350065231323,0.0,-0.0,0.0,0.0,0.0,0.0,0.0,0.0,0.0,0.0,0.0,0.0,0
1785971067,554979801,100.0,-1.7199505011187952,-1.7037690321551722,-1.1327136198626917,-4.6177348534213465,-4.890412036572592,0.693058967590332,0.0,-0.0,0.0,0.0,0.0,0.0,0.0,0.0,0.0,0.0,0.0,0.0,0
1785971067,573972702,100.0,-1.7199505011187952,-1.7037809530841272,-1.1327255407916468,-4.617770854626791,-4.890412036572592,0.6929870843887329,0.0,-0.0,0.0,0.0,0.0,0.0,0.0,0.0,0.0,0.0,0.0,0.0,0
1785971067,594987630,100.0,-1.7199743429767054,-1.703757111226217,-1.1327255407916468,-4.617758814488546,-4.890412036572592,0.6930949091911316,0.0,-0.0,0.0,0.0,0.0,0.0,0.0,0.0,0.0,0.0,0.0,0.0,0
1785971067,614261388,100.0,-1.7199743429767054,-1.7037089506732386,-1.1327374617206019,-4.617758814488546,-4.890435997639791,0.6931068897247314,0.0,-0.0,0.0,0.0,0.0,0.0,0.0,0.0,0.0,0.0,0.0,0.0,0
1785971067,635027170,100.0,-1.7199385801898401,-1.7037327925311487,-1.1327374617206019,-4.617746893559591,-4.890387598668234,0.6930350065231323,0.0,-0.0,0.0,0.0,0.0,0.0,0.0,0.0,0.0,0.0,0.0,0.0,0
1785971067,654242992,100.0,-1.7199385801898401,-1.7036970297442835,-1.1327016989337366,-4.6177348534213465,-4.890447918568746,0.6930350065231323,0.0,-0.0,0.0,0.0,0.0,0.0,0.0,0.0,0.0,0.0,0.0,0.0,0
1785971067,675308465,100.0,-1.7199624220477503,-1.7037327925311487,-1.1326420942889612,-4.617770854626791,-4.890412036572592,0.6930709481239319,0.0,-0.0,0.0,0.0,0.0,0.0,0.0,0.0,0.0,0.0,0.0,0.0,0
1785971067,693949222,100.0,-1.719926659260885,-1.7037213484393519,-1.1326659361468714,-4.617758814488546,-4.890375677739279,0.6930949091911316,0.0,-0.0,0.0,0.0,0.0,0.0,0.0,0.0,0.0,0.0,0.0,0.0,0
1785971067,715063571,100.0,-1.719926659260885,-1.7037327925311487,-1.1327136198626917,-4.6177348534213465,-4.890459958706991,0.6930350065231323,0.0,-0.0,0.0,0.0,0.0,0.0,0.0,0.0,0.0,0.0,0.0,0.0,0
1785971067,733769178,100.0,-1.7199624220477503,-1.703745190297262,-1.1327255407916468,-4.617710892354147,-4.890387598668234,0.6930709481239319,0.0,-0.0,0.0,0.0,0.0,0.0,0.0,0.0,0.0,0.0,0.0,0.0,0
1785971067,754981040,100.0,-1.7199862639056605,-1.7036970297442835,-1.1327016989337366,-4.617722932492391,-4.890363637601034,0.6930230259895325,0.0,-0.0,0.0,0.0,0.0,0.0,0.0,0.0,0.0,0.0,0.0,0.0,0
1785971067,773946523,100.0,-1.7199743429767054,-1.7037327925311487,-1.1327016989337366,-4.617746893559591,-4.890412036572592,0.6930110454559326,0.0,-0.0,0.0,0.0,0.0,0.0,0.0,0.0,0.0,0.0,0.0,0.0,0
1785971067,795180797,100.0,-1.7199505011187952,-1.703757111226217,-1.1327136198626917,-4.6177348534213465,-4.890447918568746,0.6930469870567322,0.0,-0.0,0.0,0.0,0.0,0.0,0.0,0.0,0.0,0.0,0.0,0.0,0
1785971067,814208269,100.0,-1.7199862639056605,-1.7037089506732386,-1.1327136198626917,-4.6177348534213465,-4.890387598668234,0.6930829286575317,0.0,-0.0,0.0,0.0,0.0,0.0,0.0,0.0,0.0,0.0,0.0,0.0,0
1785971067,835036277,100.0,-1.7199981848346155,-1.703745190297262,-1.1327136198626917,-4.6177348534213465,-4.890399638806478,0.6930949091911316,0.0,-0.0,0.0,0.0,0.0,0.0,0.0,0.0,0.0,0.0,0.0,0.0,0
1785971067,853994607,100.0,-1.7199981848346155,-1.7037327925311487,-1.1326773802386683,-4.617758814488546,-4.890387598668234,0.6930469870567322,0.0,-0.0,0.0,0.0,0.0,0.0,0.0,0.0,0.0,0.0,0.0,0.0,0
1785971067,875676631,100.0,-1.7200225035296839,-1.7037089506732386,-1.1327016989337366,-4.6177348534213465,-4.890447918568746,0.693058967590332,0.0,-0.0,0.0,0.0,0.0,0.0,0.0,0.0,0.0,0.0,0.0,0.0,0
1785971067,893814563,100.0,-1.7199385801898401,-1.703745190297262,-1.1327136198626917,-4.617758814488546,-4.890412036572592,0.6930829286575317,0.0,-0.0,0.0,0.0,0.0,0.0,0.0,0.0,0.0,0.0,0.0,0.0,0
1785971067,915313243,100.0,-1.7199743429767054,-1.703745190297262,-1.1327136198626917,-4.617770854626791,-4.890447918568746,0.6930709481239319,0.0,-0.0,0.0,0.0,0.0,0.0,0.0,0.0,0.0,0.0,0.0,0.0,0
1785971067,933928251,100.0,-1.7199505011187952,-1.7037213484393519,-1.1326773802386683,-4.6177828947650355,-4.890412036572592,0.6930350065231323,0.0,-0.0,0.0,0.0,0.0,0.0,0.0,0.0,0.0,0.0,0.0,0.0,0
1785971067,965660095,100.0,-1.7199505011187952,-1.7037213484393519,-1.1326773802386683,-4.6177828947650355,-4.890412036572592,0.6930350065231323,0.0,-0.0,0.0,0.0,0.0,0.0,0.0,0.0,0.0,0.0,0.0,0.0,0
1785971067,973928451,100.0,-1.7199505011187952,-1.7037213484393519,-1.1326773802386683,-4.6177828947650355,-4.890412036572592,0.6930350065231323,0.0,-0.0,0.0,0.0,0.0,0.0,0.0,0.0,0.0,0.0,0.0,0.0,0
1785971067,994975090,100.0,-1.7199624220477503,-1.7036970297442835,-1.1326897780047815,-4.6177828947650355,-4.890435997639791,0.6930469870567322,0.0,-0.0,0.0,0.0,0.0,0.0,0.0,0.0,0.0,0.0,0.0,0.0,0
1785971068,14365434,100.0,-1.7199624220477503,-1.7037213484393519,-1.132749382649557,-4.617806855832235,-4.890399638806478,0.6930709481239319,0.0,-0.0,0.0,0.0,0.0,0.0,0.0,0.0,0.0,0.0,0.0,0.0,0
1785971068,33989191,100.0,-1.7199624220477503,-1.7037213484393519,-1.132761303578512,-4.6177828947650355,-4.890435997639791,0.6931068897247314,0.0,-0.0,0.0,0.0,0.0,0.0,0.0,0.0,0.0,0.0,0.0,0.0,0
1785971068,53900003,100.0,-1.7199624220477503,-1.7037089506732386,-1.1327374617206019,-4.617722932492391,-4.890423957501547,0.6930469870567322,0.0,-0.0,0.0,0.0,0.0,0.0,0.0,0.0,0.0,0.0,0.0,0.0,0
1785971068,73944091,100.0,-1.7199624220477503,-1.7037089506732386,-1.1327374617206019,-4.617722932492391,-4.890423957501547,0.6930469870567322,0.0,-0.0,0.0,0.0,0.0,0.0,0.0,0.0,0.0,0.0,0.0,0.0,0
1785971068,94051122,100.0,-1.7200105826007288,-1.7036970297442835,-1.1327016989337366,-4.6177348534213465,-4.890423957501547,0.6930350065231323,0.0,-0.0,0.0,0.0,0.0,0.0,0.0,0.0,0.0,0.0,0.0,0.0,0
1785971068,113986968,100.0,-1.7199624220477503,-1.7037213484393519,-1.1327136198626917,-4.617722932492391,-4.890447918568746,0.6930230259895325,0.0,-0.0,0.0,0.0,0.0,0.0,0.0,0.0,0.0,0.0,0.0,0.0,0
1785971068,133890628,100.0,-1.7199624220477503,-1.7037809530841272,-1.1327255407916468,-4.6177948156939905,-4.890399638806478,0.6930469870567322,0.0,-0.0,0.0,0.0,0.0,0.0,0.0,0.0,0.0,0.0,0.0,0.0,0
1785971068,153919458,100.0,-1.7199862639056605,-1.7037213484393519,-1.1327016989337366,-4.617710892354147,-4.890387598668234,0.6930709481239319,0.0,-0.0,0.0,0.0,0.0,0.0,0.0,0.0,0.0,0.0,0.0,0.0,0
1785971068,173942089,100.0,-1.7199624220477503,-1.703757111226217,-1.1327374617206019,-4.617770854626791,-4.890412036572592,0.6930469870567322,0.0,-0.0,0.0,0.0,0.0,0.0,0.0,0.0,0.0,0.0,0.0,0.0,0
1785971068,194589138,100.0,-1.7199505011187952,-1.7037690321551722,-1.1327136198626917,-4.6177348534213465,-4.890412036572592,0.6930230259895325,0.0,-0.0,0.0,0.0,0.0,0.0,0.0,0.0,0.0,0.0,0.0,0.0,0
1785971068,213858842,100.0,-1.7199505011187952,-1.703757111226217,-1.1327016989337366,-4.617710892354147,-4.890399638806478,0.6930829286575317,0.0,-0.0,0.0,0.0,0.0,0.0,0.0,0.0,0.0,0.0,0.0,0.0,0
1785971068,233865976,100.0,-1.7199624220477503,-1.7036851088153284,-1.1326897780047815,-4.617806855832235,-4.890399638806478,0.6930230259895325,0.0,-0.0,0.0,0.0,0.0,0.0,0.0,0.0,0.0,0.0,0.0,0.0,0
1785971068,253890514,100.0,-1.7199505011187952,-1.7037327925311487,-1.132749382649557,-4.617746893559591,-4.890399638806478,0.6930230259895325,0.0,-0.0,0.0,0.0,0.0,0.0,0.0,0.0,0.0,0.0,0.0,0.0,0
1785971068,273862838,100.0,-1.7199743429767054,-1.7037213484393519,-1.1327016989337366,-4.617770854626791,-4.890435997639791,0.6930829286575317,0.0,-0.0,0.0,0.0,0.0,0.0,0.0,0.0,0.0,0.0,0.0,0.0,0
1785971068,293892860,100.0,-1.7199981848346155,-1.703757111226217,-1.1327255407916468,-4.617806855832235,-4.890412036572592,0.6930469870567322,0.0,-0.0,0.0,0.0,0.0,0.0,0.0,0.0,0.0,0.0,0.0,0.0,0
1785971068,314356803,100.0,-1.7199505011187952,-1.7036970297442835,-1.1326773802386683,-4.6177348534213465,-4.890412036572592,0.6930469870567322,0.0,-0.0,0.0,0.0,0.0,0.0,0.0,0.0,0.0,0.0,0.0,0.0,0
1785971068,334042787,100.0,-1.7199505011187952,-1.7037327925311487,-1.1327374617206019,-4.617722932492391,-4.890435997639791,0.6930709481239319,0.0,-0.0,0.0,0.0,0.0,0.0,0.0,0.0,0.0,0.0,0.0,0.0,0
1785971068,354475021,100.0,-1.7199505011187952,-1.703757111226217,-1.1326659361468714,-4.617806855832235,-4.890387598668234,0.693058967590332,0.0,-0.0,0.0,0.0,0.0,0.0,0.0,0.0,0.0,0.0,0.0,0.0,0
1785971068,373871326,100.0,-1.7199505011187952,-1.703757111226217,-1.1326659361468714,-4.617806855832235,-4.890387598668234,0.693058967590332,0.0,-0.0,0.0,0.0,0.0,0.0,0.0,0.0,0.0,0.0,0.0,0.0,0
1785971068,394067764,100.0,-1.719926659260885,-1.7037213484393519,-1.1327255407916468,-4.617758814488546,-4.890412036572592,0.6930350065231323,0.0,-0.0,0.0,0.0,0.0,0.0,0.0,0.0,0.0,0.0,0.0,0.0,0
1785971068,413971662,100.0,-1.7199624220477503,-1.7037213484393519,-1.1327016989337366,-4.617770854626791,-4.890435997639791,0.6930709481239319,0.0,-0.0,0.0,0.0,0.0,0.0,0.0,0.0,0.0,0.0,0.0,0.0,0
1785971068,434850454,100.0,-1.7199862639056605,-1.7037690321551722,-1.1327255407916468,-4.617746893559591,-4.890412036572592,0.6930350065231323,0.0,-0.0,0.0,0.0,0.0,0.0,0.0,0.0,0.0,0.0,0.0,0.0,0
1785971068,453879117,100.0,-1.7199743429767054,-1.7037327925311487,-1.1327255407916468,-4.6177348534213465,-4.890423957501547,0.6929990649223328,0.0,-0.0,0.0,0.0,0.0,0.0,0.0,0.0,0.0,0.0,0.0,0.0,0
1785971068,474870204,100.0,-1.719926659260885,-1.7037327925311487,-1.1327016989337366,-4.617758814488546,-4.890423957501547,0.6931068897247314,0.0,-0.0,0.0,0.0,0.0,0.0,0.0,0.0,0.0,0.0,0.0,0.0,0
1785971068,493872880,100.0,-1.719926659260885,-1.7037690321551722,-1.1327255407916468,-4.6177348534213465,-4.890399638806478,0.693058967590332,0.0,-0.0,0.0,0.0,0.0,0.0,0.0,0.0,0.0,0.0,0.0,0.0,0
1785971068,515347242,100.0,-1.7199743429767054,-1.7037089506732386,-1.132749382649557,-4.6177828947650355,-4.890363637601034,0.6930469870567322,0.0,-0.0,0.0,0.0,0.0,0.0,0.0,0.0,0.0,0.0,0.0,0.0,0
1785971068,534007072,100.0,-1.7199981848346155,-1.703757111226217,-1.1326773802386683,-4.617770854626791,-4.890447918568746,0.6930949091911316,0.0,-0.0,0.0,0.0,0.0,0.0,0.0,0.0,0.0,0.0,0.0,0.0,0
1785971068,554474592,100.0,-1.7199981848346155,-1.7037089506732386,-1.1326897780047815,-4.6177828947650355,-4.890447918568746,0.6930230259895325,0.0,-0.0,0.0,0.0,0.0,0.0,0.0,0.0,0.0,0.0,0.0,0.0,0
1785971068,573999643,100.0,-1.719926659260885,-1.7037213484393519,-1.1326897780047815,-4.617770854626791,-4.890387598668234,0.6930829286575317,0.0,-0.0,0.0,0.0,0.0,0.0,0.0,0.0,0.0,0.0,0.0,0.0,0
1785971068,595429897,100.0,-1.7199862639056605,-1.703757111226217,-1.1327255407916468,-4.617746893559591,-4.890423957501547,0.6930469870567322,0.0,-0.0,0.0,0.0,0.0,0.0,0.0,0.0,0.0,0.0,0.0,0.0,0
1785971068,613946199,100.0,-1.719926659260885,-1.7036851088153284,-1.1327374617206019,-4.617758814488546,-4.890399638806478,0.6930350065231323,0.0,-0.0,0.0,0.0,0.0,0.0,0.0,0.0,0.0,0.0,0.0,0.0,0
1785971068,634617567,100.0,-1.7199505011187952,-1.703757111226217,-1.1327255407916468,-4.617758814488546,-4.890387598668234,0.6930230259895325,0.0,-0.0,0.0,0.0,0.0,0.0,0.0,0.0,0.0,0.0,0.0,0.0,0
1785971068,653981447,100.0,-1.7199505011187952,-1.7037327925311487,-1.1327374617206019,-4.6177828947650355,-4.890375677739279,0.6930709481239319,0.0,-0.0,0.0,0.0,0.0,0.0,0.0,0.0,0.0,0.0,0.0,0.0,0
1785971068,675152540,100.0,-1.7199505011187952,-1.7037213484393519,-1.1326897780047815,-4.617746893559591,-4.890412036572592,0.6930469870567322,0.0,-0.0,0.0,0.0,0.0,0.0,0.0,0.0,0.0,0.0,0.0,0.0,0
1785971068,693857908,100.0,-1.7199505011187952,-1.7036851088153284,-1.132749382649557,-4.6177348534213465,-4.890412036572592,0.693058967590332,0.0,-0.0,0.0,0.0,0.0,0.0,0.0,0.0,0.0,0.0,0.0,0.0,0
1785971068,714748382,100.0,-1.7199505011187952,-1.703745190297262,-1.1327374617206019,-4.617746893559591,-4.890387598668234,0.6930469870567322,0.0,-0.0,0.0,0.0,0.0,0.0,0.0,0.0,0.0,0.0,0.0,0.0,0
1785971068,734085083,100.0,-1.7199624220477503,-1.7037690321551722,-1.1327136198626917,-4.617770854626791,-4.890435997639791,0.6930230259895325,0.0,-0.0,0.0,0.0,0.0,0.0,0.0,0.0,0.0,0.0,0.0,0.0,0
1785971068,754653930,100.0,-1.7199505011187952,-1.703757111226217,-1.1326773802386683,-4.6177828947650355,-4.890412036572592,0.6930230259895325,0.0,-0.0,0.0,0.0,0.0,0.0,0.0,0.0,0.0,0.0,0.0,0.0,0
1785971068,773922920,100.0,-1.7199743429767054,-1.7037089506732386,-1.1327374617206019,-4.617758814488546,-4.890399638806478,0.6930350065231323,0.0,-0.0,0.0,0.0,0.0,0.0,0.0,0.0,0.0,0.0,0.0,0.0,0
1785971068,794612884,100.0,-1.7199981848346155,-1.7036731878863733,-1.1327136198626917,-4.6177348534213465,-4.890387598668234,0.6930829286575317,0.0,-0.0,0.0,0.0,0.0,0.0,0.0,0.0,0.0,0.0,0.0,0.0,0
1785971068,813875913,100.0,-1.7199743429767054,-1.7037213484393519,-1.132749382649557,-4.617758814488546,-4.890375677739279,0.6930469870567322,0.0,-0.0,0.0,0.0,0.0,0.0,0.0,0.0,0.0,0.0,0.0,0.0,0
1785971068,834836244,100.0,-1.7199981848346155,-1.7036851088153284,-1.1327374617206019,-4.6177348534213465,-4.890387598668234,0.6930469870567322,0.0,-0.0,0.0,0.0,0.0,0.0,0.0,0.0,0.0,0.0,0.0,0.0,0
1785971068,853909730,100.0,-1.7199624220477503,-1.703745190297262,-1.1327255407916468,-4.617710892354147,-4.890447918568746,0.6930709481239319,0.0,-0.0,0.0,0.0,0.0,0.0,0.0,0.0,0.0,0.0,0.0,0.0,0
1785971068,875021934,100.0,-1.7199624220477503,-1.7037089506732386,-1.1326773802386683,-4.6177348534213465,-4.890447918568746,0.6930350065231323,0.0,-0.0,0.0,0.0,0.0,0.0,0.0,0.0,0.0,0.0,0.0,0.0,0
1785971068,893884181,100.0,-1.7199862639056605,-1.7037809530841272,-1.1326773802386683,-4.617770854626791,-4.890412036572592,0.6930829286575317,0.0,-0.0,0.0,0.0,0.0,0.0,0.0,0.0,0.0,0.0,0.0,0.0,0
1785971068,914698839,100.0,-1.7199743429767054,-1.7037089506732386,-1.1327136198626917,-4.617746893559591,-4.890423957501547,0.6930230259895325,0.0,-0.0,0.0,0.0,0.0,0.0,0.0,0.0,0.0,0.0,0.0,0.0,0
1785971068,933845996,100.0,-1.7199624220477503,-1.7037327925311487,-1.132761303578512,-4.617770854626791,-4.890387598668234,0.6930709481239319,0.0,-0.0,0.0,0.0,0.0,0.0,0.0,0.0,0.0,0.0,0.0,0.0,0
1785971068,954219341,100.0,-1.7199743429767054,-1.703745190297262,-1.1327255407916468,-4.6177348534213465,-4.890423957501547,0.6930469870567322,0.0,-0.0,0.0,0.0,0.0,0.0,0.0,0.0,0.0,0.0,0.0,0.0,0
1785971068,974209308,100.0,-1.7199385801898401,-1.703757111226217,-1.1326897780047815,-4.6177348534213465,-4.890423957501547,0.693058967590332,0.0,-0.0,0.0,0.0,0.0,0.0,0.0,0.0,0.0,0.0,0.0,0.0,0
1785971068,994739532,100.0,-1.7199624220477503,-1.7036851088153284,-1.132749382649557,-4.6177828947650355,-4.890399638806478,0.6930469870567322,0.0,-0.0,0.0,0.0,0.0,0.0,0.0,0.0,0.0,0.0,0.0,0.0,0
1785971069,13909339,100.0,-1.7199981848346155,-1.703757111226217,-1.1327016989337366,-4.617758814488546,-4.890435997639791,0.693058967590332,0.0,-0.0,0.0,0.0,0.0,0.0,0.0,0.0,0.0,0.0,0.0,0.0,0
1785971069,33931255,100.0,-1.7199505011187952,-1.7036970297442835,-1.1327374617206019,-4.617746893559591,-4.890447918568746,0.6930709481239319,0.0,-0.0,0.0,0.0,0.0,0.0,0.0,0.0,0.0,0.0,0.0,0.0,0
1785971069,53943872,100.0,-1.7200105826007288,-1.7036970297442835,-1.1326897780047815,-4.6177948156939905,-4.890412036572592,0.6930709481239319,0.0,-0.0,0.0,0.0,0.0,0.0,0.0,0.0,0.0,0.0,0.0,0.0,0
1785971069,73964595,100.0,-1.7199385801898401,-1.7037089506732386,-1.1327374617206019,-4.617770854626791,-4.890387598668234,0.693058967590332,0.0,-0.0,0.0,0.0,0.0,0.0,0.0,0.0,0.0,0.0,0.0,0.0,0
1785971069,94106912,100.0,-1.7199862639056605,-1.7037690321551722,-1.1327374617206019,-4.6177348534213465,-4.890412036572592,0.6930709481239319,0.0,-0.0,0.0,0.0,0.0,0.0,0.0,0.0,0.0,0.0,0.0,0.0,0
1785971069,113969802,100.0,-1.7199624220477503,-1.703745190297262,-1.1327255407916468,-4.6177948156939905,-4.890399638806478,0.6930230259895325,0.0,-0.0,0.0,0.0,0.0,0.0,0.0,0.0,0.0,0.0,0.0,0.0,0
1785971069,133947610,100.0,-1.7199505011187952,-1.7037690321551722,-1.132749382649557,-4.617746893559591,-4.890447918568746,0.6930709481239319,0.0,-0.0,0.0,0.0,0.0,0.0,0.0,0.0,0.0,0.0,0.0,0.0,0
1785971069,154081344,100.0,-1.7199743429767054,-1.7038167158709925,-1.1327136198626917,-4.617770854626791,-4.890423957501547,0.6930230259895325,0.0,-0.0,0.0,0.0,0.0,0.0,0.0,0.0,0.0,0.0,0.0,0.0,0
1785971069,173951148,100.0,-1.7199743429767054,-1.7037327925311487,-1.1327016989337366,-4.6177828947650355,-4.890447918568746,0.6930829286575317,0.0,-0.0,0.0,0.0,0.0,0.0,0.0,0.0,0.0,0.0,0.0,0.0,0
1785971069,193941593,100.0,-1.7199624220477503,-1.7037690321551722,-1.1326897780047815,-4.617746893559591,-4.890447918568746,0.6930949091911316,0.0,-0.0,0.0,0.0,0.0,0.0,0.0,0.0,0.0,0.0,0.0,0.0,0
1785971069,214113712,100.0,-1.7199743429767054,-1.703757111226217,-1.1327374617206019,-4.617722932492391,-4.890387598668234,0.693058967590332,0.0,-0.0,0.0,0.0,0.0,0.0,0.0,0.0,0.0,0.0,0.0,0.0,0
1785971069,233985424,100.0,-1.719926659260885,-1.7036970297442835,-1.1327136198626917,-4.617722932492391,-4.890447918568746,0.6930469870567322,0.0,-0.0,0.0,0.0,0.0,0.0,0.0,0.0,0.0,0.0,0.0,0.0,0
1785971069,253920555,100.0,-1.7199023405658167,-1.7037690321551722,-1.1326773802386683,-4.6177348534213465,-4.890412036572592,0.6930469870567322,0.0,-0.0,0.0,0.0,0.0,0.0,0.0,0.0,0.0,0.0,0.0,0.0,0
1785971069,273940324,100.0,-1.7199505011187952,-1.7036851088153284,-1.132761303578512,-4.6177348534213465,-4.890399638806478,0.693058967590332,0.0,-0.0,0.0,0.0,0.0,0.0,0.0,0.0,0.0,0.0,0.0,0.0,0
1785971069,293916702,100.0,-1.7199624220477503,-1.7037690321551722,-1.1327255407916468,-4.617758814488546,-4.890435997639791,0.693058967590332,0.0,-0.0,0.0,0.0,0.0,0.0,0.0,0.0,0.0,0.0,0.0,0.0,0
1785971069,313915252,100.0,-1.7199624220477503,-1.703745190297262,-1.1327136198626917,-4.6177828947650355,-4.890423957501547,0.6930949091911316,0.0,-0.0,0.0,0.0,0.0,0.0,0.0,0.0,0.0,0.0,0.0,0.0,0
1785971069,333968400,100.0,-1.7199624220477503,-1.703745190297262,-1.1327374617206019,-4.617698971425192,-4.890423957501547,0.6930709481239319,0.0,-0.0,0.0,0.0,0.0,0.0,0.0,0.0,0.0,0.0,0.0,0.0,0
1785971069,355094432,100.0,-1.7199862639056605,-1.7038052717791956,-1.132749382649557,-4.61781877676119,-4.890412036572592,0.6930949091911316,0.0,-0.0,0.0,0.0,0.0,0.0,0.0,0.0,0.0,0.0,0.0,0.0,0
1785971069,373966217,100.0,-1.7199743429767054,-1.7037213484393519,-1.1327374617206019,-4.617746893559591,-4.890399638806478,0.6930469870567322,0.0,-0.0,0.0,0.0,0.0,0.0,0.0,0.0,0.0,0.0,0.0,0.0,0
1785971069,393797159,100.0,-1.7199624220477503,-1.7037213484393519,-1.1327374617206019,-4.617806855832235,-4.890435997639791,0.693058967590332,0.0,-0.0,0.0,0.0,0.0,0.0,0.0,0.0,0.0,0.0,0.0,0.0,0
1785971069,413871526,100.0,-1.7199505011187952,-1.703757111226217,-1.1326773802386683,-4.617758814488546,-4.890423957501547,0.693058967590332,0.0,-0.0,0.0,0.0,0.0,0.0,0.0,0.0,0.0,0.0,0.0,0.0,0
1785971069,434907674,100.0,-1.7199505011187952,-1.7037089506732386,-1.1327136198626917,-4.6177828947650355,-4.890387598668234,0.6930469870567322,0.0,-0.0,0.0,0.0,0.0,0.0,0.0,0.0,0.0,0.0,0.0,0.0,0
1785971069,453916311,100.0,-1.7199385801898401,-1.7037327925311487,-1.1326897780047815,-4.6177828947650355,-4.890412036572592,0.693058967590332,0.0,-0.0,0.0,0.0,0.0,0.0,0.0,0.0,0.0,0.0,0.0,0.0,0
1785971069,475082159,100.0,-1.7199624220477503,-1.7037327925311487,-1.1327255407916468,-4.617770854626791,-4.890399638806478,0.693058967590332,0.0,-0.0,0.0,0.0,0.0,0.0,0.0,0.0,0.0,0.0,0.0,0.0,0
1785971069,493806123,100.0,-1.7199624220477503,-1.7037690321551722,-1.1327255407916468,-4.6177948156939905,-4.890387598668234,0.6930829286575317,0.0,-0.0,0.0,0.0,0.0,0.0,0.0,0.0,0.0,0.0,0.0,0.0,0
1785971069,515054225,100.0,-1.7199743429767054,-1.7036970297442835,-1.1327255407916468,-4.6177348534213465,-4.890435997639791,0.6930469870567322,0.0,-0.0,0.0,0.0,0.0,0.0,0.0,0.0,0.0,0.0,0.0,0.0,0
1785971069,533948421,100.0,-1.7199862639056605,-1.7037213484393519,-1.1327136198626917,-4.617770854626791,-4.890412036572592,0.6930350065231323,0.0,-0.0,0.0,0.0,0.0,0.0,0.0,0.0,0.0,0.0,0.0,0.0,0
1785971069,554945468,100.0,-1.7199862639056605,-1.7037213484393519,-1.1327016989337366,-4.6177828947650355,-4.890423957501547,0.6930350065231323,0.0,-0.0,0.0,0.0,0.0,0.0,0.0,0.0,0.0,0.0,0.0,0.0,0
1785971069,573985338,100.0,-1.7199505011187952,-1.7037213484393519,-1.1326897780047815,-4.617758814488546,-4.890423957501547,0.6930949091911316,0.0,-0.0,0.0,0.0,0.0,0.0,0.0,0.0,0.0,0.0,0.0,0.0,0
1785971069,595375537,100.0,-1.71991473833193,-1.7036970297442835,-1.1327016989337366,-4.617746893559591,-4.890447918568746,0.6930230259895325,0.0,-0.0,0.0,0.0,0.0,0.0,0.0,0.0,0.0,0.0,0.0,0.0,0
1785971069,613859415,100.0,-1.7199862639056605,-1.703757111226217,-1.1327016989337366,-4.617722932492391,-4.890387598668234,0.6930110454559326,0.0,-0.0,0.0,0.0,0.0,0.0,0.0,0.0,0.0,0.0,0.0,0.0,0
1785971069,635040044,100.0,-1.7199505011187952,-1.7037089506732386,-1.1327016989337366,-4.6177348534213465,-4.890412036572592,0.6930230259895325,0.0,-0.0,0.0,0.0,0.0,0.0,0.0,0.0,0.0,0.0,0.0,0.0,0
1785971069,653927087,100.0,-1.7199862639056605,-1.7036731878863733,-1.1326773802386683,-4.617722932492391,-4.890447918568746,0.6930350065231323,0.0,-0.0,0.0,0.0,0.0,0.0,0.0,0.0,0.0,0.0,0.0,0.0,0
1785971069,675536155,100.0,-1.7200105826007288,-1.7037327925311487,-1.132749382649557,-4.6177348534213465,-4.890423957501547,0.693058967590332,0.0,-0.0,0.0,0.0,0.0,0.0,0.0,0.0,0.0,0.0,0.0,0.0,0
1785971069,693807601,100.0,-1.7200105826007288,-1.7037213484393519,-1.132749382649557,-4.617770854626791,-4.890435997639791,0.693058967590332,0.0,-0.0,0.0,0.0,0.0,0.0,0.0,0.0,0.0,0.0,0.0,0.0,0
1785971069,715056180,100.0,-1.7199862639056605,-1.703757111226217,-1.1327136198626917,-4.617770854626791,-4.890435997639791,0.6930230259895325,0.0,-0.0,0.0,0.0,0.0,0.0,0.0,0.0,0.0,0.0,0.0,0.0,0
1785971069,733923435,100.0,-1.7199385801898401,-1.7037213484393519,-1.1327016989337366,-4.617722932492391,-4.890423957501547,0.6930350065231323,0.0,-0.0,0.0,0.0,0.0,0.0,0.0,0.0,0.0,0.0,0.0,0.0,0
1785971069,754790306,100.0,-1.7199385801898401,-1.7037089506732386,-1.1326773802386683,-4.617746893559591,-4.890399638806478,0.6930469870567322,0.0,-0.0,0.0,0.0,0.0,0.0,0.0,0.0,0.0,0.0,0.0,0.0,0
1785971069,774016141,100.0,-1.7199505011187952,-1.7038052717791956,-1.1327374617206019,-4.6177828947650355,-4.890435997639791,0.693058967590332,0.0,-0.0,0.0,0.0,0.0,0.0,0.0,0.0,0.0,0.0,0.0,0.0,0
1785971069,795217037,100.0,-1.719926659260885,-1.7037327925311487,-1.1326897780047815,-4.617710892354147,-4.890435997639791,0.6930230259895325,0.0,-0.0,0.0,0.0,0.0,0.0,0.0,0.0,0.0,0.0,0.0,0.0,0
1785971069,813885927,100.0,-1.719926659260885,-1.703745190297262,-1.1327136198626917,-4.6177948156939905,-4.890387598668234,0.693058967590332,0.0,-0.0,0.0,0.0,0.0,0.0,0.0,0.0,0.0,0.0,0.0,0.0,0
1785971069,835172653,100.0,-1.7199981848346155,-1.703757111226217,-1.1326773802386683,-4.617710892354147,-4.890387598668234,0.6930469870567322,0.0,-0.0,0.0,0.0,0.0,0.0,0.0,0.0,0.0,0.0,0.0,0.0,0
1785971069,853865623,100.0,-1.7199505011187952,-1.7037690321551722,-1.1326897780047815,-4.6177828947650355,-4.890423957501547,0.6930829286575317,0.0,-0.0,0.0,0.0,0.0,0.0,0.0,0.0,0.0,0.0,0.0,0.0,0
1785971069,875208377,100.0,-1.7199624220477503,-1.7037327925311487,-1.1326773802386683,-4.6177948156939905,-4.890423957501547,0.6930110454559326,0.0,-0.0,0.0,0.0,0.0,0.0,0.0,0.0,0.0,0.0,0.0,0.0,0
1785971069,893880605,100.0,-1.7199385801898401,-1.7037213484393519,-1.132749382649557,-4.617770854626791,-4.890399638806478,0.6930949091911316,0.0,-0.0,0.0,0.0,0.0,0.0,0.0,0.0,0.0,0.0,0.0,0.0,0
1785971069,914823532,100.0,-1.7199862639056605,-1.7037089506732386,-1.1327255407916468,-4.617758814488546,-4.890399638806478,0.6930709481239319,0.0,-0.0,0.0,0.0,0.0,0.0,0.0,0.0,0.0,0.0,0.0,0.0,0
1785971069,933931589,100.0,-1.7199505011187952,-1.7037327925311487,-1.1327255407916468,-4.617758814488546,-4.890412036572592,0.6930230259895325,0.0,-0.0,0.0,0.0,0.0,0.0,0.0,0.0,0.0,0.0,0.0,0.0,0
1785971069,955257892,100.0,-1.7199505011187952,-1.7036851088153284,-1.132749382649557,-4.6177948156939905,-4.890363637601034,0.6930230259895325,0.0,-0.0,0.0,0.0,0.0,0.0,0.0,0.0,0.0,0.0,0.0,0.0,0
1785971069,973986864,100.0,-1.7199624220477503,-1.7037327925311487,-1.1327255407916468,-4.617758814488546,-4.890412036572592,0.6930110454559326,0.0,-0.0,0.0,0.0,0.0,0.0,0.0,0.0,0.0,0.0,0.0,0.0,0
1785971069,994706869,100.0,-1.7200105826007288,-1.703757111226217,-1.1327374617206019,-4.617746893559591,-4.890423957501547,0.6930469870567322,0.0,-0.0,0.0,0.0,0.0,0.0,0.0,0.0,0.0,0.0,0.0,0.0,0
1785971070,13843536,100.0,-1.7199385801898401,-1.7037213484393519,-1.1326659361468714,-4.617746893559591,-4.890399638806478,0.6930350065231323,0.0,-0.0,0.0,0.0,0.0,0.0,0.0,0.0,0.0,0.0,0.0,0.0,0
1785971070,35289764,100.0,-1.719926659260885,-1.703745190297262,-1.1327374617206019,-4.617770854626791,-4.890447918568746,0.6930469870567322,0.0,-0.0,0.0,0.0,0.0,0.0,0.0,0.0,0.0,0.0,0.0,0.0,0
1785971070,53884983,100.0,-1.7199505011187952,-1.703745190297262,-1.1327255407916468,-4.6177348534213465,-4.890399638806478,0.6930829286575317,0.0,-0.0,0.0,0.0,0.0,0.0,0.0,0.0,0.0,0.0,0.0,0.0,0
1785971070,75198411,100.0,-1.7200105826007288,-1.7037089506732386,-1.1327136198626917,-4.617722932492391,-4.890423957501547,0.6930709481239319,0.0,-0.0,0.0,0.0,0.0,0.0,0.0,0.0,0.0,0.0,0.0,0.0,0
1785971070,94019412,100.0,-1.71991473833193,-1.7037213484393519,-1.1327136198626917,-4.6177348534213465,-4.890363637601034,0.693058967590332,0.0,-0.0,0.0,0.0,0.0,0.0,0.0,0.0,0.0,0.0,0.0,0.0,0
1785971070,114864826,100.0,-1.7199743429767054,-1.703757111226217,-1.1326659361468714,-4.617758814488546,-4.890435997639791,0.6930469870567322,0.0,-0.0,0.0,0.0,0.0,0.0,0.0,0.0,0.0,0.0,0.0,0.0,0
1785971070,133926630,100.0,-1.7199624220477503,-1.7037327925311487,-1.1327016989337366,-4.617758814488546,-4.890399638806478,0.693058967590332,0.0,-0.0,0.0,0.0,0.0,0.0,0.0,0.0,0.0,0.0,0.0,0.0,0
1785971070,155391454,100.0,-1.7199862639056605,-1.7037089506732386,-1.1327136198626917,-4.617770854626791,-4.890412036572592,0.6930469870567322,0.0,-0.0,0.0,0.0,0.0,0.0,0.0,0.0,0.0,0.0,0.0,0.0,0
1785971070,173833847,100.0,-1.7199981848346155,-1.7037327925311487,-1.1326897780047815,-4.617758814488546,-4.890412036572592,0.6930829286575317,0.0,-0.0,0.0,0.0,0.0,0.0,0.0,0.0,0.0,0.0,0.0,0.0,0
1785971070,195223331,100.0,-1.7199743429767054,-1.703757111226217,-1.132749382649557,-4.617770854626791,-4.890387598668234,0.6930829286575317,0.0,-0.0,0.0,0.0,0.0,0.0,0.0,0.0,0.0,0.0,0.0,0.0,0
1785971070,213866949,100.0,-1.7199743429767054,-1.703745190297262,-1.1326897780047815,-4.617746893559591,-4.890435997639791,0.6930469870567322,0.0,-0.0,0.0,0.0,0.0,0.0,0.0,0.0,0.0,0.0,0.0,0.0,0
1785971070,235226869,100.0,-1.71991473833193,-1.7037089506732386,-1.1327016989337366,-4.6177348534213465,-4.890412036572592,0.693058967590332,0.0,-0.0,0.0,0.0,0.0,0.0,0.0,0.0,0.0,0.0,0.0,0.0,0
1785971070,253965616,100.0,-1.7199505011187952,-1.703757111226217,-1.132749382649557,-4.617722932492391,-4.890387598668234,0.6930350065231323,0.0,-0.0,0.0,0.0,0.0,0.0,0.0,0.0,0.0,0.0,0.0,0.0,0
1785971070,274865388,100.0,-1.7199385801898401,-1.703757111226217,-1.1326897780047815,-4.617746893559591,-4.890412036572592,0.6930829286575317,0.0,-0.0,0.0,0.0,0.0,0.0,0.0,0.0,0.0,0.0,0.0,0.0,0
1785971070,294021129,100.0,-1.7199981848346155,-1.7037327925311487,-1.1327136198626917,-4.617722932492391,-4.890423957501547,0.6930469870567322,0.0,-0.0,0.0,0.0,0.0,0.0,0.0,0.0,0.0,0.0,0.0,0.0,0
1785971070,315460681,100.0,-1.7199862639056605,-1.703745190297262,-1.1327255407916468,-4.617758814488546,-4.890375677739279,0.6930709481239319,0.0,-0.0,0.0,0.0,0.0,0.0,0.0,0.0,0.0,0.0,0.0,0.0,0
1785971070,333874940,100.0,-1.719926659260885,-1.7037089506732386,-1.132749382649557,-4.617758814488546,-4.890375677739279,0.6930230259895325,0.0,-0.0,0.0,0.0,0.0,0.0,0.0,0.0,0.0,0.0,0.0,0.0,0
1785971070,355026006,100.0,-1.7199862639056605,-1.703757111226217,-1.1326897780047815,-4.617746893559591,-4.890435997639791,0.693058967590332,0.0,-0.0,0.0,0.0,0.0,0.0,0.0,0.0,0.0,0.0,0.0,0.0,0
1785971070,373798608,100.0,-1.7199385801898401,-1.7037213484393519,-1.1327255407916468,-4.617770854626791,-4.890375677739279,0.6930469870567322,0.0,-0.0,0.0,0.0,0.0,0.0,0.0,0.0,0.0,0.0,0.0,0.0,0
1785971070,395091056,100.0,-1.7199862639056605,-1.7037690321551722,-1.1326659361468714,-4.6177348534213465,-4.890423957501547,0.6930949091911316,0.0,-0.0,0.0,0.0,0.0,0.0,0.0,0.0,0.0,0.0,0.0,0.0,0
1785971070,414219856,100.0,-1.7199624220477503,-1.7036970297442835,-1.1326897780047815,-4.6177348534213465,-4.890447918568746,0.6930350065231323,0.0,-0.0,0.0,0.0,0.0,0.0,0.0,0.0,0.0,0.0,0.0,0.0,0
1785971070,435297727,100.0,-1.7199505011187952,-1.703745190297262,-1.132749382649557,-4.617770854626791,-4.890435997639791,0.6930350065231323,0.0,-0.0,0.0,0.0,0.0,0.0,0.0,0.0,0.0,0.0,0.0,0.0,0
1785971070,454349756,100.0,-1.7199385801898401,-1.7037327925311487,-1.1327255407916468,-4.6177348534213465,-4.890459958706991,0.693058967590332,0.0,-0.0,0.0,0.0,0.0,0.0,0.0,0.0,0.0,0.0,0.0,0.0,0
1785971070,475424766,100.0,-1.7199624220477503,-1.703757111226217,-1.132749382649557,-4.617710892354147,-4.890447918568746,0.6930469870567322,0.0,-0.0,0.0,0.0,0.0,0.0,0.0,0.0,0.0,0.0,0.0,0.0,0
1785971070,494220733,100.0,-1.7199743429767054,-1.703757111226217,-1.1327016989337366,-4.6177948156939905,-4.890399638806478,0.6930350065231323,0.0,-0.0,0.0,0.0,0.0,0.0,0.0,0.0,0.0,0.0,0.0,0.0,0
1785971070,515261173,100.0,-1.71991473833193,-1.7037213484393519,-1.1326897780047815,-4.617746893559591,-4.890399638806478,0.6930829286575317,0.0,-0.0,0.0,0.0,0.0,0.0,0.0,0.0,0.0,0.0,0.0,0.0,0
1785971070,533920764,100.0,-1.7200225035296839,-1.703745190297262,-1.1326897780047815,-4.617722932492391,-4.890423957501547,0.693058967590332,0.0,-0.0,0.0,0.0,0.0,0.0,0.0,0.0,0.0,0.0,0.0,0.0,0
1785971070,554913997,100.0,-1.7199862639056605,-1.7037213484393519,-1.1327136198626917,-4.617722932492391,-4.890412036572592,0.6930949091911316,0.0,-0.0,0.0,0.0,0.0,0.0,0.0,0.0,0.0,0.0,0.0,0.0,0
1785971070,573895215,100.0,-1.7199862639056605,-1.7037089506732386,-1.1327016989337366,-4.6177828947650355,-4.890423957501547,0.6930230259895325,0.0,-0.0,0.0,0.0,0.0,0.0,0.0,0.0,0.0,0.0,0.0,0.0,0
1785971070,594845771,100.0,-1.7199624220477503,-1.7036731878863733,-1.1327255407916468,-4.6177348534213465,-4.890399638806478,0.6930829286575317,0.0,-0.0,0.0,0.0,0.0,0.0,0.0,0.0,0.0,0.0,0.0,0.0,0
1785971070,613881587,100.0,-1.7199624220477503,-1.7037327925311487,-1.1327016989337366,-4.617806855832235,-4.890435997639791,0.6930949091911316,0.0,-0.0,0.0,0.0,0.0,0.0,0.0,0.0,0.0,0.0,0.0,0.0,0
1785971070,635426998,100.0,-1.7199385801898401,-1.7037213484393519,-1.132749382649557,-4.617710892354147,-4.890423957501547,0.6930230259895325,0.0,-0.0,0.0,0.0,0.0,0.0,0.0,0.0,0.0,0.0,0.0,0.0,0
1785971070,653921604,100.0,-1.7199385801898401,-1.703745190297262,-1.1327374617206019,-4.617710892354147,-4.890387598668234,0.6930469870567322,0.0,-0.0,0.0,0.0,0.0,0.0,0.0,0.0,0.0,0.0,0.0,0.0,0
1785971070,674856662,100.0,-1.7199981848346155,-1.7036970297442835,-1.1327016989337366,-4.617770854626791,-4.890375677739279,0.6930350065231323,0.0,-0.0,0.0,0.0,0.0,0.0,0.0,0.0,0.0,0.0,0.0,0.0,0
1785971070,694099903,100.0,-1.7199505011187952,-1.7037089506732386,-1.1326773802386683,-4.6177828947650355,-4.890412036572592,0.6930949091911316,0.0,-0.0,0.0,0.0,0.0,0.0,0.0,0.0,0.0,0.0,0.0,0.0,0
1785971070,715445756,100.0,-1.7199981848346155,-1.703757111226217,-1.1326540152179163,-4.617770854626791,-4.890387598668234,0.6930230259895325,0.0,-0.0,0.0,0.0,0.0,0.0,0.0,0.0,0.0,0.0,0.0,0.0,0
1785971070,733878850,100.0,-1.7199385801898401,-1.7037809530841272,-1.1327255407916468,-4.6177348534213465,-4.890387598668234,0.6930829286575317,0.0,-0.0,0.0,0.0,0.0,0.0,0.0,0.0,0.0,0.0,0.0,0.0,0
1785971070,754788398,100.0,-1.7199624220477503,-1.703757111226217,-1.1326897780047815,-4.6177948156939905,-4.890399638806478,0.6931068897247314,0.0,-0.0,0.0,0.0,0.0,0.0,0.0,0.0,0.0,0.0,0.0,0.0,0
1785971070,773875236,100.0,-1.7199505011187952,-1.7037213484393519,-1.1326897780047815,-4.6177348534213465,-4.890423957501547,0.6930350065231323,0.0,-0.0,0.0,0.0,0.0,0.0,0.0,0.0,0.0,0.0,0.0,0.0,0
1785971070,795083761,100.0,-1.7199862639056605,-1.7037327925311487,-1.1326897780047815,-4.6177348534213465,-4.890423957501547,0.6930949091911316,0.0,-0.0,0.0,0.0,0.0,0.0,0.0,0.0,0.0,0.0,0.0,0.0,0
1785971070,813951253,100.0,-1.7199743429767054,-1.703745190297262,-1.1327255407916468,-4.617758814488546,-4.890363637601034,0.6930709481239319,0.0,-0.0,0.0,0.0,0.0,0.0,0.0,0.0,0.0,0.0,0.0,0.0,0
1785971070,834991455,100.0,-1.7199624220477503,-1.7036851088153284,-1.1326897780047815,-4.6177348534213465,-4.890435997639791,0.693058967590332,0.0,-0.0,0.0,0.0,0.0,0.0,0.0,0.0,0.0,0.0,0.0,0.0,0
1785971070,853816270,100.0,-1.7199624220477503,-1.7037213484393519,-1.132749382649557,-4.617722932492391,-4.890423957501547,0.6930709481239319,0.0,-0.0,0.0,0.0,0.0,0.0,0.0,0.0,0.0,0.0,0.0,0.0,0
1785971070,875216245,100.0,-1.7199624220477503,-1.7037327925311487,-1.1327016989337366,-4.6177948156939905,-4.890412036572592,0.6930350065231323,0.0,-0.0,0.0,0.0,0.0,0.0,0.0,0.0,0.0,0.0,0.0,0.0,0
1785971070,894016027,100.0,-1.7199981848346155,-1.7037213484393519,-1.132749382649557,-4.6177948156939905,-4.890412036572592,0.6930829286575317,0.0,-0.0,0.0,0.0,0.0,0.0,0.0,0.0,0.0,0.0,0.0,0.0,0
1785971070,915204286,100.0,-1.7199505011187952,-1.703745190297262,-1.1327016989337366,-4.617770854626791,-4.890435997639791,0.693058967590332,0.0,-0.0,0.0,0.0,0.0,0.0,0.0,0.0,0.0,0.0,0.0,0.0,0
1785971070,933831930,100.0,-1.7199505011187952,-1.703757111226217,-1.1327374617206019,-4.617770854626791,-4.890435997639791,0.6930230259895325,0.0,-0.0,0.0,0.0,0.0,0.0,0.0,0.0,0.0,0.0,0.0,0.0,0
1785971070,955238819,100.0,-1.7199862639056605,-1.7037809530841272,-1.1327016989337366,-4.6177948156939905,-4.890412036572592,0.6930709481239319,0.0,-0.0,0.0,0.0,0.0,0.0,0.0,0.0,0.0,0.0,0.0,0.0,0
1785971070,973843097,100.0,-1.7199624220477503,-1.7038052717791956,-1.1327255407916468,-4.617758814488546,-4.890423957501547,0.693058967590332,0.0,-0.0,0.0,0.0,0.0,0.0,0.0,0.0,0.0,0.0,0.0,0.0,0
1785971070,995439767,100.0,-1.7199981848346155,-1.703757111226217,-1.132749382649557,-4.617770854626791,-4.890363637601034,0.6930469870567322,0.0,-0.0,0.0,0.0,0.0,0.0,0.0,0.0,0.0,0.0,0.0,0.0,0
1785971071,13841152,100.0,-1.7199862639056605,-1.7036970297442835,-1.1326897780047815,-4.6177828947650355,-4.890375677739279,0.6930469870567322,0.0,-0.0,0.0,0.0,0.0,0.0,0.0,0.0,0.0,0.0,0.0,0.0,0
1785971071,35081148,100.0,-1.7199624220477503,-1.7037327925311487,-1.1327016989337366,-4.617770854626791,-4.890399638806478,0.6930350065231323,0.0,-0.0,0.0,0.0,0.0,0.0,0.0,0.0,0.0,0.0,0.0,0.0,0
1785971071,53890705,100.0,-1.719926659260885,-1.703757111226217,-1.1327255407916468,-4.617758814488546,-4.890435997639791,0.6930949091911316,0.0,-0.0,0.0,0.0,0.0,0.0,0.0,0.0,0.0,0.0,0.0,0.0,0
1785971071,74921369,100.0,-1.7199505011187952,-1.7037327925311487,-1.1327136198626917,-4.6177828947650355,-4.890435997639791,0.6930110454559326,0.0,-0.0,0.0,0.0,0.0,0.0,0.0,0.0,0.0,0.0,0.0,0.0,0
1785971071,93939304,100.0,-1.7199624220477503,-1.7037327925311487,-1.1327255407916468,-4.617770854626791,-4.890435997639791,0.6930350065231323,0.0,-0.0,0.0,0.0,0.0,0.0,0.0,0.0,0.0,0.0,0.0,0.0,0
1785971071,115390300,100.0,-1.719926659260885,-1.7036970297442835,-1.1326773802386683,-4.617746893559591,-4.890435997639791,0.6930350065231323,0.0,-0.0,0.0,0.0,0.0,0.0,0.0,0.0,0.0,0.0,0.0,0.0,0
1785971071,133904218,100.0,-1.719926659260885,-1.7037690321551722,-1.132749382649557,-4.617770854626791,-4.890387598668234,0.6930709481239319,0.0,-0.0,0.0,0.0,0.0,0.0,0.0,0.0,0.0,0.0,0.0,0.0,0
1785971071,155092716,100.0,-1.7199385801898401,-1.703745190297262,-1.1327136198626917,-4.617746893559591,-4.890412036572592,0.693058967590332,0.0,-0.0,0.0,0.0,0.0,0.0,0.0,0.0,0.0,0.0,0.0,0.0,0
1785971071,173949480,100.0,-1.7199624220477503,-1.7037690321551722,-1.132761303578512,-4.6177348534213465,-4.890435997639791,0.6930469870567322,0.0,-0.0,0.0,0.0,0.0,0.0,0.0,0.0,0.0,0.0,0.0,0.0,0
1785971071,194972515,100.0,-1.7199385801898401,-1.7037327925311487,-1.1327374617206019,-4.617710892354147,-4.890435997639791,0.6930350065231323,0.0,-0.0,0.0,0.0,0.0,0.0,0.0,0.0,0.0,0.0,0.0,0.0,0
1785971071,213835000,100.0,-1.719926659260885,-1.7037690321551722,-1.1327374617206019,-4.617770854626791,-4.890447918568746,0.693058967590332,0.0,-0.0,0.0,0.0,0.0,0.0,0.0,0.0,0.0,0.0,0.0,0.0,0
1785971071,235063076,100.0,-1.7199743429767054,-1.7037327925311487,-1.1326659361468714,-4.6177348534213465,-4.890435997639791,0.6930110454559326,0.0,-0.0,0.0,0.0,0.0,0.0,0.0,0.0,0.0,0.0,0.0,0.0,0
1785971071,253817558,100.0,-1.7199624220477503,-1.7036970297442835,-1.1326897780047815,-4.6177348534213465,-4.890412036572592,0.6930110454559326,0.0,-0.0,0.0,0.0,0.0,0.0,0.0,0.0,0.0,0.0,0.0,0.0,0
1785971071,274838685,100.0,-1.7199023405658167,-1.703745190297262,-1.1327374617206019,-4.6177948156939905,-4.890412036572592,0.6930469870567322,0.0,-0.0,0.0,0.0,0.0,0.0,0.0,0.0,0.0,0.0,0.0,0.0,0
1785971071,293964147,100.0,-1.7199743429767054,-1.7037213484393519,-1.1327136198626917,-4.617746893559591,-4.890412036572592,0.6930350065231323,0.0,-0.0,0.0,0.0,0.0,0.0,0.0,0.0,0.0,0.0,0.0,0.0,0
1785971071,315176725,100.0,-1.7199981848346155,-1.703745190297262,-1.1327856222735804,-4.6177828947650355,-4.890399638806478,0.6930709481239319,0.0,-0.0,0.0,0.0,0.0,0.0,0.0,0.0,0.0,0.0,0.0,0.0,0
1785971071,333844900,100.0,-1.7199743429767054,-1.7036731878863733,-1.1327255407916468,-4.617758814488546,-4.890447918568746,0.6930709481239319,0.0,-0.0,0.0,0.0,0.0,0.0,0.0,0.0,0.0,0.0,0.0,0.0,0
1785971071,355285406,100.0,-1.719926659260885,-1.7037213484393519,-1.1326773802386683,-4.617746893559591,-4.890412036572592,0.6930350065231323,0.0,-0.0,0.0,0.0,0.0,0.0,0.0,0.0,0.0,0.0,0.0,0.0,0
1785971071,373887777,100.0,-1.7199505011187952,-1.7037089506732386,-1.1327374617206019,-4.617722932492391,-4.890447918568746,0.6930709481239319,0.0,-0.0,0.0,0.0,0.0,0.0,0.0,0.0,0.0,0.0,0.0,0.0,0
1785971071,395109891,100.0,-1.7200105826007288,-1.703757111226217,-1.1327255407916468,-4.6177828947650355,-4.890423957501547,0.6930829286575317,0.0,-0.0,0.0,0.0,0.0,0.0,0.0,0.0,0.0,0.0,0.0,0.0,0
1785971071,413891315,100.0,-1.7199862639056605,-1.7036851088153284,-1.1327255407916468,-4.617758814488546,-4.890459958706991,0.6930949091911316,0.0,-0.0,0.0,0.0,0.0,0.0,0.0,0.0,0.0,0.0,0.0,0.0,0
1785971071,434963941,100.0,-1.7199624220477503,-1.7037089506732386,-1.1327016989337366,-4.617770854626791,-4.890447918568746,0.6930350065231323,0.0,-0.0,0.0,0.0,0.0,0.0,0.0,0.0,0.0,0.0,0.0,0.0,0
1785971071,453858613,100.0,-1.7199624220477503,-1.703757111226217,-1.132749382649557,-4.6177348534213465,-4.890459958706991,0.693058967590332,0.0,-0.0,0.0,0.0,0.0,0.0,0.0,0.0,0.0,0.0,0.0,0.0,0
1785971071,475172758,100.0,-1.7200225035296839,-1.7037089506732386,-1.132749382649557,-4.6177828947650355,-4.890375677739279,0.6930949091911316,0.0,-0.0,0.0,0.0,0.0,0.0,0.0,0.0,0.0,0.0,0.0,0.0,0
1785971071,494262456,100.0,-1.7199743429767054,-1.7037690321551722,-1.1326773802386683,-4.61781877676119,-4.890412036572592,0.6930829286575317,0.0,-0.0,0.0,0.0,0.0,0.0,0.0,0.0,0.0,0.0,0.0,0.0,0
1785971071,514939546,100.0,-1.7199862639056605,-1.7037327925311487,-1.1327136198626917,-4.617806855832235,-4.890399638806478,0.6930949091911316,0.0,-0.0,0.0,0.0,0.0,0.0,0.0,0.0,0.0,0.0,0.0,0.0,0
1785971071,534172058,100.0,-1.7199981848346155,-1.703745190297262,-1.1326773802386683,-4.617746893559591,-4.890375677739279,0.693058967590332,0.0,-0.0,0.0,0.0,0.0,0.0,0.0,0.0,0.0,0.0,0.0,0.0,0
1785971071,555426359,100.0,-1.7199385801898401,-1.7037089506732386,-1.1327136198626917,-4.6177348534213465,-4.890412036572592,0.6930949091911316,0.0,-0.0,0.0,0.0,0.0,0.0,0.0,0.0,0.0,0.0,0.0,0.0,0
1785971071,573834419,100.0,-1.7199862639056605,-1.7037327925311487,-1.1327255407916468,-4.6177348534213465,-4.890375677739279,0.693058967590332,0.0,-0.0,0.0,0.0,0.0,0.0,0.0,0.0,0.0,0.0,0.0,0.0,0
1785971071,595458984,100.0,-1.7199505011187952,-1.7037327925311487,-1.132761303578512,-4.617722932492391,-4.890423957501547,0.6929990649223328,0.0,-0.0,0.0,0.0,0.0,0.0,0.0,0.0,0.0,0.0,0.0,0.0,0
1785971071,614175796,100.0,-1.7199862639056605,-1.703757111226217,-1.1326897780047815,-4.617758814488546,-4.890387598668234,0.693058967590332,0.0,-0.0,0.0,0.0,0.0,0.0,0.0,0.0,0.0,0.0,0.0,0.0,0
1785971071,635374069,100.0,-1.7199743429767054,-1.703757111226217,-1.1326540152179163,-4.617758814488546,-4.890423957501547,0.6930829286575317,0.0,-0.0,0.0,0.0,0.0,0.0,0.0,0.0,0.0,0.0,0.0,0.0,0
1785971071,653821945,100.0,-1.7199862639056605,-1.703757111226217,-1.1326659361468714,-4.617746893559591,-4.890423957501547,0.6930469870567322,0.0,-0.0,0.0,0.0,0.0,0.0,0.0,0.0,0.0,0.0,0.0,0.0,0
1785971071,675029993,100.0,-1.7199624220477503,-1.7037327925311487,-1.1326659361468714,-4.617722932492391,-4.890447918568746,0.6930469870567322,0.0,-0.0,0.0,0.0,0.0,0.0,0.0,0.0,0.0,0.0,0.0,0.0,0
1785971071,694210290,100.0,-1.7199862639056605,-1.7037690321551722,-1.1327374617206019,-4.617806855832235,-4.890412036572592,0.6930709481239319,0.0,-0.0,0.0,0.0,0.0,0.0,0.0,0.0,0.0,0.0,0.0,0.0,0
1785971071,715087175,100.0,-1.7199743429767054,-1.7037690321551722,-1.1327016989337366,-4.617758814488546,-4.890435997639791,0.6930469870567322,0.0,-0.0,0.0,0.0,0.0,0.0,0.0,0.0,0.0,0.0,0.0,0.0,0
1785971071,734207153,100.0,-1.7199862639056605,-1.7037327925311487,-1.132761303578512,-4.6177948156939905,-4.890387598668234,0.6931068897247314,0.0,-0.0,0.0,0.0,0.0,0.0,0.0,0.0,0.0,0.0,0.0,0.0,0
1785971071,754888534,100.0,-1.7199505011187952,-1.703757111226217,-1.1327255407916468,-4.617710892354147,-4.890459958706991,0.6930829286575317,0.0,-0.0,0.0,0.0,0.0,0.0,0.0,0.0,0.0,0.0,0.0,0.0,0
1785971071,774192571,100.0,-1.7199743429767054,-1.703745190297262,-1.1327255407916468,-4.617770854626791,-4.890447918568746,0.6930709481239319,0.0,-0.0,0.0,0.0,0.0,0.0,0.0,0.0,0.0,0.0,0.0,0.0,0
1785971071,795191526,100.0,-1.719926659260885,-1.703757111226217,-1.1327016989337366,-4.617770854626791,-4.890423957501547,0.6930709481239319,0.0,-0.0,0.0,0.0,0.0,0.0,0.0,0.0,0.0,0.0,0.0,0.0,0
1785971071,813934087,100.0,-1.7199624220477503,-1.7037213484393519,-1.1326897780047815,-4.617770854626791,-4.890399638806478,0.6930829286575317,0.0,-0.0,0.0,0.0,0.0,0.0,0.0,0.0,0.0,0.0,0.0,0.0,0
1785971071,834849596,100.0,-1.719926659260885,-1.7037213484393519,-1.1326897780047815,-4.617722932492391,-4.890387598668234,0.6930469870567322,0.0,-0.0,0.0,0.0,0.0,0.0,0.0,0.0,0.0,0.0,0.0,0.0,0
1785971071,854161500,100.0,-1.7200225035296839,-1.703757111226217,-1.1327016989337366,-4.617746893559591,-4.890399638806478,0.693058967590332,0.0,-0.0,0.0,0.0,0.0,0.0,0.0,0.0,0.0,0.0,0.0,0.0,0
1785971071,875067710,100.0,-1.7199743429767054,-1.7037213484393519,-1.1327016989337366,-4.617746893559591,-4.890423957501547,0.6930350065231323,0.0,-0.0,0.0,0.0,0.0,0.0,0.0,0.0,0.0,0.0,0.0,0.0,0
1785971071,894275426,100.0,-1.7199385801898401,-1.703757111226217,-1.1327016989337366,-4.617758814488546,-4.890375677739279,0.6930110454559326,0.0,-0.0,0.0,0.0,0.0,0.0,0.0,0.0,0.0,0.0,0.0,0.0,0
1785971071,915089607,100.0,-1.7199624220477503,-1.7037213484393519,-1.1327255407916468,-4.617758814488546,-4.890459958706991,0.693058967590332,0.0,-0.0,0.0,0.0,0.0,0.0,0.0,0.0,0.0,0.0,0.0,0.0,0
1785971071,934145689,100.0,-1.7199505011187952,-1.7037089506732386,-1.1327136198626917,-4.617770854626791,-4.890399638806478,0.6930350065231323,0.0,-0.0,0.0,0.0,0.0,0.0,0.0,0.0,0.0,0.0,0.0,0.0,0
1785971071,954932451,100.0,-1.719926659260885,-1.7037089506732386,-1.1327374617206019,-4.6177348534213465,-4.890399638806478,0.6930350065231323,0.0,-0.0,0.0,0.0,0.0,0.0,0.0,0.0,0.0,0.0,0.0,0.0,0
1785971071,973855257,100.0,-1.7199505011187952,-1.7037213484393519,-1.1327374617206019,-4.617746893559591,-4.890447918568746,0.6930469870567322,0.0,-0.0,0.0,0.0,0.0,0.0,0.0,0.0,0.0,0.0,0.0,0.0,0
1785971071,995033025,100.0,-1.7199862639056605,-1.7037327925311487,-1.1327374617206019,-4.6177948156939905,-4.890435997639791,0.6930230259895325,0.0,-0.0,0.0,0.0,0.0,0.0,0.0,0.0,0.0,0.0,0.0,0.0,0
1785971072,14219522,100.0,-1.7199743429767054,-1.7037809530841272,-1.1327136198626917,-4.617698971425192,-4.890435997639791,0.6930350065231323,0.0,-0.0,0.0,0.0,0.0,0.0,0.0,0.0,0.0,0.0,0.0,0.0,0
1785971072,34843206,100.0,-1.7199624220477503,-1.7037690321551722,-1.1326773802386683,-4.6177828947650355,-4.890375677739279,0.6930709481239319,0.0,-0.0,0.0,0.0,0.0,0.0,0.0,0.0,0.0,0.0,0.0,0.0,0
1785971072,53851842,100.0,-1.7199981848346155,-1.7038052717791956,-1.1326897780047815,-4.617806855832235,-4.890423957501547,0.6929990649223328,0.0,-0.0,0.0,0.0,0.0,0.0,0.0,0.0,0.0,0.0,0.0,0.0,0
1785971072,75440645,100.0,-1.7199385801898401,-1.7037327925311487,-1.1327136198626917,-4.617770854626791,-4.890447918568746,0.6930469870567322,0.0,-0.0,0.0,0.0,0.0,0.0,0.0,0.0,0.0,0.0,0.0,0.0,0
1785971072,94163656,100.0,-1.719926659260885,-1.7037928740130823,-1.1327136198626917,-4.6177948156939905,-4.890399638806478,0.6930709481239319,0.0,-0.0,0.0,0.0,0.0,0.0,0.0,0.0,0.0,0.0,0.0,0.0,0
1785971072,115050077,100.0,-1.7199505011187952,-1.7036970297442835,-1.1327136198626917,-4.617746893559591,-4.890399638806478,0.6930230259895325,0.0,-0.0,0.0,0.0,0.0,0.0,0.0,0.0,0.0,0.0,0.0,0.0,0
1785971072,133816719,100.0,-1.719926659260885,-1.703745190297262,-1.1326773802386683,-4.617770854626791,-4.890423957501547,0.6930350065231323,0.0,-0.0,0.0,0.0,0.0,0.0,0.0,0.0,0.0,0.0,0.0,0.0,0
1785971072,154922008,100.0,-1.7199624220477503,-1.7036970297442835,-1.1327016989337366,-4.617770854626791,-4.890435997639791,0.6930230259895325,0.0,-0.0,0.0,0.0,0.0,0.0,0.0,0.0,0.0,0.0,0.0,0.0,0
1785971072,174165010,100.0,-1.7199624220477503,-1.7037809530841272,-1.1326897780047815,-4.617770854626791,-4.890447918568746,0.6930949091911316,0.0,-0.0,0.0,0.0,0.0,0.0,0.0,0.0,0.0,0.0,0.0,0.0,0
1785971072,195060729,100.0,-1.7199862639056605,-1.7037809530841272,-1.132761303578512,-4.617770854626791,-4.890423957501547,0.6930829286575317,0.0,-0.0,0.0,0.0,0.0,0.0,0.0,0.0,0.0,0.0,0.0,0.0,0
1785971072,214263916,100.0,-1.7199743429767054,-1.703757111226217,-1.1327136198626917,-4.617770854626791,-4.890435997639791,0.6930469870567322,0.0,-0.0,0.0,0.0,0.0,0.0,0.0,0.0,0.0,0.0,0.0,0.0,0
1785971072,235067367,100.0,-1.7199862639056605,-1.703757111226217,-1.1327016989337366,-4.6177348534213465,-4.890423957501547,0.6930469870567322,0.0,-0.0,0.0,0.0,0.0,0.0,0.0,0.0,0.0,0.0,0.0,0.0,0
1785971072,254177808,100.0,-1.7199743429767054,-1.7037690321551722,-1.132749382649557,-4.617770854626791,-4.890399638806478,0.693058967590332,0.0,-0.0,0.0,0.0,0.0,0.0,0.0,0.0,0.0,0.0,0.0,0.0,0
1785971072,275478839,100.0,-1.719926659260885,-1.7037089506732386,-1.1327016989337366,-4.6177348534213465,-4.890399638806478,0.6930350065231323,0.0,-0.0,0.0,0.0,0.0,0.0,0.0,0.0,0.0,0.0,0.0,0.0,0
1785971072,294211626,100.0,-1.7199624220477503,-1.7037690321551722,-1.1327374617206019,-4.6177348534213465,-4.890423957501547,0.6930350065231323,0.0,-0.0,0.0,0.0,0.0,0.0,0.0,0.0,0.0,0.0,0.0,0.0,0
1785971072,315042018,100.0,-1.7199385801898401,-1.703757111226217,-1.1326897780047815,-4.617722932492391,-4.890447918568746,0.6930829286575317,0.0,-0.0,0.0,0.0,0.0,0.0,0.0,0.0,0.0,0.0,0.0,0.0,0
1785971072,334125995,100.0,-1.719926659260885,-1.7037928740130823,-1.1327255407916468,-4.617746893559591,-4.890423957501547,0.693058967590332,0.0,-0.0,0.0,0.0,0.0,0.0,0.0,0.0,0.0,0.0,0.0,0.0,0
1785971072,355214357,100.0,-1.7199624220477503,-1.7036970297442835,-1.1326897780047815,-4.617770854626791,-4.890447918568746,0.6930829286575317,0.0,-0.0,0.0,0.0,0.0,0.0,0.0,0.0,0.0,0.0,0.0,0.0,0
1785971072,373782873,100.0,-1.719926659260885,-1.7037089506732386,-1.1327374617206019,-4.6177948156939905,-4.890412036572592,0.6930230259895325,0.0,-0.0,0.0,0.0,0.0,0.0,0.0,0.0,0.0,0.0,0.0,0.0,0
1785971072,395205974,100.0,-1.7199743429767054,-1.7037213484393519,-1.132749382649557,-4.61781877676119,-4.890423957501547,0.6930469870567322,0.0,-0.0,0.0,0.0,0.0,0.0,0.0,0.0,0.0,0.0,0.0,0.0,0
1785971072,414205789,100.0,-1.7199505011187952,-1.7037690321551722,-1.1326659361468714,-4.6177348534213465,-4.890412036572592,0.693058967590332,0.0,-0.0,0.0,0.0,0.0,0.0,0.0,0.0,0.0,0.0,0.0,0.0,0
1785971072,434865474,100.0,-1.7199505011187952,-1.7037809530841272,-1.1326659361468714,-4.617722932492391,-4.890447918568746,0.6930110454559326,0.0,-0.0,0.0,0.0,0.0,0.0,0.0,0.0,0.0,0.0,0.0,0.0,0
1785971072,454202175,100.0,-1.7199505011187952,-1.7036970297442835,-1.1327016989337366,-4.617710892354147,-4.890423957501547,0.6930110454559326,0.0,-0.0,0.0,0.0,0.0,0.0,0.0,0.0,0.0,0.0,0.0,0.0,0
1785971072,475545167,100.0,-1.7199743429767054,-1.7037213484393519,-1.1327136198626917,-4.6177348534213465,-4.890387598668234,0.6930469870567322,0.0,-0.0,0.0,0.0,0.0,0.0,0.0,0.0,0.0,0.0,0.0,0.0,0
1785971072,493943214,100.0,-1.7199385801898401,-1.7037327925311487,-1.132749382649557,-4.6177348534213465,-4.890375677739279,0.6930469870567322,0.0,-0.0,0.0,0.0,0.0,0.0,0.0,0.0,0.0,0.0,0.0,0.0,0
1785971072,515345811,100.0,-1.7199743429767054,-1.7037690321551722,-1.1327255407916468,-4.617758814488546,-4.890375677739279,0.6930230259895325,0.0,-0.0,0.0,0.0,0.0,0.0,0.0,0.0,0.0,0.0,0.0,0.0,0
1785971072,533945560,100.0,-1.7199505011187952,-1.703757111226217,-1.1326659361468714,-4.617758814488546,-4.890447918568746,0.693058967590332,0.0,-0.0,0.0,0.0,0.0,0.0,0.0,0.0,0.0,0.0,0.0,0.0,0
1785971072,555023193,100.0,-1.7199743429767054,-1.7037089506732386,-1.1326659361468714,-4.617770854626791,-4.890387598668234,0.6930469870567322,0.0,-0.0,0.0,0.0,0.0,0.0,0.0,0.0,0.0,0.0,0.0,0.0,0
1785971072,573813199,100.0,-1.7199981848346155,-1.703757111226217,-1.1326897780047815,-4.6177948156939905,-4.890423957501547,0.6930110454559326,0.0,-0.0,0.0,0.0,0.0,0.0,0.0,0.0,0.0,0.0,0.0,0.0,0
1785971072,595094203,100.0,-1.7199743429767054,-1.7037690321551722,-1.1327136198626917,-4.617806855832235,-4.890387598668234,0.6930110454559326,0.0,-0.0,0.0,0.0,0.0,0.0,0.0,0.0,0.0,0.0,0.0,0.0,0
1785971072,613833904,100.0,-1.7199862639056605,-1.703757111226217,-1.1327255407916468,-4.617758814488546,-4.890412036572592,0.6930709481239319,0.0,-0.0,0.0,0.0,0.0,0.0,0.0,0.0,0.0,0.0,0.0,0.0,0
1785971072,635068178,100.0,-1.7200105826007288,-1.7037327925311487,-1.1327255407916468,-4.617746893559591,-4.890447918568746,0.6930350065231323,0.0,-0.0,0.0,0.0,0.0,0.0,0.0,0.0,0.0,0.0,0.0,0.0,0
1785971072,653870105,100.0,-1.7199743429767054,-1.7037690321551722,-1.1327016989337366,-4.617746893559591,-4.890412036572592,0.6931068897247314,0.0,-0.0,0.0,0.0,0.0,0.0,0.0,0.0,0.0,0.0,0.0,0.0,0
1785971072,674882650,100.0,-1.719926659260885,-1.7037213484393519,-1.1326659361468714,-4.617770854626791,-4.890375677739279,0.6930949091911316,0.0,-0.0,0.0,0.0,0.0,0.0,0.0,0.0,0.0,0.0,0.0,0.0,0
1785971072,694006204,100.0,-1.7199743429767054,-1.703757111226217,-1.1326659361468714,-4.617710892354147,-4.890375677739279,0.6931068897247314,0.0,-0.0,0.0,0.0,0.0,0.0,0.0,0.0,0.0,0.0,0.0,0.0,0
1785971072,715101957,100.0,-1.719926659260885,-1.703745190297262,-1.1327255407916468,-4.617806855832235,-4.890435997639791,0.6930230259895325,0.0,-0.0,0.0,0.0,0.0,0.0,0.0,0.0,0.0,0.0,0.0,0.0,0
1785971072,733817100,100.0,-1.7199862639056605,-1.7037089506732386,-1.1327374617206019,-4.6177348534213465,-4.890412036572592,0.6930709481239319,0.0,-0.0,0.0,0.0,0.0,0.0,0.0,0.0,0.0,0.0,0.0,0.0,0
1785971072,755546092,100.0,-1.7199862639056605,-1.7037327925311487,-1.132749382649557,-4.617758814488546,-4.890423957501547,0.6930230259895325,0.0,-0.0,0.0,0.0,0.0,0.0,0.0,0.0,0.0,0.0,0.0,0.0,0
1785971072,773819446,100.0,-1.7199981848346155,-1.7037213484393519,-1.1327136198626917,-4.617746893559591,-4.890423957501547,0.6930709481239319,0.0,-0.0,0.0,0.0,0.0,0.0,0.0,0.0,0.0,0.0,0.0,0.0,0
1785971072,795507431,100.0,-1.7199743429767054,-1.7037089506732386,-1.1326897780047815,-4.617746893559591,-4.890375677739279,0.6930469870567322,0.0,-0.0,0.0,0.0,0.0,0.0,0.0,0.0,0.0,0.0,0.0,0.0,0
1785971072,814183950,100.0,-1.7199743429767054,-1.7038052717791956,-1.1327136198626917,-4.6177348534213465,-4.890447918568746,0.6930469870567322,0.0,-0.0,0.0,0.0,0.0,0.0,0.0,0.0,0.0,0.0,0.0,0.0,0
1785971072,834607362,100.0,-1.7199862639056605,-1.703757111226217,-1.132749382649557,-4.6177348534213465,-4.890423957501547,0.6929990649223328,0.0,-0.0,0.0,0.0,0.0,0.0,0.0,0.0,0.0,0.0,0.0,0.0,0
1785971072,853885412,100.0,-1.7199862639056605,-1.7037809530841272,-1.1327016989337366,-4.617806855832235,-4.890387598668234,0.6930469870567322,0.0,-0.0,0.0,0.0,0.0,0.0,0.0,0.0,0.0,0.0,0.0,0.0,0
1785971072,874873638,100.0,-1.7199385801898401,-1.7037327925311487,-1.1326773802386683,-4.6177948156939905,-4.890375677739279,0.6930709481239319,0.0,-0.0,0.0,0.0,0.0,0.0,0.0,0.0,0.0,0.0,0.0,0.0,0
1785971072,893984079,100.0,-1.7199505011187952,-1.703757111226217,-1.1327136198626917,-4.617758814488546,-4.890387598668234,0.6930829286575317,0.0,-0.0,0.0,0.0,0.0,0.0,0.0,0.0,0.0,0.0,0.0,0.0,0
1785971072,915661811,100.0,-1.7199505011187952,-1.7036851088153284,-1.1327374617206019,-4.6177828947650355,-4.890399638806478,0.6930469870567322,0.0,-0.0,0.0,0.0,0.0,0.0,0.0,0.0,0.0,0.0,0.0,0.0,0
1785971072,933928012,100.0,-1.7199743429767054,-1.703757111226217,-1.1327136198626917,-4.617746893559591,-4.890375677739279,0.6930110454559326,0.0,-0.0,0.0,0.0,0.0,0.0,0.0,0.0,0.0,0.0,0.0,0.0,0
1785971072,955358982,100.0,-1.719926659260885,-1.7037809530841272,-1.132749382649557,-4.617770854626791,-4.890375677739279,0.6930829286575317,0.0,-0.0,0.0,0.0,0.0,0.0,0.0,0.0,0.0,0.0,0.0,0.0,0
1785971072,973837852,100.0,-1.7199862639056605,-1.7037809530841272,-1.132749382649557,-4.617758814488546,-4.890423957501547,0.6930350065231323,0.0,-0.0,0.0,0.0,0.0,0.0,0.0,0.0,0.0,0.0,0.0,0.0,0
1785971072,995107650,100.0,-1.7200225035296839,-1.703745190297262,-1.1327136198626917,-4.617722932492391,-4.890399638806478,0.6930350065231323,0.0,-0.0,0.0,0.0,0.0,0.0,0.0,0.0,0.0,0.0,0.0,0.0,0
1785971073,13856410,100.0,-1.7199862639056605,-1.703757111226217,-1.1327016989337366,-4.617722932492391,-4.890423957501547,0.6930829286575317,0.0,-0.0,0.0,0.0,0.0,0.0,0.0,0.0,0.0,0.0,0.0,0.0,0
1785971073,35341262,100.0,-1.7199862639056605,-1.7037327925311487,-1.1327016989337366,-4.617758814488546,-4.890399638806478,0.6930949091911316,0.0,-0.0,0.0,0.0,0.0,0.0,0.0,0.0,0.0,0.0,0.0,0.0,0
1785971073,53948163,100.0,-1.7199862639056605,-1.703745190297262,-1.132749382649557,-4.617746893559591,-4.890412036572592,0.6930110454559326,0.0,-0.0,0.0,0.0,0.0,0.0,0.0,0.0,0.0,0.0,0.0,0.0,0
1785971073,74827194,100.0,-1.7199385801898401,-1.703757111226217,-1.1326773802386683,-4.617758814488546,-4.890435997639791,0.6930230259895325,0.0,-0.0,0.0,0.0,0.0,0.0,0.0,0.0,0.0,0.0,0.0,0.0,0
1785971073,94175577,100.0,-1.7200225035296839,-1.703745190297262,-1.1327136198626917,-4.617770854626791,-4.890447918568746,0.693058967590332,0.0,-0.0,0.0,0.0,0.0,0.0,0.0,0.0,0.0,0.0,0.0,0.0,0
1785971073,115639448,100.0,-1.7199862639056605,-1.7037690321551722,-1.1326773802386683,-4.617770854626791,-4.890435997639791,0.6930709481239319,0.0,-0.0,0.0,0.0,0.0,0.0,0.0,0.0,0.0,0.0,0.0,0.0,0
1785971073,133769750,100.0,-1.7199743429767054,-1.7037690321551722,-1.1326773802386683,-4.617746893559591,-4.890399638806478,0.6930350065231323,0.0,-0.0,0.0,0.0,0.0,0.0,0.0,0.0,0.0,0.0,0.0,0.0,0
1785971073,155078411,100.0,-1.7199862639056605,-1.7037327925311487,-1.1326897780047815,-4.6177348534213465,-4.890399638806478,0.6930230259895325,0.0,-0.0,0.0,0.0,0.0,0.0,0.0,0.0,0.0,0.0,0.0,0.0,0
1785971073,173813104,100.0,-1.7199862639056605,-1.703745190297262,-1.1327136198626917,-4.617722932492391,-4.890399638806478,0.6930110454559326,0.0,-0.0,0.0,0.0,0.0,0.0,0.0,0.0,0.0,0.0,0.0,0.0,0
1785971073,195254325,100.0,-1.7199505011187952,-1.7037809530841272,-1.1327016989337366,-4.6177948156939905,-4.890435997639791,0.6930230259895325,0.0,-0.0,0.0,0.0,0.0,0.0,0.0,0.0,0.0,0.0,0.0,0.0,0
1785971073,214182376,100.0,-1.720034424458639,-1.7037809530841272,-1.1327374617206019,-4.617758814488546,-4.890423957501547,0.6930469870567322,0.0,-0.0,0.0,0.0,0.0,0.0,0.0,0.0,0.0,0.0,0.0,0.0,0
1785971073,235229730,100.0,-1.719926659260885,-1.7037690321551722,-1.1327136198626917,-4.617722932492391,-4.890423957501547,0.6930709481239319,0.0,-0.0,0.0,0.0,0.0,0.0,0.0,0.0,0.0,0.0,0.0,0.0,0
1785971073,254119873,100.0,-1.7199624220477503,-1.7037327925311487,-1.1326897780047815,-4.6177348534213465,-4.890387598668234,0.6930350065231323,0.0,-0.0,0.0,0.0,0.0,0.0,0.0,0.0,0.0,0.0,0.0,0.0,0
1785971073,275021791,100.0,-1.7199505011187952,-1.7036970297442835,-1.1327255407916468,-4.6177348534213465,-4.890423957501547,0.6930350065231323,0.0,-0.0,0.0,0.0,0.0,0.0,0.0,0.0,0.0,0.0,0.0,0.0,0
1785971073,294357776,100.0,-1.7199862639056605,-1.7037928740130823,-1.1327016989337366,-4.617770854626791,-4.890375677739279,0.6930469870567322,0.0,-0.0,0.0,0.0,0.0,0.0,0.0,0.0,0.0,0.0,0.0,0.0,0
1785971073,315224885,100.0,-1.7199624220477503,-1.7037089506732386,-1.1327374617206019,-4.617746893559591,-4.890412036572592,0.6931189298629761,0.0,-0.0,0.0,0.0,0.0,0.0,0.0,0.0,0.0,0.0,0.0,0.0,0
1785971073,333913564,100.0,-1.720034424458639,-1.7037213484393519,-1.1326897780047815,-4.617710892354147,-4.890423957501547,0.6930469870567322,0.0,-0.0,0.0,0.0,0.0,0.0,0.0,0.0,0.0,0.0,0.0,0.0,0
1785971073,354969739,100.0,-1.720034424458639,-1.703745190297262,-1.1326773802386683,-4.617770854626791,-4.890399638806478,0.6930949091911316,0.0,-0.0,0.0,0.0,0.0,0.0,0.0,0.0,0.0,0.0,0.0,0.0,0
1785971073,373894214,100.0,-1.7199862639056605,-1.7037213484393519,-1.1327374617206019,-4.617746893559591,-4.890399638806478,0.6930949091911316,0.0,-0.0,0.0,0.0,0.0,0.0,0.0,0.0,0.0,0.0,0.0,0.0,0
1785971073,395207405,100.0,-1.7199862639056605,-1.7037089506732386,-1.1327016989337366,-4.6177828947650355,-4.890387598668234,0.6930230259895325,0.0,-0.0,0.0,0.0,0.0,0.0,0.0,0.0,0.0,0.0,0.0,0.0,0
1785971073,413888216,100.0,-1.7199505011187952,-1.703757111226217,-1.1327016989337366,-4.617722932492391,-4.890435997639791,0.6930709481239319,0.0,-0.0,0.0,0.0,0.0,0.0,0.0,0.0,0.0,0.0,0.0,0.0,0
1785971073,435001134,100.0,-1.7199862639056605,-1.703757111226217,-1.132749382649557,-4.617758814488546,-4.890447918568746,0.6930469870567322,0.0,-0.0,0.0,0.0,0.0,0.0,0.0,0.0,0.0,0.0,0.0,0.0,0
1785971073,453991889,100.0,-1.7199862639056605,-1.7037690321551722,-1.1327016989337366,-4.617746893559591,-4.890363637601034,0.6930110454559326,0.0,-0.0,0.0,0.0,0.0,0.0,0.0,0.0,0.0,0.0,0.0,0.0,0
1785971073,475491285,100.0,-1.7199743429767054,-1.7037809530841272,-1.1327136198626917,-4.617770854626791,-4.890399638806478,0.6930949091911316,0.0,-0.0,0.0,0.0,0.0,0.0,0.0,0.0,0.0,0.0,0.0,0.0,0
1785971073,493909835,100.0,-1.7199385801898401,-1.703757111226217,-1.1327374617206019,-4.617698971425192,-4.890387598668234,0.6930350065231323,0.0,-0.0,0.0,0.0,0.0,0.0,0.0,0.0,0.0,0.0,0.0,0.0,0
1785971073,514769554,100.0,-1.7199743429767054,-1.7037690321551722,-1.1327255407916468,-4.6177828947650355,-4.890412036572592,0.6930350065231323,0.0,-0.0,0.0,0.0,0.0,0.0,0.0,0.0,0.0,0.0,0.0,0.0,0
1785971073,533802032,100.0,-1.7199981848346155,-1.7037928740130823,-1.1327136198626917,-4.617746893559591,-4.890447918568746,0.693058967590332,0.0,-0.0,0.0,0.0,0.0,0.0,0.0,0.0,0.0,0.0,0.0,0.0,0
1785971073,555028438,100.0,-1.7199862639056605,-1.7037089506732386,-1.1327136198626917,-4.617758814488546,-4.890435997639791,0.6930469870567322,0.0,-0.0,0.0,0.0,0.0,0.0,0.0,0.0,0.0,0.0,0.0,0.0,0
1785971073,573889493,100.0,-1.7199743429767054,-1.703745190297262,-1.1327255407916468,-4.617770854626791,-4.890423957501547,0.6930350065231323,0.0,-0.0,0.0,0.0,0.0,0.0,0.0,0.0,0.0,0.0,0.0,0.0,0
1785971073,595030307,100.0,-1.7199743429767054,-1.7037327925311487,-1.1327255407916468,-4.617770854626791,-4.890435997639791,0.6930829286575317,0.0,-0.0,0.0,0.0,0.0,0.0,0.0,0.0,0.0,0.0,0.0,0.0,0
1785971073,613954544,100.0,-1.7199743429767054,-1.703745190297262,-1.1327136198626917,-4.617746893559591,-4.890423957501547,0.6930469870567322,0.0,-0.0,0.0,0.0,0.0,0.0,0.0,0.0,0.0,0.0,0.0,0.0,0
1785971073,635262489,100.0,-1.7200105826007288,-1.703757111226217,-1.1327016989337366,-4.617746893559591,-4.890412036572592,0.693058967590332,0.0,-0.0,0.0,0.0,0.0,0.0,0.0,0.0,0.0,0.0,0.0,0.0,0
1785971073,653931617,100.0,-1.7199981848346155,-1.7037213484393519,-1.132749382649557,-4.617770854626791,-4.890447918568746,0.6930709481239319,0.0,-0.0,0.0,0.0,0.0,0.0,0.0,0.0,0.0,0.0,0.0,0.0,0
1785971073,675220012,100.0,-1.7199505011187952,-1.703745190297262,-1.1327136198626917,-4.617758814488546,-4.890387598668234,0.6930350065231323,0.0,-0.0,0.0,0.0,0.0,0.0,0.0,0.0,0.0,0.0,0.0,0.0,0
1785971073,694038629,100.0,-1.7199505011187952,-1.7037213484393519,-1.132749382649557,-4.6177828947650355,-4.890447918568746,0.6930829286575317,0.0,-0.0,0.0,0.0,0.0,0.0,0.0,0.0,0.0,0.0,0.0,0.0,0
1785971073,715059280,100.0,-1.7199862639056605,-1.7037327925311487,-1.132749382649557,-4.617722932492391,-4.890412036572592,0.6930829286575317,0.0,-0.0,0.0,0.0,0.0,0.0,0.0,0.0,0.0,0.0,0.0,0.0,0
1785971073,733870744,100.0,-1.7199862639056605,-1.7037327925311487,-1.1327255407916468,-4.617746893559591,-4.890435997639791,0.6930469870567322,0.0,-0.0,0.0,0.0,0.0,0.0,0.0,0.0,0.0,0.0,0.0,0.0,0
1785971073,755202054,100.0,-1.7199385801898401,-1.7036970297442835,-1.1326773802386683,-4.617758814488546,-4.890423957501547,0.6931068897247314,0.0,-0.0,0.0,0.0,0.0,0.0,0.0,0.0,0.0,0.0,0.0,0.0,0
1785971073,773812770,100.0,-1.7199743429767054,-1.703757111226217,-1.1327374617206019,-4.6177828947650355,-4.890412036572592,0.6929990649223328,0.0,-0.0,0.0,0.0,0.0,0.0,0.0,0.0,0.0,0.0,0.0,0.0,0
1785971073,795204401,100.0,-1.7199981848346155,-1.7037690321551722,-1.1327016989337366,-4.617758814488546,-4.890447918568746,0.6930469870567322,0.0,-0.0,0.0,0.0,0.0,0.0,0.0,0.0,0.0,0.0,0.0,0.0,0
1785971073,813854932,100.0,-1.7199624220477503,-1.7037213484393519,-1.1327255407916468,-4.617722932492391,-4.890399638806478,0.6930350065231323,0.0,-0.0,0.0,0.0,0.0,0.0,0.0,0.0,0.0,0.0,0.0,0.0,0
1785971073,835371255,100.0,-1.7199624220477503,-1.7037690321551722,-1.1326659361468714,-4.6177948156939905,-4.890399638806478,0.6930469870567322,0.0,-0.0,0.0,0.0,0.0,0.0,0.0,0.0,0.0,0.0,0.0,0.0,0
1785971073,853771209,100.0,-1.7199624220477503,-1.7037690321551722,-1.1327255407916468,-4.6177828947650355,-4.890399638806478,0.693058967590332,0.0,-0.0,0.0,0.0,0.0,0.0,0.0,0.0,0.0,0.0,0.0,0.0,0
1785971073,875586509,100.0,-1.7199743429767054,-1.703757111226217,-1.132749382649557,-4.617758814488546,-4.890399638806478,0.6930469870567322,0.0,-0.0,0.0,0.0,0.0,0.0,0.0,0.0,0.0,0.0,0.0,0.0,0
1785971073,894239664,100.0,-1.7199862639056605,-1.7038052717791956,-1.1326773802386683,-4.617746893559591,-4.890435997639791,0.6930829286575317,0.0,-0.0,0.0,0.0,0.0,0.0,0.0,0.0,0.0,0.0,0.0,0.0,0
1785971073,915242671,100.0,-1.719926659260885,-1.7037089506732386,-1.1327016989337366,-4.6177948156939905,-4.890375677739279,0.6930110454559326,0.0,-0.0,0.0,0.0,0.0,0.0,0.0,0.0,0.0,0.0,0.0,0.0,0
1785971073,934142827,100.0,-1.7199743429767054,-1.703757111226217,-1.1327255407916468,-4.6177828947650355,-4.890412036572592,0.6930469870567322,0.0,-0.0,0.0,0.0,0.0,0.0,0.0,0.0,0.0,0.0,0.0,0.0,0
1785971073,955053091,100.0,-1.7199981848346155,-1.7037089506732386,-1.1327374617206019,-4.6177348534213465,-4.890412036572592,0.6930230259895325,0.0,-0.0,0.0,0.0,0.0,0.0,0.0,0.0,0.0,0.0,0.0,0.0,0
1785971073,973827123,100.0,-1.7199624220477503,-1.7037089506732386,-1.1327255407916468,-4.6177348534213465,-4.890423957501547,0.6929990649223328,0.0,-0.0,0.0,0.0,0.0,0.0,0.0,0.0,0.0,0.0,0.0,0.0,0
1785971073,995278835,100.0,-1.7199505011187952,-1.7037327925311487,-1.1327136198626917,-4.617710892354147,-4.890435997639791,0.6930350065231323,0.0,-0.0,0.0,0.0,0.0,0.0,0.0,0.0,0.0,0.0,0.0,0.0,0
1785971074,14059543,100.0,-1.7199743429767054,-1.7037690321551722,-1.1327136198626917,-4.617758814488546,-4.890447918568746,0.6930709481239319,0.0,-0.0,0.0,0.0,0.0,0.0,0.0,0.0,0.0,0.0,0.0,0.0,0
1785971074,35076618,100.0,-1.7199505011187952,-1.7037327925311487,-1.1327136198626917,-4.617746893559591,-4.890412036572592,0.693058967590332,0.0,-0.0,0.0,0.0,0.0,0.0,0.0,0.0,0.0,0.0,0.0,0.0,0
1785971074,54182767,100.0,-1.7199981848346155,-1.7037690321551722,-1.1327016989337366,-4.6177348534213465,-4.890447918568746,0.6930829286575317,0.0,-0.0,0.0,0.0,0.0,0.0,0.0,0.0,0.0,0.0,0.0,0.0,0
1785971074,74908494,100.0,-1.7199862639056605,-1.7037327925311487,-1.1326659361468714,-4.617722932492391,-4.890412036572592,0.6930469870567322,0.0,-0.0,0.0,0.0,0.0,0.0,0.0,0.0,0.0,0.0,0.0,0.0,0
1785971074,94355106,100.0,-1.7199862639056605,-1.7037327925311487,-1.1326897780047815,-4.6177948156939905,-4.890375677739279,0.6930469870567322,0.0,-0.0,0.0,0.0,0.0,0.0,0.0,0.0,0.0,0.0,0.0,0.0,0
1785971074,115482091,100.0,-1.7199743429767054,-1.7037690321551722,-1.1326659361468714,-4.617758814488546,-4.890399638806478,0.6930829286575317,0.0,-0.0,0.0,0.0,0.0,0.0,0.0,0.0,0.0,0.0,0.0,0.0,0
1785971074,134191274,100.0,-1.7199624220477503,-1.703757111226217,-1.1326897780047815,-4.617758814488546,-4.890423957501547,0.6930350065231323,0.0,-0.0,0.0,0.0,0.0,0.0,0.0,0.0,0.0,0.0,0.0,0.0,0
1785971074,155089616,100.0,-1.7199862639056605,-1.703745190297262,-1.1326773802386683,-4.617758814488546,-4.890459958706991,0.6930829286575317,0.0,-0.0,0.0,0.0,0.0,0.0,0.0,0.0,0.0,0.0,0.0,0.0,0
1785971074,174088954,100.0,-1.7199624220477503,-1.7037327925311487,-1.132749382649557,-4.617758814488546,-4.890399638806478,0.6930469870567322,0.0,-0.0,0.0,0.0,0.0,0.0,0.0,0.0,0.0,0.0,0.0,0.0,0
1785971074,194846630,100.0,-1.71991473833193,-1.703745190297262,-1.1326897780047815,-4.6177348534213465,-4.890375677739279,0.6930469870567322,0.0,-0.0,0.0,0.0,0.0,0.0,0.0,0.0,0.0,0.0,0.0,0.0,0
1785971074,214177370,100.0,-1.7199624220477503,-1.703757111226217,-1.1327255407916468,-4.6177828947650355,-4.890399638806478,0.693058967590332,0.0,-0.0,0.0,0.0,0.0,0.0,0.0,0.0,0.0,0.0,0.0,0.0,0
1785971074,234868526,100.0,-1.7199624220477503,-1.7037213484393519,-1.1327255407916468,-4.617758814488546,-4.890412036572592,0.6930230259895325,0.0,-0.0,0.0,0.0,0.0,0.0,0.0,0.0,0.0,0.0,0.0,0.0,0
1785971074,253879547,100.0,-1.7199981848346155,-1.7037690321551722,-1.132749382649557,-4.6177348534213465,-4.890447918568746,0.6930709481239319,0.0,-0.0,0.0,0.0,0.0,0.0,0.0,0.0,0.0,0.0,0.0,0.0,0
1785971074,275056123,100.0,-1.7199981848346155,-1.7037089506732386,-1.1327255407916468,-4.617746893559591,-4.890423957501547,0.693058967590332,0.0,-0.0,0.0,0.0,0.0,0.0,0.0,0.0,0.0,0.0,0.0,0.0,0
1785971074,294044494,100.0,-1.7199862639056605,-1.7037690321551722,-1.1327136198626917,-4.617746893559591,-4.890387598668234,0.6930469870567322,0.0,-0.0,0.0,0.0,0.0,0.0,0.0,0.0,0.0,0.0,0.0,0.0,0
1785971074,315217256,100.0,-1.7199743429767054,-1.7036970297442835,-1.132749382649557,-4.6177348534213465,-4.890412036572592,0.6930469870567322,0.0,-0.0,0.0,0.0,0.0,0.0,0.0,0.0,0.0,0.0,0.0,0.0,0
1785971074,333797931,100.0,-1.7199862639056605,-1.703745190297262,-1.1326659361468714,-4.617806855832235,-4.890399638806478,0.6930350065231323,0.0,-0.0,0.0,0.0,0.0,0.0,0.0,0.0,0.0,0.0,0.0,0.0,0
1785971074,354990243,100.0,-1.719926659260885,-1.7037690321551722,-1.132749382649557,-4.617758814488546,-4.890399638806478,0.693058967590332,0.0,-0.0,0.0,0.0,0.0,0.0,0.0,0.0,0.0,0.0,0.0,0.0,0
1785971074,373939514,100.0,-1.7199505011187952,-1.703745190297262,-1.1327374617206019,-4.617770854626791,-4.890399638806478,0.693058967590332,0.0,-0.0,0.0,0.0,0.0,0.0,0.0,0.0,0.0,0.0,0.0,0.0,0
1785971074,395244598,100.0,-1.7199862639056605,-1.7037809530841272,-1.1326773802386683,-4.617758814488546,-4.890435997639791,0.6930469870567322,0.0,-0.0,0.0,0.0,0.0,0.0,0.0,0.0,0.0,0.0,0.0,0.0,0
1785971074,414225816,100.0,-1.7199624220477503,-1.7037690321551722,-1.1326897780047815,-4.617770854626791,-4.890447918568746,0.6930829286575317,0.0,-0.0,0.0,0.0,0.0,0.0,0.0,0.0,0.0,0.0,0.0,0.0,0
1785971074,435054063,100.0,-1.7200225035296839,-1.7037690321551722,-1.1327136198626917,-4.6177828947650355,-4.890363637601034,0.6930469870567322,0.0,-0.0,0.0,0.0,0.0,0.0,0.0,0.0,0.0,0.0,0.0,0.0,0
1785971074,454169273,100.0,-1.7199624220477503,-1.703757111226217,-1.1327374617206019,-4.6177828947650355,-4.890399638806478,0.6930230259895325,0.0,-0.0,0.0,0.0,0.0,0.0,0.0,0.0,0.0,0.0,0.0,0.0,0
1785971074,475514888,100.0,-1.7199862639056605,-1.7037327925311487,-1.1327374617206019,-4.617722932492391,-4.890399638806478,0.6930709481239319,0.0,-0.0,0.0,0.0,0.0,0.0,0.0,0.0,0.0,0.0,0.0,0.0,0
1785971074,494262695,100.0,-1.7199743429767054,-1.7037213484393519,-1.1327136198626917,-4.617758814488546,-4.890399638806478,0.6930709481239319,0.0,-0.0,0.0,0.0,0.0,0.0,0.0,0.0,0.0,0.0,0.0,0.0,0
1785971074,515052795,100.0,-1.7199981848346155,-1.7037809530841272,-1.1327255407916468,-4.6177348534213465,-4.890423957501547,0.6930469870567322,0.0,-0.0,0.0,0.0,0.0,0.0,0.0,0.0,0.0,0.0,0.0,0.0,0
1785971074,534170389,100.0,-1.7199624220477503,-1.703745190297262,-1.1327016989337366,-4.617746893559591,-4.890412036572592,0.6930949091911316,0.0,-0.0,0.0,0.0,0.0,0.0,0.0,0.0,0.0,0.0,0.0,0.0,0
1785971074,554987668,100.0,-1.7199624220477503,-1.7037809530841272,-1.1327136198626917,-4.617758814488546,-4.890447918568746,0.6930350065231323,0.0,-0.0,0.0,0.0,0.0,0.0,0.0,0.0,0.0,0.0,0.0,0.0,0
1785971074,574035644,100.0,-1.7200105826007288,-1.703745190297262,-1.1326897780047815,-4.617758814488546,-4.890412036572592,0.6930709481239319,0.0,-0.0,0.0,0.0,0.0,0.0,0.0,0.0,0.0,0.0,0.0,0.0,0
1785971074,595106601,100.0,-1.7199624220477503,-1.7037327925311487,-1.132761303578512,-4.617806855832235,-4.890423957501547,0.6930829286575317,0.0,-0.0,0.0,0.0,0.0,0.0,0.0,0.0,0.0,0.0,0.0,0.0,0
1785971074,614179611,100.0,-1.7199385801898401,-1.7037809530841272,-1.1327255407916468,-4.617746893559591,-4.890412036572592,0.6930230259895325,0.0,-0.0,0.0,0.0,0.0,0.0,0.0,0.0,0.0,0.0,0.0,0.0,0
1785971074,635239839,100.0,-1.7199023405658167,-1.7037928740130823,-1.1327374617206019,-4.617722932492391,-4.890447918568746,0.693058967590332,0.0,-0.0,0.0,0.0,0.0,0.0,0.0,0.0,0.0,0.0,0.0,0.0,0
1785971074,654136180,100.0,-1.7199862639056605,-1.7037089506732386,-1.132749382649557,-4.6177348534213465,-4.890375677739279,0.6930230259895325,0.0,-0.0,0.0,0.0,0.0,0.0,0.0,0.0,0.0,0.0,0.0,0.0,0
1785971074,675271272,100.0,-1.7199624220477503,-1.7037213484393519,-1.132749382649557,-4.6177348534213465,-4.890447918568746,0.6930469870567322,0.0,-0.0,0.0,0.0,0.0,0.0,0.0,0.0,0.0,0.0,0.0,0.0,0
1785971074,694327116,100.0,-1.7199981848346155,-1.7037690321551722,-1.1327255407916468,-4.617698971425192,-4.890399638806478,0.6930110454559326,0.0,-0.0,0.0,0.0,0.0,0.0,0.0,0.0,0.0,0.0,0.0,0.0,0
1785971074,715204000,100.0,-1.7199624220477503,-1.7037089506732386,-1.1327016989337366,-4.6177828947650355,-4.890412036572592,0.6930469870567322,0.0,-0.0,0.0,0.0,0.0,0.0,0.0,0.0,0.0,0.0,0.0,0.0,0
1785971074,733948945,100.0,-1.7199743429767054,-1.703757111226217,-1.1327255407916468,-4.6177828947650355,-4.890399638806478,0.6930709481239319,0.0,-0.0,0.0,0.0,0.0,0.0,0.0,0.0,0.0,0.0,0.0,0.0,0
1785971074,755307912,100.0,-1.7200105826007288,-1.7037089506732386,-1.1327136198626917,-4.617770854626791,-4.890399638806478,0.6930469870567322,0.0,-0.0,0.0,0.0,0.0,0.0,0.0,0.0,0.0,0.0,0.0,0.0,0
1785971074,773895263,100.0,-1.7199862639056605,-1.7037327925311487,-1.1327255407916468,-4.6177828947650355,-4.890423957501547,0.6930469870567322,0.0,-0.0,0.0,0.0,0.0,0.0,0.0,0.0,0.0,0.0,0.0,0.0,0
1785971074,795078992,100.0,-1.7199385801898401,-1.703745190297262,-1.1327374617206019,-4.6177348534213465,-4.890375677739279,0.6930949091911316,0.0,-0.0,0.0,0.0,0.0,0.0,0.0,0.0,0.0,0.0,0.0,0.0,0
1785971074,813826322,100.0,-1.7199624220477503,-1.7037928740130823,-1.1327374617206019,-4.617746893559591,-4.890423957501547,0.6930469870567322,0.0,-0.0,0.0,0.0,0.0,0.0,0.0,0.0,0.0,0.0,0.0,0.0,0
1785971074,835409641,100.0,-1.7199981848346155,-1.7037213484393519,-1.1326659361468714,-4.617770854626791,-4.890423957501547,0.6930949091911316,0.0,-0.0,0.0,0.0,0.0,0.0,0.0,0.0,0.0,0.0,0.0,0.0,0
1785971074,854110956,100.0,-1.719926659260885,-1.7037327925311487,-1.1327016989337366,-4.617758814488546,-4.890387598668234,0.6930230259895325,0.0,-0.0,0.0,0.0,0.0,0.0,0.0,0.0,0.0,0.0,0.0,0.0,0
1785971074,875243425,100.0,-1.7199505011187952,-1.7038052717791956,-1.1327016989337366,-4.617758814488546,-4.890399638806478,0.6930469870567322,0.0,-0.0,0.0,0.0,0.0,0.0,0.0,0.0,0.0,0.0,0.0,0.0,0
1785971074,894238948,100.0,-1.7199385801898401,-1.7036851088153284,-1.1327016989337366,-4.617770854626791,-4.890423957501547,0.6930469870567322,0.0,-0.0,0.0,0.0,0.0,0.0,0.0,0.0,0.0,0.0,0.0,0.0,0
1785971074,914860963,100.0,-1.7199743429767054,-1.703757111226217,-1.1327255407916468,-4.617758814488546,-4.890435997639791,0.6930469870567322,0.0,-0.0,0.0,0.0,0.0,0.0,0.0,0.0,0.0,0.0,0.0,0.0,0
1785971074,933940410,100.0,-1.7200225035296839,-1.703745190297262,-1.1326773802386683,-4.617722932492391,-4.890399638806478,0.6930469870567322,0.0,-0.0,0.0,0.0,0.0,0.0,0.0,0.0,0.0,0.0,0.0,0.0,0
1785971074,955308437,100.0,-1.7199385801898401,-1.7037809530841272,-1.1327016989337366,-4.6177348534213465,-4.890387598668234,0.693058967590332,0.0,-0.0,0.0,0.0,0.0,0.0,0.0,0.0,0.0,0.0,0.0,0.0,0
1785971074,973832845,100.0,-1.7199743429767054,-1.7037327925311487,-1.1326897780047815,-4.617758814488546,-4.890423957501547,0.6930949091911316,0.0,-0.0,0.0,0.0,0.0,0.0,0.0,0.0,0.0,0.0,0.0,0.0,0
1785971074,995465755,100.0,-1.7199624220477503,-1.7037690321551722,-1.1327016989337366,-4.617746893559591,-4.890459958706991,0.6930350065231323,0.0,-0.0,0.0,0.0,0.0,0.0,0.0,0.0,0.0,0.0,0.0,0.0,0
1785971075,13950824,100.0,-1.7199505011187952,-1.7037690321551722,-1.1326897780047815,-4.617746893559591,-4.890423957501547,0.6929990649223328,0.0,-0.0,0.0,0.0,0.0,0.0,0.0,0.0,0.0,0.0,0.0,0.0,0
1785971075,35092592,100.0,-1.7199743429767054,-1.7037928740130823,-1.1327136198626917,-4.617758814488546,-4.890399638806478,0.6930469870567322,0.0,-0.0,0.0,0.0,0.0,0.0,0.0,0.0,0.0,0.0,0.0,0.0,0
1785971075,53925037,100.0,-1.719926659260885,-1.7037690321551722,-1.1327374617206019,-4.6177348534213465,-4.890412036572592,0.6930350065231323,0.0,-0.0,0.0,0.0,0.0,0.0,0.0,0.0,0.0,0.0,0.0,0.0,0
1785971075,75366973,100.0,-1.7199624220477503,-1.7037213484393519,-1.1327016989337366,-4.617746893559591,-4.890423957501547,0.693058967590332,0.0,-0.0,0.0,0.0,0.0,0.0,0.0,0.0,0.0,0.0,0.0,0.0,0
1785971075,93969821,100.0,-1.7199624220477503,-1.7037690321551722,-1.1326773802386683,-4.617758814488546,-4.890387598668234,0.693058967590332,0.0,-0.0,0.0,0.0,0.0,0.0,0.0,0.0,0.0,0.0,0.0,0.0,0
1785971075,114946603,100.0,-1.7199743429767054,-1.703757111226217,-1.1327255407916468,-4.6177348534213465,-4.890435997639791,0.6930829286575317,0.0,-0.0,0.0,0.0,0.0,0.0,0.0,0.0,0.0,0.0,0.0,0.0,0
1785971075,133870840,100.0,-1.7199862639056605,-1.7037213484393519,-1.1327374617206019,-4.6177828947650355,-4.890412036572592,0.6929990649223328,0.0,-0.0,0.0,0.0,0.0,0.0,0.0,0.0,0.0,0.0,0.0,0.0,0
1785971075,155453920,100.0,-1.7199624220477503,-1.703745190297262,-1.1327374617206019,-4.617722932492391,-4.890399638806478,0.6930829286575317,0.0,-0.0,0.0,0.0,0.0,0.0,0.0,0.0,0.0,0.0,0.0,0.0,0
1785971075,173876285,100.0,-1.7199624220477503,-1.703757111226217,-1.1327255407916468,-4.617722932492391,-4.890459958706991,0.6930110454559326,0.0,-0.0,0.0,0.0,0.0,0.0,0.0,0.0,0.0,0.0,0.0,0.0,0
1785971075,195257663,100.0,-1.719926659260885,-1.7037690321551722,-1.1327374617206019,-4.617710892354147,-4.890459958706991,0.6930350065231323,0.0,-0.0,0.0,0.0,0.0,0.0,0.0,0.0,0.0,0.0,0.0,0.0,0
1785971075,214092493,100.0,-1.7200105826007288,-1.703757111226217,-1.1327374617206019,-4.617770854626791,-4.890399638806478,0.6931068897247314,0.0,-0.0,0.0,0.0,0.0,0.0,0.0,0.0,0.0,0.0,0.0,0.0,0
1785971075,235460042,100.0,-1.7199862639056605,-1.7037928740130823,-1.1327255407916468,-4.617758814488546,-4.890375677739279,0.6930469870567322,0.0,-0.0,0.0,0.0,0.0,0.0,0.0,0.0,0.0,0.0,0.0,0.0,0
1785971075,253833055,100.0,-1.7199743429767054,-1.703745190297262,-1.1327255407916468,-4.617758814488546,-4.890387598668234,0.693058967590332,0.0,-0.0,0.0,0.0,0.0,0.0,0.0,0.0,0.0,0.0,0.0,0.0,0
1785971075,275390863,100.0,-1.7199981848346155,-1.7037327925311487,-1.1327016989337366,-4.617758814488546,-4.890423957501547,0.6930469870567322,0.0,-0.0,0.0,0.0,0.0,0.0,0.0,0.0,0.0,0.0,0.0,0.0,0
1785971075,294053792,100.0,-1.7199862639056605,-1.7037089506732386,-1.132749382649557,-4.617746893559591,-4.890387598668234,0.693058967590332,0.0,-0.0,0.0,0.0,0.0,0.0,0.0,0.0,0.0,0.0,0.0,0.0,0
1785971075,314952135,100.0,-1.7200225035296839,-1.7036851088153284,-1.1326773802386683,-4.617758814488546,-4.890447918568746,0.6930709481239319,0.0,-0.0,0.0,0.0,0.0,0.0,0.0,0.0,0.0,0.0,0.0,0.0,0
1785971075,333958387,100.0,-1.7199743429767054,-1.703757111226217,-1.1326897780047815,-4.6177948156939905,-4.890412036572592,0.693058967590332,0.0,-0.0,0.0,0.0,0.0,0.0,0.0,0.0,0.0,0.0,0.0,0.0,0
1785971075,355026006,100.0,-1.719926659260885,-1.703757111226217,-1.1327255407916468,-4.617758814488546,-4.890399638806478,0.6930350065231323,0.0,-0.0,0.0,0.0,0.0,0.0,0.0,0.0,0.0,0.0,0.0,0.0,0
1785971075,374155998,100.0,-1.7199624220477503,-1.7037327925311487,-1.1327136198626917,-4.617758814488546,-4.890412036572592,0.6930949091911316,0.0,-0.0,0.0,0.0,0.0,0.0,0.0,0.0,0.0,0.0,0.0,0.0,0
1785971075,395272254,100.0,-1.7199385801898401,-1.7037089506732386,-1.1327016989337366,-4.6177348534213465,-4.890435997639791,0.6930829286575317,0.0,-0.0,0.0,0.0,0.0,0.0,0.0,0.0,0.0,0.0,0.0,0.0,0
1785971075,414231300,100.0,-1.7199385801898401,-1.703745190297262,-1.1327016989337366,-4.617722932492391,-4.890375677739279,0.693058967590332,0.0,-0.0,0.0,0.0,0.0,0.0,0.0,0.0,0.0,0.0,0.0,0.0,0
1785971075,434928178,100.0,-1.7199624220477503,-1.703745190297262,-1.1327016989337366,-4.617770854626791,-4.890447918568746,0.6930709481239319,0.0,-0.0,0.0,0.0,0.0,0.0,0.0,0.0,0.0,0.0,0.0,0.0,0
1785971075,453858375,100.0,-1.7199862639056605,-1.7037089506732386,-1.1326773802386683,-4.617758814488546,-4.890447918568746,0.6930110454559326,0.0,-0.0,0.0,0.0,0.0,0.0,0.0,0.0,0.0,0.0,0.0,0.0,0
1785971075,475279808,100.0,-1.7199385801898401,-1.703757111226217,-1.132749382649557,-4.6177348534213465,-4.890412036572592,0.6930709481239319,0.0,-0.0,0.0,0.0,0.0,0.0,0.0,0.0,0.0,0.0,0.0,0.0,0
1785971075,494045019,100.0,-1.7199743429767054,-1.7037690321551722,-1.1327374617206019,-4.617758814488546,-4.890423957501547,0.6930230259895325,0.0,-0.0,0.0,0.0,0.0,0.0,0.0,0.0,0.0,0.0,0.0,0.0,0
1785971075,515335798,100.0,-1.7200105826007288,-1.7037327925311487,-1.1327136198626917,-4.6177348534213465,-4.890412036572592,0.6930230259895325,0.0,-0.0,0.0,0.0,0.0,0.0,0.0,0.0,0.0,0.0,0.0,0.0,0
1785971075,533883094,100.0,-1.7199743429767054,-1.703757111226217,-1.1327255407916468,-4.617722932492391,-4.890435997639791,0.6930469870567322,0.0,-0.0,0.0,0.0,0.0,0.0,0.0,0.0,0.0,0.0,0.0,0.0,0
1785971075,555335521,100.0,-1.7199743429767054,-1.7037690321551722,-1.1327136198626917,-4.617758814488546,-4.890387598668234,0.693058967590332,0.0,-0.0,0.0,0.0,0.0,0.0,0.0,0.0,0.0,0.0,0.0,0.0,0
1785971075,573786973,100.0,-1.7200105826007288,-1.7037327925311487,-1.1326897780047815,-4.617722932492391,-4.890447918568746,0.6930469870567322,0.0,-0.0,0.0,0.0,0.0,0.0,0.0,0.0,0.0,0.0,0.0,0.0,0
1785971075,594773769,100.0,-1.7199505011187952,-1.7037327925311487,-1.1327136198626917,-4.61781877676119,-4.890447918568746,0.693058967590332,0.0,-0.0,0.0,0.0,0.0,0.0,0.0,0.0,0.0,0.0,0.0,0.0,0
1785971075,613829135,100.0,-1.7199385801898401,-1.7037809530841272,-1.1327255407916468,-4.617758814488546,-4.890435997639791,0.6930350065231323,0.0,-0.0,0.0,0.0,0.0,0.0,0.0,0.0,0.0,0.0,0.0,0.0,0
1785971075,634804725,100.0,-1.7199862639056605,-1.7037089506732386,-1.1326540152179163,-4.6177348534213465,-4.890412036572592,0.693058967590332,0.0,-0.0,0.0,0.0,0.0,0.0,0.0,0.0,0.0,0.0,0.0,0.0,0
1785971075,654105424,100.0,-1.7199981848346155,-1.7037089506732386,-1.1327016989337366,-4.617710892354147,-4.890399638806478,0.6930469870567322,0.0,-0.0,0.0,0.0,0.0,0.0,0.0,0.0,0.0,0.0,0.0,0.0,0
1785971075,674884796,100.0,-1.7199862639056605,-1.7037089506732386,-1.1327374617206019,-4.617710892354147,-4.890423957501547,0.6930949091911316,0.0,-0.0,0.0,0.0,0.0,0.0,0.0,0.0,0.0,0.0,0.0,0.0,0
1785971075,694203376,100.0,-1.7199624220477503,-1.703757111226217,-1.1327016989337366,-4.617746893559591,-4.890435997639791,0.6930709481239319,0.0,-0.0,0.0,0.0,0.0,0.0,0.0,0.0,0.0,0.0,0.0,0.0,0
1785971075,715029954,100.0,-1.7199385801898401,-1.703757111226217,-1.132761303578512,-4.617758814488546,-4.890435997639791,0.6930949091911316,0.0,-0.0,0.0,0.0,0.0,0.0,0.0,0.0,0.0,0.0,0.0,0.0,0
1785971075,734145164,100.0,-1.7199743429767054,-1.7037809530841272,-1.1327016989337366,-4.6177348534213465,-4.890447918568746,0.6930709481239319,0.0,-0.0,0.0,0.0,0.0,0.0,0.0,0.0,0.0,0.0,0.0,0.0,0
1785971075,755418777,100.0,-1.7199624220477503,-1.703757111226217,-1.1327136198626917,-4.6177948156939905,-4.890387598668234,0.6930829286575317,0.0,-0.0,0.0,0.0,0.0,0.0,0.0,0.0,0.0,0.0,0.0,0.0,0
1785971075,774238824,100.0,-1.7199505011187952,-1.703757111226217,-1.1327016989337366,-4.617770854626791,-4.890423957501547,0.6929990649223328,0.0,-0.0,0.0,0.0,0.0,0.0,0.0,0.0,0.0,0.0,0.0,0.0,0
1785971075,794986963,100.0,-1.7199385801898401,-1.703745190297262,-1.1327136198626917,-4.617710892354147,-4.890387598668234,0.6930949091911316,0.0,-0.0,0.0,0.0,0.0,0.0,0.0,0.0,0.0,0.0,0.0,0.0,0
1785971075,814138650,100.0,-1.7199624220477503,-1.7037327925311487,-1.1327255407916468,-4.6177348534213465,-4.890375677739279,0.6930829286575317,0.0,-0.0,0.0,0.0,0.0,0.0,0.0,0.0,0.0,0.0,0.0,0.0,0
1785971075,835042238,100.0,-1.7199743429767054,-1.7037928740130823,-1.1326773802386683,-4.617710892354147,-4.890399638806478,0.6930469870567322,0.0,-0.0,0.0,0.0,0.0,0.0,0.0,0.0,0.0,0.0,0.0,0.0,0
1785971075,854261398,100.0,-1.7200225035296839,-1.7037327925311487,-1.132749382649557,-4.6177348534213465,-4.890459958706991,0.6930350065231323,0.0,-0.0,0.0,0.0,0.0,0.0,0.0,0.0,0.0,0.0,0.0,0.0,0
1785971075,874821186,100.0,-1.7199624220477503,-1.7037690321551722,-1.1326897780047815,-4.617746893559591,-4.890387598668234,0.6929870843887329,0.0,-0.0,0.0,0.0,0.0,0.0,0.0,0.0,0.0,0.0,0.0,0.0,0
1785971075,893965244,100.0,-1.719926659260885,-1.7037690321551722,-1.1326659361468714,-4.617758814488546,-4.890412036572592,0.6930709481239319,0.0,-0.0,0.0,0.0,0.0,0.0,0.0,0.0,0.0,0.0,0.0,0.0,0
1785971075,915200948,100.0,-1.7199743429767054,-1.7037690321551722,-1.1327255407916468,-4.617770854626791,-4.890447918568746,0.6930350065231323,0.0,-0.0,0.0,0.0,0.0,0.0,0.0,0.0,0.0,0.0,0.0,0.0,0
1785971075,934134483,100.0,-1.7199743429767054,-1.703745190297262,-1.1327136198626917,-4.617806855832235,-4.890447918568746,0.6930469870567322,0.0,-0.0,0.0,0.0,0.0,0.0,0.0,0.0,0.0,0.0,0.0,0.0,0
1785971075,955045461,100.0,-1.7199981848346155,-1.7037690321551722,-1.132749382649557,-4.617758814488546,-4.890399638806478,0.6929990649223328,0.0,-0.0,0.0,0.0,0.0,0.0,0.0,0.0,0.0,0.0,0.0,0.0,0
1785971075,974185705,100.0,-1.7200225035296839,-1.703745190297262,-1.1326897780047815,-4.617770854626791,-4.890435997639791,0.6930110454559326,0.0,-0.0,0.0,0.0,0.0,0.0,0.0,0.0,0.0,0.0,0.0,0.0,0
1785971075,995503187,100.0,-1.7199743429767054,-1.703745190297262,-1.1326659361468714,-4.6177948156939905,-4.890412036572592,0.6930829286575317,0.0,-0.0,0.0,0.0,0.0,0.0,0.0,0.0,0.0,0.0,0.0,0.0,0
1785971076,13773679,100.0,-1.7199862639056605,-1.7037690321551722,-1.1327016989337366,-4.617758814488546,-4.890412036572592,0.693058967590332,0.0,-0.0,0.0,0.0,0.0,0.0,0.0,0.0,0.0,0.0,0.0,0.0,0
1785971076,35049915,100.0,-1.7199624220477503,-1.7036851088153284,-1.1327136198626917,-4.617758814488546,-4.890399638806478,0.6930949091911316,0.0,-0.0,0.0,0.0,0.0,0.0,0.0,0.0,0.0,0.0,0.0,0.0,0
1785971076,53999662,100.0,-1.7199743429767054,-1.703745190297262,-1.132749382649557,-4.6177348534213465,-4.890447918568746,0.6930709481239319,0.0,-0.0,0.0,0.0,0.0,0.0,0.0,0.0,0.0,0.0,0.0,0.0,0
1785971076,75255632,100.0,-1.7199624220477503,-1.7037327925311487,-1.1327374617206019,-4.617722932492391,-4.890399638806478,0.693058967590332,0.0,-0.0,0.0,0.0,0.0,0.0,0.0,0.0,0.0,0.0,0.0,0.0,0
1785971076,94220399,100.0,-1.7199862639056605,-1.7037327925311487,-1.1327255407916468,-4.617770854626791,-4.890412036572592,0.6930110454559326,0.0,-0.0,0.0,0.0,0.0,0.0,0.0,0.0,0.0,0.0,0.0,0.0,0
1785971076,115406274,100.0,-1.7199862639056605,-1.7037928740130823,-1.1327374617206019,-4.6177828947650355,-4.890399638806478,0.6930230259895325,0.0,-0.0,0.0,0.0,0.0,0.0,0.0,0.0,0.0,0.0,0.0,0.0,0
1785971076,143754720,100.0,-1.7199862639056605,-1.7037928740130823,-1.1327374617206019,-4.6177828947650355,-4.890399638806478,0.6930230259895325,0.0,-0.0,0.0,0.0,0.0,0.0,0.0,0.0,0.0,0.0,0.0,0.0,1
1785971076,154797315,100.0,-1.7199505011187952,-1.7037690321551722,-1.1327255407916468,-4.617722932492391,-4.890387598668234,0.6929870843887329,0.0,-0.0,0.0,0.0,0.0,0.0,0.0,0.0,0.0,0.0,0.0,0.0,1
1785971076,173941612,100.0,-1.7199385801898401,-1.7037690321551722,-1.1326897780047815,-4.617806855832235,-4.890412036572592,0.6930350065231323,0.0,-0.0,0.0,0.0,0.0,0.0,0.0,0.0,0.0,0.0,0.0,0.0,1
1785971076,195054292,100.0,-1.71991473833193,-1.7037213484393519,-1.1327136198626917,-4.6177948156939905,-4.890387598668234,0.6930829286575317,0.0,-0.0,0.0,0.0,0.0,0.0,0.0,0.0,0.0,0.0,0.0,0.0,1
1785971076,213915586,100.0,-1.7199624220477503,-1.703745190297262,-1.1327255407916468,-4.6177948156939905,-4.890435997639791,0.6930829286575317,0.0,-0.0,0.0,0.0,0.0,0.0,0.0,0.0,0.0,0.0,0.0,0.0,1
1785971076,235328674,100.0,-1.7199862639056605,-1.703757111226217,-1.1327136198626917,-4.617710892354147,-4.890435997639791,0.6930829286575317,0.0,-0.0,0.0,0.0,0.0,0.0,0.0,0.0,0.0,0.0,0.0,0.0,1
1785971076,254012346,100.0,-1.7199743429767054,-1.7037809530841272,-1.1327374617206019,-4.617770854626791,-4.890387598668234,0.6930709481239319,0.0,-0.0,0.0,0.0,0.0,0.0,0.0,0.0,0.0,0.0,0.0,0.0,1
1785971076,275272607,100.0,-1.7199624220477503,-1.703757111226217,-1.1326773802386683,-4.617722932492391,-4.890399638806478,0.6929870843887329,0.0,-0.0,0.0,0.0,0.0,0.0,0.0,0.0,0.0,0.0,0.0,0.0,1
1785971076,293963670,100.0,-1.7199385801898401,-1.703757111226217,-1.1327136198626917,-4.617758814488546,-4.890447918568746,0.693058967590332,0.0,-0.0,0.0,0.0,0.0,0.0,0.0,0.0,0.0,0.0,0.0,0.0,1
1785971076,314885854,100.0,-1.7199743429767054,-1.7037327925311487,-1.1327136198626917,-4.617758814488546,-4.890399638806478,0.6930230259895325,0.0,-0.0,0.0,0.0,0.0,0.0,0.0,0.0,0.0,0.0,0.0,0.0,1
1785971076,334119081,100.0,-1.7199505011187952,-1.7037213484393519,-1.1327016989337366,-4.6177828947650355,-4.890399638806478,0.6930350065231323,0.0,-0.0,0.0,0.0,0.0,0.0,0.0,0.0,0.0,0.0,0.0,0.0,1
1785971076,355102777,100.0,-1.7199624220477503,-1.7037327925311487,-1.1327016989337366,-4.6177348534213465,-4.890447918568746,0.693058967590332,0.0,-0.0,0.0,0.0,0.0,0.0,0.0,0.0,0.0,0.0,0.0,0.0,1
1785971076,374097585,100.0,-1.7199624220477503,-1.703757111226217,-1.1327136198626917,-4.617746893559591,-4.890447918568746,0.6930469870567322,0.0,-0.0,0.0,0.0,0.0,0.0,0.0,0.0,0.0,0.0,0.0,0.0,1
1785971076,394863367,100.0,-1.7199385801898401,-1.7037690321551722,-1.1327136198626917,-4.6177828947650355,-4.890435997639791,0.6930709481239319,0.0,-0.0,0.0,0.0,0.0,0.0,0.0,0.0,0.0,0.0,0.0,0.0,1
1785971076,414125919,100.0,-1.7199981848346155,-1.7038167158709925,-1.1327374617206019,-4.617770854626791,-4.890412036572592,0.6930709481239319,0.0,-0.0,0.0,0.0,0.0,0.0,0.0,0.0,0.0,0.0,0.0,0.0,1
1785971076,435024499,100.0,-1.7199624220477503,-1.7037690321551722,-1.1326659361468714,-4.617758814488546,-4.890423957501547,0.693058967590332,0.0,-0.0,0.0,0.0,0.0,0.0,0.0,0.0,0.0,0.0,0.0,0.0,1
1785971076,454316377,100.0,-1.7199624220477503,-1.7036851088153284,-1.132749382649557,-4.617806855832235,-4.890375677739279,0.6930949091911316,0.0,-0.0,0.0,0.0,0.0,0.0,0.0,0.0,0.0,0.0,0.0,0.0,1
1785971076,474859714,100.0,-1.7199981848346155,-1.7037809530841272,-1.1326773802386683,-4.617758814488546,-4.890412036572592,0.6930829286575317,0.0,-0.0,0.0,0.0,0.0,0.0,0.0,0.0,0.0,0.0,0.0,0.0,1
1785971076,494189977,100.0,-1.7200105826007288,-1.7037809530841272,-1.1327374617206019,-4.617722932492391,-4.890435997639791,0.6931068897247314,0.0,-0.0,0.0,0.0,0.0,0.0,0.0,0.0,0.0,0.0,0.0,0.0,1
1785971076,515060663,100.0,-1.7199624220477503,-1.7037213484393519,-1.1327374617206019,-4.617722932492391,-4.890435997639791,0.6930469870567322,0.0,-0.0,0.0,0.0,0.0,0.0,0.0,0.0,0.0,0.0,0.0,0.0,1
1785971076,534138679,100.0,-1.7199505011187952,-1.7038052717791956,-1.1327136198626917,-4.617770854626791,-4.890387598668234,0.6930829286575317,0.0,-0.0,0.0,0.0,0.0,0.0,0.0,0.0,0.0,0.0,0.0,0.0,1
1785971076,554983377,100.0,-1.7199385801898401,-1.7037809530841272,-1.1327255407916468,-4.617770854626791,-4.890412036572592,0.6930469870567322,0.0,-0.0,0.0,0.0,0.0,0.0,0.0,0.0,0.0,0.0,0.0,0.0,1
1785971076,574118852,100.0,-1.7199862639056605,-1.7037809530841272,-1.1327016989337366,-4.6177828947650355,-4.890423957501547,0.6930469870567322,0.0,-0.0,0.0,0.0,0.0,0.0,0.0,0.0,0.0,0.0,0.0,0.0,1
1785971076,594848871,100.0,-1.7199981848346155,-1.7037690321551722,-1.132749382649557,-4.6177348534213465,-4.890423957501547,0.6930469870567322,0.0,-0.0,0.0,0.0,0.0,0.0,0.0,0.0,0.0,0.0,0.0,0.0,1
1785971076,614087104,100.0,-1.7199743429767054,-1.703757111226217,-1.1327136198626917,-4.6177348534213465,-4.890399638806478,0.6930110454559326,0.0,-0.0,0.0,0.0,0.0,0.0,0.0,0.0,0.0,0.0,0.0,0.0,1
1785971076,635315895,100.0,-1.7199743429767054,-1.7037690321551722,-1.1327374617206019,-4.617758814488546,-4.890447918568746,0.6930469870567322,0.0,-0.0,0.0,0.0,0.0,0.0,0.0,0.0,0.0,0.0,0.0,0.0,1
1785971076,654256820,100.0,-1.71991473833193,-1.703637425099508,-1.1327374617206019,-4.6177348534213465,-4.890375677739279,0.6928911805152893,0.006570551078766584,0.009549031034111977,0.0,0.0,0.0,-0.019954534247517586,0.0,0.0,0.0,0.0,0.0,0.0,1
1785971076,674706459,100.0,-1.7196624914752405,-1.7032535711871546,-1.132749382649557,-4.617746893559591,-4.890447918568746,0.6922919750213623,0.015096927992999554,0.02178252674639225,0.0,0.0,0.0,-0.03639369457960129,0.0,0.0,0.0,0.0,0.0,0.0,1
1785971076,694183826,100.0,-1.7193263212787073,-1.7028701941119593,-1.1327016989337366,-4.617758814488546,-4.890423957501547,0.6915373802185059,0.024927187711000443,0.033491913229227066,0.0,0.0,0.0,-0.049023471772670746,0.0,0.0,0.0,0.0,0.0,0.0,1
1785971076,714839458,100.0,-1.7185471693622034,-1.701947037373678,-1.1327016989337366,-4.617770854626791,-4.890423957501547,0.6901351809501648,0.0379021093249321,0.04550809785723686,0.0,0.0,0.0,-0.07177752256393433,0.0,0.0,0.0,0.0,0.0,0.0,1
1785971076,734236955,100.0,-1.717851463948385,-1.701059643422262,-1.1326420942889612,-4.617722932492391,-4.890447918568746,0.6889131665229797,0.04538026452064514,0.05384272709488869,0.0,0.0,0.0,-0.08523820340633392,0.0,0.0,0.0,0.0,0.0,0.0,1
1785971076,755348443,100.0,-1.7165687719928187,-1.699609104787008,-1.1327136198626917,-4.617710892354147,-4.890423957501547,0.6866242289543152,0.05638657882809639,0.06574386358261108,0.0,0.0,0.0,-0.10133221745491028,0.0,0.0,0.0,0.0,0.0,0.0,1
1785971076,774094820,100.0,-1.715513054524557,-1.6985190550433558,-1.1327016989337366,-4.617758814488546,-4.890447918568746,0.6848748922348022,0.06193447485566139,0.07349046319723129,0.0,0.0,0.0,-0.11116247624158859,0.0,0.0,0.0,0.0,0.0,0.0,1
1785971076,795204162,100.0,-1.7139418760882776,-1.6965168158160608,-1.1327374617206019,-4.6177828947650355,-4.890375677739279,0.6819874048233032,0.07217379659414291,0.08767978847026825,0.0,0.0,0.0,-0.1305801123380661,0.0,0.0,0.0,0.0,0.0,0.0,1
1785971076,814063549,100.0,-1.712766472493307,-1.6950424353228968,-1.1327374617206019,-4.6177348534213465,-4.890399638806478,0.679806649684906,0.07768334448337555,0.09082444757223129,0.0,0.0,0.0,-0.1400652378797531,0.0,0.0,0.0,0.0,0.0,0.0,1
1785971076,835297822,100.0,-1.7107637564288538,-1.692728344594137,-1.1326773802386683,-4.6177948156939905,-4.890412036572592,0.6762237548828125,0.08683609962463379,0.10075697302818298,0.0,0.0,0.0,-0.1581917703151703,0.0,0.0,0.0,0.0,0.0,0.0,1
1785971076,854252576,100.0,-1.709228817616598,-1.6910622755633753,-1.1327136198626917,-4.617746893559591,-4.890435997639791,0.6736714839935303,0.09352169930934906,0.11067671328783035,0.0,0.0,0.0,-0.1669226735830307,0.0,0.0,0.0,0.0,0.0,0.0,1
1785971076,874934196,100.0,-1.7068784872638147,-1.688185993825094,-1.1327136198626917,-4.617770854626791,-4.890435997639791,0.6694657802581787,0.10386328399181366,0.11970163881778717,0.0,0.0,0.0,-0.18623805046081543,0.0,0.0,0.0,0.0,0.0,0.0,1
1785971076,894248008,100.0,-1.7052467505084437,-1.6862075964557093,-1.1327136198626917,-4.6177348534213465,-4.890459958706991,0.6664697527885437,0.10866975784301758,0.12770390510559082,0.0,0.0,0.0,-0.19347332417964935,0.0,0.0,0.0,0.0,0.0,0.0,1
1785971076,915243625,100.0,-1.7024887243853968,-1.6830428282367151,-1.1326773802386683,-4.617758814488546,-4.890447918568746,0.6616048812866211,0.11517639458179474,0.13628141582012177,0.0,0.0,0.0,-0.213261678814888,0.0,0.0,0.0,0.0,0.0,0.0,1
1785971076,934088706,100.0,-1.7006538550006312,-1.680788818989889,-1.1327255407916468,-4.6177348534213465,-4.890375677739279,0.6581417918205261,0.12002121657133102,0.14257073402404785,0.0,0.0,0.0,-0.2212895154953003,0.0,0.0,0.0,0.0,0.0,0.0,1
1785971076,955075025,100.0,-1.6976679007159632,-1.6773489157306116,-1.1327136198626917,-4.6177348534213465,-4.890412036572592,0.6526418328285217,0.12793399393558502,0.1532319039106369,0.0,0.0,0.0,-0.2352103888988495,0.0,0.0,0.0,0.0,0.0,0.0,1
1785971076,973872900,100.0,-1.6955574194537562,-1.6748316923724573,-1.1327255407916468,-4.617722932492391,-4.890423957501547,0.6487712860107422,0.13398043811321259,0.15972575545310974,0.0,0.0,0.0,-0.2429569959640503,0.0,0.0,0.0,0.0,0.0,0.0,1
1785971076,994961977,100.0,-1.6921513716327112,-1.6709116140948694,-1.1326897780047815,-4.617770854626791,-4.890435997639791,0.6428877711296082,0.13956668972969055,0.16800925135612488,0.0,0.0,0.0,-0.25195634365081787,0.0,0.0,0.0,0.0,0.0,0.0,1
1785971077,14079332,100.0,-1.6897648016559046,-1.6680224577533167,-1.1327255407916468,-4.617722932492391,-4.890459958706991,0.6387296319007874,0.1444498598575592,0.1707959771156311,0.0,0.0,0.0,-0.26349955797195435,0.0,0.0,0.0,0.0,0.0,0.0,1
1785971077,35387754,100.0,-1.6862028280841272,-1.6638148466693323,-1.1327136198626917,-4.617710892354147,-4.890387598668234,0.632103443145752,0.1504068225622177,0.18134209513664246,0.0,0.0,0.0,-0.2746848464012146,0.0,0.0,0.0,0.0,0.0,0.0,1
1785971077,54312944,100.0,-1.6837084929095667,-1.6607821623431605,-1.1326897780047815,-4.617722932492391,-4.890375677739279,0.6275854110717773,0.15567348897457123,0.1840265691280365,0.0,0.0,0.0,-0.28378644585609436,0.0,0.0,0.0,0.0,0.0,0.0,1
1785971077,74928522,100.0,-1.6799190680133265,-1.6562631765948694,-1.1327374617206019,-4.6177828947650355,-4.890447918568746,0.6205873489379883,0.16234630346298218,0.18890973925590515,0.0,0.0,0.0,-0.2970426082611084,0.0,0.0,0.0,0.0,0.0,0.0,1
1785971077,94120979,100.0,-1.6773408094989222,-1.653147045766012,-1.1327255407916468,-4.617758814488546,-4.890412036572592,0.6157581210136414,0.16665422916412354,0.19686086475849152,0.0,0.0,0.0,-0.30221977829933167,0.0,0.0,0.0,0.0,0.0,0.0,1
1785971077,115184068,100.0,-1.6733115355121058,-1.6483038107501429,-1.1327255407916468,-4.617770854626791,-4.890412036572592,0.6083526015281677,0.1736849844455719,0.20289452373981476,0.0,0.0,0.0,-0.311717689037323,0.0,0.0,0.0,0.0,0.0,0.0,1
1785971077,133935928,100.0,-1.6705530325519007,-1.6450555960284632,-1.1327136198626917,-4.617746893559591,-4.890423957501547,0.6033555865287781,0.1768679916858673,0.20793110132217407,0.0,0.0,0.0,-0.3201034367084503,0.0,0.0,0.0,0.0,0.0,0.0,1
1785971077,155060052,100.0,-1.6661995092975062,-1.6400445143329065,-1.1326897780047815,-4.617686931286947,-4.890423957501547,0.5955421924591064,0.18231362104415894,0.21677705645561218,0.0,0.0,0.0,-0.32851478457450867,0.0,0.0,0.0,0.0,0.0,0.0,1
1785971077,173848390,100.0,-1.6632617155658167,-1.6366403738604944,-1.1327374617206019,-4.617746893559591,-4.890423957501547,0.5901733040809631,0.18690277636051178,0.21796588599681854,0.0,0.0,0.0,-0.3386901915073395,0.0,0.0,0.0,0.0,0.0,0.0,1
1785971077,195167303,100.0,-1.6586206595050257,-1.6311987082110804,-1.1326773802386683,-4.6177828947650355,-4.890412036572592,0.5819165110588074,0.18994517624378204,0.22336038947105408,0.0,0.0,0.0,-0.3433304727077484,0.0,0.0,0.0,0.0,0.0,0.0,1
1785971077,213861227,100.0,-1.6554792563067835,-1.6275904814349573,-1.1327255407916468,-4.6177348534213465,-4.890447918568746,0.5764524936676025,0.194317027926445,0.2278728485107422,0.0,0.0,0.0,-0.35253435373306274,0.0,0.0,0.0,0.0,0.0,0.0,1
1785971077,235322713,100.0,-1.6507180372821253,-1.6220405737506312,-1.1327255407916468,-4.617806855832235,-4.890447918568746,0.5678597688674927,0.1992257535457611,0.2334207445383072,0.0,0.0,0.0,-0.36033210158348083,0.0,0.0,0.0,0.0,0.0,0.0,1
1785971077,254060029,50.0,-1.6475284735309046,-1.6182649771319788,-1.1327255407916468,-4.617722932492391,-4.890423957501547,0.5620594024658203,0.20235763490200043,0.23830391466617584,0.0,0.0,0.0,-0.36333614587783813,0.0,0.0,0.0,0.0,0.0,0.0,1
1785971077,275500297,50.0,-1.6427081266986292,-1.6125834623919886,-1.1327374617206019,-4.6177828947650355,-4.890399638806478,0.5532034635543823,0.20614145696163177,0.2437623292207718,0.0,0.0,0.0,-0.37292352318763733,0.0,0.0,0.0,0.0,0.0,0.0,1
1785971077,293857336,50.0,-1.6394456068622034,-1.6086157003985804,-1.1326659361468714,-4.617758814488546,-4.890423957501547,0.5472353100776672,0.20614145696163177,0.24560311436653137,0.0,0.0,0.0,-0.37720587849617004,0.0,0.0,0.0,0.0,0.0,0.0,1
1785971077,315479278,50.0,-1.6345294157611292,-1.6025984922992151,-1.1327255407916468,-4.617758814488546,-4.890387598668234,0.5382590889930725,0.2114081233739853,0.25120213627815247,0.0,0.0,0.0,-0.3878798484802246,0.0,0.0,0.0,0.0,0.0,0.0,1
1785971077,333854198,50.0,-1.6310637632953089,-1.5984867254840296,-1.1326659361468714,-4.617686931286947,-4.890412036572592,0.532015323638916,0.21369631588459015,0.252429336309433,0.0,0.0,0.0,-0.3894905149936676,0.0,0.0,0.0,0.0,0.0,0.0,1
1785971077,355200290,50.0,-1.6257513205157679,-1.5923259894000452,-1.132749382649557,-4.617698971425192,-4.890399638806478,0.5225713849067688,0.21916751563549042,0.25696736574172974,0.0,0.0,0.0,-0.397007018327713,0.0,0.0,0.0,0.0,0.0,0.0,1
1785971077,373854637,50.0,-1.6220701376544397,-1.588250462208883,-1.1327374617206019,-4.617746893559591,-4.890435997639791,0.5162556767463684,0.22196702659130096,0.26009923219680786,0.0,0.0,0.0,-0.4005735218524933,0.0,0.0,0.0,0.0,0.0,0.0,1
1785971077,395185232,50.0,-1.616793457661764,-1.5819938818561,-1.1327136198626917,-4.6177348534213465,-4.890459958706991,0.5066683292388916,0.22264453768730164,0.26176103949546814,0.0,0.0,0.0,-0.4058401882648468,0.0,0.0,0.0,0.0,0.0,0.0,1
1785971077,413898468,50.0,-1.6132805983172815,-1.5778701941119593,-1.1327016989337366,-4.617758814488546,-4.890471879635946,0.5002447962760925,0.22334760427474976,0.26650360226631165,0.0,0.0,0.0,-0.4080388844013214,0.0,0.0,0.0,0.0,0.0,0.0,1
1785971077,435054302,50.0,-1.6080644766436976,-1.571482006703512,-1.132749382649557,-4.617770854626791,-4.890483919774191,0.49040499329566956,0.22439582645893097,0.26730895042419434,0.0,0.0,0.0,-0.4125002324581146,0.0,0.0,0.0,0.0,0.0,0.0,1
1785971077,453960418,50.0,-1.6044672171222132,-1.5671666304217737,-1.1327255407916468,-4.6177348534213465,-4.890375677739279,0.4838732182979584,0.22618547081947327,0.26822933554649353,0.0,0.0,0.0,-0.4144943952560425,0.0,0.0,0.0,0.0,0.0,0.0,1
1785971077,475535392,50.0,-1.5989869276629847,-1.5606940428363245,-1.132749382649557,-4.617722932492391,-4.890459958706991,0.47405776381492615,0.23046784102916718,0.2723838686943054,0.0,0.0,0.0,-0.4219725430011749,0.0,0.0,0.0,0.0,0.0,0.0,1
1785971077,493888616,50.0,-1.5952337423907679,-1.556330982838766,-1.1327374617206019,-4.617722932492391,-4.890412036572592,0.46727392077445984,0.23409825563430786,0.27211540937423706,0.0,0.0,0.0,-0.42267563939094543,0.0,0.0,0.0,0.0,0.0,0.0,1
1785971077,515074014,50.0,-1.589466396962301,-1.5497992674456995,-1.132749382649557,-4.617770854626791,-4.890459958706991,0.45715850591659546,0.23528708517551422,0.2814471423625946,0.0,0.0,0.0,-0.4216018319129944,0.0,0.0,0.0,0.0,0.0,0.0,1
1785971077,533861160,50.0,-1.5856769720660608,-1.5453642050372522,-1.1326659361468714,-4.617770854626791,-4.890412036572592,0.4504585564136505,0.23402155935764313,0.27955523133277893,0.0,0.0,0.0,-0.425475150346756,0.0,0.0,0.0,0.0,0.0,0.0,1
1785971077,555052518,50.0,-1.5802086035357874,-1.5386398474322718,-1.1326897780047815,-4.617770854626791,-4.890459958706991,0.44015100598335266,0.2347501963376999,0.2782129943370819,0.0,0.0,0.0,-0.42868372797966003,0.0,0.0,0.0,0.0,0.0,0.0,1
1785971077,574068546,50.0,-1.5765398184405726,-1.5340612570392054,-1.1327136198626917,-4.6177948156939905,-4.890387598668234,0.433199405670166,0.23501864075660706,0.2779061794281006,0.0,0.0,0.0,-0.42401787638664246,0.0,0.0,0.0,0.0,0.0,0.0,1
1785971077,594934225,50.0,-1.5710485617267054,-1.5274575392352503,-1.1327016989337366,-4.6177348534213465,-4.890471879635946,0.4229753613471985,0.23409825563430786,0.2762955129146576,0.0,0.0,0.0,-0.42267563939094543,0.0,0.0,0.0,0.0,0.0,0.0,1
1785971077,613903522,50.0,-1.5672467390643519,-1.52311879793276,-1.1327136198626917,-4.6177348534213465,-4.890399638806478,0.4162518382072449,0.23498030006885529,0.27904388308525085,0.0,0.0,0.0,-0.422483891248703,0.0,0.0,0.0,0.0,0.0,0.0,1
1785971077,634869575,50.0,-1.5614431540118616,-1.516562287007467,-1.1327016989337366,-4.617746893559591,-4.890459958706991,0.40596750378608704,0.236833855509758,0.28082075715065,0.0,0.0,0.0,-0.4242607355117798,0.0,0.0,0.0,0.0,0.0,0.0,1
1785971077,653896093,50.0,-1.5576184431659144,-1.512043301259176,-1.1327255407916468,-4.6177948156939905,-4.890447918568746,0.39902788400650024,0.23756249248981476,0.28209906816482544,0.0,0.0,0.0,-0.424388587474823,0.0,0.0,0.0,0.0,0.0,0.0,1
1785971077,675383567,50.0,-1.5519707838641565,-1.5052960554706019,-1.1327255407916468,-4.617806855832235,-4.890435997639791,0.3887559175491333,0.23824000358581543,0.27955523133277893,0.0,0.0,0.0,-0.4196971654891968,0.0,0.0,0.0,0.0,0.0,0.0,1
1785971077,693822860,50.0,-1.5482896010028284,-1.500909153615133,-1.1326540152179163,-4.617806855832235,-4.890447918568746,0.38198330998420715,0.23808661103248596,0.2775226831436157,0.0,0.0,0.0,-0.4185466766357422,0.0,0.0,0.0,0.0,0.0,0.0,1
1785971077,715078115,50.0,-1.542750660573141,-1.4943893591510218,-1.1327016989337366,-4.617758814488546,-4.890459958706991,0.3718188405036926,0.2332545667886734,0.2762955129146576,0.0,0.0,0.0,-0.4162968397140503,0.0,0.0,0.0,0.0,0.0,0.0,1
1785971077,733909845,50.0,-1.539093319569723,-1.490014378224508,-1.1326659361468714,-4.617710892354147,-4.890412036572592,0.3649986684322357,0.23316508531570435,0.2771519720554352,0.0,0.0,0.0,-0.41412368416786194,0.0,0.0,0.0,0.0,0.0,0.0,1
1785971077,755072832,50.0,-1.5334580580340784,-1.4834230581866663,-1.1327136198626917,-4.617758814488546,-4.890447918568746,0.35507386922836304,0.23289664089679718,0.27408403158187866,0.0,0.0,0.0,-0.41298598051071167,0.0,0.0,0.0,0.0,0.0,0.0,1
1785971077,773854732,50.0,-1.5296452681170862,-1.4789040724383753,-1.1327016989337366,-4.6177948156939905,-4.890412036572592,0.3483731746673584,0.2305445373058319,0.27476152777671814,0.0,0.0,0.0,-0.41529974341392517,0.0,0.0,0.0,0.0,0.0,0.0,1
1785971077,794995307,50.0,-1.5239980856524866,-1.4721806685077112,-1.1327374617206019,-4.6177348534213465,-4.890459958706991,0.33832815289497375,0.23376590013504028,0.2703513503074646,0.0,0.0,0.0,-0.4112219214439392,0.0,0.0,0.0,0.0,0.0,0.0,1
1785971077,813949346,50.0,-1.5203293005572718,-1.4679258505450647,-1.1326659361468714,-4.617770854626791,-4.890423957501547,0.3316877782344818,0.23172058165073395,0.26911136507987976,0.0,0.0,0.0,-0.40448516607284546,0.0,0.0,0.0,0.0,0.0,0.0,1
1785971077,834919452,50.0,-1.5148971716510218,-1.4615734259234827,-1.1326659361468714,-4.6177948156939905,-4.890459958706991,0.3219543397426605,0.22686298191547394,0.26661863923072815,0.0,0.0,0.0,-0.40337303280830383,0.0,0.0,0.0,0.0,0.0,0.0,1
1785971077,853984355,50.0,-1.5113723913775843,-1.457391087208883,-1.1326897780047815,-4.617758814488546,-4.890412036572592,0.3154809772968292,0.22223547101020813,0.26297545433044434,0.0,0.0,0.0,-0.4025932550430298,0.0,0.0,0.0,0.0,0.0,0.0,1
1785971077,875418424,50.0,-1.506204907094137,-1.4511469046222132,-1.1326897780047815,-4.617770854626791,-4.890447918568746,0.305855393409729,0.21693044900894165,0.26043158769607544,0.0,0.0,0.0,-0.3967130184173584,0.0,0.0,0.0,0.0,0.0,0.0,1
1785971077,893883466,50.0,-1.5027278105365198,-1.44690448442568,-1.1327136198626917,-4.617770854626791,-4.890435997639791,0.2995857894420624,0.21854113042354584,0.2563154101371765,0.0,0.0,0.0,-0.389720618724823,0.0,0.0,0.0,0.0,0.0,0.0,1
1785971077,915001153,50.0,-1.4973567167865198,-1.4407199064837855,-1.1326540152179163,-4.617758814488546,-4.890495840703146,0.2902834117412567,0.21854113042354584,0.25547173619270325,0.0,0.0,0.0,-0.3915230333805084,0.0,0.0,0.0,0.0,0.0,0.0,1
1785971077,933821439,50.0,-1.4938557783709925,-1.4366572538958948,-1.1327136198626917,-4.617758814488546,-4.890459958706991,0.28405049443244934,0.21814484894275665,0.2520202696323395,0.0,0.0,0.0,-0.3906921446323395,0.0,0.0,0.0,0.0,0.0,0.0,1
1785971077,955429792,50.0,-1.4886286894427698,-1.4306653181659144,-1.1326659361468714,-4.617770854626791,-4.890447918568746,0.27478405833244324,0.21700716018676758,0.24916961789131165,0.0,0.0,0.0,-0.3821529746055603,0.0,0.0,0.0,0.0,0.0,0.0,1
1785971077,973925113,50.0,-1.485283676777975,-1.4267337957965296,-1.1327016989337366,-4.617770854626791,-4.890435997639791,0.2687421441078186,0.21208563446998596,0.24771232903003693,0.0,0.0,0.0,-0.37247610092163086,0.0,0.0,0.0,0.0,0.0,0.0,1
1785971077,995267629,50.0,-1.480499569569723,-1.4209807554828089,-1.1326773802386683,-4.6177348534213465,-4.890483919774191,0.2599430978298187,0.2014244645833969,0.24071994423866272,0.0,0.0,0.0,-0.3699706196784973,0.0,0.0,0.0,0.0,0.0,0.0,1
1785971078,13970136,50.0,-1.4773944059955042,-1.4174216429339808,-1.1327255407916468,-4.617758814488546,-4.890412036572592,0.2540685832500458,0.19686086475849152,0.23536379635334015,0.0,0.0,0.0,-0.36485734581947327,0.0,0.0,0.0,0.0,0.0,0.0,1
1785971078,34918069,50.0,-1.4726465384112757,-1.4116094748126429,-1.1327255407916468,-4.6177348534213465,-4.890435997639791,0.24536578357219696,0.19487948715686798,0.22883158922195435,0.0,0.0,0.0,-0.35555118322372437,0.0,0.0,0.0,0.0,0.0,0.0,1
1785971078,54052114,50.0,-1.4694331328021448,-1.4078581968890589,-1.1326420942889612,-4.6177948156939905,-4.890423957501547,0.23976726830005646,0.19268077611923218,0.22549517452716827,0.0,0.0,0.0,-0.3498370945453644,0.0,0.0,0.0,0.0,0.0,0.0,1
1785971078,75449943,50.0,-1.464614216481344,-1.402405087147848,-1.1327255407916468,-4.617746893559591,-4.890423957501547,0.23161500692367554,0.19213110208511353,0.22313030064105988,0.0,0.0,0.0,-0.3419882357120514,0.0,0.0,0.0,0.0,0.0,0.0,1
1785971078,93859910,50.0,-1.4615691343890589,-1.3988936583148401,-1.1327136198626917,-4.617746893559591,-4.890471879635946,0.2262325882911682,0.18805326521396637,0.2180042415857315,0.0,0.0,0.0,-0.335289865732193,0.0,0.0,0.0,0.0,0.0,0.0,1
1785971078,115070104,50.0,-1.4572051207171839,-1.3938124815570276,-1.1326659361468714,-4.617722932492391,-4.890459958706991,0.21834434568881989,0.17821022868156433,0.21038547158241272,0.0,0.0,0.0,-0.32636719942092896,0.0,0.0,0.0,0.0,0.0,0.0,1
1785971078,133906364,50.0,-1.4544113318072718,-1.3904688994037073,-1.1326897780047815,-4.6177828947650355,-4.890447918568746,0.21316491067409515,0.17243222892284393,0.20878757536411285,0.0,0.0,0.0,-0.32007789611816406,0.0,0.0,0.0,0.0,0.0,0.0,1
1785971078,155178546,50.0,-1.4504912535296839,-1.385615650807516,-1.1327016989337366,-4.617746893559591,-4.890435997639791,0.20567214488983154,0.16644969582557678,0.20063190162181854,0.0,0.0,0.0,-0.30567124485969543,0.0,0.0,0.0,0.0,0.0,0.0,1
1785971078,173862934,50.0,-1.447829548512594,-1.3824752012835901,-1.1326897780047815,-4.617758814488546,-4.890483919774191,0.20087696611881256,0.16303659975528717,0.19050763547420502,0.0,0.0,0.0,-0.30145278573036194,0.0,0.0,0.0,0.0,0.0,0.0,1
1785971078,195230484,50.0,-1.4439333120929163,-1.3778498808490198,-1.1327136198626917,-4.61781877676119,-4.890435997639791,0.19383959472179413,0.16035212576389313,0.18901200592517853,0.0,0.0,0.0,-0.2923000454902649,0.0,0.0,0.0,0.0,0.0,0.0,1
1785971078,213953971,50.0,-1.4412716070758265,-1.3748534361468714,-1.1326420942889612,-4.617758814488546,-4.890435997639791,0.18929608166217804,0.1573864370584488,0.18493416905403137,0.0,0.0,0.0,-0.28493693470954895,0.0,0.0,0.0,0.0,0.0,0.0,1
1785971078,235464096,50.0,-1.4373753706561487,-1.370467487965719,-1.1326773802386683,-4.617758814488546,-4.890483919774191,0.18254634737968445,0.15128885209560394,0.1750144213438034,0.0,0.0,0.0,-0.27032577991485596,0.0,0.0,0.0,0.0,0.0,0.0,1
1785971078,253975391,50.0,-1.4349177519427698,-1.3677590529071253,-1.1327255407916468,-4.617830816899435,-4.890447918568746,0.17833837866783142,0.14482057094573975,0.17165245115756989,0.0,0.0,0.0,-0.26298823952674866,0.0,0.0,0.0,0.0,0.0,0.0,1
1785971078,275056362,50.0,-1.435373608266012,-1.3687060515033167,-1.133096996937887,-4.61742335954775,-4.890471879635946,0.17933344841003418,0.09653852880001068,-0.001291100517846644,-0.03238137811422348,0.045348308980464935,0.0,0.0015339808305725455,0.0,0.0,0.0,0.0,0.0,0.0,1
1785971078,293918132,50.0,-1.4350016752826136,-1.3682263533221644,-1.1317914167987269,-4.617974583302633,-4.89050788084139,0.17892560362815857,0.005023787263780832,-0.025745311751961708,-0.06819023936986923,-0.018503643572330475,0.0,-0.007529288996011019,0.0,0.0,0.0,0.0,0.0,0.0,1
1785971078,314724683,50.0,-1.4357207457171839,-1.3685501257525843,-1.1321986357318323,-4.617962662373678,-4.890483919774191,0.17933344841003418,-0.024032365530729294,-0.018318288028240204,-0.002684466540813446,-0.0023489082232117653,0.0,0.0174490325152874,0.0,0.0,0.0,0.0,0.0,0.0,1
1785971078,333960294,50.0,-1.4367998282061976,-1.3690174261676233,-1.1324742476092737,-4.617854777966635,-4.890375677739279,0.17966900765895844,-0.06204952299594879,-0.02569417841732502,-0.021595574915409088,-0.0014860439114272594,0.0,0.022421685978770256,0.0,0.0,0.0,0.0,0.0,0.0,1
1785971078,354990959,50.0,-1.4375785032855433,-1.3694608847247522,-1.132521931325094,-4.617830816899435,-4.890423957501547,0.18019668757915497,-0.019788352772593498,-0.024275247007608414,-0.003906857687979937,-0.0009587380336597562,0.0,0.022907447069883347,0.0,0.0,0.0,0.0,0.0,0.0,1
1785971078,373864412,50.0,-1.437530819569723,-1.3697007338153284,-1.1325820128070276,-4.61784273782839,-4.890447918568746,0.18049629032611847,0.006199839059263468,-0.00942119862884283,-0.0028762139845639467,-0.0007669904152862728,0.0,0.012565859593451023,0.0,0.0,0.0,0.0,0.0,0.0,1
1785971078,395077943,50.0,-1.43663198152651,-1.369425121937887,-1.1325104872332972,-4.61786669889559,-4.890471879635946,0.18023262917995453,0.02281796559691429,0.0024288028944283724,-0.0023009711876511574,-0.0005992112564854324,0.0,-0.0044996771030128,0.0,0.0,0.0,0.0,0.0,0.0,1
1785971078,413871288,50.0,-1.4357207457171839,-1.3691852728473108,-1.1324504057513636,-4.617914621029989,-4.890447918568746,0.18001654744148254,0.06298269331455231,0.018752915784716606,-0.0014620755100622773,-0.0005033374764025211,0.0,-0.013780261389911175,0.0,0.0,0.0,0.0,0.0,0.0,1
1785971078,434880256,50.0,-1.4351933638202112,-1.368861500416891,-1.1324265638934534,-4.617914621029989,-4.890459958706991,0.1798008233308792,0.016094015911221504,0.008973787538707256,-0.0009347695740871131,-0.00043143212678842247,0.0,-0.005023787263780832,0.0,0.0,0.0,0.0,0.0,0.0,1
1785971078,454035758,50.0,-1.4354332129107874,-1.3687899748431605,-1.1324623266803187,-4.61781877676119,-4.890412036572592,0.17989669740200043,-0.004704207647591829,0.007721036672592163,-0.0007669904152862728,-0.0003834952076431364,0.0,0.000945954816415906,0.0,0.0,0.0,0.0,0.0,0.0,1
1785971078,475486755,50.0,-1.436164681111471,-1.3689811865436,-1.1325462500201624,-4.617830816899435,-4.890447918568746,0.18011242151260376,-0.020683174952864647,-0.006199839059263468,-0.0005992112564854324,-0.00033555831760168076,0.0,0.0093317162245512,0.0,0.0,0.0,0.0,0.0,0.0,1
1785971078,493955135,50.0,-1.4368842283831995,-1.369089428578512,-1.132594410573141,-4.61781877676119,-4.890471879635946,0.18030454218387604,-0.04059935733675957,-0.007542072329670191,-0.0005033374764025211,-0.0003115898580290377,0.0,0.008436894975602627,0.0,0.0,0.0,0.0,0.0,0.0,1
1785971078,515049457,50.0,-1.4372199217425745,-1.3692448774920862,-1.1326301733600062,-4.617854777966635,-4.890435997639791,0.18030454218387604,-0.008705341257154942,-0.004704207647591829,-0.0004793690168298781,-0.0002636529679875821,0.0,0.0017512948252260685,0.0,0.0,0.0,0.0,0.0,0.0,1
1785971078,533849000,50.0,-1.4370396772967737,-1.369209114705221,-1.1326773802386683,-4.617902700101034,-4.890399638806478,0.18020866811275482,0.005381715949624777,-0.002122006844729185,-0.009922938421368599,-0.0002636529679875821,0.0,-0.0003067961661145091,0.0,0.0,0.0,0.0,0.0,0.0,1
1785971078,555007934,50.0,-1.4362967650042933,-1.369101349507467,-1.1326420942889612,-4.617902700101034,-4.890483919774191,0.18016035854816437,0.027368774637579918,0.006084790453314781,-0.002229065867140889,-0.00023968450841493905,0.0,-0.002684466540813446,0.0,0.0,0.0,0.0,0.0,0.0,1
1785971078,573894739,50.0,-1.4357088247882288,-1.3690174261676233,-1.1325700918780726,-4.61784273782839,-4.890483919774191,0.18011242151260376,0.027394341304898262,0.0028889973182231188,-0.0014381069922819734,-0.00021571606339421123,0.0,-0.001252750982530415,0.0,0.0,0.0,0.0,0.0,0.0,1
1785971078,595210790,50.0,-1.435601059590475,-1.3690531889544886,-1.1326058546649378,-4.617890659962789,-4.890423957501547,0.18019668757915497,0.0068517811596393585,0.0010098706698045135,-0.0009347695740871131,-0.0001917476038215682,0.0,-0.000690291344653815,0.0,0.0,0.0,0.0,0.0,0.0,1
1785971078,613859415,50.0,-1.4357927481280726,-1.3690174261676233,-1.132618252431051,-4.61786669889559,-4.890471879635946,0.18019668757915497,-0.003502589650452137,0.0008820389630272985,-0.0007430219557136297,-0.0001917476038215682,0.0,0.00014061490946915,0.0,0.0,0.0,0.0,0.0,0.0,1
1785971078,634951114,50.0,-1.4364402929889124,-1.369209114705221,-1.1326659361468714,-4.617854777966635,-4.890423957501547,0.18014837801456451,-0.02058091014623642,-0.004218447487801313,-0.0005752427969127893,-0.00016777915880084038,0.0,0.00014061490946915,0.0,0.0,0.0,0.0,0.0,0.0,1
1785971078,654009103,50.0,-1.436751667653219,-1.369221035634176,-1.1326773802386683,-4.617926661168234,-4.890471879635946,0.18016035854816437,-0.014687865972518921,-0.0041800979524850845,-0.0005033374764025211,-0.00016777915880084038,0.0,0.00014061490946915,0.0,0.0,0.0,0.0,0.0,0.0,1
1785971078,675254106,50.0,-1.436836067830221,-1.3691852728473108,-1.1326540152179163,-4.617854777966635,-4.890483919774191,0.1801244020462036,0.004039482679218054,-0.0011377024929970503,-0.00043143212678842247,-0.00014381069922819734,0.0,0.00014061490946915,0.0,0.0,0.0,0.0,0.0,0.0,1
1785971078,693958997,50.0,-1.4366081396686,-1.3691609541522425,-1.1327136198626917,-4.617830816899435,-4.890423957501547,0.18018431961536407,0.00942119862884283,-0.0007669904152862728,-0.0003834952076431364,-0.00014381069922819734,0.0,0.00014061490946915,0.0,0.0,0.0,0.0,0.0,0.0,1
1785971078,715375661,50.0,-1.4362605253802698,-1.369101349507467,-1.1326301733600062,-4.61784273782839,-4.890459958706991,0.18019668757915497,0.01890631392598152,0.00015339808305725455,-0.00033555831760168076,-0.00014381069922819734,0.0,0.0,0.0,0.0,0.0,0.0,0.0,0.0,1
1785971078,733974695,50.0,-1.4360087553607386,-1.3689935843097132,-1.1326773802386683,-4.617878739033834,-4.890412036572592,0.18020866811275482,0.007772169541567564,0.0018407769966870546,-0.0003115898580290377,-0.00014381069922819734,0.0,0.0,0.0,0.0,0.0,0.0,0.0,0.0,1
1785971078,754905939,50.0,-1.4360211531268519,-1.369101349507467,-1.132618252431051,-4.617890659962789,-4.890423957501547,0.1801244020462036,0.0017129452899098396,0.0018279937794432044,-0.0002636529679875821,-0.00011984225420746952,0.0,0.0,0.0,0.0,0.0,0.0,0.0,0.0,1
1785971078,773875713,50.0,-1.436152760182516,-1.3690655867206019,-1.132594410573141,-4.61786669889559,-4.890423957501547,0.18014837801456451,-0.0022242721170186996,0.001035437104292214,-0.0002636529679875821,-0.00011984225420746952,0.0,0.0,0.0,0.0,0.0,0.0,0.0,0.0,1
1785971078,794992446,50.0,-1.4364402929889124,-1.3691495100604456,-1.1326897780047815,-4.61786669889559,-4.890423957501547,0.18018431961536407,-0.008756473660469055,-0.0006263754912652075,-0.00023968450841493905,-0.00011984225420746952,0.0,0.0,0.0,0.0,0.0,0.0,0.0,0.0,1
1785971078,813910007,50.0,-1.4365361372577112,-1.369197193776266,-1.1326659361468714,-4.61784273782839,-4.890423957501547,0.18017233908176422,-0.004806473385542631,-0.0006263754912652075,-0.00021571606339421123,-0.00011984225420746952,0.0,0.0,0.0,0.0,0.0,0.0,0.0,0.0,1
1785971078,834838390,50.0,-1.436512295399801,-1.369089428578512,-1.1326420942889612,-4.617878739033834,-4.890435997639791,0.18025660514831543,-0.0011888351291418076,-0.0006263754912652075,-0.0001917476038215682,2.3968450477696024e-05,0.0,0.0,0.0,0.0,0.0,0.0,0.0,0.0,1
1785971078,854065895,50.0,-1.4363682905780237,-1.369089428578512,-1.1326058546649378,-4.617854777966635,-4.890471879635946,0.18024462461471558,0.00020453077740967274,-0.0006263754912652075,-0.0001917476038215682,2.3968450477696024e-05,0.0,0.001342233270406723,0.0,0.0,0.0,0.0,0.0,0.0,1
1785971078,874690771,50.0,-1.4362004438983362,-1.3691132704364222,-1.1326420942889612,-4.617878739033834,-4.890483919774191,0.18018431961536407,0.0036048549227416515,-0.00046019424917176366,-0.00016777915880084038,2.3968450477696024e-05,0.0,-0.0003451456723269075,0.0,0.0,0.0,0.0,0.0,0.0,1
1785971078,894024372,50.0,-1.4361885229693812,-1.369089428578512,-1.1326773802386683,-4.617902700101034,-4.890447918568746,0.18013638257980347,0.0020836573094129562,-0.0003834952076431364,-0.00016777915880084038,2.3968450477696024e-05,0.0,-0.0003451456723269075,0.0,0.0,0.0,0.0,0.0,0.0,1
1785971078,914832592,50.0,-1.4362967650042933,-1.3691609541522425,-1.1326540152179163,-4.61784273782839,-4.890435997639791,0.18011242151260376,0.0008948221220634878,-0.0003067961661145091,-0.00014381069922819734,2.3968450477696024e-05,0.0,-0.0003451456723269075,0.0,0.0,0.0,0.0,0.0,0.0,1
1785971078,933956861,50.0,-1.4364283720599573,-1.3691609541522425,-1.1326773802386683,-4.617890659962789,-4.890423957501547,0.18014837801456451,-0.0036815539933741093,-0.0,-0.00014381069922819734,2.3968450477696024e-05,0.0,-0.0003451456723269075,0.0,0.0,0.0,0.0,0.0,0.0,1
1785971078,955039262,50.0,-1.4364641348468226,-1.369197193776266,-1.1327374617206019,-4.61784273782839,-4.890459958706991,0.18024462461471558,-0.002684466540813446,-0.0,-0.00014381069922819734,2.3968450477696024e-05,0.0,-0.00043462790199555457,0.0,0.0,0.0,0.0,0.0,0.0,1
1785971078,973948717,50.0,-1.4364283720599573,-1.3691251913653772,-1.1326897780047815,-4.617806855832235,-4.890471879635946,0.18023262917995453,-0.001252750982530415,-0.0,-0.00014381069922819734,2.3968450477696024e-05,0.0,0.0013933659065514803,0.0,0.0,0.0,0.0,0.0,0.0,1
1785971078,995564699,50.0,-1.4363206068622034,-1.3691371122943323,-1.1327016989337366,-4.61786669889559,-4.890423957501547,0.18016035854816437,0.0001917476038215682,-0.0,-0.00014381069922819734,2.3968450477696024e-05,0.0,-0.0002812298189383,0.0,0.0,0.0,0.0,0.0,0.0,1
1785971079,13981103,50.0,-1.4362967650042933,-1.3691495100604456,-1.1327016989337366,-4.617890659962789,-4.890483919774191,0.18016035854816437,0.002122006844729185,-0.0,-0.00014381069922819734,2.3968450477696024e-05,0.0,-0.0002812298189383,0.0,0.0,0.0,0.0,0.0,0.0,1
1785971079,35022258,50.0,-1.436272446309225,-1.369101349507467,-1.1327255407916468,-4.617890659962789,-4.890423957501547,0.18014837801456451,0.001291100517846644,-0.0,-0.00014381069922819734,2.3968450477696024e-05,0.0,-0.0002812298189383,0.0,0.0,0.0,0.0,0.0,0.0,1
1785971079,54181814,50.0,-1.4363206068622034,-1.3691609541522425,-1.1327136198626917,-4.61784273782839,-4.890423957501547,0.18016035854816437,0.0008309062686748803,-0.0,-0.00014381069922819734,2.3968450477696024e-05,0.0,-0.0002812298189383,0.0,0.0,0.0,0.0,0.0,0.0,1
1785971079,74752092,50.0,-1.4364045302020472,-1.3691251913653772,-1.1326659361468714,-4.61784273782839,-4.890447918568746,0.18024462461471558,-0.00014061490946915,-0.0,-0.00014381069922819734,2.3968450477696024e-05,0.0,-0.00048576059634797275,0.0,0.0,0.0,0.0,0.0,0.0,1
1785971079,94070434,50.0,-1.4364045302020472,-1.3691371122943323,-1.1327255407916468,-4.617830816899435,-4.890483919774191,0.18020866811275482,-0.00014061490946915,-0.0,-0.00014381069922819734,2.3968450477696024e-05,0.0,-0.00048576059634797275,0.0,0.0,0.0,0.0,0.0,0.0,1
1785971079,114986896,50.0,-1.4363563696490687,-1.3691371122943323,-1.1326897780047815,-4.61786669889559,-4.890423957501547,0.18019668757915497,-0.00014061490946915,-0.0,-0.00014381069922819734,2.3968450477696024e-05,0.0,-0.00048576059634797275,0.0,0.0,0.0,0.0,0.0,0.0,1
1785971079,133862733,50.0,-1.4362967650042933,-1.3691132704364222,-1.1326897780047815,-4.617890659962789,-4.890412036572592,0.18018431961536407,-0.00014061490946915,-0.0,-0.00014381069922819734,2.3968450477696024e-05,0.0,0.00043462790199555457,0.0,0.0,0.0,0.0,0.0,0.0,1
1785971079,154904603,50.0,-1.4362967650042933,-1.3691132704364222,-1.1326773802386683,-4.617890659962789,-4.890495840703146,0.18016035854816437,-0.00014061490946915,-0.0,-0.00014381069922819734,2.3968450477696024e-05,0.0,0.00043462790199555457,0.0,0.0,0.0,0.0,0.0,0.0,1
1785971079,173898696,50.0,-1.4362967650042933,-1.3691371122943323,-1.1326659361468714,-4.617890659962789,-4.890412036572592,0.18014837801456451,-0.00014061490946915,-0.0,-0.00014381069922819734,2.3968450477696024e-05,0.0,-0.0005752427969127893,0.0,0.0,0.0,0.0,0.0,0.0,1
1785971079,195026874,50.0,-1.4363444487201136,-1.369089428578512,-1.1327016989337366,-4.617890659962789,-4.890435997639791,0.18022064864635468,-0.00014061490946915,-0.0,-0.00014381069922819734,2.3968450477696024e-05,0.0,-0.0005752427969127893,0.0,0.0,0.0,0.0,0.0,0.0,1
1785971079,213869333,50.0,-1.4364045302020472,-1.369089428578512,-1.1326773802386683,-4.617890659962789,-4.890423957501547,0.18018431961536407,0.0,-0.0,-0.00014381069922819734,2.3968450477696024e-05,0.0,-0.0005752427969127893,0.0,0.0,0.0,0.0,0.0,0.0,1
1785971079,234845399,50.0,-1.4363802115069788,-1.3691371122943323,-1.1327255407916468,-4.617854777966635,-4.890399638806478,0.18017233908176422,0.0,-0.0,-0.00014381069922819734,2.3968450477696024e-05,0.0,0.00043462790199555457,0.0,0.0,0.0,0.0,0.0,0.0,1
1785971079,254111766,12.5,-1.4363082090960901,-1.369089428578512,-1.1327374617206019,-4.617902700101034,-4.890423957501547,0.18017233908176422,0.0,-0.0,-0.00014381069922819734,2.3968450477696024e-05,0.0,0.00043462790199555457,0.0,0.0,0.0,0.0,0.0,0.0,1
1785971079,275443553,12.5,-1.436272446309225,-1.369089428578512,-1.1326897780047815,-4.61784273782839,-4.890471879635946,0.18018431961536407,0.0,-0.0,-0.00014381069922819734,2.3968450477696024e-05,0.0,0.00043462790199555457,0.0,0.0,0.0,0.0,0.0,0.0,1
1785971079,293916225,12.5,-1.4363206068622034,-1.369101349507467,-1.1327016989337366,-4.617854777966635,-4.890423957501547,0.18020866811275482,0.0,-0.0,-0.00014381069922819734,2.3968450477696024e-05,0.0,0.00043462790199555457,0.0,0.0,0.0,0.0,0.0,0.0,1
1785971079,315254926,12.5,-1.4363206068622034,-1.3691609541522425,-1.1327136198626917,-4.61786669889559,-4.890399638806478,0.18019668757915497,0.0,-0.0,-0.00014381069922819734,2.3968450477696024e-05,0.0,0.00043462790199555457,0.0,0.0,0.0,0.0,0.0,0.0,1
1785971079,333828926,12.5,-1.4363563696490687,-1.369089428578512,-1.1327136198626917,-4.617854777966635,-4.890459958706991,0.18018431961536407,0.0,-0.0,-0.00014381069922819734,2.3968450477696024e-05,0.0,0.0,0.0,0.0,0.0,0.0,0.0,0.0,1
1785971079,355072498,12.5,-1.4363682905780237,-1.3691495100604456,-1.1326659361468714,-4.61786669889559,-4.890483919774191,0.18013638257980347,0.0,-0.0,-0.00014381069922819734,2.3968450477696024e-05,0.0,0.0,0.0,0.0,0.0,0.0,0.0,0.0,1
1785971079,373865127,12.5,-1.4363082090960901,-1.3691733519183558,-1.1326897780047815,-4.61784273782839,-4.890447918568746,0.1801244020462036,0.0,-0.0,-0.00011984225420746952,2.3968450477696024e-05,0.0,0.0,0.0,0.0,0.0,0.0,0.0,0.0,1
1785971079,394912481,12.5,-1.4362967650042933,-1.3691251913653772,-1.1327374617206019,-4.61786669889559,-4.890435997639791,0.18014837801456451,0.0,-0.0,-0.00011984225420746952,2.3968450477696024e-05,0.0,0.0,0.0,0.0,0.0,0.0,0.0,0.0,1
1785971079,413772821,12.5,-1.4362967650042933,-1.3691251913653772,-1.1327136198626917,-4.61786669889559,-4.890387598668234,0.18016035854816437,0.0,-0.0,-0.00011984225420746952,2.3968450477696024e-05,0.0,0.0,0.0,0.0,0.0,0.0,0.0,0.0,1
1785971079,434752464,12.5,-1.4363802115069788,-1.3691609541522425,-1.1327016989337366,-4.617854777966635,-4.890399638806478,0.18023262917995453,0.0,-0.0,-0.00011984225420746952,2.3968450477696024e-05,0.0,0.0,0.0,0.0,0.0,0.0,0.0,0.0,1
1785971079,454257488,12.5,-1.4363921324359339,-1.3691371122943323,-1.1327016989337366,-4.617854777966635,-4.890459958706991,0.18019668757915497,0.0,-0.0,-0.00011984225420746952,2.3968450477696024e-05,0.0,0.0,0.0,0.0,0.0,0.0,0.0,0.0,1
1785971079,474834203,12.5,-1.4363563696490687,-1.3691371122943323,-1.1327136198626917,-4.61781877676119,-4.890471879635946,0.18019668757915497,0.0,-0.0,-9.58738019107841e-05,2.3968450477696024e-05,0.0,0.0,0.0,0.0,0.0,0.0,0.0,0.0,1
1785971079,493970632,12.5,-1.4363563696490687,-1.3691251913653772,-1.1327374617206019,-4.61786669889559,-4.890423957501547,0.18013638257980347,0.0,-0.0,-9.58738019107841e-05,2.3968450477696024e-05,0.0,0.0,0.0,0.0,0.0,0.0,0.0,0.0,1
1785971079,514870882,12.5,-1.4363325277911585,-1.3691371122943323,-1.1327136198626917,-4.61784273782839,-4.890423957501547,0.18016035854816437,0.0,-0.0,-9.58738019107841e-05,2.3968450477696024e-05,0.0,0.0,0.0,0.0,0.0,0.0,0.0,0.0,1
1785971079,534003496,12.5,-1.4363082090960901,-1.3691371122943323,-1.1327255407916468,-4.61786669889559,-4.890447918568746,0.18018431961536407,0.0,-0.0,-9.58738019107841e-05,2.3968450477696024e-05,0.0,0.0,0.0,0.0,0.0,0.0,0.0,0.0,1
1785971079,554872035,12.5,-1.4363563696490687,-1.369077507649557,-1.1326897780047815,-4.617854777966635,-4.890459958706991,0.18022064864635468,0.0,-0.0,-9.58738019107841e-05,2.3968450477696024e-05,0.0,0.0,0.0,0.0,0.0,0.0,0.0,0.0,1
1785971079,573861598,12.5,-1.4363325277911585,-1.369101349507467,-1.1327255407916468,-4.61781877676119,-4.890435997639791,0.18018431961536407,0.0,-0.0,-9.58738019107841e-05,2.3968450477696024e-05,0.0,0.0,0.0,0.0,0.0,0.0,0.0,0.0,1
1785971079,595455646,12.5,-1.4363563696490687,-1.3691371122943323,-1.1327255407916468,-4.617854777966635,-4.890435997639791,0.18019668757915497,0.0,-0.0,-9.58738019107841e-05,2.3968450477696024e-05,0.0,0.0,0.0,0.0,0.0,0.0,0.0,0.0,1
1785971079,613862037,12.5,-1.4363325277911585,-1.3691852728473108,-1.1326773802386683,-4.61786669889559,-4.890423957501547,0.18019668757915497,0.0,-0.0,-9.58738019107841e-05,2.3968450477696024e-05,0.0,0.0,0.0,0.0,0.0,0.0,0.0,0.0,1
1785971079,635418415,12.5,-1.4363082090960901,-1.369077507649557,-1.1326897780047815,-4.617806855832235,-4.890483919774191,0.18022064864635468,0.0,-0.0,-9.58738019107841e-05,2.3968450477696024e-05,0.0,0.0,0.0,0.0,0.0,0.0,0.0,0.0,1
1785971079,654025077,12.5,-1.4363444487201136,-1.3691251913653772,-1.1327255407916468,-4.61784273782839,-4.890435997639791,0.18016035854816437,0.0,-0.0,-9.58738019107841e-05,2.3968450477696024e-05,0.0,0.0,0.0,0.0,0.0,0.0,0.0,0.0,1
1785971079,675169467,12.5,-1.4363444487201136,-1.3691371122943323,-1.1327016989337366,-4.617854777966635,-4.890412036572592,0.18019668757915497,0.0,-0.0,-9.58738019107841e-05,2.3968450477696024e-05,0.0,0.0,0.0,0.0,0.0,0.0,0.0,0.0,1
1785971079,693796157,12.5,-1.4362967650042933,-1.369101349507467,-1.1327374617206019,-4.617890659962789,-4.890423957501547,0.18019668757915497,0.0,-0.0,-9.58738019107841e-05,2.3968450477696024e-05,0.0,0.0,0.0,0.0,0.0,0.0,0.0,0.0,1
1785971079,714788436,12.5,-1.4363802115069788,-1.3691251913653772,-1.1326773802386683,-4.61781877676119,-4.890471879635946,0.18018431961536407,0.0,-0.0,-9.58738019107841e-05,2.3968450477696024e-05,0.0,0.0,0.0,0.0,0.0,0.0,0.0,0.0,1
1785971079,733862638,12.5,-1.4363206068622034,-1.369101349507467,-1.1327016989337366,-4.617830816899435,-4.890459958706991,0.18016035854816437,0.0,-0.0,-9.58738019107841e-05,2.3968450477696024e-05,0.0,0.0,0.0,0.0,0.0,0.0,0.0,0.0,1
1785971079,754964828,12.5,-1.4363563696490687,-1.3691371122943323,-1.1326897780047815,-4.61784273782839,-4.890447918568746,0.18019668757915497,0.0,-0.0,-9.58738019107841e-05,2.3968450477696024e-05,0.0,0.0,0.0,0.0,0.0,0.0,0.0,0.0,1
1785971079,773829460,12.5,-1.4363325277911585,-1.369089428578512,-1.1327136198626917,-4.61786669889559,-4.890471879635946,0.18022064864635468,0.0,-0.0,-9.58738019107841e-05,2.3968450477696024e-05,0.0,0.0,0.0,0.0,0.0,0.0,0.0,0.0,1
1785971079,795036077,12.5,-1.4363325277911585,-1.369089428578512,-1.1327374617206019,-4.617854777966635,-4.890483919774191,0.18018431961536407,0.0,-0.0,-9.58738019107841e-05,2.3968450477696024e-05,0.0,0.0,0.0,0.0,0.0,0.0,0.0,0.0,1
1785971079,813875198,12.5,-1.4363206068622034,-1.3691609541522425,-1.1327136198626917,-4.617854777966635,-4.890447918568746,0.18019668757915497,0.0,-0.0,-9.58738019107841e-05,2.3968450477696024e-05,0.0,0.0,0.0,0.0,0.0,0.0,0.0,0.0,1
1785971079,834925174,12.5,-1.4363444487201136,-1.3691132704364222,-1.132761303578512,-4.61786669889559,-4.890412036572592,0.18020866811275482,0.0,-0.0,-9.58738019107841e-05,2.3968450477696024e-05,0.0,0.0,0.0,0.0,0.0,0.0,0.0,0.0,1
1785971079,853946208,12.5,-1.4363444487201136,-1.3691371122943323,-1.1327374617206019,-4.61784273782839,-4.890399638806478,0.18017233908176422,0.0,-0.0,-9.58738019107841e-05,2.3968450477696024e-05,0.0,0.0,0.0,0.0,0.0,0.0,0.0,0.0,1
1785971079,875441074,12.5,-1.4363802115069788,-1.3691495100604456,-1.1327255407916468,-4.61781877676119,-4.890483919774191,0.18014837801456451,0.0,-0.0,-9.58738019107841e-05,2.3968450477696024e-05,0.0,0.0,0.0,0.0,0.0,0.0,0.0,0.0,1
1785971079,893910169,12.5,-1.4363206068622034,-1.3691495100604456,-1.1326897780047815,-4.61784273782839,-4.890483919774191,0.18018431961536407,0.0,-0.0,-9.58738019107841e-05,2.3968450477696024e-05,0.0,0.0,0.0,0.0,0.0,0.0,0.0,0.0,1
1785971079,914806842,12.5,-1.4363325277911585,-1.3691495100604456,-1.132761303578512,-4.617878739033834,-4.890459958706991,0.18017233908176422,0.0,-0.0,-9.58738019107841e-05,2.3968450477696024e-05,0.0,0.0,0.0,0.0,0.0,0.0,0.0,0.0,1
1785971079,933872699,12.5,-1.4363563696490687,-1.3691371122943323,-1.1327737013446253,-4.61784273782839,-4.890459958706991,0.18018431961536407,0.0,-0.0,-9.58738019107841e-05,2.3968450477696024e-05,0.0,0.0,0.0,0.0,0.0,0.0,0.0,0.0,1
1785971079,955756902,12.5,-1.4363206068622034,-1.3691609541522425,-1.1326773802386683,-4.617854777966635,-4.890435997639791,0.18019668757915497,0.0,-0.0,-9.58738019107841e-05,2.3968450477696024e-05,0.0,0.0,0.0,0.0,0.0,0.0,0.0,0.0,1
1785971079,973859786,12.5,-1.4363206068622034,-1.3691852728473108,-1.1327374617206019,-4.617854777966635,-4.890495840703146,0.18014837801456451,0.0,-0.0,-9.58738019107841e-05,2.3968450477696024e-05,0.0,0.0,0.0,0.0,0.0,0.0,0.0,0.0,1
1785971079,995236873,12.5,-1.4363563696490687,-1.3691733519183558,-1.132749382649557,-4.617890659962789,-4.890471879635946,0.18020866811275482,0.0,-0.0,-9.58738019107841e-05,2.3968450477696024e-05,0.0,0.0,0.0,0.0,0.0,0.0,0.0,0.0,1
1785971080,13826370,12.5,-1.4363682905780237,-1.3691495100604456,-1.1326897780047815,-4.617878739033834,-4.890459958706991,0.18019668757915497,0.0,-0.0,-9.58738019107841e-05,2.3968450477696024e-05,0.0,0.0,0.0,0.0,0.0,0.0,0.0,0.0,1
1785971080,35364627,12.5,-1.4363444487201136,-1.369101349507467,-1.1327737013446253,-4.61781877676119,-4.890447918568746,0.18020866811275482,0.0,-0.0,-9.58738019107841e-05,2.3968450477696024e-05,0.0,0.0,0.0,0.0,0.0,0.0,0.0,0.0,1
1785971080,53898096,12.5,-1.4362967650042933,-1.3691852728473108,-1.132749382649557,-4.61786669889559,-4.890459958706991,0.18018431961536407,0.0,-0.0,-9.58738019107841e-05,2.3968450477696024e-05,0.0,0.0,0.0,0.0,0.0,0.0,0.0,0.0,1
1785971080,75092554,12.5,-1.4363206068622034,-1.3691371122943323,-1.132749382649557,-4.617902700101034,-4.890483919774191,0.18019668757915497,0.0,-0.0,-9.58738019107841e-05,2.3968450477696024e-05,0.0,0.0,0.0,0.0,0.0,0.0,0.0,0.0,1
1785971080,93856573,12.5,-1.4363444487201136,-1.3691371122943323,-1.1327255407916468,-4.617878739033834,-4.890435997639791,0.18017233908176422,0.0,-0.0,-9.58738019107841e-05,2.3968450477696024e-05,0.0,0.0,0.0,0.0,0.0,0.0,0.0,0.0,1
1785971080,114808797,12.5,-1.4363682905780237,-1.369101349507467,-1.132749382649557,-4.617878739033834,-4.890447918568746,0.18022064864635468,0.0,-0.0,-9.58738019107841e-05,2.3968450477696024e-05,0.0,0.0,0.0,0.0,0.0,0.0,0.0,0.0,1
1785971080,133932352,12.5,-1.4364045302020472,-1.3691371122943323,-1.1327374617206019,-4.617854777966635,-4.890423957501547,0.18020866811275482,0.0,-0.0,-9.58738019107841e-05,2.3968450477696024e-05,0.0,0.0,0.0,0.0,0.0,0.0,0.0,0.0,1
1785971080,155203580,12.5,-1.4363082090960901,-1.369101349507467,-1.1327737013446253,-4.61784273782839,-4.890423957501547,0.18020866811275482,0.0,-0.0,-9.58738019107841e-05,2.3968450477696024e-05,0.0,0.0,0.0,0.0,0.0,0.0,0.0,0.0,1
1785971080,173890829,12.5,-1.4363325277911585,-1.3691371122943323,-1.132761303578512,-4.617854777966635,-4.890435997639791,0.18017233908176422,0.0,-0.0,-9.58738019107841e-05,2.3968450477696024e-05,0.0,0.0,0.0,0.0,0.0,0.0,0.0,0.0,1
1785971080,194962024,12.5,-1.4362967650042933,-1.3691733519183558,-1.1327374617206019,-4.61781877676119,-4.890423957501547,0.18016035854816437,0.0,-0.0,-7.190534961409867e-05,2.3968450477696024e-05,0.0,0.0,0.0,0.0,0.0,0.0,0.0,0.0,1
1785971080,213789939,12.5,-1.4363682905780237,-1.3691251913653772,-1.1326897780047815,-4.61786669889559,-4.890412036572592,0.1801244020462036,0.0,-0.0,-7.190534961409867e-05,2.3968450477696024e-05,0.0,0.0,0.0,0.0,0.0,0.0,0.0,0.0,1
1785971080,235048532,12.5,-1.4363802115069788,-1.3691371122943323,-1.1327374617206019,-4.617878739033834,-4.890435997639791,0.18019668757915497,0.0,-0.0,-7.190534961409867e-05,2.3968450477696024e-05,0.0,0.0,0.0,0.0,0.0,0.0,0.0,0.0,1
1785971080,254041910,12.5,-1.4363325277911585,-1.3691852728473108,-1.1327255407916468,-4.61784273782839,-4.890435997639791,0.18024462461471558,0.0,-0.0,-7.190534961409867e-05,2.3968450477696024e-05,0.0,0.0,0.0,0.0,0.0,0.0,0.0,0.0,1
1785971080,274984359,12.5,-1.4363082090960901,-1.369089428578512,-1.132761303578512,-4.617902700101034,-4.890423957501547,0.18016035854816437,0.0,-0.0,-7.190534961409867e-05,2.3968450477696024e-05,0.0,0.0,0.0,0.0,0.0,0.0,0.0,0.0,1
1785971080,293945550,12.5,-1.4363802115069788,-1.369089428578512,-1.1327737013446253,-4.617890659962789,-4.890423957501547,0.18017233908176422,0.0,-0.0,-7.190534961409867e-05,2.3968450477696024e-05,0.0,0.0,0.0,0.0,0.0,0.0,0.0,0.0,1
1785971080,315318346,12.5,-1.4363325277911585,-1.369101349507467,-1.1327255407916468,-4.61784273782839,-4.890471879635946,0.18020866811275482,0.0,-0.0,-7.190534961409867e-05,2.3968450477696024e-05,0.0,0.0,0.0,0.0,0.0,0.0,0.0,0.0,1
1785971080,333929777,12.5,-1.4363325277911585,-1.3691251913653772,-1.1327374617206019,-4.61786669889559,-4.890447918568746,0.18017233908176422,0.0,-0.0,-7.190534961409867e-05,2.3968450477696024e-05,0.0,0.0,0.0,0.0,0.0,0.0,0.0,0.0,1
1785971080,354996919,12.5,-1.4363921324359339,-1.3691733519183558,-1.132749382649557,-4.61781877676119,-4.890447918568746,0.18018431961536407,0.0,-0.0,-7.190534961409867e-05,2.3968450477696024e-05,0.0,0.0,0.0,0.0,0.0,0.0,0.0,0.0,1
1785971080,374003171,12.5,-1.4363563696490687,-1.3691251913653772,-1.1327255407916468,-4.617806855832235,-4.890435997639791,0.18018431961536407,0.0,-0.0,-7.190534961409867e-05,2.3968450477696024e-05,0.0,0.0,0.0,0.0,0.0,0.0,0.0,0.0,1
1785971080,395102262,12.5,-1.4363206068622034,-1.369101349507467,-1.1327374617206019,-4.61786669889559,-4.890447918568746,0.18019668757915497,0.0,-0.0,-7.190534961409867e-05,2.3968450477696024e-05,0.0,0.0,0.0,0.0,0.0,0.0,0.0,0.0,1
1785971080,413900613,12.5,-1.4363325277911585,-1.3691251913653772,-1.1327374617206019,-4.61784273782839,-4.890423957501547,0.18018431961536407,0.0,-0.0,-7.190534961409867e-05,2.3968450477696024e-05,0.0,0.0,0.0,0.0,0.0,0.0,0.0,0.0,1
1785971080,434879541,12.5,-1.4363206068622034,-1.369089428578512,-1.1327255407916468,-4.617830816899435,-4.890483919774191,0.18013638257980347,0.0,-0.0,-4.793690095539205e-05,2.3968450477696024e-05,0.0,0.0,0.0,0.0,0.0,0.0,0.0,0.0,1
1785971080,454021215,12.5,-1.4363682905780237,-1.369089428578512,-1.132761303578512,-4.61786669889559,-4.890412036572592,0.18019668757915497,0.0,-0.0,-4.793690095539205e-05,2.3968450477696024e-05,0.0,0.0,0.0,0.0,0.0,0.0,0.0,0.0,1
1785971080,475452899,12.5,-1.4363082090960901,-1.369089428578512,-1.1326773802386683,-4.61786669889559,-4.890495840703146,0.18018431961536407,0.0,-0.0,-4.793690095539205e-05,2.3968450477696024e-05,0.0,0.0,0.0,0.0,0.0,0.0,0.0,0.0,1
1785971080,493890762,12.5,-1.4363563696490687,-1.3691495100604456,-1.132761303578512,-4.61784273782839,-4.890423957501547,0.18022064864635468,0.0,-0.0,-4.793690095539205e-05,2.3968450477696024e-05,0.0,0.0,0.0,0.0,0.0,0.0,0.0,0.0,1
1785971080,515103340,12.5,-1.4363444487201136,-1.3691371122943323,-1.1327255407916468,-4.61784273782839,-4.890483919774191,0.18019668757915497,0.0,-0.0,-4.793690095539205e-05,2.3968450477696024e-05,0.0,0.0,0.0,0.0,0.0,0.0,0.0,0.0,1
1785971080,533916234,12.5,-1.4363206068622034,-1.3691495100604456,-1.1327374617206019,-4.61784273782839,-4.890447918568746,0.18014837801456451,0.0,-0.0,-4.793690095539205e-05,2.3968450477696024e-05,0.0,0.0,0.0,0.0,0.0,0.0,0.0,0.0,1
1785971080,555098295,12.5,-1.4363206068622034,-1.3691132704364222,-1.132761303578512,-4.617806855832235,-4.890471879635946,0.18016035854816437,0.0,-0.0,-4.793690095539205e-05,2.3968450477696024e-05,0.0,0.0,0.0,0.0,0.0,0.0,0.0,0.0,1
1785971080,573910713,12.5,-1.4363563696490687,-1.3691132704364222,-1.132749382649557,-4.61784273782839,-4.890423957501547,0.18018431961536407,0.0,-0.0,-4.793690095539205e-05,2.3968450477696024e-05,0.0,0.0,0.0,0.0,0.0,0.0,0.0,0.0,1
1785971080,595003843,12.5,-1.4363802115069788,-1.3691371122943323,-1.1327737013446253,-4.61786669889559,-4.890459958706991,0.18017233908176422,0.0,-0.0,-4.793690095539205e-05,2.3968450477696024e-05,0.0,0.0,0.0,0.0,0.0,0.0,0.0,0.0,1
1785971080,613898992,12.5,-1.4363444487201136,-1.3691251913653772,-1.1327975432025355,-4.617830816899435,-4.890423957501547,0.18016035854816437,0.0,-0.0,-4.793690095539205e-05,2.3968450477696024e-05,0.0,0.0,0.0,0.0,0.0,0.0,0.0,0.0,1
1785971080,634906053,12.5,-1.4363682905780237,-1.3691495100604456,-1.132761303578512,-4.617890659962789,-4.890471879635946,0.18017233908176422,0.0,-0.0,-4.793690095539205e-05,2.3968450477696024e-05,0.0,0.0,0.0,0.0,0.0,0.0,0.0,0.0,1
1785971080,653982639,12.5,-1.4364045302020472,-1.369209114705221,-1.1327136198626917,-4.617854777966635,-4.890471879635946,0.18017233908176422,0.0,-0.0,-4.793690095539205e-05,2.3968450477696024e-05,0.0,0.0,0.0,0.0,0.0,0.0,0.0,0.0,1
1785971080,675199985,12.5,-1.4363563696490687,-1.369101349507467,-1.1327255407916468,-4.61784273782839,-4.890447918568746,0.18014837801456451,0.0,-0.0,-4.793690095539205e-05,2.3968450477696024e-05,0.0,0.0,0.0,0.0,0.0,0.0,0.0,0.0,1
1785971080,693851947,12.5,-1.4363444487201136,-1.369101349507467,-1.1327374617206019,-4.617878739033834,-4.890399638806478,0.18019668757915497,0.0,-0.0,-4.793690095539205e-05,2.3968450477696024e-05,0.0,0.0,0.0,0.0,0.0,0.0,0.0,0.0,1
1785971080,714956045,12.5,-1.4362967650042933,-1.3691371122943323,-1.1327374617206019,-4.617854777966635,-4.890471879635946,0.18013638257980347,0.0,-0.0,-4.793690095539205e-05,2.3968450477696024e-05,0.0,0.0,0.0,0.0,0.0,0.0,0.0,0.0,1
1785971080,733853101,12.5,-1.4363325277911585,-1.369089428578512,-1.132761303578512,-4.617806855832235,-4.890471879635946,0.18020866811275482,0.0,-0.0,-4.793690095539205e-05,2.3968450477696024e-05,0.0,0.0,0.0,0.0,0.0,0.0,0.0,0.0,1
1785971080,755185127,12.5,-1.4363563696490687,-1.3691495100604456,-1.132761303578512,-4.61784273782839,-4.890399638806478,0.18020866811275482,0.0,-0.0,-4.793690095539205e-05,2.3968450477696024e-05,0.0,0.0,0.0,0.0,0.0,0.0,0.0,0.0,1
1785971080,773894071,12.5,-1.4363082090960901,-1.369101349507467,-1.1326773802386683,-4.61781877676119,-4.890423957501547,0.18024462461471558,0.0,-0.0,-4.793690095539205e-05,2.3968450477696024e-05,0.0,0.0,0.0,0.0,0.0,0.0,0.0,0.0,1
1785971080,795195341,12.5,-1.4363325277911585,-1.3691495100604456,-1.1327374617206019,-4.617854777966635,-4.890412036572592,0.18014837801456451,0.0,-0.0,-4.793690095539205e-05,2.3968450477696024e-05,0.0,0.0,0.0,0.0,0.0,0.0,0.0,0.0,1
1785971080,813925981,12.5,-1.4363563696490687,-1.3691132704364222,-1.1327255407916468,-4.61781877676119,-4.890471879635946,0.18014837801456451,0.0,-0.0,-4.793690095539205e-05,2.3968450477696024e-05,0.0,0.0,0.0,0.0,0.0,0.0,0.0,0.0,1
1785971080,834846973,12.5,-1.4363444487201136,-1.369101349507467,-1.132761303578512,-4.617854777966635,-4.890483919774191,0.18024462461471558,0.0,-0.0,-4.793690095539205e-05,2.3968450477696024e-05,0.0,0.0,0.0,0.0,0.0,0.0,0.0,0.0,1
1785971080,854002714,12.5,-1.4363682905780237,-1.3691371122943323,-1.132761303578512,-4.61786669889559,-4.890459958706991,0.18017233908176422,0.0,-0.0,-4.793690095539205e-05,2.3968450477696024e-05,0.0,0.0,0.0,0.0,0.0,0.0,0.0,0.0,1
1785971080,874794483,12.5,-1.4363325277911585,-1.3691495100604456,-1.1327255407916468,-4.61784273782839,-4.890423957501547,0.18019668757915497,0.0,-0.0,-2.3968450477696024e-05,2.3968450477696024e-05,0.0,0.0,0.0,0.0,0.0,0.0,0.0,0.0,1
1785971080,893958091,12.5,-1.4363682905780237,-1.369089428578512,-1.132749382649557,-4.617902700101034,-4.890459958706991,0.18022064864635468,0.0,-0.0,-2.3968450477696024e-05,2.3968450477696024e-05,0.0,0.0,0.0,0.0,0.0,0.0,0.0,0.0,1
1785971080,914991617,12.5,-1.4363325277911585,-1.3691609541522425,-1.1327255407916468,-4.617806855832235,-4.890459958706991,0.18018431961536407,0.0,-0.0,-2.3968450477696024e-05,2.3968450477696024e-05,0.0,0.0,0.0,0.0,0.0,0.0,0.0,0.0,1
1785971080,933875083,12.5,-1.4363082090960901,-1.3691733519183558,-1.1327255407916468,-4.617806855832235,-4.890471879635946,0.18016035854816437,0.0,-0.0,-2.3968450477696024e-05,2.3968450477696024e-05,0.0,0.0,0.0,0.0,0.0,0.0,0.0,0.0,1
1785971080,955067157,12.5,-1.4363682905780237,-1.3691132704364222,-1.132749382649557,-4.61781877676119,-4.890447918568746,0.18019668757915497,0.0,-0.0,-2.3968450477696024e-05,2.3968450477696024e-05,0.0,0.0,0.0,0.0,0.0,0.0,0.0,0.0,1
1785971080,973880529,12.5,-1.4363444487201136,-1.3691609541522425,-1.1327737013446253,-4.61781877676119,-4.890471879635946,0.18016035854816437,0.0,-0.0,-2.3968450477696024e-05,2.3968450477696024e-05,0.0,0.0,0.0,0.0,0.0,0.0,0.0,0.0,1
1785971080,995084762,12.5,-1.4363082090960901,-1.3691251913653772,-1.1327856222735804,-4.61784273782839,-4.890447918568746,0.18019668757915497,0.0,-0.0,-2.3968450477696024e-05,2.3968450477696024e-05,0.0,0.0,0.0,0.0,0.0,0.0,0.0,0.0,1
1785971081,13859748,12.5,-1.4363802115069788,-1.369101349507467,-1.132749382649557,-4.617830816899435,-4.890471879635946,0.18020866811275482,0.0,-0.0,-2.3968450477696024e-05,2.3968450477696024e-05,0.0,0.0,0.0,0.0,0.0,0.0,0.0,0.0,1
1785971081,34914016,12.5,-1.4363563696490687,-1.3691251913653772,-1.1327856222735804,-4.617830816899435,-4.890459958706991,0.18020866811275482,0.0,-0.0,-2.3968450477696024e-05,2.3968450477696024e-05,0.0,0.0,0.0,0.0,0.0,0.0,0.0,0.0,1
1785971081,54044008,12.5,-1.4362967650042933,-1.3691371122943323,-1.132749382649557,-4.617854777966635,-4.890447918568746,0.18016035854816437,0.0,-0.0,-2.3968450477696024e-05,2.3968450477696024e-05,0.0,0.0,0.0,0.0,0.0,0.0,0.0,0.0,1
1785971081,75415611,12.5,-1.4363444487201136,-1.369101349507467,-1.132761303578512,-4.617854777966635,-4.890459958706991,0.18022064864635468,0.0,-0.0,-2.3968450477696024e-05,2.3968450477696024e-05,0.0,0.0,0.0,0.0,0.0,0.0,0.0,0.0,1
1785971081,93877077,12.5,-1.43628436723818,-1.369077507649557,-1.132749382649557,-4.617878739033834,-4.890459958706991,0.18017233908176422,0.0,-0.0,-2.3968450477696024e-05,2.3968450477696024e-05,0.0,0.0,0.0,0.0,0.0,0.0,0.0,0.0,1
1785971081,115042924,12.5,-1.4363325277911585,-1.3691495100604456,-1.132749382649557,-4.61781877676119,-4.890483919774191,0.18017233908176422,0.0,-0.0,-2.3968450477696024e-05,2.3968450477696024e-05,0.0,0.0,0.0,0.0,0.0,0.0,0.0,0.0,1
1785971081,133860349,12.5,-1.4362967650042933,-1.369089428578512,-1.132761303578512,-4.61786669889559,-4.890447918568746,0.18014837801456451,0.0,-0.0,-2.3968450477696024e-05,2.3968450477696024e-05,0.0,0.0,0.0,0.0,0.0,0.0,0.0,0.0,1
1785971081,155328989,12.5,-1.4363563696490687,-1.3691132704364222,-1.1327856222735804,-4.617878739033834,-4.890447918568746,0.18019668757915497,0.0,-0.0,-2.3968450477696024e-05,2.3968450477696024e-05,0.0,0.0,0.0,0.0,0.0,0.0,0.0,0.0,1
1785971081,173919439,12.5,-1.4363325277911585,-1.369101349507467,-1.1327737013446253,-4.61786669889559,-4.890412036572592,0.18018431961536407,0.0,-0.0,-2.3968450477696024e-05,2.3968450477696024e-05,0.0,0.0,0.0,0.0,0.0,0.0,0.0,0.0,1
1785971081,194813489,12.5,-1.4363325277911585,-1.3691371122943323,-1.1327975432025355,-4.61786669889559,-4.890412036572592,0.18016035854816437,0.0,-0.0,-2.3968450477696024e-05,2.3968450477696024e-05,0.0,0.0,0.0,0.0,0.0,0.0,0.0,0.0,1
1785971081,213837385,12.5,-1.4363325277911585,-1.3691132704364222,-1.1327136198626917,-4.61786669889559,-4.890423957501547,0.18016035854816437,0.0,-0.0,-2.3968450477696024e-05,2.3968450477696024e-05,0.0,0.0,0.0,0.0,0.0,0.0,0.0,0.0,1
1785971081,235105991,12.5,-1.4363802115069788,-1.3691251913653772,-1.1327737013446253,-4.617830816899435,-4.890447918568746,0.18017233908176422,0.0,-0.0,-2.3968450477696024e-05,2.3968450477696024e-05,0.0,0.0,0.0,0.0,0.0,0.0,0.0,0.0,1
1785971081,253982067,12.5,-1.4363444487201136,-1.369101349507467,-1.132761303578512,-4.61784273782839,-4.890423957501547,0.18018431961536407,0.0,-0.0,-2.3968450477696024e-05,2.3968450477696024e-05,0.0,0.0,0.0,0.0,0.0,0.0,0.0,0.0,1
1785971081,275214910,3.12,-1.4363563696490687,-1.3691609541522425,-1.1327975432025355,-4.61784273782839,-4.890399638806478,0.18020866811275482,0.0,-0.0,-2.3968450477696024e-05,2.3968450477696024e-05,0.0,0.0,0.0,0.0,0.0,0.0,0.0,0.0,1
1785971081,293848991,3.12,-1.4363563696490687,-1.3691733519183558,-1.1327737013446253,-4.617830816899435,-4.890435997639791,0.18018431961536407,0.0,-0.0,-2.3968450477696024e-05,2.3968450477696024e-05,0.0,0.0,0.0,0.0,0.0,0.0,0.0,0.0,1
1785971081,314909219,3.12,-1.4363206068622034,-1.3691132704364222,-1.132749382649557,-4.617854777966635,-4.890483919774191,0.18013638257980347,0.0,-0.0,-2.3968450477696024e-05,2.3968450477696024e-05,0.0,0.0,0.0,0.0,0.0,0.0,0.0,0.0,1
1785971081,333918571,3.12,-1.4362967650042933,-1.3691495100604456,-1.1327737013446253,-4.617806855832235,-4.890459958706991,0.18018431961536407,0.0,-0.0,-2.3968450477696024e-05,2.3968450477696024e-05,0.0,0.0,0.0,0.0,0.0,0.0,0.0,0.0,1
1785971081,354941844,3.12,-1.4363802115069788,-1.3691251913653772,-1.1327737013446253,-4.617890659962789,-4.890447918568746,0.18018431961536407,0.0,-0.0,-2.3968450477696024e-05,2.3968450477696024e-05,0.0,0.0,0.0,0.0,0.0,0.0,0.0,0.0,1
1785971081,373950004,3.12,-1.4363682905780237,-1.369089428578512,-1.1327856222735804,-4.617806855832235,-4.890447918568746,0.18016035854816437,0.0,-0.0,-2.3968450477696024e-05,2.3968450477696024e-05,0.0,0.0,0.0,0.0,0.0,0.0,0.0,0.0,1
1785971081,395081520,3.12,-1.4363206068622034,-1.3691495100604456,-1.1327737013446253,-4.617878739033834,-4.890483919774191,0.18016035854816437,0.0,-0.0,-2.3968450477696024e-05,2.3968450477696024e-05,0.0,0.0,0.0,0.0,0.0,0.0,0.0,0.0,1
1785971081,413883686,3.12,-1.4363325277911585,-1.3691852728473108,-1.1327737013446253,-4.61781877676119,-4.890412036572592,0.18018431961536407,0.0,-0.0,-2.3968450477696024e-05,2.3968450477696024e-05,0.0,0.0,0.0,0.0,0.0,0.0,0.0,0.0,1
1785971081,435370922,3.12,-1.4363082090960901,-1.3691132704364222,-1.1328213850604456,-4.617890659962789,-4.890423957501547,0.18013638257980347,0.0,-0.0,-2.3968450477696024e-05,2.3968450477696024e-05,0.0,0.0,0.0,0.0,0.0,0.0,0.0,0.0,1
1785971081,453946113,3.12,-1.4363682905780237,-1.3691371122943323,-1.1327374617206019,-4.617854777966635,-4.890459958706991,0.18018431961536407,0.0,-0.0,-2.3968450477696024e-05,2.3968450477696024e-05,0.0,0.0,0.0,0.0,0.0,0.0,0.0,0.0,1
1785971081,475443124,3.12,-1.4363206068622034,-1.369077507649557,-1.1327975432025355,-4.61786669889559,-4.890447918568746,0.18022064864635468,0.0,-0.0,-2.3968450477696024e-05,2.3968450477696024e-05,0.0,0.0,0.0,0.0,0.0,0.0,0.0,0.0,1
1785971081,493986368,3.12,-1.4363921324359339,-1.369089428578512,-1.1328213850604456,-4.617830816899435,-4.890435997639791,0.18018431961536407,0.0,-0.0,-2.3968450477696024e-05,2.3968450477696024e-05,0.0,0.0,0.0,0.0,0.0,0.0,0.0,0.0,1
1785971081,514779090,3.12,-1.4363563696490687,-1.369089428578512,-1.1327737013446253,-4.61786669889559,-4.890412036572592,0.18020866811275482,0.0,-0.0,-2.3968450477696024e-05,2.3968450477696024e-05,0.0,0.0,0.0,0.0,0.0,0.0,0.0,0.0,1
1785971081,533956527,3.12,-1.4363082090960901,-1.3691251913653772,-1.1328452269183558,-4.617878739033834,-4.890435997639791,0.18022064864635468,0.0,-0.0,-2.3968450477696024e-05,2.3968450477696024e-05,0.0,0.0,0.0,0.0,0.0,0.0,0.0,0.0,1
1785971081,555102109,3.12,-1.4363444487201136,-1.3691852728473108,-1.1327975432025355,-4.617854777966635,-4.890447918568746,0.18018431961536407,0.0,-0.0,-2.3968450477696024e-05,0.0,0.0,0.0,0.0,0.0,0.0,0.0,0.0,0.0,1
1785971081,573851585,3.12,-1.4363444487201136,-1.3691495100604456,-1.1327975432025355,-4.61784273782839,-4.890447918568746,0.18017233908176422,0.0,-0.0,-2.3968450477696024e-05,0.0,0.0,0.0,0.0,0.0,0.0,0.0,0.0,0.0,1
1785971081,595384836,3.12,-1.4363444487201136,-1.3691371122943323,-1.1328333059894007,-4.617806855832235,-4.890447918568746,0.18014837801456451,0.0,-0.0,-2.3968450477696024e-05,0.0,0.0,0.0,0.0,0.0,0.0,0.0,0.0,0.0,1
1785971081,613854885,3.12,-1.4363444487201136,-1.369101349507467,-1.132761303578512,-4.617878739033834,-4.890435997639791,0.18020866811275482,0.0,-0.0,-2.3968450477696024e-05,0.0,0.0,0.0,0.0,0.0,0.0,0.0,0.0,0.0,1
1785971081,635204792,3.12,-1.4363682905780237,-1.3691371122943323,-1.1327737013446253,-4.61786669889559,-4.890471879635946,0.18018431961536407,0.0,-0.0,-2.3968450477696024e-05,0.0,0.0,0.0,0.0,0.0,0.0,0.0,0.0,0.0,1
1785971081,653964281,3.12,-1.4363682905780237,-1.369089428578512,-1.1327856222735804,-4.617830816899435,-4.890423957501547,0.18019668757915497,0.0,-0.0,-2.3968450477696024e-05,0.0,0.0,0.0,0.0,0.0,0.0,0.0,0.0,0.0,1
1785971081,674811601,3.12,-1.4363082090960901,-1.3691251913653772,-1.1327856222735804,-4.61786669889559,-4.890459958706991,0.18022064864635468,0.0,-0.0,-2.3968450477696024e-05,0.0,0.0,0.0,0.0,0.0,0.0,0.0,0.0,0.0,1
1785971081,693947553,3.12,-1.4363802115069788,-1.3691609541522425,-1.1328213850604456,-4.617890659962789,-4.890399638806478,0.18019668757915497,0.0,-0.0,-2.3968450477696024e-05,0.0,0.0,0.0,0.0,0.0,0.0,0.0,0.0,0.0,1
1785971081,714837074,3.12,-1.4363325277911585,-1.3691495100604456,-1.1328213850604456,-4.61784273782839,-4.890412036572592,0.18022064864635468,0.0,-0.0,-2.3968450477696024e-05,0.0,0.0,0.0,0.0,0.0,0.0,0.0,0.0,0.0,1
1785971081,733984947,3.12,-1.43628436723818,-1.369101349507467,-1.1327737013446253,-4.61781877676119,-4.890459958706991,0.18017233908176422,0.0,-0.0,-9.58738019107841e-05,0.0,0.0,0.0,0.0,0.0,0.0,0.0,0.0,0.0,1
1785971081,754877805,3.12,-1.4363325277911585,-1.3691495100604456,-1.1328094641314905,-4.617830816899435,-4.890447918568746,0.18020866811275482,0.0,-0.0,-9.58738019107841e-05,0.0,0.0,0.0,0.0,0.0,0.0,0.0,0.0,0.0,1
1785971081,773972034,3.12,-1.4363563696490687,-1.3691132704364222,-1.1327737013446253,-4.617890659962789,-4.890459958706991,0.18019668757915497,0.0,-0.0,-9.58738019107841e-05,0.0,0.0,0.0,0.0,0.0,0.0,0.0,0.0,0.0,1
1785971081,795309066,3.12,-1.4363682905780237,-1.3691371122943323,-1.1328452269183558,-4.61786669889559,-4.890435997639791,0.18022064864635468,0.0,-0.0,-9.58738019107841e-05,0.0,0.0,0.0,0.0,0.0,0.0,0.0,0.0,0.0,1
1785971081,813880920,3.12,-1.4363444487201136,-1.3691371122943323,-1.1327737013446253,-4.61786669889559,-4.890387598668234,0.18022064864635468,0.0,-0.0,-9.58738019107841e-05,0.0,0.0,0.0,0.0,0.0,0.0,0.0,0.0,0.0,1
1785971081,835096836,3.12,-1.4363563696490687,-1.3691132704364222,-1.1327737013446253,-4.617890659962789,-4.890447918568746,0.18016035854816437,0.0,-0.0,-9.58738019107841e-05,0.0,0.0,0.0,0.0,0.0,0.0,0.0,0.0,0.0,1
1785971081,853856563,3.12,-1.4363563696490687,-1.3691132704364222,-1.1328452269183558,-4.617878739033834,-4.890412036572592,0.18017233908176422,0.0,-0.0,-9.58738019107841e-05,0.0,0.0,0.0,0.0,0.0,0.0,0.0,0.0,0.0,1
1785971081,875458002,3.12,-1.4363682905780237,-1.369101349507467,-1.1328213850604456,-4.617878739033834,-4.890423957501547,0.18018431961536407,0.0,-0.0,-9.58738019107841e-05,0.0,0.0,0.0,0.0,0.0,0.0,0.0,0.0,0.0,1
1785971081,893911600,3.12,-1.4363682905780237,-1.3691495100604456,-1.1327856222735804,-4.61784273782839,-4.890423957501547,0.18018431961536407,0.0,-0.0,-9.58738019107841e-05,0.0,0.0,0.0,0.0,0.0,0.0,0.0,0.0,0.0,1
1785971081,914910793,3.12,-1.4363921324359339,-1.3691609541522425,-1.1328333059894007,-4.61781877676119,-4.890435997639791,0.18019668757915497,0.0,-0.0,-9.58738019107841e-05,0.0,0.0,0.0,0.0,0.0,0.0,0.0,0.0,0.0,1
1785971081,934001684,3.12,-1.4363444487201136,-1.369101349507467,-1.1327975432025355,-4.617854777966635,-4.890435997639791,0.18017233908176422,0.0,-0.0,-9.58738019107841e-05,0.0,0.0,0.0,0.0,0.0,0.0,0.0,0.0,0.0,1
1785971081,955596446,3.12,-1.4363325277911585,-1.3691371122943323,-1.132857624684469,-4.61781877676119,-4.890435997639791,0.18016035854816437,0.0,-0.0,-9.58738019107841e-05,0.0,0.0,0.0,0.0,0.0,0.0,0.0,0.0,0.0,1
1785971081,973874568,3.12,-1.4363444487201136,-1.3691251913653772,-1.1328695456134241,-4.617890659962789,-4.890435997639791,0.18019668757915497,0.0,-0.0,-9.58738019107841e-05,0.0,0.0,0.0,0.0,0.0,0.0,0.0,0.0,0.0,1
1785971081,995301008,3.12,-1.4363206068622034,-1.3691132704364222,-1.1328213850604456,-4.617890659962789,-4.890399638806478,0.18017233908176422,0.0,-0.0,-9.58738019107841e-05,0.0,0.0,0.0,0.0,0.0,0.0,0.0,0.0,0.0,1
1785971082,13767957,3.12,-1.4363325277911585,-1.369089428578512,-1.1328213850604456,-4.61784273782839,-4.890423957501547,0.18013638257980347,0.0,-0.0,-9.58738019107841e-05,0.0,0.0,0.0,0.0,0.0,0.0,0.0,0.0,0.0,1
1785971082,35053968,3.12,-1.4363325277911585,-1.3691132704364222,-1.1328452269183558,-4.61784273782839,-4.890459958706991,0.18017233908176422,0.0,-0.0,-9.58738019107841e-05,0.0,0.0,0.0,0.0,0.0,0.0,0.0,0.0,0.0,1
1785971082,53914308,3.12,-1.4363082090960901,-1.369089428578512,-1.132857624684469,-4.61786669889559,-4.890423957501547,0.18023262917995453,0.0,-0.0,-9.58738019107841e-05,0.0,0.0,0.0,0.0,0.0,0.0,0.0,0.0,0.0,1
1785971082,74840784,3.12,-1.4363206068622034,-1.3691495100604456,-1.1328452269183558,-4.617854777966635,-4.890471879635946,0.18019668757915497,0.0,-0.0,-9.58738019107841e-05,0.0,0.0,0.0,0.0,0.0,0.0,0.0,0.0,0.0,1
1785971082,93949079,3.12,-1.4363682905780237,-1.3691132704364222,-1.1328213850604456,-4.617890659962789,-4.890435997639791,0.18017233908176422,0.0,-0.0,-9.58738019107841e-05,0.0,0.0,0.0,0.0,0.0,0.0,0.0,0.0,0.0,1
1785971082,115305185,3.12,-1.4363563696490687,-1.369089428578512,-1.1328333059894007,-4.617830816899435,-4.890471879635946,0.18020866811275482,0.0,-0.0,-9.58738019107841e-05,0.0,0.0,0.0,0.0,0.0,0.0,0.0,0.0,0.0,1
1785971082,133858442,3.12,-1.4363802115069788,-1.369101349507467,-1.1327975432025355,-4.617854777966635,-4.890471879635946,0.18016035854816437,0.0,-0.0,-9.58738019107841e-05,0.0,0.0,0.0,0.0,0.0,0.0,0.0,0.0,0.0,1
1785971082,155102252,3.12,-1.4363444487201136,-1.3691371122943323,-1.1328333059894007,-4.617878739033834,-4.890435997639791,0.18019668757915497,0.0,-0.0,-9.58738019107841e-05,0.0,0.0,0.0,0.0,0.0,0.0,0.0,0.0,0.0,1
1785971082,173908710,3.12,-1.4363563696490687,-1.3691371122943323,-1.1328213850604456,-4.61784273782839,-4.890447918568746,0.18023262917995453,0.0,-0.0,-9.58738019107841e-05,0.0,0.0,0.0,0.0,0.0,0.0,0.0,0.0,0.0,1
1785971082,194847345,3.12,-1.4363682905780237,-1.369089428578512,-1.1328452269183558,-4.617878739033834,-4.890447918568746,0.18019668757915497,0.0,-0.0,-9.58738019107841e-05,0.0,0.0,0.0,0.0,0.0,0.0,0.0,0.0,0.0,1
1785971082,213984966,3.12,-1.4363325277911585,-1.3691733519183558,-1.132857624684469,-4.617854777966635,-4.890399638806478,0.18017233908176422,0.0,-0.0,-9.58738019107841e-05,0.0,0.0,0.0,0.0,0.0,0.0,0.0,0.0,0.0,1
1785971082,234696626,3.12,-1.4363682905780237,-1.3691609541522425,-1.1327975432025355,-4.61786669889559,-4.890483919774191,0.18018431961536407,0.0,-0.0,-9.58738019107841e-05,0.0,0.0,0.0,0.0,0.0,0.0,0.0,0.0,0.0,1
1785971082,253994941,3.12,-1.4363563696490687,-1.3691251913653772,-1.1327975432025355,-4.617830816899435,-4.890412036572592,0.18017233908176422,0.0,-0.0,-9.58738019107841e-05,0.0,0.0,0.0,0.0,0.0,0.0,0.0,0.0,0.0,1
1785971082,275235176,3.12,-1.4362967650042933,-1.3691609541522425,-1.1328695456134241,-4.617854777966635,-4.890423957501547,0.18016035854816437,0.0,-0.0,-9.58738019107841e-05,0.0,0.0,0.0,0.0,0.0,0.0,0.0,0.0,0.0,1
1785971082,293869972,3.12,-1.4363921324359339,-1.3691371122943323,-1.132857624684469,-4.617854777966635,-4.890483919774191,0.18022064864635468,0.0,-0.0,-9.58738019107841e-05,0.0,0.0,0.0,0.0,0.0,0.0,0.0,0.0,0.0,1
1785971082,315107107,3.12,-1.4364045302020472,-1.3691371122943323,-1.1328333059894007,-4.617854777966635,-4.890435997639791,0.18020866811275482,0.0,-0.0,-9.58738019107841e-05,0.0,0.0,0.0,0.0,0.0,0.0,0.0,0.0,0.0,1
1785971082,333935022,3.12,-1.4363325277911585,-1.3691251913653772,-1.1327975432025355,-4.61784273782839,-4.890423957501547,0.18016035854816437,0.0,-0.0,-9.58738019107841e-05,0.0,0.0,0.0,0.0,0.0,0.0,0.0,0.0,0.0,1
1785971082,354980468,3.12,-1.4363444487201136,-1.3691609541522425,-1.1328094641314905,-4.617854777966635,-4.890399638806478,0.18017233908176422,0.0,-0.0,-9.58738019107841e-05,0.0,0.0,0.0,0.0,0.0,0.0,0.0,0.0,0.0,1
1785971082,373851060,3.12,-1.4363444487201136,-1.3691251913653772,-1.1328094641314905,-4.61786669889559,-4.890471879635946,0.18016035854816437,0.0,-0.0,-9.58738019107841e-05,0.0,0.0,0.0,0.0,0.0,0.0,0.0,0.0,0.0,1
1785971082,395843505,3.12,-1.4364045302020472,-1.3691251913653772,-1.1327737013446253,-4.61784273782839,-4.890471879635946,0.18019668757915497,0.0,-0.0,2.3968450477696024e-05,0.0,0.0,0.0,0.0,0.0,0.0,0.0,0.0,0.0,1
1785971082,413939237,3.12,-1.4363325277911585,-1.3691132704364222,-1.1327975432025355,-4.617806855832235,-4.890412036572592,0.18018431961536407,0.0,-0.0,2.3968450477696024e-05,0.0,0.0,0.0,0.0,0.0,0.0,0.0,0.0,0.0,1
1785971082,435002565,3.12,-1.4363206068622034,-1.3691251913653772,-1.1328094641314905,-4.61784273782839,-4.890423957501547,0.18019668757915497,0.0,-0.0,2.3968450477696024e-05,0.0,0.0,0.0,0.0,0.0,0.0,0.0,0.0,0.0,1
1785971082,454056024,3.12,-1.4363444487201136,-1.3691733519183558,-1.1328094641314905,-4.61781877676119,-4.890447918568746,0.18013638257980347,0.0,-0.0,2.3968450477696024e-05,0.0,0.0,0.0,0.0,0.0,0.0,0.0,0.0,0.0,1
1785971082,475457906,3.12,-1.4364164511310022,-1.3691609541522425,-1.132761303578512,-4.617902700101034,-4.890459958706991,0.18022064864635468,0.0,-0.0,2.3968450477696024e-05,0.0,0.0,0.0,0.0,0.0,0.0,0.0,0.0,0.0,1
1785971082,493899345,3.12,-1.4363444487201136,-1.3691733519183558,-1.1327856222735804,-4.61784273782839,-4.890459958706991,0.18019668757915497,0.0,-0.0,2.3968450477696024e-05,0.0,0.0,0.0,0.0,0.0,0.0,0.0,0.0,0.0,1
1785971082,515024185,3.12,-1.4362967650042933,-1.3691132704364222,-1.1328094641314905,-4.61786669889559,-4.890435997639791,0.18020866811275482,0.0,-0.0,2.3968450477696024e-05,0.0,0.0,0.0,0.0,0.0,0.0,0.0,0.0,0.0,1
1785971082,533852815,3.12,-1.4363444487201136,-1.369101349507467,-1.1328213850604456,-4.61786669889559,-4.890435997639791,0.18017233908176422,0.0,-0.0,2.3968450477696024e-05,0.0,0.0,0.0,0.0,0.0,0.0,0.0,0.0,0.0,1
1785971082,555299520,3.12,-1.4363206068622034,-1.369101349507467,-1.1327975432025355,-4.61786669889559,-4.890459958706991,0.18018431961536407,0.0,-0.0,2.3968450477696024e-05,0.0,0.0,0.0,0.0,0.0,0.0,0.0,0.0,0.0,1
1785971082,573803424,3.12,-1.4363563696490687,-1.369101349507467,-1.1327737013446253,-4.617878739033834,-4.890447918568746,0.18022064864635468,0.0,-0.0,2.3968450477696024e-05,0.0,0.0,0.0,0.0,0.0,0.0,0.0,0.0,0.0,1
1785971082,595096111,3.12,-1.4363206068622034,-1.3691132704364222,-1.1327255407916468,-4.61784273782839,-4.890483919774191,0.18016035854816437,0.0,-0.0,2.3968450477696024e-05,0.0,0.0,0.0,0.0,0.0,0.0,0.0,0.0,0.0,1
1785971082,613809823,3.12,-1.4363444487201136,-1.3691495100604456,-1.1328213850604456,-4.61786669889559,-4.890412036572592,0.18017233908176422,0.0,-0.0,2.3968450477696024e-05,0.0,0.0,0.0,0.0,0.0,0.0,0.0,0.0,0.0,1
1785971082,635230064,3.12,-1.4363444487201136,-1.3691609541522425,-1.1327975432025355,-4.617854777966635,-4.890435997639791,0.18017233908176422,0.0,-0.0,2.3968450477696024e-05,0.0,0.0,0.0,0.0,0.0,0.0,0.0,0.0,0.0,1
1785971082,654058456,3.12,-1.4363206068622034,-1.3691495100604456,-1.1328213850604456,-4.617854777966635,-4.890435997639791,0.18018431961536407,0.0,-0.0,2.3968450477696024e-05,0.0,0.0,0.0,0.0,0.0,0.0,0.0,0.0,0.0,1
1785971082,675470590,3.12,-1.4363921324359339,-1.3691495100604456,-1.132749382649557,-4.61781877676119,-4.890447918568746,0.18018431961536407,0.0,-0.0,2.3968450477696024e-05,0.0,0.0,0.0,0.0,0.0,0.0,0.0,0.0,0.0,1
1785971082,693886041,3.12,-1.4363682905780237,-1.3691495100604456,-1.1328213850604456,-4.617878739033834,-4.890399638806478,0.18018431961536407,0.0,-0.0,2.3968450477696024e-05,0.0,0.0,0.0,0.0,0.0,0.0,0.0,0.0,0.0,1
1785971082,714818716,3.12,-1.4363444487201136,-1.3691251913653772,-1.1327856222735804,-4.617878739033834,-4.890459958706991,0.18017233908176422,0.0,-0.0,2.3968450477696024e-05,0.0,0.0,0.0,0.0,0.0,0.0,0.0,0.0,0.0,1
1785971082,733859062,3.12,-1.4363921324359339,-1.3691495100604456,-1.1327975432025355,-4.617854777966635,-4.890471879635946,0.18017233908176422,0.0,-0.0,0.0001917476038215682,0.0,0.0,0.0,0.0,0.0,0.0,0.0,0.0,0.0,1
1785971082,755092144,3.12,-1.4363206068622034,-1.3691733519183558,-1.1327856222735804,-4.617854777966635,-4.890471879635946,0.18018431961536407,0.0,-0.0,0.0001917476038215682,0.0,0.0,0.0,0.0,0.0,0.0,0.0,0.0,0.0,1
1785971082,773906230,3.12,-1.4363563696490687,-1.369089428578512,-1.1328094641314905,-4.617854777966635,-4.890447918568746,0.18019668757915497,0.0,-0.0,0.0001917476038215682,0.0,0.0,0.0,0.0,0.0,0.0,0.0,0.0,0.0,1
1785971082,794905185,3.12,-1.4363444487201136,-1.3691132704364222,-1.1327975432025355,-4.617878739033834,-4.890412036572592,0.18017233908176422,0.0,-0.0,0.0001917476038215682,0.0,0.0,0.0,0.0,0.0,0.0,0.0,0.0,0.0,1
1785971082,813959836,3.12,-1.4363444487201136,-1.3691371122943323,-1.1327737013446253,-4.61786669889559,-4.890435997639791,0.18016035854816437,0.0,-0.0,0.0001917476038215682,0.0,0.0,0.0,0.0,0.0,0.0,0.0,0.0,0.0,1
1785971082,835622310,3.12,-1.4363682905780237,-1.369089428578512,-1.132761303578512,-4.61784273782839,-4.890471879635946,0.18014837801456451,0.0,-0.0,0.0001917476038215682,0.0,0.0,0.0,0.0,0.0,0.0,0.0,0.0,0.0,1
1785971082,854018449,3.12,-1.4363325277911585,-1.3691132704364222,-1.1327856222735804,-4.61786669889559,-4.890459958706991,0.18024462461471558,0.0,-0.0,0.0001917476038215682,0.0,0.0,0.0,0.0,0.0,0.0,0.0,0.0,0.0,1
1785971082,875047922,3.12,-1.4363563696490687,-1.3691251913653772,-1.1327975432025355,-4.617830816899435,-4.890435997639791,0.18020866811275482,0.0,-0.0,0.0001917476038215682,0.0,0.0,0.0,0.0,0.0,0.0,0.0,0.0,0.0,1
1785971082,893923997,3.12,-1.4363206068622034,-1.3691609541522425,-1.1327975432025355,-4.617806855832235,-4.890399638806478,0.18019668757915497,0.0,-0.0,0.0001917476038215682,0.0,0.0,0.0,0.0,0.0,0.0,0.0,0.0,0.0,1
1785971082,914960861,3.12,-1.4363444487201136,-1.3691733519183558,-1.132761303578512,-4.61781877676119,-4.890447918568746,0.18019668757915497,0.0,-0.0,0.0001917476038215682,0.0,0.0,0.0,0.0,0.0,0.0,0.0,0.0,0.0,1
1785971082,933871269,3.12,-1.4363921324359339,-1.3691495100604456,-1.1327737013446253,-4.61784273782839,-4.890483919774191,0.18013638257980347,0.0,-0.0,0.0001917476038215682,0.0,0.0,0.0,0.0,0.0,0.0,0.0,0.0,0.0,1
1785971082,955012083,3.12,-1.4363802115069788,-1.3691132704364222,-1.132761303578512,-4.617830816899435,-4.890435997639791,0.18017233908176422,0.0,-0.0,0.0001917476038215682,0.0,0.0,0.0,0.0,0.0,0.0,0.0,0.0,0.0,1
1785971082,973895311,3.12,-1.4363206068622034,-1.3691132704364222,-1.1327856222735804,-4.61786669889559,-4.890447918568746,0.18017233908176422,0.0,-0.0,0.0001917476038215682,0.0,0.0,0.0,0.0,0.0,0.0,0.0,0.0,0.0,1
1785971082,994881868,3.12,-1.4363682905780237,-1.3691371122943323,-1.1327975432025355,-4.61786669889559,-4.890459958706991,0.18014837801456451,0.0,-0.0,0.0001917476038215682,0.0,0.0,0.0,0.0,0.0,0.0,0.0,0.0,0.0,1
1785971083,13944387,3.12,-1.4363563696490687,-1.369101349507467,-1.1327374617206019,-4.617890659962789,-4.890483919774191,0.18016035854816437,0.0,-0.0,0.0001917476038215682,0.0,0.0,0.0,0.0,0.0,0.0,0.0,0.0,0.0,1
1785971083,35539388,3.12,-1.4363325277911585,-1.3691371122943323,-1.132749382649557,-4.61784273782839,-4.890412036572592,0.18019668757915497,0.0,-0.0,0.0001917476038215682,0.0,0.0,0.0,0.0,0.0,0.0,0.0,0.0,0.0,1
1785971083,53943872,3.12,-1.4363444487201136,-1.3691132704364222,-1.132749382649557,-4.61781877676119,-4.890435997639791,0.18016035854816437,0.0,-0.0,0.0001917476038215682,0.0,0.0,0.0,0.0,0.0,0.0,0.0,0.0,0.0,1
1785971083,74840307,3.12,-1.4362967650042933,-1.3691371122943323,-1.132749382649557,-4.617806855832235,-4.890399638806478,0.18018431961536407,0.0,-0.0,0.00016777915880084038,0.0,0.0,0.0,0.0,0.0,0.0,0.0,0.0,0.0,1
1785971083,93947410,3.12,-1.4363682905780237,-1.3691251913653772,-1.1327374617206019,-4.61786669889559,-4.890423957501547,0.18020866811275482,0.0,-0.0,0.00016777915880084038,0.0,0.0,0.0,0.0,0.0,0.0,0.0,0.0,0.0,1
1785971083,115357875,3.12,-1.4363563696490687,-1.369089428578512,-1.1327374617206019,-4.617878739033834,-4.890435997639791,0.18023262917995453,0.0,-0.0,0.00014381069922819734,0.0,0.0,0.0,0.0,0.0,0.0,0.0,0.0,0.0,1
1785971083,133894920,3.12,-1.4363444487201136,-1.369101349507467,-1.132749382649557,-4.61784273782839,-4.890471879635946,0.18018431961536407,0.0,-0.0,0.00014381069922819734,0.0,0.0,0.0,0.0,0.0,0.0,0.0,0.0,0.0,1
1785971083,154945135,3.12,-1.4363563696490687,-1.3691609541522425,-1.1327975432025355,-4.61784273782839,-4.890447918568746,0.18017233908176422,0.0,-0.0,0.00014381069922819734,0.0,0.0,0.0,0.0,0.0,0.0,0.0,0.0,0.0,1
1785971083,174088954,3.12,-1.4363563696490687,-1.3691251913653772,-1.1327856222735804,-4.61786669889559,-4.890471879635946,0.18016035854816437,0.0,-0.0,0.00014381069922819734,0.0,0.0,0.0,0.0,0.0,0.0,0.0,0.0,0.0,1
1785971083,194870710,3.12,-1.4363563696490687,-1.3691371122943323,-1.1327975432025355,-4.61784273782839,-4.890495840703146,0.18014837801456451,0.0,-0.0,0.00011984225420746952,0.0,0.0,0.0,0.0,0.0,0.0,0.0,0.0,0.0,1
1785971083,213891267,3.12,-1.4363206068622034,-1.3691371122943323,-1.132749382649557,-4.617854777966635,-4.890483919774191,0.18017233908176422,0.0,-0.0,0.00011984225420746952,0.0,0.0,0.0,0.0,0.0,0.0,0.0,0.0,0.0,1
1785971083,235334634,3.12,-1.4363444487201136,-1.3691495100604456,-1.1327255407916468,-4.617890659962789,-4.890399638806478,0.18019668757915497,0.0,-0.0,0.00011984225420746952,0.0,0.0,0.0,0.0,0.0,0.0,0.0,0.0,0.0,1
1785971083,253908157,3.12,-1.4363325277911585,-1.3691371122943323,-1.1327374617206019,-4.617854777966635,-4.890435997639791,0.18018431961536407,0.0,-0.0,0.00011984225420746952,0.0,0.0,0.0,0.0,0.0,0.0,0.0,0.0,0.0,1
1785971083,275719881,0.78,-1.4363682905780237,-1.3691371122943323,-1.1327737013446253,-4.61786669889559,-4.890423957501547,0.18017233908176422,0.0,-0.0,9.58738019107841e-05,0.0,0.0,0.0,0.0,0.0,0.0,0.0,0.0,0.0,1
1785971083,293913602,0.78,-1.4363563696490687,-1.3691495100604456,-1.1327136198626917,-4.617854777966635,-4.890471879635946,0.18020866811275482,0.0,-0.0,9.58738019107841e-05,0.0,0.0,0.0,0.0,0.0,0.0,0.0,0.0,0.0,1
1785971083,315012931,0.78,-1.4363206068622034,-1.369101349507467,-1.1327374617206019,-4.617830816899435,-4.890412036572592,0.18014837801456451,0.0,-0.0,9.58738019107841e-05,0.0,0.0,0.0,0.0,0.0,0.0,0.0,0.0,0.0,1
1785971083,333959817,0.78,-1.4363444487201136,-1.3690531889544886,-1.1327255407916468,-4.61786669889559,-4.890447918568746,0.18017233908176422,0.0,-0.0,9.58738019107841e-05,0.0,0.0,0.0,0.0,0.0,0.0,0.0,0.0,0.0,1
1785971083,355081319,0.78,-1.4363325277911585,-1.3690655867206019,-1.1327856222735804,-4.617854777966635,-4.890447918568746,0.18019668757915497,0.0,-0.0,9.58738019107841e-05,0.0,0.0,0.0,0.0,0.0,0.0,0.0,0.0,0.0,1
1785971083,373929023,0.78,-1.4363802115069788,-1.3691495100604456,-1.132749382649557,-4.61786669889559,-4.890399638806478,0.18019668757915497,0.0,-0.0,9.58738019107841e-05,0.0,0.0,0.0,0.0,0.0,0.0,0.0,0.0,0.0,1
1785971083,394855022,0.78,-1.4362967650042933,-1.3691371122943323,-1.1327975432025355,-4.61784273782839,-4.890412036572592,0.18017233908176422,0.0,-0.0,9.58738019107841e-05,0.0,0.0,0.0,0.0,0.0,0.0,0.0,0.0,0.0,1
1785971083,413913249,0.78,-1.4363563696490687,-1.3691371122943323,-1.1327856222735804,-4.617902700101034,-4.890447918568746,0.1801244020462036,0.0,-0.0,9.58738019107841e-05,0.0,0.0,0.0,0.0,0.0,0.0,0.0,0.0,0.0,1
1785971083,435305833,0.78,-1.4363444487201136,-1.369089428578512,-1.132749382649557,-4.61786669889559,-4.890495840703146,0.18019668757915497,0.0,-0.0,9.58738019107841e-05,0.0,0.0,0.0,0.0,0.0,0.0,0.0,0.0,0.0,1
1785971083,453957557,0.78,-1.4363082090960901,-1.3691251913653772,-1.132749382649557,-4.617890659962789,-4.890435997639791,0.18019668757915497,0.0,-0.0,9.58738019107841e-05,0.0,0.0,0.0,0.0,0.0,0.0,0.0,0.0,0.0,1
1785971083,474765777,0.78,-1.4363563696490687,-1.369101349507467,-1.1327016989337366,-4.617830816899435,-4.890423957501547,0.18020866811275482,0.0,-0.0,9.58738019107841e-05,0.0,0.0,0.0,0.0,0.0,0.0,0.0,0.0,0.0,1
1785971083,493863821,0.78,-1.4363325277911585,-1.3691371122943323,-1.132749382649557,-4.617878739033834,-4.890447918568746,0.1801244020462036,0.0,-0.0,9.58738019107841e-05,0.0,0.0,0.0,0.0,0.0,0.0,0.0,0.0,0.0,1
1785971083,515162467,0.78,-1.4363682905780237,-1.3691132704364222,-1.1327016989337366,-4.617878739033834,-4.890423957501547,0.18020866811275482,0.0,-0.0,9.58738019107841e-05,0.0,0.0,0.0,0.0,0.0,0.0,0.0,0.0,0.0,1
1785971083,533925533,0.78,-1.4363444487201136,-1.369089428578512,-1.132749382649557,-4.617854777966635,-4.890471879635946,0.18014837801456451,0.0,-0.0,9.58738019107841e-05,0.0,0.0,0.0,0.0,0.0,0.0,0.0,0.0,0.0,1
1785971083,555307865,0.78,-1.4363682905780237,-1.369089428578512,-1.132761303578512,-4.617830816899435,-4.890471879635946,0.18019668757915497,0.0,-0.0,9.58738019107841e-05,0.0,0.0,0.0,0.0,0.0,0.0,0.0,0.0,0.0,1
1785971083,573929548,0.78,-1.4363325277911585,-1.3691251913653772,-1.132749382649557,-4.61784273782839,-4.890459958706991,0.18014837801456451,0.0,-0.0,9.58738019107841e-05,0.0,0.0,0.0,0.0,0.0,0.0,0.0,0.0,0.0,1
1785971083,594794988,0.78,-1.4363444487201136,-1.3691251913653772,-1.132749382649557,-4.617830816899435,-4.890459958706991,0.18022064864635468,0.0,-0.0,9.58738019107841e-05,0.0,0.0,0.0,0.0,0.0,0.0,0.0,0.0,0.0,1
1785971083,613947153,0.78,-1.4363444487201136,-1.3691733519183558,-1.1327255407916468,-4.617854777966635,-4.890471879635946,0.18017233908176422,0.0,-0.0,9.58738019107841e-05,0.0,0.0,0.0,0.0,0.0,0.0,0.0,0.0,0.0,1
1785971083,635222196,0.78,-1.4363206068622034,-1.3691495100604456,-1.132749382649557,-4.617854777966635,-4.890447918568746,0.18018431961536407,0.0,-0.0,9.58738019107841e-05,0.0,0.0,0.0,0.0,0.0,0.0,0.0,0.0,0.0,1
1785971083,653876543,0.78,-1.4363082090960901,-1.3691609541522425,-1.1327255407916468,-4.61784273782839,-4.890447918568746,0.18013638257980347,0.0,-0.0,9.58738019107841e-05,0.0,0.0,0.0,0.0,0.0,0.0,0.0,0.0,0.0,1
1785971083,675186872,0.78,-1.4363444487201136,-1.369101349507467,-1.1327016989337366,-4.61786669889559,-4.890423957501547,0.18014837801456451,0.0,-0.0,9.58738019107841e-05,0.0,0.0,0.0,0.0,0.0,0.0,0.0,0.0,0.0,1
1785971083,693856000,0.78,-1.4363682905780237,-1.3691371122943323,-1.1326897780047815,-4.61786669889559,-4.890471879635946,0.18018431961536407,0.0,-0.0,9.58738019107841e-05,0.0,0.0,0.0,0.0,0.0,0.0,0.0,0.0,0.0,1
1785971083,715030670,0.78,-1.4363563696490687,-1.3691852728473108,-1.1327255407916468,-4.61784273782839,-4.890423957501547,0.18016035854816437,0.0,-0.0,9.58738019107841e-05,0.0,0.0,0.0,0.0,0.0,0.0,0.0,0.0,0.0,1
1785971083,733955860,0.78,-1.4363082090960901,-1.3691251913653772,-1.1327374617206019,-4.617830816899435,-4.890447918568746,0.18017233908176422,0.0,-0.0,9.58738019107841e-05,0.0,0.0,0.0,0.0,0.0,0.0,0.0,0.0,0.0,1
1785971083,754850625,0.78,-1.4363563696490687,-1.369089428578512,-1.132749382649557,-4.61781877676119,-4.890412036572592,0.18016035854816437,0.0,-0.0,9.58738019107841e-05,0.0,0.0,0.0,0.0,0.0,0.0,0.0,0.0,0.0,1
1785971083,773938655,0.78,-1.4363802115069788,-1.3691251913653772,-1.1327136198626917,-4.617902700101034,-4.890447918568746,0.18019668757915497,0.0,-0.0,9.58738019107841e-05,0.0,0.0,0.0,0.0,0.0,0.0,0.0,0.0,0.0,1
1785971083,795423984,0.78,-1.4363563696490687,-1.3691371122943323,-1.1327255407916468,-4.61786669889559,-4.890423957501547,0.18018431961536407,0.0,-0.0,9.58738019107841e-05,0.0,0.0,0.0,0.0,0.0,0.0,0.0,0.0,0.0,1
1785971083,813911914,0.78,-1.4363802115069788,-1.3691609541522425,-1.1327374617206019,-4.617854777966635,-4.890483919774191,0.18019668757915497,0.0,-0.0,9.58738019107841e-05,0.0,0.0,0.0,0.0,0.0,0.0,0.0,0.0,0.0,1
1785971083,835382223,0.78,-1.4363444487201136,-1.3690655867206019,-1.1327374617206019,-4.61786669889559,-4.890435997639791,0.18016035854816437,0.0,-0.0,9.58738019107841e-05,0.0,0.0,0.0,0.0,0.0,0.0,0.0,0.0,0.0,1
1785971083,853921890,0.78,-1.4363082090960901,-1.3691371122943323,-1.132749382649557,-4.61781877676119,-4.890447918568746,0.18018431961536407,0.0,-0.0,9.58738019107841e-05,0.0,0.0,0.0,0.0,0.0,0.0,0.0,0.0,0.0,1
1785971083,874908447,0.78,-1.4363563696490687,-1.3691609541522425,-1.1327136198626917,-4.617890659962789,-4.890459958706991,0.18014837801456451,0.0,-0.0,9.58738019107841e-05,0.0,0.0,0.0,0.0,0.0,0.0,0.0,0.0,0.0,1
1785971083,893868207,0.78,-1.4363563696490687,-1.3691733519183558,-1.132749382649557,-4.617830816899435,-4.890471879635946,0.18020866811275482,0.0,-0.0,9.58738019107841e-05,0.0,0.0,0.0,0.0,0.0,0.0,0.0,0.0,0.0,1
1785971083,914869785,0.78,-1.4363563696490687,-1.3691132704364222,-1.1326659361468714,-4.617890659962789,-4.890459958706991,0.18016035854816437,0.0,-0.0,9.58738019107841e-05,0.0,0.0,0.0,0.0,0.0,0.0,0.0,0.0,0.0,1
1785971083,933843374,0.78,-1.4363682905780237,-1.369089428578512,-1.132749382649557,-4.617854777966635,-4.890447918568746,0.18022064864635468,0.0,-0.0,9.58738019107841e-05,0.0,0.0,0.0,0.0,0.0,0.0,0.0,0.0,0.0,1
1785971083,955093622,0.78,-1.4363563696490687,-1.3691609541522425,-1.132749382649557,-4.617902700101034,-4.890412036572592,0.18023262917995453,0.0,-0.0,9.58738019107841e-05,0.0,0.0,0.0,0.0,0.0,0.0,0.0,0.0,0.0,1
1785971083,973891735,0.78,-1.4363563696490687,-1.3691132704364222,-1.1327374617206019,-4.61786669889559,-4.890471879635946,0.18019668757915497,0.0,-0.0,9.58738019107841e-05,0.0,0.0,0.0,0.0,0.0,0.0,0.0,0.0,0.0,1
1785971083,995061874,0.78,-1.4363682905780237,-1.3691371122943323,-1.132749382649557,-4.617890659962789,-4.890447918568746,0.18017233908176422,0.0,-0.0,9.58738019107841e-05,0.0,0.0,0.0,0.0,0.0,0.0,0.0,0.0,0.0,1
1785971084,14048576,0.78,-1.4363563696490687,-1.3691251913653772,-1.1327255407916468,-4.617854777966635,-4.890471879635946,0.18018431961536407,0.0,-0.0,9.58738019107841e-05,0.0,0.0,0.0,0.0,0.0,0.0,0.0,0.0,0.0,1
1785971084,35094261,0.78,-1.4363682905780237,-1.3691495100604456,-1.132749382649557,-4.617854777966635,-4.890435997639791,0.18013638257980347,0.0,-0.0,9.58738019107841e-05,0.0,0.0,0.0,0.0,0.0,0.0,0.0,0.0,0.0,1
1785971084,53930282,0.78,-1.4363444487201136,-1.3691609541522425,-1.132761303578512,-4.617878739033834,-4.890399638806478,0.18017233908176422,0.0,-0.0,9.58738019107841e-05,0.0,0.0,0.0,0.0,0.0,0.0,0.0,0.0,0.0,1
1785971084,74850797,0.78,-1.4363682905780237,-1.3691733519183558,-1.1327255407916468,-4.61784273782839,-4.890459958706991,0.18019668757915497,0.0,-0.0,7.190534961409867e-05,0.0,0.0,0.0,0.0,0.0,0.0,0.0,0.0,0.0,1
1785971084,93915462,0.78,-1.4363563696490687,-1.3691371122943323,-1.1327255407916468,-4.61781877676119,-4.890412036572592,0.18023262917995453,0.0,-0.0,7.190534961409867e-05,0.0,0.0,0.0,0.0,0.0,0.0,0.0,0.0,0.0,1
1785971084,115095138,0.78,-1.4363444487201136,-1.369101349507467,-1.1327374617206019,-4.617854777966635,-4.890399638806478,0.18020866811275482,0.0,-0.0,7.190534961409867e-05,0.0,0.0,0.0,0.0,0.0,0.0,0.0,0.0,0.0,1
1785971084,133884429,0.78,-1.4362967650042933,-1.3691495100604456,-1.1327255407916468,-4.61784273782839,-4.890495840703146,0.18019668757915497,0.0,-0.0,7.190534961409867e-05,0.0,0.0,0.0,0.0,0.0,0.0,0.0,0.0,0.0,1
1785971084,154938220,0.78,-1.4363682905780237,-1.369077507649557,-1.1327374617206019,-4.617854777966635,-4.890423957501547,0.18018431961536407,0.0,-0.0,7.190534961409867e-05,0.0,0.0,0.0,0.0,0.0,0.0,0.0,0.0,0.0,1
1785971084,173867464,0.78,-1.4363682905780237,-1.3691132704364222,-1.1327374617206019,-4.61786669889559,-4.890483919774191,0.18018431961536407,0.0,-0.0,7.190534961409867e-05,0.0,0.0,0.0,0.0,0.0,0.0,0.0,0.0,0.0,1
1785971084,194844722,0.78,-1.4363325277911585,-1.3691371122943323,-1.132749382649557,-4.617902700101034,-4.890471879635946,0.18019668757915497,0.0,-0.0,7.190534961409867e-05,0.0,0.0,0.0,0.0,0.0,0.0,0.0,0.0,0.0,1
1785971084,213842153,0.78,-1.4363563696490687,-1.3691852728473108,-1.1327136198626917,-4.6177828947650355,-4.890423957501547,0.18024462461471558,0.0,-0.0,7.190534961409867e-05,0.0,0.0,0.0,0.0,0.0,0.0,0.0,0.0,0.0,1
1785971084,234883785,0.78,-1.4363325277911585,-1.3691852728473108,-1.1327016989337366,-4.6177828947650355,-4.890423957501547,0.18017233908176422,0.0,-0.0,7.190534961409867e-05,0.0,0.0,0.0,0.0,0.0,0.0,0.0,0.0,0.0,1
1785971084,254040479,0.78,-1.4363206068622034,-1.369101349507467,-1.1327016989337366,-4.61786669889559,-4.890435997639791,0.18019668757915497,0.0,-0.0,7.190534961409867e-05,0.0,0.0,0.0,0.0,0.0,0.0,0.0,0.0,0.0,1
1785971084,275202989,0.78,-1.4363563696490687,-1.3691609541522425,-1.132749382649557,-4.617854777966635,-4.890447918568746,0.18019668757915497,0.0,-0.0,7.190534961409867e-05,0.0,0.0,0.0,0.0,0.0,0.0,0.0,0.0,0.0,1
1785971084,293875932,0.78,-1.4363082090960901,-1.3691371122943323,-1.1327374617206019,-4.617890659962789,-4.890447918568746,0.18016035854816437,0.0,-0.0,7.190534961409867e-05,0.0,0.0,0.0,0.0,0.0,0.0,0.0,0.0,0.0,1
1785971084,314883232,0.78,-1.4363206068622034,-1.3691251913653772,-1.1327374617206019,-4.61781877676119,-4.890435997639791,0.18020866811275482,0.0,-0.0,4.793690095539205e-05,0.0,0.0,0.0,0.0,0.0,0.0,0.0,0.0,0.0,1
1785971084,333954334,0.78,-1.4363563696490687,-1.3691371122943323,-1.1327255407916468,-4.61786669889559,-4.890447918568746,0.1801244020462036,0.0,-0.0,4.793690095539205e-05,0.0,0.0,0.0,0.0,0.0,0.0,0.0,0.0,0.0,1
1785971084,354917049,0.78,-1.4363563696490687,-1.3691132704364222,-1.1327255407916468,-4.617854777966635,-4.890435997639791,0.18018431961536407,0.0,-0.0,0.0,0.0,0.0,0.0,0.0,0.0,0.0,0.0,0.0,0.0,1
1785971084,373881101,0.78,-1.4363206068622034,-1.3691132704364222,-1.132749382649557,-4.617806855832235,-4.890471879635946,0.18017233908176422,0.0,-0.0,0.0,0.0,0.0,0.0,0.0,0.0,0.0,0.0,0.0,0.0,1
1785971084,395411729,0.78,-1.4363206068622034,-1.369101349507467,-1.132749382649557,-4.617878739033834,-4.890459958706991,0.18019668757915497,0.0,-0.0,0.0,0.0,0.0,0.0,0.0,0.0,0.0,0.0,0.0,0.0,1
1785971084,413919925,0.78,-1.4363444487201136,-1.3691609541522425,-1.1327374617206019,-4.61784273782839,-4.890423957501547,0.18020866811275482,0.0,-0.0,0.0,0.0,0.0,0.0,0.0,0.0,0.0,0.0,0.0,0.0,1
1785971084,435181379,0.78,-1.4363206068622034,-1.3691371122943323,-1.1326659361468714,-4.61784273782839,-4.890412036572592,0.18016035854816437,0.0,-0.0,0.0,0.0,0.0,0.0,0.0,0.0,0.0,0.0,0.0,0.0,1
1785971084,453987360,0.78,-1.4363444487201136,-1.369101349507467,-1.1327016989337366,-4.61781877676119,-4.890423957501547,0.18022064864635468,0.0,-0.0,0.0,0.0,0.0,0.0,0.0,0.0,0.0,0.0,0.0,0.0,1
1785971084,475413799,0.78,-1.4363802115069788,-1.3691132704364222,-1.1326773802386683,-4.617854777966635,-4.890459958706991,0.18018431961536407,0.0,-0.0,0.0,0.0,0.0,0.0,0.0,0.0,0.0,0.0,0.0,0.0,1
1785971084,493915796,0.78,-1.4362967650042933,-1.3691733519183558,-1.1326773802386683,-4.61784273782839,-4.890447918568746,0.18020866811275482,0.0,-0.0,0.0,0.0,0.0,0.0,0.0,0.0,0.0,0.0,0.0,0.0,1
1785971084,514949798,0.78,-1.4363682905780237,-1.369101349507467,-1.1326897780047815,-4.617830816899435,-4.890412036572592,0.18018431961536407,0.0,-0.0,0.0,0.0,0.0,0.0,0.0,0.0,0.0,0.0,0.0,0.0,1
1785971084,533885717,0.78,-1.4363325277911585,-1.3691495100604456,-1.1327136198626917,-4.61786669889559,-4.890423957501547,0.18017233908176422,0.0,-0.0,0.0,0.0,0.0,0.0,0.0,0.0,0.0,0.0,0.0,0.0,1
1785971084,554965496,0.78,-1.4363082090960901,-1.3691132704364222,-1.1327737013446253,-4.6177948156939905,-4.890495840703146,0.18014837801456451,0.0,-0.0,0.0,0.0,0.0,0.0,0.0,0.0,0.0,0.0,0.0,0.0,1
1785971084,574049234,0.78,-1.4363802115069788,-1.3691132704364222,-1.1327136198626917,-4.617830816899435,-4.890412036572592,0.18017233908176422,0.0,-0.0,0.0,0.0,0.0,0.0,0.0,0.0,0.0,0.0,0.0,0.0,1
1785971084,594915866,0.78,-1.4363682905780237,-1.369101349507467,-1.1327136198626917,-4.617854777966635,-4.890435997639791,0.18023262917995453,0.0,-0.0,0.0,0.0,0.0,0.0,0.0,0.0,0.0,0.0,0.0,0.0,1
1785971084,613894939,0.78,-1.4363206068622034,-1.3691609541522425,-1.1327255407916468,-4.61784273782839,-4.890423957501547,0.18014837801456451,0.0,-0.0,0.0,0.0,0.0,0.0,0.0,0.0,0.0,0.0,0.0,0.0,1
1785971084,635110855,0.78,-1.4363325277911585,-1.3691251913653772,-1.132761303578512,-4.617914621029989,-4.890471879635946,0.18016035854816437,0.0,-0.0,0.0,0.0,0.0,0.0,0.0,0.0,0.0,0.0,0.0,0.0,1
1785971084,653975248,0.78,-1.4363082090960901,-1.3691371122943323,-1.1327374617206019,-4.61784273782839,-4.890471879635946,0.18017233908176422,0.0,-0.0,0.0,0.0,0.0,0.0,0.0,0.0,0.0,0.0,0.0,0.0,1
1785971084,674785375,0.78,-1.4363563696490687,-1.3691609541522425,-1.1327016989337366,-4.617806855832235,-4.890447918568746,0.18022064864635468,0.0,-0.0,0.0,0.0,0.0,0.0,0.0,0.0,0.0,0.0,0.0,0.0,1
1785971084,693905591,0.78,-1.4363325277911585,-1.369089428578512,-1.1326773802386683,-4.617854777966635,-4.890412036572592,0.18014837801456451,0.0,-0.0,0.0,0.0,0.0,0.0,0.0,0.0,0.0,0.0,0.0,0.0,1
1785971084,714839220,0.78,-1.4363802115069788,-1.3691132704364222,-1.132749382649557,-4.617830816899435,-4.890483919774191,0.18018431961536407,0.0,-0.0,0.0,0.0,0.0,0.0,0.0,0.0,0.0,0.0,0.0,0.0,1
1785971084,733989953,0.78,-1.4363325277911585,-1.3691495100604456,-1.1327374617206019,-4.617854777966635,-4.890423957501547,0.18020866811275482,0.0,-0.0,0.0,0.0,0.0,0.0,0.0,0.0,0.0,0.0,0.0,0.0,1
1785971084,754909753,0.78,-1.4363206068622034,-1.3691609541522425,-1.1327374617206019,-4.617854777966635,-4.890435997639791,0.18014837801456451,0.0,-0.0,0.0,0.0,0.0,0.0,0.0,0.0,0.0,0.0,0.0,0.0,1
1785971084,773989439,0.78,-1.4363682905780237,-1.369077507649557,-1.1327374617206019,-4.617854777966635,-4.890387598668234,0.18016035854816437,0.0,-0.0,0.0,0.0,0.0,0.0,0.0,0.0,0.0,0.0,0.0,0.0,1
1785971084,795531988,0.78,-1.4363682905780237,-1.3691251913653772,-1.1326897780047815,-4.61784273782839,-4.890423957501547,0.18017233908176422,0.0,-0.0,0.0,0.0,0.0,0.0,0.0,0.0,0.0,0.0,0.0,0.0,1
1785971084,813969612,0.78,-1.4363325277911585,-1.3691251913653772,-1.1327255407916468,-4.617854777966635,-4.890459958706991,0.18020866811275482,0.0,-0.0,0.0,0.0,0.0,0.0,0.0,0.0,0.0,0.0,0.0,0.0,1
1785971084,835057258,0.78,-1.4363444487201136,-1.3691132704364222,-1.1327737013446253,-4.61786669889559,-4.890447918568746,0.18018431961536407,0.0,-0.0,0.0,0.0,0.0,0.0,0.0,0.0,0.0,0.0,0.0,0.0,1
1785971084,854054927,0.78,-1.4363802115069788,-1.3691495100604456,-1.1327136198626917,-4.61781877676119,-4.890435997639791,0.18018431961536407,0.0,-0.0,0.0,0.0,0.0,0.0,0.0,0.0,0.0,0.0,0.0,0.0,1
1785971084,874987363,0.78,-1.4363325277911585,-1.3691495100604456,-1.1327255407916468,-4.61786669889559,-4.890423957501547,0.18022064864635468,0.0,-0.0,0.0,0.0,0.0,0.0,0.0,0.0,0.0,0.0,0.0,0.0,1
1785971084,893952846,0.78,-1.4363444487201136,-1.3691251913653772,-1.1327136198626917,-4.617890659962789,-4.890483919774191,0.18022064864635468,0.0,-0.0,0.0,0.0,0.0,0.0,0.0,0.0,0.0,0.0,0.0,0.0,1
1785971084,915200710,0.78,-1.4363921324359339,-1.3691609541522425,-1.1327136198626917,-4.61786669889559,-4.890447918568746,0.18016035854816437,0.0,-0.0,0.0,0.0,0.0,0.0,0.0,0.0,0.0,0.0,0.0,0.0,1
1785971084,933969736,0.78,-1.4363682905780237,-1.3691251913653772,-1.1327136198626917,-4.61786669889559,-4.890483919774191,0.18017233908176422,0.0,-0.0,0.0,0.0,0.0,0.0,0.0,0.0,0.0,0.0,0.0,0.0,1
1785971084,955031156,0.78,-1.4363444487201136,-1.3691609541522425,-1.1327374617206019,-4.617878739033834,-4.890459958706991,0.18008844554424286,0.0,-0.0,0.0,0.0,0.0,0.0,0.0,0.0,0.0,0.0,0.0,0.0,1
1785971084,974032163,0.78,-1.4363682905780237,-1.3691609541522425,-1.1326897780047815,-4.617890659962789,-4.890447918568746,0.18019668757915497,0.0,-0.0,0.0,0.0,0.0,0.0,0.0,0.0,0.0,0.0,0.0,0.0,1
1785971084,995505809,0.78,-1.4363563696490687,-1.369089428578512,-1.1326659361468714,-4.61786669889559,-4.890459958706991,0.18013638257980347,0.0,-0.0,0.0,0.0,0.0,0.0,0.0,0.0,0.0,0.0,0.0,0.0,1
1785971085,13828754,0.78,-1.4363682905780237,-1.3691251913653772,-1.1326773802386683,-4.61784273782839,-4.890447918568746,0.18020866811275482,0.0,-0.0,0.0,0.0,0.0,0.0,0.0,0.0,0.0,0.0,0.0,0.0,1
1785971085,34995794,0.78,-1.4363802115069788,-1.3691495100604456,-1.1326659361468714,-4.617854777966635,-4.890483919774191,0.18016035854816437,0.0,-0.0,0.0,0.0,0.0,0.0,0.0,0.0,0.0,0.0,0.0,0.0,1
1785971085,54000616,0.78,-1.4363682905780237,-1.3691371122943323,-1.1327136198626917,-4.61781877676119,-4.890423957501547,0.18014837801456451,0.0,-0.0,0.0,0.0,0.0,0.0,0.0,0.0,0.0,0.0,0.0,0.0,1
1785971085,75193405,0.78,-1.4363563696490687,-1.369077507649557,-1.1326897780047815,-4.61784273782839,-4.890412036572592,0.18020866811275482,0.0,-0.0,0.0,0.0,0.0,0.0,0.0,0.0,0.0,0.0,0.0,0.0,1
1785971085,93901634,0.78,-1.4363921324359339,-1.3691371122943323,-1.1327374617206019,-4.61786669889559,-4.890399638806478,0.18018431961536407,0.0,-0.0,0.0,0.0,0.0,0.0,0.0,0.0,0.0,0.0,0.0,0.0,1
1785971085,114812135,0.78,-1.4363444487201136,-1.3691251913653772,-1.1327136198626917,-4.61781877676119,-4.890471879635946,0.18016035854816437,0.0,-0.0,0.0,0.0,0.0,0.0,0.0,0.0,0.0,0.0,0.0,0.0,1
1785971085,134019374,0.78,-1.4363325277911585,-1.3691132704364222,-1.132749382649557,-4.617854777966635,-4.890399638806478,0.18014837801456451,0.0,-0.0,0.0,0.0,0.0,0.0,0.0,0.0,0.0,0.0,0.0,0.0,1
1785971085,155259132,0.78,-1.4363206068622034,-1.3691132704364222,-1.1327136198626917,-4.61786669889559,-4.890387598668234,0.18019668757915497,0.0,-0.0,0.0,0.0,0.0,0.0,0.0,0.0,0.0,0.0,0.0,0.0,1
1785971085,173884868,0.78,-1.43628436723818,-1.3691852728473108,-1.1326773802386683,-4.617854777966635,-4.890423957501547,0.18018431961536407,0.0,-0.0,0.0,0.0,0.0,0.0,0.0,0.0,0.0,0.0,0.0,0.0,1
1785971085,195027828,0.78,-1.4363325277911585,-1.3691132704364222,-1.1327136198626917,-4.61786669889559,-4.890447918568746,0.18018431961536407,0.0,-0.0,0.0,0.0,0.0,0.0,0.0,0.0,0.0,0.0,0.0,0.0,1
1785971085,213832855,0.78,-1.4363563696490687,-1.3691251913653772,-1.1327255407916468,-4.617830816899435,-4.890423957501547,0.18014837801456451,0.0,-0.0,0.0,0.0,0.0,0.0,0.0,0.0,0.0,0.0,0.0,0.0,1
1785971085,234999656,0.78,-1.4363682905780237,-1.3691251913653772,-1.1327374617206019,-4.617878739033834,-4.890435997639791,0.18017233908176422,0.0,-0.0,0.0,0.0,0.0,0.0,0.0,0.0,0.0,0.0,0.0,0.0,1
1785971085,253991127,0.78,-1.4363682905780237,-1.3691495100604456,-1.132749382649557,-4.61784273782839,-4.890412036572592,0.18017233908176422,0.0,-0.0,0.0,0.0,0.0,0.0,0.0,0.0,0.0,0.0,0.0,0.0,1
1785971085,274971485,0.2,-1.4363802115069788,-1.3691251913653772,-1.132761303578512,-4.61784273782839,-4.890447918568746,0.18014837801456451,0.0,-0.0,0.0,0.0,0.0,0.0,0.0,0.0,0.0,0.0,0.0,0.0,1
1785971085,294009447,0.2,-1.4363802115069788,-1.3691371122943323,-1.1327136198626917,-4.61786669889559,-4.890412036572592,0.18014837801456451,0.0,-0.0,0.0,0.0,0.0,0.0,0.0,0.0,0.0,0.0,0.0,0.0,1
1785971085,314781427,0.2,-1.4363682905780237,-1.3691495100604456,-1.1327016989337366,-4.61784273782839,-4.890435997639791,0.18020866811275482,0.0,-0.0,0.0,0.0,0.0,0.0,0.0,0.0,0.0,0.0,0.0,0.0,1
1785971085,333937883,0.2,-1.4363921324359339,-1.3691371122943323,-1.132749382649557,-4.617878739033834,-4.890423957501547,0.18019668757915497,0.0,-0.0,0.0,0.0,0.0,0.0,0.0,0.0,0.0,0.0,0.0,0.0,1
1785971085,355577945,0.2,-1.4363206068622034,-1.3691495100604456,-1.1327016989337366,-4.617806855832235,-4.890399638806478,0.18019668757915497,0.0,-0.0,0.0,0.0,0.0,0.0,0.0,0.0,0.0,0.0,0.0,0.0,1
1785971085,373860359,0.2,-1.4363563696490687,-1.3691852728473108,-1.1326897780047815,-4.617830816899435,-4.890471879635946,0.18014837801456451,0.0,-0.0,0.0,0.0,0.0,0.0,0.0,0.0,0.0,0.0,0.0,0.0,1
1785971085,395210266,0.2,-1.4363682905780237,-1.3691132704364222,-1.1326773802386683,-4.617854777966635,-4.890447918568746,0.18018431961536407,0.0,-0.0,0.0,0.0,0.0,0.0,0.0,0.0,0.0,0.0,0.0,0.0,1
1785971085,413853406,0.2,-1.4363563696490687,-1.3691371122943323,-1.1326773802386683,-4.617854777966635,-4.890423957501547,0.18014837801456451,0.0,-0.0,0.0,0.0,0.0,0.0,0.0,0.0,0.0,0.0,0.0,0.0,1
1785971085,435084342,0.2,-1.4363325277911585,-1.3691495100604456,-1.1327374617206019,-4.617854777966635,-4.890483919774191,0.18019668757915497,0.0,-0.0,0.0,0.0,0.0,0.0,0.0,0.0,0.0,0.0,0.0,0.0,1
1785971085,453968048,0.2,-1.4363206068622034,-1.3691251913653772,-1.1327136198626917,-4.61781877676119,-4.890412036572592,0.18016035854816437,0.0,-0.0,0.0,0.0,0.0,0.0,0.0,0.0,0.0,0.0,0.0,0.0,1
1785971085,474839448,0.2,-1.4363444487201136,-1.3691733519183558,-1.1327136198626917,-4.617854777966635,-4.890447918568746,0.18019668757915497,0.0,-0.0,0.0,0.0,0.0,0.0,0.0,0.0,0.0,0.0,0.0,0.0,1
1785971085,493948936,0.2,-1.4363802115069788,-1.369101349507467,-1.1327016989337366,-4.61786669889559,-4.890412036572592,0.18014837801456451,0.0,-0.0,0.0,0.0,0.0,0.0,0.0,0.0,0.0,0.0,0.0,0.0,1
1785971085,515181541,0.2,-1.4363206068622034,-1.3691371122943323,-1.1327374617206019,-4.617914621029989,-4.890459958706991,0.18019668757915497,0.0,-0.0,0.0,0.0,0.0,0.0,0.0,0.0,0.0,0.0,0.0,0.0,1
1785971085,533959627,0.2,-1.4363444487201136,-1.3691371122943323,-1.1327374617206019,-4.61786669889559,-4.890471879635946,0.18016035854816437,0.0,-0.0,0.0,0.0,0.0,0.0,0.0,0.0,0.0,0.0,0.0,0.0,1
1785971085,555047750,0.2,-1.4363921324359339,-1.3691495100604456,-1.1327374617206019,-4.617878739033834,-4.890471879635946,0.18020866811275482,0.0,-0.0,0.0,0.0,0.0,0.0,0.0,0.0,0.0,0.0,0.0,0.0,1
1785971085,573854446,0.2,-1.4363325277911585,-1.369089428578512,-1.132761303578512,-4.61784273782839,-4.890483919774191,0.1801244020462036,0.0,-0.0,0.0,0.0,0.0,0.0,0.0,0.0,0.0,0.0,0.0,0.0,1
1785971085,594973087,0.2,-1.4363802115069788,-1.3691132704364222,-1.1327136198626917,-4.61786669889559,-4.890447918568746,0.18019668757915497,0.0,-0.0,0.0,0.0,0.0,0.0,0.0,0.0,0.0,0.0,0.0,0.0,1
1785971085,613999366,0.2,-1.4363206068622034,-1.3691609541522425,-1.1327016989337366,-4.617854777966635,-4.890447918568746,0.18014837801456451,0.0,-0.0,0.0,0.0,0.0,0.0,0.0,0.0,0.0,0.0,0.0,0.0,1
1785971085,634826898,0.2,-1.4363206068622034,-1.369101349507467,-1.1327136198626917,-4.61781877676119,-4.890459958706991,0.18018431961536407,0.0,-0.0,0.0,0.0,0.0,0.0,0.0,0.0,0.0,0.0,0.0,0.0,1
1785971085,653915166,0.2,-1.4363325277911585,-1.3691609541522425,-1.1327016989337366,-4.617806855832235,-4.890412036572592,0.18019668757915497,0.0,-0.0,0.0,0.0,0.0,0.0,0.0,0.0,0.0,0.0,0.0,0.0,1
1785971085,675675630,0.2,-1.4363444487201136,-1.3691251913653772,-1.1327136198626917,-4.61786669889559,-4.890423957501547,0.18016035854816437,0.0,-0.0,0.0,0.0,0.0,0.0,0.0,0.0,0.0,0.0,0.0,0.0,1
1785971085,693915605,0.2,-1.4363921324359339,-1.3691371122943323,-1.1327136198626917,-4.617854777966635,-4.890423957501547,0.18017233908176422,0.0,-0.0,0.0,0.0,0.0,0.0,0.0,0.0,0.0,0.0,0.0,0.0,1
1785971085,714896440,0.2,-1.4363325277911585,-1.3691495100604456,-1.1327255407916468,-4.61786669889559,-4.890412036572592,0.18020866811275482,0.0,-0.0,0.0,0.0,0.0,0.0,0.0,0.0,0.0,0.0,0.0,0.0,1
1785971085,733876705,0.2,-1.4363444487201136,-1.3691733519183558,-1.1327255407916468,-4.61784273782839,-4.890412036572592,0.18013638257980347,0.0,-0.0,0.0,0.0,0.0,0.0,0.0,0.0,0.0,0.0,0.0,0.0,1
1785971085,755021810,0.2,-1.4363563696490687,-1.369089428578512,-1.1327255407916468,-4.617830816899435,-4.890399638806478,0.18020866811275482,0.0,-0.0,0.0,0.0,0.0,0.0,0.0,0.0,0.0,0.0,0.0,0.0,1
1785971085,773887157,0.2,-1.4363206068622034,-1.3691132704364222,-1.1326897780047815,-4.61784273782839,-4.890447918568746,0.18013638257980347,0.0,-0.0,0.0,0.0,0.0,0.0,0.0,0.0,0.0,0.0,0.0,0.0,1
1785971085,794875144,0.2,-1.4363682905780237,-1.3691371122943323,-1.1327136198626917,-4.617830816899435,-4.890447918568746,0.18022064864635468,0.0,-0.0,0.0,0.0,0.0,0.0,0.0,0.0,0.0,0.0,0.0,0.0,1
1785971085,813860893,0.2,-1.4363563696490687,-1.369089428578512,-1.132749382649557,-4.617878739033834,-4.890423957501547,0.18019668757915497,0.0,-0.0,0.0,0.0,0.0,0.0,0.0,0.0,0.0,0.0,0.0,0.0,1
1785971085,835427999,0.2,-1.4363444487201136,-1.369077507649557,-1.1327374617206019,-4.61784273782839,-4.890435997639791,0.18019668757915497,0.0,-0.0,0.0,0.0,0.0,0.0,0.0,0.0,0.0,0.0,0.0,0.0,1
1785971085,854018211,0.2,-1.4363682905780237,-1.3691132704364222,-1.1327136198626917,-4.617902700101034,-4.890435997639791,0.18018431961536407,0.0,-0.0,0.0,0.0,0.0,0.0,0.0,0.0,0.0,0.0,0.0,0.0,1
1785971085,875064373,0.2,-1.4363802115069788,-1.3691495100604456,-1.1327255407916468,-4.61784273782839,-4.890447918568746,0.18017233908176422,0.0,-0.0,0.0,0.0,0.0,0.0,0.0,0.0,0.0,0.0,0.0,0.0,1
1785971085,893817424,0.2,-1.4363444487201136,-1.3691495100604456,-1.1327255407916468,-4.617854777966635,-4.890423957501547,0.18017233908176422,0.0,-0.0,0.0,0.0,0.0,0.0,0.0,0.0,0.0,0.0,0.0,0.0,1
1785971085,915310621,0.2,-1.4363206068622034,-1.3691852728473108,-1.132761303578512,-4.61786669889559,-4.890435997639791,0.18017233908176422,0.0,-0.0,0.0,0.0,0.0,0.0,0.0,0.0,0.0,0.0,0.0,0.0,1
1785971085,933907032,0.2,-1.4363802115069788,-1.369089428578512,-1.1327136198626917,-4.61784273782839,-4.890423957501547,0.18018431961536407,0.0,-0.0,0.0,0.0,0.0,0.0,0.0,0.0,0.0,0.0,0.0,0.0,1
1785971085,955174446,0.2,-1.4363563696490687,-1.3691251913653772,-1.1327136198626917,-4.61784273782839,-4.890483919774191,0.18016035854816437,0.0,-0.0,0.0,0.0,0.0,0.0,0.0,0.0,0.0,0.0,0.0,0.0,1
1785971085,973960161,0.2,-1.4363444487201136,-1.369101349507467,-1.1327255407916468,-4.61784273782839,-4.890435997639791,0.18019668757915497,0.0,-0.0,0.0,0.0,0.0,0.0,0.0,0.0,0.0,0.0,0.0,0.0,1
1785971085,994931221,0.2,-1.4363206068622034,-1.3691495100604456,-1.1327737013446253,-4.61784273782839,-4.890435997639791,0.18013638257980347,0.0,-0.0,0.0,0.0,0.0,0.0,0.0,0.0,0.0,0.0,0.0,0.0,1
1785971086,13976097,0.2,-1.4363444487201136,-1.369089428578512,-1.1327374617206019,-4.61784273782839,-4.890399638806478,0.18018431961536407,0.0,-0.0,0.0,0.0,0.0,0.0,0.0,0.0,0.0,0.0,0.0,0.0,1
1785971086,35187959,0.2,-1.4363682905780237,-1.3691371122943323,-1.1327255407916468,-4.617890659962789,-4.890447918568746,0.18019668757915497,0.0,-0.0,0.0,0.0,0.0,0.0,0.0,0.0,0.0,0.0,0.0,0.0,1
1785971086,53937673,0.2,-1.4363325277911585,-1.369101349507467,-1.1327136198626917,-4.617830816899435,-4.890412036572592,0.1801244020462036,0.0,-0.0,0.0,0.0,0.0,0.0,0.0,0.0,0.0,0.0,0.0,0.0,1
1785971086,75524806,0.2,-1.4363325277911585,-1.3691132704364222,-1.132749382649557,-4.617830816899435,-4.890399638806478,0.18018431961536407,0.0,-0.0,0.0,0.0,0.0,0.0,0.0,0.0,0.0,0.0,0.0,0.0,1
1785971086,93858480,0.2,-1.4363206068622034,-1.369101349507467,-1.132749382649557,-4.61781877676119,-4.890459958706991,0.18023262917995453,0.0,-0.0,0.0,0.0,0.0,0.0,0.0,0.0,0.0,0.0,0.0,0.0,1
1785971086,115082263,0.2,-1.4363444487201136,-1.369077507649557,-1.1327255407916468,-4.61786669889559,-4.890447918568746,0.18016035854816437,0.0,-0.0,0.0,0.0,0.0,0.0,0.0,0.0,0.0,0.0,0.0,0.0,1
1785971086,133826494,0.2,-1.4363444487201136,-1.369089428578512,-1.1326773802386683,-4.61786669889559,-4.890471879635946,0.18022064864635468,0.0,-0.0,0.0,0.0,0.0,0.0,0.0,0.0,0.0,0.0,0.0,0.0,1
1785971086,155101776,0.2,-1.4363444487201136,-1.3691609541522425,-1.1327374617206019,-4.617854777966635,-4.890435997639791,0.18018431961536407,0.0,-0.0,0.0,0.0,0.0,0.0,0.0,0.0,0.0,0.0,0.0,0.0,1
1785971086,173953771,0.2,-1.4363563696490687,-1.3691495100604456,-1.1327374617206019,-4.617878739033834,-4.890375677739279,0.18019668757915497,0.0,-0.0,0.0,0.0,0.0,0.0,0.0,0.0,0.0,0.0,0.0,0.0,1
1785971086,195002317,0.2,-1.4363563696490687,-1.3690531889544886,-1.1327374617206019,-4.617854777966635,-4.890387598668234,0.18016035854816437,0.0,-0.0,0.0,0.0,0.0,0.0,0.0,0.0,0.0,0.0,0.0,0.0,1
1785971086,213841199,0.2,-1.4363563696490687,-1.3691609541522425,-1.1327016989337366,-4.61784273782839,-4.890447918568746,0.18020866811275482,0.0,-0.0,0.0,0.0,0.0,0.0,0.0,0.0,0.0,0.0,0.0,0.0,1
1785971086,235637664,0.2,-1.4363206068622034,-1.3691251913653772,-1.1327374617206019,-4.61786669889559,-4.890412036572592,0.18013638257980347,0.0,-0.0,0.0,0.0,0.0,0.0,0.0,0.0,0.0,0.0,0.0,0.0,1
1785971086,253894805,0.2,-1.4364164511310022,-1.3691371122943323,-1.1326897780047815,-4.617854777966635,-4.890435997639791,0.18019668757915497,0.0,-0.0,0.0,0.0,0.0,0.0,0.0,0.0,0.0,0.0,0.0,0.0,1
1785971086,275517463,0.1,-1.4363444487201136,-1.3691609541522425,-1.1326773802386683,-4.617854777966635,-4.890447918568746,0.18022064864635468,0.0,-0.0,0.0,0.0,0.0,0.0,0.0,0.0,0.0,0.0,0.0,0.0,1
1785971086,293944358,0.1,-1.4363563696490687,-1.3691251913653772,-1.1327016989337366,-4.617830816899435,-4.890447918568746,0.18014837801456451,0.0,-0.0,0.0,0.0,0.0,0.0,0.0,0.0,0.0,0.0,0.0,0.0,1
1785971086,315195798,0.1,-1.4363563696490687,-1.3691371122943323,-1.132749382649557,-4.61784273782839,-4.890447918568746,0.18017233908176422,0.0,-0.0,0.0,0.0,0.0,0.0,0.0,0.0,0.0,0.0,0.0,0.0,1
1785971086,333892345,0.1,-1.4363325277911585,-1.3691733519183558,-1.1327016989337366,-4.61784273782839,-4.890435997639791,0.18022064864635468,0.0,-0.0,0.0,0.0,0.0,0.0,0.0,0.0,0.0,0.0,0.0,0.0,1
1785971086,354974031,0.1,-1.4363563696490687,-1.3691132704364222,-1.1327016989337366,-4.61786669889559,-4.890483919774191,0.18019668757915497,0.0,-0.0,0.0,0.0,0.0,0.0,0.0,0.0,0.0,0.0,0.0,0.0,1
1785971086,373856782,0.1,-1.4363802115069788,-1.369101349507467,-1.132749382649557,-4.617854777966635,-4.890447918568746,0.18016035854816437,0.0,-0.0,0.0,0.0,0.0,0.0,0.0,0.0,0.0,0.0,0.0,0.0,1
1785971086,394971132,0.1,-1.4363206068622034,-1.3691495100604456,-1.1327136198626917,-4.617854777966635,-4.890435997639791,0.18022064864635468,0.0,-0.0,0.0,0.0,0.0,0.0,0.0,0.0,0.0,0.0,0.0,0.0,1
1785971086,413969993,0.1,-1.4363325277911585,-1.3691371122943323,-1.1326773802386683,-4.617830816899435,-4.890423957501547,0.18018431961536407,0.0,-0.0,0.0,0.0,0.0,0.0,0.0,0.0,0.0,0.0,0.0,0.0,1
1785971086,434993505,0.1,-1.4363444487201136,-1.3691495100604456,-1.1327374617206019,-4.617902700101034,-4.890412036572592,0.18022064864635468,0.0,-0.0,0.0,0.0,0.0,0.0,0.0,0.0,0.0,0.0,0.0,0.0,1
1785971086,454028129,0.1,-1.4363325277911585,-1.369101349507467,-1.1327136198626917,-4.61786669889559,-4.890447918568746,0.18019668757915497,0.0,-0.0,0.0,0.0,0.0,0.0,0.0,0.0,0.0,0.0,0.0,0.0,1
1785971086,474841833,0.1,-1.4363206068622034,-1.3691132704364222,-1.1327374617206019,-4.617902700101034,-4.890435997639791,0.18022064864635468,0.0,-0.0,0.0,0.0,0.0,0.0,0.0,0.0,0.0,0.0,0.0,0.0,1
1785971086,493959903,0.1,-1.4363444487201136,-1.3691495100604456,-1.1326897780047815,-4.61784273782839,-4.890435997639791,0.18024462461471558,0.0,-0.0,0.0,0.0,0.0,0.0,0.0,0.0,0.0,0.0,0.0,0.0,1
1785971086,515264272,0.1,-1.4363206068622034,-1.369101349507467,-1.1327016989337366,-4.61784273782839,-4.890447918568746,0.18019668757915497,0.0,-0.0,0.0,0.0,0.0,0.0,0.0,0.0,0.0,0.0,0.0,0.0,1
1785971086,533912658,0.1,-1.4363444487201136,-1.3691733519183558,-1.1327374617206019,-4.61784273782839,-4.890459958706991,0.18018431961536407,0.0,-0.0,0.0,0.0,0.0,0.0,0.0,0.0,0.0,0.0,0.0,0.0,1
1785971086,555297851,0.1,-1.4363563696490687,-1.3691371122943323,-1.1327374617206019,-4.617878739033834,-4.890423957501547,0.18019668757915497,0.0,-0.0,0.0,0.0,0.0,0.0,0.0,0.0,0.0,0.0,0.0,0.0,1
1785971086,573871135,0.1,-1.4363325277911585,-1.369089428578512,-1.1327374617206019,-4.61781877676119,-4.890447918568746,0.18019668757915497,0.0,-0.0,0.0,0.0,0.0,0.0,0.0,0.0,0.0,0.0,0.0,0.0,1
1785971086,595221519,0.1,-1.4363682905780237,-1.369101349507467,-1.132749382649557,-4.617854777966635,-4.890412036572592,0.18017233908176422,0.0,-0.0,0.0,0.0,0.0,0.0,0.0,0.0,0.0,0.0,0.0,0.0,1
1785971086,613871812,0.1,-1.4363563696490687,-1.3691609541522425,-1.1327255407916468,-4.617902700101034,-4.890447918568746,0.18019668757915497,0.0,-0.0,0.0,0.0,0.0,0.0,0.0,0.0,0.0,0.0,0.0,0.0,1
1785971086,634839534,0.1,-1.4363563696490687,-1.3691251913653772,-1.1327136198626917,-4.617878739033834,-4.890399638806478,0.18016035854816437,0.0,-0.0,0.0,0.0,0.0,0.0,0.0,0.0,0.0,0.0,0.0,0.0,1
1785971086,654015064,0.1,-1.4363444487201136,-1.369089428578512,-1.1327255407916468,-4.61781877676119,-4.890435997639791,0.18019668757915497,0.0,-0.0,0.0,0.0,0.0,0.0,0.0,0.0,0.0,0.0,0.0,0.0,1
1785971086,675428390,0.1,-1.4363563696490687,-1.3691251913653772,-1.132761303578512,-4.61781877676119,-4.890412036572592,0.18020866811275482,0.0,-0.0,0.0,0.0,0.0,0.0,0.0,0.0,0.0,0.0,0.0,0.0,1
1785971086,693842649,0.1,-1.4363444487201136,-1.3691609541522425,-1.1327374617206019,-4.61786669889559,-4.890412036572592,0.18017233908176422,0.0,-0.0,0.0,0.0,0.0,0.0,0.0,0.0,0.0,0.0,0.0,0.0,1
1785971086,715444803,0.1,-1.4363444487201136,-1.3691371122943323,-1.1327136198626917,-4.617806855832235,-4.890412036572592,0.18022064864635468,0.0,-0.0,0.0,0.0,0.0,0.0,0.0,0.0,0.0,0.0,0.0,0.0,1
1785971086,733892917,0.1,-1.4363325277911585,-1.3691609541522425,-1.1327255407916468,-4.617830816899435,-4.890459958706991,0.18019668757915497,0.0,-0.0,0.0,0.0,0.0,0.0,0.0,0.0,0.0,0.0,0.0,0.0,1
1785971086,755184888,0.1,-1.4363444487201136,-1.369101349507467,-1.1327255407916468,-4.617854777966635,-4.890435997639791,0.18016035854816437,0.0,-0.0,0.0,0.0,0.0,0.0,0.0,0.0,0.0,0.0,0.0,0.0,1
1785971086,773882150,0.1,-1.4363206068622034,-1.369089428578512,-1.1326897780047815,-4.61784273782839,-4.890447918568746,0.18017233908176422,0.0,-0.0,0.0,0.0,0.0,0.0,0.0,0.0,0.0,0.0,0.0,0.0,1
1785971086,795212268,0.1,-1.4363802115069788,-1.3691371122943323,-1.1327016989337366,-4.617830816899435,-4.890412036572592,0.18017233908176422,0.0,-0.0,0.0,0.0,0.0,0.0,0.0,0.0,0.0,0.0,0.0,0.0,1
1785971086,813909053,0.1,-1.4362967650042933,-1.369101349507467,-1.1327016989337366,-4.617830816899435,-4.890447918568746,0.18017233908176422,0.0,-0.0,0.0,0.0,0.0,0.0,0.0,0.0,0.0,0.0,0.0,0.0,1
1785971086,834896802,0.1,-1.4363206068622034,-1.3691251913653772,-1.132749382649557,-4.617878739033834,-4.890447918568746,0.18018431961536407,0.0,-0.0,0.0,0.0,0.0,0.0,0.0,0.0,0.0,0.0,0.0,0.0,1
1785971086,853955984,0.1,-1.4363682905780237,-1.3691371122943323,-1.1327255407916468,-4.61786669889559,-4.890423957501547,0.18023262917995453,0.0,-0.0,0.0,0.0,0.0,0.0,0.0,0.0,0.0,0.0,0.0,0.0,1
1785971086,874813079,0.1,-1.4363325277911585,-1.369089428578512,-1.1327374617206019,-4.617878739033834,-4.890423957501547,0.18014837801456451,0.0,-0.0,0.0,0.0,0.0,0.0,0.0,0.0,0.0,0.0,0.0,0.0,1
1785971086,893926620,0.1,-1.4363802115069788,-1.369101349507467,-1.1327374617206019,-4.617830816899435,-4.890447918568746,0.18017233908176422,0.0,-0.0,0.0,0.0,0.0,0.0,0.0,0.0,0.0,0.0,0.0,0.0,1
1785971086,914994239,0.1,-1.4363921324359339,-1.369101349507467,-1.1326540152179163,-4.617878739033834,-4.890399638806478,0.18022064864635468,0.0,-0.0,0.0,0.0,0.0,0.0,0.0,0.0,0.0,0.0,0.0,0.0,1
1785971086,933853387,0.1,-1.4363082090960901,-1.369089428578512,-1.1326897780047815,-4.617806855832235,-4.890412036572592,0.18018431961536407,0.0,-0.0,0.0,0.0,0.0,0.0,0.0,0.0,0.0,0.0,0.0,0.0,1
1785971086,955036878,0.1,-1.4363921324359339,-1.3691251913653772,-1.1327016989337366,-4.61781877676119,-4.890423957501547,0.18017233908176422,0.0,-0.0,0.0,0.0,0.0,0.0,0.0,0.0,0.0,0.0,0.0,0.0,1
1785971086,973876714,0.1,-1.4363444487201136,-1.369089428578512,-1.1327374617206019,-4.617854777966635,-4.890423957501547,0.18018431961536407,0.0,-0.0,0.0,0.0,0.0,0.0,0.0,0.0,0.0,0.0,0.0,0.0,1
1785971086,995004653,0.1,-1.4363444487201136,-1.369077507649557,-1.132761303578512,-4.61781877676119,-4.890435997639791,0.18014837801456451,0.0,-0.0,0.0,0.0,0.0,0.0,0.0,0.0,0.0,0.0,0.0,0.0,1
1785971087,13949632,0.1,-1.4363563696490687,-1.3691251913653772,-1.1326659361468714,-4.617854777966635,-4.890447918568746,0.18014837801456451,0.0,-0.0,0.0,0.0,0.0,0.0,0.0,0.0,0.0,0.0,0.0,0.0,1
1785971087,34868001,0.1,-1.4363444487201136,-1.3691733519183558,-1.1327255407916468,-4.617890659962789,-4.890412036572592,0.18016035854816437,0.0,-0.0,0.0,0.0,0.0,0.0,0.0,0.0,0.0,0.0,0.0,0.0,1
1785971087,53964853,0.1,-1.4363444487201136,-1.3691852728473108,-1.1327255407916468,-4.617854777966635,-4.890435997639791,0.18017233908176422,0.0,-0.0,0.0,0.0,0.0,0.0,0.0,0.0,0.0,0.0,0.0,0.0,1
1785971087,75378894,0.1,-1.4363325277911585,-1.3691495100604456,-1.132749382649557,-4.61786669889559,-4.890447918568746,0.18018431961536407,0.0,-0.0,0.0,0.0,0.0,0.0,0.0,0.0,0.0,0.0,0.0,0.0,1
1785971087,93962430,0.1,-1.4363206068622034,-1.3691132704364222,-1.1327737013446253,-4.61784273782839,-4.890447918568746,0.18018431961536407,0.0,-0.0,0.0,0.0,0.0,0.0,0.0,0.0,0.0,0.0,0.0,0.0,1
1785971087,115085363,0.1,-1.4363444487201136,-1.3691371122943323,-1.1327374617206019,-4.61786669889559,-4.890447918568746,0.18016035854816437,0.0,-0.0,0.0,0.0,0.0,0.0,0.0,0.0,0.0,0.0,0.0,0.0,1
1785971087,133886814,0.1,-1.4363444487201136,-1.3691251913653772,-1.1327136198626917,-4.617854777966635,-4.890399638806478,0.18016035854816437,0.0,-0.0,0.0,0.0,0.0,0.0,0.0,0.0,0.0,0.0,0.0,0.0,1
1785971087,155399322,0.1,-1.4363444487201136,-1.3691852728473108,-1.1326773802386683,-4.617854777966635,-4.890447918568746,0.18017233908176422,0.0,-0.0,0.0,0.0,0.0,0.0,0.0,0.0,0.0,0.0,0.0,0.0,1
1785971087,173944950,0.1,-1.4363325277911585,-1.3691733519183558,-1.1327136198626917,-4.617878739033834,-4.890412036572592,0.18020866811275482,0.0,-0.0,0.0,0.0,0.0,0.0,0.0,0.0,0.0,0.0,0.0,0.0,1
1785971087,194842815,0.1,-1.4363563696490687,-1.3691733519183558,-1.1327016989337366,-4.617854777966635,-4.890399638806478,0.18018431961536407,0.0,-0.0,0.0,0.0,0.0,0.0,0.0,0.0,0.0,0.0,0.0,0.0,1
1785971087,213994979,0.1,-1.4363682905780237,-1.3691132704364222,-1.1327136198626917,-4.617878739033834,-4.890447918568746,0.18014837801456451,0.0,-0.0,0.0,0.0,0.0,0.0,0.0,0.0,0.0,0.0,0.0,0.0,1
1785971087,235508203,0.1,-1.4363325277911585,-1.3691733519183558,-1.1327136198626917,-4.61784273782839,-4.890412036572592,0.18017233908176422,0.0,-0.0,0.0,0.0,0.0,0.0,0.0,0.0,0.0,0.0,0.0,0.0,1
1785971087,253898382,0.1,-1.4362967650042933,-1.3691495100604456,-1.1326897780047815,-4.617830816899435,-4.890447918568746,0.18020866811275482,0.0,-0.0,0.0,0.0,0.0,0.0,0.0,0.0,0.0,0.0,0.0,0.0,1
1785971087,275032043,0.1,-1.4363444487201136,-1.3691852728473108,-1.1327016989337366,-4.617890659962789,-4.890412036572592,0.18020866811275482,0.0,-0.0,0.0,0.0,0.0,0.0,0.0,0.0,0.0,0.0,0.0,0.0,1
1785971087,293869018,0.1,-1.4363444487201136,-1.3691132704364222,-1.1326540152179163,-4.61786669889559,-4.890447918568746,0.18014837801456451,0.0,-0.0,0.0,0.0,0.0,0.0,0.0,0.0,0.0,0.0,0.0,0.0,1
1785971087,314889192,0.1,-1.4363921324359339,-1.3691371122943323,-1.132749382649557,-4.617854777966635,-4.890447918568746,0.18014837801456451,0.0,-0.0,0.0,0.0,0.0,0.0,0.0,0.0,0.0,0.0,0.0,0.0,1
1785971087,333965778,0.1,-1.4363563696490687,-1.3691495100604456,-1.1326897780047815,-4.617830816899435,-4.890423957501547,0.18018431961536407,0.0,-0.0,0.0,0.0,0.0,0.0,0.0,0.0,0.0,0.0,0.0,0.0,1
1785971087,354774951,0.1,-1.4362967650042933,-1.3691371122943323,-1.1327255407916468,-4.61786669889559,-4.890447918568746,0.18020866811275482,0.0,-0.0,0.0,0.0,0.0,0.0,0.0,0.0,0.0,0.0,0.0,0.0,1
1785971087,373981952,0.1,-1.4363682905780237,-1.3691371122943323,-1.1327255407916468,-4.61784273782839,-4.890435997639791,0.18020866811275482,0.0,-0.0,0.0,0.0,0.0,0.0,0.0,0.0,0.0,0.0,0.0,0.0,1
1785971087,395418167,0.1,-1.4363444487201136,-1.3691495100604456,-1.1326897780047815,-4.617830816899435,-4.890435997639791,0.18019668757915497,0.0,-0.0,0.0,0.0,0.0,0.0,0.0,0.0,0.0,0.0,0.0,0.0,1
1785971087,413907527,0.1,-1.4363206068622034,-1.3691251913653772,-1.1327016989337366,-4.617830816899435,-4.890423957501547,0.18019668757915497,0.0,-0.0,0.0,0.0,0.0,0.0,0.0,0.0,0.0,0.0,0.0,0.0,1
1785971087,435310363,0.1,-1.4363563696490687,-1.3691251913653772,-1.1327374617206019,-4.61784273782839,-4.890483919774191,0.18011242151260376,0.0,-0.0,0.0,0.0,0.0,0.0,0.0,0.0,0.0,0.0,0.0,0.0,1
1785971087,453957080,0.1,-1.4363444487201136,-1.3691852728473108,-1.132749382649557,-4.61786669889559,-4.890447918568746,0.18019668757915497,0.0,-0.0,0.0,0.0,0.0,0.0,0.0,0.0,0.0,0.0,0.0,0.0,1
1785971087,475198507,0.1,-1.4362967650042933,-1.369101349507467,-1.1327255407916468,-4.617806855832235,-4.890423957501547,0.18018431961536407,0.0,-0.0,0.0,0.0,0.0,0.0,0.0,0.0,0.0,0.0,0.0,0.0,1
1785971087,493939161,0.1,-1.4363444487201136,-1.3691733519183558,-1.1327255407916468,-4.617878739033834,-4.890435997639791,0.18016035854816437,0.0,-0.0,0.0,0.0,0.0,0.0,0.0,0.0,0.0,0.0,0.0,0.0,1
1785971087,514859676,0.1,-1.4363206068622034,-1.369101349507467,-1.1326659361468714,-4.61786669889559,-4.890447918568746,0.18017233908176422,0.0,-0.0,0.0,0.0,0.0,0.0,0.0,0.0,0.0,0.0,0.0,0.0,1
1785971087,534021139,0.1,-1.43628436723818,-1.3691251913653772,-1.1327255407916468,-4.61786669889559,-4.890459958706991,0.18011242151260376,0.0,-0.0,0.0,0.0,0.0,0.0,0.0,0.0,0.0,0.0,0.0,0.0,1
1785971087,555346012,0.1,-1.4363563696490687,-1.369077507649557,-1.1326897780047815,-4.617854777966635,-4.890423957501547,0.18022064864635468,0.0,-0.0,0.0,0.0,0.0,0.0,0.0,0.0,0.0,0.0,0.0,0.0,1
1785971087,573853492,0.1,-1.4363563696490687,-1.3691132704364222,-1.132749382649557,-4.61786669889559,-4.890447918568746,0.1801244020462036,0.0,-0.0,0.0,0.0,0.0,0.0,0.0,0.0,0.0,0.0,0.0,0.0,1
1785971087,595106601,0.1,-1.4363082090960901,-1.3691371122943323,-1.1327255407916468,-4.61784273782839,-4.890423957501547,0.18016035854816437,0.0,-0.0,0.0,0.0,0.0,0.0,0.0,0.0,0.0,0.0,0.0,0.0,1
1785971087,613853693,0.1,-1.4363444487201136,-1.3691132704364222,-1.1327374617206019,-4.61784273782839,-4.890447918568746,0.18017233908176422,0.0,-0.0,0.0,0.0,0.0,0.0,0.0,0.0,0.0,0.0,0.0,0.0,1
1785971087,635301351,0.1,-1.4363682905780237,-1.369101349507467,-1.1326659361468714,-4.617854777966635,-4.890435997639791,0.18013638257980347,0.0,-0.0,0.0,0.0,0.0,0.0,0.0,0.0,0.0,0.0,0.0,0.0,1
1785971087,653942346,0.1,-1.4363563696490687,-1.3691495100604456,-1.1326897780047815,-4.617830816899435,-4.890471879635946,0.18019668757915497,0.0,-0.0,0.0,0.0,0.0,0.0,0.0,0.0,0.0,0.0,0.0,0.0,1
1785971087,675034284,0.1,-1.4363444487201136,-1.369089428578512,-1.1327016989337366,-4.617806855832235,-4.890447918568746,0.18022064864635468,0.0,-0.0,0.0,0.0,0.0,0.0,0.0,0.0,0.0,0.0,0.0,0.0,1
1785971087,693962812,0.1,-1.4363444487201136,-1.369089428578512,-1.1327136198626917,-4.617854777966635,-4.890447918568746,0.18020866811275482,0.0,-0.0,0.0,0.0,0.0,0.0,0.0,0.0,0.0,0.0,0.0,0.0,1
1785971087,714884042,0.1,-1.4363682905780237,-1.3691132704364222,-1.1326659361468714,-4.617854777966635,-4.890447918568746,0.18016035854816437,0.0,-0.0,0.0,0.0,0.0,0.0,0.0,0.0,0.0,0.0,0.0,0.0,1
1785971087,734011411,0.1,-1.4363325277911585,-1.3691132704364222,-1.1327374617206019,-4.617830816899435,-4.890435997639791,0.18017233908176422,0.0,-0.0,0.0,0.0,0.0,0.0,0.0,0.0,0.0,0.0,0.0,0.0,1
1785971087,754924774,0.1,-1.4363563696490687,-1.3691371122943323,-1.1326773802386683,-4.617890659962789,-4.890423957501547,0.18022064864635468,0.0,-0.0,0.0,0.0,0.0,0.0,0.0,0.0,0.0,0.0,0.0,0.0,1
1785971087,773950099,0.1,-1.4363444487201136,-1.3691495100604456,-1.1327016989337366,-4.617854777966635,-4.890471879635946,0.18016035854816437,0.0,-0.0,0.0,0.0,0.0,0.0,0.0,0.0,0.0,0.0,0.0,0.0,1
1785971087,794779539,0.1,-1.4363563696490687,-1.3691132704364222,-1.1327016989337366,-4.617854777966635,-4.890423957501547,0.18017233908176422,0.0,-0.0,0.0,0.0,0.0,0.0,0.0,0.0,0.0,0.0,0.0,0.0,1
1785971087,813918828,0.1,-1.4362967650042933,-1.369101349507467,-1.1327255407916468,-4.61784273782839,-4.890423957501547,0.18014837801456451,0.0,-0.0,0.0,0.0,0.0,0.0,0.0,0.0,0.0,0.0,0.0,0.0,1
1785971087,835511207,0.1,-1.4363444487201136,-1.3691609541522425,-1.1326897780047815,-4.617890659962789,-4.890459958706991,0.18020866811275482,0.0,-0.0,0.0,0.0,0.0,0.0,0.0,0.0,0.0,0.0,0.0,0.0,1
1785971087,853999853,0.1,-1.4363206068622034,-1.369089428578512,-1.1326897780047815,-4.61784273782839,-4.890471879635946,0.18013638257980347,0.0,-0.0,0.0,0.0,0.0,0.0,0.0,0.0,0.0,0.0,0.0,0.0,1
1785971087,875373601,0.1,-1.4363082090960901,-1.3691251913653772,-1.1327136198626917,-4.61786669889559,-4.890412036572592,0.18018431961536407,0.0,-0.0,0.0,0.0,0.0,0.0,0.0,0.0,0.0,0.0,0.0,0.0,1
1785971087,893876791,0.1,-1.4363444487201136,-1.3691251913653772,-1.1327374617206019,-4.61786669889559,-4.890435997639791,0.18016035854816437,0.0,-0.0,0.0,0.0,0.0,0.0,0.0,0.0,0.0,0.0,0.0,0.0,1
1785971087,914938688,0.1,-1.4362967650042933,-1.3691132704364222,-1.1326897780047815,-4.61781877676119,-4.890447918568746,0.18016035854816437,0.0,-0.0,0.0,0.0,0.0,0.0,0.0,0.0,0.0,0.0,0.0,0.0,1
1785971087,933853864,0.1,-1.4362967650042933,-1.3691251913653772,-1.1327255407916468,-4.617854777966635,-4.890435997639791,0.18016035854816437,0.0,-0.0,0.0,0.0,0.0,0.0,0.0,0.0,0.0,0.0,0.0,0.0,1
1785971087,955041646,0.1,-1.4363682905780237,-1.3691733519183558,-1.1327255407916468,-4.61786669889559,-4.890435997639791,0.18018431961536407,0.0,-0.0,0.0,0.0,0.0,0.0,0.0,0.0,0.0,0.0,0.0,0.0,1
1785971087,973865985,0.1,-1.4363444487201136,-1.3691132704364222,-1.1327374617206019,-4.617854777966635,-4.890459958706991,0.18017233908176422,0.0,-0.0,0.0,0.0,0.0,0.0,0.0,0.0,0.0,0.0,0.0,0.0,1
1785971087,994897842,0.1,-1.4363325277911585,-1.3691609541522425,-1.1327374617206019,-4.6177948156939905,-4.890447918568746,0.18014837801456451,0.0,-0.0,0.0,0.0,0.0,0.0,0.0,0.0,0.0,0.0,0.0,0.0,1
1785971088,13971567,0.1,-1.4363682905780237,-1.3691251913653772,-1.1327255407916468,-4.617830816899435,-4.890483919774191,0.18018431961536407,0.0,-0.0,0.0,0.0,0.0,0.0,0.0,0.0,0.0,0.0,0.0,0.0,1
1785971088,35498857,0.1,-1.4363206068622034,-1.3691132704364222,-1.1327374617206019,-4.61781877676119,-4.890459958706991,0.18018431961536407,0.0,-0.0,0.0,0.0,0.0,0.0,0.0,0.0,0.0,0.0,0.0,0.0,1
1785971088,53950548,0.1,-1.4364045302020472,-1.3691495100604456,-1.1327374617206019,-4.617890659962789,-4.890423957501547,0.18019668757915497,0.0,-0.0,0.0,0.0,0.0,0.0,0.0,0.0,0.0,0.0,0.0,0.0,1
1785971088,75031042,0.1,-1.4363563696490687,-1.3691852728473108,-1.1327255407916468,-4.61784273782839,-4.890435997639791,0.18016035854816437,0.0,-0.0,0.0,0.0,0.0,0.0,0.0,0.0,0.0,0.0,0.0,0.0,1
1785971088,93851566,0.1,-1.4363563696490687,-1.3691852728473108,-1.1326897780047815,-4.61786669889559,-4.890435997639791,0.18016035854816437,0.0,-0.0,0.0,0.0,0.0,0.0,0.0,0.0,0.0,0.0,0.0,0.0,1
1785971088,114945173,0.1,-1.4363563696490687,-1.3691609541522425,-1.1326897780047815,-4.61786669889559,-4.890435997639791,0.18018431961536407,0.0,-0.0,0.0,0.0,0.0,0.0,0.0,0.0,0.0,0.0,0.0,0.0,1
1785971088,133919954,0.1,-1.4363563696490687,-1.3691495100604456,-1.1327374617206019,-4.617878739033834,-4.890423957501547,0.18019668757915497,0.0,-0.0,0.0,0.0,0.0,0.0,0.0,0.0,0.0,0.0,0.0,0.0,1
1785971088,154866933,0.1,-1.4363563696490687,-1.369101349507467,-1.1326659361468714,-4.617854777966635,-4.890447918568746,0.18019668757915497,0.0,-0.0,0.0,0.0,0.0,0.0,0.0,0.0,0.0,0.0,0.0,0.0,1
1785971088,173936843,0.1,-1.4363802115069788,-1.3691132704364222,-1.1327255407916468,-4.617854777966635,-4.890459958706991,0.18016035854816437,0.0,-0.0,0.0,0.0,0.0,0.0,0.0,0.0,0.0,0.0,0.0,0.0,1
1785971088,194937944,0.1,-1.4363206068622034,-1.3691132704364222,-1.1327136198626917,-4.61784273782839,-4.890387598668234,0.18020866811275482,0.0,-0.0,0.0,0.0,0.0,0.0,0.0,0.0,0.0,0.0,0.0,0.0,1
1785971088,213868379,0.1,-1.4363206068622034,-1.3691132704364222,-1.1326659361468714,-4.61786669889559,-4.890399638806478,0.18019668757915497,0.0,-0.0,0.0,0.0,0.0,0.0,0.0,0.0,0.0,0.0,0.0,0.0,1
1785971088,235256910,0.1,-1.4364045302020472,-1.369101349507467,-1.1327016989337366,-4.61781877676119,-4.890447918568746,0.18020866811275482,0.0,-0.0,0.0,0.0,0.0,0.0,0.0,0.0,0.0,0.0,0.0,0.0,1
1785971088,253879785,0.1,-1.4363444487201136,-1.369101349507467,-1.1327255407916468,-4.61784273782839,-4.890399638806478,0.18014837801456451,0.0,-0.0,0.0,0.0,0.0,0.0,0.0,0.0,0.0,0.0,0.0,0.0,1
1785971088,275346517,0.02,-1.4363325277911585,-1.369089428578512,-1.1327136198626917,-4.61786669889559,-4.890447918568746,0.18022064864635468,0.0,-0.0,0.0,0.0,0.0,0.0,0.0,0.0,0.0,0.0,0.0,0.0,1
1785971088,293865919,0.02,-1.4363682905780237,-1.3691371122943323,-1.1326773802386683,-4.617806855832235,-4.890435997639791,0.18018431961536407,0.0,-0.0,0.0,0.0,0.0,0.0,0.0,0.0,0.0,0.0,0.0,0.0,1
1785971088,314969539,0.02,-1.4363563696490687,-1.3691609541522425,-1.1327016989337366,-4.617854777966635,-4.890459958706991,0.18016035854816437,0.0,-0.0,0.0,0.0,0.0,0.0,0.0,0.0,0.0,0.0,0.0,0.0,1
1785971088,333861351,0.02,-1.4364045302020472,-1.3691132704364222,-1.132749382649557,-4.617902700101034,-4.890471879635946,0.18014837801456451,0.0,-0.0,0.0,0.0,0.0,0.0,0.0,0.0,0.0,0.0,0.0,0.0,1
1785971088,354961872,0.02,-1.4363444487201136,-1.369077507649557,-1.1327737013446253,-4.61786669889559,-4.890471879635946,0.18014837801456451,0.0,-0.0,0.0,0.0,0.0,0.0,0.0,0.0,0.0,0.0,0.0,0.0,1
1785971088,373875617,0.02,-1.4363682905780237,-1.3691251913653772,-1.1326897780047815,-4.61786669889559,-4.890447918568746,0.18019668757915497,0.0,-0.0,0.0,0.0,0.0,0.0,0.0,0.0,0.0,0.0,0.0,0.0,1
1785971088,394921302,0.02,-1.4363206068622034,-1.3691251913653772,-1.132749382649557,-4.61784273782839,-4.890447918568746,0.18017233908176422,0.0,-0.0,0.0,0.0,0.0,0.0,0.0,0.0,0.0,0.0,0.0,0.0,1
1785971088,413922786,0.02,-1.4363444487201136,-1.3691251913653772,-1.1327016989337366,-4.617878739033834,-4.890483919774191,0.18018431961536407,0.0,-0.0,0.0,0.0,0.0,0.0,0.0,0.0,0.0,0.0,0.0,0.0,1
1785971088,435581445,0.02,-1.4363682905780237,-1.3691609541522425,-1.1327136198626917,-4.61781877676119,-4.890483919774191,0.18019668757915497,0.0,-0.0,0.0,0.0,0.0,0.0,0.0,0.0,0.0,0.0,0.0,0.0,1
1785971088,453937292,0.02,-1.4363444487201136,-1.3691132704364222,-1.1327374617206019,-4.617830816899435,-4.890447918568746,0.18016035854816437,0.0,-0.0,0.0,0.0,0.0,0.0,0.0,0.0,0.0,0.0,0.0,0.0,1
1785971088,474707126,0.02,-1.4364045302020472,-1.3691371122943323,-1.1327255407916468,-4.617830816899435,-4.890423957501547,0.18014837801456451,0.0,-0.0,0.0,0.0,0.0,0.0,0.0,0.0,0.0,0.0,0.0,0.0,1
1785971088,493911504,0.02,-1.4363563696490687,-1.3691495100604456,-1.1327016989337366,-4.6177948156939905,-4.890483919774191,0.18022064864635468,0.0,-0.0,0.0,0.0,0.0,0.0,0.0,0.0,0.0,0.0,0.0,0.0,1
1785971088,515034198,0.02,-1.4363682905780237,-1.3691132704364222,-1.1327255407916468,-4.617878739033834,-4.890412036572592,0.18018431961536407,0.0,-0.0,0.0,0.0,0.0,0.0,0.0,0.0,0.0,0.0,0.0,0.0,1
1785971088,533906698,0.02,-1.4363563696490687,-1.3691251913653772,-1.132749382649557,-4.617830816899435,-4.890471879635946,0.18014837801456451,0.0,-0.0,0.0,0.0,0.0,0.0,0.0,0.0,0.0,0.0,0.0,0.0,1
1785971088,555107355,0.02,-1.4363921324359339,-1.3691251913653772,-1.1327136198626917,-4.61784273782839,-4.890447918568746,0.18017233908176422,0.0,-0.0,0.0,0.0,0.0,0.0,0.0,0.0,0.0,0.0,0.0,0.0,1
1785971088,573948860,0.02,-1.4363802115069788,-1.3691371122943323,-1.1327016989337366,-4.61784273782839,-4.890459958706991,0.18019668757915497,0.0,-0.0,0.0,0.0,0.0,0.0,0.0,0.0,0.0,0.0,0.0,0.0,1
1785971088,595025300,0.02,-1.4363921324359339,-1.3691371122943323,-1.1327016989337366,-4.61784273782839,-4.890447918568746,0.18019668757915497,0.0,-0.0,0.0,0.0,0.0,0.0,0.0,0.0,0.0,0.0,0.0,0.0,1
1785971088,613891124,0.02,-1.4363444487201136,-1.3691371122943323,-1.1326773802386683,-4.617830816899435,-4.890412036572592,0.18020866811275482,0.0,-0.0,0.0,0.0,0.0,0.0,0.0,0.0,0.0,0.0,0.0,0.0,1
1785971088,635172367,0.02,-1.4362967650042933,-1.3691609541522425,-1.1327737013446253,-4.617854777966635,-4.890412036572592,0.18016035854816437,0.0,-0.0,0.0,0.0,0.0,0.0,0.0,0.0,0.0,0.0,0.0,0.0,1
1785971088,653892755,0.02,-1.4363444487201136,-1.3691495100604456,-1.1327136198626917,-4.617830816899435,-4.890459958706991,0.18014837801456451,0.0,-0.0,0.0,0.0,0.0,0.0,0.0,0.0,0.0,0.0,0.0,0.0,1
1785971088,674838304,0.02,-1.4363206068622034,-1.3691495100604456,-1.1327255407916468,-4.617854777966635,-4.890399638806478,0.18018431961536407,0.0,-0.0,0.0,0.0,0.0,0.0,0.0,0.0,0.0,0.0,0.0,0.0,1
1785971088,693943738,0.02,-1.4363444487201136,-1.3691251913653772,-1.1327136198626917,-4.617854777966635,-4.890459958706991,0.18017233908176422,0.0,-0.0,0.0,0.0,0.0,0.0,0.0,0.0,0.0,0.0,0.0,0.0,1
1785971088,714621067,0.02,-1.4363325277911585,-1.3691132704364222,-1.1327136198626917,-4.617854777966635,-4.890399638806478,0.18023262917995453,0.0,-0.0,0.0,0.0,0.0,0.0,0.0,0.0,0.0,0.0,0.0,0.0,1
1785971088,733889579,0.02,-1.4363802115069788,-1.3691251913653772,-1.1327374617206019,-4.617890659962789,-4.890435997639791,0.18019668757915497,0.0,-0.0,0.0,0.0,0.0,0.0,0.0,0.0,0.0,0.0,0.0,0.0,1
1785971088,754991531,0.02,-1.4363921324359339,-1.3691495100604456,-1.1326773802386683,-4.617854777966635,-4.890447918568746,0.18016035854816437,0.0,-0.0,0.0,0.0,0.0,0.0,0.0,0.0,0.0,0.0,0.0,0.0,1
1785971088,773919820,0.02,-1.4363206068622034,-1.3691132704364222,-1.1327016989337366,-4.61784273782839,-4.890412036572592,0.18018431961536407,0.0,-0.0,0.0,0.0,0.0,0.0,0.0,0.0,0.0,0.0,0.0,0.0,1
1785971088,794929742,0.02,-1.4363682905780237,-1.3691371122943323,-1.1327136198626917,-4.617830816899435,-4.890435997639791,0.18018431961536407,0.0,-0.0,0.0,0.0,0.0,0.0,0.0,0.0,0.0,0.0,0.0,0.0,1
1785971088,813852787,0.02,-1.4363802115069788,-1.3691371122943323,-1.1327374617206019,-4.61784273782839,-4.890483919774191,0.18016035854816437,0.0,-0.0,0.0,0.0,0.0,0.0,0.0,0.0,0.0,0.0,0.0,0.0,1
1785971088,835104227,0.02,-1.4363682905780237,-1.3691495100604456,-1.1326897780047815,-4.617830816899435,-4.890435997639791,0.18019668757915497,0.0,-0.0,0.0,0.0,0.0,0.0,0.0,0.0,0.0,0.0,0.0,0.0,1
1785971088,853880882,0.02,-1.4363444487201136,-1.3691371122943323,-1.1326773802386683,-4.61784273782839,-4.890459958706991,0.18014837801456451,0.0,-0.0,0.0,0.0,0.0,0.0,0.0,0.0,0.0,0.0,0.0,0.0,1
1785971088,874854326,0.02,-1.4363325277911585,-1.3691251913653772,-1.1327374617206019,-4.617830816899435,-4.890447918568746,0.18020866811275482,0.0,-0.0,0.0,0.0,0.0,0.0,0.0,0.0,0.0,0.0,0.0,0.0,1
1785971088,893923044,0.02,-1.4363563696490687,-1.3691495100604456,-1.1327374617206019,-4.617878739033834,-4.890447918568746,0.18016035854816437,0.0,-0.0,0.0,0.0,0.0,0.0,0.0,0.0,0.0,0.0,0.0,0.0,1
1785971088,914964675,0.02,-1.4363444487201136,-1.3691251913653772,-1.1327255407916468,-4.617806855832235,-4.890399638806478,0.18014837801456451,0.0,-0.0,0.0,0.0,0.0,0.0,0.0,0.0,0.0,0.0,0.0,0.0,1
1785971088,933831214,0.02,-1.4363082090960901,-1.3691132704364222,-1.1327016989337366,-4.617890659962789,-4.890435997639791,0.18020866811275482,0.0,-0.0,0.0,0.0,0.0,0.0,0.0,0.0,0.0,0.0,0.0,0.0,1
1785971088,954980611,0.02,-1.4363682905780237,-1.3691251913653772,-1.132761303578512,-4.617806855832235,-4.890435997639791,0.18019668757915497,0.0,-0.0,0.0,0.0,0.0,0.0,0.0,0.0,0.0,0.0,0.0,0.0,1
1785971088,973840236,0.02,-1.4363206068622034,-1.3691132704364222,-1.132749382649557,-4.617830816899435,-4.890459958706991,0.18018431961536407,0.0,-0.0,0.0,0.0,0.0,0.0,0.0,0.0,0.0,0.0,0.0,0.0,1
1785971088,995009183,0.02,-1.4363325277911585,-1.3691371122943323,-1.1327374617206019,-4.617854777966635,-4.890447918568746,0.18017233908176422,0.0,-0.0,0.0,0.0,0.0,0.0,0.0,0.0,0.0,0.0,0.0,0.0,1
1785971089,13915300,0.02,-1.43628436723818,-1.3691495100604456,-1.1327737013446253,-4.617890659962789,-4.890399638806478,0.18016035854816437,0.0,-0.0,0.0,0.0,0.0,0.0,0.0,0.0,0.0,0.0,0.0,0.0,1
1785971089,34878015,0.02,-1.4364045302020472,-1.3691852728473108,-1.1326540152179163,-4.617878739033834,-4.890471879635946,0.18016035854816437,0.0,-0.0,0.0,0.0,0.0,0.0,0.0,0.0,0.0,0.0,0.0,0.0,1
1785971089,54069280,0.02,-1.4363682905780237,-1.3690655867206019,-1.1327016989337366,-4.617830816899435,-4.890435997639791,0.18014837801456451,0.0,-0.0,0.0,0.0,0.0,0.0,0.0,0.0,0.0,0.0,0.0,0.0,1
1785971089,75350999,0.02,-1.4363206068622034,-1.369101349507467,-1.1326897780047815,-4.617830816899435,-4.890423957501547,0.18017233908176422,0.0,-0.0,0.0,0.0,0.0,0.0,0.0,0.0,0.0,0.0,0.0,0.0,1
1785971089,93887329,0.02,-1.4363682905780237,-1.3691609541522425,-1.1327374617206019,-4.617854777966635,-4.890459958706991,0.18019668757915497,0.0,-0.0,0.0,0.0,0.0,0.0,0.0,0.0,0.0,0.0,0.0,0.0,1
1785971089,114922761,0.02,-1.4363921324359339,-1.3691251913653772,-1.1326659361468714,-4.617854777966635,-4.890399638806478,0.18022064864635468,0.0,-0.0,0.0,0.0,0.0,0.0,0.0,0.0,0.0,0.0,0.0,0.0,1
1785971089,133904218,0.02,-1.4363444487201136,-1.3691495100604456,-1.1327255407916468,-4.61784273782839,-4.890412036572592,0.18023262917995453,0.0,-0.0,0.0,0.0,0.0,0.0,0.0,0.0,0.0,0.0,0.0,0.0,1
1785971089,154981374,0.02,-1.4363325277911585,-1.369077507649557,-1.1327016989337366,-4.617854777966635,-4.890423957501547,0.18024462461471558,0.0,-0.0,0.0,0.0,0.0,0.0,0.0,0.0,0.0,0.0,0.0,0.0,1
1785971089,173914909,0.02,-1.4363325277911585,-1.3691495100604456,-1.1327374617206019,-4.61781877676119,-4.890387598668234,0.18018431961536407,0.0,-0.0,0.0,0.0,0.0,0.0,0.0,0.0,0.0,0.0,0.0,0.0,1
1785971089,194849729,0.02,-1.4363682905780237,-1.369077507649557,-1.1326659361468714,-4.61781877676119,-4.890435997639791,0.18018431961536407,0.0,-0.0,0.0,0.0,0.0,0.0,0.0,0.0,0.0,0.0,0.0,0.0,1
1785971089,213896036,0.02,-1.4363206068622034,-1.3691251913653772,-1.1327136198626917,-4.617806855832235,-4.890483919774191,0.18016035854816437,0.0,-0.0,0.0,0.0,0.0,0.0,0.0,0.0,0.0,0.0,0.0,0.0,1
1785971089,235244512,0.02,-1.4363206068622034,-1.3691371122943323,-1.1327255407916468,-4.617830816899435,-4.890412036572592,0.18014837801456451,0.0,-0.0,0.0,0.0,0.0,0.0,0.0,0.0,0.0,0.0,0.0,0.0,1
1785971089,253850460,0.02,-1.4363325277911585,-1.369089428578512,-1.1326773802386683,-4.61781877676119,-4.890435997639791,0.18018431961536407,0.0,-0.0,0.0,0.0,0.0,0.0,0.0,0.0,0.0,0.0,0.0,0.0,1
1785971089,275583267,0.02,-1.4363802115069788,-1.3691371122943323,-1.1327374617206019,-4.617878739033834,-4.890435997639791,0.18020866811275482,0.0,-0.0,0.0,0.0,0.0,0.0,0.0,0.0,0.0,0.0,0.0,0.0,1
1785971089,293817281,0.01,-1.4364045302020472,-1.3691733519183558,-1.1327136198626917,-4.617806855832235,-4.890459958706991,0.18019668757915497,0.0,-0.0,0.0,0.0,0.0,0.0,0.0,0.0,0.0,0.0,0.0,0.0,1
1785971089,315066576,0.01,-1.4363325277911585,-1.369101349507467,-1.1326773802386683,-4.617914621029989,-4.890423957501547,0.18013638257980347,0.0,-0.0,0.0,0.0,0.0,0.0,0.0,0.0,0.0,0.0,0.0,0.0,1
1785971089,333896398,0.01,-1.4363682905780237,-1.3691132704364222,-1.1326773802386683,-4.617830816899435,-4.890399638806478,0.18017233908176422,0.0,-0.0,0.0,0.0,0.0,0.0,0.0,0.0,0.0,0.0,0.0,0.0,1
1785971089,354848623,0.01,-1.4363082090960901,-1.3691251913653772,-1.1327374617206019,-4.61786669889559,-4.890447918568746,0.18019668757915497,0.0,-0.0,0.0,0.0,0.0,0.0,0.0,0.0,0.0,0.0,0.0,0.0,1
1785971089,373995304,0.01,-1.4363563696490687,-1.3691251913653772,-1.1327136198626917,-4.61786669889559,-4.890399638806478,0.18014837801456451,0.0,-0.0,0.0,0.0,0.0,0.0,0.0,0.0,0.0,0.0,0.0,0.0,1
1785971089,395325422,0.01,-1.4363563696490687,-1.3691371122943323,-1.1326897780047815,-4.61784273782839,-4.890412036572592,0.18014837801456451,0.0,-0.0,0.0,0.0,0.0,0.0,0.0,0.0,0.0,0.0,0.0,0.0,1
1785971089,413871526,0.01,-1.4363325277911585,-1.3691852728473108,-1.1327016989337366,-4.61784273782839,-4.890447918568746,0.18013638257980347,0.0,-0.0,0.0,0.0,0.0,0.0,0.0,0.0,0.0,0.0,0.0,0.0,1
1785971089,434851646,0.01,-1.4363444487201136,-1.369101349507467,-1.1326773802386683,-4.61786669889559,-4.890423957501547,0.18017233908176422,0.0,-0.0,0.0,0.0,0.0,0.0,0.0,0.0,0.0,0.0,0.0,0.0,1
1785971089,453890085,0.01,-1.4363444487201136,-1.3691609541522425,-1.132761303578512,-4.617830816899435,-4.890435997639791,0.18020866811275482,0.0,-0.0,0.0,0.0,0.0,0.0,0.0,0.0,0.0,0.0,0.0,0.0,1
1785971089,475048303,0.01,-1.4363682905780237,-1.3691251913653772,-1.1327016989337366,-4.61784273782839,-4.890447918568746,0.18017233908176422,0.0,-0.0,0.0,0.0,0.0,0.0,0.0,0.0,0.0,0.0,0.0,0.0,1
1785971089,493920087,0.01,-1.4363682905780237,-1.3691251913653772,-1.1327136198626917,-4.617878739033834,-4.890423957501547,0.18022064864635468,0.0,-0.0,0.0,0.0,0.0,0.0,0.0,0.0,0.0,0.0,0.0,0.0,1
1785971089,514883041,0.01,-1.4363921324359339,-1.369101349507467,-1.132761303578512,-4.617830816899435,-4.890471879635946,0.18019668757915497,0.0,-0.0,0.0,0.0,0.0,0.0,0.0,0.0,0.0,0.0,0.0,0.0,1
1785971089,533976316,0.01,-1.4363325277911585,-1.3691132704364222,-1.1327016989337366,-4.617890659962789,-4.890471879635946,0.18018431961536407,0.0,-0.0,0.0,0.0,0.0,0.0,0.0,0.0,0.0,0.0,0.0,0.0,1
1785971089,555385351,0.01,-1.4363682905780237,-1.3691132704364222,-1.1327136198626917,-4.617830816899435,-4.890471879635946,0.18017233908176422,0.0,-0.0,0.0,0.0,0.0,0.0,0.0,0.0,0.0,0.0,0.0,0.0,1
1785971089,573817491,0.01,-1.4363444487201136,-1.3691371122943323,-1.1327136198626917,-4.61784273782839,-4.890399638806478,0.18020866811275482,0.0,-0.0,0.0,0.0,0.0,0.0,0.0,0.0,0.0,0.0,0.0,0.0,1
1785971089,595232963,0.01,-1.4363921324359339,-1.3691495100604456,-1.1326897780047815,-4.61781877676119,-4.890459958706991,0.18020866811275482,0.0,-0.0,0.0,0.0,0.0,0.0,0.0,0.0,0.0,0.0,0.0,0.0,1
1785971089,613915205,0.01,-1.4363325277911585,-1.3691852728473108,-1.1326897780047815,-4.617878739033834,-4.890459958706991,0.18020866811275482,0.0,-0.0,0.0,0.0,0.0,0.0,0.0,0.0,0.0,0.0,0.0,0.0,1
1785971089,634831905,0.01,-1.4363802115069788,-1.3691251913653772,-1.1327016989337366,-4.61784273782839,-4.890423957501547,0.18019668757915497,0.0,-0.0,0.0,0.0,0.0,0.0,0.0,0.0,0.0,0.0,0.0,0.0,1
1785971089,653954029,0.01,-1.4363682905780237,-1.3691371122943323,-1.1327016989337366,-4.617878739033834,-4.890435997639791,0.18018431961536407,0.0,-0.0,0.0,0.0,0.0,0.0,0.0,0.0,0.0,0.0,0.0,0.0,1
1785971089,674822330,0.01,-1.4363206068622034,-1.369101349507467,-1.1327255407916468,-4.617854777966635,-4.890423957501547,0.18014837801456451,0.0,-0.0,0.0,0.0,0.0,0.0,0.0,0.0,0.0,0.0,0.0,0.0,1
1785971089,693870306,0.01,-1.4363444487201136,-1.3691132704364222,-1.1327255407916468,-4.61786669889559,-4.890435997639791,0.18019668757915497,0.0,-0.0,0.0,0.0,0.0,0.0,0.0,0.0,0.0,0.0,0.0,0.0,1
1785971089,714767932,0.01,-1.4363444487201136,-1.3691495100604456,-1.1327136198626917,-4.617830816899435,-4.890447918568746,0.18017233908176422,0.0,-0.0,0.0,0.0,0.0,0.0,0.0,0.0,0.0,0.0,0.0,0.0,1
1785971089,733992815,0.01,-1.4363444487201136,-1.3691132704364222,-1.1326897780047815,-4.617854777966635,-4.890471879635946,0.18022064864635468,0.0,-0.0,0.0,0.0,0.0,0.0,0.0,0.0,0.0,0.0,0.0,0.0,1
1785971089,754945755,0.01,-1.4363444487201136,-1.3691251913653772,-1.1327374617206019,-4.617902700101034,-4.890423957501547,0.18018431961536407,0.0,-0.0,0.0,0.0,0.0,0.0,0.0,0.0,0.0,0.0,0.0,0.0,1
1785971089,774019956,0.01,-1.4363444487201136,-1.3691251913653772,-1.1326773802386683,-4.617830816899435,-4.890399638806478,0.18018431961536407,0.0,-0.0,0.0,0.0,0.0,0.0,0.0,0.0,0.0,0.0,0.0,0.0,1
1785971089,795045375,0.01,-1.4363802115069788,-1.3691609541522425,-1.1327016989337366,-4.61786669889559,-4.890423957501547,0.18014837801456451,0.0,-0.0,0.0,0.0,0.0,0.0,0.0,0.0,0.0,0.0,0.0,0.0,1
1785971089,813828706,0.01,-1.4363563696490687,-1.3691132704364222,-1.1326773802386683,-4.61784273782839,-4.890412036572592,0.18017233908176422,0.0,-0.0,0.0,0.0,0.0,0.0,0.0,0.0,0.0,0.0,0.0,0.0,1
1785971089,835526466,0.01,-1.4363563696490687,-1.3691609541522425,-1.132749382649557,-4.617830816899435,-4.890447918568746,0.18022064864635468,0.0,-0.0,0.0,0.0,0.0,0.0,0.0,0.0,0.0,0.0,0.0,0.0,1
1785971089,853936433,0.01,-1.4363682905780237,-1.369101349507467,-1.1327255407916468,-4.61786669889559,-4.890399638806478,0.18019668757915497,0.0,-0.0,0.0,0.0,0.0,0.0,0.0,0.0,0.0,0.0,0.0,0.0,1
1785971089,875068902,0.01,-1.4363444487201136,-1.3691251913653772,-1.1327016989337366,-4.61786669889559,-4.890447918568746,0.18018431961536407,0.0,-0.0,0.0,0.0,0.0,0.0,0.0,0.0,0.0,0.0,0.0,0.0,1
1785971089,893956661,0.01,-1.4363206068622034,-1.3691852728473108,-1.1327016989337366,-4.617854777966635,-4.890459958706991,0.18018431961536407,0.0,-0.0,0.0,0.0,0.0,0.0,0.0,0.0,0.0,0.0,0.0,0.0,1
1785971089,914875984,0.01,-1.4363325277911585,-1.3691495100604456,-1.1327136198626917,-4.617854777966635,-4.890423957501547,0.18016035854816437,0.0,-0.0,0.0,0.0,0.0,0.0,0.0,0.0,0.0,0.0,0.0,0.0,1
1785971089,933936595,0.01,-1.4363682905780237,-1.3691251913653772,-1.1326897780047815,-4.617806855832235,-4.890423957501547,0.18019668757915497,0.0,-0.0,0.0,0.0,0.0,0.0,0.0,0.0,0.0,0.0,0.0,0.0,1
1785971089,955347776,0.01,-1.4363563696490687,-1.3691132704364222,-1.1327374617206019,-4.61786669889559,-4.890483919774191,0.18017233908176422,0.0,-0.0,0.0,0.0,0.0,0.0,0.0,0.0,0.0,0.0,0.0,0.0,1
1785971089,973881006,0.01,-1.4363444487201136,-1.3691495100604456,-1.1326773802386683,-4.617878739033834,-4.890447918568746,0.18023262917995453,0.0,-0.0,0.0,0.0,0.0,0.0,0.0,0.0,0.0,0.0,0.0,0.0,1
1785971089,995043277,0.01,-1.4363682905780237,-1.3691733519183558,-1.1327136198626917,-4.61786669889559,-4.890483919774191,0.18020866811275482,0.0,-0.0,0.0,0.0,0.0,0.0,0.0,0.0,0.0,0.0,0.0,0.0,1
1785971090,13836622,0.01,-1.4362967650042933,-1.3691733519183558,-1.1327136198626917,-4.617878739033834,-4.890459958706991,0.18019668757915497,0.0,-0.0,0.0,0.0,0.0,0.0,0.0,0.0,0.0,0.0,0.0,0.0,1
1785971090,34873008,0.01,-1.4363206068622034,-1.369101349507467,-1.1327136198626917,-4.61781877676119,-4.890412036572592,0.18018431961536407,0.0,-0.0,0.0,0.0,0.0,0.0,0.0,0.0,0.0,0.0,0.0,0.0,1
1785971090,54011583,0.01,-1.4363802115069788,-1.3691132704364222,-1.1326540152179163,-4.61786669889559,-4.890435997639791,0.18018431961536407,0.0,-0.0,0.0,0.0,0.0,0.0,0.0,0.0,0.0,0.0,0.0,0.0,1
1785971090,75078964,0.01,-1.4363206068622034,-1.3691371122943323,-1.1327136198626917,-4.617854777966635,-4.890471879635946,0.18016035854816437,0.0,-0.0,0.0,0.0,0.0,0.0,0.0,0.0,0.0,0.0,0.0,0.0,1
1785971090,93936920,0.01,-1.4363325277911585,-1.3691371122943323,-1.1326773802386683,-4.617902700101034,-4.890423957501547,0.18013638257980347,0.0,-0.0,0.0,0.0,0.0,0.0,0.0,0.0,0.0,0.0,0.0,0.0,1
1785971090,114982128,0.01,-1.4363206068622034,-1.369089428578512,-1.1327374617206019,-4.61784273782839,-4.890423957501547,0.18016035854816437,0.0,-0.0,0.0,0.0,0.0,0.0,0.0,0.0,0.0,0.0,0.0,0.0,1
1785971090,133956193,0.01,-1.4363444487201136,-1.369101349507467,-1.1327374617206019,-4.617854777966635,-4.890423957501547,0.18018431961536407,0.0,-0.0,0.0,0.0,0.0,0.0,0.0,0.0,0.0,0.0,0.0,0.0,1
1785971090,155475854,0.01,-1.4363444487201136,-1.3691609541522425,-1.1326773802386683,-4.617890659962789,-4.890423957501547,0.18018431961536407,0.0,-0.0,0.0,0.0,0.0,0.0,0.0,0.0,0.0,0.0,0.0,0.0,1
1785971090,173897981,0.01,-1.4363563696490687,-1.3691495100604456,-1.1327136198626917,-4.617878739033834,-4.890459958706991,0.18022064864635468,0.0,-0.0,0.0,0.0,0.0,0.0,0.0,0.0,0.0,0.0,0.0,0.0,1
1785971090,195279121,0.01,-1.4363682905780237,-1.3691371122943323,-1.1326897780047815,-4.61781877676119,-4.890435997639791,0.18018431961536407,0.0,-0.0,0.0,0.0,0.0,0.0,0.0,0.0,0.0,0.0,0.0,0.0,1
1785971090,213900327,0.01,-1.4363325277911585,-1.3691132704364222,-1.1327016989337366,-4.61786669889559,-4.890435997639791,0.18016035854816437,0.0,-0.0,0.0,0.0,0.0,0.0,0.0,0.0,0.0,0.0,0.0,0.0,1
1785971090,234897375,0.01,-1.4363802115069788,-1.3691132704364222,-1.1326897780047815,-4.617854777966635,-4.890412036572592,0.18020866811275482,0.0,-0.0,0.0,0.0,0.0,0.0,0.0,0.0,0.0,0.0,0.0,0.0,1
1785971090,253960609,0.01,-1.4363206068622034,-1.3691371122943323,-1.1326897780047815,-4.61786669889559,-4.890399638806478,0.18017233908176422,0.0,-0.0,0.0,0.0,0.0,0.0,0.0,0.0,0.0,0.0,0.0,0.0,1
1785971090,275376558,0.01,-1.4363444487201136,-1.3691371122943323,-1.1327016989337366,-4.61784273782839,-4.890399638806478,0.18017233908176422,0.0,-0.0,0.0,0.0,0.0,0.0,0.0,0.0,0.0,0.0,0.0,0.0,1
1785971090,293813467,0.01,-1.4363802115069788,-1.3691609541522425,-1.1327374617206019,-4.61786669889559,-4.890435997639791,0.18017233908176422,0.0,-0.0,0.0,0.0,0.0,0.0,0.0,0.0,0.0,0.0,0.0,0.0,1
1785971090,314872503,0.01,-1.4363206068622034,-1.369089428578512,-1.1327374617206019,-4.617830816899435,-4.890447918568746,0.18017233908176422,0.0,-0.0,0.0,0.0,0.0,0.0,0.0,0.0,0.0,0.0,0.0,0.0,1
1785971090,333915948,0.01,-1.4363563696490687,-1.3691609541522425,-1.132749382649557,-4.617806855832235,-4.890459958706991,0.18016035854816437,0.0,-0.0,0.0,0.0,0.0,0.0,0.0,0.0,0.0,0.0,0.0,0.0,1
1785971090,355067729,0.01,-1.4363802115069788,-1.3691251913653772,-1.1327136198626917,-4.61786669889559,-4.890412036572592,0.18020866811275482,0.0,-0.0,0.0,0.0,0.0,0.0,0.0,0.0,0.0,0.0,0.0,0.0,1
1785971090,373831748,0.01,-1.4363444487201136,-1.3691251913653772,-1.1327255407916468,-4.61784273782839,-4.890435997639791,0.18017233908176422,0.0,-0.0,0.0,0.0,0.0,0.0,0.0,0.0,0.0,0.0,0.0,0.0,1
1785971090,395314216,0.01,-1.4362967650042933,-1.3691733519183558,-1.1326773802386683,-4.61786669889559,-4.890435997639791,0.18016035854816437,0.0,-0.0,0.0,0.0,0.0,0.0,0.0,0.0,0.0,0.0,0.0,0.0,1
1785971090,413916826,0.01,-1.4363206068622034,-1.3691371122943323,-1.1326897780047815,-4.617830816899435,-4.890459958706991,0.18018431961536407,0.0,-0.0,0.0,0.0,0.0,0.0,0.0,0.0,0.0,0.0,0.0,0.0,1
1785971090,435281515,0.01,-1.4363444487201136,-1.3691495100604456,-1.1327016989337366,-4.617854777966635,-4.890459958706991,0.18018431961536407,0.0,-0.0,0.0,0.0,0.0,0.0,0.0,0.0,0.0,0.0,0.0,0.0,1
1785971090,453885793,0.01,-1.4363206068622034,-1.3691371122943323,-1.1327136198626917,-4.61784273782839,-4.890412036572592,0.18017233908176422,0.0,-0.0,0.0,0.0,0.0,0.0,0.0,0.0,0.0,0.0,0.0,0.0,1
1785971090,475094079,0.01,-1.4363325277911585,-1.3691609541522425,-1.1327255407916468,-4.617890659962789,-4.890447918568746,0.18016035854816437,0.0,-0.0,0.0,0.0,0.0,0.0,0.0,0.0,0.0,0.0,0.0,0.0,1
1785971090,493908643,0.01,-1.4363682905780237,-1.369077507649557,-1.1327136198626917,-4.617890659962789,-4.890459958706991,0.18013638257980347,0.0,-0.0,0.0,0.0,0.0,0.0,0.0,0.0,0.0,0.0,0.0,0.0,1
1785971090,515058279,0.01,-1.4363206068622034,-1.3691251913653772,-1.1327016989337366,-4.617878739033834,-4.890471879635946,0.18018431961536407,0.0,-0.0,0.0,0.0,0.0,0.0,0.0,0.0,0.0,0.0,0.0,0.0,1
1785971090,533890485,0.01,-1.4363563696490687,-1.3691495100604456,-1.1326897780047815,-4.617854777966635,-4.890412036572592,0.18020866811275482,0.0,-0.0,0.0,0.0,0.0,0.0,0.0,0.0,0.0,0.0,0.0,0.0,1
1785971090,554909229,0.01,-1.4363682905780237,-1.3691733519183558,-1.1327374617206019,-4.61784273782839,-4.890447918568746,0.18018431961536407,0.0,-0.0,0.0,0.0,0.0,0.0,0.0,0.0,0.0,0.0,0.0,0.0,1
1785971090,573972702,0.01,-1.4363802115069788,-1.3691495100604456,-1.1327374617206019,-4.617878739033834,-4.890399638806478,0.18014837801456451,0.0,-0.0,0.0,0.0,0.0,0.0,0.0,0.0,0.0,0.0,0.0,0.0,1
1785971090,595447063,0.01,-1.4363444487201136,-1.369089428578512,-1.1327016989337366,-4.61786669889559,-4.890483919774191,0.18019668757915497,0.0,-0.0,0.0,0.0,0.0,0.0,0.0,0.0,0.0,0.0,0.0,0.0,1
1785971090,613860845,0.01,-1.4363921324359339,-1.3691371122943323,-1.1326659361468714,-4.617806855832235,-4.890459958706991,0.18013638257980347,0.0,-0.0,0.0,0.0,0.0,0.0,0.0,0.0,0.0,0.0,0.0,0.0,1
1785971090,635538101,0.01,-1.4363563696490687,-1.3691609541522425,-1.1327255407916468,-4.617830816899435,-4.890459958706991,0.18017233908176422,0.0,-0.0,0.0,0.0,0.0,0.0,0.0,0.0,0.0,0.0,0.0,0.0,1
1785971090,654047250,0.01,-1.4363682905780237,-1.3691609541522425,-1.132761303578512,-4.617854777966635,-4.890447918568746,0.18018431961536407,0.0,-0.0,0.0,0.0,0.0,0.0,0.0,0.0,0.0,0.0,0.0,0.0,1
1785971090,675051927,0.01,-1.4363206068622034,-1.369089428578512,-1.1327255407916468,-4.617854777966635,-4.890471879635946,0.18016035854816437,0.0,-0.0,0.0,0.0,0.0,0.0,0.0,0.0,0.0,0.0,0.0,0.0,1
1785971090,693882942,0.01,-1.4363444487201136,-1.3691371122943323,-1.1327016989337366,-4.617830816899435,-4.890423957501547,0.18019668757915497,0.0,-0.0,0.0,0.0,0.0,0.0,0.0,0.0,0.0,0.0,0.0,0.0,1
1785971090,714810132,0.01,-1.4363206068622034,-1.3691132704364222,-1.1327374617206019,-4.617854777966635,-4.890423957501547,0.18019668757915497,0.0,-0.0,0.0,0.0,0.0,0.0,0.0,0.0,0.0,0.0,0.0,0.0,1
1785971090,734061717,0.01,-1.4363563696490687,-1.3691495100604456,-1.1327136198626917,-4.617854777966635,-4.890435997639791,0.18017233908176422,0.0,-0.0,0.0,0.0,0.0,0.0,0.0,0.0,0.0,0.0,0.0,0.0,1
1785971090,754864692,0.01,-1.4363563696490687,-1.369101349507467,-1.1327374617206019,-4.617854777966635,-4.890435997639791,0.18014837801456451,0.0,-0.0,0.0,0.0,0.0,0.0,0.0,0.0,0.0,0.0,0.0,0.0,1
1785971090,773992776,0.01,-1.4363206068622034,-1.369089428578512,-1.1327016989337366,-4.61784273782839,-4.890412036572592,0.18019668757915497,0.0,-0.0,0.0,0.0,0.0,0.0,0.0,0.0,0.0,0.0,0.0,0.0,1
1785971090,794798374,0.01,-1.4363325277911585,-1.3691371122943323,-1.1327255407916468,-4.617878739033834,-4.890435997639791,0.18019668757915497,0.0,-0.0,0.0,0.0,0.0,0.0,0.0,0.0,0.0,0.0,0.0,0.0,1
1785971090,813928604,0.01,-1.4363325277911585,-1.3691371122943323,-1.1327136198626917,-4.61784273782839,-4.890412036572592,0.18017233908176422,0.0,-0.0,0.0,0.0,0.0,0.0,0.0,0.0,0.0,0.0,0.0,0.0,1
1785971090,835110187,0.01,-1.4363206068622034,-1.369089428578512,-1.132749382649557,-4.617830816899435,-4.890435997639791,0.18020866811275482,0.0,-0.0,0.0,0.0,0.0,0.0,0.0,0.0,0.0,0.0,0.0,0.0,1
1785971090,853932380,0.01,-1.43628436723818,-1.3691251913653772,-1.1327136198626917,-4.617854777966635,-4.890412036572592,0.1801244020462036,0.0,-0.0,0.0,0.0,0.0,0.0,0.0,0.0,0.0,0.0,0.0,0.0,1
1785971090,874881267,0.01,-1.4363682905780237,-1.369101349507467,-1.1327374617206019,-4.61786669889559,-4.890459958706991,0.18016035854816437,0.0,-0.0,0.0,0.0,0.0,0.0,0.0,0.0,0.0,0.0,0.0,0.0,1
1785971090,893951654,0.01,-1.4363206068622034,-1.3691371122943323,-1.1327136198626917,-4.61786669889559,-4.890423957501547,0.18016035854816437,0.0,-0.0,0.0,0.0,0.0,0.0,0.0,0.0,0.0,0.0,0.0,0.0,1
1785971090,914888381,0.01,-1.4363444487201136,-1.3691852728473108,-1.1326773802386683,-4.61781877676119,-4.890399638806478,0.18019668757915497,0.0,-0.0,0.0,0.0,0.0,0.0,0.0,0.0,0.0,0.0,0.0,0.0,1
1785971090,933931827,0.01,-1.4363682905780237,-1.3691132704364222,-1.1326773802386683,-4.617806855832235,-4.890435997639791,0.18018431961536407,0.0,-0.0,0.0,0.0,0.0,0.0,0.0,0.0,0.0,0.0,0.0,0.0,1
1785971090,955208301,0.01,-1.4363444487201136,-1.3691132704364222,-1.1327136198626917,-4.61786669889559,-4.890412036572592,0.18020866811275482,0.0,-0.0,0.0,0.0,0.0,0.0,0.0,0.0,0.0,0.0,0.0,0.0,1
1785971090,973950386,0.01,-1.4363682905780237,-1.369089428578512,-1.1327255407916468,-4.61781877676119,-4.890495840703146,0.18020866811275482,0.0,-0.0,0.0,0.0,0.0,0.0,0.0,0.0,0.0,0.0,0.0,0.0,1
1785971090,994976043,0.01,-1.4363325277911585,-1.3691733519183558,-1.1327136198626917,-4.617806855832235,-4.890423957501547,0.18017233908176422,0.0,-0.0,0.0,0.0,0.0,0.0,0.0,0.0,0.0,0.0,0.0,0.0,1
1785971091,13931989,0.01,-1.4363082090960901,-1.3691371122943323,-1.1326659361468714,-4.61784273782839,-4.890483919774191,0.18013638257980347,0.0,-0.0,0.0,0.0,0.0,0.0,0.0,0.0,0.0,0.0,0.0,0.0,1
1785971091,34987926,0.01,-1.4363802115069788,-1.369089428578512,-1.1327016989337366,-4.61781877676119,-4.890459958706991,0.18017233908176422,0.0,-0.0,0.0,0.0,0.0,0.0,0.0,0.0,0.0,0.0,0.0,0.0,1
1785971091,53935766,0.01,-1.4363325277911585,-1.369089428578512,-1.1326897780047815,-4.61786669889559,-4.890459958706991,0.18017233908176422,0.0,-0.0,0.0,0.0,0.0,0.0,0.0,0.0,0.0,0.0,0.0,0.0,1
1785971091,75045108,0.01,-1.4363444487201136,-1.3691733519183558,-1.1327016989337366,-4.617830816899435,-4.890459958706991,0.18014837801456451,0.0,-0.0,0.0,0.0,0.0,0.0,0.0,0.0,0.0,0.0,0.0,0.0,1
1785971091,93889713,0.01,-1.4363206068622034,-1.3691495100604456,-1.1326659361468714,-4.61786669889559,-4.890459958706991,0.18014837801456451,0.0,-0.0,0.0,0.0,0.0,0.0,0.0,0.0,0.0,0.0,0.0,0.0,1
1785971091,114789724,0.01,-1.4363682905780237,-1.3690531889544886,-1.1326897780047815,-4.617854777966635,-4.890459958706991,0.18020866811275482,0.0,-0.0,0.0,0.0,0.0,0.0,0.0,0.0,0.0,0.0,0.0,0.0,1
1785971091,133916616,0.01,-1.4363206068622034,-1.3691132704364222,-1.132761303578512,-4.617830816899435,-4.890459958706991,0.18014837801456451,0.0,-0.0,0.0,0.0,0.0,0.0,0.0,0.0,0.0,0.0,0.0,0.0,1
1785971091,154458045,0.01,-1.4363444487201136,-1.3691371122943323,-1.1327737013446253,-4.61781877676119,-4.890459958706991,0.18019668757915497,0.0,-0.0,0.0,0.0,0.0,0.0,0.0,0.0,0.0,0.0,0.0,0.0,1
1785971091,173850774,0.01,-1.4363802115069788,-1.3691371122943323,-1.1327136198626917,-4.617830816899435,-4.890412036572592,0.18019668757915497,0.0,-0.0,0.0,0.0,0.0,0.0,0.0,0.0,0.0,0.0,0.0,0.0,1
1785971091,194386959,0.01,-1.4363444487201136,-1.3691132704364222,-1.1326897780047815,-4.617890659962789,-4.890459958706991,0.18020866811275482,0.0,-0.0,0.0,0.0,0.0,0.0,0.0,0.0,0.0,0.0,0.0,0.0,1
1785971091,213813543,0.01,-1.4363563696490687,-1.3691251913653772,-1.1327016989337366,-4.61784273782839,-4.890459958706991,0.18017233908176422,0.0,-0.0,0.0,0.0,0.0,0.0,0.0,0.0,0.0,0.0,0.0,0.0,1
1785971091,234758853,0.01,-1.4363563696490687,-1.3691371122943323,-1.1327255407916468,-4.61781877676119,-4.890387598668234,0.18016035854816437,0.0,-0.0,0.0,0.0,0.0,0.0,0.0,0.0,0.0,0.0,0.0,0.0,1
1785971091,253934621,0.01,-1.4363082090960901,-1.3691852728473108,-1.132749382649557,-4.617854777966635,-4.890423957501547,0.18019668757915497,0.0,-0.0,0.0,0.0,0.0,0.0,0.0,0.0,0.0,0.0,0.0,0.0,1
1785971091,274772405,0.01,-1.4363206068622034,-1.3691132704364222,-1.1327016989337366,-4.617830816899435,-4.890423957501547,0.18017233908176422,0.0,-0.0,0.0,0.0,0.0,0.0,0.0,0.0,0.0,0.0,0.0,0.0,1
1785971091,294037818,0.0,-1.4363444487201136,-1.369101349507467,-1.1327136198626917,-4.61786669889559,-4.890435997639791,0.18017233908176422,0.0,-0.0,0.0,0.0,0.0,0.0,0.0,0.0,0.0,0.0,0.0,0.0,1
1785971091,315917491,0.0,-1.4363206068622034,-1.3691132704364222,-1.1326773802386683,-4.617854777966635,-4.890412036572592,0.18019668757915497,0.0,-0.0,0.0,0.0,0.0,0.0,0.0,0.0,0.0,0.0,0.0,0.0,1
1785971091,333999156,0.0,-1.4363444487201136,-1.3691371122943323,-1.1327016989337366,-4.617806855832235,-4.890412036572592,0.18020866811275482,0.0,-0.0,0.0,0.0,0.0,0.0,0.0,0.0,0.0,0.0,0.0,0.0,1
1785971091,355616092,0.0,-1.4363444487201136,-1.3691251913653772,-1.1327016989337366,-4.61781877676119,-4.890447918568746,0.18019668757915497,0.0,-0.0,0.0,0.0,0.0,0.0,0.0,0.0,0.0,0.0,0.0,0.0,1
1785971091,373989820,0.0,-1.4363206068622034,-1.3691251913653772,-1.1327136198626917,-4.617854777966635,-4.890423957501547,0.18019668757915497,0.0,-0.0,0.0,0.0,0.0,0.0,0.0,0.0,0.0,0.0,0.0,0.0,1
1785971091,394557714,0.0,-1.4363682905780237,-1.3691852728473108,-1.1326773802386683,-4.61781877676119,-4.890399638806478,0.1801244020462036,0.0,-0.0,0.0,0.0,0.0,0.0,0.0,0.0,0.0,0.0,0.0,0.0,1
1785971091,413767337,0.0,-1.4363325277911585,-1.3691132704364222,-1.1326659361468714,-4.617902700101034,-4.890399638806478,0.18019668757915497,0.0,-0.0,0.0,0.0,0.0,0.0,0.0,0.0,0.0,0.0,0.0,0.0,1
1785971091,434952259,0.0,-1.4363082090960901,-1.369101349507467,-1.1326897780047815,-4.617806855832235,-4.890412036572592,0.18016035854816437,0.0,-0.0,0.0,0.0,0.0,0.0,0.0,0.0,0.0,0.0,0.0,0.0,1
1785971091,453997611,0.0,-1.4363563696490687,-1.3691132704364222,-1.1327374617206019,-4.617830816899435,-4.890471879635946,0.18017233908176422,0.0,-0.0,0.0,0.0,0.0,0.0,0.0,0.0,0.0,0.0,0.0,0.0,1
1785971091,474834203,0.0,-1.4363444487201136,-1.3691495100604456,-1.1327136198626917,-4.61784273782839,-4.890447918568746,0.18016035854816437,0.0,-0.0,0.0,0.0,0.0,0.0,0.0,0.0,0.0,0.0,0.0,0.0,1
1785971091,493847846,0.0,-1.4363563696490687,-1.3691251913653772,-1.1327136198626917,-4.617830816899435,-4.890459958706991,0.18018431961536407,0.0,-0.0,0.0,0.0,0.0,0.0,0.0,0.0,0.0,0.0,0.0,0.0,1
1785971091,515088558,0.0,-1.4363325277911585,-1.3691852728473108,-1.1327136198626917,-4.617878739033834,-4.890423957501547,0.18016035854816437,0.0,-0.0,0.0,0.0,0.0,0.0,0.0,0.0,0.0,0.0,0.0,0.0,1
1785971091,533769130,0.0,-1.4363444487201136,-1.369209114705221,-1.132749382649557,-4.61784273782839,-4.890447918568746,0.18017233908176422,0.0,-0.0,0.0,0.0,0.0,0.0,0.0,0.0,0.0,0.0,0.0,0.0,1
1785971091,554959535,0.0,-1.4363921324359339,-1.369101349507467,-1.1326773802386683,-4.61784273782839,-4.890447918568746,0.18019668757915497,0.0,-0.0,0.0,0.0,0.0,0.0,0.0,0.0,0.0,0.0,0.0,0.0,1
1785971091,573826074,0.0,-1.4363802115069788,-1.3691371122943323,-1.1327374617206019,-4.61786669889559,-4.890399638806478,0.18014837801456451,0.0,-0.0,0.0,0.0,0.0,0.0,0.0,0.0,0.0,0.0,0.0,0.0,1
1785971091,594868898,0.0,-1.4363206068622034,-1.3691132704364222,-1.1326897780047815,-4.61784273782839,-4.890483919774191,0.18019668757915497,0.0,-0.0,0.0,0.0,0.0,0.0,0.0,0.0,0.0,0.0,0.0,0.0,1
1785971091,614017963,0.0,-1.4363444487201136,-1.369089428578512,-1.1326897780047815,-4.61786669889559,-4.890412036572592,0.18022064864635468,0.0,-0.0,0.0,0.0,0.0,0.0,0.0,0.0,0.0,0.0,0.0,0.0,1
1785971091,635547876,0.0,-1.4363682905780237,-1.369101349507467,-1.1327255407916468,-4.61784273782839,-4.890447918568746,0.18016035854816437,0.0,-0.0,0.0,0.0,0.0,0.0,0.0,0.0,0.0,0.0,0.0,0.0,1
1785971091,653928756,0.0,-1.4363563696490687,-1.3691132704364222,-1.1327136198626917,-4.617878739033834,-4.890435997639791,0.18020866811275482,0.0,-0.0,0.0,0.0,0.0,0.0,0.0,0.0,0.0,0.0,0.0,0.0,1
1785971091,674988985,0.0,-1.4363325277911585,-1.369101349507467,-1.1327016989337366,-4.61786669889559,-4.890399638806478,0.18018431961536407,0.0,-0.0,0.0,0.0,0.0,0.0,0.0,0.0,0.0,0.0,0.0,0.0,1
1785971091,693826675,0.0,-1.4363802115069788,-1.3691495100604456,-1.1327136198626917,-4.61784273782839,-4.890423957501547,0.18018431961536407,0.0,-0.0,0.0,0.0,0.0,0.0,0.0,0.0,0.0,0.0,0.0,0.0,1
1785971091,714716911,0.0,-1.4363082090960901,-1.369089428578512,-1.1327374617206019,-4.617878739033834,-4.890423957501547,0.18022064864635468,0.0,-0.0,0.0,0.0,0.0,0.0,0.0,0.0,0.0,0.0,0.0,0.0,1
1785971091,733771800,0.0,-1.4363325277911585,-1.3691132704364222,-1.132761303578512,-4.617854777966635,-4.890483919774191,0.18017233908176422,0.0,-0.0,0.0,0.0,0.0,0.0,0.0,0.0,0.0,0.0,0.0,0.0,1
1785971091,754923582,0.0,-1.4363444487201136,-1.3691251913653772,-1.1326773802386683,-4.617854777966635,-4.890435997639791,0.18020866811275482,0.0,-0.0,0.0,0.0,0.0,0.0,0.0,0.0,0.0,0.0,0.0,0.0,1
1785971091,773830413,0.0,-1.4363325277911585,-1.3691609541522425,-1.1327374617206019,-4.61784273782839,-4.890412036572592,0.18018431961536407,0.0,-0.0,0.0,0.0,0.0,0.0,0.0,0.0,0.0,0.0,0.0,0.0,1
1785971091,795044898,0.0,-1.4363563696490687,-1.3691251913653772,-1.1327255407916468,-4.61781877676119,-4.890459958706991,0.18014837801456451,0.0,-0.0,0.0,0.0,0.0,0.0,0.0,0.0,0.0,0.0,0.0,0.0,1
1785971091,813862562,0.0,-1.4363444487201136,-1.3691371122943323,-1.1326897780047815,-4.617830816899435,-4.890459958706991,0.18018431961536407,0.0,-0.0,0.0,0.0,0.0,0.0,0.0,0.0,0.0,0.0,0.0,0.0,1
1785971091,835106849,0.0,-1.4363563696490687,-1.3691132704364222,-1.1326897780047815,-4.61786669889559,-4.890423957501547,0.18016035854816437,0.0,-0.0,0.0,0.0,0.0,0.0,0.0,0.0,0.0,0.0,0.0,0.0,1
1785971091,853960752,0.0,-1.4363082090960901,-1.369101349507467,-1.1327255407916468,-4.61786669889559,-4.890435997639791,0.18017233908176422,0.0,-0.0,0.0,0.0,0.0,0.0,0.0,0.0,0.0,0.0,0.0,0.0,1
1785971091,874607801,0.0,-1.4363082090960901,-1.3691733519183558,-1.1327255407916468,-4.617902700101034,-4.890447918568746,0.18014837801456451,0.0,-0.0,0.0,0.0,0.0,0.0,0.0,0.0,0.0,0.0,0.0,0.0,1
1785971091,893843173,0.0,-1.4363325277911585,-1.3691371122943323,-1.1327016989337366,-4.617878739033834,-4.890423957501547,0.18014837801456451,0.0,-0.0,0.0,0.0,0.0,0.0,0.0,0.0,0.0,0.0,0.0,0.0,1
1785971091,914494276,0.0,-1.4363802115069788,-1.3691132704364222,-1.1327016989337366,-4.61781877676119,-4.890459958706991,0.18018431961536407,0.0,-0.0,0.0,0.0,0.0,0.0,0.0,0.0,0.0,0.0,0.0,0.0,1
1785971091,933924913,0.0,-1.4363444487201136,-1.3691852728473108,-1.1327255407916468,-4.61786669889559,-4.890447918568746,0.18024462461471558,0.0,-0.0,0.0,0.0,0.0,0.0,0.0,0.0,0.0,0.0,0.0,0.0,1
1785971091,954956531,0.0,-1.4362967650042933,-1.369089428578512,-1.1327136198626917,-4.61786669889559,-4.890459958706991,0.18019668757915497,0.0,-0.0,0.0,0.0,0.0,0.0,0.0,0.0,0.0,0.0,0.0,0.0,1
1785971091,973834276,0.0,-1.4363444487201136,-1.3691371122943323,-1.1326897780047815,-4.617878739033834,-4.890399638806478,0.18016035854816437,0.0,-0.0,0.0,0.0,0.0,0.0,0.0,0.0,0.0,0.0,0.0,0.0,1
1785971091,994616746,0.0,-1.4363563696490687,-1.369209114705221,-1.1327136198626917,-4.617890659962789,-4.890412036572592,0.18019668757915497,0.0,-0.0,0.0,0.0,0.0,0.0,0.0,0.0,0.0,0.0,0.0,0.0,1
1785971092,13776779,0.0,-1.4363206068622034,-1.3691371122943323,-1.1326773802386683,-4.617806855832235,-4.890459958706991,0.18018431961536407,0.0,-0.0,0.0,0.0,0.0,0.0,0.0,0.0,0.0,0.0,0.0,0.0,1
1785971092,35240650,0.0,-1.4363444487201136,-1.3691495100604456,-1.1327374617206019,-4.61784273782839,-4.890447918568746,0.18016035854816437,0.0,-0.0,0.0,0.0,0.0,0.0,0.0,0.0,0.0,0.0,0.0,0.0,1
1785971092,53839683,0.0,-1.4363325277911585,-1.3691251913653772,-1.1327374617206019,-4.61784273782839,-4.890423957501547,0.18020866811275482,0.0,-0.0,0.0,0.0,0.0,0.0,0.0,0.0,0.0,0.0,0.0,0.0,1
1785971092,75101137,0.0,-1.4363444487201136,-1.3691371122943323,-1.1327136198626917,-4.617830816899435,-4.890423957501547,0.18018431961536407,0.0,-0.0,0.0,0.0,0.0,0.0,0.0,0.0,0.0,0.0,0.0,0.0,1
1785971092,93868017,0.0,-1.4362967650042933,-1.3691371122943323,-1.1326897780047815,-4.61784273782839,-4.890447918568746,0.18013638257980347,0.0,-0.0,0.0,0.0,0.0,0.0,0.0,0.0,0.0,0.0,0.0,0.0,1
1785971092,115022182,0.0,-1.4363325277911585,-1.3691852728473108,-1.132749382649557,-4.617830816899435,-4.890387598668234,0.18019668757915497,0.0,-0.0,0.0,0.0,0.0,0.0,0.0,0.0,0.0,0.0,0.0,0.0,1
1785971092,133759498,0.0,-1.4363325277911585,-1.3691495100604456,-1.1326540152179163,-4.617830816899435,-4.890459958706991,0.18014837801456451,0.0,-0.0,0.0,0.0,0.0,0.0,0.0,0.0,0.0,0.0,0.0,0.0,1
1785971092,154872894,0.0,-1.4363802115069788,-1.3691251913653772,-1.1327016989337366,-4.61786669889559,-4.890447918568746,0.18017233908176422,0.0,-0.0,0.0,0.0,0.0,0.0,0.0,0.0,0.0,0.0,0.0,0.0,1
1785971092,173820495,0.0,-1.4363444487201136,-1.3691132704364222,-1.1326897780047815,-4.61784273782839,-4.890447918568746,0.18018431961536407,0.0,-0.0,0.0,0.0,0.0,0.0,0.0,0.0,0.0,0.0,0.0,0.0,1
1785971092,194903612,0.0,-1.4363802115069788,-1.3691733519183558,-1.1326773802386683,-4.617854777966635,-4.890435997639791,0.18018431961536407,0.0,-0.0,0.0,0.0,0.0,0.0,0.0,0.0,0.0,0.0,0.0,0.0,1
1785971092,213998079,0.0,-1.4363444487201136,-1.3691251913653772,-1.1326540152179163,-4.61784273782839,-4.890447918568746,0.18014837801456451,0.0,-0.0,0.0,0.0,0.0,0.0,0.0,0.0,0.0,0.0,0.0,0.0,1
1785971092,234711647,0.0,-1.4363444487201136,-1.3691852728473108,-1.1327374617206019,-4.617854777966635,-4.890447918568746,0.18018431961536407,0.0,-0.0,0.0,0.0,0.0,0.0,0.0,0.0,0.0,0.0,0.0,0.0,1
1785971092,253948926,0.0,-1.4363802115069788,-1.3691132704364222,-1.1326773802386683,-4.617854777966635,-4.890399638806478,0.18022064864635468,0.0,-0.0,0.0,0.0,0.0,0.0,0.0,0.0,0.0,0.0,0.0,0.0,1
1785971092,275222778,0.0,-1.4364164511310022,-1.3691371122943323,-1.1327255407916468,-4.617854777966635,-4.890435997639791,0.18018431961536407,0.0,-0.0,0.0,0.0,0.0,0.0,0.0,0.0,0.0,0.0,0.0,0.0,1
1785971092,293940544,0.0,-1.4363682905780237,-1.3691371122943323,-1.1326773802386683,-4.617854777966635,-4.890423957501547,0.18019668757915497,0.0,-0.0,0.0,0.0,0.0,0.0,0.0,0.0,0.0,0.0,0.0,0.0,1
1785971092,315301179,0.0,-1.4363682905780237,-1.369077507649557,-1.1326897780047815,-4.61784273782839,-4.890471879635946,0.18018431961536407,0.0,-0.0,0.0,0.0,0.0,0.0,0.0,0.0,0.0,0.0,0.0,0.0,1
1785971092,333834648,0.0,-1.4363802115069788,-1.3691132704364222,-1.1327136198626917,-4.61786669889559,-4.890483919774191,0.18016035854816437,0.0,-0.0,0.0,0.0,0.0,0.0,0.0,0.0,0.0,0.0,0.0,0.0,1
1785971092,353911399,0.0,-1.4363206068622034,-1.3691251913653772,-1.132749382649557,-4.61781877676119,-4.890423957501547,0.18019668757915497,0.0,-0.0,0.0,0.0,0.0,0.0,0.0,0.0,0.0,0.0,0.0,0.0,1
1785971092,373776912,0.0,-1.4363682905780237,-1.3691609541522425,-1.1326897780047815,-4.6177948156939905,-4.890459958706991,0.18018431961536407,0.0,-0.0,0.0,0.0,0.0,0.0,0.0,0.0,0.0,0.0,0.0,0.0,1
1785971092,395498514,0.0,-1.4363802115069788,-1.3691132704364222,-1.1327255407916468,-4.617890659962789,-4.890435997639791,0.18019668757915497,0.0,-0.0,0.0,0.0,0.0,0.0,0.0,0.0,0.0,0.0,0.0,0.0,1
1785971092,413822650,0.0,-1.4363082090960901,-1.3691733519183558,-1.1327255407916468,-4.61781877676119,-4.890435997639791,0.18019668757915497,0.0,-0.0,0.0,0.0,0.0,0.0,0.0,0.0,0.0,0.0,0.0,0.0,1
1785971092,435321807,0.0,-1.4363682905780237,-1.3691251913653772,-1.1327255407916468,-4.61786669889559,-4.890399638806478,0.18013638257980347,0.0,-0.0,0.0,0.0,0.0,0.0,0.0,0.0,0.0,0.0,0.0,0.0,1
1785971092,453839302,0.0,-1.4363682905780237,-1.3691132704364222,-1.1326897780047815,-4.61784273782839,-4.890459958706991,0.18018431961536407,0.0,-0.0,0.0,0.0,0.0,0.0,0.0,0.0,0.0,0.0,0.0,0.0,1
1785971092,475539207,0.0,-1.4363682905780237,-1.369089428578512,-1.1327255407916468,-4.617854777966635,-4.890435997639791,0.18017233908176422,0.0,-0.0,0.0,0.0,0.0,0.0,0.0,0.0,0.0,0.0,0.0,0.0,1
1785971092,493871688,0.0,-1.4363802115069788,-1.369077507649557,-1.1327374617206019,-4.617878739033834,-4.890423957501547,0.18017233908176422,0.0,-0.0,0.0,0.0,0.0,0.0,0.0,0.0,0.0,0.0,0.0,0.0,1
1785971092,515564441,0.0,-1.4363206068622034,-1.3691609541522425,-1.1327016989337366,-4.61781877676119,-4.890471879635946,0.18020866811275482,0.0,-0.0,0.0,0.0,0.0,0.0,0.0,0.0,0.0,0.0,0.0,0.0,1
1785971092,533772945,0.0,-1.4363563696490687,-1.3691371122943323,-1.1326540152179163,-4.617806855832235,-4.890447918568746,0.18019668757915497,0.0,-0.0,0.0,0.0,0.0,0.0,0.0,0.0,0.0,0.0,0.0,0.0,1
1785971092,553894281,0.0,-1.4363444487201136,-1.3691495100604456,-1.1326540152179163,-4.617878739033834,-4.890387598668234,0.18019668757915497,0.0,-0.0,0.0,0.0,0.0,0.0,0.0,0.0,0.0,0.0,0.0,0.0,1
1785971092,573864221,0.0,-1.4363325277911585,-1.3691371122943323,-1.1327136198626917,-4.617854777966635,-4.890447918568746,0.18022064864635468,0.0,-0.0,0.0,0.0,0.0,0.0,0.0,0.0,0.0,0.0,0.0,0.0,1
1785971092,595291137,0.0,-1.4363325277911585,-1.3691371122943323,-1.1326897780047815,-4.61786669889559,-4.890471879635946,0.18019668757915497,0.0,-0.0,0.0,0.0,0.0,0.0,0.0,0.0,0.0,0.0,0.0,0.0,1
1785971092,613854408,0.0,-1.4363444487201136,-1.3691371122943323,-1.1327255407916468,-4.61784273782839,-4.890412036572592,0.18017233908176422,0.0,-0.0,0.0,0.0,0.0,0.0,0.0,0.0,0.0,0.0,0.0,0.0,1
1785971092,635630130,0.0,-1.4363802115069788,-1.369101349507467,-1.1327136198626917,-4.61781877676119,-4.890447918568746,0.18018431961536407,0.0,-0.0,0.0,0.0,0.0,0.0,0.0,0.0,0.0,0.0,0.0,0.0,1
1785971092,653932094,0.0,-1.4363082090960901,-1.3691495100604456,-1.1327016989337366,-4.617854777966635,-4.890435997639791,0.18018431961536407,0.0,-0.0,0.0,0.0,0.0,0.0,0.0,0.0,0.0,0.0,0.0,0.0,1
1785971092,675405502,0.0,-1.4363802115069788,-1.3691609541522425,-1.1326897780047815,-4.617854777966635,-4.890447918568746,0.18014837801456451,0.0,-0.0,0.0,0.0,0.0,0.0,0.0,0.0,0.0,0.0,0.0,0.0,1
1785971092,694009304,0.0,-1.4363563696490687,-1.3691251913653772,-1.1326773802386683,-4.617878739033834,-4.890412036572592,0.18016035854816437,0.0,-0.0,0.0,0.0,0.0,0.0,0.0,0.0,0.0,0.0,0.0,0.0,1
1785971092,715296983,0.0,-1.4363325277911585,-1.3691251913653772,-1.1327255407916468,-4.61784273782839,-4.890471879635946,0.18017233908176422,0.0,-0.0,0.0,0.0,0.0,0.0,0.0,0.0,0.0,0.0,0.0,0.0,1
1785971092,733927488,0.0,-1.4363563696490687,-1.3691251913653772,-1.1326897780047815,-4.617830816899435,-4.890459958706991,0.18019668757915497,0.0,-0.0,0.0,0.0,0.0,0.0,0.0,0.0,0.0,0.0,0.0,0.0,1
1785971092,755529880,0.0,-1.4363444487201136,-1.3691609541522425,-1.1326897780047815,-4.61786669889559,-4.890459958706991,0.18016035854816437,0.0,-0.0,0.0,0.0,0.0,0.0,0.0,0.0,0.0,0.0,0.0,0.0,1
1785971092,773896694,0.0,-1.4363325277911585,-1.3691495100604456,-1.1326897780047815,-4.61784273782839,-4.890412036572592,0.18016035854816437,0.0,-0.0,0.0,0.0,0.0,0.0,0.0,0.0,0.0,0.0,0.0,0.0,1
1785971092,794936180,0.0,-1.4363682905780237,-1.3691495100604456,-1.1326897780047815,-4.617854777966635,-4.890423957501547,0.18023262917995453,0.0,-0.0,0.0,0.0,0.0,0.0,0.0,0.0,0.0,0.0,0.0,0.0,1
1785971092,813909292,0.0,-1.4363206068622034,-1.3691251913653772,-1.1327136198626917,-4.617806855832235,-4.890447918568746,0.18020866811275482,0.0,-0.0,0.0,0.0,0.0,0.0,0.0,0.0,0.0,0.0,0.0,0.0,1
1785971092,834852933,0.0,-1.4363802115069788,-1.3691609541522425,-1.1327255407916468,-4.61784273782839,-4.890447918568746,0.18020866811275482,0.0,-0.0,0.0,0.0,0.0,0.0,0.0,0.0,0.0,0.0,0.0,0.0,1
1785971092,854221343,0.0,-1.4363325277911585,-1.3691371122943323,-1.1327016989337366,-4.617854777966635,-4.890471879635946,0.18017233908176422,0.0,-0.0,0.0,0.0,0.0,0.0,0.0,0.0,0.0,0.0,0.0,0.0,1
1785971092,874563217,0.0,-1.4363563696490687,-1.3691495100604456,-1.132749382649557,-4.617830816899435,-4.890459958706991,0.18018431961536407,0.0,-0.0,0.0,0.0,0.0,0.0,0.0,0.0,0.0,0.0,0.0,0.0,1
1785971092,893936634,0.0,-1.4363325277911585,-1.3691132704364222,-1.1326897780047815,-4.6177948156939905,-4.890447918568746,0.18017233908176422,0.0,-0.0,0.0,0.0,0.0,0.0,0.0,0.0,0.0,0.0,0.0,0.0,1
1785971092,915532350,0.0,-1.4363206068622034,-1.3691495100604456,-1.1327016989337366,-4.61784273782839,-4.890471879635946,0.18018431961536407,0.0,-0.0,0.0,0.0,0.0,0.0,0.0,0.0,0.0,0.0,0.0,0.0,1
1785971092,933854818,0.0,-1.4363444487201136,-1.3691733519183558,-1.1326897780047815,-4.617806855832235,-4.890471879635946,0.18014837801456451,0.0,-0.0,0.0,0.0,0.0,0.0,0.0,0.0,0.0,0.0,0.0,0.0,1
1785971092,953944683,0.0,-1.4363325277911585,-1.3691733519183558,-1.1326897780047815,-4.617830816899435,-4.890459958706991,0.18020866811275482,0.0,-0.0,0.0,0.0,0.0,0.0,0.0,0.0,0.0,0.0,0.0,0.0,1
1785971092,973923444,0.0,-1.4363921324359339,-1.3691132704364222,-1.1326897780047815,-4.617878739033834,-4.890435997639791,0.18013638257980347,0.0,-0.0,0.0,0.0,0.0,0.0,0.0,0.0,0.0,0.0,0.0,0.0,1
1785971092,995575666,0.0,-1.4363563696490687,-1.3691609541522425,-1.1327016989337366,-4.61781877676119,-4.890423957501547,0.18017233908176422,0.0,-0.0,0.0,0.0,0.0,0.0,0.0,0.0,0.0,0.0,0.0,0.0,1
1785971093,13756752,0.0,-1.4363563696490687,-1.369077507649557,-1.1326773802386683,-4.61781877676119,-4.890423957501547,0.18016035854816437,0.0,-0.0,0.0,0.0,0.0,0.0,0.0,0.0,0.0,0.0,0.0,0.0,1
1785971093,35596132,0.0,-1.4363682905780237,-1.3691132704364222,-1.1327255407916468,-4.61786669889559,-4.890412036572592,0.18018431961536407,0.0,-0.0,0.0,0.0,0.0,0.0,0.0,0.0,0.0,0.0,0.0,0.0,1
1785971093,53819179,0.0,-1.4363921324359339,-1.3691132704364222,-1.1326897780047815,-4.617806855832235,-4.890459958706991,0.18017233908176422,0.0,-0.0,0.0,0.0,0.0,0.0,0.0,0.0,0.0,0.0,0.0,0.0,1
1785971093,73922395,0.0,-1.4363682905780237,-1.3691495100604456,-1.1327255407916468,-4.61784273782839,-4.890447918568746,0.18023262917995453,0.0,-0.0,0.0,0.0,0.0,0.0,0.0,0.0,0.0,0.0,0.0,0.0,1
1785971093,93785285,0.0,-1.4363682905780237,-1.3691495100604456,-1.1327374617206019,-4.61784273782839,-4.890412036572592,0.18017233908176422,0.0,-0.0,0.0,0.0,0.0,0.0,0.0,0.0,0.0,0.0,0.0,0.0,1
1785971093,115617990,0.0,-1.4363563696490687,-1.3691251913653772,-1.1326773802386683,-4.617854777966635,-4.890483919774191,0.18016035854816437,0.0,-0.0,0.0,0.0,0.0,0.0,0.0,0.0,0.0,0.0,0.0,0.0,1
1785971093,133817672,0.0,-1.4363563696490687,-1.369101349507467,-1.1327255407916468,-4.61781877676119,-4.890412036572592,0.18014837801456451,0.0,-0.0,0.0,0.0,0.0,0.0,0.0,0.0,0.0,0.0,0.0,0.0,1
1785971093,155652046,0.0,-1.4363802115069788,-1.3691132704364222,-1.1326897780047815,-4.61786669889559,-4.890447918568746,0.18017233908176422,0.0,-0.0,0.0,0.0,0.0,0.0,0.0,0.0,0.0,0.0,0.0,0.0,1
1785971093,173862457,0.0,-1.4362967650042933,-1.3691371122943323,-1.1327016989337366,-4.61781877676119,-4.890412036572592,0.18014837801456451,0.0,-0.0,0.0,0.0,0.0,0.0,0.0,0.0,0.0,0.0,0.0,0.0,1
1785971093,195343017,0.0,-1.4363563696490687,-1.3691371122943323,-1.1327255407916468,-4.617890659962789,-4.890459958706991,0.18016035854816437,0.0,-0.0,0.0,0.0,0.0,0.0,0.0,0.0,0.0,0.0,0.0,0.0,1
1785971093,213883876,0.0,-1.4363206068622034,-1.3691733519183558,-1.1326773802386683,-4.61784273782839,-4.890447918568746,0.18022064864635468,0.0,-0.0,0.0,0.0,0.0,0.0,0.0,0.0,0.0,0.0,0.0,0.0,1
1785971093,235347986,0.0,-1.4363325277911585,-1.3691132704364222,-1.1326773802386683,-4.617902700101034,-4.890447918568746,0.18020866811275482,0.0,-0.0,0.0,0.0,0.0,0.0,0.0,0.0,0.0,0.0,0.0,0.0,1
1785971093,253980636,0.0,-1.4363206068622034,-1.369089428578512,-1.1327016989337366,-4.61784273782839,-4.890447918568746,0.18023262917995453,0.0,-0.0,0.0,0.0,0.0,0.0,0.0,0.0,0.0,0.0,0.0,0.0,1
1785971093,275524854,0.0,-1.4363206068622034,-1.3691495100604456,-1.1326659361468714,-4.617878739033834,-4.890459958706991,0.18018431961536407,0.0,-0.0,0.0,0.0,0.0,0.0,0.0,0.0,0.0,0.0,0.0,0.0,1
1785971093,293866157,0.0,-1.4363802115069788,-1.3691371122943323,-1.1327374617206019,-4.617902700101034,-4.890459958706991,0.18014837801456451,0.0,-0.0,0.0,0.0,0.0,0.0,0.0,0.0,0.0,0.0,0.0,0.0,1
1785971093,315681695,0.0,-1.4363802115069788,-1.3691371122943323,-1.1326897780047815,-4.61786669889559,-4.890435997639791,0.18017233908176422,0.0,-0.0,0.0,0.0,0.0,0.0,0.0,0.0,0.0,0.0,0.0,0.0,1
1785971093,333810329,0.0,-1.4363206068622034,-1.3691371122943323,-1.1327255407916468,-4.61786669889559,-4.890483919774191,0.18016035854816437,0.0,-0.0,0.0,0.0,0.0,0.0,0.0,0.0,0.0,0.0,0.0,0.0,1
1785971093,355408668,0.0,-1.4363206068622034,-1.3691251913653772,-1.132749382649557,-4.617806855832235,-4.890423957501547,0.18022064864635468,0.0,-0.0,0.0,0.0,0.0,0.0,0.0,0.0,0.0,0.0,0.0,0.0,1
1785971093,373916387,0.0,-1.4363682905780237,-1.3691251913653772,-1.1326897780047815,-4.617854777966635,-4.890459958706991,0.18017233908176422,0.0,-0.0,0.0,0.0,0.0,0.0,0.0,0.0,0.0,0.0,0.0,0.0,1
1785971093,395386934,0.0,-1.4363444487201136,-1.3691495100604456,-1.1327016989337366,-4.61784273782839,-4.890447918568746,0.18019668757915497,0.0,-0.0,0.0,0.0,0.0,0.0,0.0,0.0,0.0,0.0,0.0,0.0,1
1785971093,413884878,0.0,-1.4363563696490687,-1.3691495100604456,-1.1327255407916468,-4.617878739033834,-4.890387598668234,0.18016035854816437,0.0,-0.0,0.0,0.0,0.0,0.0,0.0,0.0,0.0,0.0,0.0,0.0,1
1785971093,435554742,0.0,-1.4363802115069788,-1.369101349507467,-1.1326659361468714,-4.61781877676119,-4.890435997639791,0.18017233908176422,0.0,-0.0,0.0,0.0,0.0,0.0,0.0,0.0,0.0,0.0,0.0,0.0,1
1785971093,453960418,0.0,-1.43628436723818,-1.3691495100604456,-1.1326659361468714,-4.617854777966635,-4.890435997639791,0.18017233908176422,0.0,-0.0,0.0,0.0,0.0,0.0,0.0,0.0,0.0,0.0,0.0,0.0,1
1785971093,475501060,0.0,-1.4363682905780237,-1.369089428578512,-1.1326540152179163,-4.617914621029989,-4.890435997639791,0.18019668757915497,0.0,-0.0,0.0,0.0,0.0,0.0,0.0,0.0,0.0,0.0,0.0,0.0,1
1785971093,493875741,0.0,-1.4363682905780237,-1.3691733519183558,-1.1327255407916468,-4.61786669889559,-4.890459958706991,0.18016035854816437,0.0,-0.0,0.0,0.0,0.0,0.0,0.0,0.0,0.0,0.0,0.0,0.0,1
1785971093,515548467,0.0,-1.4363444487201136,-1.3691132704364222,-1.1327136198626917,-4.61786669889559,-4.890483919774191,0.18023262917995453,0.0,-0.0,0.0,0.0,0.0,0.0,0.0,0.0,0.0,0.0,0.0,0.0,1
1785971093,533961057,0.0,-1.4363082090960901,-1.3691371122943323,-1.1327374617206019,-4.617878739033834,-4.890435997639791,0.18016035854816437,0.0,-0.0,0.0,0.0,0.0,0.0,0.0,0.0,0.0,0.0,0.0,0.0,1
1785971093,555786848,0.0,-1.4363802115069788,-1.3691251913653772,-1.1327016989337366,-4.617878739033834,-4.890435997639791,0.18014837801456451,0.0,-0.0,0.0,0.0,0.0,0.0,0.0,0.0,0.0,0.0,0.0,0.0,1
1785971093,573848009,0.0,-1.4363325277911585,-1.3691371122943323,-1.1327255407916468,-4.61781877676119,-4.890459958706991,0.18016035854816437,0.0,-0.0,0.0,0.0,0.0,0.0,0.0,0.0,0.0,0.0,0.0,0.0,1
1785971093,593888282,0.0,-1.4363563696490687,-1.369101349507467,-1.1327136198626917,-4.617854777966635,-4.890483919774191,0.18017233908176422,0.0,-0.0,0.0,0.0,0.0,0.0,0.0,0.0,0.0,0.0,0.0,0.0,1
1785971093,613842010,0.0,-1.43628436723818,-1.3691132704364222,-1.1326659361468714,-4.61784273782839,-4.890423957501547,0.18022064864635468,0.0,-0.0,0.0,0.0,0.0,0.0,0.0,0.0,0.0,0.0,0.0,0.0,1
1785971093,635797977,0.0,-1.4363802115069788,-1.3691609541522425,-1.1327136198626917,-4.617830816899435,-4.890435997639791,0.18013638257980347,0.0,-0.0,0.0,0.0,0.0,0.0,0.0,0.0,0.0,0.0,0.0,0.0,1
1785971093,653827190,0.0,-1.4363206068622034,-1.3691371122943323,-1.1327374617206019,-4.617902700101034,-4.890423957501547,0.18019668757915497,0.0,-0.0,0.0,0.0,0.0,0.0,0.0,0.0,0.0,0.0,0.0,0.0,1
1785971093,675617694,0.0,-1.4363206068622034,-1.3691371122943323,-1.1326773802386683,-4.61786669889559,-4.890459958706991,0.18017233908176422,0.0,-0.0,0.0,0.0,0.0,0.0,0.0,0.0,0.0,0.0,0.0,0.0,1
1785971093,693795680,0.0,-1.4363563696490687,-1.3691371122943323,-1.1327016989337366,-4.61784273782839,-4.890435997639791,0.18020866811275482,0.0,-0.0,0.0,0.0,0.0,0.0,0.0,0.0,0.0,0.0,0.0,0.0,1
1785971093,715397834,0.0,-1.4363682905780237,-1.3691495100604456,-1.1327255407916468,-4.617854777966635,-4.890412036572592,0.18018431961536407,0.0,-0.0,0.0,0.0,0.0,0.0,0.0,0.0,0.0,0.0,0.0,0.0,1
1785971093,733809947,0.0,-1.4363206068622034,-1.369101349507467,-1.1326897780047815,-4.617890659962789,-4.890447918568746,0.18018431961536407,0.0,-0.0,0.0,0.0,0.0,0.0,0.0,0.0,0.0,0.0,0.0,0.0,1
1785971093,755628585,0.0,-1.4363563696490687,-1.3691132704364222,-1.1327255407916468,-4.61786669889559,-4.890447918568746,0.18023262917995453,0.0,-0.0,0.0,0.0,0.0,0.0,0.0,0.0,0.0,0.0,0.0,0.0,1
1785971093,773873329,0.0,-1.4363444487201136,-1.369101349507467,-1.1327016989337366,-4.61786669889559,-4.890459958706991,0.18018431961536407,0.0,-0.0,0.0,0.0,0.0,0.0,0.0,0.0,0.0,0.0,0.0,0.0,1
1785971093,795593738,0.0,-1.4363206068622034,-1.3691495100604456,-1.1327255407916468,-4.61786669889559,-4.890447918568746,0.18020866811275482,0.0,-0.0,0.0,0.0,0.0,0.0,0.0,0.0,0.0,0.0,0.0,0.0,1
1785971093,813841104,0.0,-1.4363444487201136,-1.3691251913653772,-1.1326540152179163,-4.61786669889559,-4.890423957501547,0.18016035854816437,0.0,-0.0,0.0,0.0,0.0,0.0,0.0,0.0,0.0,0.0,0.0,0.0,1
1785971093,835350751,0.0,-1.4363444487201136,-1.3691733519183558,-1.1326659361468714,-4.617854777966635,-4.890483919774191,0.18022064864635468,0.0,-0.0,0.0,0.0,0.0,0.0,0.0,0.0,0.0,0.0,0.0,0.0,1
1785971093,853986501,0.0,-1.4363444487201136,-1.3691733519183558,-1.1326773802386683,-4.617854777966635,-4.890447918568746,0.18023262917995453,0.0,-0.0,0.0,0.0,0.0,0.0,0.0,0.0,0.0,0.0,0.0,0.0,1
1785971093,873879194,0.0,-1.4363325277911585,-1.369089428578512,-1.1326773802386683,-4.617854777966635,-4.890435997639791,0.18018431961536407,0.0,-0.0,0.0,0.0,0.0,0.0,0.0,0.0,0.0,0.0,0.0,0.0,1
1785971093,893895387,0.0,-1.4363682905780237,-1.3691132704364222,-1.1326659361468714,-4.61786669889559,-4.890412036572592,0.18018431961536407,0.0,-0.0,0.0,0.0,0.0,0.0,0.0,0.0,0.0,0.0,0.0,0.0,1
1785971093,915497541,0.0,-1.4363325277911585,-1.3691251913653772,-1.1326773802386683,-4.617854777966635,-4.890399638806478,0.18018431961536407,0.0,-0.0,0.0,0.0,0.0,0.0,0.0,0.0,0.0,0.0,0.0,0.0,1
1785971093,933873891,0.0,-1.4364045302020472,-1.3691495100604456,-1.1327016989337366,-4.617914621029989,-4.890459958706991,0.18017233908176422,0.0,-0.0,0.0,0.0,0.0,0.0,0.0,0.0,0.0,0.0,0.0,0.0,1
1785971093,953990697,0.0,-1.4363082090960901,-1.3691251913653772,-1.1327016989337366,-4.617914621029989,-4.890399638806478,0.18018431961536407,0.0,-0.0,0.0,0.0,0.0,0.0,0.0,0.0,0.0,0.0,0.0,0.0,1
1785971093,973820924,0.0,-1.4363444487201136,-1.3691371122943323,-1.1326773802386683,-4.61786669889559,-4.890483919774191,0.18014837801456451,0.0,-0.0,0.0,0.0,0.0,0.0,0.0,0.0,0.0,0.0,0.0,0.0,1
1785971093,995610713,0.0,-1.4363563696490687,-1.3691371122943323,-1.1326659361468714,-4.617878739033834,-4.890423957501547,0.18018431961536407,0.0,-0.0,0.0,0.0,0.0,0.0,0.0,0.0,0.0,0.0,0.0,0.0,1
1785971094,13792276,0.0,-1.4363206068622034,-1.369101349507467,-1.1326773802386683,-4.617854777966635,-4.890447918568746,0.18020866811275482,0.0,-0.0,0.0,0.0,0.0,0.0,0.0,0.0,0.0,0.0,0.0,0.0,1
1785971094,33912897,0.0,-1.4363082090960901,-1.3691609541522425,-1.1327136198626917,-4.617878739033834,-4.890435997639791,0.18020866811275482,0.0,-0.0,0.0,0.0,0.0,0.0,0.0,0.0,0.0,0.0,0.0,0.0,1
1785971094,53944587,0.0,-1.4363444487201136,-1.3691733519183558,-1.1326659361468714,-4.61781877676119,-4.890483919774191,0.18020866811275482,0.0,-0.0,0.0,0.0,0.0,0.0,0.0,0.0,0.0,0.0,0.0,0.0,1
1785971094,75461864,0.0,-1.4363325277911585,-1.369089428578512,-1.1327136198626917,-4.617854777966635,-4.890459958706991,0.18022064864635468,0.0,-0.0,0.0,0.0,0.0,0.0,0.0,0.0,0.0,0.0,0.0,0.0,1
1785971094,93855857,0.0,-1.4363325277911585,-1.3691251913653772,-1.1326897780047815,-4.617878739033834,-4.890459958706991,0.1801244020462036,0.0,-0.0,0.0,0.0,0.0,0.0,0.0,0.0,0.0,0.0,0.0,0.0,1
1785971094,115161418,0.0,-1.4363921324359339,-1.3691495100604456,-1.1326773802386683,-4.61781877676119,-4.890483919774191,0.18017233908176422,0.0,-0.0,0.0,0.0,0.0,0.0,0.0,0.0,0.0,0.0,0.0,0.0,1
1785971094,133809089,0.0,-1.4363325277911585,-1.369101349507467,-1.1326659361468714,-4.617854777966635,-4.890447918568746,0.18018431961536407,0.0,-0.0,0.0,0.0,0.0,0.0,0.0,0.0,0.0,0.0,0.0,0.0,1
1785971094,153890132,0.0,-1.4363206068622034,-1.3691852728473108,-1.1327136198626917,-4.617878739033834,-4.890447918568746,0.18018431961536407,0.0,-0.0,0.0,0.0,0.0,0.0,0.0,0.0,0.0,0.0,0.0,0.0,1
1785971094,173911809,0.0,-1.4363082090960901,-1.369101349507467,-1.1327016989337366,-4.617854777966635,-4.890447918568746,0.18019668757915497,0.0,-0.0,0.0,0.0,0.0,0.0,0.0,0.0,0.0,0.0,0.0,0.0,1
1785971094,195317983,0.0,-1.4363206068622034,-1.3691132704364222,-1.1326659361468714,-4.61786669889559,-4.890447918568746,0.18023262917995453,0.0,-0.0,0.0,0.0,0.0,0.0,0.0,0.0,0.0,0.0,0.0,0.0,1
1785971094,213802576,0.0,-1.4363563696490687,-1.3691132704364222,-1.1326897780047815,-4.61784273782839,-4.890471879635946,0.18018431961536407,0.0,-0.0,0.0,0.0,0.0,0.0,0.0,0.0,0.0,0.0,0.0,0.0,1
1785971094,235301017,0.0,-1.4363444487201136,-1.369089428578512,-1.1327136198626917,-4.617854777966635,-4.890399638806478,0.18016035854816437,0.0,-0.0,0.0,0.0,0.0,0.0,0.0,0.0,0.0,0.0,0.0,0.0,1
1785971094,254014015,0.0,-1.4363921324359339,-1.3691733519183558,-1.1327136198626917,-4.617878739033834,-4.890447918568746,0.18017233908176422,0.0,-0.0,0.0,0.0,0.0,0.0,0.0,0.0,0.0,0.0,0.0,0.0,1
1785971094,275612831,0.0,-1.4363563696490687,-1.3691371122943323,-1.1326897780047815,-4.617878739033834,-4.890471879635946,0.18019668757915497,0.0,-0.0,0.0,0.0,0.0,0.0,0.0,0.0,0.0,0.0,0.0,0.0,1
1785971094,293885707,0.0,-1.4363921324359339,-1.3691733519183558,-1.1326773802386683,-4.61784273782839,-4.890435997639791,0.18017233908176422,0.0,-0.0,0.0,0.0,0.0,0.0,0.0,0.0,0.0,0.0,0.0,0.0,1
1785971094,315659523,0.0,-1.4363682905780237,-1.3691852728473108,-1.1326773802386683,-4.61781877676119,-4.890399638806478,0.18017233908176422,0.0,-0.0,0.0,0.0,0.0,0.0,0.0,0.0,0.0,0.0,0.0,0.0,1
1785971094,333881378,0.0,-1.4363921324359339,-1.3691733519183558,-1.1327374617206019,-4.617878739033834,-4.890447918568746,0.18023262917995453,0.0,-0.0,0.0,0.0,0.0,0.0,0.0,0.0,0.0,0.0,0.0,0.0,1
1785971094,353939294,0.0,-1.4363206068622034,-1.3691371122943323,-1.1327136198626917,-4.617854777966635,-4.890447918568746,0.18019668757915497,0.0,-0.0,0.0,0.0,0.0,0.0,0.0,0.0,0.0,0.0,0.0,0.0,1
1785971094,373820304,0.0,-1.4363563696490687,-1.3691495100604456,-1.1326773802386683,-4.617890659962789,-4.890412036572592,0.18014837801456451,0.0,-0.0,0.0,0.0,0.0,0.0,0.0,0.0,0.0,0.0,0.0,0.0,1
1785971094,393832683,0.0,-1.4363325277911585,-1.3691733519183558,-1.1327136198626917,-4.617830816899435,-4.890447918568746,0.18018431961536407,0.0,-0.0,0.0,0.0,0.0,0.0,0.0,0.0,0.0,0.0,0.0,0.0,1
1785971094,413855314,0.0,-1.4363563696490687,-1.3690412680255335,-1.1327255407916468,-4.61784273782839,-4.890447918568746,0.18016035854816437,0.0,-0.0,0.0,0.0,0.0,0.0,0.0,0.0,0.0,0.0,0.0,0.0,1
1785971094,434791088,0.0,-1.43628436723818,-1.3691371122943323,-1.1327255407916468,-4.617830816899435,-4.890459958706991,0.18018431961536407,0.0,-0.0,0.0,0.0,0.0,0.0,0.0,0.0,0.0,0.0,0.0,0.0,1
1785971094,453907251,0.0,-1.4363563696490687,-1.369089428578512,-1.1326659361468714,-4.61784273782839,-4.890447918568746,0.18020866811275482,0.0,-0.0,0.0,0.0,0.0,0.0,0.0,0.0,0.0,0.0,0.0,0.0,1
